t,phase,kind,v_cmd,delta_cmd,servo_cmd,erpm_cmd,erpm_meas,current_motor,duty,v_batt,wz,ax,ay,v_pose,x,y,yaw,pose_t
0.03470873832702637,IDLE,stop,0.0,0.0,0.5,0.0,0.0,0.0,0.0,0.0,0.0,0.0,0.0,0.0,0.0,0.0,0.0,0.0
0.040398359298706055,IDLE,stop,0.0,0.0,0.5,0.0,0.0,0.0,0.0,0.0,0.0,0.0,0.0,0.01133667038992714,15.67483911791569,3.969913594660414,2.7584771349267294,1787259725.9082575
0.06046175956726074,IDLE,stop,0.0,0.0,0.5,0.0,0.0,0.0,0.0,0.0,0.0,0.0,0.0,0.005667705264964958,15.67483974623341,3.9699133416265946,2.7584771349267294,1787259725.9276552
0.08023881912231445,IDLE,stop,0.0,0.0,0.5,0.0,0.0,0.0,0.0,0.0,0.0,0.0,0.0,0.002857885907013591,15.674840159955261,3.9699131749935304,2.7584771349267294,1787259725.9482756
0.10063362121582031,IDLE,stop,0.0,0.0,0.5,0.0,0.0,0.0,0.0,0.0,0.0,0.0,0.0,0.002049990887886089,15.674841449123715,3.969912655420261,2.7584771349267294,1787259725.9567044
0.12084269523620605,IDLE,stop,0.0,0.0,0.5,0.0,0.0,0.0,0.0,0.0,0.0,0.0,0.0,0.02129866696284767,15.673933314747567,3.9702762277017105,2.7585957311058396,1787259725.9883504
0.1403191089630127,IDLE,stop,0.0,0.0,0.5,0.0,0.0,0.0,0.0,0.0,0.0,0.0,0.0,0.010629280684987228,15.673932308998303,3.9702766322392216,2.7585957311058396,1787259726.007943
0.16025805473327637,IDLE,stop,0.0,0.0,0.5,0.0,0.0,0.0,0.0,0.0,0.0,0.0,0.0,0.005350020721907801,15.67393165034069,3.970276897237699,2.7585957311058396,1787259726.0281112
0.18034601211547852,IDLE,stop,0.0,0.0,0.5,0.0,0.0,0.0,0.0,0.0,0.0,0.0,0.0,0.0027300545267261197,15.673931211764291,3.970277073733306,2.7585957311058396,1787259726.0478933
0.20273566246032715,IDLE,stop,0.0,0.0,0.5,0.0,0.0,0.0,0.0,0.0,0.0,0.0,0.0,0.0014167297850258102,15.673930918244036,3.9702771918783797,2.7585957311058396,1787259726.068203
0.22019577026367188,IDLE,stop,0.0,0.0,0.5,0.0,0.0,0.0,0.0,0.0,0.0,0.0,0.0,0.05513401949761524,15.671538924769546,3.971242543941686,2.7584952044106026,1787259726.0878255
0.24039816856384277,IDLE,stop,0.0,0.0,0.5,0.0,0.0,0.0,0.0,0.0,0.0,0.0,0.0,0.027688153754727114,15.671535463912404,3.9712439401508193,2.7584952044106035,1787259726.1079211
0.2602391242980957,IDLE,stop,0.0,0.0,0.5,0.0,0.0,0.0,0.0,0.0,0.0,0.0,0.0,0.014067815416422309,15.671533281667877,3.971244820414476,2.758495204410604,1787259726.1282735
0.280315637588501,IDLE,stop,0.0,0.0,0.5,0.0,0.0,0.0,0.0,0.0,0.0,0.0,0.0,0.007284708205485921,15.671531787608869,3.9712454229737433,2.7584952044106044,1787259726.1477845
0.30028629302978516,IDLE,stop,0.0,0.0,0.5,0.0,0.0,0.0,0.0,0.0,0.0,0.0,0.0,0.003823969031572926,15.67153017874153,3.971246071603659,2.7584952044106044,1787259726.1693835
0.3206484317779541,IDLE,stop,0.0,0.0,0.5,0.0,0.0,0.0,0.0,0.0,0.0,0.0,0.0,0.14905748287571008,15.675882500630948,3.969494243821105,2.758697756855313,1787259726.18919
0.3402400016784668,IDLE,stop,0.0,0.0,0.5,0.0,0.0,0.0,0.0,0.0,0.0,0.0,0.0,0.07364116374083476,15.675884947376021,3.9694932615690606,2.758697756855312,1787259726.2078881
0.360353946685791,IDLE,stop,0.0,0.0,0.5,0.0,0.0,0.0,0.0,0.0,0.0,0.0,0.0,0.03650705585551423,15.67588653916336,3.9694926222278397,2.7586977568553115,1787259726.22808
0.3805224895477295,IDLE,stop,0.0,0.0,0.5,0.0,0.0,0.0,0.0,0.0,0.0,0.0,0.0,0.018203612183730195,15.675887641945224,3.969492179043842,2.7586977568553115,1787259726.2477999
0.4004852771759033,IDLE,stop,0.0,0.0,0.5,0.0,0.0,0.0,0.0,0.0,0.0,0.0,0.0,0.012910874459770648,15.67589230566964,3.969490300619993,2.7586977568553115,1787259726.2567596
0.42023253440856934,IDLE,stop,0.0,0.0,0.5,0.0,0.0,0.0,0.0,0.0,0.0,0.0,0.0,0.11814156719728885,15.679694246334842,3.967964724611138,2.75846406810233,1787259726.287855
0.4403371810913086,IDLE,stop,0.0,0.0,0.5,0.0,0.0,0.0,0.0,0.0,0.0,0.0,0.0,0.058860246003013865,15.679698919691708,3.967962835895156,2.7584640681023287,1787259726.3083074
0.4604635238647461,IDLE,stop,0.0,0.0,0.5,0.0,0.0,0.0,0.0,0.0,0.0,0.0,0.0,0.041796009522403824,15.679714119209985,3.967956709805882,2.7584640681023287,1787259726.3165863
0.4802887439727783,IDLE,stop,0.0,0.0,0.5,0.0,0.0,0.0,0.0,0.0,0.0,0.0,0.0,0.015026333815047095,15.67970396400911,3.9679607984263936,2.7584640681023274,1787259726.3479192
0.500469446182251,IDLE,stop,0.0,0.0,0.5,0.0,0.0,0.0,0.0,0.0,0.0,0.0,0.0,0.010830498546474278,15.679712339496426,3.9679574227284227,2.7584640681023274,1787259726.3566003
0.5203075408935547,IDLE,stop,0.0,0.0,0.5,0.0,0.0,0.0,0.0,0.0,0.0,0.0,0.0,0.2107611326262674,15.673404815155717,3.9704910706219874,2.758297075435828,1787259726.3887827
0.5403327941894531,IDLE,stop,0.0,0.0,0.5,0.0,0.0,0.0,0.0,0.0,0.0,0.0,0.0,0.10422058297640913,15.673400972298204,3.9704926257389577,2.7582970754358302,1787259726.4076617
0.5603067874908447,IDLE,stop,0.0,0.0,0.5,0.0,0.0,0.0,0.0,0.0,0.0,0.0,0.0,0.051727092797250095,15.673398377407198,3.970493675143639,2.7582970754358316,1787259726.427749
0.5803356170654297,IDLE,stop,0.0,0.0,0.5,0.0,0.0,0.0,0.0,0.0,0.0,0.0,0.0,0.025844818436503412,15.673396631224534,3.9704943809478883,2.758297075435832,1787259726.4476259
0.6004936695098877,IDLE,stop,0.0,0.0,0.5,0.0,0.0,0.0,0.0,0.0,0.0,0.0,0.0,0.0183579290229577,15.673389194121764,3.970497379878482,2.758297075435832,1787259726.456651
0.6205682754516602,IDLE,stop,0.0,0.0,0.5,0.0,0.0,0.0,0.0,0.0,0.0,0.0,0.0,0.009334323583957152,15.67338933645771,3.9704973234047545,2.7582970754358325,1787259726.4776175
0.6405105590820312,IDLE,stop,0.0,0.0,0.5,0.0,0.0,0.0,0.0,0.0,0.0,0.0,0.0,0.050519977256945,15.675629906250931,3.9695970246852554,2.7584578166126943,1787259726.4940865
0.6603949069976807,IDLE,stop,0.0,0.0,0.5,0.0,0.0,0.0,0.0,0.0,0.0,0.0,0.0,0.03562841362602444,15.675649243209577,3.9695892308809606,2.7584578166126943,1787259726.5177395
0.6803553104400635,IDLE,stop,0.0,0.0,0.5,0.0,0.0,0.0,0.0,0.0,0.0,0.0,0.0,0.017716900683786452,15.67564384108716,3.9695914094798765,2.7584578166126943,1787259726.5477617
0.700228214263916,IDLE,stop,0.0,0.0,0.5,0.0,0.0,0.0,0.0,0.0,0.0,0.0,0.0,0.008780655004356291,15.675644412565024,3.9695911792773813,2.7584578166126943,1787259726.5684988
0.7202625274658203,IDLE,stop,0.0,0.0,0.5,0.0,0.0,0.0,0.0,0.0,0.0,0.0,0.0,0.05529633522609604,15.677721122332603,3.968753467930439,2.758525731028185,1787259726.5880282
0.740307092666626,IDLE,stop,0.0,0.0,0.5,0.0,0.0,0.0,0.0,0.0,0.0,0.0,0.0,0.02739474580313607,15.67772226643113,3.9687530075959434,2.7585257310281848,1787259726.6076653
0.7602341175079346,IDLE,stop,0.0,0.0,0.5,0.0,0.0,0.0,0.0,0.0,0.0,0.0,0.0,0.013636594593134339,15.677723035673509,3.9687526979873873,2.7585257310281848,1787259726.627833
0.7802319526672363,IDLE,stop,0.0,0.0,0.5,0.0,0.0,0.0,0.0,0.0,0.0,0.0,0.0,0.006840938452924512,15.677723546818042,3.968752492212587,2.7585257310281848,1787259726.647811
0.8006076812744141,IDLE,stop,0.0,0.0,0.5,0.0,0.0,0.0,0.0,0.0,0.0,0.0,0.0,0.003468634056724663,15.677723902805699,3.9687523488694993,2.7585257310281848,1787259726.6680725
0.8226118087768555,IDLE,stop,0.0,0.0,0.5,0.0,0.0,0.0,0.0,0.0,0.0,0.0,0.0,0.08176741663700367,15.674108069067548,3.9702063202559237,2.7584403846727383,1787259726.6897655
0.8403234481811523,IDLE,stop,0.0,0.0,0.5,0.0,0.0,0.0,0.0,0.0,0.0,0.0,0.0,0.04083725618092296,15.674104945071964,3.970207580726483,2.7584403846727397,1787259726.7076433
0.860278844833374,IDLE,stop,0.0,0.0,0.5,0.0,0.0,0.0,0.0,0.0,0.0,0.0,0.0,0.02050763105755956,15.674102826846825,3.9702084352243996,2.7584403846727406,1787259726.7278004
0.8803458213806152,IDLE,stop,0.0,0.0,0.5,0.0,0.0,0.0,0.0,0.0,0.0,0.0,0.0,0.010423600602285036,15.674101423925649,3.970209001087677,2.758440384672741,1787259726.7479854
0.9002425670623779,IDLE,stop,0.0,0.0,0.5,0.0,0.0,0.0,0.0,0.0,0.0,0.0,0.0,0.0053910479158881955,15.674100468513364,3.970209386399389,2.758440384672741,1787259726.7678232
0.9202630519866943,IDLE,stop,0.0,0.0,0.5,0.0,0.0,0.0,0.0,0.0,0.0,0.0,0.0,0.03294920111994327,15.67293871718494,3.9706819272776124,2.758501641810397,1787259726.7890747
0.94028639793396,IDLE,stop,0.0,0.0,0.5,0.0,0.0,0.0,0.0,0.0,0.0,0.0,0.0,0.016626907807960705,15.672936455522251,3.970682838057913,2.7585016418103976,1787259726.8079977
0.9619965553283691,IDLE,stop,0.0,0.0,0.5,0.0,0.0,0.0,0.0,0.0,0.0,0.0,0.0,0.008491971269983203,15.672935014722738,3.9706834183316877,2.7585016418103976,1787259726.8276072
0.9803066253662109,IDLE,stop,0.0,0.0,0.5,0.0,0.0,0.0,0.0,0.0,0.0,0.0,0.0,0.004406928364882001,15.672933994641575,3.9706838292218785,2.7585016418103976,1787259726.8481054
1.0003478527069092,IDLE,stop,0.0,0.0,0.5,0.0,0.0,0.0,0.0,0.0,0.0,0.0,0.0,0.0023527163287630436,15.672933342506852,3.970684091920841,2.7585016418103976,1787259726.86771
1.020265817642212,IDLE,stop,0.0,0.0,0.5,0.0,0.0,0.0,0.0,0.0,0.0,0.0,0.0,0.15384697129169408,15.67786386821028,3.9686997435049784,2.758725818455696,1787259726.888743
1.0403146743774414,IDLE,stop,0.0,0.0,0.5,0.0,0.0,0.0,0.0,0.0,0.0,0.0,0.0,0.07636122818126823,15.677868204798232,3.9686980036809314,2.7587258184556958,1787259726.907783
1.0603604316711426,IDLE,stop,0.0,0.0,0.5,0.0,0.0,0.0,0.0,0.0,0.0,0.0,0.0,0.03811225963052828,15.67787102739816,3.9686968706109345,2.7587258184556953,1787259726.9276848
1.0803773403167725,IDLE,stop,0.0,0.0,0.5,0.0,0.0,0.0,0.0,0.0,0.0,0.0,0.0,0.01919370917206054,15.677872964540626,3.968696092489645,2.7587258184556953,1787259726.9477158
1.1012656688690186,IDLE,stop,0.0,0.0,0.5,0.0,0.0,0.0,0.0,0.0,0.0,0.0,0.0,0.01372021250571076,15.677880763597258,3.9686929514919287,2.7587258184556953,1787259726.956578
1.120359182357788,IDLE,stop,0.0,0.0,0.5,0.0,0.0,0.0,0.0,0.0,0.0,0.0,0.0,0.01765471528572371,15.677392102341239,3.9688925698978736,2.758695371406361,1787259726.9891253
1.1404016017913818,IDLE,stop,0.0,0.0,0.5,0.0,0.0,0.0,0.0,0.0,0.0,0.0,0.0,0.00873535184727631,15.677392497875422,3.9688924106015575,2.758695371406361,1787259727.008169
1.1603665351867676,IDLE,stop,0.0,0.0,0.5,0.0,0.0,0.0,0.0,0.0,0.0,0.0,0.0,0.004340764560775263,15.677392749473887,3.9688923092721775,2.758695371406361,1787259727.0278304
1.1802732944488525,IDLE,stop,0.0,0.0,0.5,0.0,0.0,0.0,0.0,0.0,0.0,0.0,0.0,0.002171624710816452,15.677392922349307,3.968892239646747,2.758695371406361,1787259727.0477483
1.2012131214141846,IDLE,stop,0.0,0.0,0.5,0.0,0.0,0.0,0.0,0.0,0.0,0.0,0.0,0.0010971366265823603,15.677393041038101,3.9688921918442994,2.758695371406361,1787259727.0678542
1.220306634902954,IDLE,stop,0.0,0.0,0.5,0.0,0.0,0.0,0.0,0.0,0.0,0.0,0.0,0.09546830977021707,15.67371834388631,3.9703679921704755,2.7585481027038283,1787259727.0891125
1.240323781967163,IDLE,stop,0.0,0.0,0.5,0.0,0.0,0.0,0.0,0.0,0.0,0.0,0.0,0.047833314951149404,15.673713493573375,3.970369951213383,2.7585481027038314,1787259727.1076608
1.260249376296997,IDLE,stop,0.0,0.0,0.5,0.0,0.0,0.0,0.0,0.0,0.0,0.0,0.0,0.024153656285688118,15.673710413066843,3.970371195039991,2.758548102703833,1787259727.127825
1.2802834510803223,IDLE,stop,0.0,0.0,0.5,0.0,0.0,0.0,0.0,0.0,0.0,0.0,0.0,0.012383453380407111,15.673708301655475,3.9703720472278548,2.758548102703834,1787259727.1476867
1.3002407550811768,IDLE,stop,0.0,0.0,0.5,0.0,0.0,0.0,0.0,0.0,0.0,0.0,0.0,0.006466263682678684,15.67370684468952,3.9703726350787214,2.7585481027038345,1787259727.1681046
1.3202464580535889,IDLE,stop,0.0,0.0,0.5,0.0,0.0,0.0,0.0,0.0,0.0,0.0,0.0,0.09525843979675781,15.67763209775505,3.9687974725353796,2.758761368143449,1787259727.187784
1.3402485847473145,IDLE,stop,0.0,0.0,0.5,0.0,0.0,0.0,0.0,0.0,0.0,0.0,0.0,0.04752122278571256,15.677636378989217,3.9687957524566184,2.758761368143448,1787259727.207903
1.3602268695831299,IDLE,stop,0.0,0.0,0.5,0.0,0.0,0.0,0.0,0.0,0.0,0.0,0.0,0.023923353296731238,15.677639170884785,3.9687946303476953,2.7587613681434475,1787259727.2279723
1.3803253173828125,IDLE,stop,0.0,0.0,0.5,0.0,0.0,0.0,0.0,0.0,0.0,0.0,0.0,0.012206617957079563,15.677640995993494,3.9687938965802765,2.758761368143447,1787259727.247856
1.40047025680542,IDLE,stop,0.0,0.0,0.5,0.0,0.0,0.0,0.0,0.0,0.0,0.0,0.0,0.006342909360757322,15.677642284281537,3.9687933784492757,2.758761368143447,1787259727.2677422
1.4202876091003418,IDLE,stop,0.0,0.0,0.5,0.0,0.0,0.0,0.0,0.0,0.0,0.0,0.0,0.00850816964328576,15.677398043420677,3.9688893844488145,2.7585576296645775,1787259727.2878706
1.4403061866760254,IDLE,stop,0.0,0.0,0.5,0.0,0.0,0.0,0.0,0.0,0.0,0.0,0.0,0.004292935020482531,15.677398654277416,3.9688891377401405,2.7585576296645775,1787259727.3077636
1.460367202758789,IDLE,stop,0.0,0.0,0.5,0.0,0.0,0.0,0.0,0.0,0.0,0.0,0.0,0.0021965920316024392,15.677399066632518,3.9688889712723157,2.7585576296645775,1787259727.3278954
1.4802589416503906,IDLE,stop,0.0,0.0,0.5,0.0,0.0,0.0,0.0,0.0,0.0,0.0,0.0,0.0011491892554386797,15.677399338075794,3.968888861725004,2.7585576296645775,1787259727.3477669
1.5002963542938232,IDLE,stop,0.0,0.0,0.5,0.0,0.0,0.0,0.0,0.0,0.0,0.0,0.0,0.000615577681957096,15.677399528217434,3.9688887850149985,2.7585576296645775,1787259727.3677447
1.5202534198760986,IDLE,stop,0.0,0.0,0.5,0.0,0.0,0.0,0.0,0.0,0.0,0.0,0.0,0.11723787861367084,15.67290463845442,3.9706907134378233,2.758519143503231,1787259727.3890324
1.5403203964233398,IDLE,stop,0.0,0.0,0.5,0.0,0.0,0.0,0.0,0.0,0.0,0.0,0.0,0.058750763630672234,15.672898693491318,3.9706931116018924,2.758519143503234,1787259727.4076822
1.5603113174438477,IDLE,stop,0.0,0.0,0.5,0.0,0.0,0.0,0.0,0.0,0.0,0.0,0.0,0.02968002371647803,15.672894717945525,3.9706947150240963,2.7585191435032357,1787259727.4279187
1.5803604125976562,IDLE,stop,0.0,0.0,0.5,0.0,0.0,0.0,0.0,0.0,0.0,0.0,0.0,0.015223091576548813,15.67289212102312,3.970695762279066,2.7585191435032366,1787259727.4477887
1.6002552509307861,IDLE,stop,0.0,0.0,0.5,0.0,0.0,0.0,0.0,0.0,0.0,0.0,0.0,0.00793505973025974,15.672890077618003,3.970696586142251,2.758519143503237,1787259727.4690802
1.6203196048736572,IDLE,stop,0.0,0.0,0.5,0.0,0.0,0.0,0.0,0.0,0.0,0.0,0.0,0.031122067259591196,15.67392652088064,3.9702838270486676,2.7585933611897437,1787259727.4891083
1.6403570175170898,IDLE,stop,0.0,0.0,0.5,0.0,0.0,0.0,0.0,0.0,0.0,0.0,0.0,0.015264763484929549,15.673926588020489,3.970283800026559,2.7585933611897437,1787259727.5076902
1.6603107452392578,IDLE,stop,0.0,0.0,0.5,0.0,0.0,0.0,0.0,0.0,0.0,0.0,0.0,0.007490050862812623,15.673926632784667,3.9702837820068244,2.7585933611897437,1787259727.5276158
1.6803233623504639,IDLE,stop,0.0,0.0,0.5,0.0,0.0,0.0,0.0,0.0,0.0,0.0,0.0,0.003677711484079118,15.673926663352981,3.9702837696995523,2.7585933611897437,1787259727.5478709
1.7010505199432373,IDLE,stop,0.0,0.0,0.5,0.0,0.0,0.0,0.0,0.0,0.0,0.0,0.0,0.0025786932286410214,15.673926779276856,3.9702837229944405,2.7585933611897437,1787259727.5566
1.7202541828155518,IDLE,stop,0.0,0.0,0.5,0.0,0.0,0.0,0.0,0.0,0.0,0.0,0.0,0.09206430464495613,15.678063238775762,3.9686264790642594,2.7587139524106408,1787259727.587772
1.7402796745300293,IDLE,stop,0.0,0.0,0.5,0.0,0.0,0.0,0.0,0.0,0.0,0.0,0.0,0.04637130318960873,15.678070084354857,3.968623726592775,2.758713952410639,1787259727.6078403
1.7603199481964111,IDLE,stop,0.0,0.0,0.5,0.0,0.0,0.0,0.0,0.0,0.0,0.0,0.0,0.023689175345860024,15.678074568937431,3.9686219229486923,2.758713952410638,1787259727.6277192
1.7802677154541016,IDLE,stop,0.0,0.0,0.5,0.0,0.0,0.0,0.0,0.0,0.0,0.0,0.0,0.012308262366715141,15.678077638036504,3.9686206882540143,2.7587139524106377,1787259727.6482613
1.8005015850067139,IDLE,stop,0.0,0.0,0.5,0.0,0.0,0.0,0.0,0.0,0.0,0.0,0.0,0.00658663857313996,15.678079510215325,3.968619934995336,2.758713952410637,1787259727.6676943
1.8202831745147705,IDLE,stop,0.0,0.0,0.5,0.0,0.0,0.0,0.0,0.0,0.0,0.0,0.0,0.07514294287507332,15.675438859183927,3.969682258604131,2.7586580307441744,1787259727.688779
1.8403537273406982,IDLE,stop,0.0,0.0,0.5,0.0,0.0,0.0,0.0,0.0,0.0,0.0,0.0,0.03728620144647559,15.675436615543596,3.9696831628987317,2.758658030744175,1787259727.707929
1.860314130783081,IDLE,stop,0.0,0.0,0.5,0.0,0.0,0.0,0.0,0.0,0.0,0.0,0.0,0.018605882283613952,15.675435193597062,3.969683735968635,2.758658030744175,1787259727.727625
1.8803651332855225,IDLE,stop,0.0,0.0,0.5,0.0,0.0,0.0,0.0,0.0,0.0,0.0,0.0,0.009363859004985087,15.675434238105998,3.969684121014302,2.758658030744175,1787259727.7477126
1.904618501663208,IDLE,stop,0.0,0.0,0.5,0.0,0.0,0.0,0.0,0.0,0.0,0.0,0.0,0.004751189624993121,15.675433214228006,3.9696845335377566,2.758658030744175,1787259727.7697399
1.9202816486358643,IDLE,stop,0.0,0.0,0.5,0.0,0.0,0.0,0.0,0.0,0.0,0.0,0.0,0.05159502144746781,15.673555277530674,3.9704383850681197,2.7585946550789844,1787259727.7889547
1.9403088092803955,IDLE,stop,0.0,0.0,0.5,0.0,0.0,0.0,0.0,0.0,0.0,0.0,0.0,0.025945573455049338,15.673552219015043,3.9704396187400337,2.7585946550789853,1787259727.807891
1.9604504108428955,IDLE,stop,0.0,0.0,0.5,0.0,0.0,0.0,0.0,0.0,0.0,0.0,0.0,0.013180854884603169,15.673550244005225,3.970440415237364,2.7585946550789857,1787259727.8277304
1.9804177284240723,IDLE,stop,0.0,0.0,0.5,0.0,0.0,0.0,0.0,0.0,0.0,0.0,0.0,0.006806539960636649,15.673548904256311,3.9704409554417066,2.758594655078986,1787259727.8477693
2.000241994857788,IDLE,stop,0.0,0.0,0.5,0.0,0.0,0.0,0.0,0.0,0.0,0.0,0.0,0.003592429709774898,15.673547992627649,3.9704413229663844,2.758594655078986,1787259727.8680835
2.0204691886901855,IDLE,stop,0.0,0.0,0.5,0.0,0.0,0.0,0.0,0.0,0.0,0.0,0.0,0.1004930130988084,15.677323704482891,3.9689275922269296,2.758672235995246,1787259727.8892817
2.0402767658233643,IDLE,stop,0.0,0.0,0.5,0.0,0.0,0.0,0.0,0.0,0.0,0.0,0.0,0.05022905328389094,15.677328213975136,3.96892577756993,2.758672235995245,1787259727.9077692
2.06024169921875,IDLE,stop,0.0,0.0,0.5,0.0,0.0,0.0,0.0,0.0,0.0,0.0,0.0,0.025284094347014206,15.67733107576701,3.968924625811797,2.7586722359952445,1787259727.9277697
2.0802536010742188,IDLE,stop,0.0,0.0,0.5,0.0,0.0,0.0,0.0,0.0,0.0,0.0,0.0,0.012898094342085355,15.677333042647955,3.9689238340857824,2.758672235995244,1787259727.947642
2.1004765033721924,IDLE,stop,0.0,0.0,0.5,0.0,0.0,0.0,0.0,0.0,0.0,0.0,0.0,0.009304416018967613,15.677340656932277,3.968920767029222,2.758672235995244,1787259727.9565728
2.120305061340332,IDLE,stop,0.0,0.0,0.5,0.0,0.0,0.0,0.0,0.0,0.0,0.0,0.0,0.023905021923253517,15.67656487007336,3.9692318611455017,2.758391639932338,1787259727.9892423
2.140334367752075,IDLE,stop,0.0,0.0,0.5,0.0,0.0,0.0,0.0,0.0,0.0,0.0,0.0,0.011724325800839876,15.676564821109757,3.9692318809666154,2.758391639932338,1787259728.0078185
2.160341262817383,IDLE,stop,0.0,0.0,0.5,0.0,0.0,0.0,0.0,0.0,0.0,0.0,0.0,0.005752292963985164,15.676564788596764,3.9692318941189564,2.758391639932338,1787259728.028011
2.180257558822632,IDLE,stop,0.0,0.0,0.5,0.0,0.0,0.0,0.0,0.0,0.0,0.0,0.0,0.0028243331028669494,15.676564767266594,3.969231902742764,2.758391639932338,1787259728.0476146
2.200470209121704,IDLE,stop,0.0,0.0,0.5,0.0,0.0,0.0,0.0,0.0,0.0,0.0,0.0,0.001980059445945223,15.676564682814824,3.969231936787735,2.758391639932338,1787259728.056641
2.2202770709991455,IDLE,stop,0.0,0.0,0.5,0.0,0.0,0.0,0.0,0.0,0.0,0.0,0.0,0.015220947156413452,15.675932766240962,3.969485527862493,2.7582584183547167,1787259728.0877671
2.240288734436035,IDLE,stop,0.0,0.0,0.5,0.0,0.0,0.0,0.0,0.0,0.0,0.0,0.0,0.0076332707443915945,15.675931897142398,3.9694858792169954,2.7582584183547167,1787259728.1076744
2.260329008102417,IDLE,stop,0.0,0.0,0.5,0.0,0.0,0.0,0.0,0.0,0.0,0.0,0.0,0.003870843359988632,15.675931319085798,3.9694861128119165,2.7582584183547167,1787259728.1278198
2.2803802490234375,IDLE,stop,0.0,0.0,0.5,0.0,0.0,0.0,0.0,0.0,0.0,0.0,0.0,0.001995516606573488,15.675930942330519,3.9694862650121396,2.7582584183547167,1787259728.14777
2.302137851715088,IDLE,stop,0.0,0.0,0.5,0.0,0.0,0.0,0.0,0.0,0.0,0.0,0.0,0.0010516661486307758,15.675930680893027,3.9694863705892063,2.7582584183547167,1787259728.167809
2.320237874984741,IDLE,stop,0.0,0.0,0.5,0.0,0.0,0.0,0.0,0.0,0.0,0.0,0.0,0.047314044814932954,15.678007233982694,3.968655182094513,2.758483266028257,1787259728.1879797
2.340266704559326,IDLE,stop,0.0,0.0,0.5,0.0,0.0,0.0,0.0,0.0,0.0,0.0,0.0,0.023718711668561626,15.678009844299629,3.9686541329396574,2.7584832660282554,1787259728.2076972
2.3603124618530273,IDLE,stop,0.0,0.0,0.5,0.0,0.0,0.0,0.0,0.0,0.0,0.0,0.0,0.012012733769715993,15.678011587000451,3.9686534321668474,2.7584832660282546,1787259728.2279816
2.3802483081817627,IDLE,stop,0.0,0.0,0.5,0.0,0.0,0.0,0.0,0.0,0.0,0.0,0.0,0.006183903126516367,15.678012714392644,3.968652978669045,2.758483266028254,1787259728.2480452
2.4002349376678467,IDLE,stop,0.0,0.0,0.5,0.0,0.0,0.0,0.0,0.0,0.0,0.0,0.0,0.0032553385401845963,15.678013505624275,3.968652660261735,2.7584832660282537,1787259728.2679217
2.4203028678894043,IDLE,stop,0.0,0.0,0.5,0.0,0.0,0.0,0.0,0.0,0.0,0.0,0.0,0.021495887279256897,15.678869792246134,3.9683077575909054,2.7582587651485797,1787259728.288438
2.440268039703369,IDLE,stop,0.0,0.0,0.5,0.0,0.0,0.0,0.0,0.0,0.0,0.0,0.0,0.010899915300976412,15.678871538839255,3.9683070515421823,2.7582587651485784,1787259728.307722
2.4604334831237793,IDLE,stop,0.0,0.0,0.5,0.0,0.0,0.0,0.0,0.0,0.0,0.0,0.0,0.005606721246936261,15.678872674945199,3.9683065924467376,2.758258765148578,1787259728.3276527
2.480358123779297,IDLE,stop,0.0,0.0,0.5,0.0,0.0,0.0,0.0,0.0,0.0,0.0,0.0,0.002945155323192914,15.67887345621542,3.968306276865655,2.7582587651485775,1787259728.3477976
2.5004310607910156,IDLE,stop,0.0,0.0,0.5,0.0,0.0,0.0,0.0,0.0,0.0,0.0,0.0,0.002172376888590444,15.678876452952577,3.968305068330599,2.7582587651485775,1787259728.356549
2.5202829837799072,IDLE,stop,0.0,0.0,0.5,0.0,0.0,0.0,0.0,0.0,0.0,0.0,0.0,0.11474596902782103,15.674588335997818,3.9700270288297226,2.758347512661191,1787259728.3889823
2.540231466293335,IDLE,stop,0.0,0.0,0.5,0.0,0.0,0.0,0.0,0.0,0.0,0.0,0.0,0.05754753947189444,15.674581786574334,3.9700296668865964,2.7583475126611936,1787259728.4079087
2.5602924823760986,IDLE,stop,0.0,0.0,0.5,0.0,0.0,0.0,0.0,0.0,0.0,0.0,0.0,0.029139316763492754,15.674577511400102,3.9700313891533034,2.758347512661195,1787259728.4276514
2.580291748046875,IDLE,stop,0.0,0.0,0.5,0.0,0.0,0.0,0.0,0.0,0.0,0.0,0.0,0.014960193070121636,15.674574598279323,3.9700325628962467,2.758347512661196,1787259728.448235
2.600276470184326,IDLE,stop,0.0,0.0,0.5,0.0,0.0,0.0,0.0,0.0,0.0,0.0,0.0,0.007854545071614111,15.674572677523653,3.970033336883444,2.7583475126611963,1787259728.4684057
2.6202948093414307,IDLE,stop,0.0,0.0,0.5,0.0,0.0,0.0,0.0,0.0,0.0,0.0,0.0,0.02668063255615374,15.67362481096931,3.9704197732267756,2.758165592368969,1787259728.4877293
2.64029598236084,IDLE,stop,0.0,0.0,0.5,0.0,0.0,0.0,0.0,0.0,0.0,0.0,0.0,0.01360263377158433,15.67362211058791,3.9704208648577053,2.7581655923689707,1787259728.5081315
2.660400629043579,IDLE,stop,0.0,0.0,0.5,0.0,0.0,0.0,0.0,0.0,0.0,0.0,0.0,0.007073199322516306,15.67362031941553,3.970421588678323,2.7581655923689716,1787259728.528168
2.680403470993042,IDLE,stop,0.0,0.0,0.5,0.0,0.0,0.0,0.0,0.0,0.0,0.0,0.0,0.0037777493145736943,15.673619166129834,3.9704220546066433,2.758165592368972,1787259728.5477726
2.700260639190674,IDLE,stop,0.0,0.0,0.5,0.0,0.0,0.0,0.0,0.0,0.0,0.0,0.0,0.002079754174159726,15.673618380129797,3.970422372059088,2.7581655923689725,1787259728.567768
2.720454454421997,IDLE,stop,0.0,0.0,0.5,0.0,0.0,0.0,0.0,0.0,0.0,0.0,0.0,0.08332297122116851,15.677302402879702,3.968945591607988,2.758301775714857,1787259728.5876553
2.740487813949585,IDLE,stop,0.0,0.0,0.5,0.0,0.0,0.0,0.0,0.0,0.0,0.0,0.0,0.04170093152206206,15.677306880469763,3.968943788759192,2.7583017757148567,1787259728.60815
2.760366916656494,IDLE,stop,0.0,0.0,0.5,0.0,0.0,0.0,0.0,0.0,0.0,0.0,0.0,0.021107992183317655,15.677309800510717,3.9689426127679552,2.7583017757148562,1787259728.6282344
2.7802822589874268,IDLE,stop,0.0,0.0,0.5,0.0,0.0,0.0,0.0,0.0,0.0,0.0,0.0,0.010867252920700197,15.677311729401005,3.9689418357819433,2.7583017757148562,1787259728.6475887
2.8018016815185547,IDLE,stop,0.0,0.0,0.5,0.0,0.0,0.0,0.0,0.0,0.0,0.0,0.0,0.007881136555140326,15.677319359102295,3.96893875922979,2.7583017757148562,1787259728.656594
2.820345401763916,IDLE,stop,0.0,0.0,0.5,0.0,0.0,0.0,0.0,0.0,0.0,0.0,0.0,0.006105024064336374,15.677205512493662,3.968981675544808,2.7582705610872496,1787259728.689075
2.840970277786255,IDLE,stop,0.0,0.0,0.5,0.0,0.0,0.0,0.0,0.0,0.0,0.0,0.0,0.0032368223536544923,15.677206383758424,3.9689813241342264,2.7582705610872496,1787259728.708139
2.860224485397339,IDLE,stop,0.0,0.0,0.5,0.0,0.0,0.0,0.0,0.0,0.0012728886618109084,-0.3542747716152661,0.10251390083536904,0.0017136705285216102,15.677206986252822,3.9689810811362607,2.7582705610872496,1787259728.7278755
2.8802201747894287,IDLE,stop,0.0,0.0,0.5,0.0,0.0,0.0,0.0,0.0,0.003387906050933376,-0.3452571587052127,0.049694610873615375,0.0009356656952449317,15.677207380338569,3.968980922196657,2.7582705610872496,1787259728.747733
2.900285243988037,IDLE,stop,0.0,0.0,0.5,0.0,0.0,0.0,0.0,0.0,0.0012728886618109084,-0.3691495406949308,0.07844840470983527,0.0005423416000893828,15.677210318114582,3.968979737479956,2.7582705610872496,1787259728.7668722
2.920645236968994,IDLE,stop,0.0,0.0,0.5,0.0,0.0,0.0,0.001,17.0,-0.0008949671177029248,-0.3264915425286752,0.09271411316304778,0.00042672067975355743,15.677208729645466,3.9689803780525614,2.7582705610872496,1787259728.7777858
2.9402220249176025,IDLE,stop,0.0,0.0,0.5,0.0,0.0,0.0,0.002,17.0,-0.0009006935642324081,-0.31279655889265356,0.11171926419354428,0.06445997246525238,15.672106835287948,3.9710304956112705,2.7580945009194586,1787259728.807954
2.960247039794922,IDLE,stop,0.0,0.0,0.5,0.0,0.0,0.0,0.001,17.0,-0.0008978304059862476,-0.37292801161117595,0.10742040933451946,0.032570319472310365,15.672102488314348,3.971032253445985,2.758094500919459,1787259728.8277497
2.980262041091919,IDLE,stop,0.0,0.0,0.5,0.0,0.0,0.0,0.001,17.0,0.0023198556987301055,-0.3264915425286752,0.0400239004923435,0.016744897266398672,15.672099544555918,3.9710334433372885,2.7580945009194595,1787259728.8476696
3.0004069805145264,IDLE,stop,0.0,0.0,0.5,0.0,0.0,0.0,0.001,17.0,0.0012632581095486394,-0.36435983033343433,0.059288174550072625,0.01212007236044798,15.67208846766741,3.9710379125807607,2.7580945009194595,1787259728.8566585
3.020226001739502,IDLE,stop,0.0,0.0,0.5,0.0,0.0,0.0,0.001,17.0,0.00019234440404346486,-0.3353406459854362,0.11683188705326053,0.0823179371318257,15.675457220783828,3.9696834579836007,2.758301907249126,1787259728.8877447
3.0402345657348633,IDLE,stop,0.0,0.0,0.5,0.0,0.0,0.0,0.001,17.0,0.00016735691800802484,-0.38802745996189714,0.04498321666011407,0.04094649322720627,15.675460335846587,3.9696822046737066,2.7583019072491255,1787259728.9076416
3.060167074203491,IDLE,stop,0.0,0.0,0.5,0.0,0.0,0.0,0.001,17.0,-0.0019601543116600346,-0.31685595198791816,0.07356660069787324,0.02049084363154935,15.675462391073543,3.9696813774734405,2.7583019072491255,1787259728.9293635
3.080176830291748,IDLE,stop,0.0,0.0,0.5,0.0,0.0,0.0,0.001,17.0,-0.0008632123026699574,-0.3691495406949308,0.06407832345276177,0.010422841982797405,15.675463727826973,3.969680839295597,2.7583019072491255,1787259728.9478416
3.100539207458496,IDLE,stop,0.0,0.0,0.5,0.0,0.0,0.0,0.001,17.0,-0.0008892406711734413,-0.335509191983828,0.06889303066224173,0.005336916438928104,15.675465158962568,3.969680262679315,2.7583019072491255,1787259728.9694688
3.120319128036499,IDLE,stop,0.0,0.0,0.5,0.0,0.0,0.0,0.001,17.0,0.00018375473424923978,-0.3313936290707993,0.063948369079327,0.045201360871740225,15.676898918882724,3.969106010998632,2.758400658241569,1787259728.988833
3.1403117179870605,IDLE,stop,0.0,0.0,0.5,0.0,0.0,0.0,0.001,17.0,-0.0008853366954778184,-0.3555107268766733,0.0495404270992843,0.02266096172046402,15.67690123074183,3.969105080953663,2.7584006582415688,1787259729.0077624
3.1604409217834473,IDLE,stop,0.0,0.0,0.5,0.0,0.0,0.0,0.001,17.0,-0.001919810021888586,-0.3401865261646968,0.10244910637414861,0.011441069510305863,15.676903110060145,3.969104324421048,2.7584006582415683,1787259729.0286343
3.1802361011505127,IDLE,stop,0.0,0.0,0.5,0.0,0.0,0.0,0.001,17.0,-0.001935166890643176,-0.3692057105126949,0.07364550156745864,0.005881912122023249,15.676903742959839,3.9691040698697293,2.7584006582415683,1787259729.0478272
3.201167345046997,IDLE,stop,0.0,0.0,0.5,0.0,0.0,0.0,0.001,17.0,0.00015199995172556318,-0.35461182706695027,0.07848655779359959,0.004268008066361307,15.676907844638702,3.9691024164063813,2.7584006582415683,1787259729.0566328
3.220242977142334,IDLE,stop,0.0,0.0,0.5,0.0,0.0,0.0,0.001,17.0,0.00019520762730820652,-0.32705335034161465,0.05905523608655372,0.10034129889891448,15.67268041932832,3.9707997905278134,2.758483844618788,1787259729.087775
3.240335464477539,IDLE,stop,0.0,0.0,0.5,0.0,0.0,0.0,0.001,17.0,0.00017022014127276652,-0.3681383012496795,0.13616038912316952,0.05018676738568669,15.672675313325183,3.970801845511027,2.758483844618791,1787259729.107857
3.260380744934082,IDLE,stop,0.0,0.0,0.5,0.0,0.0,0.0,0.001,17.0,0.0012546685047729958,-0.34131010524547634,0.06866144436740029,0.025366598599954715,15.672671930250367,3.9708032073963833,2.7584838446187927,1787259729.1278055
3.280240535736084,IDLE,stop,0.0,0.0,0.5,0.0,0.0,0.0,0.0,17.0,-0.0008978304059862476,-0.34965360725216144,0.0976851237626235,0.01300601026605302,15.67266969736857,3.9708041064337767,2.7584838446187936,1787259729.1479423
3.300381898880005,IDLE,stop,0.0,0.0,0.5,0.0,0.0,0.0,0.0,17.0,0.00019520762730820652,-0.3591768581573902,0.0641681513070651,0.00681359789489801,15.672668176836739,3.970804718766608,2.758483844618794,1787259729.1676347
3.3203787803649902,IDLE,stop,0.0,0.0,0.5,0.0,0.0,0.0,0.001,17.0,0.00019807085057294823,-0.38312540996487243,0.04500883477478723,0.024685793848181314,15.673629664614884,3.970420487407083,2.758567895100463,1787259729.1876853
3.340217113494873,IDLE,stop,0.0,0.0,0.5,0.0,0.0,0.0,0.001,17.0,-0.0008881998537239787,-0.38273214815032475,0.08820912567090744,0.012124822605987929,15.673629814824272,3.970420426957226,2.758567895100463,1787259729.2082348
3.360407829284668,IDLE,stop,0.0,0.0,0.5,0.0,0.0,0.0,0.001,17.0,0.00020483814706118484,-0.3506086403345492,0.06872612919332255,0.0059642558583595075,15.67362991134167,3.9704203881082862,2.758567895100463,1787259729.2276332
3.380175828933716,IDLE,stop,0.0,0.0,0.5,0.0,0.0,0.0,0.001,17.0,-0.0019476606011516052,-0.37827952978561186,0.068971639171032,0.002938956503194676,15.673629977097685,3.9704203616357474,2.758567895100463,1787259729.2478962
3.4004831314086914,IDLE,stop,0.0,0.0,0.5,0.0,0.0,0.0,0.001,17.0,-0.001950524019472091,-0.33562153161935626,0.04491717966551434,0.002066636625480004,15.673630228924717,3.970420260168523,2.758567895100463,1787259729.2565916
3.4202613830566406,IDLE,stop,0.0,0.0,0.5,0.0,0.0,0.0,0.001,17.0,-0.0008603491444237971,-0.3556792363299657,0.04471179620693633,0.0008579392215632038,15.673629678489366,3.9704235863386126,2.758622430670522,1787259729.2889624
3.440274715423584,IDLE,stop,0.0,0.0,0.5,0.0,0.0,0.0,0.001,17.0,0.0012104199792315991,-0.3356777379822198,0.09759454673378265,0.0004281654777551658,15.673629694130346,3.9704235800533265,2.758622430670522,1787259729.3077483
3.460333824157715,IDLE,stop,0.0,0.0,0.5,0.0,0.0,0.0,0.001,17.0,-0.0019476606011516052,-0.3781671536049842,0.030677198962273167,0.00021519905361113103,15.673629705901991,3.970423575319423,2.758622430670522,1787259729.327724
3.480329990386963,IDLE,stop,0.0,0.0,0.5,0.0,0.0,0.0,0.002,17.0,0.00018271388429048652,-0.33128125289017163,0.07355417536408027,0.00010926600830681646,15.673629715023432,3.9704235716493037,2.758622430670522,1787259729.347788
3.5003554821014404,IDLE,stop,0.0,0.0,0.5,0.0,0.0,0.0,0.001,17.0,0.00017985066102574486,-0.3359586236161398,0.07358008583954856,5.6204708786318645e-05,15.673629722381428,3.97042356868754,2.758622430670522,1787259729.3689923
3.5202040672302246,IDLE,stop,0.0,0.0,0.5,0.0,0.0,0.0,0.001,17.0,-0.0008881998537239787,-0.3540500557991102,0.06903526418907191,0.007680928201615745,15.67391395218946,3.970313759209876,2.7587509852836036,1787259729.388591
3.5403127670288086,IDLE,stop,0.0,0.0,0.5,0.0,0.0,0.0,0.002,17.0,-0.001944797442905445,-0.35889597252347016,0.08339259120645792,0.003831889405445264,15.673914261981682,3.9703136347162173,2.7587509852836036,1787259729.4076722
3.56048321723938,IDLE,stop,0.0,0.0,0.5,0.0,0.0,0.0,0.001,17.0,-0.0008881998537239787,-0.35522980469765386,0.030444735585046345,0.0019258302816550388,15.673914464041452,3.970313553489172,2.7587509852836036,1787259729.4277725
3.5802981853485107,IDLE,stop,0.0,0.0,0.5,0.0,0.0,0.0,0.001,17.0,0.0001866179575139815,-0.33539681580320035,0.08807887893667754,0.0009799691643543136,15.67391460169711,3.970313498133254,2.7587509852836036,1787259729.447832
3.6008858680725098,IDLE,stop,0.0,0.0,0.5,0.0,0.0,0.0,0.002,17.0,-0.0008699796966860659,-0.3549489190637338,0.06882925946380425,0.0007061673872393812,15.673915148774634,3.9703132778188572,2.7587509852836036,1787259729.456596
3.6227993965148926,IDLE,stop,0.0,0.0,0.5,0.0,0.0,0.0,0.002,17.0,0.00017985066102574486,-0.3641351145172784,0.07370971130708881,0.07852265437411976,15.670570754352187,3.971654860446267,2.7585809736765254,1787259729.4887252
3.643465280532837,IDLE,stop,0.0,0.0,0.5,0.0,0.0,0.0,0.001,17.0,0.00019234440404346486,-0.34542566815850506,0.09755622919707108,0.07852265437411976,15.670570754352187,3.971654860446267,2.7585809736765254,1787259729.4887252
3.6610186100006104,IDLE,stop,0.0,0.0,0.5,0.0,0.0,0.0,0.001,17.0,-0.0008881998537239787,-0.36334859088818305,0.10742009870117464,0.05555912388158519,15.670505300210133,3.971681232513939,2.7585809736765254,1787259729.5244093
3.6857383251190186,ARM,stop,0.0,0.0,0.5,0.0,0.0,0.0,0.001,17.0,0.0012603948212653164,-0.3361271696145316,0.06396141567980962,0.05555912388158519,15.670505300210133,3.971681232513939,2.7585809736765254,1787259729.5244093
3.70662784576416,ARM,stop,0.0,0.0,0.5,0.0,0.0,0.0,0.001,17.0,0.0012603948212653164,-0.3361271696145316,0.06396141567980962,0.05555912388158519,15.670505300210133,3.971681232513939,2.7585809736765254,1787259729.5244093
3.72849702835083,ARM,stop,0.0,0.0,0.5,0.0,0.0,0.0,0.001,17.0,0.0012479011107568872,-0.34536949834074093,0.07840900909269166,0.05555912388158519,15.670505300210133,3.971681232513939,2.7585809736765254,1787259729.5244093
3.7404024600982666,ARM,stop,0.0,0.0,0.5,0.0,0.0,0.0,0.001,17.0,-0.0008574859861776367,-0.3220950939817264,0.11178393074691684,0.05555912388158519,15.670505300210133,3.971681232513939,2.7585809736765254,1787259729.5244093
3.760500431060791,ARM,stop,0.0,0.0,0.5,0.0,0.0,0.0,0.001,17.0,0.0001741242144962615,-0.37766155215490826,0.08827333541053761,0.03931405133913522,15.67038899071748,3.9717280954996323,2.758580973676526,1787259729.6134129
3.7803564071655273,ARM,stop,0.0,0.0,0.5,0.0,0.0,0.0,0.001,17.0,-0.0008546226978943137,-0.3360709632516681,0.04960423484282117,0.03931405133913522,15.67038899071748,3.9717280954996323,2.758580973676526,1787259729.6134129
3.8063836097717285,ARM,stop,0.0,0.0,0.5,0.0,0.0,0.0,0.001,17.0,0.00019234440404346486,-0.3790098470518437,0.05922422062613819,0.03931405133913522,15.67038899071748,3.9717280954996323,2.758580973676526,1787259729.6134129
3.8213095664978027,ARM,stop,0.0,0.0,0.5,0.0,0.0,0.0,0.001,17.0,0.00125076439904021,-0.354499487431422,0.08330232481096189,0.03931405133913522,15.67038899071748,3.9717280954996323,2.758580973676526,1787259729.6134129
3.8405871391296387,ARM,stop,0.0,0.0,0.5,0.0,0.0,0.0,0.001,17.0,0.00020770137032592652,-0.3550612952443615,0.040063369199685894,0.03931405133913522,15.67038899071748,3.9717280954996323,2.758580973676526,1787259729.6134129
3.860227108001709,ARM,stop,0.0,0.0,0.5,0.0,0.0,0.0,0.001,17.0,-0.0019312629149475528,-0.3401865261646968,0.12639921134835497,0.044528544516734575,15.674215873020106,3.9701815014720823,2.7581757987559796,1787259729.7286897
3.8802993297576904,ARM,stop,0.0,0.0,0.5,0.0,0.0,0.0,0.001,17.0,-0.000867116408402743,-0.3639103987011225,0.07855124261952184,0.02209365783377052,15.674215890974953,3.9701814928482104,2.7581757987559796,1787259729.747732
3.902892589569092,ARM,stop,0.0,0.0,0.5,0.0,0.0,0.0,0.0,17.0,0.0012421747942645664,-0.34520095234234915,0.07844763726274806,0.015555712116568926,15.674218360698074,3.9701804966110537,2.7581757987559796,1787259729.756594
3.920775890350342,ARM,stop,0.0,0.0,0.5,0.0,0.0,0.0,0.001,17.0,-0.0008796102489483351,-0.3651463174174303,0.06389793684216727,0.007728391841773181,15.674217556800876,3.9701808204330766,2.7581757987559796,1787259729.776732
3.940237045288086,ARM,stop,0.0,0.0,0.5,0.0,0.0,0.0,0.001,17.0,0.0012518052164896727,-0.3585588805266866,0.12658003650014216,0.009999237736816005,15.674791432039294,3.9699535447802514,2.7583332246738563,1787259729.8077462
3.960172176361084,ARM,stop,0.0,0.0,0.5,0.0,0.0,0.0,0.001,17.0,-0.0008757061432155494,-0.3732651036079595,0.10734317126695636,0.004926852748419055,15.674791476241971,3.9699535270196207,2.7583332246738563,1787259729.8276834
3.9802184104919434,ARM,stop,0.0,0.0,0.5,0.0,0.0,0.0,0.001,17.0,0.0002105645935906682,-0.3549489190637338,0.03529913077246505,0.002433801689198473,15.674791512598691,3.9699535123935923,2.7583332246738563,1787259729.8476515
4.00036358833313,ARM,stop,0.0,0.0,0.5,0.0,0.0,0.0,0.0,17.0,0.0001616304714785415,-0.3497659468876897,0.10244939873494374,0.001713606226242959,15.67479178940206,3.969953400787286,2.7583332246738563,1787259729.8566546
4.020219326019287,ARM,stop,0.0,0.0,0.5,0.0,0.0,0.0,0.001,17.0,0.00020197492379644315,-0.32621065689475515,0.10714855034014903,0.11988939812570001,15.670204383191008,3.971797796695586,2.758274221824196,1787259729.888986
4.040227890014648,ARM,stop,0.0,0.0,0.5,0.0,0.0,0.0,0.001,17.0,-0.0008824734071944954,-0.38718480306013703,0.0739164469343443,0.05916489967987857,15.670202459033366,3.9717985728001644,2.758274221824195,1787259729.9076736
4.0602498054504395,ARM,stop,0.0,0.0,0.5,0.0,0.0,0.0,0.001,17.0,-0.0008978304059862476,-0.3174177598008576,0.07822789158010934,0.029277696294412906,15.670201225233948,3.9717990704352175,2.7582742218241947,1787259729.9278011
4.080263137817383,ARM,stop,0.0,0.0,0.5,0.0,0.0,0.0,0.0,17.0,-0.0019380303089636616,-0.37337744324348776,0.0642072180183142,0.014562964217996488,15.670200392581888,3.971799406262342,2.7582742218241942,1787259729.947783
4.100858449935913,ARM,stop,0.0,0.0,0.5,0.0,0.0,0.0,0.002,17.0,-0.0008642532501565827,-0.3597948357880938,0.07360658103660711,0.010313582252046719,15.670197137462004,3.9718007189404276,2.7582742218241942,1787259729.9565938
4.120239973068237,ARM,stop,0.0,0.0,0.5,0.0,0.0,0.0,0.001,17.0,-0.0008728428549322264,-0.36441600015119846,0.059275274129987565,0.11166764955593206,15.674603992908727,3.9700280149072547,2.7584639009780427,1787259729.9878056
4.140215635299683,ARM,stop,0.0,0.0,0.5,0.0,0.0,0.0,0.0,17.0,0.0012450379525107266,-0.3450324063439574,0.10243637040701081,0.05551374092236968,15.674608052631577,3.9700263829252878,2.7584639009780427,1787259730.0079365
4.160398721694946,ARM,stop,0.0,0.0,0.5,0.0,0.0,0.0,0.001,17.0,0.00017698743776100315,-0.33579007761774804,0.08798875872157907,0.027817767872988248,15.674610766754915,3.9700252913593492,2.7584639009780427,1787259730.027635
4.180220127105713,ARM,stop,0.0,0.0,0.5,0.0,0.0,0.0,0.001,17.0,-0.0008824734071944954,-0.373208897245096,0.07861589090034471,0.014082170612789978,15.674612560957272,3.9700245695063905,2.7584639009780427,1787259730.0477679
4.20051121711731,ARM,stop,0.0,0.0,0.5,0.0,0.0,0.0,0.001,17.0,0.00019807085057294823,-0.3262668267125193,0.04486539525967714,0.007240265491190165,15.674613793189028,3.9700240735718784,2.7584639009780427,1787259730.0677845
4.220242023468018,ARM,stop,0.0,0.0,0.5,0.0,0.0,0.0,0.001,17.0,-0.0008853366954778184,-0.33156217506919106,0.0639097409092706,0.05270207151108083,15.676772127913798,3.969154689498623,2.758429629787732,1787259730.088045
4.240368127822876,ARM,stop,0.0,0.0,0.5,0.0,0.0,0.0,0.001,17.0,0.0012479011107568872,-0.3591768581573902,0.12164840324516035,0.02654317918714833,15.676778227512663,3.969152230940793,2.7584296297877327,1787259730.1091547
4.260469913482666,ARM,stop,0.0,0.0,0.5,0.0,0.0,0.0,0.002,17.0,-0.0019130426278724777,-0.3501592087022374,0.0161389006127024,0.013609027958536074,15.676779310846163,3.9691517943197248,2.758429629787733,1787259730.1278293
4.280385255813599,ARM,stop,0.0,0.0,0.5,0.0,0.0,0.0,0.001,17.0,0.00017022014127276652,-0.3260983172592269,0.1359144223317177,0.007119445065535447,15.676781156085804,3.9691510505611975,2.758429629787733,1787259730.1477873
4.300406217575073,ARM,stop,0.0,0.0,0.5,0.0,0.0,0.0,0.001,17.0,0.0012575316630191562,-0.3499906627038456,0.08323782271053659,0.003821901928204282,15.676782426104339,3.969150538652209,2.758429629787733,1787259730.167987
4.320226192474365,ARM,stop,0.0,0.0,0.5,0.0,0.0,0.0,0.001,17.0,-0.0019226731801347467,-0.36886861851591135,0.06893271864018047,0.10169885413887515,15.672457068840977,3.9708912401117846,2.7586352109014216,1787259730.1880975
4.340242147445679,ARM,stop,0.0,0.0,0.5,0.0,0.0,0.0,0.001,17.0,0.00020483814706118484,-0.3030486287163683,0.07822741649381726,0.05082344462386333,15.67245218618228,3.97089320177449,2.7586352109014225,1787259730.2079868
4.360226392745972,ARM,stop,0.0,0.0,0.5,0.0,0.0,0.0,0.002,17.0,0.0012393115059812433,-0.3457627601552886,0.03999872091886303,0.025657191084295726,15.672448975334495,3.970894492337539,2.758635210901423,1787259730.2277315
4.380433559417725,ARM,stop,0.0,0.0,0.5,0.0,0.0,0.0,0.001,17.0,-0.0008824734071944954,-0.3498221167054538,0.11201655857709092,0.013123618682309263,15.67244680965285,3.970895363171008,2.7586352109014234,1787259730.2479422
4.400915145874023,ARM,stop,0.0,0.0,0.5,0.0,0.0,0.0,0.001,17.0,-0.001925536338380907,-0.3547242032475779,0.0545107067968722,0.00949710125356965,15.672438416525816,3.9708987443089305,2.7586352109014234,1787259730.2566829
4.4203431606292725,ARM,stop,0.0,0.0,0.5,0.0,0.0,0.0,0.002,17.0,-0.0019380303089636616,-0.3497659468876897,0.07370927276589612,0.06248753317568107,15.675457672647692,3.9696916264304,2.7587134058286686,1787259730.288328
4.440211534500122,ARM,stop,0.0,0.0,0.5,0.0,0.0,0.0,0.001,17.0,-0.0008613899618732597,-0.3171930439847017,0.08785942561483395,0.031340497630556026,15.675461539122532,3.9696900711510104,2.7587134058286686,1787259730.308075
4.460225582122803,ARM,stop,0.0,0.0,0.5,0.0,0.0,0.0,0.001,17.0,0.00019807085057294823,-0.38228271651801293,0.10268217274551539,0.01590304963476025,15.675463946708339,3.969689102564655,2.7587134058286686,1787259730.3275952
4.4802086353302,ARM,stop,0.0,0.0,0.5,0.0,0.0,0.0,0.001,17.0,0.00017698743776100315,-0.32175803853004226,0.05917093787122596,0.008189629105096288,15.67546561008141,3.9696884332279097,2.7587134058286686,1787259730.3478105
4.500782489776611,ARM,stop,0.0,0.0,0.5,0.0,0.0,0.0,0.002,17.0,0.00020197492379644315,-0.38802745996189714,0.0880934238862352,0.004310738556934538,15.675466725131054,3.96968798446356,2.7587134058286686,1787259730.3680398
4.52022910118103,ARM,stop,0.0,0.0,0.5,0.0,0.0,0.0,0.002,17.0,-0.0008728428549322264,-0.34497623652619325,0.06891908731810759,0.02325083888223841,15.676365232502015,3.969322422096457,2.7585189351782704,1787259730.3876793
4.5402140617370605,ARM,stop,0.0,0.0,0.5,0.0,0.0,0.0,0.001,17.0,0.0001741242144962615,-0.35461182706695027,0.01621630313321276,0.011795216674816115,15.67636728591468,3.9693215925929235,2.7585189351782726,1787259730.4079397
4.560224294662476,ARM,stop,0.0,0.0,0.5,0.0,0.0,0.0,0.001,17.0,-0.000867116408402743,-0.4025089672270141,0.08327809541006559,0.006088819311092397,15.676368625391154,3.969321051698876,2.758518935178274,1787259730.427901
4.580222845077515,ARM,stop,0.0,0.0,0.5,0.0,0.0,0.0,0.001,17.0,-0.0019226731801347467,-0.3310565370740157,0.08797574866619584,0.0032164708297577702,15.676369510686865,3.969320694330384,2.7585189351782744,1787259730.4477575
4.600476503372192,ARM,stop,0.0,0.0,0.5,0.0,0.0,0.0,0.001,17.0,-0.001953387177718251,-0.37872896141792367,0.08323873633802137,0.002379235941379044,15.676373011408208,3.9693192836055524,2.7585189351782744,1787259730.4566238
4.620218515396118,ARM,stop,0.0,0.0,0.5,0.0,0.0,0.0,0.001,17.0,-0.0008853366954778184,-0.38312540996487243,0.06416891875415232,0.07277015766772374,15.673204931415906,3.9705944969296163,2.7588492255778765,1787259730.487718
4.64021635055542,ARM,stop,0.0,0.0,0.5,0.0,0.0,0.0,0.001,17.0,0.00017985066102574486,-0.35072101651517684,0.04954028091888674,0.03643332626729392,15.673201039212328,3.970596057880918,2.7588492255778734,1787259730.5078163
4.660367012023926,ARM,stop,0.0,0.0,0.5,0.0,0.0,0.0,0.001,17.0,-0.0008824734071944954,-0.3493165152553779,0.1312925270666252,0.018438062205018698,15.673198492225952,3.9705970799658155,2.7588492255778716,1787259730.5279567
4.6802074909210205,ARM,stop,0.0,0.0,0.5,0.0,0.0,0.0,0.001,17.0,-0.0008853366954778184,-0.3595701199719379,0.030547902400627436,0.00948284089306066,15.673196786892072,3.970597764698656,2.7588492255778707,1787259730.5477092
4.7013325691223145,entry,drive,1.0,0.004990158081054688,0.49675639724731446,3576.0,0.0,0.0,0.001,17.0,0.0012546685047729958,-0.35968245960746614,0.09279242931104292,0.006879583622425746,15.673190085509454,3.970600462657255,2.7588492255778707,1787259730.5566797
4.72020959854126,entry,drive,1.0,0.011030807495117187,0.49282997512817384,3576.0,0.0,0.0,0.0,17.0,-0.0008978304059862476,-0.33128125289017163,0.07834421463147123,0.03205382846295553,15.672105657037447,3.971033657077628,2.759152788793,1787259730.5890484
4.740221738815308,entry,drive,1.0,0.017434692382812502,0.4886674499511719,3576.0,0.0,-0.02,0.0,17.0,-0.0008796102489483351,-0.3732651036079595,0.1025531319995654,0.01622455687975664,15.672103334565927,3.9710345862353162,2.7591527887929996,1787259730.6076283
4.760302305221558,entry,drive,1.0,0.0238604736328125,0.48449069213867185,3576.0,0.0,1.43,0.038,17.0,0.00018557710755522823,-0.3777177219726724,0.11700059750459957,0.008299659823652664,15.672101766697068,3.9710352141216263,2.7591527887929996,1787259730.6280658
4.780513286590576,entry,drive,1.0,0.030327987670898438,0.480286808013916,3576.0,334.0,17.37,0.02,17.0,-0.0005821014105427889,-0.5817506929477858,0.05887009861303838,0.049945928660718265,15.67053266610832,3.9716666183599583,2.7591440748773635,1787259730.6477714
4.800957202911377,entry,drive,1.0,0.03687004089355469,0.4760344734191895,3576.0,44.0,28.5,0.045,17.0,-0.0006560195401962561,-1.9395852495380836,0.14309860415041875,0.03553242359765419,15.670490875249142,3.9716833849382764,2.7591411391247815,1787259730.668189
4.820465087890625,entry,drive,1.0,0.043112564086914065,0.4719768333435059,3576.0,142.0,32.92,0.051,16.9,0.010126517121323083,-4.548978728622586,0.0251558191658674,0.1566208672459813,15.67530451151185,3.9697469563538346,2.7590971912355555,1787259730.6893344
4.840242624282837,entry,drive,1.0,0.049441375732421876,0.46786310577392576,3576.0,323.0,36.48,0.063,16.9,0.01547691906310346,-3.8452844211167587,-0.10428703251272609,0.12080862095562739,15.673807784347119,3.970349064000459,2.759378791490459,1787259730.7077012
4.860219955444336,entry,drive,1.0,0.05583412170410156,0.463707820892334,3576.0,564.0,39.34,0.067,16.9,0.03677155513937705,-4.376309858297901,-0.03337280203846049,0.13620740976343387,15.671132717316292,3.9714247238384437,2.760007185505898,1787259730.7276776
4.880247592926025,entry,drive,1.0,0.06224296569824219,0.4595420722961426,3576.0,712.0,38.43,0.065,16.9,0.02918145864767795,-4.976962480642953,0.20789829132006155,0.1634424454530095,15.667668946933345,3.972815748878072,2.7606319671860335,1787259730.747948
4.9004199504852295,entry,drive,1.0,0.0686981201171875,0.4553462219238281,3576.0,929.0,34.03,0.066,16.9,0.020410079603771378,-3.6117413554735265,0.15629812760144546,0.20368516696411693,15.662944289691762,3.974710360868695,2.761108065392998,1787259730.7690048
4.920331239700317,entry,drive,1.0,0.07506973266601563,0.45120467376708984,3576.0,1146.0,31.66,0.066,16.9,0.023510635774571707,-3.4004323282998428,0.1133100358249397,0.38181777543548656,15.653048209392836,3.978684063888468,2.7617360397236475,1787259730.7877665
4.940251111984253,entry,drive,1.0,0.081444091796875,0.44706134033203127,3576.0,1344.0,29.54,0.071,16.9,0.03405084688321148,-3.3059866352374456,0.08425790606984052,0.37160039445507353,15.646454601624939,3.981319609983923,2.762363847726032,1787259730.8077915
4.960234642028809,entry,drive,1.0,0.08783882141113282,0.44290476608276363,3576.0,1547.0,27.75,0.071,16.9,0.040418021882940795,-3.3099191802927237,0.08814677973134621,0.3976201025346474,15.638780732633759,3.9843812305745514,2.7631398534311056,1787259730.8277214
4.9802350997924805,entry,drive,1.0,0.09423896789550781,0.4387446708679199,3576.0,1745.0,26.07,0.074,16.9,0.061544250470969696,-3.0120017758916617,-0.06013441287157306,0.4316319979179225,15.629685883079222,3.9880010819925786,2.764335434943564,1787259730.8488934
5.000315189361572,entry,drive,1.0,0.10066459655761718,0.4345680122375488,3576.0,1949.0,24.02,0.075,16.9,0.08247006786459174,-2.6227996833451357,-0.15566381431131404,0.41941940314440224,15.626896125863755,3.9891064838282437,2.7648792487311566,1787259730.8565695
5.0205230712890625,entry,drive,1.0,0.10713111877441406,0.4303647727966309,3576.0,2128.0,22.38,0.075,16.9,0.10195057525106016,-2.5361915984785526,-0.3902874819984419,0.9277126889750402,15.593809413393128,4.002277107830207,2.768315814980675,1787259730.8889654
5.040222406387329,entry,drive,1.0,0.11343490600585937,0.4262673110961914,3576.0,2317.0,20.47,0.078,16.9,0.139815690913051,-2.3360349661958537,-0.548596320968386,0.790530108112457,15.58216694355263,4.006842374770083,2.770923449421951,1787259730.9079227
5.0602333545684814,entry,drive,1.0,0.11983840942382813,0.4221050338745117,3576.0,2463.0,19.15,0.078,16.9,0.17625615687228235,-2.208903628598847,-0.6257428065124131,0.7330847951810833,15.569645019784229,4.011714361922356,2.7742809016008336,1787259730.927864
5.0804502964019775,entry,drive,1.0,0.1263078308105469,0.4178999099731445,3576.0,2611.0,17.81,0.079,16.9,0.1958181403433504,-1.8560943154691643,-0.3387260012675313,0.7262277784853693,15.556363620534517,4.016831561847662,2.7780890975970363,1787259730.9477649
5.1003618240356445,entry,drive,1.0,0.1326795196533203,0.41375831222534176,3576.0,2723.0,16.9,0.079,17.0,0.2327092630932936,-1.723892564602238,-0.40143812272465595,0.7380774531028083,15.54237029491817,4.022161131711495,2.7825696342739406,1787259730.9678426
5.120230197906494,entry,drive,1.0,0.1390373992919922,0.4096256904602051,3576.0,2844.0,15.71,0.078,16.9,0.2741799909432507,-1.3755503782417264,-0.27132024651520936,1.2104679618601009,15.50777032719613,4.03545116337547,2.7898843008262006,1787259730.9877532
5.140223503112793,entry,drive,1.0,0.14543525695800782,0.4054670829772949,3576.0,2936.0,14.91,0.078,16.9,0.29470470714838237,-1.4577764133305209,0.0265778255282747,0.9971876542223466,15.492600772900767,4.041019890330017,2.7956937887895705,1787259731.0081656
5.160354852676392,entry,drive,1.0,0.15187728881835938,0.4012797622680664,3576.0,3030.0,13.83,0.08,17.0,0.2875987275697784,-1.2429698739647108,-0.09813685773619696,0.9229182860862042,15.476937705558631,4.046667395606194,2.8014648502742108,1787259731.0277147
5.180568695068359,entry,drive,1.0,0.15834571838378905,0.39707528305053713,3576.0,3112.0,13.19,0.082,16.9,0.3010924321809919,-1.1510664772865553,-0.2895346164125314,0.8871317290620724,15.460752271025294,4.052397102567347,2.8074114153924867,1787259731.0478494
5.201030254364014,entry,drive,1.0,0.16489341735839844,0.39281927871704103,3576.0,3202.0,12.22,0.081,17.0,0.3336311008271482,-0.9439002025798473,-0.6028110490052896,0.8753320735023914,15.443944025159439,4.058232894093725,2.8139510407364825,1787259731.0684228
5.2202231884002686,entry,drive,1.0,0.17103515625000001,0.3888271484375,3576.0,3279.0,11.8,0.081,16.9,0.3807076662584244,-0.882364248601526,-0.6221404829752331,1.4704418909544592,15.404484872969533,4.072142371768554,2.8254473077632785,1787259731.0888581
5.24063777923584,entry,drive,1.0,0.17756782531738283,0.38458091354370116,3576.0,3339.0,11.16,0.078,17.0,0.43200351109422674,-0.8461687396311959,-0.45647394605467895,1.3602054657025364,15.396352327130042,4.074802664737638,2.829259590952719,1787259731.0966158
5.260304927825928,entry,drive,1.0,0.18386131286621094,0.3804901466369629,3576.0,3390.0,10.73,0.08,17.0,0.47036178593345135,-0.9583833909195363,-0.5649156081916828,1.0781503327718498,15.368990793683489,4.083556815389896,2.8430381763236374,1787259731.1276968
5.280222177505493,entry,drive,1.0,0.19023483276367187,0.3763473587036133,3576.0,3404.0,10.33,0.08,17.0,0.471639870230094,-0.6587374764074738,-1.2334161079014905,1.0077251443462583,15.350848168600008,4.089116624699704,2.852489821327751,1787259731.1478078
5.3003990650177,entry,drive,1.0,0.19669143676757814,0.3721505661010742,3576.0,3425.0,10.25,0.082,17.0,0.48391464601037826,-0.06312465167532633,-1.514861028022608,1.0127767820896416,15.342170324088542,4.0916977279480955,2.8571885405458453,1787259731.1566443
5.32021427154541,entry,drive,1.0,0.20303230285644533,0.36802900314331055,3576.0,3453.0,10.14,0.082,16.9,0.611601801976504,-0.5502161459537973,-0.6095963045190373,1.581481434816796,15.292890470216648,4.106534493133268,2.8789256762283353,1787259731.1889305
5.3402440547943115,entry,drive,1.0,0.20944183349609374,0.363862808227539,3576.0,3508.0,9.66,0.078,17.0,0.6291526993503986,-0.6410266248895624,-0.133540361312523,1.3051232581214365,15.274008894878717,4.11156534052462,2.891420913185902,1787259731.2077577
5.360523462295532,entry,drive,1.0,0.21593124389648438,0.35964469146728517,3576.0,3533.0,9.61,0.078,17.0,0.6406608842109036,-0.7993824608573235,-0.35763633603765754,1.2334848661219666,15.264723434912117,4.113938006447965,2.8977325633187405,1787259731.2167454
5.380325078964233,entry,drive,1.0,0.22226776123046876,0.3555259552001953,3576.0,3539.0,9.17,0.077,17.0,0.6342782191843652,-0.5790540300637161,-0.5871649225127769,1.0593291337805006,15.235726533936218,4.1209893119400025,2.91689176686538,1787259731.2478287
5.400730848312378,entry,drive,1.0,0.228797607421875,0.35128155517578125,3576.0,3546.0,9.07,0.079,17.0,0.621557164184411,-0.3878298971545888,-0.9199614083139025,1.022122816585433,15.214250758233675,4.12583193883619,2.9308009591104476,1787259731.2702432
5.420163869857788,entry,drive,1.0,0.23501617431640626,0.3472394866943359,3576.0,3541.0,9.33,0.081,16.9,0.6202036125603781,-0.40288768409200415,-1.3501230289873831,1.0148143785207777,15.196809596891757,4.1295226776822735,2.941966092056957,1787259731.2881985
5.440216064453125,entry,drive,1.0,0.24143287658691406,0.34306863021850587,3576.0,3578.0,8.96,0.079,17.0,0.6528576959502758,-0.2996778183838309,-1.1903558212811376,1.343545759892221,15.162369067009848,4.136193049041609,2.962696268764804,1787259731.3078673
5.460214138031006,entry,drive,1.0,0.24783226013183593,0.33890903091430663,3576.0,3595.0,8.97,0.078,17.0,0.7257033409842949,-0.3750210956337021,-0.8020656751448172,1.1694109313221386,15.142593910078784,4.139707700318583,2.9768501119696342,1787259731.327789
5.480306148529053,entry,drive,1.0,0.25426170349121097,0.33472989273071285,3576.0,3584.0,8.73,0.077,17.0,0.7957113212978074,-0.2875558454609006,-0.7453992825701619,1.0778419823681515,15.12281949597585,4.142922912407542,2.992415645819826,1787259731.3478944
5.500776767730713,entry,drive,1.0,0.2608123016357422,0.33047200393676757,3576.0,3580.0,8.83,0.08,17.0,0.8096983765009581,-0.20381296947677896,-0.5831076855783763,1.0345765405961298,15.10300102044121,4.145823272049165,3.008551777420284,1787259731.3679461
5.520440340042114,entry,drive,1.0,0.26710464477539064,0.32638198089599607,3576.0,3575.0,8.97,0.082,16.9,0.782654907737585,-0.409433459569442,-0.6979845011769612,1.2587043357461654,15.071650699829986,4.149608741512218,3.031505179280526,1787259731.3893604
5.540210962295532,entry,drive,1.0,0.2734312438964844,0.3222696914672851,3576.0,3619.0,8.53,0.079,17.0,0.8005367028769219,-0.47657451816687413,-0.8203469956642238,1.1801869554311117,15.0515577789121,4.1517546934856915,3.0474134868278346,1787259731.4077942
5.56035852432251,entry,drive,1.0,0.2798784637451172,0.3180789985656738,3576.0,3647.0,8.24,0.078,17.0,0.8446262002505379,-0.442260058552403,-0.705207347710818,1.0970975958553575,15.031270924551363,4.153596693348457,3.0640862724898943,1787259731.4276843
5.580229997634888,entry,drive,1.0,0.28623733520507816,0.3139457321166992,3576.0,3628.0,8.05,0.078,17.0,0.9081609014814221,-0.052227615666336824,-1.2588918428674276,1.0444238191971884,15.011048610672093,4.1550817074522515,3.0819282151488925,1787259731.4479573
5.6007490158081055,entry,drive,1.0,0.2928034210205078,0.30967777633666993,3576.0,3621.0,8.32,0.081,17.0,0.8823955503042052,0.27684517118625607,-1.7750524877810392,1.0822894442733018,15.000966405751273,4.155683971372205,3.091000537759388,1787259731.4565852
5.620218515396118,entry,drive,1.0,0.2990336608886719,0.30562812042236326,3576.0,3603.0,8.9,0.08,17.0,0.9119838692262309,-0.19419181425028142,-1.3867242616511533,0.990824575845671,14.971823562258349,4.154825549781483,3.12387771264081,1787259731.4889789
5.640232801437378,entry,drive,1.0,0.305438232421875,0.30146514892578125,3576.0,3629.0,8.64,0.077,17.0,0.9433739497837497,-0.4022297261225667,-1.0187621077805389,1.0349766205072217,14.951531891600348,4.155095648489771,-3.1405837731530664,1787259731.5078483
5.660223960876465,entry,drive,1.0,0.3118354034423828,0.2973069877624512,3576.0,3630.0,8.51,0.077,17.0,0.9685096631002446,-0.10213442565956665,-0.8536957875723843,1.021450053256428,14.931283829728114,4.15498268285943,-3.121378522190164,1787259731.527793
5.680263042449951,entry,drive,1.0,0.31824790954589843,0.293138858795166,3576.0,3597.0,8.5,0.077,17.0,1.044216142356254,0.1558102687971239,-1.109531948565781,1.0081841519241348,14.91114856277928,4.154469663559577,-3.1008608500159047,1787259731.5478776
5.700631856918335,entry,drive,1.0,0.32,0.292,3576.0,3583.0,8.79,0.081,17.0,1.0513029471750093,0.21782282568915434,-1.155296791811672,1.0057523755652031,14.8911001790016,4.1535401916287755,-3.079853295160755,1787259731.567727
5.72022557258606,entry,drive,1.0,0.32,0.292,3576.0,3565.0,9.1,0.082,17.0,1.029052436004479,-0.3267306936590906,-1.0318980244860754,0.9674587914792218,14.871474355692177,4.150306387064431,-3.0529082574380344,1787259731.5891821
5.74030876159668,entry,drive,1.0,0.32,0.292,3576.0,3600.0,8.74,0.077,17.0,1.0022007148395917,-0.08697878921853164,-1.0020066182509098,1.0281784864719719,14.85141624851012,4.148422977821912,-3.0327078852580147,1787259731.607788
5.760242938995361,entry,drive,1.0,0.32,0.292,3576.0,3605.0,8.81,0.077,17.0,1.01843860721705,-0.003235894961860275,-1.0265258948755829,1.0139484695079626,14.831386664686084,4.14613444520172,-3.012412846433507,1787259731.627805
5.780245542526245,entry,drive,1.0,0.32,0.292,3576.0,3583.0,8.69,0.077,17.0,1.0484306613603316,-0.10431092387145302,-1.4732051695718553,0.9945870238732051,14.811557830823295,4.14345164921642,-2.9916304858568448,1787259731.648167
5.800384998321533,entry,drive,1.0,0.32,0.292,3576.0,3563.0,8.98,0.079,17.0,1.052145171869747,0.037372400498915104,-1.5082978205327606,1.05207057929079,14.801587345889843,4.141945143621784,-2.981103655354927,1787259731.6566677
5.820155620574951,entry,drive,1.0,0.32,0.292,3576.0,3550.0,9.27,0.08,16.9,1.0638239987770988,-0.1500587371010278,-1.2582580046635883,1.0022383535989057,14.772275225769063,4.136863746400554,-2.949365746929409,1787259731.6879213
5.840279579162598,entry,drive,1.0,0.32,0.292,3576.0,3576.0,8.98,0.079,17.0,1.0966993908535818,-0.10290645915675345,-0.9364008558239973,0.9661760548841807,14.754821620936578,4.131618234849249,-2.922253048268399,1787259731.7078772
5.8602118492126465,entry,drive,1.0,0.32,0.292,3576.0,3588.0,9.0,0.077,17.0,1.1496264551465711,-0.21076644208302397,-0.78258881824393,0.9759731925208748,14.735255705234835,4.127146791297648,-2.899501235102007,1787259731.7281306
5.880577802658081,entry,drive,1.0,0.32,0.292,3576.0,3581.0,8.83,0.077,17.0,1.145515599687925,0.09031285345363127,-1.170345186658544,0.9927909999774791,14.715918322209308,4.12225707193647,-2.876657183579533,1787259731.7477453
5.900254487991333,entry,drive,1.0,0.32,0.292,3576.0,3561.0,8.91,0.079,17.0,1.0989184032528632,0.029324276542127325,-1.140212582767397,0.9804261014878413,14.69669593135933,4.116921849179734,-2.8544123912231516,1787259731.7682157
5.9204161167144775,entry,drive,1.0,0.32,0.292,3576.0,3533.0,9.49,0.081,16.9,1.092839937801839,-0.20840690774083726,-0.805998293290294,0.9817491834572318,14.677789172277798,4.111213679026907,-2.8325557633709435,1787259731.7882402
5.940256357192993,entry,drive,1.0,0.32,0.292,3576.0,3571.0,8.95,0.08,17.0,1.114365869418786,0.07536570223648509,-0.5279155223131582,0.9812437227130714,14.660148389077339,4.103871485929079,-2.804417958408443,1787259731.8078763
5.960220575332642,entry,drive,1.0,0.32,0.292,3576.0,3598.0,8.86,0.079,17.0,1.1346760014190844,0.04513957486785891,-0.7076818163905898,0.9916461484840986,14.641247460843253,4.0971383005243,-2.781860991390564,1787259731.8277829
5.980419397354126,entry,drive,1.0,0.32,0.292,3576.0,3590.0,8.69,0.077,17.0,1.1034083596926823,-0.0072101471118184435,-1.028534413538118,0.9881774402704644,14.62247209998516,4.089963730259959,-2.7595963769292338,1787259731.848068
6.004985094070435,entry,drive,1.0,0.32,0.292,3576.0,3566.0,9.0,0.08,17.0,1.0688756158908155,0.08633689282027657,-1.2254433559281281,1.0382473044059632,14.613217383212712,4.086245839227132,-2.7485797145914943,1787259731.8567026
6.02033543586731,entry,drive,1.0,0.32,0.292,3576.0,3535.0,9.43,0.082,16.9,1.0554184631655634,-0.22631532206605698,-1.2474909413005832,0.9302193810834463,14.58473859272456,4.074107639728994,-2.71564935463534,1787259731.8889778
6.040261268615723,entry,drive,1.0,0.32,0.292,3576.0,3555.0,9.19,0.079,17.0,1.076057295823405,0.15641202040369784,-1.0607951116570078,1.0537564417163103,14.563632983691221,4.064327604196534,-2.6877451244881425,1787259731.9087975
6.060242652893066,entry,drive,1.0,0.32,0.292,3576.0,3566.0,9.41,0.078,17.0,1.179444405133589,-0.026059131796341894,-1.1791490472822588,1.0540462009269178,14.545792706085509,4.055501912184042,-2.664716211305539,1787259731.927668
6.080322980880737,entry,drive,1.0,0.32,0.292,3576.0,3567.0,9.12,0.076,17.0,1.1932377153674365,-0.10186629426533411,-0.9191979080974235,1.0184067262687453,14.52812802863936,4.046243942486119,-2.6409249061990305,1787259731.947786
6.100419044494629,entry,drive,1.0,0.32,0.292,3576.0,3556.0,9.19,0.077,17.0,1.1563815632515573,-0.1767328681024729,-0.796844111343816,0.9959169267181095,14.51065299026452,4.03654507696308,-2.61750116132484,1787259731.9681823
6.120327711105347,entry,drive,1.0,0.32,0.292,3576.0,3552.0,8.99,0.081,17.0,1.1040737504910385,-0.08529342059736233,-0.6232087693206338,1.0475383359744996,14.502097062161683,4.031599687105362,-2.6060269090873738,1787259731.9766433
6.140238046646118,entry,drive,1.0,0.32,0.292,3576.0,3588.0,8.58,0.082,17.0,1.0583446779923151,-0.11536552407646727,-0.4665405129525553,1.056108179804985,14.474251529315346,4.016593901733555,-2.570975233783092,1787259732.007765
6.160465955734253,entry,drive,1.0,0.32,0.292,3576.0,3616.0,8.64,0.078,17.0,1.0373381959459882,-0.14611173845894054,-0.9997899387022429,1.022525541655027,14.457278963632884,4.005590442889251,-2.550086503785308,1787259732.0280862
6.180243968963623,entry,drive,1.0,0.32,0.292,3576.0,3590.0,8.91,0.074,17.0,0.963931356291262,-0.13143272320416433,-1.6389877737280756,1.0159517824525777,14.440700672180565,3.9943379773198093,-2.5304783030022824,1787259732.0478096
6.200288772583008,entry,drive,1.0,0.32,0.292,3576.0,3559.0,9.4,0.077,17.0,0.9624778695473241,-0.07568501047427745,-1.6121423284369598,1.003535889932233,14.424434582807748,3.982818044749796,-2.5112049646971384,1787259732.067758
6.2202489376068115,entry,drive,1.0,0.32,0.292,3576.0,3525.0,9.53,0.079,17.0,1.0650555110441786,0.04230167431091747,-1.1324486494919555,0.9892675255362933,14.408585702443535,3.9711127064836282,-2.4904521409427622,1787259732.0877948
6.240353584289551,entry,drive,1.0,0.32,0.292,3576.0,3525.0,9.52,0.08,17.0,1.1818361901085892,0.20363495829764489,-1.075321203943382,1.1812962895457515,14.382417441260799,3.9561076046625265,-2.462415235666377,1787259732.1088247
6.260333299636841,entry,drive,1.0,0.32,0.292,3576.0,3532.0,9.59,0.08,17.0,1.220426859042437,-0.14324660266667788,-0.8458526245214628,1.102726761463711,14.367107052788596,3.9435845202240802,-2.4381908975325794,1787259732.1281126
6.2803778648376465,entry,drive,1.0,0.32,0.292,3576.0,3556.0,9.29,0.077,17.0,1.1903355355695227,-0.16914694600616542,-0.9527774457631395,1.056891737307227,14.352043504733581,3.9306527607127553,-2.414275228859017,1787259732.1476007
6.300226449966431,entry,drive,1.0,0.32,0.292,3576.0,3566.0,9.38,0.081,17.0,1.1359617755933746,-0.259210881651569,-0.8365007335872789,1.0202473920423851,14.337193499485265,3.9172833228993476,-2.391232637790942,1787259732.1677344
6.3203957080841064,entry,drive,1.0,0.32,0.292,3576.0,3563.0,8.59,0.081,17.0,1.0638549580247707,-0.17514538553002268,-0.3616861177717823,1.0507259112202614,14.329930447253997,3.9105122033765363,-2.379894987967525,1787259732.1765857
6.340231418609619,entry,drive,1.0,0.32,0.292,3576.0,3567.0,8.86,0.08,17.0,1.051210602064211,0.2768433804763859,-0.4150858170020655,1.107137887187781,14.309949444348138,3.892942431216765,-2.346183684097788,1787259732.207726
6.360195159912109,entry,drive,1.0,0.32,0.292,3576.0,3546.0,9.54,0.08,17.0,1.0567338650069806,-0.14341513039251996,-1.1332926951074924,1.041967434227061,14.296131076712522,3.878694365201363,-2.3250619488493647,1787259732.2277915
6.38027024269104,entry,drive,1.0,0.32,0.292,3576.0,3545.0,9.71,0.077,17.0,1.048299434097618,-0.1378805943603334,-1.45994134501845,1.0092562594693222,14.282652771048596,3.8641966774298693,-2.304087467103328,1787259732.2479024
6.400542259216309,entry,drive,1.0,0.32,0.292,3576.0,3558.0,9.47,0.077,17.0,1.0923955893739594,-0.16843106405419306,-1.555058298466463,1.049134319870462,14.27600001613427,3.8568118005886087,-2.293582414012657,1787259732.2566047
6.420628786087036,entry,drive,1.0,0.32,0.292,3576.0,3543.0,9.33,0.077,17.0,1.0960690872025873,-0.3887305145839832,-1.3516687405112293,1.043598094567221,14.256538612727747,3.8342477962392145,-2.2605297865966927,1787259732.2879052
6.4404401779174805,entry,drive,1.0,0.32,0.292,3576.0,3527.0,9.46,0.08,17.0,1.1231233417683752,-0.022534329551245236,-0.8850522137519405,1.0035858813747627,14.24223401365477,3.8218055725622344,-2.2372587390069314,1787259732.3079033
6.460223197937012,entry,drive,1.0,0.32,0.292,3576.0,3520.0,9.61,0.08,17.0,1.201032122087826,0.22479077015475823,-1.1772508948198848,0.9836370719992451,14.230144014540931,3.806242962931659,-2.213613975986334,1787259732.3282356
6.480236768722534,entry,drive,1.0,0.32,0.292,3576.0,3534.0,9.59,0.078,17.0,1.1731166012255063,-0.12964948680682564,-1.1920094139383863,0.9951092763257638,14.218399356596276,3.7903673147075687,-2.1900299599259143,1787259732.3477504
6.500418663024902,entry,drive,1.0,0.32,0.292,3576.0,3571.0,9.41,0.079,17.0,1.1237746178129542,-0.2737774659080685,-0.7720797632826262,0.9929269247284258,14.206897678164939,3.774052291617436,-2.1672959512244763,1787259732.3677695
6.520663738250732,entry,drive,1.0,0.32,0.292,3576.0,3576.0,8.95,0.078,17.0,1.1156174219730688,-0.1346511952898899,-0.5325315338172487,1.0274621163734916,14.201336157812872,3.765861664982027,-2.156062138032968,1787259732.3767045
6.540426254272461,entry,drive,1.0,0.32,0.292,3576.0,3564.0,8.91,0.081,17.0,1.0858473423066453,0.11674603347851598,-0.8551318637980572,1.167300881534364,14.179854291798469,3.7387343443163727,-2.1176840634014593,1787259732.4078243
6.560223340988159,entry,drive,1.0,0.32,0.292,3576.0,3540.0,9.38,0.082,17.0,1.0261957296821782,-0.01353116109172614,-1.27686852343831,1.0695465794984311,14.169647918619715,3.7217614254308624,-2.096864079405898,1787259732.4279895
6.580160856246948,entry,drive,1.0,0.32,0.292,3576.0,3541.0,9.56,0.08,17.0,1.0313553379780978,-0.04021800065148451,-1.5947345819733982,1.0318954318570719,14.15978777391985,3.704571337921618,-2.0762547682417116,1787259732.4477737
6.601128339767456,entry,drive,1.0,0.32,0.292,3576.0,3543.0,9.84,0.078,17.0,1.0766393296796417,-0.27966181163162673,-1.2774780956961536,1.059636821063646,14.154989651816534,3.6959012538127456,-2.0659559490625923,1787259732.4565868
6.620264530181885,entry,drive,1.0,0.32,0.292,3576.0,3542.0,9.68,0.076,17.0,1.1090445406656715,-0.11789354959939669,-1.2287333650459118,1.024211606755292,14.136872848987714,3.6696148306041407,-2.029620587246229,1787259732.4892776
6.640310764312744,entry,drive,1.0,0.32,0.292,3576.0,3531.0,9.78,0.079,17.0,1.1636918072857703,-0.16865577987034897,-1.0377874865235484,1.0533658220830944,14.128212711943421,3.651823040795907,-2.0065859186392196,1787259732.5077064
6.660291910171509,entry,drive,1.0,0.32,0.292,3576.0,3508.0,9.66,0.08,17.0,1.1805291106455784,-0.20712753690135344,-0.9622790254244293,1.0094577778560152,14.120036590642826,3.6339718650257185,-1.9830636977176648,1787259732.5278337
6.680221080780029,entry,drive,1.0,0.32,0.292,3576.0,3542.0,9.74,0.081,17.0,1.1423096863676876,-0.28508397148318565,-0.9939139252613458,0.9916248616179872,14.112227358476794,3.6158356039798885,-1.9599020939412763,1787259732.5479648
6.700548887252808,ramp,drive,1.0044431686401367,0.32,0.292,3591.888771057129,3565.0,8.99,0.081,17.0,1.1174858292148409,-0.16879713631479376,-0.5853622989402112,0.9979864281496018,14.10475024773927,3.597321404487108,-1.9372487652936994,1787259732.5677316
6.720216512680054,ramp,drive,1.0103434562683105,0.32,0.292,3612.988199615478,3619.0,8.41,0.079,17.0,1.0644004399950462,-0.13149068373179862,-0.39399439761007926,0.9903027003277952,14.097591517799763,3.5784254420331694,-1.9156822144362142,1787259732.5881622
6.740279197692871,ramp,drive,1.0163622617721557,0.32,0.292,3634.511448097229,3625.0,8.67,0.08,17.0,1.0541685085079346,0.18456123038814098,-0.6463945152685255,0.9538474642830068,14.090007183663154,3.5629973677052265,-1.8903523325201361,1787259732.6076534
6.7602269649505615,ramp,drive,1.022346591949463,0.32,0.292,3655.9114128112797,3588.0,9.47,0.08,17.0,1.0150679773833913,0.1348247388306234,-1.2466650220543443,0.9750485945010599,14.083798517777682,3.5439215259696315,-1.8698474579859956,1787259732.6276612
6.780226469039917,ramp,drive,1.0283464431762694,0.32,0.292,3677.3668807983395,3562.0,10.41,0.08,17.0,0.9843175881197096,-0.08621947341593295,-1.63152117138128,0.9774281165978341,14.07802461721363,3.5248454632410464,-1.8500043510783069,1787259732.6478572
6.800183057785034,ramp,drive,1.0343334197998046,0.32,0.292,3698.7763092041014,3561.0,10.79,0.082,17.0,1.034599467659978,-0.1762833999250617,-1.6876851419295065,0.977761995051815,14.072631772219243,3.5056614531065193,-1.8295548663571746,1787259732.6681204
6.820204496383667,ramp,drive,1.0403398513793944,0.32,0.292,3720.2553085327145,3579.0,10.76,0.079,17.0,1.0903037429167293,-0.28898929043941735,-1.2177444729296028,0.9683429726862657,14.067611069012832,3.4863410799900243,-1.8082733066531442,1787259732.6878526
6.8401572704315186,ramp,drive,1.04632568359375,0.32,0.292,3741.66064453125,3589.0,10.93,0.081,17.0,1.182888005581116,0.09515873363289185,-0.9883115615246894,0.9057423683037138,14.06148991335953,3.472067009043144,-1.7833186372915197,1787259732.7077463
6.860229969024658,ramp,drive,1.0523474931716919,0.32,0.292,3763.19463558197,3568.0,11.01,0.082,17.0,1.2556985634677733,-0.18919017885741596,-1.0642476002866843,0.9508039822109833,14.057406631368998,3.4525754316081927,-1.7586136407579116,1787259732.7276282
6.880267143249512,ramp,drive,1.058358645439148,0.32,0.292,3784.6905160903934,3579.0,11.33,0.083,17.0,1.2189438777894261,-0.40748165890116184,-0.758709811760589,0.9652678987086567,14.053784608041255,3.432875687107787,-1.7340225745418159,1787259732.7479415
6.900255441665649,ramp,drive,1.0643551349639893,0.32,0.292,3806.1339626312256,3615.0,11.46,0.087,17.0,1.1513242203414968,-0.5868501230266219,-0.9401198313184338,0.985500052474527,14.050609368057911,3.4129461511295065,-1.710671800458017,1787259732.767916
6.920270681381226,ramp,drive,1.070359706878662,0.32,0.292,3827.6063117980957,3661.0,10.84,0.081,17.0,1.073374693657368,-0.5507796713864082,-0.7250850312618269,1.035730755336255,14.049213994962326,3.403035471721634,-1.699161959340756,1787259732.7765968
6.940212726593018,ramp,drive,1.0763423204421998,0.32,0.292,3849.0001379013065,3668.0,10.99,0.081,17.0,1.0143993242126996,-0.12835734345510463,-1.4886947368585766,0.9868265007169148,14.043051642924294,3.3788170817388172,-1.6675295490098334,1787259732.8076475
6.960368633270264,ramp,drive,1.0823890924453736,0.32,0.292,3870.623394584656,3633.0,11.88,0.085,17.0,1.0186479982577576,-0.1579237998027594,-1.786962681852998,0.9959185165222946,14.041188935456107,3.3586371603587635,-1.6472105389275726,1787259732.8276782
6.980255126953125,ramp,drive,1.088355040550232,0.32,0.292,3891.9576250076298,3679.0,11.67,0.084,17.0,1.0816724378237823,-0.2700968627679927,-1.453614949772657,1.004265952009065,14.039708235371396,3.3381145705574977,-1.6258508437419217,1787259732.8478842
7.000227212905884,ramp,drive,1.0943466663360595,0.32,0.292,3913.3836788177487,3710.0,11.78,0.085,17.0,1.1198660294390994,-0.5005792032470211,-1.150870595553819,1.019739429232692,14.038660102411365,3.3174308052986827,-1.6036393492293393,1787259732.8677826
7.020349979400635,ramp,drive,1.100383496284485,0.32,0.292,3934.9713827133182,3710.0,11.78,0.083,16.9,1.1971954390634032,-0.5100317759300275,-1.0896686637839323,1.01731148682967,14.03808322046725,3.2967658844356773,-1.5801355853449488,1787259732.8880365
7.040581941604614,ramp,drive,1.1064530849456786,0.32,0.292,3956.6762317657467,3730.0,11.66,0.087,16.9,1.2279906360124255,-0.1421774575114414,-1.2715206597738131,0.9233392911471929,14.034594947052815,3.282579005734561,-1.5568108677004602,1787259732.9078155
7.060195684432983,ramp,drive,1.1123372077941895,0.32,0.292,3977.717855072022,3745.0,12.29,0.086,17.0,1.1776021634495266,-0.5849111131431286,-1.1765821195010275,0.9715362099859934,14.034993309749224,3.2616501349765947,-1.532961660087033,1787259732.9282973
7.080240964889526,ramp,drive,1.1183507919311524,0.32,0.292,3999.222431945801,3791.0,11.84,0.084,17.0,1.1520147780121544,-0.4449004419834104,-1.2566649306909312,1.0206938204048586,14.035884464546116,3.2405778611812077,-1.5098511834021602,1787259732.9479804
7.100211143493652,ramp,drive,1.1243418455123901,0.32,0.292,4020.646439552307,3825.0,11.22,0.089,16.9,1.1835402137320763,-0.0710783453793562,-0.9452737135953626,1.0762608305936527,14.03651850992506,3.2301872027065195,-1.4982992364283754,1787259732.9566128
7.1202685832977295,ramp,drive,1.1303590774536132,0.32,0.292,4042.1640609741207,3828.0,11.73,0.092,16.9,1.2189595904398578,-0.11144569671577731,-1.0437380519672033,1.0480519842932974,14.039178126422712,3.1980284473086265,-1.4623216987728398,1787259732.9876685
7.140390872955322,ramp,drive,1.136395764350891,0.32,0.292,4063.7512533187864,3859.0,11.69,0.091,16.9,1.1987797535958913,-0.6015274389342764,-1.2776868413038756,0.9203797380710825,14.037974215230358,3.1835897041667263,-1.4378865191914654,1787259733.0084858
7.1602277755737305,ramp,drive,1.1423468351364137,0.32,0.292,4085.0322824478153,3865.0,11.92,0.086,16.9,1.1447550008805985,-0.7491801654629668,-1.539846181574319,1.014777465281755,14.040898239721187,3.1624628127224987,-1.4149743651518338,1787259733.0277214
7.180220603942871,ramp,drive,1.1483446836471558,0.32,0.292,4106.480588722229,3839.0,12.68,0.088,16.9,1.105495678776059,-0.3816229678387053,-1.48156610359095,1.0395631240610104,14.04433194304732,3.1413015352932487,-1.3926716647958788,1787259733.0477486
7.200559854507446,ramp,drive,1.1544464588165284,0.32,0.292,4128.300536727906,3870.0,12.6,0.091,16.9,1.1544001714005383,-0.10214716162670445,-1.4174244840260428,1.0878343008907687,14.046220173834747,3.1308132726382727,-1.3816005193724916,1787259733.0566258
7.220156192779541,ramp,drive,1.1603253602981567,0.32,0.292,4149.323488426208,3898.0,12.42,0.09,16.9,1.2670062122981953,-0.1872510958837239,-1.4156706116160649,1.0346727842631132,14.04927472559394,3.099233285470907,-1.3431937774871143,1787259733.0890224
7.240236043930054,ramp,drive,1.1663493156433105,0.32,0.292,4170.865152740478,3901.0,12.74,0.093,16.9,1.2846246208057235,-0.2541964189288173,-1.3298214953736363,1.0978338594152586,14.054298848426868,3.0780782108744806,-1.3176213717412695,1787259733.1078103
7.260366916656494,ramp,drive,1.1723885774612426,0.32,0.292,4192.461553001403,3962.0,12.23,0.091,16.9,1.24514831765137,-0.4815055118826166,-1.17264533521422,1.0959183396374075,14.059941591882582,3.0567014986196357,-1.2924970894942671,1787259733.1279087
7.280271768569946,ramp,drive,1.1783600330352784,0.32,0.292,4213.8154781341555,4037.0,11.76,0.094,16.9,1.1819417844458107,-0.47557775058098173,-1.0968420282532136,1.110379076233452,14.066203737899716,3.035107803444684,-1.268549123459114,1787259733.1478138
7.30021595954895,ramp,drive,1.1843432903289794,0.32,0.292,4235.2116062164305,4075.0,11.36,0.091,16.9,1.108750594260354,-0.3035252133575277,-1.5047845208576973,1.1509546790626692,14.06946999320891,3.024632328173345,-1.25671912761305,1787259733.156623
7.320382118225098,ramp,drive,1.1903931379318238,0.32,0.292,4256.845861244202,4053.0,12.09,0.09,16.9,1.1055793020342874,-0.7754441782227701,-2.313245296035163,1.1476215652437585,14.076579155253327,3.0029394093924715,-1.2349039119420429,1787259733.1766503
7.340245723724365,ramp,drive,1.196352219581604,0.32,0.292,4278.155537223816,4045.0,12.63,0.093,16.9,1.139196983685603,-0.42003851850684626,-1.9089970013477284,1.2540840761906442,14.08405450220535,2.9641697256047737,-1.1971382966566657,1787259733.207744
7.360218524932861,ramp,drive,1.2023440599441528,0.32,0.292,4299.5823583602905,4037.0,13.26,0.095,16.9,1.255266465580908,-0.17806665459495008,-1.5359110052718847,1.1874862655290714,14.092396477135495,2.9432355786405227,-1.1726369818557245,1787259733.2276642
7.3806822299957275,ramp,drive,1.2084831714630127,0.32,0.292,4321.535821151733,4100.0,12.46,0.093,16.9,1.3596558555673433,0.16123072930156113,-1.5755165374663989,1.1555551351503435,14.10139090979102,2.922169386434989,-1.1459378583829614,1787259733.2479115
7.401131629943848,ramp,drive,1.2146179914474486,0.32,0.292,4343.473937416076,4138.0,12.32,0.092,16.9,1.3614190013670304,-0.3712280797678993,-1.3877747139880512,1.1984533121425585,14.106036564734831,2.911900763243861,-1.1323538533122162,1787259733.2565908
7.420447111129761,ramp,drive,1.2204126358032226,0.32,0.292,4364.195585632324,4151.0,12.47,0.095,16.9,1.2730802169543936,-0.8280210279951632,-1.1752094855678976,1.2984499953756092,14.120575315590976,2.8730058955865956,-1.0876729071263782,1787259733.2894354
7.44022798538208,ramp,drive,1.2263468980789185,0.32,0.292,4385.416507530213,4187.0,12.3,0.096,16.9,1.2405417147558053,-0.4689613334264209,-1.3237503311019907,1.2888312738591865,14.131508239673678,2.8524174678154686,-1.0627309982740236,1787259733.3078222
7.460412502288818,ramp,drive,1.23240225315094,0.32,0.292,4407.070457267761,4232.0,11.77,0.093,16.9,1.2900631952258288,-0.052887300391720515,-1.1739204668221745,1.2224872936926803,14.143098071220534,2.831835070528781,-1.0371544888772977,1787259733.328114
7.480387210845947,ramp,drive,1.2383946657180787,0.32,0.292,4428.499324607849,4251.0,12.25,0.096,16.9,1.2973725071536604,-0.40502246607293557,-1.6811236886044298,1.1992305438366901,14.155232688618929,2.8115283418154045,-1.011313816502658,1787259733.3481386
7.500955104827881,ramp,drive,1.2445650339126586,0.32,0.292,4450.564561271667,4273.0,12.1,0.094,16.9,1.2576651747747423,-0.7522989973352026,-1.7060158714232898,1.2533274899844822,14.161432851311519,2.801627548393875,-0.998327653886647,1787259733.3566065
7.5202131271362305,ramp,drive,1.2503424406051635,0.32,0.292,4471.224567604065,4286.0,12.26,0.094,16.9,1.2186630474524773,-0.6789927439253916,-1.4566022923772834,1.391832377986636,14.181373789833833,2.769491459145212,-0.9551787948940628,1787259733.3890831
7.540560483932495,ramp,drive,1.256446647644043,0.32,0.292,4493.053211975098,4322.0,12.24,0.096,16.9,1.3014968115758114,0.2502417275433082,-1.7266623907752887,1.3356020598257934,14.195391918138233,2.74988060046108,-0.9296011656130776,1787259733.4079978
7.560235977172852,ramp,drive,1.26234929561615,0.32,0.292,4514.161081123352,4351.0,12.18,0.099,16.9,1.4009899798981362,-0.2924000080204898,-1.6167964199346159,1.2765903368505502,14.210003864385392,2.73052119140861,-0.9021017982023853,1787259733.4277775
7.58021354675293,ramp,drive,1.2683425664901733,0.32,0.292,4535.59301776886,4364.0,12.16,0.097,16.9,1.3328459460315703,-0.8578829057900208,-1.5874080204474694,1.2445156467279928,14.225227393511403,2.7114732249839024,-0.875074268937409,1787259733.4477506
7.600188970565796,ramp,drive,1.2743351936340332,0.32,0.292,4557.022652435303,4388.0,12.24,0.095,16.9,1.2599428432970325,-0.3944335600694622,-1.5471712812962721,1.2792492074909738,14.232920633792025,2.702259781941364,-0.8617603247597247,1787259733.4565744
7.621205568313599,ramp,drive,1.280640172958374,0.32,0.292,4579.569258499146,4443.0,11.74,0.098,16.9,1.2889991292122878,0.0565584748961534,-1.812657979776077,1.002644550072462,14.251554514554819,2.6782681163366298,-0.8234936862488598,1787259733.4891133
7.6402904987335205,ramp,drive,1.2863656520843505,0.32,0.292,4600.043571853637,4466.0,11.83,0.099,16.9,1.3220345772702846,-0.4816723037162376,-1.727927143575016,1.1708192074772281,14.26856667975975,2.6600905472929686,-0.7972115178507642,1787259733.5078595
7.66036581993103,ramp,drive,1.2923882484436036,0.32,0.292,4621.580376434326,4479.0,11.98,0.098,16.9,1.2869480956987631,-0.7140647103600415,-1.9046226991310107,1.209300605832561,14.286104525113041,2.6423169329327534,-0.771310568902977,1787259733.527777
7.680225610733032,ramp,drive,1.298346185684204,0.32,0.292,4642.8859600067135,4477.0,12.52,0.098,16.9,1.2911506970569626,-0.21812589419840478,-1.7183295233925264,1.2296265473791341,14.304112483066705,2.6249972240588266,-0.745518305552913,1787259733.5476317
7.700238227844238,ramp,drive,1.3043499708175659,0.32,0.292,4664.3554956436155,4503.0,12.41,0.1,16.9,1.403465920763583,-0.07137195784413919,-1.901848487546033,1.2745741384727356,14.31318916067679,2.6166170908826087,-0.7326042139065501,1787259733.5565872
7.720233917236328,ramp,drive,1.310348677635193,0.32,0.292,4685.80687122345,4527.0,12.27,0.101,16.9,1.424460818059168,-0.43192130375426174,-1.5981730372849086,1.303477170964716,14.341805252172962,2.591529163903348,-0.6896659496228041,1787259733.5880153
7.7402496337890625,ramp,drive,1.3163533926010131,0.32,0.292,4707.279731941223,4558.0,12.06,0.1,16.9,1.3808297172881818,-0.8120933580569414,-1.288715567578521,1.172321696210537,14.355640299823607,2.5779199157783954,-0.6616697789128778,1787259733.607811
7.760221719741821,ramp,drive,1.3223450183868408,0.32,0.292,4728.705785751343,4621.0,11.46,0.101,16.9,1.3571101398813368,-0.247132287761616,-1.6480366326981084,1.2286830072463408,14.376011843543642,2.562218529462792,-0.6344421937495961,1787259733.627749
7.780580282211304,ramp,drive,1.3284525871276855,0.32,0.292,4750.5464515686035,4665.0,11.19,0.099,16.9,1.366696454541186,0.3366250235035366,-1.7793165699779934,1.2573743476671937,14.39708693783477,2.546865699611188,-0.6070794705121104,1787259733.6479404
7.800308704376221,ramp,drive,1.3343711137771606,0.32,0.292,4771.711102867126,4664.0,11.91,0.102,16.9,1.369588114852794,-0.46730317263174825,-2.216509687044919,1.3185922413265234,14.407482214459161,2.5396453428271406,-0.5934871772718471,1787259733.656601
7.820271253585815,ramp,drive,1.340359878540039,0.32,0.292,4793.1269256591795,4652.0,12.45,0.1,16.9,1.3068809243516246,-0.6334967995208203,-1.6785930135617946,1.5763209137758292,14.44753012438302,2.5094609107551666,-0.542549549543027,1787259733.6888208
7.8402135372161865,ramp,drive,1.3463425636291504,0.32,0.292,4814.521007537842,4655.0,12.6,0.101,16.9,1.3597792930838686,0.1317621498663506,-1.93972470563736,1.477554454006263,14.469890277417015,2.4961630975172726,-0.515668709569984,1787259733.7076275
7.860213279724121,ramp,drive,1.3523424863815308,0.32,0.292,4835.976731300354,4689.0,12.32,0.101,16.9,1.5254472208047003,0.18824187007331616,-1.864412272451375,1.3758835236548186,14.492771047812345,2.4833829256498516,-0.4859650766692832,1787259733.728006
7.880272150039673,ramp,drive,1.3583601474761964,0.32,0.292,4857.495887374878,4729.0,12.02,0.104,16.9,1.4973844271340995,-0.555022045794324,-1.2890842345411784,1.3511200557407788,14.516154215385496,2.471217549202746,-0.45592701652268974,1787259733.7477582
7.907196283340454,ramp,drive,1.3664373874664306,0.32,0.292,4886.380097579956,4747.0,12.19,0.105,16.9,1.3768287172245013,-0.731974878850032,-1.91062281972944,1.38957601766291,14.52788960048854,2.465462678524501,-0.4409157691744785,1787259733.7565937
7.921322345733643,ramp,drive,1.3706752061843872,0.32,0.292,4901.534537315369,4774.0,12.11,0.102,16.9,1.3363916787069017,-0.28585595016272336,-2.3076543343695164,1.3712964082559105,14.551915484396515,2.4542535374607746,-0.4140397081094804,1787259733.776548
7.940354108810425,ramp,drive,1.3763847351074219,0.32,0.292,4921.951812744141,4791.0,12.37,0.104,16.9,1.3645151924503565,-0.14849842580997485,-2.5018090918890152,1.2724781874619198,14.561799749819093,2.4487982412266045,-0.39400668178436604,1787259733.7966795
7.960269927978516,ramp,drive,1.3823594808578492,0.32,0.292,4943.317503547669,4810.0,12.19,0.102,16.9,1.38219525313712,-0.41943501273550154,-2.008351432160339,1.303656632641145,14.59940479584672,2.4336922934508793,-0.352615080527519,1787259733.8278725
7.981372833251953,ramp,drive,1.3886903524398804,0.32,0.292,4965.956700325012,4826.0,12.47,0.104,16.9,1.4111428820798997,-0.40366141693631263,-1.6727285483723051,1.3233368728776649,14.624717212411984,2.424544289813143,-0.324556840759794,1787259733.8478131
8.000557661056519,ramp,drive,1.39444580078125,0.32,0.292,4986.53818359375,4869.0,12.12,0.104,16.9,1.4815000028123215,-0.10776505703060213,-1.8833440957399432,1.3717058635519706,14.637349313878095,2.4202941642370472,-0.31040808866314656,1787259733.8567908
8.020343542098999,ramp,drive,1.4003815650939941,0.32,0.292,5007.764476776123,4882.0,12.25,0.106,16.9,1.4955586970487953,-0.6938384596510403,-1.698407766451652,1.2378166096834111,14.672969032259294,2.404742582990703,-0.2701919983097793,1787259733.8897717
8.040230512619019,ramp,drive,1.40634765625,0.32,0.292,5029.09921875,4895.0,12.35,0.106,16.9,1.38651583253161,-0.5536030726751662,-2.0227303207863656,1.3951964241187054,14.699286961429225,2.397629887518212,-0.24197093359654673,1787259733.9076781
8.060269355773926,ramp,drive,1.4123593091964721,0.32,0.292,5050.596889686584,4936.0,12.07,0.108,16.9,1.4256425957928909,0.5126917475343085,-2.098322250892494,1.3509861838804156,14.726141232064132,2.391167864762561,-0.21356264113964643,1787259733.9287126
8.080308198928833,ramp,drive,1.4183709621429443,0.32,0.292,5072.094560623169,4993.0,11.46,0.105,16.9,1.472118352082245,-0.10633334794430649,-2.1634315846892775,1.4027926687521872,14.753313945479858,2.3854331569631113,-0.18442798781428868,1787259733.9478261
8.100272417068481,ramp,drive,1.4243602275848388,0.32,0.292,5093.512173843384,4997.0,11.99,0.104,16.9,1.4241978309015226,-0.5939014999541357,-1.69157354050472,1.4495603646780946,14.766723646906463,2.3829316058672267,-0.16974064914184978,1787259733.9565778
8.121785879135132,ramp,drive,1.430814266204834,0.32,0.292,5116.591815948486,4981.0,12.81,0.104,16.9,1.3526003428913964,-0.47802064429487956,-2.0623916938927493,1.4035057242358628,14.80832914555469,2.3763246243121237,-0.12819819115702388,1787259733.9885406
8.140331268310547,ramp,drive,1.4363778829574585,0.32,0.292,5136.487309455872,4995.0,12.71,0.107,16.9,1.5092735771885402,0.3025642234239392,-2.4330759460366096,1.476310260416192,14.83922725882949,2.3675286473733954,-0.09711330829345662,1787259734.00917
8.160235404968262,ramp,drive,1.442349123954773,0.32,0.292,5157.840467262268,5034.0,12.31,0.11,16.9,1.5782362667741965,-0.2889041038127367,-2.225824886699314,1.4815745720507554,14.867089959959923,2.3650025168181164,-0.06602643188197618,1787259734.02803
8.180431842803955,ramp,drive,1.448408055305481,0.32,0.292,5179.5072057724,5076.0,11.82,0.109,16.9,1.4894478076114999,-0.579351068631567,-1.764879793914531,1.449381309523896,14.89538789662403,2.3633118033806806,-0.035776403575976064,1787259734.0479264
8.200316667556763,ramp,drive,1.4543735027313232,0.32,0.292,5200.839645767212,5113.0,11.84,0.108,16.9,1.424205554068684,-0.08690807445120985,-2.2197537224276687,1.4988716227523544,14.909350876806222,2.3628120449262426,-0.020892235504154207,1787259734.0565813
8.220284461975098,ramp,drive,1.4603638410568238,0.32,0.292,5222.261095619202,5126.0,12.1,0.108,16.9,1.4275787139053784,-0.08770731577489332,-2.673492121612526,1.4244319295811798,14.952498624613362,2.362417464155773,0.021533934394174295,1787259734.087727
8.240215301513672,ramp,drive,1.466343092918396,0.32,0.292,5243.642900276184,5135.0,12.4,0.108,16.9,1.4026162392177932,-0.3200019003239021,-2.2982151737379866,1.6579628060092837,14.991436648626484,2.3573080958553665,0.050596233864277446,1787259734.1077383
8.260669231414795,ramp,drive,1.472479271888733,0.32,0.292,5265.585876274109,5141.0,12.72,0.111,16.9,1.4445907206326956,0.049325852548209426,-2.1890344966010957,1.5414457290569121,15.020190621009009,2.35895270457864,0.0793580092792819,1787259734.1277518
8.280229568481445,ramp,drive,1.478347373008728,0.32,0.292,5286.570205879211,5181.0,12.12,0.113,16.9,1.5938676907924165,-0.1391165130766412,-1.9823368762489793,1.4812091710753963,15.048994199494462,2.3614354236084147,0.11047411001575204,1787259734.1479526
8.300252437591553,ramp,drive,1.4843542337417603,0.32,0.292,5308.050739860535,5225.0,11.87,0.112,16.9,1.6223267628332214,-0.5709224530884001,-1.7242290718774314,1.472795960055459,15.077929551509536,2.3648411818312085,0.1427404284148311,1787259734.1677322
8.320285558700562,ramp,drive,1.490364170074463,0.32,0.292,5329.54227218628,5223.0,12.29,0.11,16.9,1.494050682081538,-0.8324881547643344,-1.8973309285397022,1.3835147607852312,15.106771399205611,2.3691811344877873,0.1734821080214572,1787259734.1896057
8.340187788009644,ramp,drive,1.4963348388671875,0.32,0.292,5350.893383789063,5253.0,12.2,0.114,16.9,1.4644411244498192,0.2106319561172647,-2.9196724826252023,1.2835670308024616,15.127802723494668,2.3689350898334984,0.19766427027592962,1787259734.2083907
8.360288381576538,ramp,drive,1.5023650169372558,0.32,0.292,5372.457300567627,5282.0,12.01,0.11,16.9,1.4717461753199066,0.04178338714321539,-2.740517880421379,1.3988633905279322,15.156617972821197,2.374889895337994,0.22701831404506487,1787259734.2277434
8.3805091381073,ramp,drive,1.5084312438964842,0.32,0.292,5394.150128173827,5295.0,12.29,0.109,16.9,1.4506823021520885,-0.5012677860097483,-2.2037355668233545,1.4104612599414117,15.185776618597362,2.3818199394581674,0.25655294790320904,1787259734.2487702
8.400248527526855,ramp,drive,1.514353060722351,0.32,0.292,5415.326545143127,5317.0,12.34,0.113,16.9,1.5013908866780146,0.2051391180434834,-2.3572053960927235,1.4710468955430354,15.214087662114103,2.3894330223541145,0.28596833409957634,1787259734.2679617
8.42026662826538,ramp,drive,1.5203584909439085,0.32,0.292,5436.801963615417,5357.0,12.02,0.115,16.9,1.6121637406393154,-0.23170850165379875,-2.297741549249878,1.1776343634814108,15.232607749508869,2.3934283335647017,0.31784214465116484,1787259734.2890863
8.44023084640503,ramp,drive,1.5263477563858032,0.32,0.292,5458.219576835632,5388.0,11.88,0.113,16.9,1.5107922448001576,-0.6168387392261678,-2.572705122903784,1.3958071683771784,15.261099914311414,2.403000653820297,0.3485884724128567,1787259734.3078864
8.460230112075806,ramp,drive,1.5323475360870362,0.32,0.292,5479.674789047242,5402.0,12.15,0.116,16.9,1.4287538337363759,-0.08998343592771985,-2.7292985349083096,1.4455239040676395,15.289397267554204,2.4134763530248224,0.37760397895058057,1787259734.327996
8.480225801467896,ramp,drive,1.538346242904663,0.32,0.292,5501.126164627075,5433.0,11.88,0.116,16.9,1.5247506710215901,-0.03249244886667846,-2.7639251627617796,1.4894889340260429,15.317462210810248,2.4248007371793947,0.4075672488261231,1787259734.3476398
8.500364303588867,ramp,drive,1.5443877935409547,0.32,0.292,5522.730749702454,5427.0,12.37,0.113,16.9,1.5438057217791614,-0.6336236110157074,-1.864335089201461,1.4903777438858414,15.345166851103848,2.436979837348356,0.43829903956167116,1787259734.3677747
8.520277738571167,ramp,drive,1.5503618240356445,0.32,0.292,5544.093882751465,5428.0,12.73,0.115,16.9,1.5252448205618543,-0.4917862696080242,-2.209645932657679,1.4957547753861942,15.372965992613342,2.450247028193056,0.4693812814125062,1787259734.3881953
8.540416717529297,ramp,drive,1.5564035177230835,0.32,0.292,5565.698979377747,5450.0,12.53,0.115,16.9,1.5899142281541938,0.016669549160273522,-2.761042192961014,1.516943743686141,15.402189204329737,2.4603064985815237,0.5021157371350546,1787259734.4083614
8.560262441635132,ramp,drive,1.5623572349548338,0.32,0.292,5586.989472198486,5495.0,12.18,0.117,16.9,1.6270259105766662,0.03617820486576839,-2.5181681401804497,1.5468419649891993,15.42896704236722,2.475249103230837,0.5344628444124047,1787259734.4277105
8.580228805541992,ramp,drive,1.568347144126892,0.32,0.292,5608.409387397765,5535.0,11.8,0.117,16.9,1.583016774088943,-0.28033764015466645,-1.9294751208817331,1.5312849023479684,15.455432277074838,2.4911511357637965,0.5663256027483987,1787259734.4479506
8.60027003288269,ramp,drive,1.5743595123291017,0.32,0.292,5629.909616088868,5577.0,11.58,0.114,16.9,1.5236060443850739,0.06796462068476039,-2.8011795294418675,1.501139702704465,15.481626661347025,2.5080319994499756,0.5971336622489919,1787259734.4691317
8.620617866516113,ramp,drive,1.5804638624191285,0.32,0.292,5651.738772010804,5581.0,12.14,0.115,16.9,1.4977956192064075,-0.35534207124298334,-2.450812306033896,1.6563433321920722,15.494294694304505,2.5166454653548977,0.6123538603482558,1787259734.476721
8.640282154083252,ramp,drive,1.58636314868927,0.32,0.292,5672.834619712829,5573.0,12.62,0.117,16.9,1.4692502607462843,-0.10034938027980811,-2.6624180794146355,2.1749990483931447,15.55254580231601,2.553225527150034,0.6731752072179907,1787259734.509469
8.6605064868927,ramp,drive,1.5924304485321046,0.32,0.292,5694.531283950806,5607.0,12.42,0.118,16.9,1.6179859434144466,0.5708713630394513,-2.6416306421593845,1.9020144281412636,15.576911595776163,2.572924943492663,0.7046166890631299,1787259734.5291264
8.680299043655396,ramp,drive,1.598368215560913,0.32,0.292,5715.7647388458245,5656.0,11.68,0.118,16.9,1.6726559800618657,-0.27818834976927675,-2.3228620658497334,1.7959076047506988,15.600816038723718,2.593532161688088,0.7377742656566798,1787259734.5478294
8.70040249824524,ramp,drive,1.604399251937866,0.32,0.292,5737.331724929809,5672.0,12.02,0.116,16.9,1.5726181952966198,-0.8263790566795208,-2.1199645511127017,1.640174734352153,15.625013337404337,2.6158481545830767,0.7709718902049886,1787259734.5700526
8.722131252288818,ramp,drive,1.61091787815094,0.32,0.292,5760.642332267761,5675.0,12.43,0.117,16.9,1.47861473408733,-0.13397520231390292,-3.219179745030175,1.7789752672827839,15.636012119295088,2.6265340851837644,0.7863525869981209,1787259734.5773451
8.740649223327637,ramp,drive,1.6164732694625854,0.32,0.292,5780.508411598205,5692.0,12.39,0.118,16.9,1.5306405180884093,0.0002634947347472938,-3.0142818977328716,1.6880039777844158,15.674341573601092,2.6559357159253207,0.8309043392143649,1787259734.6078286
8.760550737380981,ramp,drive,1.6224437236785887,0.32,0.292,5801.858755874633,5706.0,12.56,0.117,16.9,1.593435326589442,-0.38551377839047873,-2.439364334379036,1.7179010495826246,15.685002455604348,2.6676138640469524,0.8462507862235186,1787259734.616674
8.78023076057434,ramp,drive,1.6283477306365968,0.32,0.292,5822.97148475647,5753.0,12.11,0.121,16.9,1.648310559798852,-0.19400875984743138,-2.4607449716876033,1.618729898064293,15.71639771749496,2.704167858791257,0.8951571821310809,1787259734.6477928
8.801594018936157,ramp,drive,1.6347567081451415,0.32,0.292,5845.889988327026,5789.0,11.76,0.12,16.9,1.6710980308241694,-0.5702755317389787,-2.229228551076204,1.6734996394703825,15.726344730303397,2.7165787559917858,0.9116577735524581,1787259734.6566226
8.820226669311523,ramp,drive,1.6403465032577516,0.32,0.292,5865.87909564972,5807.0,12.05,0.122,16.9,1.5924527533052573,-0.33956843889869504,-2.8768027421530746,1.6117867705313516,15.755682580485225,2.7556167296264333,0.9606703538458975,1787259734.687912
8.840215682983398,ramp,drive,1.646343207359314,0.32,0.292,5887.323309516907,5829.0,12.06,0.121,16.9,1.6151034710085992,0.3061452411681742,-3.3173115229975565,1.4547985605257043,15.75993875116475,2.7649904183943157,0.9888226884039665,1787259734.7076416
8.860392332077026,ramp,drive,1.6523962020874023,0.32,0.292,5908.968818664551,5834.0,12.31,0.121,16.9,1.6389463527739152,-0.24984163179517438,-2.5668447507654264,1.5292062304379093,15.777664804560752,2.792337087415075,1.021513141699929,1787259734.7278748
8.880382776260376,ramp,drive,1.6583933353424072,0.32,0.292,5930.414567184448,5837.0,12.61,0.121,16.9,1.6290657588136122,-0.591893492922992,-2.1833881325647724,1.5859222543386797,15.794476540724403,2.8202460416310364,1.0541289929920632,1787259734.7476153
8.90037488937378,ramp,drive,1.664390969276428,0.32,0.292,5951.862106132507,5861.0,12.6,0.125,16.9,1.6544835008895464,-0.01192910616089371,-3.1803355203461763,1.5993192801319895,15.810465245032919,2.848859454987893,1.0871374543905674,1787259734.7678182
8.92019009590149,ramp,drive,1.6703355312347412,0.32,0.292,5973.119859695435,5901.0,12.04,0.123,16.9,1.6729285545994352,0.06656016053819824,-3.1272229194167096,1.620231669082372,15.825565964514109,2.878098194607768,1.1204606428178574,1787259734.7877593
8.941617012023926,ramp,drive,1.6767636060714721,0.32,0.292,5996.106655311584,5932.0,12.05,0.124,16.9,1.6375394047700265,-0.279297420445598,-2.7792662107645754,1.6798869179249873,15.832783851887203,2.8930275596623045,1.1374986847914346,1787259734.7968752
8.960227966308594,ramp,drive,1.6823468923568725,0.32,0.292,6016.072487068176,5949.0,12.15,0.123,16.9,1.5802954229290458,-0.20888349238199666,-3.0069228841586835,1.6521851170356863,15.853751470047301,2.9298275348418534,1.184267030966086,1787259734.8278067
8.980409145355225,ramp,drive,1.6884012460708617,0.32,0.292,6037.7228559494015,5966.0,12.33,0.124,16.9,1.6085450373501156,-0.29772594462535196,-2.486906877439708,1.6027350212492557,15.86607771553584,2.9607071425139813,1.216239796238996,1787259734.8491938
9.000455141067505,ramp,drive,1.6944150447845459,0.32,0.292,6059.228200149536,5971.0,12.6,0.126,16.9,1.6174815407039855,-0.129312339992393,-2.743899033017044,1.699105671768505,15.877407863684162,2.991987233134345,1.2484634782190638,1787259734.867778
9.02031135559082,ramp,drive,1.7003719091415403,0.32,0.292,6080.529947090148,5999.0,12.42,0.126,16.9,1.6797101611572676,0.12920688910809996,-2.838239476193195,1.667097253169263,15.887816635143034,3.0239096010491346,1.2818123519636189,1787259734.8881867
9.040456533432007,ramp,drive,1.7064154624938963,0.32,0.292,6102.141693878173,6040.0,12.08,0.126,16.9,1.7441111221117274,-0.3296102647656127,-2.4493066479389825,1.7295705633962846,15.904596319357669,3.053898073765532,1.3158904862457985,1787259734.9077814
9.060184717178345,ramp,drive,1.7123339176177979,0.32,0.292,6123.306089401245,6058.0,12.1,0.124,16.9,1.7346137570322866,-0.5611327518635107,-2.3841060975741186,1.6967808494989087,15.91286961386649,3.086656155189076,1.3505969808243514,1787259734.927945
9.080315351486206,ramp,drive,1.718373107910156,0.32,0.292,6144.902233886718,6064.0,12.61,0.126,16.9,1.645082009609349,-0.4017912580200722,-3.3734564900940995,1.6912361388212775,15.92001279885066,3.119722946275133,1.3839104049291546,1787259734.9478962
9.100371837615967,ramp,drive,1.7243900537490844,0.32,0.292,6166.418832206726,6066.0,12.82,0.126,16.9,1.5769715315725177,-0.1779814679682694,-3.233754515388938,1.7643215760610746,15.92313694592489,3.1362447387655705,1.4003860027943897,1787259734.9565866
9.120559692382812,ramp,drive,1.7304464101791381,0.32,0.292,6188.076362800598,6093.0,12.7,0.127,16.9,1.6344219083979799,0.17161116378555796,-3.1523481137892873,1.8027215172677429,15.931092241503457,3.1867939861229866,1.4482478062642576,1787259734.9882011
9.140335083007812,ramp,drive,1.7363790273666382,0.32,0.292,6209.291401863098,6158.0,11.82,0.128,16.9,1.700883490245888,-0.11448102303590435,-2.9273112854803287,1.770259302749777,15.94212747266114,3.2181858104883867,1.4809014556650097,1787259735.0078757
9.160728216171265,ramp,drive,1.7424969673156738,0.32,0.292,6231.16915512085,6171.0,12.16,0.126,16.9,1.6373346076821993,-0.764210653211137,-2.4372277616882343,1.7455774629660612,15.944971942635082,3.2524714438187243,1.5139238289710437,1787259735.0277357
9.180373907089233,ramp,drive,1.7483906745910645,0.32,0.292,6252.2450523376465,6180.0,12.51,0.127,16.9,1.5613650081104897,-0.11820158824216431,-3.37692915161864,1.726358120887252,15.946693983706528,3.2869342793400023,1.5455267953797287,1787259735.0478103
9.200560569763184,ramp,drive,1.7544466733932493,0.32,0.292,6273.9013040542595,6197.0,12.59,0.127,16.9,1.6350602681112716,0.09871260750455413,-3.2590650665056273,1.7904061322918334,15.94712769158365,3.3040938994160682,1.5612027836525497,1787259735.056659
9.220287561416626,ramp,drive,1.7603647708892822,0.32,0.292,6295.064420700073,6216.0,12.55,0.128,16.9,1.738367882062917,-0.1859334257800782,-2.5152769842774205,1.7927762540639463,15.947205540615357,3.338730715060145,1.5942361699215775,1787259735.0766063
9.2402925491333,ramp,drive,1.7663662672042846,0.32,0.292,6316.525771522522,6234.0,12.65,0.127,16.9,1.764169785126095,-0.49083119998053704,-2.7267494411355813,1.8355339977284877,15.953154148762588,3.3890390233561574,1.645510841873436,1787259735.1079295
9.260224342346191,ramp,drive,1.7723458051681518,0.32,0.292,6337.908599281311,6267.0,12.4,0.129,16.9,1.7061056828274246,-0.21316756474831777,-3.3516884747319864,1.7227864470237562,15.950278463506855,3.4239065698927225,1.6799189881928045,1787259735.129719
9.280261516571045,ramp,drive,1.7783569574356077,0.32,0.292,6359.404479789733,6285.0,12.38,0.128,16.9,1.7016050737432449,-0.08835421885176498,-3.1696073409689234,1.806474344642851,15.946200322607334,3.458736688096229,1.713943424411776,1787259735.1482542
9.300215005874634,ramp,drive,1.7843430042266846,0.32,0.292,6380.810583114624,6309.0,12.35,0.128,16.9,1.6904158024232772,0.17546033119657523,-3.393162484768169,1.791969885109145,15.940914878414024,3.4935893621304186,1.7478223273967937,1787259735.1680222
9.32024598121643,ramp,drive,1.7903522968292236,0.32,0.292,6402.2998134613035,6328.0,12.51,0.128,16.9,1.6838287397830751,-0.39714458517759255,-2.380158349757494,1.7586357502169339,15.934422649315795,3.528401063986152,1.7815936822122769,1787259735.1884847
9.340620756149292,ramp,drive,1.7964647293090819,0.32,0.292,6424.157872009277,6343.0,12.53,0.13,16.9,1.6507245821689542,-0.08926757224829718,-3.048968167188548,1.673771417470472,15.93587215385457,3.5563856105008367,1.8104557474363177,1787259735.2078006
9.360286951065063,ramp,drive,1.8023645877838135,0.32,0.292,6445.255765914917,6377.0,12.36,0.133,16.9,1.699449244840826,0.25456757095823335,-3.5985696245705867,1.7235920561333227,15.92715977763917,3.5909550742089835,1.8442563297132821,1787259735.2278109
9.385878086090088,ramp,drive,1.8100419282913207,0.32,0.292,6472.709935569763,6411.0,12.11,0.131,16.9,1.7189542366645663,0.20657086367487842,-3.2360457469403627,1.8071357402622457,15.922418334168576,3.607859414910354,1.8612087617508166,1787259735.2365801
9.400146007537842,ramp,drive,1.814322304725647,0.32,0.292,6488.016561698913,6417.0,12.52,0.131,16.9,1.730271872349076,-0.19967010737450508,-2.8227908394177916,1.766924179834985,15.906124333397981,3.6594396007662016,1.9131153761091322,1787259735.2678568
9.421131372451782,ramp,drive,1.820617914199829,0.32,0.292,6510.529661178589,6434.0,12.73,0.133,16.9,1.691031924741467,-0.28096829893485875,-3.470509749088251,1.8453716339322503,15.900186759694153,3.6761018787423265,1.9303563374068082,1787259735.2765772
9.440219640731812,ramp,drive,1.8263443946838378,0.32,0.292,6531.007555389404,6442.0,12.64,0.133,16.9,1.7088553966529314,-0.11483083272727601,-3.107915412506401,1.9355629111273964,15.886657685282588,3.7256391273687366,1.9817429351939644,1787259735.3080535
9.460257291793823,ramp,drive,1.8323556900024414,0.32,0.292,6552.50394744873,6483.0,12.52,0.134,16.9,1.7567901657454854,0.1011844997548188,-3.4932098106652347,1.8763302257026564,15.871954254843905,3.7587004608387082,2.0166293714509163,1787259735.3278427
9.48056674003601,ramp,drive,1.8384485244750977,0.32,0.292,6574.291923522949,6532.0,11.92,0.132,16.9,1.7800704547305222,-0.21835229108913268,-2.882755792663488,1.8524745481081992,15.85598996889974,3.7914801449816404,2.0521139506794395,1787259735.3476493
9.50027585029602,ramp,drive,1.8443612575531005,0.32,0.292,6595.4358570098875,6530.0,12.54,0.131,16.9,1.7241990661153683,-0.4522598210085924,-2.939648911034766,1.742966915997067,15.838756122669922,3.8238666222845894,2.0870850100337934,1787259735.3701663
9.521097183227539,ramp,drive,1.850607657432556,0.32,0.292,6617.77298297882,6530.0,12.85,0.133,16.9,1.680559443228894,-0.020566202359812102,-3.8588058155306726,1.878528957494698,15.82060636427697,3.855290065502451,2.120786302164831,1787259735.388029
9.540348768234253,ramp,drive,1.8563831329345701,0.32,0.292,6638.426083374023,6564.0,12.6,0.134,16.9,1.7731528937990413,0.38440806986330145,-2.982038887442087,1.6524261696835605,15.808408431032202,3.882502371549028,2.1568945622915248,1787259735.4091647
9.560210466384888,ramp,drive,1.8623416423797607,0.32,0.292,6659.733713150024,6594.0,12.23,0.133,16.9,1.8496162434368513,-0.19399600560774388,-3.1424218800730728,1.8229685349171483,15.787816214912603,3.9129973849378765,2.193484773337939,1787259735.4277074
9.581001043319702,ramp,drive,1.868578815460205,0.32,0.292,6682.037844085693,6622.0,12.36,0.134,16.9,1.7704954585053059,-0.28785109331888137,-3.6710724705153837,1.809742047950628,15.765981598008516,3.9429147525426034,2.2293600504333995,1787259735.4482067
9.600373983383179,ramp,drive,1.8743906974792481,0.32,0.292,6702.821134185791,6623.0,12.68,0.136,16.9,1.7071135561419648,-0.1556203987332374,-3.338401846036561,1.8482603849127242,15.743072058412984,3.972054516914028,2.26388405435526,1787259735.4677489
9.620400667190552,ramp,drive,1.88039870262146,0.32,0.292,6724.305760574341,6647.0,12.76,0.135,16.9,1.684880288939493,0.11751992163949687,-3.660410657038625,1.8306436521569587,15.719203327769515,4.000365082396795,2.2975972838434386,1787259735.488054
9.640705823898315,ramp,drive,1.886490249633789,0.32,0.292,6746.089132690429,6675.0,12.59,0.135,16.9,1.7527386987791478,-0.22398469489748862,-2.581177446385823,1.6336477462285461,15.70062758189678,4.023984442111262,2.3351506519245593,1787259735.5089238
9.66022515296936,ramp,drive,1.8923460483551025,0.32,0.292,6767.029468917846,6681.0,12.99,0.138,16.9,1.754520353548411,-0.5718485059069707,-3.192383416352641,1.814381992990906,15.67459366206588,4.050719780009503,2.370240173224973,1787259735.527712
9.68022108078003,ramp,drive,1.8983448266983032,0.32,0.292,6788.481100273132,6716.0,12.59,0.136,16.9,1.6968614512095959,-0.46903014784857433,-3.966361259007442,1.8407393774299607,15.64750752649783,4.076666607044815,2.4044709010868255,1787259735.5476854
9.70072317123413,ramp,drive,1.9044954538345338,0.32,0.292,6810.475742912293,6725.0,12.81,0.134,16.9,1.7498210726469117,0.06082987068112322,-2.8842447861930793,1.8504537905624163,15.619507959125634,4.1017000894455125,2.439197470019356,1787259735.5677536
9.72031831741333,ramp,drive,1.9103739976882934,0.32,0.292,6831.497415733337,6728.0,13.16,0.137,16.9,1.8133473183413347,-0.11834288986896002,-3.3747662664562768,1.856558897333115,15.590641892939901,4.125734322111452,2.47511513856302,1787259735.5877833
9.74025583267212,ramp,drive,1.9163552522659302,0.32,0.292,6852.886382102966,6750.0,13.06,0.136,16.9,1.787665523843319,-0.2748030675773805,-3.420099146627365,1.815638334793388,15.565995372381767,4.149490371108866,2.5130425433900587,1787259735.60762
9.760528326034546,ramp,drive,1.922437000274658,0.32,0.292,6874.634712982177,6770.0,13.16,0.139,16.9,1.815674921134064,-0.0667796458370038,-3.839657352892914,1.8449603792750473,15.535217756548278,4.171484558581232,2.549232339004224,1787259735.6276746
9.780248165130615,ramp,drive,1.928352952003479,0.32,0.292,6895.790156364441,6818.0,12.52,0.14,16.9,1.7882570119214256,0.020208891786790417,-3.996056637329474,1.8595013651106862,15.503445068502678,4.192511871877556,2.585165044747505,1787259735.6478882
9.800213813781738,ramp,drive,1.9343426465988158,0.32,0.292,6917.209304237365,6833.0,12.8,0.139,16.9,1.7782275472561875,-0.3128670909344784,-3.0198732979397107,1.87029348038539,15.470931343101832,4.212387976066686,2.6207268665471344,1787259735.668046
9.821226835250854,ramp,drive,1.9406465530395507,0.32,0.292,6939.752073669433,6838.0,13.19,0.138,16.9,1.709813202538978,-0.41812834270677257,-3.5227964307714785,1.8931487701439544,15.437632919125042,4.231149169963735,2.6552810146281627,1787259735.6879058
9.840153217315674,ramp,drive,1.9463244676589966,0.32,0.292,6960.056296348572,6847.0,13.24,0.134,16.9,1.712951072093364,-0.05132865190268987,-3.54831631221748,1.8208039173918589,15.406163662933238,4.250259984576983,2.6922281485267208,1787259735.708959
9.860230684280396,ramp,drive,1.952347707748413,0.32,0.292,6981.595402908325,6867.0,13.34,0.14,16.9,1.8464513427974014,0.36638731590255347,-3.3708667581708482,1.938855980979414,15.371522356855454,4.266623691125198,2.728447823768162,1787259735.7276545
9.880224227905273,ramp,drive,1.9583457708358765,0.32,0.292,7003.044476509094,6908.0,12.75,0.139,16.9,1.8594559578744219,-0.32928760808308866,-3.7701810258992907,1.9214863645580444,15.336007608257777,4.281848289009001,2.765631210049136,1787259735.7478032
9.90138554573059,ramp,drive,1.9646941661834716,0.32,0.292,7025.746338272094,6916.0,13.22,0.141,16.9,1.7795796341416206,-0.17315002310326832,-3.3188677595100273,1.8229534420564175,15.29829290093043,4.296363385051764,2.803266920671377,1787259735.7716122
9.920739650726318,ramp,drive,1.9705003976821898,0.32,0.292,7046.5094221115105,6926.0,13.48,0.143,16.9,1.7975871304844093,0.11674790641485977,-4.27959807671246,2.164272360028415,15.26374152176294,4.308192399641837,2.8371613732446863,1787259735.7866821
9.940215349197388,ramp,drive,1.9763431072235107,0.32,0.292,7067.402951431274,6967.0,13.11,0.139,16.9,1.8343085266491304,0.1185855767377415,-3.540814626575269,2.3612784242155884,15.214760474608779,4.329577997692252,2.8801023876320984,1787259735.8091204
9.960416555404663,ramp,drive,1.9824034690856933,0.32,0.292,7089.074805450439,6980.0,13.47,0.142,16.9,1.9085975384149454,-0.08287760680211331,-3.2188470384453183,2.2254123338301994,15.17701083986137,4.339333621914703,2.9178673476756933,1787259735.8278377
9.980668306350708,ramp,drive,1.988478994369507,0.32,0.292,7110.800883865357,7016.0,12.87,0.139,16.9,1.7857585673447678,-0.45721800427828185,-4.343163745510964,2.0905500800048453,15.138735081847265,4.34771248707536,2.954197275942267,1787259735.8476877
10.000208854675293,ramp,drive,1.9943411588668822,0.32,0.292,7131.763984107971,7032.0,13.24,0.142,16.9,1.7472206290005037,0.2199160193469787,-3.661095950742407,1.9998409006530702,15.100021923430628,4.354737810127966,2.9893929362987377,1787259735.868138
10.020232439041138,ramp,drive,2.0003482341766357,0.32,0.292,7153.245285415649,7048.0,13.31,0.144,16.9,1.79486897511782,-0.35097452986965294,-3.363607731988594,1.9924871042994534,15.061078893965567,4.360395778138976,3.0250321493225094,1787259735.887884
10.041429281234741,ramp,drive,2.0067072868347164,0.32,0.292,7175.985257720946,7040.0,13.7,0.144,16.9,1.8122467670208595,-0.4809146872607606,-3.3254254121447673,1.9093048939251291,15.023659469083992,4.369398950199246,3.061763537952041,1787259735.9088776
10.060161828994751,ramp,drive,2.0123270511627194,0.32,0.292,7196.081534957884,7102.0,13.2,0.142,16.9,1.8120052183099893,-0.21656724570937413,-3.71431380155812,2.0104370292518263,14.984092605447978,4.372247118313926,3.098020635305543,1787259735.927734
10.080276489257812,ramp,drive,2.018361449241638,0.32,0.292,7217.660542488098,7131.0,12.92,0.142,16.9,1.7836275058404865,-0.07715832615622986,-3.8575033481883736,1.9926196735955821,14.944289414053582,4.373671045834347,3.1338443703245,1787259735.9477632
10.103228569030762,ramp,drive,2.0252470731735226,0.32,0.292,7242.283533668517,7141.0,13.23,0.144,16.9,1.8206973766338443,0.05295032241562048,-3.397485039124149,2.064970930425069,14.92456814109672,4.373823854901591,-3.1315070236900753,1787259735.956592
10.120228052139282,ramp,drive,2.030346918106079,0.32,0.292,7260.520579147338,7163.0,13.3,0.143,16.9,1.8002987611063281,-0.2484388116099474,-3.438706157072545,1.9882719664029473,14.864325939766497,4.372200955319993,-3.0769344415673157,1787259735.9880898
10.140236616134644,ramp,drive,2.0363494873046877,0.32,0.292,7281.985766601563,7184.0,13.52,0.148,16.9,1.7829468018658623,-0.2745911060009121,-3.988566061397478,2.0988786795724486,14.821005386990675,4.3768186510985005,-3.041357818691326,1787259736.0078297
10.160500049591064,ramp,drive,2.0424285173416137,0.32,0.292,7303.7243780136105,7218.0,13.02,0.143,16.9,1.8599981774723617,-0.19709857491075056,-3.908039665791165,2.0562721492190064,14.779483873470577,4.372287623142942,-3.003184679383064,1787259736.0284896
10.180181503295898,ramp,drive,2.048332953453064,0.32,0.292,7324.838641548156,7223.0,13.33,0.144,16.9,1.8681543746268383,-0.2575108767180936,-3.8166026576714387,2.0333958198744733,14.741028876328244,4.366613701088392,-2.9672390059795046,1787259736.0477571
10.200357675552368,ramp,drive,2.054385805130005,0.32,0.292,7346.483639144897,7243.0,13.44,0.145,16.9,1.8392461604681918,-0.1428677030761909,-3.6564108690004673,2.0157095377069103,14.701219987333866,4.3592568971242125,-2.9302944390172696,1787259736.0678816
10.220726013183594,ramp,drive,2.060496306419372,0.32,0.292,7368.334791755675,7264.0,13.46,0.144,16.9,1.813629347100774,-0.1448484474631888,-3.8042577230971233,2.0221094659058383,14.661606532733115,4.350419221446812,-2.8938928297004693,1787259736.0877738
10.24064826965332,ramp,drive,2.06647298336029,0.32,0.292,7389.7073884963975,7295.0,13.43,0.149,16.9,1.8990782022565116,0.14021807373503758,-4.200872331243346,2.210878482270925,14.61093405605498,4.348144654815826,-2.8551837438012693,1787259736.1092787
10.260517358779907,ramp,drive,2.0724337100982666,0.32,0.292,7411.022947311401,7334.0,12.85,0.146,16.9,1.854477311374573,-0.5563140612381972,-3.4209399762741555,2.2229962604827986,14.571738077140552,4.336242850409055,-2.8178656408877742,1787259736.1276586
10.28031849861145,ramp,drive,2.0783740520477294,0.32,0.292,7432.26561012268,7336.0,13.45,0.147,16.9,1.7291619999647856,-0.0765258583936177,-4.303928342083083,2.1218055414912387,14.533003969121225,4.32289367799062,-2.78266853267877,1787259736.147752
10.300597667694092,ramp,drive,2.084457802772522,0.32,0.292,7454.021102714538,7356.0,13.49,0.149,16.9,1.7749440027901744,0.31592047053370464,-4.04315479198155,2.1738787013830723,14.51391240027666,4.315730997891222,-2.7653576176091357,1787259736.1566355
10.320214748382568,ramp,drive,2.0903429269790648,0.32,0.292,7475.0663068771355,7347.0,13.97,0.15,16.9,1.901691695392261,-0.3439520966608569,-3.5152792500071257,2.0555788406284323,14.456790958766236,4.292021704450263,-2.709931473364281,1787259736.1880171
10.340218782424927,ramp,drive,2.0963441371917724,0.32,0.292,7496.526634597778,7403.0,13.35,0.147,16.9,1.921886046464168,-0.25544673641428517,-3.953942357151959,2.1695781265623926,14.41312844473883,4.281483416316302,-2.670151265209473,1787259736.2078176
10.360467433929443,ramp,drive,2.1024187326431276,0.32,0.292,7518.2493879318245,7417.0,13.44,0.149,16.9,1.8099165010670402,-0.3992920848531121,-3.931120965844997,2.1150130606690967,14.376411455701547,4.262372393191314,-2.633433501866013,1787259736.2277627
10.380266189575195,ramp,drive,2.1083583593368527,0.32,0.292,7539.489492988585,7457.0,13.12,0.15,16.9,1.8091294038068675,0.13172053413441898,-4.331052699572751,2.089639999494301,14.340231573363877,4.241844307571273,-2.5972912425807064,1787259736.2477832
10.401297569274902,ramp,drive,2.114667773246765,0.32,0.292,7562.051957130432,7447.0,13.62,0.146,16.9,1.8613505306739042,0.038550525424604576,-3.4483856382776708,2.1662011489522834,14.322561595801366,4.231148815922102,-2.5791937775627485,1787259736.2565918
10.420827627182007,ramp,drive,2.1205267906188965,0.32,0.292,7583.003803253174,7508.0,13.35,0.151,16.9,1.8440964426034987,0.2122594738460979,-4.323175037948005,2.194679005223864,14.28285996564751,4.205631616894616,-2.5367244942253264,1787259736.2792976
10.44015383720398,ramp,drive,2.1263246536254883,0.32,0.292,7603.736961364746,7524.0,13.07,0.148,16.9,1.7632057208114864,-0.49552125185599394,-3.9035750240887523,1.9742333667175287,14.236308996367102,4.178018333568295,-2.4849664184881597,1787259736.308928
10.460232019424438,ramp,drive,2.132348108291626,0.32,0.292,7625.276835250854,7537.0,13.51,0.153,16.9,1.8017525807454022,0.1924137124394072,-3.9098932332322818,2.0954866125243066,14.203148176739969,4.152037621713561,-2.4491030873763204,1787259736.3280492
10.480257272720337,ramp,drive,2.1383556842803957,0.32,0.292,7646.759926986695,7558.0,13.49,0.151,16.9,1.8797053032228392,-0.11716310442531697,-3.8103876518885897,2.10293729026271,14.170900827785365,4.124837273650815,-2.4119497406308947,1787259736.3478525
10.50032114982605,ramp,drive,2.1443748474121094,0.32,0.292,7668.284454345703,7561.0,13.92,0.152,16.9,1.8401847915943903,-0.7326072552498957,-3.4712169698516675,2.113240123559486,14.137583482775646,4.0944890383991766,-2.3724699986648075,1787259736.369077
10.520439386367798,ramp,drive,2.1504103183746337,0.32,0.292,7689.86729850769,7613.0,13.04,0.151,16.9,1.8226345600107683,0.19647314207977118,-4.518393404040182,2.1214081460648906,14.109268868681236,4.066684695843247,-2.3384267067839044,1787259736.387746
10.540308237075806,ramp,drive,2.1563709735870358,0.32,0.292,7711.18260154724,7634.0,13.3,0.154,16.9,1.8134505158335754,-0.10070087104575176,-4.012187351839913,1.855876338353093,14.099119188309132,4.057388807522116,-2.308262877461862,1787259736.4077976
10.56026291847229,ramp,drive,2.1623573780059813,0.32,0.292,7732.589983749389,7657.0,13.28,0.15,16.9,1.7897864653354583,-0.2292365180407856,-4.088643208095647,1.984148819206478,14.0704146281946,4.025301536812061,-2.2720642892176937,1787259736.4281194
10.580229759216309,ramp,drive,2.168347430229187,0.32,0.292,7754.0104104995735,7617.0,14.41,0.15,16.9,1.7522181839440918,-0.3963435531440389,-3.8324491974890122,2.0609473927115514,14.043387031717733,3.992768322891966,-2.237053811462406,1787259736.4478405
10.601269006729126,ramp,drive,2.1746592044830324,0.32,0.292,7776.581315231324,7675.0,13.65,0.157,16.9,1.8941014199694262,0.37314333533678834,-4.1080799384774025,2.1655463594580198,14.030353262757421,3.9761897286447403,-2.2195776269756866,1787259736.4565923
10.620315551757812,ramp,drive,2.180373167991638,0.32,0.292,7797.014448738097,7709.0,13.23,0.151,16.9,1.912585089515121,-0.5236414998491696,-3.740571601651027,2.1915469660558458,13.9906860190493,3.921704783884615,-2.1591583397609084,1787259736.4881358
10.64023470878601,ramp,drive,2.1863489151000977,0.32,0.292,7818.383720397949,7717.0,13.89,0.153,16.9,1.858207068481229,-0.23653983688350166,-3.9418260487194345,2.456123672888765,13.9569174272323,3.878772353356822,-2.111845800537118,1787259736.507724
10.660228252410889,ramp,drive,2.192346978187561,0.32,0.292,7839.8327939987175,7763.0,13.29,0.152,16.9,1.8386275081469665,0.21265275393319527,-4.514685684436358,2.354131735964209,13.933665034013917,3.839189850865095,-2.072013582145627,1787259736.528009
10.680224657058716,ramp,drive,2.198345899581909,0.32,0.292,7861.284936904907,7765.0,14.06,0.16,16.9,1.9333538844341585,-0.1301422426544656,-3.5455195888512776,2.226892342481394,13.91425576657821,3.8032868339274177,-2.036753781682054,1787259736.5475974
10.700252771377563,ramp,drive,2.2043543338775633,0.32,0.292,7882.771097946166,7825.0,12.77,0.154,16.9,1.8689342813520682,-0.7090774006461373,-4.502964940159643,2.28135930083591,13.904555819826559,3.783998452382071,-2.0173843895795707,1787259736.5565617
10.720543384552002,ramp,drive,2.210441517829895,0.32,0.292,7904.538867759704,7835.0,13.32,0.152,16.9,1.7725298472620172,-0.08665432355358771,-4.14268990176555,2.2936898656593105,13.885914906646361,3.744341738058264,-1.9802998885947183,1787259736.5766137
10.740220069885254,ramp,drive,2.2163445234298704,0.32,0.292,7925.648015785217,7847.0,13.49,0.152,16.9,1.8313376372950927,0.1689128746445654,-3.943719084867894,1.8761676573368509,13.860897468166506,3.6947797865321865,-1.9260940908091546,1787259736.6090727
10.760244369506836,ramp,drive,2.222351813316345,0.32,0.292,7947.13008441925,7847.0,14.32,0.159,16.9,1.9343461782563218,0.11425984295811453,-4.5381306813193305,2.118606508373807,13.845978155710124,3.653488778592499,-1.8878613988225839,1787259736.6278389
10.780222654342651,ramp,drive,2.2283452987670898,0.32,0.292,7968.562788391113,7898.0,13.01,0.157,16.9,1.9048123875576155,-0.7124915169214532,-3.997501776739796,2.149635589101646,13.832589201735457,3.611501766087324,-1.8496507293199214,1787259736.6479397
10.800255060195923,ramp,drive,2.234355020523071,0.32,0.292,7990.053553390502,7917.0,13.44,0.157,16.9,1.8257985285438365,0.1832837416212758,-4.187611137937097,2.1870458245311077,13.820755572361934,3.568853391221956,-1.81270819745554,1787259736.667728
10.820451736450195,ramp,drive,2.240414023399353,0.32,0.292,8011.720547676086,7950.0,13.42,0.159,16.9,1.8566649650520188,0.3810374057111616,-4.24258695421392,2.2000085087495838,13.810477024473501,3.5257242787055074,-1.7757879116760487,1787259736.6876352
10.840219974517822,ramp,drive,2.246344494819641,0.32,0.292,8032.927913475036,7946.0,13.75,0.162,16.9,1.8411420648482193,-0.6987132104588198,-4.3930135999667925,2.113014933438746,13.795883600978277,3.4898586941556147,-1.739576088836145,1787259736.7077532
10.860229253768921,ramp,drive,2.2523472785949705,0.32,0.292,8054.3938682556145,7989.0,13.25,0.16,16.9,1.7945987974252315,-0.1596797552834026,-4.291448629182213,2.1609878728797383,13.788708830996207,3.4456142822508284,-1.7032772112023837,1787259736.727944
10.880175113677979,ramp,drive,2.2583310365676876,0.32,0.292,8075.791786766051,8015.0,13.29,0.158,16.9,1.8142249630785705,-0.0027990713888383922,-4.358784290433903,2.1973255648191636,13.783169836195428,3.401394469669624,-1.6673338530154427,1787259736.747793
10.900625705718994,ramp,drive,2.2644662141799925,0.32,0.292,8097.731181907653,8015.0,13.7,0.158,16.9,1.8502161204723917,-0.3403421717430035,-3.7646308485645648,2.2031332543801927,13.779219180965923,3.3567614341766334,-1.630659511492713,1787259736.7679465
10.920308351516724,ramp,drive,2.2703710079193113,0.32,0.292,8118.846724319457,8010.0,14.19,0.161,16.9,1.8306552022657598,-0.2799425510851492,-4.496437400686801,2.180304452250994,13.776927404119444,3.3120926038370375,-1.5939789675857796,1787259736.7886138
10.94029450416565,ramp,drive,2.276366853713989,0.32,0.292,8140.287868881225,8062.0,13.63,0.161,16.9,1.9331094062460892,0.032822010288918735,-4.536633794048271,2.050423176384015,13.76998388317535,3.2738810641851233,-1.555960551139889,1787259736.8096013
10.960227727890015,ramp,drive,2.2823468208312985,0.32,0.292,8161.672231292723,8078.0,13.47,0.16,16.9,1.8684009833437796,-0.48403172842312614,-4.085158559778506,2.2801090495166862,13.771037979017917,3.2287854073128717,-1.5182725344614236,1787259736.827922
10.980331420898438,ramp,drive,2.2883779287338255,0.32,0.292,8183.23947315216,8090.0,13.88,0.161,16.9,1.8134134978944234,-0.011001216951078696,-4.734285479038306,2.2683961923545946,13.7737831484213,3.1837193213086303,-1.481764366156257,1787259736.8478034
11.001777410507202,ramp,drive,2.294811725616455,0.32,0.292,8206.246730804443,8072.0,14.31,0.158,16.9,1.8004889108081596,-0.1221086065455177,-3.716119421828836,2.3533574325142017,13.775780457523311,3.1613450082329573,-1.4636138297351053,1787259736.856607
11.020737409591675,ramp,drive,2.3004997253417967,0.32,0.292,8226.587017822265,8136.0,13.8,0.161,16.9,1.9516523311260383,-0.14186918132552773,-4.387558732251279,2.2608630253408664,13.784212598615124,3.093830286261742,-1.4082042344204295,1787259736.8876936
11.040491819381714,ramp,drive,2.3064260482788086,0.32,0.292,8247.77954864502,8164.0,13.67,0.161,16.9,1.8798824034353294,-0.702518870929012,-4.34229367978466,2.2570480385728695,13.791960818198314,3.0490286051651796,-1.369994379638184,1787259736.9077299
11.06037712097168,ramp,drive,2.3123916387557983,0.32,0.292,8269.112500190735,8186.0,13.67,0.162,16.9,1.8195351731341338,-0.059503553093334105,-4.424568100585049,1.96360338884362,13.792939239243045,3.019695370844167,-1.336375720049078,1787259736.927808
11.080210208892822,ramp,drive,2.3183415651321413,0.32,0.292,8290.389436912537,8146.0,14.61,0.165,16.9,1.8169710816366056,-0.2563183735798624,-3.9615264885383965,2.099920337138624,13.803846115423655,2.975682524460743,-1.3001633529399763,1787259736.9480162
11.100183010101318,ramp,drive,2.3243334054946896,0.32,0.292,8311.81625804901,8229.0,13.63,0.164,16.9,1.890116398872286,0.24598495436623224,-4.531297040093989,2.2094458803687806,13.816495065020398,2.9314706133174186,-1.2626952741183841,1787259736.967772
11.121025085449219,ramp,drive,2.3305860280990602,0.32,0.292,8334.17563648224,8228.0,14.02,0.162,16.9,1.774857583212801,-0.5029513456484977,-4.287381598161176,2.225953108595168,13.830784840522284,2.887808937452137,-1.2266390826859574,1787259736.9881573
11.140220880508423,ramp,drive,2.336344766616821,0.32,0.292,8354.768885421752,8268.0,13.81,0.166,16.9,1.8225693125640612,0.46028592882706576,-4.74713824431376,2.296623286801971,13.838033381687236,2.8401081892960254,-1.186779271373368,1787259737.0089161
11.16036581993103,ramp,drive,2.342388248443603,0.32,0.292,8376.380376434325,8244.0,14.64,0.166,16.9,1.9442374248609853,-0.5083751865746287,-4.219767901793318,2.3533824930350065,13.855664658123281,2.797560574793306,-1.14851253754702,1787259737.0281477
11.180225849151611,ramp,drive,2.3483462572097777,0.32,0.292,8397.686215782165,8313.0,13.51,0.163,16.9,1.9452021549658665,-0.028447463676848805,-4.540096515305777,2.3565104874843366,13.875055799853811,2.755374910418751,-1.1096090063283943,1787259737.047731
11.200259447097778,ramp,drive,2.3543563365936278,0.32,0.292,8419.178259658813,8336.0,13.86,0.165,16.9,1.871979073426356,0.013944079601608816,-4.713799758123628,2.4278105546998643,13.885311233724991,2.7347372619544394,-1.0901268205772416,1787259737.0566144
11.220461368560791,ramp,drive,2.3604169130325316,0.32,0.292,8440.850881004333,8357.0,13.78,0.162,16.9,1.8677054988251054,0.08995970902194017,-4.038950351386802,2.28558162073563,13.918766212678523,2.673114731489191,-1.0344868960336955,1787259737.088467
11.240156650543213,ramp,drive,2.3663254976272583,0.32,0.292,8461.979979515076,8345.0,14.64,0.168,16.9,1.8669041536531008,-0.27912880135700746,-4.7622965668196,2.5386434176892685,13.94163438657519,2.6191956171069477,-0.9885453825173225,1787259737.109661
11.260281801223755,ramp,drive,2.372363042831421,0.32,0.292,8483.570241165162,8400.0,13.67,0.165,16.9,1.8009935798347296,-0.5654151066101605,-4.079258718932806,2.5780723671224814,13.967795740992615,2.5801663547837004,-0.9521175151921973,1787259737.1278098
11.280350923538208,ramp,drive,2.3783837795257567,0.32,0.292,8505.100395584106,8403.0,14.15,0.166,16.9,1.7965073518204369,-0.1462511580131176,-4.680754217450215,2.4185021953348467,13.995439754601776,2.541997176412209,-0.9160225386364707,1787259737.148151
11.300385475158691,ramp,drive,2.3843941450119015,0.32,0.292,8526.59346256256,8430.0,14.17,0.165,16.9,1.8481764053935001,-0.06436389599567871,-4.926438442193557,2.2803507668836205,14.02434441343269,2.504984444598345,-0.8794601104870863,1787259737.1703477
11.320325136184692,ramp,drive,2.3903760433197023,0.32,0.292,8547.984730911256,8392.0,15.2,0.167,16.9,1.8573600500965293,-0.3036246891180703,-4.66771843431701,2.5755905489296973,14.043799990275646,2.4814755884798547,-0.8553692033043044,1787259737.1796954
11.34021544456482,ramp,drive,2.39634313583374,0.32,0.292,8569.323053741455,8456.0,14.25,0.168,16.9,1.9061892418411865,-0.10959163591581866,-4.362798404151022,2.7627005246229848,14.091268833030911,2.415970513163589,-0.7928068840092742,1787259737.2091498
11.360459566116333,ramp,drive,2.4024163722991942,0.32,0.292,8591.040947341919,8490.0,13.9,0.166,16.9,1.8701289754170776,-0.3319407457537835,-4.813517008682993,2.5609033330914643,14.124852504914099,2.3824681007561477,-0.7551576839030757,1787259737.2292843
11.380232810974121,ramp,drive,2.4083483457565307,0.32,0.292,8612.253684425354,8491.0,14.5,0.163,16.9,1.8178332800395187,-0.23335208095381432,-4.27050945667429,2.5731084043446573,14.159723903260605,2.3502071326782397,-0.7184784093257446,1787259737.2478225
11.400479316711426,ramp,drive,2.414422297477722,0.32,0.292,8633.974135780334,8463.0,15.72,0.167,16.9,1.8513905745131167,-0.16243419596960962,-4.747530592500823,2.4659903584880287,14.197011622739403,2.3182140119860386,-0.6801995342206868,1787259737.2685668
11.420314073562622,ramp,drive,2.420372724533081,0.32,0.292,8655.252862930298,8538.0,14.11,0.169,16.9,1.9306213479976826,-0.3720850988937201,-4.2321464578590735,2.541238165027494,14.213950150139055,2.3045108882342156,-0.6631328027880321,1787259737.2765863
11.440674781799316,ramp,drive,2.426480937004089,0.32,0.292,8677.095830726623,8550.0,14.56,0.168,16.9,1.8447415933775704,-0.17093001795055685,-4.843781613473141,2.2597392356975012,14.276527150514084,2.2572013633005445,-0.6010594226230472,1787259737.3105958
11.460224866867065,ramp,drive,2.4323459625244137,0.32,0.292,8698.069161987303,8555.0,14.81,0.161,16.9,1.858178306341456,0.04679615508698287,-4.311993114616712,3.58222097903903,14.341165745388825,2.2012552438233652,-0.5434028783039359,1787259737.3280876
11.480395793914795,ramp,drive,2.438397240638733,0.32,0.292,8719.70853252411,8575.0,15.32,0.172,16.9,1.945224791835132,0.45195521760516755,-4.671707989727338,2.9625535650065467,14.382420848037286,2.176835233457388,-0.5049780013420551,1787259737.3481126
11.500197410583496,ramp,drive,2.4443377256393433,0.32,0.292,8740.951706886292,8630.0,14.06,0.17,16.9,1.893564526693666,-0.8299998720369928,-4.8576933095485515,2.685288451659238,14.424866110702869,2.1538459596604165,-0.46680643464979255,1787259737.3679745
11.520197629928589,ramp,drive,2.450337791442871,0.32,0.292,8762.407942199707,8647.0,14.46,0.17,16.9,1.7953729783541175,-0.27138887821186586,-4.2225435751822715,2.541030100356054,14.468100197189571,2.132504299946413,-0.4304929872061052,1787259737.3878987
11.540298461914062,ramp,drive,2.4563680410385134,0.32,0.292,8783.972114753724,8610.0,15.45,0.17,16.9,1.8582503448489427,-0.16654979542773773,-4.483925235737672,2.2771288293820837,14.472961898936514,2.1346294057826105,-0.40071022050895416,1787259737.4101663
11.560207843780518,ramp,drive,2.4623408555984496,0.32,0.292,8805.330899620056,8693.0,14.35,0.172,16.9,1.893002466545605,-0.1895705037067792,-4.514647677532992,2.555615069363585,14.517745479220162,2.116071899000279,-0.36306580229831353,1787259737.427768
11.580238103866577,ramp,drive,2.4683499336242676,0.32,0.292,8826.81936264038,8731.0,14.15,0.172,16.9,1.8197586123495917,-0.36354414371502486,-4.493241020113658,2.494596388599844,14.563487819640757,2.099099164520552,-0.32627100480155996,1787259737.4476721
11.600326299667358,ramp,drive,2.474376392364502,0.32,0.292,8848.36997909546,8751.0,14.34,0.169,16.9,1.8060467948451004,0.342917249081399,-5.0877800858717706,2.456861185165655,14.61293289599308,2.082826451860673,-0.2877067579728975,1787259737.4691715
11.620375394821167,ramp,drive,2.480391120910644,0.32,0.292,8869.878648376463,8738.0,15.34,0.175,16.9,1.8777721145875506,-0.27279334292656543,-4.812038247781231,2.448946717855641,14.656720327607706,2.0702300512550402,-0.2529154118863621,1787259737.4878638
11.640222072601318,ramp,drive,2.48634512424469,0.32,0.292,8891.170164299012,8787.0,14.34,0.175,16.9,1.8517306601843198,-0.628243076032355,-4.429057008233457,1.8833901168419755,14.681006053455766,2.0600271685428906,-0.2202812466859395,1787259737.5088193
11.66058349609375,ramp,drive,2.492453551292419,0.32,0.292,8913.01389942169,8829.0,14.14,0.174,16.9,1.871235385691951,-0.06861903377955691,-4.976411672904931,2.2538851697828015,14.729093548563638,2.049655231284078,-0.18301797841087467,1787259737.5276399
11.680347204208374,ramp,drive,2.4983826637268063,0.32,0.292,8934.21640548706,8802.0,14.88,0.169,16.9,1.907524151337589,-0.3012234568174783,-4.402619113890751,2.3510518922025,14.77756920292793,2.0411111457474553,-0.14501130120642436,1787259737.547633
11.700287103652954,ramp,drive,2.5043646335601806,0.32,0.292,8955.607929611206,8814.0,15.55,0.177,16.9,1.876374487647477,0.12118437184564179,-5.016643441922611,2.387563728084466,14.826449759361205,2.034404469612285,-0.10725959482221126,1787259737.5678725
11.72031021118164,ramp,drive,2.5103715658187866,0.32,0.292,8977.088719367981,8886.0,14.06,0.172,16.9,1.8594354515340281,-0.4088714690310056,-4.2951621960019395,2.421545999428824,14.875756596099105,2.029493257913098,-0.07004667965512662,1787259737.5879524
11.741146326065063,ramp,drive,2.516622400283813,0.32,0.292,8999.441703414916,8908.0,14.38,0.175,16.9,1.8205973749349118,-0.11151445632028167,-5.267056310166367,2.0849308459981697,14.911102721434476,2.0202556782377066,-0.03621532620239183,1787259737.609229
11.760222911834717,ramp,drive,2.5223453760147097,0.32,0.292,9019.907064628602,8851.0,15.45,0.169,16.9,1.8034396932959673,-0.3257193445785411,-4.284091369772796,2.387775994999376,14.960494759953377,2.0188880457587155,-9.833400742845677e-05,1787259737.6277747
11.78037166595459,ramp,drive,2.5283900022506716,0.32,0.292,9041.522648048402,8907.0,15.46,0.178,16.9,1.880605451671286,0.4165316142241764,-4.965430601439891,2.4322124888200722,15.01018194873888,2.019295015907566,0.037076637859701986,1787259737.6477218
11.800217390060425,ramp,drive,2.534343719482422,0.32,0.292,9062.81314086914,8953.0,14.32,0.176,16.9,1.8904599466529062,-0.8990655782938575,-4.59619704356146,2.454111467137579,15.060315967297432,2.0215729182613793,0.07497265960479513,1787259737.6678672
11.820554256439209,ramp,drive,2.540444779396057,0.32,0.292,9084.6305311203,8982.0,14.67,0.178,16.9,1.8204752689989319,-0.2875412274211442,-4.794062151931939,2.472130929271414,15.110111444770357,2.0257178746131714,0.11157618876857135,1787259737.6878226
11.840217113494873,ramp,drive,2.5463436365127565,0.32,0.292,9105.724844169617,8922.0,16.14,0.18,16.9,1.8236144701338626,-0.4146596645980658,-4.27293722071704,2.205517394973371,15.142282607551696,2.020874039780007,0.14507799499244656,1787259737.7076867
11.86049509048462,ramp,drive,2.55242702960968,0.32,0.292,9127.479057884215,9027.0,14.4,0.178,16.9,1.9146642193781458,-0.025497186939279715,-4.70926641163436,2.3515759098404327,15.192073629301925,2.0285553845742927,0.18291152370004374,1787259737.72778
11.880623817443848,ramp,drive,2.5584656476974486,0.32,0.292,9149.073156166076,9032.0,14.82,0.176,16.9,1.782141595110277,-0.4473993958797742,-4.531018127895436,2.4331075739919954,15.241569080983169,2.038127310004039,0.21919755297877308,1787259737.7477205
11.900536060333252,ramp,drive,2.56443932056427,0.32,0.292,9170.43501033783,9021.0,15.35,0.17,16.9,1.8210098985877652,0.4894591507689974,-5.009392894203415,2.548247982184065,15.266025068099243,2.0435755414116046,0.23705853019116113,1787259737.7566152
11.922480344772339,ramp,drive,2.5710226058959957,0.32,0.292,9193.97683868408,9041.0,15.81,0.18,16.9,1.9530065485403438,0.45740460355577284,-5.0536615810802346,2.529171511658512,15.339475767699962,2.0626890762539167,0.2938410731640351,1787259737.7879639
11.94027304649353,ramp,drive,2.5763604164123537,0.32,0.292,9213.064849090577,9103.0,14.54,0.178,16.9,1.8548276502159728,-0.5701196303449763,-5.00590853824707,2.4025066218528455,15.375489346723922,2.0646965717104186,0.3305115235785497,1787259737.806584
11.960174560546875,ramp,drive,2.5823308706283568,0.32,0.292,9234.415193367004,9129.0,14.77,0.174,16.9,1.7856400566762594,-0.10138947208102866,-4.193268026962045,2.43907488529977,15.424412463596369,2.0817230173841472,0.36513966468711007,1787259737.8278131
11.980270624160767,ramp,drive,2.588359689712524,0.32,0.292,9255.974250411986,9108.0,15.96,0.18,16.9,1.8465056712836387,-0.12670075409970583,-5.327717082104471,2.4881651023305045,15.471765734131747,2.1002777308902756,0.4017447262033049,1787259737.847745
12.000167846679688,ramp,drive,2.5943288564682003,0.32,0.292,9277.319990730284,9164.0,14.74,0.181,16.9,1.8674475716735315,-0.35381064885299907,-4.860939683817662,2.5977412990800937,15.495041940707887,2.1101666584953396,0.42020875321564105,1787259737.856608
12.020741939544678,ramp,drive,2.6005010843276977,0.32,0.292,9299.391877555847,9192.0,14.87,0.179,16.9,1.800337110626025,-0.483006017118516,-4.981755443518296,2.631628084492126,15.541668173925622,2.131456783826123,0.457650733980771,1787259737.8766108
12.040238380432129,ramp,drive,2.6063500165939333,0.32,0.292,9320.307659339906,9179.0,15.44,0.181,16.9,1.8983132092333863,0.3056235598743662,-5.591993114531647,2.409594256833727,15.61060734345396,2.154078315970867,0.5130498757837282,1787259737.9088001
12.060429573059082,ramp,drive,2.612407374382019,0.32,0.292,9341.9687707901,9195.0,15.9,0.18,16.9,1.9455202695580762,0.07797910167972955,-5.060872952452883,2.568465302334532,15.655176649989308,2.1797122553000983,0.5517531660330878,1787259737.927684
12.080221891403198,ramp,drive,2.6183450698852537,0.32,0.292,9363.201969909667,9263.0,14.67,0.184,16.9,1.9040292850390779,-0.30044968742807043,-4.78414702792594,2.5582218781699027,15.69899466669809,2.2071959035263142,0.5900378446944272,1787259737.947851
12.100432634353638,ramp,drive,2.6244082927703856,0.32,0.292,9384.884054946899,9285.0,14.64,0.178,16.9,1.8519434467554172,-0.16189961425571653,-5.262136462705939,2.5645867636868234,15.741870341434048,2.2364228805867548,0.6273561363663781,1787259737.9679239
12.120239734649658,ramp,drive,2.630350422859192,0.32,0.292,9406.133112144471,9244.0,16.28,0.183,16.9,1.7933802680684658,-0.2040954265499728,-4.68382985301497,2.5777947590772046,15.783445073953171,2.2671203529256894,0.6635212434625211,1787259737.9877405
12.143458366394043,ramp,drive,2.6373160123825072,0.32,0.292,9431.042060279846,9309.0,15.22,0.183,16.9,1.871010215421785,-0.23569710689154277,-4.727196314478022,2.4451092467559516,15.805198952369897,2.2717300405316503,0.6817526478050862,1787259737.9981534
12.160301923751831,ramp,drive,2.6423690795898436,0.32,0.292,9449.11182861328,9328.0,15.11,0.182,16.9,1.8150653235605447,-0.7223228795596484,-5.168520197219323,2.49605901912438,15.865144341107195,2.322106722842359,0.7375644359634418,1787259738.0280325
12.180617094039917,ramp,drive,2.6484636306762694,0.32,0.292,9470.90594329834,9328.0,15.67,0.176,16.9,1.7789853497443693,0.3608256634066187,-5.460590970439398,2.5098545544267035,15.90351260395462,2.3575599174984867,0.7734722892251028,1787259738.0487118
12.200430870056152,ramp,drive,2.65440776348114,0.32,0.292,9492.162162208557,9326.0,16.53,0.186,16.9,1.8324861255151894,-0.012941990135617587,-4.7041939518388745,2.741223310949825,15.922024901579876,2.3756358478330477,0.7912276826231579,1787259738.0565975
12.220398426055908,ramp,drive,2.660398030281067,0.32,0.292,9513.583356285095,9424.0,14.3,0.184,16.9,1.8532726304554756,-0.3703290703228781,-4.903444850378264,2.6157962396736374,15.976397132309435,2.4325966971802937,0.8467252939811895,1787259738.088074
12.240216970443726,ramp,drive,2.666343593597412,0.32,0.292,9534.844690704345,9429.0,15.09,0.177,16.9,1.7252685916091441,-0.6260665960930183,-4.082579060483084,2.573875198074577,16.015043474904243,2.462453406645232,0.8812751473066418,1787259738.1079636
12.260269403457642,ramp,drive,2.6723593235015866,0.32,0.292,9556.356940841673,9369.0,17.13,0.19,16.9,1.758905914073499,-0.2331418004519179,-5.035766761531988,2.5971329022183918,16.04799749626229,2.503115574134044,0.9162595664285638,1787259738.1278248
12.280212640762329,ramp,drive,2.6783422946929933,0.32,0.292,9577.752045822144,9462.0,14.96,0.183,16.9,1.8290518461314775,-0.5514246923906612,-5.052817827825493,2.612397253193166,16.07982694167291,2.545286835470015,0.9524786272295996,1787259738.1478086
12.30284857749939,ramp,drive,2.685133075714111,0.32,0.292,9602.03587875366,9480.0,15.35,0.185,16.9,1.7580278698621,-0.1774050786606729,-5.198629266066462,2.6177713653118437,16.110235180648942,2.5887720523825353,0.9880611022036737,1787259738.1679232
12.320225477218628,ramp,drive,2.6903461456298827,0.32,0.292,9620.67781677246,9425.0,16.39,0.184,16.9,1.8131041717338106,0.0486083900206884,-4.892268481902079,2.565343734614637,16.138806486384592,2.632955016642587,1.0239920648750451,1787259738.188801
12.340184450149536,ramp,drive,2.6963338375091555,0.32,0.292,9642.08980293274,9519.0,15.61,0.187,16.9,1.9011827653079467,0.27386605122899255,-4.674097162145131,2.7179999446981618,16.173170498637113,2.6681637045812137,1.0595095714679146,1787259738.2079544
12.360407829284668,ramp,drive,2.7024008512496946,0.32,0.292,9663.785444068908,9565.0,14.84,0.187,16.9,1.8123503639872636,-0.5076014171852208,-5.238368114783555,2.7084251014511316,16.198868079440178,2.7148546633081914,1.0961260695604653,1787259738.227578
12.380274295806885,ramp,drive,2.70836079120636,0.32,0.292,9685.098189353943,9518.0,16.18,0.185,16.9,1.8250463186939438,-0.09980195296347905,-4.835865067862642,2.672202053075157,16.22282698330703,2.762488349687471,1.1326459613724358,1787259738.2476366
12.40027642250061,ramp,drive,2.7143614292144775,0.32,0.292,9706.556470870972,9570.0,16.07,0.19,16.9,1.9207828319826028,0.3752492466892008,-5.278957148692882,2.7585560612164945,16.234062007238066,2.7864680177183554,1.1508838457082302,1787259738.2565827
12.420523405075073,ramp,drive,2.7204355239868163,0.32,0.292,9728.277433776855,9619.0,15.11,0.188,16.9,1.8393990259147623,-0.6900453706950387,-4.770138268066546,2.645350928710269,16.276997070387214,2.855692670740241,1.2071708482311043,1787259738.289124
12.440226078033447,ramp,drive,2.726346325874329,0.32,0.292,9749.4144613266,9629.0,15.55,0.183,16.9,1.7479537972486026,0.15795800601578946,-5.167685214788435,2.7529599798833084,16.2957747305922,2.9062835203475084,1.2427152315336478,1787259738.308128
12.460397243499756,ramp,drive,2.732397675514221,0.32,0.292,9771.054087638855,9615.0,16.55,0.19,16.9,1.883306829123008,0.08267094426505661,-5.555364984674725,2.732931615736248,16.31261441175692,2.957179112546554,1.2796186705555765,1787259738.3277788
12.480463743209839,ramp,drive,2.738417625427246,0.32,0.292,9792.581428527832,9681.0,15.38,0.192,16.9,1.8562007760740178,-0.706859186203296,-4.533791462398028,2.715240395835208,16.327696847474193,3.009085467271327,1.3168621991181335,1787259738.347674
12.500609159469604,ramp,drive,2.744461250305176,0.32,0.292,9814.19343109131,9730.0,14.88,0.186,16.9,1.8245066290990395,-0.13045029956978293,-5.128493080758233,2.6911877462305784,16.34096849795551,3.0619747369484545,1.3536363192896737,1787259738.3679867
12.521133184432983,ramp,drive,2.7506184577941895,0.32,0.292,9836.211605072021,9681.0,16.5,0.19,16.9,1.8407690891375537,-0.2546601762400904,-5.184797676848916,2.660989651949401,16.352149365950417,3.1148313752989205,1.3903092164269313,1787259738.388455
12.540245056152344,ramp,drive,2.7563520193099977,0.32,0.292,9856.714821052552,9747.0,15.79,0.193,16.9,1.906909626916053,-0.2310631882887506,-4.379057465050522,2.3996536674719025,16.36407158644004,3.1436723394141306,1.422291837824391,1787259738.407807
12.560286521911621,ramp,drive,2.762364459037781,0.32,0.292,9878.215305519105,9793.0,14.98,0.189,16.9,1.7962689989028746,-0.7185588805027621,-5.459848958741361,2.5117970382273027,16.371755152341507,3.1980088228860564,1.458913763690215,1787259738.4287124
12.580215454101562,ramp,drive,2.768343138694763,0.32,0.292,9899.595063972472,9753.0,16.17,0.183,16.9,1.757196697285886,-0.11887562605533386,-5.681084219631259,2.6825030272810166,16.37736439456393,3.251881679904586,1.494032120298602,1787259738.4477153
12.603170156478882,ramp,drive,2.7752295494079586,0.32,0.292,9924.22086868286,9753.0,17.13,0.193,16.9,1.8261475358046915,0.2591309209741013,-5.194098258463555,2.790340296265649,16.379447783791594,3.278968461899767,1.5116505143674575,1787259738.456646
12.62020993232727,ramp,drive,2.7803414821624752,0.32,0.292,9942.501140213011,9829.0,15.11,0.189,16.9,1.8789332528228253,-0.8941072853888699,-5.012890698756337,2.635151008868223,16.395342925653456,3.359575015876141,1.5680181126160044,1787259738.4892397
12.640705823898315,ramp,drive,2.786490249633789,0.32,0.292,9964.489132690429,9849.0,15.78,0.187,16.9,1.7958026793960016,-0.30035181965190105,-4.577056182304375,2.817168213010019,16.39503799950376,3.414657876439388,1.6044076100770774,1787259738.5077002
12.660326719284058,ramp,drive,2.7923765182495117,0.32,0.292,9985.538429260254,9812.0,17.26,0.197,16.9,1.7847504277141184,-0.15619832293500835,-4.669461489377568,2.7491837030812474,16.392713338487688,3.4697193240074156,1.6403326504117528,1787259738.528121
12.680187702178955,ramp,drive,2.7983348131179806,0.32,0.292,10006.845291709898,9907.0,15.06,0.191,16.9,1.7865402051247063,-0.9936365479569673,-4.618367347377671,2.771909539286416,16.388467892631002,3.524526876942367,1.6758202423498274,1787259738.54769
12.700221300125122,ramp,drive,2.804344892501831,0.32,0.292,10028.337335586548,9914.0,15.88,0.194,16.9,1.6509634677187341,-0.4344909358728479,-4.866654752640841,2.8640710841145616,16.385587189361704,3.5518549769288845,1.6937204371822732,1787259738.5566144
12.720441341400146,ramp,drive,2.810410904884338,0.32,0.292,10050.029395866393,9859.0,17.49,0.199,16.9,1.7324043985919568,-0.3795859074535457,-4.931012719194143,2.7255431540721005,16.37414503485988,3.634215867164007,1.7438400623455297,1787259738.588329
12.74021601676941,ramp,drive,2.816343307495117,0.32,0.292,10071.243667602539,9964.0,15.42,0.195,16.9,1.847489176674205,-0.632063208361906,-5.086165669561069,2.732481872886561,16.3749793686961,3.681768900040179,1.780142878523674,1787259738.608194
12.760225534439087,ramp,drive,2.8223461627960207,0.32,0.292,10092.70987815857,10003.0,15.21,0.192,16.9,1.7648680659639138,-0.537871028653985,-5.022069658280202,2.732871362889389,16.362789210603097,3.736962028596013,1.8162860535489573,1787259738.6288848
12.780176877975464,ramp,drive,2.8283315658569332,0.32,0.292,10114.113679504393,9949.0,17.39,0.197,16.9,1.7063923721187715,-0.38711562318698967,-4.296064421415707,2.7394579941980046,16.34896817200843,3.790283341529859,1.8503633474601808,1787259738.6492476
12.800756454467773,ramp,drive,2.8345054388046265,0.32,0.292,10136.191449165344,10047.0,15.24,0.194,16.9,1.804079517747859,-0.4682852856327848,-5.136053530920265,3.029234227541283,16.34127833529633,3.8170692083170517,1.8675282157642918,1787259738.6567686
12.820338726043701,ramp,drive,2.8403801202774046,0.32,0.292,10157.199310111999,10072.0,15.53,0.196,16.9,1.729803422313331,-0.4741007438439908,-4.9914898885529055,2.8498898179073766,16.315242915948733,3.8973845163123633,1.9208703995602572,1787259738.6883233
12.84022855758667,ramp,drive,2.846347069740295,0.32,0.292,10178.537121391295,10020.0,17.05,0.198,16.9,1.807110860858642,-0.3665088649031283,-5.381571694731974,2.7129745998969335,16.309138616240833,3.9408966406497217,1.9556031454095884,1787259738.7081778
12.860222578048706,ramp,drive,2.852345275878906,0.32,0.292,10199.986706542968,10106.0,15.68,0.198,16.9,1.8267584649587556,-0.5066881186063377,-4.7458846012242475,2.7905762359938953,16.28760993783364,3.992858691825422,1.9919200492909648,1787259738.727712
12.880272150039673,ramp,drive,2.858360147476196,0.32,0.292,10221.495887374876,10146.0,15.2,0.194,16.9,1.717970198641782,-0.5162402766851848,-4.614351479495781,2.777858327590997,16.2640289734685,4.044432893117,2.0268567680956977,1787259738.7480783
12.900400876998901,ramp,drive,2.8643987655639647,0.32,0.292,10243.089985656738,10103.0,16.81,0.195,16.9,1.693095741428224,-0.1771676086048295,-5.252761621449338,2.7803588218985023,16.23870717339249,4.095023150313918,2.060906209850974,1787259738.768356
12.9202241897583,ramp,drive,2.8703457593917845,0.32,0.292,10264.356435585021,10165.0,15.9,0.199,16.9,1.6651610458060557,-0.49220664788632007,-4.626108476511092,2.83332568088473,16.211574207413307,4.144973910552694,2.0943767653463863,1787259738.788008
12.940311908721924,ramp,drive,2.8763720750808712,0.32,0.292,10285.906540489195,10198.0,15.53,0.196,16.9,1.6432552142596089,-0.6164998930646135,-4.761268626263927,2.6432193611004497,16.196052645562816,4.193863290582966,2.1270754513952244,1787259738.8095694
12.960214614868164,ramp,drive,2.882342886924744,0.32,0.292,10307.258163642884,10162.0,16.77,0.195,16.9,1.6951305296590988,-0.0916414688145446,-5.472165534318549,2.8799535618269583,16.165694674414777,4.2418454225333075,2.160673714358107,1787259738.8276825
12.98022985458374,ramp,drive,2.8883474588394167,0.32,0.292,10328.730512809754,10202.0,16.6,0.2,16.9,1.7646624699277598,0.006470524549654133,-4.854822326540386,2.8299703770127977,16.13360157378237,4.288971540727792,2.195600450630472,1787259738.8480484
13.00067949295044,ramp,drive,2.894482350349426,0.32,0.292,10350.668884849547,10282.0,15.15,0.198,16.9,1.772148216277809,-0.4563336128730171,-4.76338531842066,2.975299835706891,16.11708851048386,4.311868613767044,2.2131752780848313,1787259738.856566
13.020532846450806,ramp,drive,2.900438356399536,0.32,0.292,10371.96756248474,10231.0,16.54,0.194,16.9,1.7011932158806644,-0.7360323350550289,-5.119370254507032,2.8767722551340422,16.064270511986425,4.3800979357557415,2.2653571090990057,1787259738.8880172
13.040168046951294,ramp,drive,2.9063289165496826,0.32,0.292,10393.032205581665,10241.0,17.18,0.201,16.9,1.70824100538945,-0.07435105952885301,-4.561392075622962,2.7442403353930094,16.038079564201468,4.427549169863311,2.2983404818015494,1787259738.9091935
13.060420751571655,ramp,drive,2.912404727935791,0.32,0.292,10414.75930709839,10316.0,15.57,0.199,16.9,1.7508334733353053,-0.605193350944397,-4.793305522194146,2.9164573902069635,15.999496555197885,4.470204573607428,2.3330851204695082,1787259738.9280195
13.080217599868774,ramp,drive,2.9183437824249268,0.32,0.292,10435.997365951538,10284.0,16.64,0.192,16.9,1.712201392246507,0.08049445518944509,-5.801252692531477,2.9033562470521654,15.959298842069128,4.511614940491213,2.367661192712765,1787259738.9478772
13.100274801254272,ramp,drive,2.9243609428405763,0.32,0.292,10457.514731597901,10298.0,17.53,0.205,16.9,1.7359622486502484,0.5732148175379059,-4.6857348759560296,2.8346379823584082,15.917893684333377,4.551426575615682,2.4021887714973404,1787259738.968549
13.120168447494507,ramp,drive,2.9303290367126467,0.32,0.292,10478.856635284425,10403.0,15.35,0.203,16.9,1.746708902597045,-0.7375908373636619,-5.777058082569795,2.941574157602331,15.896743574304834,4.570715412660247,2.4195171524257617,1787259738.9775193
13.140213251113892,ramp,drive,2.936342477798462,0.32,0.292,10500.3607006073,10333.0,16.99,0.195,16.9,1.6005771256847077,-0.8973946632594973,-4.216304888175017,2.877448348055243,15.83796264092834,4.632757523535576,2.4704623145600912,1787259739.0080261
13.160331010818481,ramp,drive,2.942377805709839,0.32,0.292,10521.943033218384,10356.0,17.61,0.209,16.9,1.640298306501294,0.2584423016662747,-5.011136533985564,2.8814503850033706,15.792387087014756,4.668379832487102,2.5030553174351904,1787259739.0279863
13.180220365524292,ramp,drive,2.948344612121582,0.32,0.292,10543.280332946777,10431.0,15.67,0.203,16.9,1.625648257344768,-1.1962940344811983,-4.38658575552509,2.8988940912861754,15.745479275227199,4.702670015128514,2.5355525525565086,1787259739.0477931
13.201072931289673,ramp,drive,2.954600381851196,0.32,0.292,10565.650965499877,10383.0,17.16,0.19,16.9,1.608150356876566,0.32540209657072694,-5.433382120679937,2.884246016936492,15.697427795731024,4.735419348125366,2.567861339993704,1787259739.0679362
13.220200538635254,ramp,drive,2.960338664054871,0.32,0.292,10586.171062660218,10442.0,17.58,0.206,16.9,1.7048010002093945,0.8227292245131324,-5.600533558078951,2.890387124640248,15.648164589643805,4.766725797647252,2.601490000879902,1787259739.0879555
13.24027705192566,ramp,drive,2.966361618041992,0.32,0.292,10607.709146118163,10516.0,15.4,0.204,16.9,1.6452364729525732,-1.4912897312761402,-4.893868280173024,2.8059976990281363,15.608084139074245,4.801402360857566,2.633507235093778,1787259739.108063
13.260215997695923,ramp,drive,2.972343301773071,0.32,0.292,10629.099647140501,10443.0,17.33,0.199,16.9,1.5705304101600521,-0.5022644074152431,-4.226450684848373,2.864695631018176,15.556682660699824,4.829503975963281,2.6653987477570493,1787259739.1280017
13.280208826065063,ramp,drive,2.9783411502838133,0.32,0.292,10650.547953414916,10521.0,17.17,0.21,16.9,1.6841898644268898,0.4882921561101412,-4.982416763636877,2.90381247855994,15.504427364377406,4.855972023642495,2.698412151890218,1787259739.147806
13.300342321395874,ramp,drive,2.9843811988830566,0.32,0.292,10672.14716720581,10584.0,15.45,0.204,16.9,1.6029376185168995,-1.2662567036575183,-4.498517547744143,2.8556830599176006,15.450744373872293,4.880982031910672,2.730932140364206,1787259739.1688516
13.320422172546387,ramp,drive,2.9904051542282106,0.32,0.292,10693.688831520081,10487.0,17.89,0.202,16.9,1.588525789119881,0.08262925544292621,-5.594792761505801,2.9385700904587924,15.397004388591874,4.903880126436177,2.762649475745399,1787259739.1882427
13.340322017669678,ramp,drive,2.9963751077651977,0.32,0.292,10715.037385368347,10605.0,16.66,0.208,16.9,1.688563307569018,0.5132953994860507,-5.392621178623074,2.886610629331275,15.35219323471089,4.933668800009792,2.7939511157725074,1787259739.208071
13.360253095626831,ramp,drive,3.0023544311523436,0.32,0.292,10736.41944580078,10659.0,15.65,0.205,16.9,1.5879377631511915,-1.186631217841395,-3.886209085218894,2.9435944338936992,15.296147690060442,4.953525242864774,2.8261793207774333,1787259739.2277994
13.380238056182861,ramp,drive,3.0083499193191527,0.32,0.292,10757.85931148529,10568.0,17.99,0.206,16.9,1.596864679125137,-0.7186440305843433,-4.561938790309853,2.9540353349540185,15.239910655854038,4.971394331210431,2.8580289061853175,1787259739.2475603
13.400624513626099,ramp,drive,3.014465856552124,0.32,0.292,10779.729903030395,10694.0,16.26,0.209,16.9,1.5954552011182128,0.04196477417590572,-5.0459736616115265,3.0421125825994637,15.211522744482467,4.979667043369115,2.874038617501686,1787259739.256665
13.420226335525513,ramp,drive,3.0203464031219482,0.32,0.292,10800.758737564087,10711.0,15.85,0.203,16.9,1.5268866593738883,-0.8965647240523253,-4.008646862610902,3.1414698566323667,15.153735361214796,4.995088925396852,2.905926061220763,1787259739.2766378
13.44063425064087,ramp,drive,3.026468777656555,0.32,0.292,10822.652348899841,10632.0,18.41,0.208,16.9,1.5989396810884724,0.265383093123031,-6.73575064503018,2.4075405622214143,15.091538958573862,5.019813796632046,2.945936710520029,1787259739.310233
13.46022343635559,ramp,drive,3.0323455333709717,0.32,0.292,10843.667627334595,10747.0,16.14,0.208,16.9,1.5968665433379003,-0.4812789688114911,-4.050997662671676,2.965171370104197,15.03297022172408,5.030998461998198,2.9776849222954818,1787259739.3277078
13.480588912963867,ramp,drive,3.0384551763534544,0.32,0.292,10865.515710639953,10749.0,16.45,0.202,16.9,1.5922841752082553,-0.9335775276254381,-3.961943102671455,2.96141042969651,14.973639004564278,5.040373813951442,3.009567273407537,1787259739.3478808
13.500510454177856,ramp,drive,3.044431638717651,0.32,0.292,10886.88754005432,10721.0,17.97,0.211,16.9,1.5530693944729475,-0.19152402199473073,-5.2111452317059275,3.0603148121343486,14.93550517122817,5.045437905599661,3.0301282545532024,1787259739.3595695
13.520235776901245,ramp,drive,3.050349235534668,0.32,0.292,10908.048866271973,10836.0,15.8,0.21,16.9,1.595071040130969,-0.4052615441131522,-4.606784012674666,2.9599033921680493,14.853903413245707,5.053533703096173,3.0726480369427827,1787259739.3877923
13.540223836898804,ramp,drive,3.0563456535339353,0.32,0.292,10929.492057037352,10792.0,16.78,0.204,16.9,1.5298154707827027,-0.5680265463224501,-4.79576603064595,2.617945558484651,14.818936413712397,5.065901287825173,3.09744326032571,1787259739.4076693
13.560215711593628,ramp,drive,3.062343215942383,0.32,0.292,10950.939340209961,10770.0,18.43,0.212,16.9,1.4970459393595503,0.22890483471871192,-6.379768632551759,2.8031363944473844,14.758425396434964,5.068141036655247,3.1277352830132044,1787259739.4278536
13.5802161693573,ramp,drive,3.068343353271484,0.32,0.292,10972.395831298827,10858.0,16.43,0.211,16.9,1.5659913183981211,-0.5893636218725433,-3.949927366352455,2.9026231887993226,14.698237277270385,5.068571233451418,-3.12469540616307,1787259739.4478142
13.600250720977783,ramp,drive,3.0743537187576293,0.32,0.292,10993.888898277282,10859.0,16.86,0.203,16.9,1.6059714916307175,-0.4951858409337824,-5.005602144133775,3.058979784560849,14.668120910374682,5.068062301311211,-3.10899963523135,1787259739.4566116
13.620716094970703,ramp,drive,3.0804933309555054,0.32,0.292,11015.844151496887,10871.0,17.72,0.213,16.9,1.491883534744486,-0.0688454854879339,-4.775681428742189,3.047623752842477,14.57452245950551,5.063556860095579,-3.0611774443152378,1787259739.489679
13.640225887298584,ramp,drive,3.0863462686538696,0.32,0.292,11036.774256706238,10961.0,15.72,0.211,16.9,1.5350023764797955,-0.8911860163239425,-3.4075638851754206,3.3014002914736142,14.511183777951919,5.0697730102986025,-3.0293174112033188,1787259739.5077128
13.660221338272095,ramp,drive,3.0923449039459228,0.32,0.292,11058.22537651062,10890.0,17.62,0.204,16.9,1.4816791003956293,-0.3252246701131831,-5.905899730818305,3.1614096247097847,14.450796837426171,5.0625210380665955,-2.999442648040195,1787259739.5276518
13.680225610733032,ramp,drive,3.098346185684204,0.32,0.292,11079.685960006713,10913.0,18.31,0.215,16.9,1.5066122803112239,0.2628532220725823,-4.993161607579452,3.083710982815742,14.390359064396492,5.053432173668399,-2.969379315887767,1787259739.5478096
13.700235605239868,ramp,drive,3.1043491840362547,0.32,0.292,11101.152682113647,10994.0,16.25,0.214,16.9,1.569129187952507,-1.341685057898772,-4.199062033199908,3.1917329209871554,14.360461496600678,5.048231902902309,-2.9543384752825026,1787259739.5566216
13.72028660774231,ramp,drive,3.110364484786987,0.32,0.292,11122.663397598266,10948.0,17.74,0.21,16.8,1.5013971451065762,-0.8032713710639285,-4.773430835341287,3.1862269226156026,14.27012908317642,5.029706907465163,-2.9079766834693888,1787259739.587624
13.740307331085205,ramp,drive,3.116370701789856,0.32,0.292,11144.141629600525,11028.0,17.5,0.22,16.9,1.5355017191841853,0.0893979194815504,-4.187569915064984,2.6686675697941307,14.237840148800368,5.02943809467416,-2.881494027080084,1787259739.6078339
13.760233402252197,ramp,drive,3.1223485231399537,0.32,0.292,11165.518318748474,11093.0,15.75,0.211,16.9,1.5078897986861348,-1.3017510583509306,-4.623507634877626,2.8842361906693856,14.178097798315957,5.013124826766804,-2.851191656601064,1787259739.6277385
13.780258178710938,ramp,drive,3.1283559560775758,0.32,0.292,11187.000898933411,10971.0,18.98,0.213,16.9,1.4453064451756543,-0.44343790710577835,-5.030468014481073,2.9522433888809134,14.11938619868766,4.995115816235936,-2.8219374659430083,1787259739.647946
13.802060604095459,ramp,drive,3.134896683692932,0.32,0.292,11210.390540885925,11090.0,17.14,0.216,16.9,1.5910091868363798,0.23861103039149256,-5.475523590411399,3.126822258493789,14.090467166538993,4.985543420822939,-2.8075599416585977,1787259739.6565652
13.820601224899292,ramp,drive,3.140458869934082,0.32,0.292,11230.280918884277,11145.0,16.04,0.206,16.8,1.5681834994494197,-1.0071646666691692,-4.249741022870722,3.461008847637781,14.001842311676647,4.953251067937021,-2.759064704346135,1787259739.6882956
13.840231657028198,ramp,drive,3.146347999572754,0.32,0.292,11251.340446472168,11076.0,18.8,0.223,16.8,1.4882742856771563,-0.4285376660918381,-4.300466790268757,2.767222932095973,13.974483589235344,4.94704473470974,-2.7325675316372404,1787259739.7079685
13.86028504371643,ramp,drive,3.1523640155792236,0.32,0.292,11272.853719711304,11222.0,15.61,0.219,16.9,1.521343023248779,-0.5859783031355477,-5.2483452192781215,2.9614419827673046,13.917329948058391,4.921851086828877,-2.702381820301704,1787259739.7276964
13.880457639694214,ramp,drive,3.1584157943725586,0.32,0.292,11294.49488067627,11185.0,16.8,0.202,16.9,1.427026107979187,-0.5208308528000991,-3.758688615403571,3.014512345290197,13.86088640471858,4.894880574353591,-2.6733289398032034,1787259739.7479637
13.900251865386963,ramp,drive,3.1643540620803834,0.32,0.292,11315.730125999451,11166.0,18.95,0.224,16.9,1.5104934381258508,0.6246384866990127,-6.95869153879886,3.053107981893308,13.8054349046222,4.866358124354916,-2.6435576479297964,1787259739.7680469
13.920232057571411,ramp,drive,3.1703481197357175,0.32,0.292,11337.164876174926,11284.0,15.55,0.217,16.9,1.4917828672552813,-1.661655090896005,-4.485139702480637,3.118422513737504,13.75025136701073,4.835895060446166,-2.6136222574885726,1787259739.7877505
13.940223455429077,ramp,drive,3.1763455390930173,0.32,0.292,11358.61164779663,11175.0,18.26,0.212,16.9,1.444246240745694,-0.8473355515645551,-3.5525923812070346,2.628224818813621,13.717252873074733,4.823574392276778,-2.5867289505800275,1787259739.8078249
13.960219621658325,ramp,drive,3.1823443889617917,0.32,0.292,11380.063534927367,11315.0,16.77,0.22,16.9,1.4496758935761473,0.23348251041354118,-5.188598951907181,2.89521593200731,13.66396098317434,4.790093577510129,-2.55786454996052,1787259739.8276696
13.980401754379272,ramp,drive,3.188399028778076,0.32,0.292,11401.7149269104,11385.0,15.07,0.211,16.9,1.4540382845997515,-0.9971196613799336,-4.3700840351656325,3.0255488700959825,13.61108202624356,4.754709488863072,-2.528770379485715,1787259739.8477297
14.00063157081604,ramp,drive,3.194467973709106,0.32,0.292,11423.417473983764,11216.0,19.67,0.222,16.8,1.5341670760038921,-0.48748578849207647,-6.013734671215218,3.0511223263009755,13.55997362796693,4.718198470832211,-2.4984503955085335,1787259739.8680174
14.020376443862915,ramp,drive,3.200391435623169,0.32,0.292,11444.599773788452,11388.0,15.9,0.22,16.9,1.5601246408327856,0.026655077300250074,-5.210147111951358,3.061632640658779,13.506778604906973,4.6777710497326765,-2.465859982735595,1787259739.8890786
14.040253162384033,ramp,drive,3.206354451179504,0.32,0.292,11465.923517417907,11351.0,16.75,0.209,16.9,1.5798481450239668,-0.4402936398443664,-3.679360021974901,3.2538199945675053,13.450588708560527,4.648932200678217,-2.434242625179292,1787259739.9077475
14.06041669845581,ramp,drive,3.2124035120010377,0.32,0.292,11487.55495891571,11406.0,17.94,0.227,16.9,1.5952778345896133,0.41089756588634785,-5.545615921600358,3.1588435807316353,13.402474257902998,4.6071923481774055,-2.402423356756428,1787259739.9284048
14.080437898635864,ramp,drive,3.218409872055054,0.32,0.292,11509.033702468872,11509.0,15.09,0.218,16.9,1.5016023416685667,-1.5227952614612121,-4.534151650897627,3.221729319386593,13.355255055480281,4.563577925465446,-2.3718777089106196,1787259739.947813
14.102450847625732,ramp,drive,3.225013756752014,0.32,0.292,11532.649194145202,11334.0,18.72,0.212,16.9,1.5215270476801035,-0.7464672765547675,-4.998318852005525,3.336451191137194,13.33248963893487,4.541515609697175,-2.356899899766778,1787259739.956609
14.121253252029419,ramp,drive,3.23065447807312,0.32,0.292,11552.820413589478,11472.0,17.37,0.225,16.9,1.53619041264208,0.9792455994481415,-6.302431016137916,3.483298735880137,13.28797756972033,4.496378872943836,-2.3263676256986696,1787259739.9766028
14.14027214050293,ramp,drive,3.236360144615173,0.32,0.292,11573.223877143859,11508.0,15.84,0.209,16.8,1.5050864221646632,-1.2544881583907994,-3.4015003222844484,3.0489301126886335,13.222677542120957,4.443341640298117,-2.2813962276069786,1787259740.0079427
14.160316705703735,ramp,drive,3.242373514175415,0.32,0.292,11594.727686691283,11443.0,18.9,0.228,16.9,1.4353756506288033,0.31730881885957274,-5.546205320963338,3.1172950495101235,13.181361799168887,4.394641626250014,-2.252385420085514,1787259740.02787
14.180214643478394,ramp,drive,3.2483428955078124,0.32,0.292,11616.074194335937,11581.0,15.68,0.226,16.9,1.3959458196354717,-0.6628801557842507,-4.689068958463679,3.17358051153188,13.1409547444387,4.344214075261264,-2.22428935233273,1787259740.0477521
14.200390100479126,ramp,drive,3.254395532608032,0.32,0.292,11637.718424606323,11466.0,17.83,0.21,16.9,1.479063476731008,-0.7994494845696067,-4.106343022993542,3.3059553467087173,13.121454721063081,4.318748175348583,-2.210306457016236,1787259740.0566251
14.22257924079895,ramp,drive,3.2610522747039794,0.32,0.292,11661.52293434143,11531.0,18.8,0.229,16.9,1.5504363271031862,1.119158366286591,-6.785995771281023,3.4875220475863005,13.083609564471608,4.267106942972531,-2.180359587617608,1787259740.0765636
14.240271806716919,ramp,drive,3.26636004447937,0.32,0.292,11680.503519058228,11661.0,15.24,0.219,16.9,1.5635373486116675,-1.189623092038346,-3.9911774280195687,3.071537188323864,13.022989891695438,4.205159887759114,-2.1346899676522795,1787259740.1091378
14.26029920578003,ramp,drive,3.272368264198303,0.32,0.292,11701.988912773131,11536.0,19.06,0.228,16.8,1.5304036299094466,-0.8500176694990671,-4.545839650765288,3.2053698443620418,12.988935090364649,4.15040073216155,-2.1039176169586584,1787259740.1286798
14.280277013778687,ramp,drive,3.2783616065979,0.32,0.292,11723.421105194091,11671.0,16.19,0.226,16.9,1.486957086202003,-0.4192790747963997,-5.355044045625164,3.3027466965773957,12.956168492535584,4.094026526458759,-2.0739470383055236,1787259740.1477969
14.300824403762817,ramp,drive,3.2845258235931394,0.32,0.292,11745.464345169066,11661.0,16.64,0.204,16.9,1.5596809581951783,-0.7304416657501775,-4.353881107538797,3.271043640343125,12.925160749880424,4.036750923487513,-2.0431327682939573,1787259740.1677551
14.320890188217163,ramp,drive,3.2905455589294434,0.32,0.292,11766.99091873169,11620.0,19.37,0.231,16.8,1.5611763231472577,0.7612929655659499,-6.494578716798856,3.239981419249594,12.896024399500227,3.9786437739173395,-2.011899403127344,1787259740.1878643
14.34024453163147,ramp,drive,3.296351861953735,0.32,0.292,11787.754258346557,11765.0,15.46,0.226,16.9,1.5609949618770234,-0.5121808835899202,-5.098312091155492,3.3082255324994487,12.853133282034145,3.931873130240192,-1.9812795701402335,1787259740.2076652
14.360224723815918,ramp,drive,3.3023459196090696,0.32,0.292,11809.189008522033,11655.0,18.47,0.226,16.9,1.4794693424811363,-1.4746045545177395,-3.314127129217013,3.2674832199515236,12.827529690435984,3.8718281130913654,-1.9512267228765117,1787259740.2277288
14.380274057388306,ramp,drive,3.308360719680786,0.32,0.292,11830.69793357849,11757.0,17.1,0.225,16.9,1.4251594983711504,-0.49407501609269033,-5.367892133127896,3.2587197578415674,12.803575977072015,3.8107804866114643,-1.9224967278815268,1787259740.2477622
14.4005286693573,ramp,drive,3.314437103271484,0.32,0.292,11852.427081298827,11797.0,16.46,0.211,16.9,1.4436954990322652,-0.18815153058762135,-5.262663296858761,3.238160818155154,12.781228454058349,3.74865556097044,-1.8936669990943151,1787259740.268138
14.420624494552612,ramp,drive,3.320465850830078,0.32,0.292,11873.985882568359,11707.0,19.67,0.231,16.8,1.4835182794444384,-0.12879215704766,-5.082408248622073,3.161733495840616,12.760868128204676,3.686553993586414,-1.8644163739159765,1787259740.288013
14.440551996231079,ramp,drive,3.326444101333618,0.32,0.292,11895.364106369017,11838.0,16.32,0.228,16.9,1.5466836668111557,-0.22881420287222198,-6.351632414350149,2.979753393659209,12.731049352091011,3.6382021742864725,-1.8333289782595492,1787259740.30903
14.460410356521606,ramp,drive,3.3324016094207765,0.32,0.292,11916.668155288697,11767.0,17.89,0.223,16.8,1.527990805961835,-1.4884681572423517,-3.8409133348687874,3.2484539923844418,12.714436711390992,3.5745087622528406,-1.8026473808010124,1787259740.327844
14.480233669281006,ramp,drive,3.3383486032485963,0.32,0.292,11937.93460521698,11837.0,17.87,0.228,16.9,1.51296471845939,-0.4778519886611896,-4.7160252084961485,3.270730476429068,12.699706311875548,3.5101148236317807,-1.7723473827023384,1787259740.3477643
14.500789642333984,ramp,drive,3.3445153951644895,0.32,0.292,11959.987053108214,11902.0,16.69,0.225,16.9,1.488085068081706,-0.5226446957181778,-5.62651390777728,3.295857497952622,12.685579053198207,3.438258154244136,-1.73941254177903,1787259740.3698525
14.52028751373291,ramp,drive,3.350364756584167,0.32,0.292,11980.904369544982,11788.0,19.69,0.23,16.8,1.4963693632846158,-0.4406289411312798,-4.5556121027032646,3.0923896876270627,12.676038878252154,3.379956873440396,-1.7126350618070887,1787259740.3894818
14.540224552154541,ramp,drive,3.356345868110657,0.32,0.292,12002.292824363709,11913.0,17.11,0.231,16.9,1.5875963458994435,-0.2569200155511382,-6.568134938688502,5.845185663197899,12.639677453211744,3.238439621588522,-1.656662111082824,1787259740.4090188
14.560211420059204,ramp,drive,3.3623419284820555,0.32,0.292,12023.73473625183,11862.0,17.97,0.224,16.8,1.544068975252916,-1.3372198314747692,-3.8749116793735254,4.6857022837475535,12.634509921609602,3.172294928478032,-1.625474999045263,1787259740.4276326
14.580223321914673,ramp,drive,3.3683454990386963,0.32,0.292,12045.203504562378,11904.0,18.64,0.233,16.9,1.520453394286638,-0.5159032212335006,-4.369983755412903,3.975860023063446,12.63136104437695,3.1057556281437275,-1.594919057986065,1787259740.4477074
14.600408554077148,ramp,drive,3.374401068687439,0.32,0.292,12066.858221626282,12012.0,16.64,0.233,16.9,1.4803132982305824,-0.5885770251532492,-5.621464836845405,3.9047146944240816,12.630560004771977,3.07255523238544,-1.5797130814721485,1787259740.4565902
14.624809741973877,ramp,drive,3.3817214250564573,0.32,0.292,12093.035816001891,11910.0,19.19,0.231,16.8,1.487954040556074,-1.4552609410492323,-4.05244747985472,3.444453736817317,12.631041893893329,2.9720293339662724,-1.535379609702173,1787259740.48807
14.64029049873352,ramp,drive,3.3863656520843506,0.32,0.292,12109.643571853638,11999.0,17.75,0.233,16.9,1.5518890814778246,-0.363009488910933,-6.550233687202763,3.212505285567572,12.6300315621617,2.968278454306247,-1.5101824415467466,1787259740.5093424
14.660225868225098,ramp,drive,3.3923462629318237,0.32,0.292,12131.030236244202,11986.0,17.93,0.224,16.8,1.5303494345812636,-0.6105593409781918,-5.074950709459927,3.4276033606444285,12.634536511479554,2.9016572289554743,-1.4795439679206865,1787259740.52788
14.68021297454834,ramp,drive,3.3983423948287963,0.32,0.292,12152.472403907776,11987.0,19.17,0.236,16.8,1.539803390134936,-0.26893143954841037,-4.1107120627159475,3.371685330467446,12.641124116895854,2.834874055258602,-1.4487338107877534,1787259740.5480003
14.700505018234253,brake,drive,0.0,0.32,0.292,0.0,12082.0,17.11,0.235,16.9,1.4876648212616916,-0.9426784999072026,-5.712386705244114,3.521886458940335,12.645165833852744,2.801926806085998,-1.4333796971705375,1787259740.5565724
14.722371816635132,brake,drive,0.0,0.32,0.292,0.0,12002.0,19.05,0.229,16.8,1.511301973832799,-1.0844870072314663,-4.4400003651559246,3.5436136847016337,12.6548321063458,2.7349731936226815,-1.4038681597607012,1787259740.5765944
14.740700483322144,brake,drive,0.0,0.32,0.292,0.0,11968.0,12.04,0.21,16.9,1.6282248656994198,0.20008317663292274,-7.066955664843022,3.4439442038352057,12.67350958100054,2.6333835925677396,-1.3571824731703064,1787259740.6076038
14.760297060012817,brake,drive,0.0,0.32,0.292,0.0,11863.0,5.94,0.189,16.9,1.4979952231301088,0.574914603200785,-5.342676014548033,2.951211094626335,12.676352640190762,2.5935904712900233,-1.3252644848879076,1787259740.627708
14.780226945877075,brake,drive,0.0,0.32,0.292,0.0,11517.0,4.79,0.179,16.9,1.5048467376665557,0.9936690730954254,-3.941337221469979,3.0843861286975534,12.692687153226375,2.5310268817807122,-1.2951916326749418,1787259740.6476514
14.800626993179321,brake,drive,0.0,0.32,0.292,0.0,11285.0,1.98,0.172,16.9,1.6075432893060824,1.6495240182433264,-6.091755242446482,3.084953014324717,12.710631374679268,2.4701608588322572,-1.2635234479080206,1787259740.6680312
14.821513175964355,brake,drive,0.0,0.32,0.292,0.0,11011.0,-2.03,0.162,16.9,1.6960503854996123,2.321656369930622,-5.502243612921404,3.2867056254668303,12.721335057391238,2.436429686136787,-1.2460987966284938,1787259740.6774495
14.840224027633667,brake,drive,0.0,0.32,0.292,0.0,10809.0,-5.28,0.15,16.9,1.6847752272344894,3.0418418728072822,-5.6728139174586545,2.9346388020672682,12.737354457170083,2.351875030725926,-1.192165352268424,1787259740.709328
14.860207557678223,brake,drive,0.0,0.32,0.292,0.0,10556.0,-9.67,0.135,17.0,1.7777887914665969,3.691036912132347,-6.620666326357252,3.1097406838698207,12.760149969522917,2.2968142141305203,-1.1570991609159134,1787259740.7276654
14.880343914031982,brake,drive,0.0,0.32,0.292,0.0,10230.0,-11.15,0.126,17.0,2.0182919452928187,3.207582377009004,-3.3998899990248788,2.970303605575842,12.784209448969689,2.24435147638947,-1.1179410642500185,1787259740.7477574
14.900748014450073,brake,drive,0.0,0.32,0.292,0.0,9852.0,-12.67,0.115,17.0,1.9424594985172483,3.307477967653398,-4.625198649716651,3.1152001076410283,12.797524817014576,2.2169863396482525,-1.0977718731051966,1787259740.75657
14.920537948608398,brake,drive,0.0,0.32,0.292,0.0,9500.0,-14.65,0.115,17.0,2.0378512656027965,4.329345897250789,-5.048168706461354,2.8365733888162286,12.836220563886632,2.147199161187913,-1.0378383492107386,1787259740.787993
14.940244436264038,brake,drive,0.0,0.32,0.292,0.0,9175.0,-18.17,0.1,17.0,2.0755957151002713,4.9462774610294105,-4.474698913764996,2.349912163877357,12.842657068025026,2.1255788808172316,-0.9957172219915429,1787259740.808993
14.960145950317383,brake,drive,0.0,0.32,0.292,0.0,8740.0,-18.51,0.089,17.0,2.0459647190217773,4.8394564278700045,-4.1316424644000165,2.5030767911543106,12.870486188211508,2.0846687391499126,-0.9547722487543372,1787259740.8277428
14.980687856674194,brake,drive,0.0,0.32,0.292,0.0,8300.0,-19.83,0.081,17.0,1.9790625171715155,5.124283670029968,-5.250507519718894,2.3968773923687507,12.89868700172823,2.0468396227712713,-0.9148638767688936,1787259740.847757
15.001343965530396,brake,drive,0.0,0.32,0.292,0.0,7790.0,-19.94,0.071,17.0,2.0626749895975887,4.663712214341359,-4.276097348551588,2.2705273121951146,12.926776855588786,2.0123737301109137,-0.8740316952809307,1787259740.8679588
15.020582675933838,brake,drive,0.0,0.32,0.292,0.0,7267.0,-19.67,0.065,17.0,2.161567215619937,4.996589245541543,-3.05669964841573,2.158372812272187,12.954404339316202,1.9814286965022374,-0.8313367156344255,1787259740.887868
15.040393114089966,brake,drive,0.0,0.32,0.292,0.0,6813.0,-21.2,0.058,16.9,2.0990106268784117,5.121880464294009,-3.6766378506114563,2.0272884444973194,12.98234798372176,1.9528377860826762,-0.7880965414997584,1787259740.9087746
15.060244083404541,brake,drive,0.0,0.32,0.292,0.0,6365.0,-22.97,0.049,17.0,1.973975613173355,5.380146143494926,-3.222778706418211,1.8355973722398171,12.979469906485106,1.955983103666378,-0.7472833130856755,1787259740.928366
15.080275058746338,brake,drive,0.0,0.32,0.292,0.0,5903.0,-24.17,0.035,17.0,1.883128264171918,5.8310261311858085,-3.7756926116090597,1.791079727361117,13.005165638094356,1.9337896772943135,-0.7092148884959669,1787259740.947541
15.104929447174072,brake,drive,0.0,0.32,0.292,0.0,5356.0,-23.45,0.025,17.0,1.893764530091531,5.371226800357135,-2.665886940248839,1.6174391923293714,13.029458125657543,1.9145533632256946,-0.6713496026745696,1787259740.9684572
15.120285511016846,brake,drive,0.0,0.32,0.292,0.0,4809.0,-22.98,0.018,16.9,1.8146948778529148,4.961473205717027,-2.054850247182401,1.5107651198270922,13.05210054266081,1.8981534524845074,-0.6345742935810702,1787259740.9879706
15.14049744606018,brake,drive,0.0,0.32,0.292,0.0,4335.0,-24.45,0.012,16.9,1.6999644333537016,5.575667103010062,-2.9775923721089725,1.358710427195519,13.073010200630877,1.8842481092383452,-0.6000728412984574,1787259741.0081637
15.160442113876343,brake,drive,0.0,0.32,0.292,0.0,3911.0,-26.62,0.005,16.9,1.6064090489978178,5.906691443851514,-3.065896149587303,1.8428456544516492,13.057857658033901,1.886824892474716,-0.5661423978992929,1787259741.0287104
15.180245399475098,brake,drive,0.0,0.32,0.292,0.0,3470.0,-28.47,0.0,17.0,1.4746753862028845,5.736494776410439,-2.6762894297003186,1.4439119123819615,13.075643815314043,1.8766232588743326,-0.5358718151388205,1787259741.0483289
15.200245141983032,brake,drive,0.0,0.32,0.292,0.0,3102.0,-25.63,0.0,16.9,1.353514739251675,5.781680891462372,-2.268662759844773,1.1782724331420686,13.091715274069383,1.8680741833719874,-0.508235985950752,1787259741.0677712
15.220405340194702,brake,drive,0.0,0.32,0.292,0.0,2815.0,-23.97,0.0,16.9,1.2363678755373786,5.505113426486389,-2.637202253195568,0.9815490135433881,13.106493375319076,1.8607034370973814,-0.48291455253176535,1787259741.087897
15.240268230438232,brake,drive,0.0,0.32,0.292,0.0,2561.0,-23.23,0.0,16.9,1.1196716186795235,5.507937047045743,-2.7574037628656356,1.5077630679877285,13.084220212450358,1.8536144522189566,-0.46212876136389375,1787259741.1092436
15.260237693786621,brake,drive,0.0,0.32,0.292,0.0,2389.0,-22.76,0.0,16.9,0.9998298356791486,5.532518157978586,-3.2373593239928766,1.134156287978505,13.096988147498884,1.8477320877501928,-0.441521599910738,1787259741.127727
15.280214309692383,brake,drive,0.0,0.32,0.292,0.0,2258.0,-22.26,0.0,16.9,0.8848676961650985,5.34171648641842,-3.759285616147224,0.8811322431842079,13.10900168884553,1.8424489923183176,-0.42329158866185257,1787259741.1476557
15.302287578582764,brake,drive,0.0,0.32,0.292,0.0,2140.0,-21.28,0.0,16.9,0.8272977434066922,5.415921164551662,-3.84975754128223,0.8968117525011923,13.11660286942278,1.8390244598510923,-0.4144293249922016,1787259741.1565876
15.320216655731201,brake,drive,0.0,0.32,0.292,0.0,2043.0,-20.41,0.0,16.9,0.6890796162525524,4.947203660028379,-3.552606999246791,0.6512596558137281,13.131350267251696,1.833192094918372,-0.39195332826527657,1787259741.1878717
15.341408729553223,brake,drive,0.0,0.32,0.292,0.0,1949.0,-17.94,0.0,16.9,0.5331828265712215,4.172000825641987,-2.6231508086600854,1.4929781617312035,13.098036127431612,1.8192058932507975,-0.39368043615668324,1787259741.209014
15.360220909118652,brake,drive,0.0,0.32,0.292,0.0,1832.0,-14.8,0.0,16.9,0.47486951897354673,3.4614801859306965,-0.9890101576446497,1.0206201293218768,13.107804498573072,1.8152451244574601,-0.383904626701533,1787259741.2277105
15.380162000656128,brake,drive,0.0,0.32,0.292,0.0,1696.0,-11.84,0.0,16.9,0.5035422764023167,2.5557902967408097,0.8012890917827562,0.7435070886981723,13.116912290770165,1.8116623336694069,-0.3739600443702742,1787259741.247705
15.400274515151978,brake,drive,0.0,0.32,0.292,0.0,1564.0,-9.02,0.0,16.9,0.5120071339271336,1.8673076675859335,2.1044799539594976,0.7118793879624283,13.12229753870107,1.8095490224798443,-0.3689353117290269,1787259741.2567713
15.420241594314575,brake,drive,0.0,0.32,0.292,0.0,1438.0,-7.23,0.0,16.9,0.45831424437317814,1.491617321547082,1.9518293196380796,1.3275400863027145,13.094146609882472,1.7956571145164753,-0.3694344704424387,1787259741.2891295
15.440179824829102,brake,drive,0.0,0.32,0.292,0.0,1323.0,-5.16,0.0,16.9,0.32756518552276104,1.2697739502033158,0.89289369572829,1.1208671792101064,13.098617402951605,1.7939259666714684,-0.3648526356217954,1787259741.2966366
15.460544347763062,brake,drive,0.0,0.32,0.292,0.0,1213.0,-3.05,0.0,16.9,0.24051888312141007,1.1211805528162984,-0.22799252285751237,0.602563304051692,13.107896019135573,1.7904486190362368,-0.3570018007019591,1787259741.3277068
15.480235815048218,brake,drive,0.0,0.32,0.292,0.0,1082.0,-2.19,0.0,16.9,0.23138587176860598,1.0895772279452558,-0.4681493013179505,0.450198686117574,13.11380071377627,1.7882788350930248,-0.35232553517618626,1787259741.3477578
15.500498056411743,brake,drive,0.0,0.32,0.292,0.0,988.0,-1.65,0.0,16.9,0.23808257342193515,0.8470996894930849,-0.09410794325382454,0.3624722131722245,13.119186523524395,1.7863309792157542,-0.34760023792603173,1787259741.3677132
15.520318508148193,brake,drive,0.0,0.32,0.292,0.0,880.0,-0.94,0.0,16.9,0.21365511115259003,0.6268853524997766,0.413667063153504,1.161975957672722,13.085999912314609,1.7796780639590457,-0.35519301925506996,1787259741.389036
15.540273666381836,brake,drive,0.0,0.32,0.292,0.0,785.0,0.4,0.0,16.9,0.1571215774666584,0.530810296181027,0.6674768714758628,0.6948778114957749,13.09032372508533,1.778076741735963,-0.35176035857238763,1787259741.4080584
15.560410261154175,brake,drive,0.0,0.32,0.292,0.0,134.0,0.33,0.0,16.9,0.11422673254615986,0.5456850287155923,0.5382616957664759,0.4709994805602808,13.090883272319507,1.7778792835012744,-0.34926234823215563,1787259741.4277885
15.580400705337524,brake,drive,0.0,0.32,0.292,0.0,143.0,0.5,0.0,16.9,0.0938767696428078,0.7041386959144234,0.20783532411381067,0.32663169976353845,13.091262982933593,1.7777522481750305,-0.34728162990574984,1787259741.4479334
15.602352857589722,brake,drive,0.0,0.32,0.292,0.0,164.0,-0.51,0.0,16.9,0.07897664133754508,0.5552644494385852,0.020939026327525312,0.2828297035722583,13.092737553110313,1.7772185260846625,-0.34634485391654357,1787259741.4566154
15.620221853256226,brake,drive,0.0,0.32,0.292,0.0,11.0,-0.24,0.0,16.9,0.048203594398651704,0.6268853524997766,0.07357551770212467,1.0461225054269576,13.057841920983908,1.7750438730627054,-0.35552839724899477,1787259741.4890153
15.640146255493164,brake,drive,0.0,0.32,0.292,0.0,114.0,-0.38,0.0,16.9,0.01409261729115598,0.6017570883388501,0.19784648864233922,0.5454350389850898,13.057985697862327,1.7749818666416457,-0.35506174195459317,1787259741.5079315
15.660248517990112,brake,drive,0.0,0.32,0.292,0.0,106.0,0.02,0.0,16.9,0.008907756818556548,0.31205666681038124,0.25590239898604317,0.29037580125716506,13.058080105703128,1.774942323102134,-0.35499151516960936,1787259741.527912
15.680272579193115,brake,drive,0.0,0.32,0.292,0.0,6.0,0.0,0.0,16.9,-0.01147578168017921,0.18583884706285403,0.25073007970647154,0.15958911097667655,13.058144681012578,1.7749158761968056,-0.3551637779294668,1787259741.5478995
15.704408407211304,brake,drive,0.0,0.32,0.292,0.0,0.0,0.05,0.0,16.9,-0.03178357509214553,0.052176415982089885,0.18377699082775756,0.12134762395554236,13.05840824058981,1.7748181242088963,-0.3552785603833852,1787259741.5566518
15.720284938812256,brake,drive,0.0,0.32,0.292,0.0,0.0,0.05,0.0,16.9,-0.04136063526720673,-0.014879519942585517,0.025708381068660913,0.6317156685937506,13.034578853157685,1.7717432562733861,-0.3670754993120596,1787259741.5890117
15.740220069885254,brake,drive,0.0,0.32,0.292,0.0,0.0,0.01,0.0,16.9,-0.04243154643698723,-0.15372491406311894,-0.03175465812762113,0.31077505660312904,13.034584418417317,1.7717405876629255,-0.3679201613691563,1787259741.6078472
15.761185884475708,brake,drive,0.0,0.32,0.292,0.0,0.0,0.01,0.0,16.9,-0.043460292276571215,-0.2792124165444143,0.011140627368980915,0.15310119735024308,13.034588150555201,1.771738835901631,-0.3687888116030694,1787259741.6287973
15.780258417129517,brake,drive,0.0,0.32,0.292,0.0,-54.0,0.0,0.0,16.9,-0.03918991346862916,-0.5405678377184522,-0.002744792779967753,0.07570832506228617,13.034590399932425,1.771737777447872,-0.3695885889808339,1787259741.6475947
15.801564455032349,brake,drive,0.0,0.32,0.292,0.0,-113.0,0.09,0.0,16.9,-0.038195784562027005,-0.4447174972158585,0.002055077119159421,0.03757242856866402,13.034592049108545,1.7717370227467621,-0.3703576098823643,1787259741.667762
15.820390701293945,brake,drive,0.0,0.32,0.292,0.0,-15.0,-0.08,0.0,16.9,-0.0370603208641365,-0.40357637649002953,-0.04150708335113151,0.5511235775221369,13.014539152792834,1.769750730134196,-0.38034873024057414,1787259741.688861
15.840226650238037,brake,drive,0.0,0.32,0.292,0.0,0.0,-0.14,0.0,16.9,-0.034998401679656274,-0.5611872771518023,-0.07492925781886939,0.2747396942919067,13.014517172085343,1.769761500811227,-0.3810607499131526,1787259741.7079694
15.860299110412598,brake,drive,0.0,0.32,0.292,0.0,0.0,-0.1,0.0,16.9,-0.025376835505471727,-0.359626289789702,-0.04131533121462638,0.13797801755363934,13.014502810274903,1.7697684187604055,-0.38161695779158994,1787259741.7277064
15.880215883255005,brake,drive,0.0,0.32,0.292,0.0,0.0,-0.05,0.0,16.9,-0.021087454627033035,-0.5800090996912033,-0.04132128806582713,0.07050426973883522,13.014400900776886,1.7698093289318644,-0.382124927707504,1787259741.7469106
15.900215148925781,brake,drive,0.0,0.32,0.292,0.0,0.0,0.0,0.0,16.9,-0.01684987015120178,-0.6417696598503824,-0.055573474832264935,0.03669798750192639,13.014486860210607,1.7697759025862274,-0.38241783516110267,1787259741.7676945
15.920252799987793,brake,drive,0.0,0.32,0.292,0.0,0.0,0.03,0.0,16.9,-0.007270733542728157,-0.6517423789330223,-0.0844034286556159,0.37331416179102256,13.000153847406805,1.7681988280831484,-0.3887595694050783,1787259741.7888696
15.940457582473755,brake,drive,0.0,0.32,0.292,0.0,0.0,0.03,0.0,16.9,0.001238270558494618,-0.5938725562354179,-0.08431513569548699,0.18745046360452597,13.000133192795987,1.7682085109747185,-0.38875957308079456,1787259741.8078337
15.960222721099854,brake,drive,0.0,0.32,0.292,0.0,0.0,-0.01,0.0,16.9,0.006595961863461786,-0.4467399030161623,-0.09899884699553496,0.09504730231642715,13.000119319846771,1.768214866678836,-0.38875957487192053,1787259741.827723
15.980217218399048,brake,drive,0.0,0.32,0.292,0.0,0.0,-0.02,0.0,16.9,0.005487567221487067,-0.321027684718711,0.044968233169363714,0.048959697183670686,13.000110377126996,1.7682189002380915,-0.3887595758577685,1787259741.8476696
16.000216007232666,brake,drive,0.0,0.32,0.292,0.0,0.0,0.0,0.0,16.9,0.009769399702711068,-0.23554325202310622,0.03521811028711497,0.025761409634517125,13.0001040906109,1.7682216791161791,-0.3887595764001752,1787259741.8678691
16.020216703414917,brake,drive,0.0,0.32,0.292,0.0,0.0,-0.04,0.0,16.9,0.009769399702711068,-0.2158787725819451,0.035333373530594514,0.13207473023151728,12.997930099468535,1.7630171416612241,-0.39267635348524915,1787259741.8877592
16.04024076461792,brake,drive,0.0,0.32,0.292,0.0,0.0,-0.04,0.0,16.9,0.0033907694692538615,-0.17733637387381762,0.01622357560799159,0.06560556763220758,12.997925788729274,1.7630190484875197,-0.3926763535682645,1787259741.9077501
16.06027317047119,brake,drive,0.0,0.32,0.292,0.0,0.0,0.0,0.0,16.9,-0.0008785693014617098,-0.1306752346565352,0.020728855460927065,0.03281977081579619,12.997922891185572,1.7630203154217812,-0.39267635361395964,1787259741.9277282
16.08041524887085,brake,drive,0.0,0.32,0.292,0.0,0.0,0.01,0.0,16.9,-0.001935166890643176,-0.2583682247498089,0.07379650591814269,0.01658025451347506,12.99792095329362,1.7630211548318753,-0.39267635363910236,1787259741.9479897
16.100299835205078,brake,drive,0.0,0.32,0.292,0.0,0.0,0.06,0.0,16.9,-0.001939071126413124,-0.29290740018043593,-0.050974712615087014,0.011891006970833496,12.997913361772273,1.7630242991408345,-0.39267635363910236,1787259741.9566443
16.120312929153442,brake,drive,0.0,0.32,0.292,0.0,0.0,0.07,0.0,16.9,-0.0008517595396481532,-0.35032775470062916,0.025680314432328544,0.15931174027361744,12.992327439445042,1.7604337366750114,-0.39543664491030367,1787259741.9891372
16.140218496322632,brake,drive,0.0,0.32,0.292,0.0,0.0,0.0,0.0,16.9,-0.003009984766899717,-0.3738830446935637,0.001821078847758173,0.07933300639014225,12.99232164801597,1.7604362619386926,-0.3954366448020269,1787259742.0079083
16.16048574447632,brake,drive,0.0,0.32,0.292,0.0,0.0,0.06,0.0,16.9,-0.0008881998537239787,-0.41175129595322346,-0.03639489903260795,0.039758655633947204,12.9923178121719,1.7604379226043216,-0.395436644742262,1787259742.0278716
16.18023133277893,brake,drive,0.0,0.32,0.292,0.0,0.0,0.01,0.0,16.9,0.00018948118077872315,-0.33156217506919106,0.016009530960857887,0.020150303859775228,12.992315215067595,1.7604390394859473,-0.395436644709324,1787259742.047783
16.20027446746826,brake,drive,0.0,0.32,0.292,0.0,0.0,0.04,0.0,16.9,0.0001866179575139815,-0.30766979307947295,-0.05106439428899279,0.014472788044675595,12.99230521691866,1.7604432129579262,-0.395436644709324,1787259742.0566254
16.22036576271057,brake,drive,0.0,0.32,0.292,0.0,0.0,0.01,0.0,16.9,0.0023313085917890724,-0.2924579685481241,0.035348649382139996,0.1163116902864401,12.993419917007804,1.7560775070652732,-0.3972132913006138,1787259742.089065
16.240487813949585,brake,drive,0.0,0.32,0.292,0.0,0.0,0.03,0.0,16.9,0.00236306340682204,-0.2877806343672553,0.020952694194697585,0.05748538196453454,12.993422290774715,1.7560764833870137,-0.39721329134778555,1787259742.1094232
16.26026749610901,brake,drive,0.0,0.32,0.292,0.0,0.0,0.02,0.0,16.9,0.0012853823723193377,-0.32604211089636337,-0.050883532592106206,0.028567830269236757,12.993423848810165,1.7560758144339939,-0.3972132913737612,1787259742.1278746
16.280238151550293,brake,drive,0.0,0.32,0.292,0.0,0.0,0.08,0.0,16.9,-0.0008757061432155494,-0.27358004928115776,0.030493669473131035,0.014269833695727057,12.993424871469976,1.7560753769741662,-0.3972132913880572,1787259742.1477885
16.300230503082275,brake,drive,0.0,0.32,0.292,0.0,0.0,0.02,0.0,16.9,-0.002997490796316963,-0.344863896890665,0.006674560407692098,0.01013943567220986,12.993428945610196,1.7560736678225106,-0.3972132913880572,1787259742.1565924
16.320210933685303,brake,drive,0.0,0.32,0.292,0.0,0.0,0.04,0.0,16.9,-0.001940893467209822,-0.32147711635102283,-0.017405042126206638,0.11519541808122752,12.98834586284079,1.7545092316925843,-0.398674221841113,1787259742.187704
16.340211868286133,brake,drive,0.0,0.32,0.292,0.0,0.0,-0.01,0.0,16.9,-0.0019380303089636616,-0.3411977656099481,-0.0031631245326977364,0.05731528300534029,12.988341548621557,1.754511083304644,-0.39867422178317746,1787259742.2078738
16.36031723022461,brake,drive,0.0,0.32,0.292,0.0,0.0,0.0,0.0,16.9,-0.001935166890643176,-0.33472266835473263,0.025963063866317526,0.02874901351828558,12.988338708995558,1.7545122983428216,-0.39867422175128164,1787259742.227827
16.380237340927124,brake,drive,0.0,0.32,0.292,0.0,0.0,0.04,0.0,16.9,0.0012546685047729958,-0.30811922471178477,-0.03200729439971184,0.014586632078952767,12.988336782403042,1.7545131202852535,-0.39867422173372713,1787259742.2476916
16.401560068130493,brake,drive,0.0,0.32,0.292,0.0,0.0,0.02,0.0,16.9,0.0012421747942645664,-0.33088802762072334,-0.022156160862746077,0.010481759120828523,12.98832934329997,1.7545162538685104,-0.39867422173372713,1787259742.2566237
16.420248985290527,brake,drive,0.0,0.32,0.292,0.0,0.0,0.03,0.0,16.9,0.00021342781685540992,-0.2975847709064041,0.01611145524305968,0.09763933272272739,12.989460979931248,1.750844557537171,-0.39971233365503017,1787259742.2889848
16.440319776535034,brake,drive,0.0,0.32,0.292,0.0,0.0,0.04,0.0,16.9,0.00020770137032592652,-0.2930759461788277,0.020836992410025346,0.04834036386584341,12.98946321335698,1.750843599479749,-0.39971233367247566,1787259742.3076522
16.460235357284546,brake,drive,0.0,0.32,0.292,0.0,0.0,0.02,0.0,16.9,0.00020483814706118484,-0.3301576738093921,0.006751341661512811,0.02402608829571922,12.989464695157166,1.7508429654841817,-0.39971233368207953,1787259742.3280332
16.480485439300537,brake,drive,0.0,0.32,0.292,0.0,0.0,0.06,0.0,16.9,0.00017698743776100315,-0.27926858636217844,-0.01761239902015177,0.012033192533301462,12.989465710321198,1.750842532219742,-0.3997123336873647,1787259742.347939
16.500214338302612,brake,drive,0.0,0.32,0.292,0.0,0.0,0.05,0.0,16.9,-0.0008824734071944954,-0.3542747716152661,0.030663567640200284,0.006090722686085053,12.98946637482074,1.7508422490753317,-0.39971233369027337,1787259742.3678286
16.52024817466736,brake,drive,0.0,0.32,0.292,0.0,0.0,0.03,0.0,16.9,-0.0008449921456320446,-0.3359586236161398,-0.017430331334985283,0.1023014178775493,12.985680726218302,1.7492721361034387,-0.4003917096914909,1787259742.3891566
16.540231704711914,brake,drive,0.0,0.32,0.292,0.0,0.0,0.04,0.0,16.9,0.0023313085917890724,-0.3359024537983757,-0.0030474227480254967,0.05075210461640713,12.985677724179158,1.7492734196564945,-0.4003917096788579,1787259742.4092822
16.5602445602417,brake,drive,0.0,0.32,0.292,0.0,0.0,0.04,0.0,16.9,0.0012882456606026608,-0.29257034472875176,0.025742843097386725,0.02536813889294503,12.985675771543717,1.7492742532356418,-0.40039170967190224,1787259742.427791
16.580217838287354,brake,drive,0.0,0.32,0.292,0.0,0.0,-0.01,0.0,16.9,0.0002105645935906682,-0.354218601797502,-0.03159382314520087,0.012770878032114026,12.985674469956361,1.749274808055983,-0.4003917096680737,1787259742.4477718
16.60029649734497,brake,drive,0.0,0.32,0.292,0.0,0.0,0.0,0.0,16.9,0.0012421747942645664,-0.3302138436271562,0.02110855904360065,0.00648366333509523,12.985673034371874,1.7492754178296162,-0.4003917096659672,1787259742.4692194
16.62037491798401,brake,drive,0.0,0.32,0.292,0.0,0.0,-0.01,0.0,16.9,0.0012421747942645664,-0.2975847709064041,-0.036578757427644604,0.07319071103821578,12.986866806572127,1.7465437271158104,-0.4008706485919494,1787259742.4898343
16.64025115966797,brake,drive,0.0,0.32,0.292,0.0,0.0,-0.03,0.0,16.9,0.0012450379525107266,-0.3457627601552886,-0.00790148902954968,0.03635455531530418,12.986868895986198,1.7465428352493222,-0.400870648596677,1787259742.5079021
16.66037654876709,brake,drive,0.0,0.32,0.292,0.0,0.0,0.0,0.0,16.9,0.00016735691800802484,-0.32559267926405155,0.025859787415438262,0.01813470291206792,12.986870288167916,1.7465422417337118,-0.40087064859927646,1787259742.5278604
16.680274963378906,brake,drive,0.0,0.32,0.292,0.0,0.0,0.0,0.0,16.9,0.0023169925404839453,-0.3405797879792445,-0.03176163824160483,0.009124740457032708,12.986871167844416,1.7465418669948989,-0.4008706486007061,1787259742.5479808
16.700212955474854,settle,stop,0.0,0.0,0.5,0.0,0.0,-0.01,0.0,16.9,-0.0008613899618732597,-0.27335533346500185,0.030545161518173103,0.006520999298491332,12.986874774084088,1.746540338598843,-0.4008706486007061,1787259742.5567706
16.720534801483154,settle,stop,0.0,0.0,0.5,0.0,0.0,0.0,0.0,16.9,0.00017698743776100315,-0.3310003672562516,-0.003021804633352332,0.05949735228934767,12.985552112598784,1.744513850741502,-0.4012596535730341,1787259742.5903792
16.740418672561646,settle,stop,0.0,0.0,0.5,0.0,0.0,-0.01,0.0,16.9,-0.0008699796966860659,-0.3118415258102658,0.03050773933639661,0.029153930502120597,12.98555211354107,1.7445138503394841,-0.4012596535730352,1787259742.6076555
16.760302543640137,settle,stop,0.0,0.0,0.5,0.0,0.0,-0.02,0.0,16.9,0.00478583935856205,-0.018995101128163938,0.524025296482975,0.014285573683682523,12.985552114170696,1.7445138500711241,-0.4012596535730359,1787259742.6277921
16.78023386001587,settle,stop,0.0,0.0,0.5,0.0,0.0,0.01,0.0,16.9,-0.07257556720997149,-0.6958193502184358,0.9415381466258026,0.007000035346268331,12.985552114585762,1.7445138498934996,-0.4023250452904515,1787259742.6478121
16.800315618515015,settle,stop,0.0,0.0,0.5,0.0,0.0,-0.03,0.0,16.9,-0.2874274863116863,-0.3711158497676692,0.8444012724442445,0.0049000832322919725,12.985552116161825,1.744513849222827,-0.40305095188117435,1787259742.6565974
16.820244073867798,settle,stop,0.0,0.0,0.5,0.0,0.0,0.0,0.0,16.9,-0.07669609327232615,-0.3218703781655705,-0.5875077886352642,0.002401109460112406,12.985552116112865,1.7445138492307295,-0.4100696634417329,1787259742.6775672
16.84022331237793,settle,stop,0.0,0.0,0.5,0.0,0.0,-0.03,0.0,16.9,0.11937550510539412,-0.19632663277631224,-1.26746298429822,0.03861836562754735,12.982674148046787,1.7436699037015346,-0.40958642818027197,1787259742.7077613
16.86021590232849,settle,stop,0.0,0.0,0.5,0.0,0.0,0.03,0.0,16.9,0.06662412205937655,-0.22551436312270212,-0.5490619055346286,0.019358450117549462,12.982672244147071,1.7436707767492163,-0.4079868732602324,1787259742.727646
16.88014054298401,settle,stop,0.0,0.0,0.5,0.0,0.0,0.03,0.0,16.9,-0.05023023085987758,-0.278538305641046,0.2268460848170637,0.009805166992876941,12.982670949065028,1.7436713517226987,-0.40840628670750734,1787259742.74802
16.900218725204468,settle,stop,0.0,0.0,0.5,0.0,0.0,0.01,0.0,16.9,-0.0196339200294192,-0.2403891687474662,0.8878292758546706,0.005051132979159104,12.982670090744088,1.7436717364107033,-0.40895076099390376,1787259742.7678325
16.920183658599854,settle,stop,0.0,0.0,0.5,0.0,0.0,0.04,0.0,16.9,0.04134629997040154,-0.2820358909233711,0.5911840063634131,0.07004815828944812,12.984321329613733,1.7414583498469594,-0.4084174896065387,1787259742.78895
16.940213918685913,settle,stop,0.0,0.0,0.5,0.0,0.0,0.03,0.0,16.9,0.0018440527116258645,-0.28783680418501945,-0.1706610460190383,0.03491419418248419,12.98432423442281,1.7414570917803454,-0.4082175431642097,1787259742.807842
16.960229635238647,settle,stop,0.0,0.0,0.5,0.0,0.0,0.02,0.0,16.9,-0.046625925285321154,-0.35522980469765386,-0.47250759678113496,0.017527010874620347,12.984326128627583,1.7414562706925583,-0.4089174337978737,1787259742.8277001
16.98027777671814,settle,stop,0.0,0.0,0.5,0.0,0.0,0.04,0.0,16.9,-0.01131232184589719,-0.29741618836291295,-0.2808312548121421,0.008896799728120266,12.98432739198761,1.7414557152963683,-0.4093197692820211,1787259742.848014
17.000777006149292,settle,stop,0.0,0.0,0.5,0.0,0.0,0.07,0.0,16.9,0.030182869635385794,-0.34565038397466097,0.150194968095283,0.004596624260051138,12.98432825050969,1.7414553373760076,-0.4089228377118603,1787259742.8678913
17.020477294921875,settle,stop,0.0,0.0,0.5,0.0,0.0,0.03,0.0,16.9,0.020421273202728116,-0.40234042122862235,0.26533753965664,0.0033454877797043214,12.984331900898198,1.7414537554759115,-0.40860772344332696,1787259742.8772266
17.0405170917511,settle,stop,0.0,0.0,0.5,0.0,0.0,0.01,0.0,16.9,-0.0148077332601938,-0.3737145352402713,0.15514039712528493,0.027437091653649017,12.98564659172774,1.7395047785086308,-0.4083393829436627,1787259742.9077413
17.060258865356445,settle,stop,0.0,0.0,0.5,0.0,0.0,0.0,0.0,16.9,-0.01477311528691467,-0.3361833394322957,-0.05101198861646594,0.013929822513885455,12.985648736221698,1.7395038558303344,-0.40863548652717735,1787259742.9277618
17.08022713661194,settle,stop,0.0,0.0,0.5,0.0,0.0,0.02,0.0,16.9,0.006526725916903531,-0.3019812194533529,-0.0652286170011962,0.0071940844948233055,12.98565011919445,1.7395032570377107,-0.4087086174825563,1787259742.9476185
17.100460529327393,settle,stop,0.0,0.0,0.5,0.0,0.0,0.02,0.0,16.9,0.004455956923285297,-0.30214976545174466,-0.08442736569571707,0.005235138360021373,12.985655597932723,1.7395008842140538,-0.40870861821889454,1787259742.9566066
17.12022042274475,settle,stop,0.0,0.0,0.5,0.0,0.0,0.01,0.0,16.9,-0.0029810931101129107,-0.26862179292126953,0.08322236413349415,0.0871792618388995,12.98806779048398,1.7369793580040132,-0.40836525847390126,1787259742.9889777
17.14024329185486,settle,stop,0.0,0.0,0.5,0.0,0.0,0.02,0.0,16.9,-0.0008574859861776367,-0.27397331109570544,0.08309379847383624,0.04374632326714925,12.988072736275459,1.7369772316399859,-0.40836525847558147,1787259743.0079284
17.160218477249146,settle,stop,0.0,0.0,0.5,0.0,0.0,0.04,0.0,16.9,0.004400255244610608,-0.32559267926405155,0.07375999736385097,0.02216057137209912,12.988075864880912,1.7369758852852764,-0.4083652584764889,1787259743.0276027
17.180216789245605,settle,stop,0.0,0.0,0.5,0.0,0.0,0.03,0.0,16.9,-0.003065685925425756,-0.2837212412719907,-0.03669508047900649,0.011382110944765258,12.98807793362826,1.7369749941680277,-0.40836525847698296,1787259743.0479426
17.200262784957886,settle,stop,0.0,0.0,0.5,0.0,0.0,0.05,0.0,16.9,-0.0029907236623751793,-0.3028800827179765,-0.09417474769551148,0.005976630012045536,12.98807935738658,1.736974380315588,-0.4083652584772533,1787259743.0678174
17.220285892486572,settle,stop,0.0,0.0,0.5,0.0,0.0,0.09,0.0,16.9,0.00020483814706118484,-0.3594015739735461,0.03537653329297541,0.13882779461128814,12.982633638316786,1.7376397900667397,-0.4082952094547206,1787259743.0887544
17.240227222442627,settle,stop,0.0,0.0,0.5,0.0,0.0,0.03,0.0,16.9,0.0012786151083403919,-0.3506648101523133,0.06392322605094591,0.06914556902115807,12.982628415391938,1.7376420424028143,-0.4082952094537837,1787259743.1078575
17.260252952575684,settle,stop,0.0,0.0,0.5,0.0,0.0,0.02,0.0,16.9,-0.0019572911534138744,-0.3832939559632642,0.04018016733733987,0.034676807913301716,12.982625060913936,1.7376434896473598,-0.4082952094532684,1787259743.1277747
17.280244827270508,settle,stop,0.0,0.0,0.5,0.0,0.0,0.01,0.0,16.9,-0.0019572911534138744,-0.3075574168988453,-0.007928459312900316,0.017591533077226967,12.982622838766625,1.7376444488040603,-0.40829520945298503,1787259743.1476085
17.300508737564087,settle,stop,0.0,0.0,0.5,0.0,0.0,0.02,0.0,16.9,0.0022977314359594074,-0.34418974944219727,0.0020390338205267255,0.008988867489875044,12.982619789293134,1.7376457668376122,-0.4082952094528292,1787259743.1699681
17.32016134262085,settle,stop,0.0,0.0,0.5,0.0,0.0,0.05,0.0,16.9,-0.0008574859861776367,-0.29809037235648006,-0.007954479423666783,0.029837290822210275,12.982646503491669,1.7365976250681938,-0.40824870769132865,1787259743.189126
17.340216875076294,settle,stop,0.0,0.0,0.5,0.0,0.0,0.06,0.0,16.9,0.0012853823723193377,-0.32130860689773044,0.04969387997162755,0.014735586355874164,12.982645961442858,1.7365978591575653,-0.40824870769128246,1787259743.207713
17.36022663116455,settle,stop,0.0,0.0,0.5,0.0,0.0,0.05,0.0,16.9,-0.0008728428549322264,-0.2969667932757005,0.049783232739638805,0.007300173733610247,12.982645603209413,1.736598013906219,-0.4082487076912571,1787259743.2276206
17.38025665283203,settle,stop,0.0,0.0,0.5,0.0,0.0,0.06,0.0,16.9,0.0012421747942645664,-0.307164191629397,-0.0317884623445579,0.003636354212072496,12.98264536195682,1.7365981181472916,-0.4082487076912431,1787259743.2477963
17.40037703514099,settle,stop,0.0,0.0,0.5,0.0,0.0,0.05,0.0,16.9,0.0012450379525107266,-0.33517209998704445,-0.002880046192814234,0.0018249574129204735,12.982645199541016,1.736598188338321,-0.40824870769123556,1787259743.26868
17.420156002044678,settle,stop,0.0,0.0,0.5,0.0,0.0,0.01,0.0,16.9,-0.0008546226978943137,-0.3075012470810812,-0.017495600882497797,0.11556261441643056,12.986491271149381,1.7337739791621365,-0.4078641717726977,1787259743.289096
17.440511226654053,settle,stop,0.0,0.0,0.5,0.0,0.0,0.03,0.0,16.9,0.0012575316630191562,-0.34052361816148036,0.044891598095940566,0.057890451026843405,12.986497003990618,1.733771517063766,-0.4078641717728803,1787259743.3078227
17.46021604537964,settle,stop,0.0,0.0,0.5,0.0,0.0,0.02,0.0,16.9,0.00020197492379644315,-0.3401865261646968,0.030598773178979854,0.029238255898472832,12.986500743995846,1.7337699093025738,-0.4078641717729808,1787259743.3278525
17.480217695236206,settle,stop,0.0,0.0,0.5,0.0,0.0,-0.01,0.0,16.9,-0.0008978304059862476,-0.3361271696145316,-0.022258998772432648,0.014990092852198223,12.986503220110933,1.733768843940843,-0.40786417177303613,1787259743.347608
17.50023102760315,settle,stop,0.0,0.0,0.5,0.0,0.0,0.04,0.0,16.9,-0.0008757061432155494,-0.3067147234519858,0.030584849496111843,0.007828155461265874,12.986504953358253,1.7337680975199867,-0.40786417177306666,1787259743.3679292
17.52041983604431,settle,stop,0.0,0.0,0.5,0.0,0.0,0.01,0.0,16.9,-0.001953387177718251,-0.3262668267125193,-0.007824853956126532,0.07961932344463883,12.983492807911203,1.733925744900299,-0.4078635007760523,1787259743.389741
17.54021191596985,settle,stop,0.0,0.0,0.5,0.0,0.0,0.01,0.0,16.9,0.00018948118077872315,-0.31195390199089346,0.025691972319034306,0.039445266217673546,12.983491038556009,1.7339265085493767,-0.407863500776033,1787259743.4079242
17.56018090248108,settle,stop,0.0,0.0,0.5,0.0,0.0,0.02,0.0,16.9,0.0012700253735275855,-0.3316183448869552,0.015996667085872218,0.019618630214203663,12.983489832925533,1.7339270290093334,-0.4078635007760223,1787259743.4275846
17.580223560333252,settle,stop,0.0,0.0,0.5,0.0,0.0,0.0,0.0,16.9,-0.0008699796966860659,-0.3299329579932362,0.0690731249120411,0.009823134740196904,12.983489031904734,1.7339273748576363,-0.40786350077601635,1787259743.4479234
17.600579977035522,settle,stop,0.0,0.0,0.5,0.0,0.0,0.01,0.0,16.9,0.0012325442420022975,-0.3350597603515162,0.054625933495252355,0.004974624875601451,12.983488484153588,1.7339276113899316,-0.407863500776013,1787259743.4678302
17.620221376419067,settle,stop,0.0,0.0,0.5,0.0,0.0,-0.02,0.0,16.9,-0.0008757061432155494,-0.3262668267125193,-0.017404895945809074,0.048066087115926234,12.981307091600403,1.7338037742924042,-0.40787025540546495,1787259743.4878418
17.64041543006897,settle,stop,0.0,0.0,0.5,0.0,0.0,-0.01,0.0,16.9,-0.0008507185921615281,-0.326154487076991,0.025731039030283398,0.02418051650290812,12.981303698264027,1.7338052407117361,-0.4078702554054606,1787259743.5078683
17.660467863082886,settle,stop,0.0,0.0,0.5,0.0,0.0,-0.02,0.0,16.9,0.0012603948212653164,-0.307164191629397,0.035271868128319284,0.012325772141960388,12.981301496902502,1.733806192007953,-0.40787025540545824,1787259743.5278618
17.680160522460938,settle,stop,0.0,0.0,0.5,0.0,0.0,0.05,0.0,16.9,-0.0008853366954778184,-0.3541062256168743,0.040282237799939224,0.006389920357987217,12.981300029365677,1.7338068261793793,-0.407870255405457,1787259743.548469
