it,alpha_cvar,alpha_pow,ent_cvar,ent_pow,pstd_a_steer,pstd_a_thr,qspread_a,pstd_b_steer,pstd_b_thr,qspread_b,v_cap,k_slip,mu_min,mu_max,r_a,r_b,term,off_a,off_b,crash_a,crash_b,flip_a,flip_b,spun_a,spun_b,obs_a,obs_b
1450200,0.5379,0.5379,-8.0663,-7.1751,0.0079,0.0000,0.2807,0.0082,0.0121,0.7347,10.00,0.200,0.850,1.100,0.0329,0.0819,0.0032,0.00073,0.00073,0.00000,0.00024,0.00000,0.00000,0.00024,0.00000,0.00024,0.00098
1450400,0.5379,0.5379,-8.0663,-7.1751,0.0118,0.0000,0.2336,0.0112,0.0191,0.5869,10.00,0.200,0.850,1.100,0.0045,0.0769,0.0073,0.00244,0.00073,0.00000,0.00049,0.00000,0.00000,0.00024,0.00000,0.00171,0.00171
1450600,0.5379,0.5379,-8.2197,-7.1972,0.0086,0.0000,0.2918,0.0086,0.0238,0.7525,10.00,0.200,0.850,1.100,0.0118,0.0778,0.0051,0.00220,0.00073,0.00000,0.00049,0.00000,0.00000,0.00000,0.00000,0.00073,0.00098
1450800,0.5379,0.5379,-8.2197,-7.1972,0.0097,0.0000,0.2890,0.0151,0.0185,0.7885,10.00,0.200,0.850,1.100,0.0044,0.0676,0.0061,0.00122,0.00024,0.00000,0.00024,0.00000,0.00000,0.00024,0.00000,0.00171,0.00244
1451000,0.5379,0.5379,-8.2197,-7.1972,0.0112,0.0000,0.2193,0.0189,0.0365,0.7446,10.00,0.200,0.850,1.100,0.0149,0.0515,0.0061,0.00146,0.00049,0.00000,0.00024,0.00000,0.00000,0.00024,0.00000,0.00073,0.00293
1451200,0.5379,0.5379,-8.2711,-7.1846,0.0066,0.0000,0.2294,0.0135,0.0163,0.7556,10.00,0.200,0.850,1.100,0.0164,0.0860,0.0049,0.00244,0.00122,0.00000,0.00000,0.00000,0.00000,0.00000,0.00000,0.00024,0.00098
1451400,0.5379,0.5379,-8.2711,-7.1846,0.0124,0.0000,0.3161,0.0171,0.0180,0.6695,10.00,0.200,0.850,1.100,0.0232,0.0685,0.0054,0.00171,0.00073,0.00000,0.00049,0.00000,0.00000,0.00000,0.00000,0.00049,0.00195
1451600,0.5379,0.5379,-8.1891,-7.2135,0.0096,0.0000,0.2578,0.0093,0.0068,0.7289,10.00,0.200,0.850,1.100,0.0089,0.0844,0.0049,0.00171,0.00024,0.00000,0.00049,0.00000,0.00000,0.00000,0.00000,0.00122,0.00122
1451800,0.5379,0.5379,-8.1891,-7.2135,0.0079,0.0000,0.1061,0.0250,0.0012,0.3896,10.00,0.200,0.850,1.100,-0.0116,-0.0320,0.0000,0.00000,0.00000,0.00000,0.00000,0.00000,0.00000,0.00000,0.00000,0.00000,0.00000
1452000,0.5379,0.5379,-8.1891,-7.2135,0.0079,0.0000,0.2217,0.0165,0.0493,0.7272,10.00,0.200,0.850,1.100,0.0193,0.0478,0.0054,0.00146,0.00073,0.00000,0.00049,0.00000,0.00000,0.00000,0.00000,0.00098,0.00171
1452200,0.5379,0.5379,-8.3682,-7.1500,0.0112,0.0000,0.3024,0.0083,0.0129,0.6074,10.00,0.200,0.850,1.100,0.0236,0.0809,0.0049,0.00122,0.00098,0.00000,0.00049,0.00000,0.00000,0.00000,0.00000,0.00073,0.00146
1452400,0.5379,0.5379,-8.3682,-7.1500,0.0138,0.0000,0.2570,0.0136,0.0340,1.0095,10.00,0.200,0.850,1.100,0.0149,0.0955,0.0032,0.00146,0.00000,0.00000,0.00000,0.00000,0.00000,0.00000,0.00000,0.00122,0.00049
1452600,0.5379,0.5379,-8.2980,-7.2324,0.0093,0.0000,0.2288,0.0204,0.0223,0.6121,10.00,0.200,0.850,1.100,0.0111,0.0678,0.0068,0.00269,0.00098,0.00000,0.00024,0.00000,0.00000,0.00024,0.00000,0.00098,0.00171
1452800,0.5379,0.5379,-8.2980,-7.2324,0.0121,0.0000,0.2660,0.0181,0.0362,0.6521,10.00,0.200,0.850,1.100,0.0282,0.0824,0.0032,0.00073,0.00000,0.00000,0.00024,0.00000,0.00000,0.00000,0.00000,0.00073,0.00146
1453000,0.5379,0.5379,-8.2980,-7.2324,0.0085,0.0000,0.2170,0.0141,0.0162,0.5530,10.00,0.200,0.850,1.100,0.0294,0.0883,0.0034,0.00000,0.00024,0.00000,0.00024,0.00000,0.00000,0.00000,0.00000,0.00171,0.00122
1453200,0.5379,0.5379,-8.3308,-7.1908,0.0086,0.0000,0.2699,0.0215,0.0143,0.7280,10.00,0.200,0.850,1.100,0.0167,0.0679,0.0063,0.00146,0.00073,0.00000,0.00098,0.00000,0.00000,0.00024,0.00000,0.00146,0.00171
1453400,0.5379,0.5379,-8.3308,-7.1908,0.0087,0.0000,0.3505,0.0196,0.0148,0.6844,10.00,0.200,0.850,1.100,0.0090,0.0837,0.0051,0.00244,0.00049,0.00000,0.00049,0.00000,0.00000,0.00000,0.00000,0.00098,0.00073
1453600,0.5379,0.5379,-8.2841,-7.1634,0.0074,0.0000,0.1143,0.0167,0.0035,0.4290,10.00,0.200,0.850,1.100,0.0142,-0.0046,0.0000,0.00000,0.00000,0.00000,0.00000,0.00000,0.00000,0.00000,0.00000,0.00000,0.00000
1453800,0.5379,0.5379,-8.2841,-7.1634,0.0063,0.0000,0.2501,0.0110,0.0178,0.6506,10.00,0.200,0.850,1.100,0.0292,0.0667,0.0037,0.00073,0.00049,0.00000,0.00000,0.00000,0.00000,0.00000,0.00000,0.00049,0.00195
1454000,0.5379,0.5379,-8.2841,-7.1634,0.0087,0.0000,0.3270,0.0135,0.0284,0.7823,10.00,0.200,0.850,1.100,0.0123,0.0723,0.0063,0.00293,0.00073,0.00000,0.00000,0.00000,0.00000,0.00000,0.00000,0.00024,0.00244
1454200,0.5379,0.5379,-8.2952,-6.8597,0.0063,0.0000,0.3157,0.0103,0.0379,0.6124,10.00,0.200,0.850,1.100,0.0275,0.0798,0.0044,0.00122,0.00049,0.00000,0.00024,0.00000,0.00000,0.00000,0.00000,0.00073,0.00171
1454400,0.5379,0.5379,-8.2952,-6.8597,0.0078,0.0000,0.2964,0.0133,0.0132,0.5169,10.00,0.200,0.850,1.100,0.0155,0.0744,0.0051,0.00098,0.00000,0.00000,0.00000,0.00000,0.00000,0.00000,0.00000,0.00122,0.00293
1454600,0.5379,0.5379,-8.3212,-7.0794,0.0091,0.0000,0.2345,0.0078,0.0178,0.7102,10.00,0.200,0.850,1.100,0.0128,0.0651,0.0063,0.00269,0.00073,0.00000,0.00000,0.00000,0.00000,0.00000,0.00000,0.00049,0.00244
1454800,0.5379,0.5379,-8.3212,-7.0794,0.0091,0.0000,0.1937,0.0150,0.0373,0.7883,10.00,0.200,0.850,1.100,0.0147,0.0860,0.0051,0.00146,0.00098,0.00000,0.00024,0.00000,0.00000,0.00000,0.00000,0.00122,0.00122
1455000,0.5379,0.5379,-8.3212,-7.0794,0.0122,0.0000,0.1998,0.0180,0.0241,0.6349,10.00,0.200,0.850,1.100,0.0077,0.0780,0.0066,0.00195,0.00073,0.00000,0.00049,0.00000,0.00000,0.00000,0.00000,0.00146,0.00195
1455200,0.5379,0.5379,-8.3453,-6.9664,0.0078,0.0000,0.2959,0.0119,0.0349,0.7234,10.00,0.200,0.850,1.100,0.0190,0.0670,0.0059,0.00171,0.00098,0.00000,0.00000,0.00000,0.00000,0.00000,0.00000,0.00073,0.00244
1455400,0.5379,0.5379,-8.3453,-6.9664,0.0084,0.0000,0.1153,0.0204,0.0054,0.4510,10.00,0.200,0.850,1.100,0.0194,0.0095,0.0000,0.00000,0.00000,0.00000,0.00000,0.00000,0.00000,0.00000,0.00000,0.00000,0.00000
1455600,0.5379,0.5379,-8.2995,-7.1280,0.0075,0.0000,0.1985,0.0141,0.0177,0.6499,10.00,0.200,0.850,1.100,-0.0022,0.0667,0.0063,0.00244,0.00073,0.00000,0.00049,0.00000,0.00000,0.00000,0.00000,0.00098,0.00195
1455800,0.5379,0.5379,-8.2995,-7.1280,0.0111,0.0000,0.3568,0.0226,0.0468,0.5298,10.00,0.200,0.850,1.100,0.0154,0.0955,0.0037,0.00098,0.00049,0.00000,0.00000,0.00000,0.00000,0.00024,0.00000,0.00122,0.00073
1456000,0.5379,0.5379,-8.2995,-7.1280,0.0080,0.0000,0.2731,0.0282,0.0136,0.7482,10.00,0.200,0.850,1.100,0.0225,0.0737,0.0049,0.00122,0.00024,0.00000,0.00024,0.00000,0.00000,0.00000,0.00000,0.00098,0.00220
1456200,0.5379,0.5379,-8.3104,-6.8405,0.0098,0.0000,0.2895,0.0129,0.0350,0.8097,10.00,0.200,0.850,1.100,0.0125,0.0633,0.0051,0.00146,0.00024,0.00000,0.00024,0.00000,0.00000,0.00000,0.00000,0.00122,0.00195
1456400,0.5379,0.5379,-8.3104,-6.8405,0.0076,0.0000,0.2276,0.0171,0.0369,0.7486,10.00,0.200,0.850,1.100,0.0257,0.0883,0.0020,0.00122,0.00000,0.00000,0.00024,0.00000,0.00000,0.00000,0.00000,0.00024,0.00024
1456600,0.5379,0.5379,-8.2544,-7.0623,0.0080,0.0000,0.2393,0.0172,0.0291,0.6476,10.00,0.200,0.850,1.100,0.0183,0.0908,0.0024,0.00073,0.00000,0.00000,0.00024,0.00000,0.00000,0.00000,0.00000,0.00073,0.00073
1456800,0.5379,0.5379,-8.2544,-7.0623,0.0111,0.0000,0.3044,0.0203,0.0444,0.6522,10.00,0.200,0.850,1.100,0.0224,0.0737,0.0051,0.00220,0.00024,0.00000,0.00000,0.00000,0.00000,0.00000,0.00000,0.00049,0.00220
1457000,0.5379,0.5379,-8.2544,-7.0623,0.0108,0.0000,0.2024,0.0094,0.0086,0.8626,10.00,0.200,0.850,1.100,0.0233,0.0676,0.0051,0.00122,0.00024,0.00000,0.00024,0.00000,0.00000,0.00000,0.00000,0.00098,0.00244
1457200,0.5379,0.5379,-8.2670,-7.1650,0.0083,0.0000,0.1251,0.0150,0.0068,0.4699,10.00,0.200,0.850,1.100,0.0225,0.0213,0.0000,0.00000,0.00000,0.00000,0.00000,0.00000,0.00000,0.00000,0.00000,0.00000,0.00000
1457400,0.5379,0.5379,-8.2670,-7.1650,0.0076,0.0000,0.1957,0.0200,0.0156,0.7869,10.00,0.200,0.850,1.100,0.0170,0.0784,0.0051,0.00171,0.00098,0.00000,0.00000,0.00000,0.00000,0.00000,0.00000,0.00049,0.00195
1457600,0.5379,0.5379,-8.3286,-7.1365,0.0081,0.0000,0.2937,0.0117,0.0108,0.6171,10.00,0.200,0.850,1.100,0.0264,0.0798,0.0044,0.00073,0.00098,0.00000,0.00000,0.00000,0.00000,0.00000,0.00000,0.00122,0.00146
1457800,0.5379,0.5379,-8.3286,-7.1365,0.0077,0.0000,0.2258,0.0167,0.0119,0.6418,10.00,0.200,0.850,1.100,0.0132,0.0710,0.0051,0.00244,0.00024,0.00000,0.00049,0.00000,0.00000,0.00000,0.00000,0.00073,0.00122
1458000,0.5379,0.5379,-8.3286,-7.1365,0.0076,0.0000,0.2597,0.0169,0.0354,0.7672,10.00,0.200,0.850,1.100,0.0210,0.0751,0.0051,0.00122,0.00049,0.00000,0.00049,0.00000,0.00000,0.00024,0.00000,0.00122,0.00146
1458200,0.5379,0.5379,-8.2850,-7.1142,0.0101,0.0000,0.2368,0.0129,0.0382,0.6302,10.00,0.200,0.850,1.100,0.0308,0.0818,0.0027,0.00073,0.00098,0.00000,0.00000,0.00000,0.00000,0.00000,0.00000,0.00049,0.00049
1458400,0.5379,0.5379,-8.2850,-7.1142,0.0082,0.0000,0.2482,0.0132,0.0334,0.7476,10.00,0.200,0.850,1.100,0.0137,0.0898,0.0039,0.00122,0.00049,0.00024,0.00024,0.00000,0.00000,0.00000,0.00000,0.00073,0.00098
1458600,0.5379,0.5379,-8.2839,-7.1147,0.0091,0.0000,0.3156,0.0155,0.0259,0.6744,10.00,0.200,0.850,1.100,0.0198,0.0861,0.0042,0.00244,0.00049,0.00000,0.00000,0.00000,0.00000,0.00000,0.00000,0.00049,0.00073
1458800,0.5379,0.5379,-8.2839,-7.1147,0.0079,0.0000,0.3420,0.0134,0.0174,0.7110,10.00,0.200,0.850,1.100,0.0200,0.0935,0.0034,0.00146,0.00024,0.00000,0.00000,0.00000,0.00000,0.00000,0.00000,0.00122,0.00049
1459000,0.5379,0.5379,-8.2839,-7.1147,0.0090,0.0000,0.1299,0.0220,0.0152,0.4544,10.00,0.200,0.850,1.100,0.0240,0.0347,0.0000,0.00000,0.00000,0.00000,0.00000,0.00000,0.00000,0.00000,0.00000,0.00000,0.00000
1459200,0.5379,0.5379,-8.2550,-7.1997,0.0098,0.0000,0.2268,0.0299,0.0315,0.7542,10.00,0.200,0.850,1.100,0.0170,0.0692,0.0056,0.00195,0.00122,0.00000,0.00024,0.00000,0.00000,0.00024,0.00000,0.00073,0.00171
1459400,0.5379,0.5379,-8.2550,-7.1997,0.0114,0.0000,0.2849,0.0179,0.0458,0.7201,10.00,0.200,0.850,1.100,-0.0036,0.0673,0.0076,0.00366,0.00073,0.00000,0.00024,0.00000,0.00000,0.00024,0.00000,0.00073,0.00195
1459600,0.5379,0.5379,-8.2638,-7.2011,0.0097,0.0000,0.2807,0.0115,0.0373,0.6261,10.00,0.200,0.850,1.100,0.0161,0.0797,0.0049,0.00171,0.00073,0.00000,0.00073,0.00000,0.00000,0.00000,0.00000,0.00098,0.00073
1459800,0.5379,0.5379,-8.2638,-7.2011,0.0137,0.0000,0.2922,0.0171,0.0283,0.7327,10.00,0.200,0.850,1.100,0.0148,0.0538,0.0056,0.00171,0.00098,0.00000,0.00024,0.00000,0.00000,0.00000,0.00000,0.00073,0.00195
1460000,0.5379,0.5379,-8.2638,-7.2011,0.0142,0.0000,0.2485,0.0214,0.0102,0.7438,10.00,0.200,0.850,1.100,0.0299,0.0799,0.0027,0.00098,0.00098,0.00000,0.00000,0.00000,0.00000,0.00000,0.00000,0.00049,0.00024
1460200,0.5379,0.5379,-8.2986,-7.1074,0.0072,0.0000,0.3127,0.0190,0.0079,0.7261,10.00,0.200,0.850,1.100,0.0160,0.0895,0.0037,0.00171,0.00024,0.00000,0.00000,0.00000,0.00000,0.00024,0.00000,0.00073,0.00073
1460400,0.5379,0.5379,-8.2986,-7.1074,0.0115,0.0000,0.2561,0.0207,0.0067,0.6588,10.00,0.200,0.850,1.100,0.0186,0.0666,0.0066,0.00098,0.00146,0.00000,0.00000,0.00000,0.00000,0.00000,0.00000,0.00195,0.00220
1460600,0.5379,0.5379,-8.1663,-7.1306,0.0193,0.0000,0.2121,0.0156,0.0129,0.6040,10.00,0.200,0.850,1.100,0.0081,0.0924,0.0044,0.00269,0.00024,0.00000,0.00024,0.00000,0.00000,0.00024,0.00000,0.00098,0.00024
1460800,0.5379,0.5379,-8.1663,-7.1306,0.0065,0.0000,0.1303,0.0193,0.0242,0.5204,10.00,0.200,0.850,1.100,0.0259,0.0472,0.0000,0.00000,0.00000,0.00000,0.00000,0.00000,0.00000,0.00000,0.00000,0.00000,0.00000
1461000,0.5379,0.5379,-8.1663,-7.1306,0.0114,0.0000,0.3429,0.0198,0.0774,0.6455,10.00,0.200,0.850,1.100,-0.0041,0.0819,0.0056,0.00171,0.00073,0.00000,0.00024,0.00000,0.00000,0.00000,0.00000,0.00171,0.00122
1461200,0.5379,0.5379,-8.3185,-7.1981,0.0118,0.0000,0.3265,0.0116,0.0362,0.6268,10.00,0.200,0.850,1.100,0.0120,0.0823,0.0061,0.00220,0.00073,0.00000,0.00000,0.00000,0.00000,0.00000,0.00000,0.00146,0.00171
1461400,0.5379,0.5379,-8.3185,-7.1981,0.0080,0.0000,0.2465,0.0241,0.0110,0.6151,10.00,0.200,0.850,1.100,0.0234,0.0653,0.0054,0.00146,0.00049,0.00000,0.00049,0.00000,0.00000,0.00049,0.00000,0.00073,0.00171
1461600,0.5379,0.5379,-8.2674,-7.2898,0.0104,0.0000,0.2382,0.0149,0.0135,0.8042,10.00,0.200,0.850,1.100,0.0105,0.0888,0.0039,0.00146,0.00024,0.00000,0.00049,0.00000,0.00000,0.00000,0.00000,0.00098,0.00073
1461800,0.5379,0.5379,-8.2674,-7.2898,0.0082,0.0000,0.2178,0.0170,0.0370,0.5598,10.00,0.200,0.850,1.100,0.0183,0.0825,0.0039,0.00171,0.00049,0.00000,0.00000,0.00000,0.00000,0.00000,0.00000,0.00073,0.00098
1462000,0.5379,0.5379,-8.2674,-7.2898,0.0096,0.0000,0.2278,0.0081,0.0293,0.9442,10.00,0.200,0.850,1.100,0.0322,0.0878,0.0034,0.00049,0.00024,0.00000,0.00000,0.00000,0.00000,0.00000,0.00000,0.00049,0.00220
1462200,0.5379,0.5379,-8.3147,-7.0846,0.0084,0.0000,0.3918,0.0082,0.0129,0.7027,10.00,0.200,0.850,1.100,0.0087,0.0879,0.0051,0.00317,0.00000,0.00000,0.00000,0.00000,0.00000,0.00000,0.00000,0.00098,0.00098
1462400,0.5379,0.5379,-8.3147,-7.0846,0.0120,0.0000,0.2705,0.0126,0.0157,0.6441,10.00,0.200,0.850,1.100,0.0185,0.0751,0.0054,0.00171,0.00049,0.00000,0.00049,0.00000,0.00000,0.00000,0.00000,0.00122,0.00146
1462600,0.5379,0.5379,-8.3014,-7.2038,0.0068,0.0000,0.1251,0.0131,0.0146,0.4463,10.00,0.200,0.850,1.100,0.0254,0.0626,0.0000,0.00000,0.00000,0.00000,0.00000,0.00000,0.00000,0.00000,0.00000,0.00000,0.00000
1462800,0.5379,0.5379,-8.3014,-7.2038,0.0096,0.0000,0.2305,0.0118,0.0523,0.6106,10.00,0.200,0.850,1.100,0.0126,0.0770,0.0056,0.00195,0.00073,0.00000,0.00000,0.00000,0.00000,0.00024,0.00000,0.00098,0.00171
1463000,0.5379,0.5379,-8.3014,-7.2038,0.0132,0.0000,0.2930,0.0212,0.0316,0.5624,10.00,0.200,0.850,1.100,0.0214,0.0839,0.0054,0.00171,0.00024,0.00000,0.00024,0.00000,0.00000,0.00000,0.00000,0.00098,0.00220
1463200,0.5379,0.5379,-8.2999,-7.0123,0.0099,0.0000,0.2533,0.0083,0.0154,0.6574,10.00,0.200,0.850,1.100,0.0233,0.0922,0.0044,0.00146,0.00024,0.00000,0.00000,0.00000,0.00000,0.00000,0.00000,0.00122,0.00146
1463400,0.5379,0.5379,-8.2999,-7.0123,0.0099,0.0000,0.2280,0.0124,0.0139,0.7752,10.00,0.200,0.850,1.100,0.0202,0.0847,0.0046,0.00146,0.00024,0.00000,0.00024,0.00000,0.00000,0.00000,0.00000,0.00098,0.00171
1463600,0.5379,0.5379,-8.3876,-7.2332,0.0077,0.0000,0.3407,0.0053,0.0165,0.6979,10.00,0.200,0.850,1.100,0.0333,0.0754,0.0037,0.00098,0.00000,0.00000,0.00000,0.00000,0.00000,0.00000,0.00000,0.00049,0.00220
1463800,0.5379,0.5379,-8.3876,-7.2332,0.0076,0.0000,0.2194,0.0083,0.0128,0.6856,10.00,0.200,0.850,1.100,0.0189,0.0948,0.0046,0.00146,0.00049,0.00000,0.00000,0.00000,0.00000,0.00000,0.00000,0.00122,0.00146
1464000,0.5379,0.5379,-8.3876,-7.2332,0.0139,0.0000,0.3107,0.0193,0.0120,0.5145,10.00,0.200,0.850,1.100,0.0236,0.0841,0.0032,0.00073,0.00073,0.00000,0.00000,0.00000,0.00000,0.00024,0.00000,0.00073,0.00073
1464200,0.5379,0.5379,-8.3145,-7.2054,0.0090,0.0000,0.2713,0.0135,0.0304,0.7530,10.00,0.200,0.850,1.100,0.0349,0.1006,0.0022,0.00098,0.00000,0.00000,0.00000,0.00000,0.00000,0.00000,0.00000,0.00049,0.00073
1464400,0.5379,0.5379,-8.3145,-7.2054,0.0070,0.0000,0.1448,0.0150,0.0045,0.5367,10.00,0.200,0.850,1.100,0.0275,0.0755,0.0000,0.00000,0.00000,0.00000,0.00000,0.00000,0.00000,0.00000,0.00000,0.00000,0.00000
1464600,0.5379,0.5379,-8.3158,-7.1828,0.0117,0.0000,0.2557,0.0192,0.0761,0.5987,10.00,0.200,0.850,1.100,0.0047,0.0944,0.0046,0.00195,0.00049,0.00000,0.00000,0.00000,0.00000,0.00024,0.00000,0.00146,0.00049
1464800,0.5379,0.5379,-8.3158,-7.1828,0.0088,0.0000,0.2592,0.0179,0.0315,0.5851,10.00,0.200,0.850,1.100,0.0232,0.0707,0.0044,0.00171,0.00073,0.00000,0.00049,0.00000,0.00000,0.00000,0.00000,0.00024,0.00122
1465000,0.5379,0.5379,-8.3158,-7.1828,0.0080,0.0000,0.2035,0.0099,0.0428,0.5577,10.00,0.200,0.850,1.100,0.0219,0.0894,0.0049,0.00220,0.00122,0.00000,0.00024,0.00000,0.00000,0.00024,0.00000,0.00049,0.00049
1465200,0.5379,0.5379,-8.1943,-7.1444,0.0074,0.0000,0.2317,0.0184,0.0225,0.5590,10.00,0.200,0.850,1.100,0.0158,0.0805,0.0054,0.00146,0.00073,0.00000,0.00000,0.00000,0.00000,0.00024,0.00000,0.00146,0.00146
1465400,0.5379,0.5379,-8.1943,-7.1444,0.0069,0.0000,0.2539,0.0161,0.0086,0.6204,10.00,0.200,0.850,1.100,0.0253,0.0809,0.0029,0.00122,0.00049,0.00000,0.00000,0.00000,0.00000,0.00000,0.00000,0.00049,0.00073
1465600,0.5379,0.5379,-8.2545,-7.3327,0.0086,0.0000,0.2534,0.0165,0.0190,0.7289,10.00,0.200,0.850,1.100,0.0172,0.0944,0.0032,0.00098,0.00024,0.00000,0.00000,0.00000,0.00000,0.00000,0.00000,0.00073,0.00122
1465800,0.5379,0.5379,-8.2545,-7.3327,0.0078,0.0000,0.2900,0.0146,0.0130,0.5649,10.00,0.200,0.850,1.100,0.0179,0.0765,0.0056,0.00146,0.00098,0.00000,0.00000,0.00000,0.00000,0.00000,0.00000,0.00146,0.00171
1466000,0.5379,0.5379,-8.2545,-7.3327,0.0077,0.0000,0.3542,0.0163,0.0288,0.7325,10.00,0.200,0.850,1.100,0.0223,0.0861,0.0044,0.00195,0.00073,0.00000,0.00024,0.00000,0.00000,0.00000,0.00000,0.00049,0.00098
1466200,0.5379,0.5379,-8.2559,-7.2424,0.0083,0.0000,0.1710,0.0178,0.0402,0.5862,10.00,0.200,0.850,1.100,0.0260,0.0884,0.0000,0.00000,0.00000,0.00000,0.00000,0.00000,0.00000,0.00000,0.00000,0.00000,0.00000
1466400,0.5379,0.5379,-8.2559,-7.2424,0.0093,0.0000,0.2707,0.0264,0.0204,0.7906,10.00,0.200,0.850,1.100,0.0247,0.0542,0.0054,0.00146,0.00073,0.00000,0.00073,0.00000,0.00000,0.00000,0.00000,0.00024,0.00244
1466600,0.5379,0.5379,-8.3479,-7.2312,0.0086,0.0000,0.2158,0.0170,0.0294,0.7429,10.00,0.200,0.850,1.100,0.0217,0.0666,0.0051,0.00171,0.00073,0.00000,0.00049,0.00000,0.00000,0.00000,0.00000,0.00049,0.00171
1466800,0.5379,0.5379,-8.3479,-7.2312,0.0108,0.0000,0.2885,0.0107,0.0235,0.6255,10.00,0.200,0.850,1.100,0.0176,0.0712,0.0046,0.00098,0.00098,0.00000,0.00049,0.00000,0.00000,0.00000,0.00000,0.00122,0.00098
1467000,0.5379,0.5379,-8.3479,-7.2312,0.0099,0.0000,0.2840,0.0142,0.0206,0.6994,10.00,0.200,0.850,1.100,0.0199,0.0900,0.0037,0.00146,0.00000,0.00000,0.00000,0.00000,0.00000,0.00049,0.00000,0.00049,0.00122
1467200,0.5379,0.5379,-8.2314,-7.2975,0.0090,0.0000,0.2350,0.0142,0.0169,0.7198,10.00,0.200,0.850,1.100,0.0113,0.0595,0.0059,0.00146,0.00073,0.00000,0.00049,0.00000,0.00000,0.00024,0.00000,0.00122,0.00171
1467400,0.5379,0.5379,-8.2314,-7.2975,0.0090,0.0000,0.2476,0.0213,0.0188,0.7258,10.00,0.200,0.850,1.100,0.0072,0.0781,0.0066,0.00146,0.00073,0.00000,0.00000,0.00000,0.00000,0.00000,0.00000,0.00171,0.00269
1467600,0.5379,0.5379,-8.2991,-7.0760,0.0079,0.0000,0.2850,0.0094,0.0205,0.7653,10.00,0.200,0.850,1.100,0.0218,0.0733,0.0056,0.00171,0.00073,0.00000,0.00024,0.00000,0.00000,0.00024,0.00000,0.00098,0.00171
1467800,0.5379,0.5379,-8.2991,-7.0760,0.0107,0.0000,0.3503,0.0147,0.0189,0.5892,10.00,0.200,0.850,1.100,0.0371,0.0749,0.0046,0.00049,0.00122,0.00000,0.00024,0.00000,0.00000,0.00000,0.00000,0.00049,0.00220
1468000,0.5379,0.5379,-8.2991,-7.0760,0.0103,0.0000,0.1408,0.0185,0.0207,0.6078,10.00,0.200,0.850,1.100,0.0276,0.0981,0.0000,0.00000,0.00000,0.00000,0.00000,0.00000,0.00000,0.00000,0.00000,0.00000,0.00000
1468200,0.5379,0.5379,-8.2696,-7.1387,0.0068,0.0000,0.2123,0.0194,0.0336,0.7810,10.00,0.200,0.850,1.100,0.0105,0.0764,0.0051,0.00146,0.00049,0.00000,0.00000,0.00000,0.00000,0.00000,0.00000,0.00171,0.00146
1468400,0.5379,0.5379,-8.2696,-7.1387,0.0095,0.0000,0.3201,0.0115,0.0491,0.8339,10.00,0.200,0.850,1.100,-0.0040,0.0798,0.0068,0.00391,0.00098,0.00000,0.00000,0.00000,0.00000,0.00000,0.00000,0.00073,0.00122
1468600,0.5379,0.5379,-8.2708,-7.1260,0.0090,0.0000,0.2783,0.0124,0.0453,0.7463,10.00,0.200,0.850,1.100,0.0332,0.0697,0.0049,0.00073,0.00098,0.00000,0.00049,0.00000,0.00000,0.00000,0.00000,0.00098,0.00171
1468800,0.5379,0.5379,-8.2708,-7.1260,0.0080,0.0000,0.3473,0.0252,0.0208,0.5273,10.00,0.200,0.850,1.100,0.0023,0.0699,0.0054,0.00317,0.00024,0.00000,0.00000,0.00000,0.00000,0.00000,0.00000,0.00073,0.00146
1469000,0.5379,0.5379,-8.2708,-7.1260,0.0062,0.0000,0.2442,0.0185,0.0144,0.6736,10.00,0.200,0.850,1.100,0.0221,0.0753,0.0034,0.00195,0.00049,0.00000,0.00000,0.00000,0.00000,0.00000,0.00000,0.00024,0.00073
1469200,0.5379,0.5379,-8.2729,-7.1923,0.0088,0.0000,0.2169,0.0204,0.0237,0.6952,10.00,0.200,0.850,1.100,0.0117,0.0804,0.0051,0.00122,0.00122,0.00000,0.00024,0.00000,0.00000,0.00024,0.00000,0.00098,0.00122
1469400,0.5379,0.5379,-8.2729,-7.1923,0.0168,0.0000,0.3601,0.0084,0.0139,0.6917,10.00,0.200,0.850,1.100,0.0218,0.0739,0.0044,0.00146,0.00049,0.00000,0.00000,0.00000,0.00000,0.00000,0.00024,0.00122,0.00098
1469600,0.5379,0.5379,-8.2793,-7.1564,0.0115,0.0000,0.2765,0.0199,0.0287,0.6513,10.00,0.200,0.850,1.100,0.0166,0.0663,0.0068,0.00220,0.00098,0.00000,0.00049,0.00000,0.00000,0.00000,0.00000,0.00073,0.00244
1469800,0.5379,0.5379,-8.2793,-7.1564,0.0086,0.0000,0.1569,0.0139,0.0133,0.6031,10.00,0.200,0.850,1.100,0.0262,0.1059,0.0000,0.00000,0.00000,0.00000,0.00000,0.00000,0.00000,0.00000,0.00000,0.00000,0.00000
1470000,0.5379,0.5379,-8.2793,-7.1564,0.0083,0.0000,0.1751,0.0128,0.0094,0.8062,10.00,0.200,0.850,1.100,0.0278,0.0822,0.0032,0.00049,0.00049,0.00000,0.00000,0.00000,0.00000,0.00000,0.00000,0.00098,0.00122
1470200,0.5379,0.5379,-8.2340,-7.2038,0.0092,0.0000,0.3400,0.0123,0.0178,0.6319,10.00,0.200,0.850,1.100,0.0171,0.0792,0.0049,0.00146,0.00024,0.00024,0.00049,0.00000,0.00000,0.00024,0.00000,0.00073,0.00146
1470400,0.5379,0.5379,-8.2340,-7.2038,0.0088,0.0000,0.2870,0.0119,0.0212,0.6246,10.00,0.200,0.850,1.100,0.0285,0.0774,0.0046,0.00122,0.00098,0.00000,0.00000,0.00000,0.00000,0.00000,0.00000,0.00049,0.00195
1470600,0.5379,0.5379,-8.1983,-7.0829,0.0104,0.0000,0.2637,0.0145,0.0203,0.6785,10.00,0.200,0.850,1.100,0.0258,0.0727,0.0049,0.00146,0.00000,0.00000,0.00000,0.00000,0.00000,0.00000,0.00000,0.00049,0.00293
1470800,0.5379,0.5379,-8.1983,-7.0829,0.0112,0.0000,0.1976,0.0158,0.0244,0.6829,10.00,0.200,0.850,1.100,0.0101,0.0601,0.0061,0.00220,0.00049,0.00000,0.00000,0.00000,0.00000,0.00000,0.00000,0.00122,0.00220
1471000,0.5379,0.5379,-8.1983,-7.0829,0.0104,0.0000,0.1881,0.0134,0.0127,0.5655,10.00,0.200,0.850,1.100,0.0299,0.0942,0.0022,0.00049,0.00049,0.00000,0.00000,0.00000,0.00000,0.00000,0.00000,0.00024,0.00098
1471200,0.5379,0.5379,-8.2470,-7.1038,0.0132,0.0000,0.3588,0.0243,0.0458,0.5434,10.00,0.200,0.850,1.100,0.0157,0.0847,0.0051,0.00195,0.00073,0.00000,0.00000,0.00000,0.00000,0.00000,0.00000,0.00171,0.00073
1471400,0.5379,0.5379,-8.2470,-7.1038,0.0114,0.0000,0.3059,0.0157,0.0362,0.6575,10.00,0.200,0.850,1.100,0.0123,0.0617,0.0066,0.00195,0.00049,0.00000,0.00000,0.00000,0.00000,0.00000,0.00000,0.00098,0.00317
1471600,0.5379,0.5379,-8.2249,-7.1424,0.0080,0.0000,0.1641,0.0172,0.0148,0.6892,10.00,0.200,0.850,1.100,0.0267,0.1114,0.0000,0.00000,0.00000,0.00000,0.00000,0.00000,0.00000,0.00000,0.00000,0.00000,0.00000
1471800,0.5379,0.5379,-8.2249,-7.1424,0.0129,0.0000,0.2864,0.0154,0.0186,0.5368,10.00,0.200,0.850,1.100,0.0233,0.0863,0.0037,0.00098,0.00073,0.00000,0.00000,0.00000,0.00000,0.00000,0.00000,0.00073,0.00122
1472000,0.5379,0.5379,-8.2249,-7.1424,0.0107,0.0000,0.2250,0.0180,0.0461,0.5397,10.00,0.200,0.850,1.100,0.0149,0.0765,0.0056,0.00171,0.00049,0.00000,0.00000,0.00000,0.00000,0.00000,0.00000,0.00098,0.00244
1472200,0.5379,0.5379,-8.2460,-7.0903,0.0088,0.0000,0.2609,0.0294,0.0147,0.5874,10.00,0.200,0.850,1.100,0.0216,0.0641,0.0066,0.00195,0.00024,0.00000,0.00073,0.00000,0.00000,0.00000,0.00000,0.00098,0.00269
1472400,0.5379,0.5379,-8.2460,-7.0903,0.0162,0.0000,0.2384,0.0109,0.0406,0.7240,10.00,0.200,0.850,1.100,0.0174,0.0787,0.0056,0.00220,0.00122,0.00000,0.00000,0.00000,0.00000,0.00000,0.00000,0.00098,0.00122
1472600,0.5379,0.5379,-8.2734,-7.0921,0.0095,0.0000,0.2673,0.0185,0.0131,0.5586,10.00,0.200,0.850,1.100,0.0115,0.0675,0.0061,0.00171,0.00049,0.00000,0.00073,0.00000,0.00000,0.00024,0.00000,0.00146,0.00146
1472800,0.5379,0.5379,-8.2734,-7.0921,0.0144,0.0000,0.2122,0.0204,0.0114,0.6269,10.00,0.200,0.850,1.100,0.0149,0.0741,0.0051,0.00122,0.00000,0.00000,0.00024,0.00000,0.00000,0.00000,0.00000,0.00098,0.00269
1473000,0.5379,0.5379,-8.2734,-7.0921,0.0092,0.0000,0.2936,0.0280,0.0112,0.5881,10.00,0.200,0.850,1.100,0.0252,0.0629,0.0054,0.00220,0.00073,0.00000,0.00073,0.00000,0.00000,0.00000,0.00000,0.00024,0.00146
1473200,0.5379,0.5379,-8.2501,-7.1443,0.0109,0.0000,0.2570,0.0094,0.0093,0.6721,10.00,0.200,0.850,1.100,0.0116,0.0839,0.0051,0.00220,0.00073,0.00000,0.00024,0.00000,0.00000,0.00024,0.00000,0.00073,0.00098
1473400,0.5379,0.5379,-8.2501,-7.1443,0.0081,0.0000,0.1520,0.0153,0.0167,0.6270,10.00,0.200,0.850,1.100,0.0255,0.1182,0.0000,0.00000,0.00000,0.00000,0.00000,0.00000,0.00000,0.00000,0.00000,0.00000,0.00000
1473600,0.5379,0.5379,-8.2614,-7.2755,0.0131,0.0000,0.1889,0.0196,0.0248,0.7987,10.00,0.200,0.850,1.100,0.0117,0.0602,0.0061,0.00220,0.00049,0.00000,0.00073,0.00000,0.00000,0.00000,0.00000,0.00098,0.00195
1473800,0.5379,0.5379,-8.2614,-7.2755,0.0086,0.0000,0.2807,0.0123,0.0090,0.6893,10.00,0.200,0.850,1.100,0.0271,0.0835,0.0039,0.00122,0.00049,0.00000,0.00049,0.00000,0.00000,0.00000,0.00000,0.00049,0.00122
1474000,0.5379,0.5379,-8.2614,-7.2755,0.0115,0.0000,0.3092,0.0048,0.0126,0.7326,10.00,0.200,0.850,1.100,0.0160,0.0768,0.0046,0.00146,0.00049,0.00000,0.00000,0.00000,0.00000,0.00000,0.00000,0.00146,0.00122
1474200,0.5379,0.5379,-8.2268,-7.2527,0.0106,0.0000,0.2223,0.0142,0.0470,0.6198,10.00,0.200,0.850,1.100,0.0175,0.0690,0.0054,0.00171,0.00000,0.00000,0.00024,0.00000,0.00000,0.00000,0.00000,0.00098,0.00244
1474400,0.5379,0.5379,-8.2268,-7.2527,0.0070,0.0000,0.2912,0.0166,0.0278,0.5959,10.00,0.200,0.850,1.100,0.0174,0.0623,0.0054,0.00195,0.00049,0.00000,0.00000,0.00000,0.00000,0.00000,0.00000,0.00073,0.00220
1474600,0.5379,0.5379,-8.3312,-7.3276,0.0126,0.0000,0.3332,0.0073,0.0159,0.7197,10.00,0.200,0.850,1.100,0.0271,0.0725,0.0039,0.00098,0.00049,0.00000,0.00000,0.00000,0.00000,0.00000,0.00000,0.00024,0.00220
1474800,0.5379,0.5379,-8.3312,-7.3276,0.0172,0.0000,0.3049,0.0111,0.0179,0.6469,10.00,0.200,0.850,1.100,0.0157,0.0837,0.0046,0.00171,0.00049,0.00000,0.00000,0.00000,0.00000,0.00000,0.00000,0.00122,0.00122
1475000,0.5379,0.5379,-8.3312,-7.3276,0.0100,0.0000,0.2385,0.0133,0.0287,0.6514,10.00,0.200,0.850,1.100,-0.0010,0.0906,0.0046,0.00122,0.00024,0.00000,0.00000,0.00000,0.00000,0.00024,0.00000,0.00244,0.00049
1475200,0.5379,0.5379,-8.3590,-7.1871,0.0085,0.0000,0.1776,0.0102,0.0362,0.6685,10.00,0.200,0.850,1.100,0.0261,0.1216,0.0000,0.00000,0.00000,0.00000,0.00000,0.00000,0.00000,0.00000,0.00000,0.00000,0.00000
1475400,0.5379,0.5379,-8.3590,-7.1871,0.0085,0.0000,0.2355,0.0171,0.0324,0.8802,10.00,0.200,0.850,1.100,0.0158,0.0673,0.0054,0.00122,0.00122,0.00000,0.00000,0.00000,0.00000,0.00000,0.00000,0.00098,0.00195
1475600,0.5379,0.5379,-8.2274,-7.4457,0.0094,0.0000,0.2851,0.0160,0.0486,0.5549,10.00,0.200,0.850,1.100,0.0179,0.0707,0.0054,0.00195,0.00073,0.00000,0.00000,0.00000,0.00000,0.00000,0.00000,0.00073,0.00195
1475800,0.5379,0.5379,-8.2274,-7.4457,0.0078,0.0000,0.3828,0.0120,0.0420,0.6716,10.00,0.200,0.850,1.100,0.0087,0.0720,0.0059,0.00146,0.00049,0.00000,0.00049,0.00000,0.00000,0.00024,0.00000,0.00146,0.00171
1476000,0.5379,0.5379,-8.2274,-7.4457,0.0089,0.0000,0.3360,0.0128,0.0129,0.8388,10.00,0.200,0.850,1.100,0.0155,0.0945,0.0032,0.00195,0.00024,0.00000,0.00024,0.00000,0.00000,0.00000,0.00000,0.00073,0.00000
1476200,0.5379,0.5379,-8.3183,-7.1162,0.0090,0.0000,0.3199,0.0237,0.0094,0.7902,10.00,0.200,0.850,1.100,0.0275,0.0591,0.0034,0.00098,0.00024,0.00000,0.00000,0.00000,0.00000,0.00000,0.00000,0.00024,0.00195
1476400,0.5379,0.5379,-8.3183,-7.1162,0.0085,0.0000,0.3031,0.0177,0.0362,0.7367,10.00,0.200,0.850,1.100,0.0304,0.0887,0.0032,0.00073,0.00024,0.00000,0.00000,0.00000,0.00000,0.00000,0.00000,0.00024,0.00195
1476600,0.5379,0.5379,-8.3210,-7.1143,0.0130,0.0000,0.3614,0.0290,0.0317,0.6101,10.00,0.200,0.850,1.100,0.0233,0.0720,0.0046,0.00098,0.00049,0.00000,0.00122,0.00000,0.00000,0.00000,0.00000,0.00122,0.00073
1476800,0.5379,0.5379,-8.3210,-7.1143,0.0073,0.0000,0.3298,0.0164,0.0355,0.6039,10.00,0.200,0.850,1.100,0.0044,0.0884,0.0054,0.00244,0.00024,0.00024,0.00049,0.00000,0.00000,0.00024,0.00000,0.00122,0.00073
1477000,0.5379,0.5379,-8.3210,-7.1143,0.0081,0.0000,0.1390,0.0177,0.0510,0.9383,10.00,0.200,0.850,1.100,0.0250,0.1122,0.0010,0.00000,0.00000,0.00000,0.00000,0.00000,0.00000,0.00000,0.00000,0.00000,0.00098
1477200,0.5379,0.5379,-8.2202,-7.1968,0.0070,0.0000,0.2251,0.0171,0.0287,0.7638,10.00,0.200,0.850,1.100,0.0160,0.0656,0.0049,0.00098,0.00073,0.00000,0.00024,0.00000,0.00000,0.00000,0.00000,0.00098,0.00195
1477400,0.5379,0.5379,-8.2202,-7.1968,0.0103,0.0000,0.2793,0.0187,0.0170,0.6058,10.00,0.200,0.850,1.100,0.0177,0.0774,0.0054,0.00171,0.00098,0.00000,0.00000,0.00000,0.00000,0.00073,0.00000,0.00073,0.00122
1477600,0.5379,0.5379,-8.3210,-7.0549,0.0080,0.0000,0.2478,0.0225,0.0487,0.7035,10.00,0.200,0.850,1.100,0.0157,0.0790,0.0066,0.00244,0.00049,0.00000,0.00049,0.00000,0.00000,0.00000,0.00000,0.00073,0.00244
1477800,0.5379,0.5379,-8.3210,-7.0549,0.0105,0.0000,0.2903,0.0124,0.0127,0.8644,10.00,0.200,0.850,1.100,0.0347,0.0744,0.0037,0.00049,0.00073,0.00000,0.00000,0.00000,0.00000,0.00000,0.00000,0.00073,0.00171
1478000,0.5379,0.5379,-8.3210,-7.0549,0.0084,0.0000,0.3195,0.0121,0.0090,0.7710,10.00,0.200,0.850,1.100,0.0165,0.0698,0.0059,0.00220,0.00122,0.00000,0.00024,0.00000,0.00000,0.00000,0.00000,0.00098,0.00122
1478200,0.5379,0.5379,-8.3090,-7.1331,0.0067,0.0000,0.3103,0.0181,0.0084,0.5955,10.00,0.200,0.850,1.100,0.0253,0.0907,0.0037,0.00122,0.00024,0.00000,0.00024,0.00000,0.00000,0.00000,0.00000,0.00024,0.00171
1478400,0.5379,0.5379,-8.3090,-7.1331,0.0125,0.0000,0.2595,0.0100,0.0201,0.6256,10.00,0.200,0.850,1.100,0.0151,0.0783,0.0051,0.00146,0.00049,0.00000,0.00000,0.00000,0.00000,0.00000,0.00000,0.00122,0.00195
1478600,0.5379,0.5379,-8.2172,-7.3221,0.0110,0.0000,0.2005,0.0120,0.0117,0.6620,10.00,0.200,0.850,1.100,0.0235,0.0705,0.0056,0.00171,0.00098,0.00000,0.00000,0.00000,0.00000,0.00000,0.00000,0.00073,0.00244
1478800,0.5379,0.5379,-8.2172,-7.3221,0.0081,0.0000,0.1630,0.0118,0.0343,0.8128,10.00,0.200,0.850,1.100,0.0229,0.1191,0.0007,0.00024,0.00049,0.00000,0.00000,0.00000,0.00000,0.00000,0.00000,0.00000,0.00000
1479000,0.5379,0.5379,-8.2172,-7.3221,0.0079,0.0000,0.3180,0.0107,0.0250,0.7277,10.00,0.200,0.850,1.100,0.0029,0.0807,0.0056,0.00195,0.00024,0.00000,0.00024,0.00000,0.00000,0.00000,0.00000,0.00171,0.00146
1479200,0.5379,0.5379,-8.2467,-7.1606,0.0084,0.0000,0.3108,0.0124,0.0259,0.6995,10.00,0.200,0.850,1.100,0.0174,0.0897,0.0037,0.00220,0.00073,0.00000,0.00000,0.00000,0.00000,0.00000,0.00000,0.00073,0.00000
1479400,0.5379,0.5379,-8.2467,-7.1606,0.0075,0.0000,0.2360,0.0204,0.0355,0.7352,10.00,0.200,0.850,1.100,0.0111,0.0696,0.0054,0.00317,0.00024,0.00000,0.00049,0.00000,0.00000,0.00000,0.00000,0.00024,0.00146
1479600,0.5379,0.5379,-8.2972,-6.9643,0.0084,0.0000,0.2131,0.0131,0.0153,0.6938,10.00,0.200,0.850,1.100,0.0224,0.0819,0.0042,0.00171,0.00073,0.00000,0.00000,0.00000,0.00000,0.00000,0.00000,0.00049,0.00122
1479800,0.5379,0.5379,-8.2972,-6.9643,0.0106,0.0000,0.2580,0.0118,0.0121,0.7066,10.00,0.200,0.850,1.100,0.0250,0.0668,0.0042,0.00171,0.00049,0.00000,0.00000,0.00000,0.00000,0.00000,0.00000,0.00049,0.00146
1480000,0.5379,0.5379,-8.2972,-6.9643,0.0131,0.0000,0.2663,0.0147,0.0389,0.6636,10.00,0.200,0.850,1.100,0.0227,0.0793,0.0042,0.00122,0.00049,0.00000,0.00024,0.00000,0.00000,0.00000,0.00000,0.00049,0.00171
1480200,0.5379,0.5379,-8.2716,-7.2216,0.0096,0.0000,0.3513,0.0090,0.0157,0.7240,10.00,0.200,0.850,1.100,0.0232,0.0740,0.0051,0.00171,0.00024,0.00000,0.00049,0.00000,0.00000,0.00024,0.00000,0.00098,0.00146
1480400,0.5379,0.5379,-8.2716,-7.2216,0.0124,0.0000,0.2431,0.0173,0.0166,0.5088,10.00,0.200,0.850,1.100,0.0185,0.0839,0.0054,0.00146,0.00024,0.00000,0.00024,0.00000,0.00000,0.00000,0.00000,0.00146,0.00195
1480600,0.5379,0.5379,-8.3507,-7.1392,0.0076,0.0000,0.1452,0.0093,0.0088,0.9261,10.00,0.200,0.850,1.100,0.0229,0.1202,0.0007,0.00024,0.00024,0.00000,0.00000,0.00000,0.00000,0.00000,0.00000,0.00000,0.00024
1480800,0.5379,0.5379,-8.3507,-7.1392,0.0095,0.0000,0.2723,0.0090,0.0213,0.7000,10.00,0.200,0.850,1.100,0.0235,0.0736,0.0037,0.00098,0.00024,0.00000,0.00000,0.00000,0.00000,0.00000,0.00000,0.00024,0.00220
1481000,0.5379,0.5379,-8.3507,-7.1392,0.0059,0.0000,0.3369,0.0109,0.0085,0.6310,10.00,0.200,0.850,1.100,0.0233,0.0767,0.0046,0.00195,0.00024,0.00000,0.00000,0.00000,0.00000,0.00000,0.00000,0.00024,0.00220
1481200,0.5379,0.5379,-8.3776,-7.4291,0.0106,0.0000,0.3376,0.0085,0.0185,0.6048,10.00,0.200,0.850,1.100,0.0094,0.0885,0.0046,0.00195,0.00024,0.00000,0.00000,0.00000,0.00000,0.00000,0.00000,0.00122,0.00122
1481400,0.5379,0.5379,-8.3776,-7.4291,0.0095,0.0000,0.1769,0.0136,0.0444,0.7515,10.00,0.200,0.850,1.100,0.0307,0.0755,0.0046,0.00146,0.00098,0.00000,0.00000,0.00000,0.00000,0.00000,0.00000,0.00024,0.00195
1481600,0.5379,0.5379,-8.2716,-7.1319,0.0070,0.0000,0.2050,0.0100,0.0126,0.7873,10.00,0.200,0.850,1.100,0.0117,0.0847,0.0034,0.00122,0.00024,0.00000,0.00000,0.00000,0.00000,0.00000,0.00000,0.00098,0.00098
1481800,0.5379,0.5379,-8.2716,-7.1319,0.0132,0.0000,0.2486,0.0165,0.0091,0.7451,10.00,0.200,0.850,1.100,0.0165,0.0951,0.0044,0.00122,0.00049,0.00000,0.00000,0.00000,0.00000,0.00000,0.00000,0.00073,0.00195
1482000,0.5379,0.5379,-8.2716,-7.1319,0.0158,0.0000,0.3690,0.0248,0.0576,0.6309,10.00,0.200,0.850,1.100,0.0155,0.0826,0.0042,0.00195,0.00000,0.00000,0.00000,0.00000,0.00000,0.00000,0.00000,0.00122,0.00098
1482200,0.5379,0.5379,-8.2150,-7.1566,0.0094,0.0000,0.3312,0.0107,0.0147,0.6740,10.00,0.200,0.850,1.100,0.0171,0.0882,0.0037,0.00146,0.00000,0.00000,0.00000,0.00000,0.00000,0.00000,0.00000,0.00122,0.00098
1482400,0.5379,0.5379,-8.2150,-7.1566,0.0078,0.0000,0.1623,0.0147,0.0152,0.8106,10.00,0.200,0.850,1.100,0.0253,0.1130,0.0012,0.00000,0.00049,0.00000,0.00000,0.00000,0.00000,0.00000,0.00000,0.00000,0.00073
1482600,0.5379,0.5379,-8.2656,-7.0988,0.0078,0.0000,0.2197,0.0098,0.0125,0.8291,10.00,0.200,0.850,1.100,0.0054,0.0727,0.0049,0.00146,0.00000,0.00000,0.00000,0.00000,0.00000,0.00000,0.00000,0.00171,0.00171
1482800,0.5379,0.5379,-8.2656,-7.0988,0.0100,0.0000,0.2224,0.0126,0.0284,0.8039,10.00,0.200,0.850,1.100,0.0024,0.0817,0.0071,0.00317,0.00024,0.00000,0.00049,0.00000,0.00000,0.00000,0.00000,0.00171,0.00171
1483000,0.5379,0.5379,-8.2656,-7.0988,0.0138,0.0000,0.3550,0.0151,0.0112,0.6290,10.00,0.200,0.850,1.100,0.0298,0.0786,0.0042,0.00098,0.00073,0.00000,0.00000,0.00000,0.00000,0.00000,0.00000,0.00049,0.00195
1483200,0.5379,0.5379,-8.2227,-7.2841,0.0152,0.0000,0.3301,0.0171,0.0268,0.6191,10.00,0.200,0.850,1.100,0.0145,0.0894,0.0037,0.00098,0.00024,0.00000,0.00024,0.00000,0.00000,0.00000,0.00000,0.00146,0.00073
1483400,0.5379,0.5379,-8.2227,-7.2841,0.0078,0.0000,0.2679,0.0093,0.0180,0.7798,10.00,0.200,0.850,1.100,0.0249,0.0798,0.0032,0.00098,0.00073,0.00000,0.00024,0.00000,0.00000,0.00000,0.00000,0.00073,0.00049
1483600,0.5379,0.5379,-8.3846,-7.1625,0.0104,0.0000,0.2362,0.0137,0.0187,0.5985,10.00,0.200,0.850,1.100,0.0155,0.0852,0.0046,0.00122,0.00073,0.00000,0.00000,0.00000,0.00000,0.00000,0.00000,0.00098,0.00171
1483800,0.5379,0.5379,-8.3846,-7.1625,0.0104,0.0000,0.3471,0.0158,0.0185,0.6125,10.00,0.200,0.850,1.100,0.0310,0.0675,0.0042,0.00073,0.00073,0.00000,0.00000,0.00000,0.00000,0.00000,0.00000,0.00098,0.00171
1484000,0.5379,0.5379,-8.3846,-7.1625,0.0098,0.0000,0.2682,0.0128,0.0172,0.6826,10.00,0.200,0.850,1.100,0.0227,0.0763,0.0044,0.00098,0.00024,0.00000,0.00024,0.00000,0.00000,0.00024,0.00000,0.00098,0.00171
1484200,0.5379,0.5379,-8.3293,-7.1561,0.0093,0.0000,0.1296,0.0134,0.0261,0.7988,10.00,0.200,0.850,1.100,0.0232,0.1101,0.0010,0.00000,0.00000,0.00000,0.00000,0.00000,0.00000,0.00000,0.00000,0.00000,0.00098
1484400,0.5379,0.5379,-8.3293,-7.1561,0.0091,0.0000,0.2706,0.0099,0.0509,0.6667,10.00,0.200,0.850,1.100,0.0099,0.0758,0.0042,0.00171,0.00073,0.00000,0.00024,0.00000,0.00000,0.00000,0.00000,0.00073,0.00073
1484600,0.5379,0.5379,-8.2315,-7.0702,0.0105,0.0000,0.1732,0.0111,0.0219,0.6605,10.00,0.200,0.850,1.100,0.0191,0.0922,0.0032,0.00098,0.00024,0.00000,0.00000,0.00000,0.00000,0.00024,0.00000,0.00098,0.00073
1484800,0.5379,0.5379,-8.2315,-7.0702,0.0113,0.0000,0.3514,0.0270,0.0351,0.6723,10.00,0.200,0.850,1.100,0.0102,0.0702,0.0066,0.00269,0.00146,0.00000,0.00049,0.00000,0.00000,0.00000,0.00000,0.00098,0.00098
1485000,0.5379,0.5379,-8.2315,-7.0702,0.0096,0.0000,0.3254,0.0144,0.0429,0.6709,10.00,0.200,0.850,1.100,0.0067,0.0806,0.0051,0.00195,0.00024,0.00000,0.00049,0.00000,0.00000,0.00000,0.00000,0.00122,0.00122
1485200,0.5379,0.5379,-8.3470,-7.0522,0.0120,0.0000,0.3764,0.0226,0.0207,0.6337,10.00,0.200,0.850,1.100,0.0294,0.0720,0.0042,0.00098,0.00049,0.00000,0.00024,0.00000,0.00000,0.00000,0.00000,0.00073,0.00171
1485400,0.5379,0.5379,-8.3470,-7.0522,0.0115,0.0000,0.2167,0.0131,0.0103,0.8547,10.00,0.200,0.850,1.100,0.0118,0.0711,0.0054,0.00171,0.00098,0.00000,0.00024,0.00000,0.00000,0.00000,0.00000,0.00098,0.00146
1485600,0.5379,0.5379,-8.3554,-7.2291,0.0075,0.0000,0.2713,0.0149,0.0316,0.6552,10.00,0.200,0.850,1.100,0.0248,0.0773,0.0042,0.00171,0.00049,0.00000,0.00000,0.00000,0.00000,0.00000,0.00000,0.00049,0.00146
1485800,0.5379,0.5379,-8.3554,-7.2291,0.0094,0.0000,0.2139,0.0131,0.0165,0.6533,10.00,0.200,0.850,1.100,0.0255,0.0721,0.0039,0.00171,0.00000,0.00000,0.00000,0.00000,0.00000,0.00000,0.00000,0.00073,0.00146
1486000,0.5379,0.5379,-8.3554,-7.2291,0.0076,0.0000,0.1471,0.0133,0.0100,0.8237,10.00,0.200,0.850,1.100,0.0235,0.1117,0.0010,0.00000,0.00000,0.00000,0.00000,0.00000,0.00000,0.00000,0.00000,0.00000,0.00098
1486200,0.5379,0.5379,-8.2762,-7.1413,0.0064,0.0000,0.2242,0.0159,0.0202,0.7161,10.00,0.200,0.850,1.100,0.0079,0.0786,0.0054,0.00220,0.00024,0.00000,0.00049,0.00000,0.00000,0.00000,0.00000,0.00073,0.00171
1486400,0.5379,0.5379,-8.2762,-7.1413,0.0106,0.0000,0.2830,0.0107,0.0288,0.6010,10.00,0.200,0.850,1.100,0.0211,0.0924,0.0037,0.00195,0.00098,0.00000,0.00000,0.00000,0.00000,0.00024,0.00000,0.00024,0.00024
1486600,0.5379,0.5379,-8.2722,-7.2752,0.0158,0.0000,0.2430,0.0090,0.0134,0.7663,10.00,0.200,0.850,1.100,0.0129,0.0748,0.0051,0.00171,0.00049,0.00000,0.00000,0.00000,0.00000,0.00024,0.00000,0.00146,0.00122
1486800,0.5379,0.5379,-8.2722,-7.2752,0.0154,0.0000,0.3222,0.0184,0.0121,0.6650,10.00,0.200,0.850,1.100,0.0210,0.0763,0.0044,0.00171,0.00000,0.00000,0.00073,0.00000,0.00000,0.00000,0.00000,0.00049,0.00146
1487000,0.5379,0.5379,-8.2722,-7.2752,0.0088,0.0000,0.2543,0.0270,0.0202,0.6007,10.00,0.200,0.850,1.100,0.0124,0.0810,0.0059,0.00342,0.00049,0.00000,0.00049,0.00000,0.00000,0.00049,0.00000,0.00000,0.00122
1487200,0.5379,0.5379,-8.2801,-7.1084,0.0096,0.0000,0.2308,0.0103,0.0105,0.7932,10.00,0.200,0.850,1.100,0.0270,0.0718,0.0039,0.00073,0.00073,0.00000,0.00024,0.00000,0.00000,0.00000,0.00000,0.00073,0.00146
1487400,0.5379,0.5379,-8.2801,-7.1084,0.0077,0.0000,0.2857,0.0361,0.0516,0.6664,10.00,0.200,0.850,1.100,-0.0005,0.0680,0.0076,0.00293,0.00098,0.00000,0.00073,0.00000,0.00000,0.00000,0.00000,0.00171,0.00122
1487600,0.5379,0.5379,-8.2203,-7.1306,0.0074,0.0000,0.2451,0.0188,0.0313,0.6309,10.00,0.200,0.850,1.100,0.0173,0.0837,0.0039,0.00220,0.00049,0.00000,0.00000,0.00000,0.00000,0.00000,0.00000,0.00024,0.00098
1487800,0.5379,0.5379,-8.2203,-7.1306,0.0076,0.0000,0.1821,0.0104,0.0220,0.8174,10.00,0.200,0.850,1.100,0.0231,0.1073,0.0017,0.00000,0.00024,0.00000,0.00000,0.00000,0.00000,0.00000,0.00000,0.00000,0.00146
1488000,0.5379,0.5379,-8.2203,-7.1306,0.0093,0.0000,0.2617,0.0097,0.0417,0.6431,10.00,0.200,0.850,1.100,0.0137,0.0722,0.0046,0.00146,0.00024,0.00000,0.00024,0.00000,0.00000,0.00024,0.00000,0.00122,0.00122
1488200,0.5379,0.5379,-8.2144,-7.1616,0.0107,0.0000,0.3122,0.0132,0.0251,0.5333,10.00,0.200,0.850,1.100,0.0201,0.0815,0.0044,0.00073,0.00024,0.00000,0.00049,0.00000,0.00000,0.00024,0.00000,0.00122,0.00146
1488400,0.5379,0.5379,-8.2144,-7.1616,0.0086,0.0000,0.3798,0.0198,0.0214,0.6161,10.00,0.200,0.850,1.100,0.0084,0.0748,0.0056,0.00146,0.00073,0.00000,0.00049,0.00000,0.00000,0.00024,0.00000,0.00146,0.00146
1488600,0.5379,0.5379,-8.2901,-7.2764,0.0091,0.0000,0.3061,0.0238,0.0250,0.6749,10.00,0.200,0.850,1.100,0.0325,0.0792,0.0037,0.00073,0.00073,0.00000,0.00000,0.00000,0.00000,0.00024,0.00000,0.00098,0.00146
1488800,0.5379,0.5379,-8.2901,-7.2764,0.0158,0.0000,0.3328,0.0073,0.0119,0.6561,10.00,0.200,0.850,1.100,0.0094,0.0868,0.0049,0.00220,0.00000,0.00000,0.00000,0.00000,0.00000,0.00024,0.00000,0.00098,0.00146
1489000,0.5379,0.5379,-8.2901,-7.2764,0.0079,0.0000,0.2867,0.0146,0.0257,0.6323,10.00,0.200,0.850,1.100,0.0291,0.0804,0.0049,0.00073,0.00073,0.00000,0.00024,0.00000,0.00000,0.00024,0.00000,0.00049,0.00244
1489200,0.5379,0.5379,-8.2624,-6.9114,0.0069,0.0000,0.3053,0.0172,0.0172,0.5910,10.00,0.200,0.850,1.100,0.0254,0.0567,0.0059,0.00098,0.00024,0.00000,0.00024,0.00000,0.00000,0.00024,0.00000,0.00098,0.00317
1489400,0.5379,0.5379,-8.2624,-6.9114,0.0085,0.0000,0.3424,0.0212,0.0236,0.7528,10.00,0.200,0.850,1.100,0.0103,0.0819,0.0054,0.00195,0.00049,0.00000,0.00000,0.00000,0.00000,0.00000,0.00000,0.00122,0.00171
1489600,0.5379,0.5379,-8.2642,-7.4368,0.0070,0.0000,0.1463,0.0136,0.0401,0.6225,10.00,0.200,0.850,1.100,0.0221,0.1024,0.0012,0.00000,0.00000,0.00000,0.00000,0.00000,0.00000,0.00000,0.00000,0.00000,0.00122
1489800,0.5379,0.5379,-8.2642,-7.4368,0.0077,0.0000,0.1721,0.0141,0.0102,0.7251,10.00,0.200,0.850,1.100,0.0086,0.0710,0.0054,0.00220,0.00049,0.00000,0.00000,0.00000,0.00000,0.00024,0.00000,0.00098,0.00146
1490000,0.5379,0.5379,-8.2642,-7.4368,0.0089,0.0000,0.3278,0.0152,0.0165,0.5854,10.00,0.200,0.850,1.100,0.0197,0.0761,0.0042,0.00195,0.00000,0.00000,0.00024,0.00000,0.00000,0.00000,0.00000,0.00049,0.00146
1490200,0.5379,0.5379,-8.3458,-7.1512,0.0085,0.0000,0.2299,0.0122,0.0287,0.5822,10.00,0.200,0.850,1.100,0.0211,0.0944,0.0034,0.00171,0.00024,0.00000,0.00000,0.00000,0.00000,0.00000,0.00000,0.00098,0.00049
1490400,0.5379,0.5379,-8.3458,-7.1512,0.0107,0.0000,0.2662,0.0078,0.0139,0.6775,10.00,0.200,0.850,1.100,0.0209,0.0786,0.0044,0.00146,0.00073,0.00000,0.00000,0.00000,0.00000,0.00000,0.00000,0.00073,0.00146
1490600,0.5379,0.5379,-8.3175,-7.0689,0.0147,0.0000,0.2192,0.0192,0.0466,0.6899,10.00,0.200,0.850,1.100,0.0257,0.0849,0.0032,0.00122,0.00049,0.00000,0.00000,0.00000,0.00000,0.00000,0.00000,0.00049,0.00098
1490800,0.5379,0.5379,-8.3175,-7.0689,0.0101,0.0000,0.2800,0.0135,0.0295,0.5717,10.00,0.200,0.850,1.100,0.0140,0.0861,0.0049,0.00171,0.00049,0.00000,0.00049,0.00000,0.00000,0.00000,0.00000,0.00049,0.00171
1491000,0.5379,0.5379,-8.3175,-7.0689,0.0165,0.0000,0.2289,0.0125,0.0486,0.6076,10.00,0.200,0.850,1.100,0.0040,0.0771,0.0056,0.00220,0.00049,0.00000,0.00000,0.00000,0.00000,0.00000,0.00000,0.00098,0.00195
1491200,0.5379,0.5379,-8.4126,-6.9372,0.0147,0.0000,0.2514,0.0146,0.0439,0.5742,10.00,0.200,0.850,1.100,0.0155,0.0962,0.0042,0.00269,0.00000,0.00000,0.00000,0.00000,0.00000,0.00000,0.00000,0.00049,0.00098
1491400,0.5379,0.5379,-8.4126,-6.9372,0.0073,0.0000,0.1518,0.0137,0.0437,0.5963,10.00,0.200,0.850,1.100,0.0226,0.0955,0.0020,0.00024,0.00049,0.00000,0.00000,0.00000,0.00000,0.00000,0.00000,0.00000,0.00122
1491600,0.5379,0.5379,-8.2954,-7.1889,0.0080,0.0000,0.2176,0.0211,0.0139,0.6050,10.00,0.200,0.850,1.100,0.0213,0.0659,0.0042,0.00073,0.00098,0.00000,0.00024,0.00000,0.00000,0.00000,0.00000,0.00049,0.00171
1491800,0.5379,0.5379,-8.2954,-7.1889,0.0084,0.0000,0.2311,0.0109,0.0115,0.6964,10.00,0.200,0.850,1.100,0.0188,0.0676,0.0054,0.00195,0.00024,0.00000,0.00024,0.00000,0.00000,0.00024,0.00000,0.00122,0.00146
1492000,0.5379,0.5379,-8.2954,-7.1889,0.0132,0.0000,0.2280,0.0146,0.0258,0.6658,10.00,0.200,0.850,1.100,0.0025,0.0817,0.0071,0.00342,0.00049,0.00000,0.00000,0.00000,0.00000,0.00000,0.00000,0.00122,0.00195
1492200,0.5379,0.5379,-8.3157,-7.0959,0.0080,0.0000,0.2796,0.0106,0.0221,0.7135,10.00,0.200,0.850,1.100,0.0153,0.0904,0.0042,0.00195,0.00024,0.00000,0.00024,0.00000,0.00000,0.00000,0.00000,0.00073,0.00098
1492400,0.5379,0.5379,-8.3157,-7.0959,0.0110,0.0000,0.2865,0.0171,0.0517,0.6811,10.00,0.200,0.850,1.100,0.0356,0.0742,0.0032,0.00098,0.00049,0.00000,0.00000,0.00000,0.00000,0.00000,0.00000,0.00000,0.00171
1492600,0.5379,0.5379,-8.3305,-7.0550,0.0107,0.0000,0.2337,0.0244,0.0420,0.6472,10.00,0.200,0.850,1.100,0.0176,0.0727,0.0056,0.00122,0.00049,0.00000,0.00024,0.00000,0.00000,0.00000,0.00000,0.00098,0.00269
1492800,0.5379,0.5379,-8.3305,-7.0550,0.0102,0.0000,0.2935,0.0196,0.0262,0.7977,10.00,0.200,0.850,1.100,0.0179,0.0812,0.0044,0.00098,0.00098,0.00000,0.00024,0.00000,0.00000,0.00000,0.00000,0.00122,0.00098
1493000,0.5379,0.5379,-8.3305,-7.0550,0.0133,0.0000,0.2933,0.0148,0.0409,0.5574,10.00,0.200,0.850,1.100,0.0220,0.0677,0.0049,0.00098,0.00073,0.00000,0.00024,0.00000,0.00000,0.00049,0.00000,0.00098,0.00171
1493200,0.5379,0.5379,-8.3656,-7.0897,0.0079,0.0000,0.1594,0.0115,0.0239,0.9125,10.00,0.200,0.850,1.100,0.0229,0.0964,0.0015,0.00024,0.00024,0.00000,0.00024,0.00000,0.00000,0.00000,0.00000,0.00000,0.00073
1493400,0.5379,0.5379,-8.3656,-7.0897,0.0082,0.0000,0.2291,0.0089,0.0294,0.8259,10.00,0.200,0.850,1.100,0.0080,0.0901,0.0051,0.00269,0.00049,0.00000,0.00000,0.00000,0.00000,0.00000,0.00000,0.00098,0.00098
1493600,0.5379,0.5379,-8.3238,-7.2367,0.0071,0.0000,0.2428,0.0141,0.0202,0.6518,10.00,0.200,0.850,1.100,0.0129,0.0737,0.0061,0.00146,0.00073,0.00000,0.00073,0.00000,0.00000,0.00000,0.00000,0.00146,0.00171
1493800,0.5379,0.5379,-8.3238,-7.2367,0.0093,0.0000,0.2580,0.0142,0.0525,0.5495,10.00,0.200,0.850,1.100,0.0064,0.0761,0.0063,0.00244,0.00122,0.00000,0.00024,0.00000,0.00000,0.00000,0.00000,0.00122,0.00122
1494000,0.5379,0.5379,-8.3238,-7.2367,0.0086,0.0000,0.3714,0.0176,0.0099,0.6346,10.00,0.200,0.850,1.100,0.0293,0.0908,0.0034,0.00073,0.00024,0.00000,0.00024,0.00000,0.00000,0.00000,0.00000,0.00049,0.00171
1494200,0.5379,0.5379,-8.2690,-7.2273,0.0098,0.0000,0.2422,0.0117,0.0161,0.6990,10.00,0.200,0.850,1.100,-0.0112,0.0799,0.0059,0.00146,0.00000,0.00000,0.00000,0.00000,0.00000,0.00024,0.00000,0.00269,0.00146
1494400,0.5379,0.5379,-8.2690,-7.2273,0.0108,0.0000,0.3047,0.0122,0.0130,0.5679,10.00,0.200,0.850,1.100,0.0105,0.0868,0.0046,0.00244,0.00049,0.00000,0.00024,0.00000,0.00000,0.00000,0.00000,0.00024,0.00122
1494600,0.5379,0.5379,-8.3247,-7.1861,0.0091,0.0000,0.3018,0.0133,0.0103,0.6140,10.00,0.200,0.850,1.100,0.0267,0.0772,0.0044,0.00098,0.00073,0.00000,0.00000,0.00000,0.00000,0.00000,0.00000,0.00098,0.00171
1494800,0.5379,0.5379,-8.3247,-7.1861,0.0061,0.0000,0.2606,0.0141,0.0275,0.6383,10.00,0.200,0.850,1.100,0.0101,0.0742,0.0049,0.00220,0.00024,0.00000,0.00000,0.00000,0.00000,0.00000,0.00000,0.00073,0.00195
1495000,0.5379,0.5379,-8.3247,-7.1861,0.0110,0.0000,0.1566,0.0178,0.0159,0.7699,10.00,0.200,0.850,1.100,0.0222,0.1012,0.0015,0.00024,0.00073,0.00000,0.00000,0.00000,0.00000,0.00000,0.00000,0.00000,0.00049
1495200,0.5379,0.5379,-8.2869,-7.0439,0.0082,0.0000,0.2373,0.0145,0.0269,0.6426,10.00,0.200,0.850,1.100,0.0231,0.0645,0.0049,0.00073,0.00122,0.00000,0.00024,0.00000,0.00000,0.00000,0.00000,0.00073,0.00195
1495400,0.5379,0.5379,-8.2869,-7.0439,0.0081,0.0000,0.3213,0.0243,0.0119,0.7731,10.00,0.200,0.850,1.100,0.0204,0.0693,0.0063,0.00171,0.00073,0.00000,0.00073,0.00000,0.00000,0.00000,0.00000,0.00098,0.00220
1495600,0.5379,0.5379,-8.3613,-7.0885,0.0114,0.0000,0.2548,0.0149,0.0197,0.5942,10.00,0.200,0.850,1.100,0.0186,0.0816,0.0054,0.00269,0.00024,0.00000,0.00024,0.00000,0.00000,0.00000,0.00000,0.00024,0.00195
1495800,0.5379,0.5379,-8.3613,-7.0885,0.0073,0.0000,0.3862,0.0197,0.0325,0.7229,10.00,0.200,0.850,1.100,0.0149,0.0782,0.0049,0.00195,0.00049,0.00000,0.00024,0.00000,0.00000,0.00024,0.00000,0.00073,0.00122
1496000,0.5379,0.5379,-8.3613,-7.0885,0.0098,0.0000,0.2847,0.0181,0.0183,0.5805,10.00,0.200,0.850,1.100,0.0227,0.0808,0.0044,0.00146,0.00049,0.00000,0.00000,0.00000,0.00000,0.00000,0.00000,0.00073,0.00171
1496200,0.5379,0.5379,-8.3562,-7.2264,0.0053,0.0000,0.2775,0.0128,0.0117,0.6525,10.00,0.200,0.850,1.100,0.0203,0.0653,0.0049,0.00171,0.00073,0.00000,0.00024,0.00000,0.00000,0.00000,0.00024,0.00024,0.00171
1496400,0.5379,0.5379,-8.3562,-7.2264,0.0134,0.0000,0.2703,0.0115,0.0312,0.4933,10.00,0.200,0.850,1.100,0.0108,0.0707,0.0049,0.00195,0.00098,0.00000,0.00000,0.00000,0.00000,0.00000,0.00000,0.00073,0.00122
1496600,0.5379,0.5379,-8.3334,-7.0557,0.0088,0.0000,0.2270,0.0154,0.0359,0.8253,10.00,0.200,0.850,1.100,0.0088,0.0871,0.0056,0.00195,0.00049,0.00000,0.00000,0.00000,0.00000,0.00000,0.00000,0.00146,0.00171
1496800,0.5379,0.5379,-8.3334,-7.0557,0.0059,0.0000,0.1575,0.0148,0.0309,0.6461,10.00,0.200,0.850,1.100,0.0258,0.1027,0.0010,0.00000,0.00024,0.00000,0.00000,0.00000,0.00000,0.00000,0.00000,0.00000,0.00073
1497000,0.5379,0.5379,-8.3334,-7.0557,0.0110,0.0000,0.2303,0.0220,0.0161,0.7926,10.00,0.200,0.850,1.100,0.0080,0.0766,0.0051,0.00195,0.00073,0.00000,0.00024,0.00000,0.00000,0.00024,0.00000,0.00049,0.00146
1497200,0.5379,0.5379,-8.2830,-7.1540,0.0085,0.0000,0.2633,0.0169,0.0344,0.5672,10.00,0.200,0.850,1.100,0.0304,0.0772,0.0039,0.00122,0.00073,0.00000,0.00024,0.00000,0.00000,0.00000,0.00000,0.00049,0.00122
1497400,0.5379,0.5379,-8.2830,-7.1540,0.0117,0.0000,0.3393,0.0146,0.0265,0.6479,10.00,0.200,0.850,1.100,0.0199,0.0717,0.0049,0.00146,0.00073,0.00000,0.00024,0.00000,0.00000,0.00000,0.00000,0.00098,0.00146
1497600,0.5379,0.5379,-8.2810,-7.2204,0.0091,0.0000,0.2376,0.0152,0.0246,0.6808,10.00,0.200,0.850,1.100,0.0208,0.0764,0.0051,0.00122,0.00122,0.00000,0.00073,0.00000,0.00000,0.00000,0.00000,0.00146,0.00049
1497800,0.5379,0.5379,-8.2810,-7.2204,0.0113,0.0000,0.3450,0.0087,0.0091,0.5717,10.00,0.200,0.850,1.100,0.0216,0.0900,0.0029,0.00122,0.00073,0.00000,0.00000,0.00000,0.00000,0.00000,0.00000,0.00049,0.00049
1498000,0.5379,0.5379,-8.2810,-7.2204,0.0076,0.0000,0.2560,0.0097,0.0129,0.7966,10.00,0.200,0.850,1.100,0.0260,0.0887,0.0029,0.00122,0.00024,0.00000,0.00000,0.00000,0.00000,0.00000,0.00000,0.00024,0.00122
1498200,0.5379,0.5379,-8.2226,-7.1647,0.0080,0.0000,0.2663,0.0070,0.0098,0.7162,10.00,0.200,0.850,1.100,0.0193,0.0617,0.0051,0.00220,0.00024,0.00000,0.00000,0.00000,0.00000,0.00000,0.00000,0.00073,0.00195
1498400,0.5379,0.5379,-8.2226,-7.1647,0.0121,0.0000,0.3161,0.0114,0.0094,0.6436,10.00,0.200,0.850,1.100,0.0162,0.0814,0.0061,0.00269,0.00049,0.00000,0.00024,0.00000,0.00000,0.00000,0.00000,0.00073,0.00195
1498600,0.5379,0.5379,-8.1654,-7.1991,0.0084,0.0000,0.1672,0.0119,0.0103,0.6467,10.00,0.200,0.850,1.100,0.0223,0.0920,0.0020,0.00049,0.00000,0.00000,0.00000,0.00000,0.00000,0.00000,0.00000,0.00000,0.00146
1498800,0.5379,0.5379,-8.1654,-7.1991,0.0080,0.0000,0.2025,0.0129,0.0341,0.5485,10.00,0.200,0.850,1.100,0.0252,0.0826,0.0027,0.00146,0.00000,0.00000,0.00000,0.00000,0.00000,0.00000,0.00000,0.00000,0.00122
1499000,0.5379,0.5379,-8.1654,-7.1991,0.0071,0.0000,0.2723,0.0101,0.0465,0.5429,10.00,0.200,0.850,1.100,0.0167,0.0897,0.0051,0.00220,0.00098,0.00000,0.00000,0.00000,0.00000,0.00000,0.00000,0.00098,0.00098
1499200,0.5379,0.5379,-8.3039,-7.0149,0.0093,0.0000,0.3306,0.0106,0.0118,0.6663,10.00,0.200,0.850,1.100,0.0327,0.0923,0.0024,0.00098,0.00049,0.00000,0.00024,0.00000,0.00000,0.00000,0.00000,0.00000,0.00073
1499400,0.5379,0.5379,-8.3039,-7.0149,0.0123,0.0000,0.2999,0.0152,0.0214,0.7087,10.00,0.200,0.850,1.100,0.0339,0.0976,0.0020,0.00098,0.00000,0.00000,0.00000,0.00000,0.00000,0.00000,0.00000,0.00049,0.00049
1499600,0.5379,0.5379,-8.2182,-6.8978,0.0121,0.0000,0.2657,0.0105,0.0117,0.6041,10.00,0.200,0.850,1.100,0.0247,0.0859,0.0034,0.00146,0.00000,0.00000,0.00024,0.00000,0.00000,0.00000,0.00000,0.00073,0.00098
1499800,0.5379,0.5379,-8.2182,-6.8978,0.0090,0.0000,0.2445,0.0118,0.0166,0.6572,10.00,0.200,0.850,1.100,0.0261,0.1054,0.0042,0.00122,0.00024,0.00000,0.00024,0.00000,0.00000,0.00000,0.00000,0.00098,0.00146
1500000,0.5379,0.5379,-8.2182,-6.8978,0.0065,0.0000,0.2915,0.0164,0.0197,0.6551,10.00,0.200,0.850,1.100,0.0259,0.0781,0.0042,0.00098,0.00000,0.00000,0.00000,0.00000,0.00000,0.00024,0.00000,0.00122,0.00171
1500200,0.5379,0.5379,-8.2431,-7.0308,0.0106,0.0000,0.2712,0.0147,0.0257,0.6510,10.00,0.200,0.850,1.100,0.0314,0.0952,0.0027,0.00146,0.00024,0.00000,0.00000,0.00000,0.00000,0.00000,0.00000,0.00000,0.00098
1500400,0.5379,0.5379,-8.2431,-7.0308,0.0090,0.0000,0.1788,0.0185,0.0282,0.6010,10.00,0.200,0.850,1.100,0.0255,0.0925,0.0012,0.00000,0.00049,0.00000,0.00024,0.00000,0.00000,0.00000,0.00000,0.00000,0.00049
1500600,0.5379,0.5379,-8.3188,-7.1372,0.0244,0.0000,0.1960,0.0093,0.0317,0.6710,10.00,0.200,0.850,1.100,0.0163,0.0732,0.0046,0.00073,0.00073,0.00000,0.00000,0.00000,0.00000,0.00024,0.00000,0.00122,0.00171
1500800,0.5379,0.5379,-8.3188,-7.1372,0.0098,0.0000,0.2411,0.0206,0.0299,0.4824,10.00,0.200,0.850,1.100,0.0084,0.0884,0.0046,0.00293,0.00024,0.00000,0.00000,0.00000,0.00000,0.00000,0.00000,0.00049,0.00098
1501000,0.5379,0.5379,-8.3188,-7.1372,0.0090,0.0000,0.2847,0.0165,0.0287,0.5876,10.00,0.200,0.850,1.100,0.0147,0.0707,0.0059,0.00171,0.00000,0.00000,0.00049,0.00000,0.00000,0.00024,0.00000,0.00122,0.00220
1501200,0.5379,0.5379,-8.2278,-7.2420,0.0117,0.0000,0.2421,0.0212,0.0311,0.5655,10.00,0.200,0.850,1.100,0.0187,0.0806,0.0046,0.00122,0.00024,0.00000,0.00000,0.00000,0.00000,0.00000,0.00000,0.00122,0.00195
1501400,0.5379,0.5379,-8.2278,-7.2420,0.0082,0.0000,0.3503,0.0081,0.0423,0.5553,10.00,0.200,0.850,1.100,0.0197,0.0728,0.0044,0.00171,0.00000,0.00000,0.00000,0.00000,0.00000,0.00024,0.00000,0.00073,0.00171
1501600,0.5379,0.5379,-8.3148,-7.1649,0.0171,0.0000,0.2292,0.0168,0.0409,0.5121,10.00,0.200,0.850,1.100,0.0004,0.0880,0.0056,0.00366,0.00024,0.00000,0.00049,0.00000,0.00000,0.00000,0.00000,0.00049,0.00073
1501800,0.5379,0.5379,-8.3148,-7.1649,0.0081,0.0000,0.2277,0.0104,0.0165,0.6844,10.00,0.200,0.850,1.100,0.0195,0.0913,0.0034,0.00122,0.00024,0.00000,0.00000,0.00000,0.00000,0.00000,0.00000,0.00098,0.00098
1502000,0.5379,0.5379,-8.3148,-7.1649,0.0076,0.0000,0.4272,0.0134,0.0093,0.7138,10.00,0.200,0.850,1.100,0.0177,0.0809,0.0051,0.00146,0.00024,0.00000,0.00000,0.00000,0.00000,0.00000,0.00000,0.00146,0.00195
1502200,0.5379,0.5379,-8.3049,-7.0752,0.0065,0.0000,0.1576,0.0123,0.0077,0.7328,10.00,0.200,0.850,1.100,0.0265,0.0904,0.0012,0.00000,0.00024,0.00000,0.00024,0.00000,0.00000,0.00000,0.00000,0.00000,0.00073
1502400,0.5379,0.5379,-8.3049,-7.0752,0.0086,0.0000,0.2746,0.0270,0.0137,0.8060,10.00,0.200,0.850,1.100,0.0129,0.0839,0.0039,0.00146,0.00024,0.00000,0.00024,0.00000,0.00000,0.00000,0.00000,0.00049,0.00146
1502600,0.5379,0.5379,-8.2573,-7.0263,0.0079,0.0000,0.2659,0.0092,0.0248,0.5513,10.00,0.200,0.850,1.100,0.0091,0.0699,0.0063,0.00195,0.00122,0.00000,0.00024,0.00000,0.00000,0.00000,0.00000,0.00122,0.00171
1502800,0.5379,0.5379,-8.2573,-7.0263,0.0124,0.0000,0.3314,0.0183,0.0209,0.7418,10.00,0.200,0.850,1.100,0.0165,0.0828,0.0042,0.00146,0.00024,0.00000,0.00049,0.00000,0.00000,0.00000,0.00000,0.00098,0.00122
1503000,0.5379,0.5379,-8.2573,-7.0263,0.0100,0.0000,0.2627,0.0204,0.0088,0.6155,10.00,0.200,0.850,1.100,0.0118,0.0869,0.0044,0.00195,0.00049,0.00000,0.00000,0.00000,0.00000,0.00000,0.00000,0.00098,0.00098
1503200,0.5379,0.5379,-8.3053,-7.2093,0.0093,0.0000,0.2827,0.0158,0.0788,0.7178,10.00,0.200,0.850,1.100,0.0261,0.0615,0.0054,0.00049,0.00073,0.00024,0.00049,0.00000,0.00000,0.00000,0.00000,0.00098,0.00244
1503400,0.5379,0.5379,-8.3053,-7.2093,0.0078,0.0000,0.2464,0.0143,0.0093,0.6762,10.00,0.200,0.850,1.100,0.0258,0.0870,0.0039,0.00122,0.00073,0.00000,0.00024,0.00000,0.00000,0.00000,0.00000,0.00024,0.00146
1503600,0.5379,0.5379,-8.3157,-7.1637,0.0193,0.0000,0.2008,0.0173,0.0115,0.6858,10.00,0.200,0.850,1.100,0.0224,0.0613,0.0056,0.00195,0.00073,0.00000,0.00098,0.00000,0.00000,0.00000,0.00000,0.00024,0.00171
1503800,0.5379,0.5379,-8.3157,-7.1637,0.0153,0.0000,0.2274,0.0177,0.0102,0.7225,10.00,0.200,0.850,1.100,0.0217,0.0613,0.0063,0.00220,0.00122,0.00000,0.00024,0.00000,0.00000,0.00024,0.00000,0.00000,0.00244
1504000,0.5379,0.5379,-8.3157,-7.1637,0.0084,0.0000,0.1936,0.0108,0.0411,0.6748,10.00,0.200,0.850,1.100,0.0257,0.0517,0.0022,0.00000,0.00024,0.00000,0.00000,0.00000,0.00000,0.00000,0.00000,0.00000,0.00195
1504200,0.5379,0.5379,-8.2152,-7.1630,0.0095,0.0000,0.2223,0.0148,0.0166,0.6562,10.00,0.200,0.850,1.100,0.0174,0.0629,0.0056,0.00098,0.00171,0.00000,0.00000,0.00000,0.00000,0.00000,0.00000,0.00073,0.00220
1504400,0.5379,0.5379,-8.2152,-7.1630,0.0111,0.0000,0.3113,0.0162,0.0289,0.8534,10.00,0.200,0.850,1.100,0.0180,0.0776,0.0042,0.00122,0.00000,0.00000,0.00000,0.00000,0.00000,0.00000,0.00000,0.00122,0.00171
1504600,0.5379,0.5379,-8.2033,-7.3222,0.0068,0.0000,0.2190,0.0128,0.0254,0.8168,10.00,0.200,0.850,1.100,0.0123,0.0820,0.0044,0.00220,0.00024,0.00000,0.00000,0.00000,0.00000,0.00000,0.00000,0.00049,0.00146
1504800,0.5379,0.5379,-8.2033,-7.3222,0.0099,0.0000,0.2637,0.0156,0.0108,0.6699,10.00,0.200,0.850,1.100,0.0028,0.0710,0.0071,0.00244,0.00073,0.00000,0.00024,0.00000,0.00000,0.00024,0.00000,0.00171,0.00171
1505000,0.5379,0.5379,-8.2033,-7.3222,0.0115,0.0000,0.2821,0.0150,0.0174,0.7590,10.00,0.200,0.850,1.100,0.0101,0.0750,0.0056,0.00171,0.00122,0.00000,0.00000,0.00000,0.00000,0.00000,0.00000,0.00098,0.00171
1505200,0.5379,0.5379,-8.2340,-7.3432,0.0148,0.0000,0.2535,0.0177,0.0290,0.6352,10.00,0.200,0.850,1.100,0.0339,0.0862,0.0024,0.00073,0.00024,0.00000,0.00000,0.00000,0.00000,0.00024,0.00000,0.00000,0.00122
1505400,0.5379,0.5379,-8.2340,-7.3432,0.0105,0.0000,0.1987,0.0128,0.0131,0.6580,10.00,0.200,0.850,1.100,0.0048,0.0724,0.0073,0.00317,0.00098,0.00000,0.00000,0.00000,0.00000,0.00000,0.00000,0.00122,0.00195
1505600,0.5379,0.5379,-8.1691,-7.1673,0.0101,0.0000,0.3624,0.0222,0.0284,0.8175,10.00,0.200,0.850,1.100,0.0150,0.0654,0.0056,0.00195,0.00024,0.00000,0.00024,0.00000,0.00000,0.00000,0.00000,0.00122,0.00195
1505800,0.5379,0.5379,-8.1691,-7.1673,0.0096,0.0000,0.1438,0.0168,0.0425,0.5441,10.00,0.200,0.850,1.100,0.0270,0.0870,0.0015,0.00024,0.00024,0.00000,0.00000,0.00000,0.00000,0.00000,0.00000,0.00000,0.00098
1506000,0.5379,0.5379,-8.1691,-7.1673,0.0081,0.0000,0.2225,0.0150,0.0096,0.7540,10.00,0.200,0.850,1.100,0.0251,0.0808,0.0046,0.00146,0.00098,0.00000,0.00000,0.00000,0.00000,0.00000,0.00000,0.00049,0.00171
1506200,0.5379,0.5379,-8.2380,-7.0884,0.0096,0.0000,0.2909,0.0208,0.0086,0.6050,10.00,0.200,0.850,1.100,0.0206,0.0748,0.0059,0.00146,0.00098,0.00000,0.00000,0.00000,0.00000,0.00000,0.00024,0.00073,0.00244
1506400,0.5379,0.5379,-8.2380,-7.0884,0.0075,0.0000,0.2617,0.0139,0.0314,0.9437,10.00,0.200,0.850,1.100,0.0144,0.0775,0.0051,0.00146,0.00098,0.00000,0.00024,0.00000,0.00000,0.00000,0.00000,0.00146,0.00098
1506600,0.5379,0.5379,-8.2756,-7.1572,0.0110,0.0000,0.3577,0.0131,0.0467,0.7498,10.00,0.200,0.850,1.100,0.0165,0.0699,0.0054,0.00244,0.00024,0.00000,0.00024,0.00000,0.00000,0.00000,0.00000,0.00049,0.00195
1506800,0.5379,0.5379,-8.2756,-7.1572,0.0139,0.0000,0.2493,0.0117,0.0116,0.6480,10.00,0.200,0.850,1.100,0.0338,0.0778,0.0039,0.00146,0.00049,0.00000,0.00000,0.00000,0.00000,0.00000,0.00000,0.00000,0.00195
1507000,0.5379,0.5379,-8.2756,-7.1572,0.0093,0.0000,0.2795,0.0074,0.0279,0.6505,10.00,0.200,0.850,1.100,0.0035,0.0869,0.0059,0.00269,0.00073,0.00000,0.00024,0.00000,0.00000,0.00000,0.00000,0.00171,0.00073
1507200,0.5379,0.5379,-8.3146,-7.2079,0.0067,0.0000,0.2314,0.0151,0.0369,0.6691,10.00,0.200,0.850,1.100,0.0269,0.0761,0.0046,0.00195,0.00024,0.00000,0.00000,0.00000,0.00000,0.00000,0.00000,0.00049,0.00195
1507400,0.5379,0.5379,-8.3146,-7.2079,0.0077,0.0000,0.2674,0.0143,0.0119,0.5748,10.00,0.200,0.850,1.100,0.0184,0.0842,0.0046,0.00195,0.00073,0.00000,0.00024,0.00000,0.00000,0.00000,0.00000,0.00073,0.00098
1507600,0.5379,0.5379,-8.2642,-7.0225,0.0084,0.0000,0.1784,0.0095,0.0159,0.5996,10.00,0.200,0.850,1.100,0.0248,0.0994,0.0010,0.00049,0.00000,0.00000,0.00024,0.00000,0.00000,0.00000,0.00000,0.00000,0.00024
1507800,0.5379,0.5379,-8.2642,-7.0225,0.0073,0.0000,0.1904,0.0332,0.0399,0.5765,10.00,0.200,0.850,1.100,0.0106,0.0799,0.0051,0.00244,0.00098,0.00000,0.00000,0.00000,0.00000,0.00000,0.00000,0.00098,0.00073
1508000,0.5379,0.5379,-8.2642,-7.0225,0.0122,0.0000,0.2937,0.0166,0.0127,0.6702,10.00,0.200,0.850,1.100,0.0195,0.0858,0.0039,0.00195,0.00000,0.00000,0.00024,0.00000,0.00000,0.00000,0.00000,0.00122,0.00073
1508200,0.5379,0.5379,-8.2984,-6.9875,0.0094,0.0000,0.3026,0.0180,0.0117,0.8767,10.00,0.200,0.850,1.100,0.0131,0.0714,0.0054,0.00244,0.00000,0.00000,0.00000,0.00000,0.00000,0.00000,0.00000,0.00073,0.00220
1508400,0.5379,0.5379,-8.2984,-6.9875,0.0107,0.0000,0.2567,0.0146,0.0501,0.5037,10.00,0.200,0.850,1.100,0.0187,0.0971,0.0034,0.00171,0.00000,0.00024,0.00000,0.00000,0.00000,0.00000,0.00000,0.00073,0.00073
1508600,0.5379,0.5379,-8.2746,-7.0845,0.0103,0.0000,0.2506,0.0177,0.0434,0.6470,10.00,0.200,0.850,1.100,0.0158,0.0684,0.0051,0.00195,0.00024,0.00000,0.00049,0.00000,0.00000,0.00000,0.00000,0.00098,0.00171
1508800,0.5379,0.5379,-8.2746,-7.0845,0.0065,0.0000,0.2457,0.0237,0.0288,0.4497,10.00,0.200,0.850,1.100,0.0265,0.0746,0.0042,0.00049,0.00049,0.00000,0.00000,0.00000,0.00000,0.00000,0.00000,0.00049,0.00269
1509000,0.5379,0.5379,-8.2746,-7.0845,0.0084,0.0000,0.2727,0.0093,0.0164,0.8778,10.00,0.200,0.850,1.100,0.0265,0.0836,0.0042,0.00146,0.00000,0.00000,0.00024,0.00000,0.00000,0.00000,0.00000,0.00098,0.00146
1509200,0.5379,0.5379,-8.1711,-7.1500,0.0102,0.0000,0.2297,0.0201,0.0265,0.6995,10.00,0.200,0.850,1.100,0.0166,0.0712,0.0049,0.00195,0.00024,0.00000,0.00000,0.00000,0.00000,0.00000,0.00000,0.00024,0.00244
1509400,0.5379,0.5379,-8.1711,-7.1500,0.0093,0.0000,0.1668,0.0122,0.0080,0.6248,10.00,0.200,0.850,1.100,0.0166,0.0918,0.0024,0.00024,0.00000,0.00000,0.00000,0.00000,0.00000,0.00000,0.00000,0.00122,0.00098
1509600,0.5379,0.5379,-8.1962,-6.9940,0.0093,0.0000,0.2077,0.0180,0.0321,0.5082,10.00,0.200,0.850,1.100,0.0187,0.0890,0.0044,0.00171,0.00024,0.00000,0.00000,0.00000,0.00000,0.00000,0.00000,0.00049,0.00195
1509800,0.5379,0.5379,-8.1962,-6.9940,0.0120,0.0000,0.3172,0.0145,0.0214,0.5949,10.00,0.200,0.850,1.100,0.0096,0.0789,0.0066,0.00269,0.00171,0.00000,0.00000,0.00000,0.00000,0.00024,0.00000,0.00098,0.00098
1510000,0.5379,0.5379,-8.1962,-6.9940,0.0095,0.0000,0.2987,0.0248,0.0134,0.7013,10.00,0.200,0.850,1.100,0.0304,0.0741,0.0046,0.00146,0.00049,0.00000,0.00000,0.00000,0.00000,0.00024,0.00000,0.00024,0.00220
1510200,0.5379,0.5379,-8.3738,-7.2307,0.0076,0.0000,0.2643,0.0279,0.0130,0.5940,10.00,0.200,0.850,1.100,0.0201,0.0807,0.0034,0.00122,0.00024,0.00000,0.00049,0.00000,0.00000,0.00000,0.00000,0.00024,0.00122
1510400,0.5379,0.5379,-8.3738,-7.2307,0.0081,0.0000,0.2702,0.0095,0.0366,0.7662,10.00,0.200,0.850,1.100,0.0185,0.0759,0.0046,0.00171,0.00024,0.00000,0.00024,0.00000,0.00000,0.00000,0.00000,0.00049,0.00195
1510600,0.5379,0.5379,-8.2894,-7.1075,0.0061,0.0000,0.2821,0.0130,0.0272,0.6637,10.00,0.200,0.850,1.100,0.0113,0.0831,0.0054,0.00171,0.00024,0.00000,0.00000,0.00000,0.00000,0.00000,0.00000,0.00146,0.00195
1510800,0.5379,0.5379,-8.2894,-7.1075,0.0156,0.0000,0.2220,0.0179,0.0087,0.7265,10.00,0.200,0.850,1.100,0.0307,0.0883,0.0029,0.00146,0.00000,0.00000,0.00000,0.00000,0.00000,0.00000,0.00000,0.00049,0.00098
1511000,0.5379,0.5379,-8.2894,-7.1075,0.0069,0.0000,0.2851,0.0146,0.0350,0.5339,10.00,0.200,0.850,1.100,0.0334,0.0971,0.0017,0.00073,0.00000,0.00000,0.00000,0.00000,0.00000,0.00000,0.00000,0.00024,0.00073
1511200,0.5379,0.5379,-8.3045,-7.2546,0.0071,0.0000,0.1595,0.0158,0.0169,0.6654,10.00,0.200,0.850,1.100,0.0233,0.0751,0.0022,0.00000,0.00024,0.00000,0.00000,0.00000,0.00000,0.00000,0.00000,0.00073,0.00122
1511400,0.5379,0.5379,-8.3045,-7.2546,0.0103,0.0000,0.2535,0.0122,0.0393,0.5292,10.00,0.200,0.850,1.100,0.0004,0.0787,0.0068,0.00317,0.00024,0.00000,0.00024,0.00000,0.00000,0.00024,0.00000,0.00073,0.00220
1511600,0.5379,0.5379,-8.3328,-7.1148,0.0097,0.0000,0.3334,0.0154,0.0448,0.7024,10.00,0.200,0.850,1.100,0.0067,0.0522,0.0068,0.00293,0.00073,0.00000,0.00049,0.00000,0.00000,0.00000,0.00000,0.00073,0.00195
1511800,0.5379,0.5379,-8.3328,-7.1148,0.0076,0.0000,0.2989,0.0119,0.0110,0.8750,10.00,0.200,0.850,1.100,0.0078,0.0640,0.0059,0.00171,0.00049,0.00000,0.00024,0.00000,0.00000,0.00000,0.00000,0.00146,0.00195
1512000,0.5379,0.5379,-8.3328,-7.1148,0.0117,0.0000,0.3743,0.0129,0.0391,0.6602,10.00,0.200,0.850,1.100,0.0168,0.0737,0.0054,0.00171,0.00146,0.00000,0.00024,0.00000,0.00000,0.00000,0.00000,0.00073,0.00122
1512200,0.5379,0.5379,-8.2230,-6.9518,0.0086,0.0000,0.2948,0.0116,0.0101,0.8149,10.00,0.200,0.850,1.100,-0.0118,0.0852,0.0068,0.00366,0.00000,0.00000,0.00000,0.00000,0.00000,0.00000,0.00000,0.00171,0.00146
1512400,0.5379,0.5379,-8.2230,-6.9518,0.0089,0.0000,0.2682,0.0151,0.0121,0.7406,10.00,0.200,0.850,1.100,0.0117,0.0852,0.0039,0.00195,0.00049,0.00000,0.00000,0.00000,0.00000,0.00000,0.00000,0.00073,0.00073
1512600,0.5379,0.5379,-8.2509,-7.0800,0.0080,0.0000,0.2277,0.0139,0.0063,0.9057,10.00,0.200,0.850,1.100,-0.0015,0.0895,0.0046,0.00220,0.00049,0.00000,0.00000,0.00000,0.00000,0.00000,0.00000,0.00122,0.00073
1512800,0.5379,0.5379,-8.2509,-7.0800,0.0093,0.0000,0.3445,0.0201,0.0649,0.6412,10.00,0.200,0.850,1.100,0.0220,0.0903,0.0034,0.00122,0.00000,0.00000,0.00000,0.00000,0.00000,0.00000,0.00000,0.00073,0.00146
1513000,0.5379,0.5379,-8.2509,-7.0800,0.0158,0.0000,0.2340,0.0230,0.0191,0.4952,10.00,0.200,0.850,1.100,0.0232,0.0684,0.0032,0.00049,0.00073,0.00000,0.00000,0.00000,0.00000,0.00000,0.00000,0.00073,0.00122
1513200,0.5379,0.5379,-8.2797,-7.2661,0.0107,0.0000,0.2935,0.0188,0.0331,0.7715,10.00,0.200,0.850,1.100,0.0073,0.0918,0.0039,0.00220,0.00000,0.00000,0.00000,0.00000,0.00000,0.00000,0.00000,0.00073,0.00098
1513400,0.5379,0.5379,-8.2797,-7.2661,0.0103,0.0000,0.3302,0.0229,0.0084,0.8097,10.00,0.200,0.850,1.100,0.0348,0.0824,0.0027,0.00024,0.00024,0.00000,0.00000,0.00000,0.00000,0.00000,0.00000,0.00073,0.00146
1513600,0.5379,0.5379,-8.2166,-7.2517,0.0096,0.0000,0.2669,0.0150,0.0117,0.6648,10.00,0.200,0.850,1.100,0.0234,0.0687,0.0046,0.00098,0.00098,0.00000,0.00073,0.00000,0.00000,0.00000,0.00000,0.00073,0.00122
1513800,0.5379,0.5379,-8.2166,-7.2517,0.0094,0.0000,0.3555,0.0082,0.0135,0.6262,10.00,0.200,0.850,1.100,-0.0052,0.0774,0.0073,0.00391,0.00049,0.00000,0.00000,0.00000,0.00000,0.00000,0.00000,0.00098,0.00195
1514000,0.5379,0.5379,-8.2166,-7.2517,0.0065,0.0000,0.2086,0.0158,0.0088,0.8470,10.00,0.200,0.850,1.100,0.0137,0.0599,0.0066,0.00171,0.00098,0.00000,0.00024,0.00000,0.00000,0.00000,0.00000,0.00073,0.00293
1514200,0.5379,0.5379,-8.2935,-7.3433,0.0100,0.0000,0.2910,0.0193,0.0653,0.7995,10.00,0.200,0.850,1.100,0.0172,0.0609,0.0068,0.00146,0.00195,0.00000,0.00049,0.00000,0.00000,0.00000,0.00000,0.00146,0.00171
1514400,0.5379,0.5379,-8.2935,-7.3433,0.0085,0.0000,0.2234,0.0131,0.0613,0.5906,10.00,0.200,0.850,1.100,0.0348,0.0801,0.0034,0.00073,0.00073,0.00000,0.00049,0.00000,0.00000,0.00000,0.00000,0.00073,0.00073
1514600,0.5379,0.5379,-8.2902,-7.2270,0.0115,0.0000,0.3193,0.0118,0.0078,0.8302,10.00,0.200,0.850,1.100,0.0072,0.0937,0.0046,0.00244,0.00000,0.00000,0.00000,0.00000,0.00000,0.00000,0.00000,0.00146,0.00073
1514800,0.5379,0.5379,-8.2902,-7.2270,0.0080,0.0000,0.1884,0.0142,0.0123,0.6441,10.00,0.200,0.850,1.100,0.0219,0.0801,0.0022,0.00024,0.00049,0.00000,0.00000,0.00000,0.00000,0.00000,0.00000,0.00073,0.00073
1515000,0.5379,0.5379,-8.2902,-7.2270,0.0099,0.0000,0.2264,0.0087,0.0412,0.8770,10.00,0.200,0.850,1.100,0.0108,0.0739,0.0046,0.00146,0.00049,0.00000,0.00000,0.00000,0.00000,0.00000,0.00000,0.00073,0.00195
1515200,0.5379,0.5379,-8.2107,-7.2156,0.0110,0.0000,0.3405,0.0076,0.0178,0.5282,10.00,0.200,0.850,1.100,0.0100,0.0750,0.0049,0.00220,0.00049,0.00000,0.00049,0.00000,0.00000,0.00000,0.00000,0.00073,0.00098
1515400,0.5379,0.5379,-8.2107,-7.2156,0.0099,0.0000,0.3847,0.0097,0.0147,0.7390,10.00,0.200,0.850,1.100,0.0261,0.0937,0.0037,0.00146,0.00000,0.00000,0.00000,0.00000,0.00000,0.00000,0.00024,0.00122,0.00073
1515600,0.5379,0.5379,-8.2516,-7.0399,0.0086,0.0000,0.3367,0.0174,0.0117,0.5686,10.00,0.200,0.850,1.100,0.0143,0.0814,0.0051,0.00269,0.00073,0.00000,0.00024,0.00000,0.00000,0.00000,0.00000,0.00024,0.00122
1515800,0.5379,0.5379,-8.2516,-7.0399,0.0079,0.0000,0.2534,0.0105,0.0353,0.6786,10.00,0.200,0.850,1.100,0.0156,0.0637,0.0061,0.00195,0.00098,0.00000,0.00000,0.00000,0.00000,0.00000,0.00000,0.00049,0.00269
1516000,0.5379,0.5379,-8.2516,-7.0399,0.0078,0.0000,0.2565,0.0101,0.0163,0.7918,10.00,0.200,0.850,1.100,0.0054,0.0774,0.0056,0.00269,0.00049,0.00000,0.00000,0.00000,0.00000,0.00000,0.00000,0.00073,0.00171
1516200,0.5379,0.5379,-8.2975,-7.3012,0.0134,0.0000,0.2089,0.0115,0.0273,0.6120,10.00,0.200,0.850,1.100,0.0210,0.0572,0.0063,0.00146,0.00073,0.00000,0.00000,0.00000,0.00000,0.00000,0.00000,0.00098,0.00317
1516400,0.5379,0.5379,-8.2975,-7.3012,0.0085,0.0000,0.2049,0.0199,0.0391,0.5670,10.00,0.200,0.850,1.100,0.0156,0.0706,0.0056,0.00146,0.00146,0.00000,0.00000,0.00000,0.00000,0.00073,0.00000,0.00073,0.00122
1516600,0.5379,0.5379,-8.2888,-7.1859,0.0096,0.0000,0.2027,0.0185,0.0216,0.6251,10.00,0.200,0.850,1.100,0.0252,0.0739,0.0027,0.00024,0.00098,0.00000,0.00000,0.00000,0.00000,0.00000,0.00000,0.00049,0.00098
1516800,0.5379,0.5379,-8.2888,-7.1859,0.0093,0.0000,0.2157,0.0184,0.0087,0.6021,10.00,0.200,0.850,1.100,0.0045,0.0849,0.0046,0.00220,0.00000,0.00000,0.00049,0.00000,0.00000,0.00024,0.00000,0.00098,0.00073
1517000,0.5379,0.5379,-8.2888,-7.1859,0.0068,0.0000,0.2414,0.0126,0.0164,0.8690,10.00,0.200,0.850,1.100,0.0214,0.0785,0.0039,0.00220,0.00024,0.00000,0.00000,0.00000,0.00000,0.00000,0.00000,0.00000,0.00146
1517200,0.5379,0.5379,-8.2654,-7.0727,0.0078,0.0000,0.1876,0.0166,0.0214,0.6944,10.00,0.200,0.850,1.100,-0.0033,0.0731,0.0071,0.00244,0.00024,0.00000,0.00049,0.00000,0.00000,0.00000,0.00000,0.00244,0.00171
1517400,0.5379,0.5379,-8.2654,-7.0727,0.0095,0.0000,0.2318,0.0177,0.0350,0.7502,10.00,0.200,0.850,1.100,0.0159,0.0848,0.0051,0.00244,0.00024,0.00000,0.00024,0.00000,0.00000,0.00000,0.00000,0.00049,0.00171
1517600,0.5379,0.5379,-8.2752,-7.0616,0.0076,0.0000,0.2574,0.0412,0.0439,0.8279,10.00,0.200,0.850,1.100,0.0162,0.0860,0.0042,0.00171,0.00049,0.00000,0.00000,0.00000,0.00000,0.00024,0.00000,0.00073,0.00098
1517800,0.5379,0.5379,-8.2752,-7.0616,0.0072,0.0000,0.2851,0.0153,0.0500,0.5843,10.00,0.200,0.850,1.100,0.0136,0.0872,0.0049,0.00195,0.00049,0.00000,0.00024,0.00000,0.00000,0.00000,0.00024,0.00098,0.00122
1518000,0.5379,0.5379,-8.2752,-7.0616,0.0094,0.0000,0.3003,0.0098,0.0701,0.6460,10.00,0.200,0.850,1.100,0.0141,0.0763,0.0051,0.00220,0.00073,0.00000,0.00000,0.00000,0.00000,0.00000,0.00000,0.00122,0.00098
1518200,0.5379,0.5379,-8.3161,-7.1157,0.0081,0.0000,0.2342,0.0129,0.0233,0.7091,10.00,0.200,0.850,1.100,0.0209,0.0917,0.0037,0.00195,0.00000,0.00000,0.00000,0.00000,0.00000,0.00024,0.00000,0.00073,0.00098
1518400,0.5379,0.5379,-8.3161,-7.1157,0.0119,0.0000,0.1875,0.0129,0.0236,0.4721,10.00,0.200,0.850,1.100,0.0294,0.0793,0.0027,0.00024,0.00073,0.00000,0.00000,0.00000,0.00000,0.00000,0.00000,0.00049,0.00122
1518600,0.5379,0.5379,-8.3042,-7.1277,0.0104,0.0000,0.2813,0.0122,0.0386,0.7236,10.00,0.200,0.850,1.100,0.0254,0.0740,0.0044,0.00073,0.00098,0.00000,0.00049,0.00000,0.00000,0.00000,0.00000,0.00049,0.00171
1518800,0.5379,0.5379,-8.3042,-7.1277,0.0088,0.0000,0.2438,0.0198,0.0134,0.5610,10.00,0.200,0.850,1.100,0.0210,0.0717,0.0042,0.00073,0.00049,0.00000,0.00024,0.00000,0.00000,0.00000,0.00000,0.00098,0.00171
1519000,0.5379,0.5379,-8.3042,-7.1277,0.0082,0.0000,0.2528,0.0124,0.0101,0.6671,10.00,0.200,0.850,1.100,0.0147,0.0803,0.0063,0.00220,0.00049,0.00000,0.00049,0.00000,0.00000,0.00024,0.00000,0.00122,0.00171
1519200,0.5379,0.5379,-8.3190,-7.2225,0.0129,0.0000,0.3674,0.0106,0.0319,0.5698,10.00,0.200,0.850,1.100,0.0182,0.0758,0.0051,0.00269,0.00024,0.00000,0.00024,0.00000,0.00000,0.00000,0.00000,0.00024,0.00171
1519400,0.5379,0.5379,-8.3190,-7.2225,0.0080,0.0000,0.2791,0.0178,0.0181,0.6822,10.00,0.200,0.850,1.100,0.0191,0.0958,0.0032,0.00195,0.00000,0.00000,0.00049,0.00000,0.00000,0.00000,0.00000,0.00049,0.00024
1519600,0.5379,0.5379,-8.2142,-6.9211,0.0097,0.0000,0.3316,0.0117,0.0312,0.6602,10.00,0.200,0.850,1.100,0.0184,0.0888,0.0049,0.00098,0.00024,0.00000,0.00000,0.00000,0.00000,0.00024,0.00000,0.00146,0.00195
1519800,0.5379,0.5379,-8.2142,-6.9211,0.0085,0.0000,0.2654,0.0150,0.0108,0.6114,10.00,0.200,0.850,1.100,0.0190,0.0761,0.0046,0.00171,0.00073,0.00000,0.00000,0.00000,0.00000,0.00000,0.00000,0.00073,0.00146
1520000,0.5379,0.5379,-8.2142,-6.9211,0.0106,0.0000,0.2909,0.0076,0.0264,0.6160,10.00,0.200,0.850,1.100,0.0011,0.0640,0.0083,0.00317,0.00122,0.00000,0.00049,0.00000,0.00000,0.00000,0.00000,0.00146,0.00195
1520200,0.5379,0.5379,-8.2644,-7.0429,0.0102,0.0000,0.1992,0.0094,0.0174,0.6104,10.00,0.200,0.850,1.100,0.0277,0.0740,0.0024,0.00024,0.00098,0.00000,0.00024,0.00000,0.00000,0.00000,0.00000,0.00024,0.00073
1520400,0.5379,0.5379,-8.2644,-7.0429,0.0115,0.0000,0.2342,0.0131,0.0399,0.7422,10.00,0.200,0.850,1.100,0.0096,0.0858,0.0044,0.00098,0.00073,0.00000,0.00024,0.00000,0.00000,0.00000,0.00000,0.00122,0.00122
1520600,0.5379,0.5379,-8.3145,-7.2172,0.0112,0.0000,0.2497,0.0117,0.0389,0.6539,10.00,0.200,0.850,1.100,0.0269,0.0825,0.0044,0.00073,0.00049,0.00000,0.00024,0.00000,0.00000,0.00000,0.00000,0.00073,0.00220
1520800,0.5379,0.5379,-8.3145,-7.2172,0.0102,0.0000,0.2393,0.0075,0.0214,0.7448,10.00,0.200,0.850,1.100,0.0164,0.0909,0.0039,0.00220,0.00024,0.00000,0.00000,0.00000,0.00000,0.00000,0.00000,0.00073,0.00073
1521000,0.5379,0.5379,-8.3145,-7.2172,0.0132,0.0000,0.2926,0.0169,0.0182,0.6949,10.00,0.200,0.850,1.100,0.0114,0.0784,0.0051,0.00269,0.00000,0.00000,0.00073,0.00000,0.00000,0.00000,0.00000,0.00049,0.00122
1521200,0.5379,0.5379,-8.2387,-7.1903,0.0084,0.0000,0.3165,0.0267,0.0214,0.7047,10.00,0.200,0.850,1.100,0.0206,0.0627,0.0044,0.00122,0.00024,0.00000,0.00000,0.00000,0.00000,0.00000,0.00000,0.00049,0.00244
1521400,0.5379,0.5379,-8.2387,-7.1903,0.0090,0.0000,0.2404,0.0129,0.0134,0.5814,10.00,0.200,0.850,1.100,0.0209,0.0841,0.0044,0.00146,0.00073,0.00000,0.00049,0.00000,0.00000,0.00000,0.00000,0.00073,0.00098
1521600,0.5379,0.5379,-8.2524,-7.2027,0.0061,0.0000,0.3200,0.0151,0.0358,0.6036,10.00,0.200,0.850,1.100,-0.0054,0.0627,0.0083,0.00342,0.00073,0.00000,0.00049,0.00000,0.00000,0.00000,0.00000,0.00073,0.00293
1521800,0.5379,0.5379,-8.2524,-7.2027,0.0094,0.0000,0.3195,0.0111,0.0157,0.7133,10.00,0.200,0.850,1.100,0.0095,0.0883,0.0044,0.00171,0.00000,0.00000,0.00073,0.00000,0.00000,0.00000,0.00000,0.00122,0.00073
1522000,0.5379,0.5379,-8.2524,-7.2027,0.0107,0.0000,0.1776,0.0160,0.0134,0.5867,10.00,0.200,0.850,1.100,0.0245,0.0821,0.0029,0.00000,0.00024,0.00000,0.00049,0.00000,0.00000,0.00000,0.00000,0.00122,0.00098
1522200,0.5379,0.5379,-8.2796,-7.0667,0.0080,0.0000,0.2386,0.0168,0.0215,0.6733,10.00,0.200,0.850,1.100,0.0196,0.0758,0.0039,0.00122,0.00049,0.00000,0.00024,0.00000,0.00000,0.00000,0.00000,0.00049,0.00146
1522400,0.5379,0.5379,-8.2796,-7.0667,0.0106,0.0000,0.2979,0.0195,0.0220,0.5712,10.00,0.200,0.850,1.100,0.0197,0.0775,0.0046,0.00195,0.00024,0.00000,0.00049,0.00000,0.00000,0.00024,0.00000,0.00073,0.00122
1522600,0.5379,0.5379,-8.2341,-7.3307,0.0088,0.0000,0.3182,0.0163,0.0136,0.6418,10.00,0.200,0.850,1.100,0.0216,0.0916,0.0042,0.00146,0.00024,0.00000,0.00049,0.00000,0.00000,0.00000,0.00000,0.00098,0.00098
1522800,0.5379,0.5379,-8.2341,-7.3307,0.0103,0.0000,0.2705,0.0218,0.0342,0.6200,10.00,0.200,0.850,1.100,0.0236,0.0775,0.0051,0.00122,0.00122,0.00000,0.00049,0.00000,0.00000,0.00000,0.00000,0.00098,0.00122
1523000,0.5379,0.5379,-8.2341,-7.3307,0.0096,0.0000,0.2289,0.0119,0.0142,0.7230,10.00,0.200,0.850,1.100,0.0252,0.0706,0.0049,0.00073,0.00122,0.00000,0.00000,0.00000,0.00000,0.00000,0.00000,0.00122,0.00171
1523200,0.5379,0.5379,-8.2322,-7.0401,0.0117,0.0000,0.2372,0.0119,0.0335,0.7430,10.00,0.200,0.850,1.100,0.0163,0.0904,0.0059,0.00195,0.00146,0.00000,0.00000,0.00000,0.00000,0.00000,0.00024,0.00122,0.00122
1523400,0.5379,0.5379,-8.2322,-7.0401,0.0098,0.0000,0.2757,0.0102,0.0304,0.7007,10.00,0.200,0.850,1.100,0.0278,0.0677,0.0042,0.00098,0.00073,0.00000,0.00024,0.00000,0.00000,0.00000,0.00000,0.00049,0.00171
1523600,0.5379,0.5379,-8.2566,-7.2641,0.0076,0.0000,0.2474,0.0094,0.0323,0.7599,10.00,0.200,0.850,1.100,0.0135,0.0834,0.0059,0.00195,0.00049,0.00000,0.00049,0.00000,0.00000,0.00024,0.00000,0.00171,0.00146
1523800,0.5379,0.5379,-8.2566,-7.2641,0.0090,0.0000,0.1912,0.0185,0.0092,0.6886,10.00,0.200,0.850,1.100,0.0269,0.0728,0.0037,0.00049,0.00098,0.00024,0.00024,0.00000,0.00000,0.00000,0.00000,0.00073,0.00098
1524000,0.5379,0.5379,-8.2566,-7.2641,0.0091,0.0000,0.2467,0.0222,0.0135,0.8326,10.00,0.200,0.850,1.100,0.0233,0.0784,0.0034,0.00073,0.00073,0.00000,0.00049,0.00000,0.00000,0.00000,0.00000,0.00073,0.00073
1524200,0.5379,0.5379,-8.2540,-7.4519,0.0080,0.0000,0.3989,0.0135,0.0361,0.5701,10.00,0.200,0.850,1.100,0.0283,0.0636,0.0051,0.00122,0.00049,0.00000,0.00073,0.00000,0.00000,0.00000,0.00000,0.00049,0.00220
1524400,0.5379,0.5379,-8.2540,-7.4519,0.0097,0.0000,0.2419,0.0102,0.0149,0.8105,10.00,0.200,0.850,1.100,0.0193,0.0891,0.0046,0.00244,0.00049,0.00000,0.00024,0.00000,0.00000,0.00000,0.00000,0.00049,0.00098
1524600,0.5379,0.5379,-8.3356,-7.3011,0.0109,0.0000,0.2487,0.0158,0.0150,0.5218,10.00,0.200,0.850,1.100,0.0214,0.0833,0.0046,0.00195,0.00049,0.00000,0.00000,0.00000,0.00000,0.00024,0.00000,0.00024,0.00171
1524800,0.5379,0.5379,-8.3356,-7.3011,0.0108,0.0000,0.2845,0.0146,0.0119,0.6840,10.00,0.200,0.850,1.100,0.0196,0.0952,0.0029,0.00146,0.00024,0.00000,0.00024,0.00000,0.00000,0.00000,0.00000,0.00073,0.00024
1525000,0.5379,0.5379,-8.3356,-7.3011,0.0094,0.0000,0.3349,0.0191,0.0178,0.6687,10.00,0.200,0.850,1.100,-0.0007,0.0878,0.0056,0.00220,0.00098,0.00000,0.00000,0.00000,0.00000,0.00024,0.00000,0.00146,0.00073
1525200,0.5379,0.5379,-8.2452,-7.1418,0.0079,0.0000,0.3284,0.0177,0.0108,0.6349,10.00,0.200,0.850,1.100,0.0064,0.0659,0.0068,0.00220,0.00122,0.00000,0.00024,0.00000,0.00000,0.00000,0.00000,0.00122,0.00195
1525400,0.5379,0.5379,-8.2452,-7.1418,0.0083,0.0000,0.3056,0.0125,0.0158,0.7149,10.00,0.200,0.850,1.100,0.0068,0.0872,0.0051,0.00269,0.00073,0.00000,0.00000,0.00000,0.00000,0.00000,0.00000,0.00098,0.00073
1525600,0.5379,0.5379,-8.3776,-7.1330,0.0088,0.0000,0.2116,0.0127,0.0186,0.7069,10.00,0.200,0.850,1.100,0.0301,0.0781,0.0015,0.00024,0.00024,0.00000,0.00000,0.00000,0.00000,0.00000,0.00000,0.00024,0.00073
1525800,0.5379,0.5379,-8.3776,-7.1330,0.0112,0.0000,0.3057,0.0121,0.0294,0.4879,10.00,0.200,0.850,1.100,-0.0001,0.0812,0.0056,0.00269,0.00049,0.00000,0.00024,0.00000,0.00000,0.00000,0.00000,0.00146,0.00073
1526000,0.5379,0.5379,-8.3776,-7.1330,0.0133,0.0000,0.3232,0.0098,0.0328,0.6059,10.00,0.200,0.850,1.100,-0.0101,0.0715,0.0081,0.00244,0.00073,0.00000,0.00024,0.00000,0.00000,0.00024,0.00000,0.00195,0.00244
1526200,0.5379,0.5379,-8.3640,-7.1786,0.0098,0.0000,0.2654,0.0189,0.0203,0.6788,10.00,0.200,0.850,1.100,0.0255,0.0862,0.0039,0.00195,0.00024,0.00000,0.00000,0.00000,0.00000,0.00000,0.00000,0.00024,0.00146
1526400,0.5379,0.5379,-8.3640,-7.1786,0.0091,0.0000,0.2593,0.0172,0.0289,0.6952,10.00,0.200,0.850,1.100,0.0154,0.0713,0.0051,0.00146,0.00073,0.00000,0.00049,0.00000,0.00000,0.00000,0.00000,0.00098,0.00146
1526600,0.5379,0.5379,-8.2078,-7.2585,0.0086,0.0000,0.2414,0.0150,0.0331,0.7128,10.00,0.200,0.850,1.100,0.0187,0.0892,0.0034,0.00122,0.00024,0.00000,0.00024,0.00000,0.00000,0.00000,0.00000,0.00098,0.00073
1526800,0.5379,0.5379,-8.2078,-7.2585,0.0117,0.0000,0.2745,0.0119,0.0156,0.6240,10.00,0.200,0.850,1.100,0.0227,0.0906,0.0044,0.00098,0.00000,0.00000,0.00000,0.00000,0.00000,0.00024,0.00000,0.00146,0.00195
1527000,0.5379,0.5379,-8.2078,-7.2585,0.0081,0.0000,0.2408,0.0138,0.0094,0.6557,10.00,0.200,0.850,1.100,0.0159,0.0707,0.0063,0.00244,0.00195,0.00000,0.00024,0.00000,0.00000,0.00000,0.00000,0.00073,0.00098
1527200,0.5379,0.5379,-8.2591,-7.1039,0.0078,0.0000,0.4343,0.0119,0.0135,0.6690,10.00,0.200,0.850,1.100,0.0147,0.0821,0.0051,0.00220,0.00000,0.00000,0.00073,0.00000,0.00000,0.00000,0.00000,0.00122,0.00098
1527400,0.5379,0.5379,-8.2591,-7.1039,0.0202,0.0000,0.2412,0.0118,0.0095,0.5272,10.00,0.200,0.850,1.100,0.0294,0.0831,0.0027,0.00049,0.00024,0.00000,0.00000,0.00000,0.00000,0.00000,0.00000,0.00073,0.00122
1527600,0.5379,0.5379,-8.2830,-7.0809,0.0080,0.0000,0.2636,0.0161,0.0162,0.6992,10.00,0.200,0.850,1.100,0.0226,0.0932,0.0027,0.00073,0.00024,0.00000,0.00024,0.00000,0.00000,0.00000,0.00000,0.00098,0.00049
1527800,0.5379,0.5379,-8.2830,-7.0809,0.0100,0.0000,0.3728,0.0220,0.0141,0.7612,10.00,0.200,0.850,1.100,0.0179,0.0577,0.0059,0.00195,0.00073,0.00000,0.00024,0.00000,0.00000,0.00000,0.00000,0.00073,0.00220
1528000,0.5379,0.5379,-8.2830,-7.0809,0.0093,0.0000,0.2989,0.0112,0.0224,0.6731,10.00,0.200,0.850,1.100,0.0148,0.0821,0.0056,0.00195,0.00073,0.00000,0.00024,0.00000,0.00000,0.00000,0.00000,0.00098,0.00171
1528200,0.5379,0.5379,-8.2554,-7.1438,0.0096,0.0000,0.3637,0.0090,0.0082,0.7550,10.00,0.200,0.850,1.100,0.0174,0.0798,0.0059,0.00220,0.00098,0.00000,0.00024,0.00000,0.00000,0.00024,0.00000,0.00098,0.00122
1528400,0.5379,0.5379,-8.2554,-7.1438,0.0095,0.0000,0.2245,0.0067,0.0190,0.8015,10.00,0.200,0.850,1.100,0.0304,0.0830,0.0037,0.00122,0.00024,0.00000,0.00024,0.00000,0.00000,0.00000,0.00000,0.00049,0.00146
1528600,0.5379,0.5379,-8.2499,-7.1469,0.0127,0.0000,0.1811,0.0106,0.0400,0.6866,10.00,0.200,0.850,1.100,0.0169,0.0933,0.0037,0.00195,0.00000,0.00000,0.00024,0.00000,0.00000,0.00000,0.00000,0.00049,0.00098
1528800,0.5379,0.5379,-8.2499,-7.1469,0.0101,0.0000,0.2463,0.0107,0.0137,0.8299,10.00,0.200,0.850,1.100,0.0279,0.0874,0.0037,0.00146,0.00024,0.00000,0.00024,0.00000,0.00000,0.00000,0.00000,0.00049,0.00122
1529000,0.5379,0.5379,-8.2499,-7.1469,0.0104,0.0000,0.2621,0.0152,0.0143,0.7157,10.00,0.200,0.850,1.100,0.0337,0.0781,0.0039,0.00098,0.00098,0.00000,0.00000,0.00000,0.00000,0.00024,0.00000,0.00024,0.00146
1529200,0.5379,0.5379,-8.2406,-7.1200,0.0094,0.0000,0.2082,0.0151,0.0241,0.7309,10.00,0.200,0.850,1.100,0.0161,0.0654,0.0046,0.00171,0.00024,0.00000,0.00073,0.00000,0.00000,0.00000,0.00000,0.00073,0.00122
1529400,0.5379,0.5379,-8.2406,-7.1200,0.0090,0.0000,0.1712,0.0143,0.0273,0.6467,10.00,0.200,0.850,1.100,0.0122,0.0934,0.0029,0.00049,0.00000,0.00000,0.00024,0.00000,0.00000,0.00000,0.00000,0.00122,0.00098
1529600,0.5379,0.5379,-8.2814,-6.9571,0.0117,0.0000,0.3474,0.0152,0.0119,0.6458,10.00,0.200,0.850,1.100,0.0244,0.0866,0.0039,0.00146,0.00024,0.00000,0.00024,0.00000,0.00000,0.00000,0.00000,0.00098,0.00098
1529800,0.5379,0.5379,-8.2814,-6.9571,0.0098,0.0000,0.2633,0.0087,0.0209,0.6820,10.00,0.200,0.850,1.100,0.0145,0.0860,0.0046,0.00098,0.00098,0.00000,0.00000,0.00000,0.00000,0.00024,0.00000,0.00146,0.00098
1530000,0.5379,0.5379,-8.2814,-6.9571,0.0077,0.0000,0.2782,0.0174,0.0137,0.7613,10.00,0.200,0.850,1.100,0.0223,0.0789,0.0046,0.00171,0.00098,0.00000,0.00000,0.00000,0.00000,0.00000,0.00000,0.00049,0.00146
1530200,0.5379,0.5379,-8.2305,-7.3063,0.0113,0.0000,0.2246,0.0150,0.0351,0.6193,10.00,0.200,0.850,1.100,0.0174,0.0882,0.0046,0.00195,0.00024,0.00000,0.00000,0.00000,0.00000,0.00024,0.00000,0.00073,0.00146
1530400,0.5379,0.5379,-8.2305,-7.3063,0.0094,0.0000,0.3282,0.0138,0.0101,0.6688,10.00,0.200,0.850,1.100,0.0236,0.0755,0.0051,0.00146,0.00098,0.00000,0.00049,0.00000,0.00000,0.00024,0.00000,0.00073,0.00122
1530600,0.5379,0.5379,-8.3183,-6.9873,0.0080,0.0000,0.2874,0.0154,0.0119,0.6637,10.00,0.200,0.850,1.100,0.0238,0.0764,0.0039,0.00122,0.00049,0.00000,0.00024,0.00000,0.00000,0.00000,0.00000,0.00073,0.00122
1530800,0.5379,0.5379,-8.3183,-6.9873,0.0107,0.0000,0.3719,0.0197,0.0335,0.7933,10.00,0.200,0.850,1.100,0.0194,0.0857,0.0044,0.00171,0.00024,0.00000,0.00000,0.00000,0.00000,0.00049,0.00000,0.00049,0.00146
1531000,0.5379,0.5379,-8.3183,-6.9873,0.0076,0.0000,0.1748,0.0094,0.0252,0.7431,10.00,0.200,0.850,1.100,0.0223,0.0689,0.0039,0.00024,0.00049,0.00000,0.00000,0.00000,0.00000,0.00000,0.00000,0.00146,0.00171
1531200,0.5379,0.5379,-8.2864,-7.1314,0.0079,0.0000,0.2232,0.0101,0.0130,0.7711,10.00,0.200,0.850,1.100,0.0299,0.0887,0.0029,0.00049,0.00073,0.00000,0.00024,0.00000,0.00000,0.00000,0.00000,0.00049,0.00098
1531400,0.5379,0.5379,-8.2864,-7.1314,0.0100,0.0000,0.3248,0.0243,0.0199,0.6682,10.00,0.200,0.850,1.100,0.0124,0.0875,0.0042,0.00220,0.00024,0.00000,0.00000,0.00000,0.00000,0.00000,0.00000,0.00073,0.00098
1531600,0.5379,0.5379,-8.3171,-7.1866,0.0075,0.0000,0.3609,0.0156,0.0262,0.5741,10.00,0.200,0.850,1.100,0.0290,0.0656,0.0042,0.00098,0.00049,0.00000,0.00049,0.00000,0.00000,0.00000,0.00000,0.00024,0.00195
1531800,0.5379,0.5379,-8.3171,-7.1866,0.0084,0.0000,0.2127,0.0171,0.0112,0.9566,10.00,0.200,0.850,1.100,0.0189,0.0802,0.0051,0.00098,0.00073,0.00000,0.00024,0.00000,0.00000,0.00024,0.00000,0.00122,0.00171
1532000,0.5379,0.5379,-8.3171,-7.1866,0.0092,0.0000,0.3594,0.0155,0.0307,0.7975,10.00,0.200,0.850,1.100,0.0240,0.0673,0.0049,0.00195,0.00146,0.00000,0.00024,0.00000,0.00000,0.00024,0.00000,0.00000,0.00098
1532200,0.5379,0.5379,-8.2661,-7.3072,0.0077,0.0000,0.2845,0.0130,0.0279,0.6118,10.00,0.200,0.850,1.100,0.0087,0.0899,0.0044,0.00122,0.00000,0.00000,0.00000,0.00000,0.00000,0.00000,0.00000,0.00171,0.00146
1532400,0.5379,0.5379,-8.2661,-7.3072,0.0072,0.0000,0.2636,0.0143,0.0201,0.7087,10.00,0.200,0.850,1.100,0.0198,0.0882,0.0039,0.00171,0.00000,0.00000,0.00000,0.00000,0.00000,0.00000,0.00000,0.00024,0.00195
1532600,0.5379,0.5379,-8.2856,-7.1246,0.0115,0.0000,0.3197,0.0172,0.0445,0.7357,10.00,0.200,0.850,1.100,0.0210,0.0971,0.0029,0.00098,0.00024,0.00000,0.00000,0.00000,0.00000,0.00000,0.00000,0.00171,0.00000
1532800,0.5379,0.5379,-8.2856,-7.1246,0.0108,0.0000,0.2585,0.0165,0.0368,0.4928,10.00,0.200,0.850,1.100,0.0198,0.0765,0.0037,0.00146,0.00098,0.00000,0.00000,0.00000,0.00000,0.00000,0.00000,0.00073,0.00049
1533000,0.5379,0.5379,-8.2856,-7.1246,0.0102,0.0000,0.3497,0.0160,0.0130,0.7484,10.00,0.200,0.850,1.100,0.0203,0.0882,0.0037,0.00098,0.00024,0.00000,0.00000,0.00000,0.00000,0.00000,0.00000,0.00122,0.00146
1533200,0.5379,0.5379,-8.2583,-7.1399,0.0097,0.0000,0.3143,0.0104,0.0128,0.7851,10.00,0.200,0.850,1.100,0.0095,0.0641,0.0059,0.00195,0.00049,0.00000,0.00073,0.00000,0.00000,0.00000,0.00000,0.00098,0.00171
1533400,0.5379,0.5379,-8.2583,-7.1399,0.0084,0.0000,0.2836,0.0060,0.0214,0.6309,10.00,0.200,0.850,1.100,0.0124,0.0867,0.0056,0.00244,0.00073,0.00000,0.00000,0.00000,0.00000,0.00000,0.00000,0.00098,0.00146
1533600,0.5379,0.5379,-8.2291,-7.2131,0.0070,0.0000,0.3503,0.0134,0.0083,0.6887,10.00,0.200,0.850,1.100,0.0128,0.0705,0.0063,0.00195,0.00024,0.00000,0.00000,0.00000,0.00000,0.00049,0.00000,0.00122,0.00244
1533800,0.5379,0.5379,-8.2291,-7.2131,0.0094,0.0000,0.3199,0.0072,0.0085,0.7861,10.00,0.200,0.850,1.100,0.0151,0.0794,0.0046,0.00195,0.00049,0.00000,0.00000,0.00000,0.00000,0.00000,0.00000,0.00098,0.00122
1534000,0.5379,0.5379,-8.2291,-7.2131,0.0075,0.0000,0.3616,0.0145,0.0084,0.6027,10.00,0.200,0.850,1.100,-0.0016,0.0691,0.0071,0.00293,0.00098,0.00000,0.00000,0.00000,0.00000,0.00000,0.00000,0.00171,0.00146
1534200,0.5379,0.5379,-8.2804,-7.2820,0.0094,0.0000,0.3083,0.0124,0.0153,0.7536,10.00,0.200,0.850,1.100,0.0039,0.0780,0.0054,0.00195,0.00073,0.00000,0.00024,0.00000,0.00000,0.00000,0.00000,0.00146,0.00098
1534400,0.5379,0.5379,-8.2804,-7.2820,0.0075,0.0000,0.3660,0.0156,0.0285,0.6451,10.00,0.200,0.850,1.100,0.0016,0.0661,0.0061,0.00171,0.00073,0.00000,0.00049,0.00000,0.00000,0.00000,0.00000,0.00171,0.00146
1534600,0.5379,0.5379,-8.2616,-7.1690,0.0151,0.0000,0.2857,0.0139,0.0140,0.5832,10.00,0.200,0.850,1.100,0.0088,0.0567,0.0051,0.00171,0.00098,0.00000,0.00000,0.00000,0.00000,0.00000,0.00000,0.00122,0.00122
1534800,0.5379,0.5379,-8.2616,-7.1690,0.0069,0.0000,0.2621,0.0224,0.0149,0.6040,10.00,0.200,0.850,1.100,0.0151,0.0877,0.0049,0.00146,0.00098,0.00000,0.00000,0.00000,0.00000,0.00000,0.00000,0.00098,0.00146
1535000,0.5379,0.5379,-8.2616,-7.1690,0.0107,0.0000,0.2203,0.0098,0.0213,0.8120,10.00,0.200,0.850,1.100,0.0082,0.0897,0.0044,0.00220,0.00000,0.00000,0.00049,0.00000,0.00000,0.00024,0.00000,0.00098,0.00073
1535200,0.5379,0.5379,-8.2771,-7.2639,0.0082,0.0000,0.2666,0.0148,0.0137,0.6191,10.00,0.200,0.850,1.100,0.0215,0.0871,0.0044,0.00146,0.00073,0.00000,0.00024,0.00000,0.00000,0.00024,0.00000,0.00098,0.00073
1535400,0.5379,0.5379,-8.2771,-7.2639,0.0088,0.0000,0.2506,0.0103,0.0273,0.7746,10.00,0.200,0.850,1.100,0.0145,0.0804,0.0054,0.00171,0.00049,0.00000,0.00049,0.00000,0.00000,0.00024,0.00000,0.00122,0.00122
1535600,0.5379,0.5379,-8.2639,-7.2458,0.0136,0.0000,0.2449,0.0163,0.0102,0.7656,10.00,0.200,0.850,1.100,0.0250,0.0941,0.0029,0.00073,0.00024,0.00000,0.00000,0.00000,0.00000,0.00000,0.00000,0.00122,0.00073
1535800,0.5379,0.5379,-8.2639,-7.2458,0.0063,0.0000,0.2747,0.0188,0.0183,0.5957,10.00,0.200,0.850,1.100,0.0255,0.0989,0.0027,0.00122,0.00024,0.00000,0.00000,0.00000,0.00000,0.00024,0.00000,0.00073,0.00024
1536000,0.5379,0.5379,-8.2639,-7.2458,0.0098,0.0000,0.1848,0.0173,0.0233,0.5939,10.00,0.200,0.850,1.100,0.0190,0.0862,0.0039,0.00171,0.00049,0.00000,0.00000,0.00000,0.00000,0.00000,0.00000,0.00073,0.00098
1536200,0.5379,0.5379,-8.3157,-7.1352,0.0092,0.0000,0.2828,0.0136,0.0132,0.8190,10.00,0.200,0.850,1.100,0.0133,0.0676,0.0071,0.00244,0.00195,0.00000,0.00000,0.00000,0.00000,0.00000,0.00000,0.00098,0.00171
1536400,0.5379,0.5379,-8.3157,-7.1352,0.0112,0.0000,0.1875,0.0120,0.0274,0.5775,10.00,0.200,0.850,1.100,0.0301,0.0865,0.0017,0.00049,0.00000,0.00000,0.00000,0.00000,0.00000,0.00000,0.00000,0.00049,0.00073
1536600,0.5379,0.5379,-8.2487,-7.1867,0.0089,0.0000,0.2514,0.0105,0.0108,0.6191,10.00,0.200,0.850,1.100,0.0151,0.0879,0.0051,0.00171,0.00049,0.00000,0.00000,0.00000,0.00000,0.00000,0.00000,0.00146,0.00146
1536800,0.5379,0.5379,-8.2487,-7.1867,0.0066,0.0000,0.2725,0.0137,0.0275,0.6419,10.00,0.200,0.850,1.100,0.0238,0.0748,0.0044,0.00146,0.00049,0.00000,0.00024,0.00000,0.00000,0.00000,0.00000,0.00073,0.00146
1537000,0.5379,0.5379,-8.2487,-7.1867,0.0140,0.0000,0.2813,0.0148,0.0172,0.7080,10.00,0.200,0.850,1.100,0.0077,0.0888,0.0056,0.00244,0.00049,0.00000,0.00000,0.00000,0.00000,0.00024,0.00000,0.00146,0.00098
1537200,0.5379,0.5379,-8.2829,-7.1416,0.0116,0.0000,0.3087,0.0188,0.0159,0.6178,10.00,0.200,0.850,1.100,0.0240,0.0837,0.0032,0.00073,0.00024,0.00000,0.00000,0.00000,0.00000,0.00000,0.00000,0.00122,0.00098
1537400,0.5379,0.5379,-8.2829,-7.1416,0.0082,0.0000,0.4081,0.0151,0.0247,0.5784,10.00,0.200,0.850,1.100,0.0144,0.0750,0.0049,0.00171,0.00024,0.00000,0.00024,0.00000,0.00000,0.00000,0.00000,0.00049,0.00220
1537600,0.5379,0.5379,-8.2768,-7.1931,0.0083,0.0000,0.2572,0.0192,0.0287,0.6817,10.00,0.200,0.850,1.100,0.0249,0.0757,0.0042,0.00122,0.00049,0.00000,0.00000,0.00000,0.00000,0.00000,0.00024,0.00073,0.00146
1537800,0.5379,0.5379,-8.2768,-7.1931,0.0081,0.0000,0.2996,0.0130,0.0197,0.6106,10.00,0.200,0.850,1.100,0.0030,0.0960,0.0044,0.00171,0.00073,0.00000,0.00000,0.00000,0.00000,0.00024,0.00000,0.00171,0.00000
1538000,0.5379,0.5379,-8.2768,-7.1931,0.0069,0.0000,0.4494,0.0169,0.0117,0.8299,10.00,0.200,0.850,1.100,0.0034,0.0892,0.0054,0.00195,0.00024,0.00000,0.00000,0.00000,0.00000,0.00000,0.00000,0.00171,0.00146
1538200,0.5379,0.5379,-8.2882,-7.1790,0.0125,0.0000,0.1871,0.0093,0.0211,0.6336,10.00,0.200,0.850,1.100,0.0240,0.0697,0.0039,0.00073,0.00024,0.00000,0.00098,0.00000,0.00000,0.00000,0.00000,0.00098,0.00098
1538400,0.5379,0.5379,-8.2882,-7.1790,0.0083,0.0000,0.2150,0.0137,0.0108,0.6303,10.00,0.200,0.850,1.100,0.0120,0.0841,0.0051,0.00220,0.00024,0.00000,0.00024,0.00000,0.00000,0.00000,0.00000,0.00098,0.00146
1538600,0.5379,0.5379,-8.3220,-7.1408,0.0077,0.0000,0.2359,0.0133,0.0085,1.0089,10.00,0.200,0.850,1.100,0.0247,0.0617,0.0049,0.00122,0.00024,0.00000,0.00000,0.00000,0.00000,0.00000,0.00000,0.00171,0.00171
1538800,0.5379,0.5379,-8.3220,-7.1408,0.0082,0.0000,0.2825,0.0083,0.0157,0.8016,10.00,0.200,0.850,1.100,0.0151,0.0841,0.0049,0.00269,0.00024,0.00000,0.00000,0.00000,0.00000,0.00000,0.00000,0.00024,0.00171
1539000,0.5379,0.5379,-8.3220,-7.1408,0.0164,0.0000,0.1236,0.0270,0.0042,0.4394,10.00,0.200,0.850,1.100,0.0010,0.0855,0.0056,0.00244,0.00000,0.00000,0.00024,0.00000,0.00000,0.00000,0.00000,0.00146,0.00146
1539200,0.5379,0.5379,-8.2843,-7.2477,0.0064,0.0000,0.2296,0.0090,0.0105,0.7921,10.00,0.200,0.850,1.100,0.0305,0.0909,0.0029,0.00098,0.00000,0.00000,0.00000,0.00000,0.00000,0.00000,0.00024,0.00024,0.00146
1539400,0.5379,0.5379,-8.2843,-7.2477,0.0102,0.0000,0.2379,0.0077,0.0285,0.6278,10.00,0.200,0.850,1.100,0.0236,0.0786,0.0042,0.00146,0.00098,0.00000,0.00000,0.00000,0.00000,0.00000,0.00000,0.00024,0.00146
1539600,0.5379,0.5379,-8.3649,-7.3008,0.0109,0.0000,0.2828,0.0241,0.0206,0.7872,10.00,0.200,0.850,1.100,0.0176,0.0801,0.0046,0.00195,0.00073,0.00000,0.00000,0.00000,0.00000,0.00000,0.00000,0.00073,0.00122
1539800,0.5379,0.5379,-8.3649,-7.3008,0.0077,0.0000,0.3764,0.0240,0.0226,0.6588,10.00,0.200,0.850,1.100,0.0196,0.0819,0.0056,0.00220,0.00122,0.00000,0.00024,0.00000,0.00000,0.00000,0.00000,0.00098,0.00098
1540000,0.5379,0.5379,-8.3649,-7.3008,0.0070,0.0000,0.1999,0.0132,0.0086,0.7655,10.00,0.200,0.850,1.100,0.0111,0.0802,0.0044,0.00220,0.00000,0.00000,0.00024,0.00000,0.00000,0.00024,0.00000,0.00073,0.00122
1540200,0.5379,0.5379,-8.3619,-7.1491,0.0157,0.0000,0.2036,0.0194,0.0147,0.8475,10.00,0.200,0.850,1.100,-0.0013,0.0795,0.0071,0.00244,0.00049,0.00000,0.00073,0.00000,0.00000,0.00049,0.00000,0.00171,0.00122
1540400,0.5379,0.5379,-8.3619,-7.1491,0.0118,0.0000,0.2573,0.0190,0.0154,0.7943,10.00,0.200,0.850,1.100,0.0202,0.0802,0.0046,0.00146,0.00024,0.00000,0.00000,0.00000,0.00000,0.00000,0.00000,0.00146,0.00146
1540600,0.5379,0.5379,-8.3244,-7.2378,0.0097,0.0000,0.2133,0.0149,0.0108,0.8841,10.00,0.200,0.850,1.100,0.0284,0.0736,0.0044,0.00049,0.00024,0.00000,0.00073,0.00000,0.00000,0.00024,0.00000,0.00122,0.00146
1540800,0.5379,0.5379,-8.3244,-7.2378,0.0089,0.0000,0.1131,0.0236,0.0030,0.4590,10.00,0.200,0.850,1.100,-0.0278,-0.0341,0.0000,0.00000,0.00000,0.00000,0.00000,0.00000,0.00000,0.00000,0.00000,0.00000,0.00000
1541000,0.5379,0.5379,-8.3244,-7.2378,0.0100,0.0000,0.2412,0.0114,0.0114,0.6107,10.00,0.200,0.850,1.100,0.0339,0.0838,0.0027,0.00073,0.00024,0.00000,0.00000,0.00000,0.00000,0.00000,0.00000,0.00049,0.00122
1541200,0.5379,0.5379,-8.2251,-7.2289,0.0097,0.0000,0.2800,0.0151,0.0267,0.7162,10.00,0.200,0.850,1.100,0.0160,0.0729,0.0066,0.00269,0.00098,0.00000,0.00000,0.00000,0.00000,0.00024,0.00000,0.00098,0.00195
1541400,0.5379,0.5379,-8.2251,-7.2289,0.0091,0.0000,0.2541,0.0117,0.0086,0.7646,10.00,0.200,0.850,1.100,0.0090,0.0647,0.0066,0.00244,0.00024,0.00000,0.00000,0.00000,0.00000,0.00000,0.00000,0.00146,0.00244
1541600,0.5379,0.5379,-8.2859,-7.1332,0.0153,0.0000,0.2316,0.0158,0.0189,0.9848,10.00,0.200,0.850,1.100,0.0265,0.0697,0.0044,0.00195,0.00073,0.00000,0.00000,0.00000,0.00000,0.00000,0.00000,0.00000,0.00171
1541800,0.5379,0.5379,-8.2859,-7.1332,0.0084,0.0000,0.2299,0.0214,0.0173,0.6883,10.00,0.200,0.850,1.100,0.0227,0.0592,0.0051,0.00146,0.00024,0.00000,0.00049,0.00000,0.00000,0.00000,0.00000,0.00024,0.00269
1542000,0.5379,0.5379,-8.2859,-7.1332,0.0096,0.0000,0.2495,0.0102,0.0313,0.8922,10.00,0.200,0.850,1.100,0.0203,0.0748,0.0044,0.00122,0.00024,0.00000,0.00000,0.00000,0.00000,0.00000,0.00000,0.00098,0.00195
1542200,0.5379,0.5379,-8.2706,-7.3814,0.0114,0.0000,0.2303,0.0073,0.0154,0.7224,10.00,0.200,0.850,1.100,0.0131,0.0802,0.0049,0.00244,0.00024,0.00000,0.00000,0.00000,0.00000,0.00000,0.00024,0.00098,0.00098
1542400,0.5379,0.5379,-8.2706,-7.3814,0.0113,0.0000,0.2515,0.0183,0.0084,1.0113,10.00,0.200,0.850,1.100,0.0244,0.0751,0.0051,0.00122,0.00073,0.00000,0.00024,0.00000,0.00000,0.00000,0.00000,0.00073,0.00220
1542600,0.5379,0.5379,-8.2355,-7.2160,0.0070,0.0000,0.1277,0.0228,0.0041,0.4545,10.00,0.200,0.850,1.100,0.0090,-0.0109,0.0000,0.00000,0.00000,0.00000,0.00000,0.00000,0.00000,0.00000,0.00000,0.00000,0.00000
1542800,0.5379,0.5379,-8.2355,-7.2160,0.0105,0.0000,0.2823,0.0094,0.0115,0.8345,10.00,0.200,0.850,1.100,0.0233,0.0780,0.0037,0.00122,0.00024,0.00000,0.00024,0.00000,0.00000,0.00000,0.00000,0.00049,0.00146
1543000,0.5379,0.5379,-8.2355,-7.2160,0.0101,0.0000,0.3208,0.0165,0.0115,0.6464,10.00,0.200,0.850,1.100,0.0170,0.0770,0.0051,0.00146,0.00024,0.00000,0.00000,0.00000,0.00000,0.00000,0.00000,0.00122,0.00220
1543200,0.5379,0.5379,-8.3130,-6.9868,0.0109,0.0000,0.3126,0.0175,0.0075,0.7186,10.00,0.200,0.850,1.100,0.0133,0.0660,0.0054,0.00293,0.00049,0.00000,0.00024,0.00000,0.00000,0.00000,0.00000,0.00000,0.00171
1543400,0.5379,0.5379,-8.3130,-6.9868,0.0068,0.0000,0.3251,0.0115,0.0177,0.7519,10.00,0.200,0.850,1.100,0.0160,0.0824,0.0051,0.00122,0.00049,0.00000,0.00024,0.00000,0.00000,0.00000,0.00000,0.00195,0.00122
1543600,0.5379,0.5379,-8.2282,-7.3353,0.0105,0.0000,0.1987,0.0129,0.0208,0.8136,10.00,0.200,0.850,1.100,0.0232,0.0860,0.0027,0.00122,0.00049,0.00000,0.00000,0.00000,0.00000,0.00000,0.00000,0.00073,0.00024
1543800,0.5379,0.5379,-8.2282,-7.3353,0.0103,0.0000,0.1986,0.0117,0.0180,0.8925,10.00,0.200,0.850,1.100,0.0200,0.0779,0.0037,0.00073,0.00049,0.00000,0.00024,0.00000,0.00000,0.00000,0.00000,0.00098,0.00122
1544000,0.5379,0.5379,-8.2282,-7.3353,0.0098,0.0000,0.2844,0.0216,0.0287,0.6044,10.00,0.200,0.850,1.100,0.0235,0.0801,0.0037,0.00073,0.00024,0.00000,0.00000,0.00000,0.00000,0.00024,0.00000,0.00098,0.00146
1544200,0.5379,0.5379,-8.2892,-7.1926,0.0101,0.0000,0.3071,0.0257,0.0567,0.5734,10.00,0.200,0.850,1.100,0.0060,0.1051,0.0037,0.00195,0.00024,0.00000,0.00000,0.00000,0.00000,0.00000,0.00000,0.00146,0.00000
1544400,0.5379,0.5379,-8.2892,-7.1926,0.0087,0.0000,0.1121,0.0165,0.0118,0.4810,10.00,0.200,0.850,1.100,0.0173,0.0022,0.0000,0.00000,0.00000,0.00000,0.00000,0.00000,0.00000,0.00000,0.00000,0.00000,0.00000
1544600,0.5379,0.5379,-8.3061,-7.0925,0.0074,0.0000,0.2550,0.0129,0.0209,0.9397,10.00,0.200,0.850,1.100,0.0092,0.0910,0.0042,0.00195,0.00073,0.00000,0.00000,0.00000,0.00000,0.00000,0.00000,0.00098,0.00073
1544800,0.5379,0.5379,-8.3061,-7.0925,0.0089,0.0000,0.3040,0.0070,0.0235,0.6578,10.00,0.200,0.850,1.100,0.0112,0.0860,0.0042,0.00195,0.00024,0.00000,0.00000,0.00000,0.00000,0.00000,0.00000,0.00098,0.00098
1545000,0.5379,0.5379,-8.3061,-7.0925,0.0063,0.0000,0.3254,0.0179,0.0260,0.5988,10.00,0.200,0.850,1.100,0.0165,0.0851,0.0049,0.00195,0.00049,0.00000,0.00000,0.00000,0.00000,0.00000,0.00000,0.00098,0.00146
1545200,0.5379,0.5379,-8.2575,-7.1357,0.0105,0.0000,0.3317,0.0159,0.0094,0.6983,10.00,0.200,0.850,1.100,0.0248,0.0920,0.0029,0.00146,0.00049,0.00000,0.00000,0.00000,0.00000,0.00000,0.00000,0.00049,0.00049
1545400,0.5379,0.5379,-8.2575,-7.1357,0.0089,0.0000,0.2085,0.0145,0.0399,0.7417,10.00,0.200,0.850,1.100,0.0284,0.0570,0.0037,0.00049,0.00049,0.00000,0.00024,0.00000,0.00000,0.00024,0.00024,0.00024,0.00171
1545600,0.5379,0.5379,-8.3526,-7.0652,0.0102,0.0000,0.2744,0.0122,0.0149,0.7568,10.00,0.200,0.850,1.100,0.0080,0.0988,0.0037,0.00073,0.00024,0.00000,0.00024,0.00000,0.00000,0.00000,0.00000,0.00171,0.00073
1545800,0.5379,0.5379,-8.3526,-7.0652,0.0119,0.0000,0.3675,0.0184,0.0152,0.5923,10.00,0.200,0.850,1.100,0.0182,0.0875,0.0032,0.00220,0.00000,0.00000,0.00000,0.00000,0.00000,0.00000,0.00000,0.00000,0.00098
1546000,0.5379,0.5379,-8.3526,-7.0652,0.0071,0.0000,0.3578,0.0137,0.0274,0.6393,10.00,0.200,0.850,1.100,0.0225,0.0837,0.0039,0.00171,0.00024,0.00000,0.00024,0.00000,0.00000,0.00000,0.00000,0.00049,0.00122
1546200,0.5379,0.5379,-8.2649,-7.0155,0.0068,0.0000,0.1273,0.0186,0.0048,0.4794,10.00,0.200,0.850,1.100,0.0217,0.0155,0.0000,0.00000,0.00000,0.00000,0.00000,0.00000,0.00000,0.00000,0.00000,0.00000,0.00000
1546400,0.5379,0.5379,-8.2649,-7.0155,0.0097,0.0000,0.3616,0.0152,0.0424,0.7671,10.00,0.200,0.850,1.100,0.0223,0.0849,0.0039,0.00073,0.00073,0.00000,0.00000,0.00000,0.00000,0.00000,0.00000,0.00098,0.00146
1546600,0.5379,0.5379,-8.2966,-7.0352,0.0137,0.0000,0.3602,0.0143,0.0133,0.5591,10.00,0.200,0.850,1.100,0.0258,0.0702,0.0051,0.00098,0.00049,0.00000,0.00000,0.00000,0.00000,0.00024,0.00000,0.00049,0.00293
1546800,0.5379,0.5379,-8.2966,-7.0352,0.0112,0.0000,0.2932,0.0118,0.0515,0.6459,10.00,0.200,0.850,1.100,0.0275,0.0748,0.0044,0.00122,0.00024,0.00000,0.00000,0.00000,0.00000,0.00000,0.00000,0.00122,0.00171
1547000,0.5379,0.5379,-8.2966,-7.0352,0.0091,0.0000,0.3316,0.0184,0.0087,0.6920,10.00,0.200,0.850,1.100,0.0165,0.0909,0.0037,0.00195,0.00024,0.00000,0.00000,0.00000,0.00000,0.00000,0.00000,0.00073,0.00073
1547200,0.5379,0.5379,-8.2019,-7.1083,0.0087,0.0000,0.2268,0.0114,0.0129,0.6646,10.00,0.200,0.850,1.100,0.0158,0.0655,0.0056,0.00171,0.00073,0.00000,0.00000,0.00000,0.00000,0.00000,0.00000,0.00122,0.00195
1547400,0.5379,0.5379,-8.2019,-7.1083,0.0081,0.0000,0.2988,0.0123,0.0130,0.7346,10.00,0.200,0.850,1.100,0.0181,0.0857,0.0039,0.00146,0.00049,0.00000,0.00000,0.00000,0.00000,0.00000,0.00000,0.00073,0.00122
1547600,0.5379,0.5379,-8.2262,-7.2309,0.0137,0.0000,0.2821,0.0175,0.0528,0.4949,10.00,0.200,0.850,1.100,0.0059,0.0639,0.0068,0.00244,0.00073,0.00000,0.00000,0.00000,0.00000,0.00000,0.00000,0.00122,0.00244
1547800,0.5379,0.5379,-8.2262,-7.2309,0.0088,0.0000,0.2310,0.0074,0.0208,0.8331,10.00,0.200,0.850,1.100,0.0152,0.1002,0.0037,0.00146,0.00000,0.00000,0.00024,0.00000,0.00000,0.00000,0.00024,0.00146,0.00024
1548000,0.5379,0.5379,-8.2262,-7.2309,0.0109,0.0000,0.1303,0.0163,0.0075,0.4402,10.00,0.200,0.850,1.100,0.0234,0.0298,0.0000,0.00000,0.00000,0.00000,0.00000,0.00000,0.00000,0.00000,0.00000,0.00000,0.00000
1548200,0.5379,0.5379,-8.3296,-7.3567,0.0083,0.0000,0.2885,0.0114,0.0506,0.6696,10.00,0.200,0.850,1.100,0.0185,0.0829,0.0039,0.00146,0.00024,0.00000,0.00000,0.00000,0.00000,0.00000,0.00000,0.00049,0.00171
1548400,0.5379,0.5379,-8.3296,-7.3567,0.0149,0.0000,0.3532,0.0206,0.0152,0.7644,10.00,0.200,0.850,1.100,0.0194,0.0702,0.0051,0.00146,0.00073,0.00000,0.00000,0.00000,0.00000,0.00000,0.00000,0.00073,0.00220
1548600,0.5379,0.5379,-8.3016,-7.1706,0.0096,0.0000,0.2642,0.0221,0.0101,0.7288,10.00,0.200,0.850,1.100,0.0209,0.0625,0.0059,0.00171,0.00073,0.00000,0.00073,0.00000,0.00000,0.00024,0.00000,0.00024,0.00220
1548800,0.5379,0.5379,-8.3016,-7.1706,0.0114,0.0000,0.2674,0.0102,0.0509,0.7846,10.00,0.200,0.850,1.100,0.0171,0.0791,0.0059,0.00269,0.00024,0.00000,0.00024,0.00000,0.00000,0.00000,0.00000,0.00049,0.00220
1549000,0.5379,0.5379,-8.3016,-7.1706,0.0109,0.0000,0.3680,0.0079,0.0110,0.6800,10.00,0.200,0.850,1.100,0.0318,0.0655,0.0044,0.00049,0.00049,0.00000,0.00024,0.00000,0.00000,0.00000,0.00024,0.00098,0.00195
1549200,0.5379,0.5379,-8.2313,-7.1151,0.0068,0.0000,0.3249,0.0124,0.0096,0.8716,10.00,0.200,0.850,1.100,0.0088,0.0738,0.0063,0.00171,0.00049,0.00000,0.00000,0.00000,0.00000,0.00024,0.00000,0.00146,0.00244
1549400,0.5379,0.5379,-8.2313,-7.1151,0.0108,0.0000,0.2365,0.0158,0.0168,0.5844,10.00,0.200,0.850,1.100,0.0234,0.0746,0.0044,0.00146,0.00049,0.00000,0.00024,0.00000,0.00000,0.00000,0.00000,0.00098,0.00122
1549600,0.5379,0.5379,-8.2756,-7.1999,0.0175,0.0000,0.2793,0.0204,0.0291,0.5931,10.00,0.200,0.850,1.100,-0.0082,0.0589,0.0090,0.00391,0.00122,0.00000,0.00049,0.00000,0.00000,0.00024,0.00000,0.00122,0.00195
1549800,0.5379,0.5379,-8.2756,-7.1999,0.0096,0.0000,0.1802,0.0189,0.0108,0.4976,10.00,0.200,0.850,1.100,0.0247,0.0432,0.0000,0.00000,0.00000,0.00000,0.00000,0.00000,0.00000,0.00000,0.00000,0.00000,0.00000
1550000,0.5379,0.5379,-8.2756,-7.1999,0.0082,0.0000,0.3260,0.0106,0.0258,0.7697,10.00,0.200,0.850,1.100,0.0207,0.0945,0.0029,0.00122,0.00049,0.00000,0.00000,0.00000,0.00000,0.00000,0.00000,0.00073,0.00049
1550200,0.5379,0.5379,-8.3062,-7.2188,0.0128,0.0000,0.2635,0.0112,0.0129,0.6842,10.00,0.200,0.850,1.100,0.0163,0.0728,0.0042,0.00195,0.00024,0.00000,0.00024,0.00000,0.00000,0.00000,0.00000,0.00024,0.00146
1550400,0.5379,0.5379,-8.3062,-7.2188,0.0127,0.0000,0.2280,0.0144,0.0298,0.8539,10.00,0.200,0.850,1.100,0.0054,0.0781,0.0059,0.00244,0.00098,0.00000,0.00024,0.00000,0.00000,0.00000,0.00000,0.00146,0.00098
1550600,0.5379,0.5379,-8.3136,-7.2180,0.0065,0.0000,0.2393,0.0117,0.0085,0.8448,10.00,0.200,0.850,1.100,0.0267,0.0862,0.0034,0.00122,0.00073,0.00000,0.00000,0.00000,0.00000,0.00000,0.00000,0.00024,0.00122
1550800,0.5379,0.5379,-8.3136,-7.2180,0.0077,0.0000,0.2322,0.0089,0.0229,0.7001,10.00,0.200,0.850,1.100,0.0235,0.0791,0.0042,0.00171,0.00049,0.00000,0.00000,0.00000,0.00000,0.00000,0.00000,0.00049,0.00146
1551000,0.5379,0.5379,-8.3136,-7.2180,0.0113,0.0000,0.2818,0.0118,0.0093,0.6844,10.00,0.200,0.850,1.100,-0.0106,0.0804,0.0076,0.00244,0.00098,0.00000,0.00000,0.00000,0.00000,0.00000,0.00000,0.00220,0.00195
1551200,0.5379,0.5379,-8.2144,-7.0715,0.0081,0.0000,0.2724,0.0168,0.0201,0.7163,10.00,0.200,0.850,1.100,-0.0018,0.0602,0.0068,0.00293,0.00024,0.00000,0.00024,0.00000,0.00000,0.00000,0.00000,0.00171,0.00171
1551400,0.5379,0.5379,-8.2144,-7.0715,0.0092,0.0000,0.2583,0.0168,0.0199,0.7886,10.00,0.200,0.850,1.100,0.0263,0.0510,0.0034,0.00098,0.00098,0.00000,0.00000,0.00000,0.00000,0.00000,0.00000,0.00049,0.00122
1551600,0.5379,0.5379,-8.2475,-7.1648,0.0069,0.0000,0.1629,0.0198,0.0105,0.4791,10.00,0.200,0.850,1.100,0.0249,0.0571,0.0000,0.00000,0.00000,0.00000,0.00000,0.00000,0.00000,0.00000,0.00000,0.00000,0.00000
1551800,0.5379,0.5379,-8.2475,-7.1648,0.0094,0.0000,0.2804,0.0099,0.0362,0.7906,10.00,0.200,0.850,1.100,0.0231,0.0674,0.0051,0.00146,0.00122,0.00000,0.00024,0.00000,0.00000,0.00000,0.00000,0.00049,0.00171
1552000,0.5379,0.5379,-8.2475,-7.1648,0.0089,0.0000,0.2778,0.0217,0.0125,0.6313,10.00,0.200,0.850,1.100,0.0224,0.0725,0.0049,0.00171,0.00024,0.00000,0.00049,0.00000,0.00000,0.00000,0.00000,0.00073,0.00171
1552200,0.5379,0.5379,-8.2285,-7.1518,0.0108,0.0000,0.2803,0.0110,0.0093,0.7994,10.00,0.200,0.850,1.100,0.0166,0.0810,0.0051,0.00195,0.00049,0.00000,0.00049,0.00000,0.00000,0.00000,0.00000,0.00098,0.00122
1552400,0.5379,0.5379,-8.2285,-7.1518,0.0088,0.0000,0.2163,0.0100,0.0093,0.5787,10.00,0.200,0.850,1.100,0.0153,0.0889,0.0042,0.00098,0.00024,0.00000,0.00000,0.00000,0.00000,0.00000,0.00000,0.00171,0.00122
1552600,0.5379,0.5379,-8.2331,-7.1611,0.0115,0.0000,0.2499,0.0159,0.0287,0.5858,10.00,0.200,0.850,1.100,0.0094,0.0565,0.0066,0.00171,0.00024,0.00000,0.00000,0.00000,0.00000,0.00024,0.00000,0.00122,0.00317
1552800,0.5379,0.5379,-8.2331,-7.1611,0.0114,0.0000,0.2133,0.0131,0.0300,0.7021,10.00,0.200,0.850,1.100,0.0157,0.0944,0.0039,0.00244,0.00024,0.00000,0.00000,0.00000,0.00000,0.00000,0.00000,0.00024,0.00098
1553000,0.5379,0.5379,-8.2331,-7.1611,0.0088,0.0000,0.2265,0.0268,0.0314,0.5858,10.00,0.200,0.850,1.100,0.0198,0.0771,0.0046,0.00171,0.00049,0.00000,0.00049,0.00000,0.00000,0.00024,0.00000,0.00073,0.00098
1553200,0.5379,0.5379,-8.2984,-7.2098,0.0112,0.0000,0.2233,0.0120,0.0229,0.8359,10.00,0.200,0.850,1.100,0.0229,0.0595,0.0059,0.00195,0.00073,0.00000,0.00000,0.00000,0.00000,0.00000,0.00000,0.00024,0.00293
1553400,0.5379,0.5379,-8.2984,-7.2098,0.0095,0.0000,0.1183,0.0148,0.0108,0.5692,10.00,0.200,0.850,1.100,0.0261,0.0684,0.0000,0.00000,0.00000,0.00000,0.00000,0.00000,0.00000,0.00000,0.00000,0.00000,0.00000
1553600,0.5379,0.5379,-8.1649,-7.2244,0.0082,0.0000,0.2036,0.0163,0.0275,0.7306,10.00,0.200,0.850,1.100,0.0166,0.0811,0.0039,0.00122,0.00000,0.00000,0.00049,0.00000,0.00000,0.00000,0.00000,0.00073,0.00146
1553800,0.5379,0.5379,-8.1649,-7.2244,0.0097,0.0000,0.2472,0.0313,0.0262,0.7276,10.00,0.200,0.850,1.100,0.0227,0.0614,0.0054,0.00122,0.00049,0.00000,0.00049,0.00000,0.00000,0.00000,0.00000,0.00098,0.00220
1554000,0.5379,0.5379,-8.1649,-7.2244,0.0071,0.0000,0.2516,0.0131,0.0141,0.6317,10.00,0.200,0.850,1.100,0.0176,0.0760,0.0056,0.00220,0.00073,0.00000,0.00024,0.00000,0.00000,0.00024,0.00000,0.00024,0.00220
1554200,0.5379,0.5379,-8.2684,-7.2389,0.0092,0.0000,0.2978,0.0194,0.0227,0.6662,10.00,0.200,0.850,1.100,0.0048,0.0912,0.0059,0.00317,0.00049,0.00000,0.00024,0.00000,0.00000,0.00000,0.00000,0.00122,0.00073
1554400,0.5379,0.5379,-8.2684,-7.2389,0.0069,0.0000,0.1707,0.0185,0.0185,0.6108,10.00,0.200,0.850,1.100,0.0142,0.0727,0.0054,0.00171,0.00049,0.00000,0.00000,0.00000,0.00000,0.00024,0.00000,0.00098,0.00220
1554600,0.5379,0.5379,-8.2624,-7.0952,0.0097,0.0000,0.2056,0.0176,0.0112,0.7256,10.00,0.200,0.850,1.100,0.0195,0.0951,0.0034,0.00122,0.00024,0.00000,0.00049,0.00000,0.00000,0.00024,0.00000,0.00049,0.00073
1554800,0.5379,0.5379,-8.2624,-7.0952,0.0098,0.0000,0.3012,0.0115,0.0370,0.5623,10.00,0.200,0.850,1.100,0.0144,0.0658,0.0051,0.00171,0.00073,0.00000,0.00000,0.00000,0.00000,0.00000,0.00000,0.00073,0.00195
1555000,0.5379,0.5379,-8.2624,-7.0952,0.0105,0.0000,0.2437,0.0172,0.0647,0.6387,10.00,0.200,0.850,1.100,0.0250,0.0750,0.0039,0.00122,0.00049,0.00000,0.00000,0.00000,0.00000,0.00000,0.00000,0.00049,0.00171
1555200,0.5379,0.5379,-8.2906,-6.9926,0.0089,0.0000,0.1507,0.0170,0.0233,0.5147,10.00,0.200,0.850,1.100,0.0258,0.0824,0.0000,0.00000,0.00000,0.00000,0.00000,0.00000,0.00000,0.00000,0.00000,0.00000,0.00000
1555400,0.5379,0.5379,-8.2906,-6.9926,0.0097,0.0000,0.2188,0.0255,0.0254,0.6426,10.00,0.200,0.850,1.100,0.0225,0.0850,0.0037,0.00146,0.00073,0.00000,0.00024,0.00000,0.00000,0.00000,0.00000,0.00024,0.00098
1555600,0.5379,0.5379,-8.2544,-7.0102,0.0082,0.0000,0.2224,0.0124,0.0345,0.7677,10.00,0.200,0.850,1.100,0.0296,0.0573,0.0054,0.00098,0.00073,0.00000,0.00049,0.00000,0.00000,0.00000,0.00000,0.00049,0.00269
1555800,0.5379,0.5379,-8.2544,-7.0102,0.0107,0.0000,0.2593,0.0124,0.0149,0.6326,10.00,0.200,0.850,1.100,0.0133,0.0817,0.0059,0.00146,0.00073,0.00000,0.00024,0.00000,0.00000,0.00049,0.00000,0.00146,0.00146
1556000,0.5379,0.5379,-8.2544,-7.0102,0.0064,0.0000,0.3226,0.0099,0.0095,0.8242,10.00,0.200,0.850,1.100,0.0258,0.0869,0.0034,0.00195,0.00024,0.00000,0.00024,0.00000,0.00000,0.00000,0.00000,0.00024,0.00073
1556200,0.5379,0.5379,-8.3103,-6.9887,0.0088,0.0000,0.2999,0.0163,0.0244,0.7344,10.00,0.200,0.850,1.100,0.0198,0.0624,0.0049,0.00171,0.00024,0.00000,0.00049,0.00000,0.00000,0.00000,0.00000,0.00073,0.00171
1556400,0.5379,0.5379,-8.3103,-6.9887,0.0139,0.0000,0.2654,0.0151,0.0453,0.6346,10.00,0.200,0.850,1.100,0.0064,0.0900,0.0056,0.00171,0.00049,0.00000,0.00000,0.00000,0.00000,0.00000,0.00000,0.00122,0.00220
1556600,0.5379,0.5379,-8.3610,-7.1967,0.0086,0.0000,0.3019,0.0108,0.0301,0.6723,10.00,0.200,0.850,1.100,0.0127,0.0749,0.0061,0.00195,0.00098,0.00000,0.00000,0.00000,0.00000,0.00000,0.00024,0.00098,0.00195
1556800,0.5379,0.5379,-8.3610,-7.1967,0.0082,0.0000,0.2083,0.0091,0.0245,0.7843,10.00,0.200,0.850,1.100,0.0076,0.0881,0.0059,0.00195,0.00073,0.00000,0.00000,0.00000,0.00000,0.00024,0.00000,0.00146,0.00146
1557000,0.5379,0.5379,-8.3610,-7.1967,0.0070,0.0000,0.1345,0.0179,0.0204,0.6035,10.00,0.200,0.850,1.100,0.0267,0.0935,0.0000,0.00000,0.00000,0.00000,0.00000,0.00000,0.00000,0.00000,0.00000,0.00000,0.00000
1557200,0.5379,0.5379,-8.2858,-7.2847,0.0098,0.0000,0.3034,0.0072,0.0235,0.7207,10.00,0.200,0.850,1.100,0.0262,0.0826,0.0037,0.00098,0.00024,0.00000,0.00000,0.00000,0.00000,0.00000,0.00000,0.00073,0.00171
1557400,0.5379,0.5379,-8.2858,-7.2847,0.0085,0.0000,0.2242,0.0087,0.0110,0.8625,10.00,0.200,0.850,1.100,0.0126,0.0855,0.0039,0.00244,0.00024,0.00000,0.00000,0.00000,0.00000,0.00000,0.00000,0.00024,0.00098
1557600,0.5379,0.5379,-8.2083,-7.1194,0.0097,0.0000,0.2793,0.0118,0.0111,0.7598,10.00,0.200,0.850,1.100,0.0249,0.0805,0.0037,0.00122,0.00000,0.00000,0.00024,0.00000,0.00000,0.00000,0.00000,0.00049,0.00171
1557800,0.5379,0.5379,-8.2083,-7.1194,0.0082,0.0000,0.1848,0.0341,0.0156,0.7115,10.00,0.200,0.850,1.100,0.0132,0.0857,0.0042,0.00195,0.00000,0.00000,0.00024,0.00000,0.00000,0.00000,0.00000,0.00024,0.00171
1558000,0.5379,0.5379,-8.2083,-7.1194,0.0075,0.0000,0.2994,0.0253,0.0127,0.6482,10.00,0.200,0.850,1.100,0.0214,0.0771,0.0039,0.00098,0.00073,0.00000,0.00000,0.00000,0.00000,0.00000,0.00000,0.00146,0.00073
1558200,0.5379,0.5379,-8.2619,-7.2781,0.0077,0.0000,0.2364,0.0196,0.0261,0.8446,10.00,0.200,0.850,1.100,0.0208,0.0925,0.0029,0.00098,0.00024,0.00000,0.00000,0.00000,0.00000,0.00000,0.00000,0.00049,0.00122
1558400,0.5379,0.5379,-8.2619,-7.2781,0.0093,0.0000,0.2691,0.0150,0.0142,0.6778,10.00,0.200,0.850,1.100,0.0086,0.0864,0.0054,0.00269,0.00049,0.00000,0.00000,0.00000,0.00000,0.00024,0.00000,0.00122,0.00073
1558600,0.5379,0.5379,-8.3371,-7.2188,0.0142,0.0000,0.3291,0.0110,0.0107,0.6750,10.00,0.200,0.850,1.100,0.0141,0.0766,0.0046,0.00220,0.00049,0.00000,0.00024,0.00000,0.00000,0.00000,0.00000,0.00073,0.00098
1558800,0.5379,0.5379,-8.3371,-7.2188,0.0085,0.0000,0.1474,0.0256,0.0182,0.5709,10.00,0.200,0.850,1.100,0.0262,0.1030,0.0000,0.00000,0.00000,0.00000,0.00000,0.00000,0.00000,0.00000,0.00000,0.00000,0.00000
1559000,0.5379,0.5379,-8.3371,-7.2188,0.0089,0.0000,0.2658,0.0101,0.0098,0.8748,10.00,0.200,0.850,1.100,0.0194,0.0667,0.0046,0.00098,0.00024,0.00000,0.00049,0.00000,0.00000,0.00024,0.00000,0.00122,0.00146
1559200,0.5379,0.5379,-8.2660,-7.3424,0.0068,0.0000,0.2454,0.0120,0.0121,0.7200,10.00,0.200,0.850,1.100,0.0246,0.0727,0.0049,0.00171,0.00073,0.00000,0.00049,0.00000,0.00000,0.00000,0.00000,0.00049,0.00146
1559400,0.5379,0.5379,-8.2660,-7.3424,0.0084,0.0000,0.4342,0.0312,0.0089,0.7272,10.00,0.200,0.850,1.100,0.0003,0.0809,0.0071,0.00269,0.00024,0.00000,0.00024,0.00000,0.00000,0.00000,0.00000,0.00244,0.00146
1559600,0.5379,0.5379,-8.2056,-7.2416,0.0154,0.0000,0.1915,0.0135,0.0142,0.6869,10.00,0.200,0.850,1.100,0.0135,0.0842,0.0046,0.00146,0.00049,0.00000,0.00024,0.00000,0.00000,0.00024,0.00000,0.00171,0.00049
1559800,0.5379,0.5379,-8.2056,-7.2416,0.0101,0.0000,0.2199,0.0098,0.0219,0.5243,10.00,0.200,0.850,1.100,0.0320,0.0636,0.0034,0.00049,0.00049,0.00000,0.00000,0.00000,0.00000,0.00000,0.00000,0.00049,0.00195
1560000,0.5379,0.5379,-8.2056,-7.2416,0.0100,0.0000,0.2963,0.0099,0.0100,0.6578,10.00,0.200,0.850,1.100,0.0165,0.0754,0.0042,0.00073,0.00000,0.00000,0.00024,0.00000,0.00000,0.00000,0.00000,0.00122,0.00195
1560200,0.5379,0.5379,-8.1925,-7.2523,0.0092,0.0000,0.2153,0.0092,0.0600,0.5729,10.00,0.200,0.850,1.100,0.0118,0.0797,0.0054,0.00220,0.00049,0.00000,0.00049,0.00000,0.00000,0.00000,0.00000,0.00146,0.00073
1560400,0.5379,0.5379,-8.1925,-7.2523,0.0079,0.0000,0.3017,0.0160,0.0542,0.6392,10.00,0.200,0.850,1.100,0.0240,0.0824,0.0032,0.00146,0.00049,0.00000,0.00000,0.00000,0.00000,0.00000,0.00000,0.00049,0.00073
1560600,0.5379,0.5379,-8.1893,-7.3764,0.0082,0.0000,0.1433,0.0156,0.0234,0.6243,10.00,0.200,0.850,1.100,0.0263,0.1094,0.0000,0.00000,0.00000,0.00000,0.00000,0.00000,0.00000,0.00000,0.00000,0.00000,0.00000
1560800,0.5379,0.5379,-8.1893,-7.3764,0.0086,0.0000,0.2326,0.0150,0.0105,0.8559,10.00,0.200,0.850,1.100,0.0096,0.0817,0.0054,0.00171,0.00146,0.00000,0.00024,0.00000,0.00000,0.00000,0.00000,0.00122,0.00073
1561000,0.5379,0.5379,-8.1893,-7.3764,0.0186,0.0000,0.2344,0.0151,0.0551,0.6079,10.00,0.200,0.850,1.100,0.0314,0.0809,0.0034,0.00098,0.00024,0.00000,0.00024,0.00000,0.00000,0.00000,0.00000,0.00049,0.00146
1561200,0.5379,0.5379,-8.2442,-7.0334,0.0136,0.0000,0.2547,0.0157,0.0224,0.7811,10.00,0.200,0.850,1.100,0.0264,0.0731,0.0051,0.00122,0.00049,0.00000,0.00024,0.00000,0.00000,0.00000,0.00000,0.00122,0.00195
1561400,0.5379,0.5379,-8.2442,-7.0334,0.0107,0.0000,0.3335,0.0115,0.0095,0.5886,10.00,0.200,0.850,1.100,0.0150,0.0844,0.0046,0.00146,0.00049,0.00000,0.00049,0.00000,0.00000,0.00000,0.00000,0.00098,0.00122
1561600,0.5379,0.5379,-8.1769,-7.0876,0.0111,0.0000,0.2489,0.0155,0.0233,0.6336,10.00,0.200,0.850,1.100,0.0152,0.0605,0.0056,0.00244,0.00024,0.00000,0.00024,0.00000,0.00000,0.00000,0.00000,0.00049,0.00220
1561800,0.5379,0.5379,-8.1769,-7.0876,0.0089,0.0000,0.3370,0.0142,0.0073,0.6195,10.00,0.200,0.850,1.100,0.0099,0.0818,0.0054,0.00146,0.00049,0.00000,0.00024,0.00000,0.00000,0.00000,0.00000,0.00122,0.00195
1562000,0.5379,0.5379,-8.1769,-7.0876,0.0077,0.0000,0.1945,0.0189,0.0258,0.5161,10.00,0.200,0.850,1.100,0.0225,0.0646,0.0059,0.00146,0.00073,0.00000,0.00024,0.00000,0.00000,0.00024,0.00000,0.00073,0.00244
1562200,0.5379,0.5379,-8.3260,-6.9216,0.0085,0.0000,0.2733,0.0151,0.0170,0.6757,10.00,0.200,0.850,1.100,0.0117,0.0930,0.0046,0.00220,0.00024,0.00000,0.00000,0.00000,0.00000,0.00000,0.00000,0.00073,0.00146
1562400,0.5379,0.5379,-8.3260,-6.9216,0.0061,0.0000,0.1639,0.0201,0.0180,0.5656,10.00,0.200,0.850,1.100,0.0260,0.1137,0.0000,0.00000,0.00000,0.00000,0.00000,0.00000,0.00000,0.00000,0.00000,0.00000,0.00000
1562600,0.5379,0.5379,-8.3069,-7.0455,0.0074,0.0000,0.2202,0.0158,0.0067,0.6699,10.00,0.200,0.850,1.100,0.0256,0.0809,0.0039,0.00073,0.00073,0.00000,0.00000,0.00000,0.00000,0.00000,0.00000,0.00073,0.00171
1562800,0.5379,0.5379,-8.3069,-7.0455,0.0112,0.0000,0.2414,0.0178,0.0820,0.4972,10.00,0.200,0.850,1.100,0.0210,0.0627,0.0054,0.00073,0.00073,0.00000,0.00049,0.00000,0.00000,0.00049,0.00000,0.00098,0.00195
1563000,0.5379,0.5379,-8.3069,-7.0455,0.0119,0.0000,0.2996,0.0171,0.0195,0.6322,10.00,0.200,0.850,1.100,0.0215,0.0908,0.0039,0.00146,0.00024,0.00000,0.00049,0.00000,0.00000,0.00000,0.00000,0.00098,0.00073
1563200,0.5379,0.5379,-8.3062,-7.1836,0.0098,0.0000,0.2365,0.0072,0.0170,0.5756,10.00,0.200,0.850,1.100,0.0104,0.0757,0.0059,0.00269,0.00049,0.00000,0.00073,0.00000,0.00000,0.00000,0.00024,0.00049,0.00122
1563400,0.5379,0.5379,-8.3062,-7.1836,0.0084,0.0000,0.1718,0.0115,0.0234,0.7418,10.00,0.200,0.850,1.100,0.0189,0.0618,0.0056,0.00195,0.00000,0.00000,0.00049,0.00000,0.00000,0.00073,0.00000,0.00000,0.00244
1563600,0.5379,0.5379,-8.2327,-7.3202,0.0078,0.0000,0.2039,0.0145,0.0139,0.6761,10.00,0.200,0.850,1.100,-0.0022,0.0811,0.0063,0.00269,0.00146,0.00000,0.00049,0.00000,0.00000,0.00000,0.00024,0.00122,0.00049
1563800,0.5379,0.5379,-8.2327,-7.3202,0.0111,0.0000,0.2826,0.0272,0.0319,0.6100,10.00,0.200,0.850,1.100,0.0374,0.0828,0.0032,0.00073,0.00049,0.00000,0.00024,0.00000,0.00000,0.00000,0.00000,0.00000,0.00171
1564000,0.5379,0.5379,-8.2327,-7.3202,0.0156,0.0000,0.2723,0.0363,0.0289,0.6042,10.00,0.200,0.850,1.100,0.0209,0.0826,0.0049,0.00220,0.00024,0.00000,0.00024,0.00000,0.00000,0.00000,0.00000,0.00073,0.00146
1564200,0.5379,0.5379,-8.2418,-7.1697,0.0088,0.0000,0.1253,0.0103,0.0212,0.7879,10.00,0.200,0.850,1.100,0.0264,0.1184,0.0005,0.00000,0.00049,0.00000,0.00000,0.00000,0.00000,0.00000,0.00000,0.00000,0.00000
1564400,0.5379,0.5379,-8.2418,-7.1697,0.0114,0.0000,0.2343,0.0096,0.0349,0.7868,10.00,0.200,0.850,1.100,0.0338,0.0780,0.0037,0.00073,0.00024,0.00000,0.00000,0.00000,0.00000,0.00000,0.00000,0.00000,0.00269
1564600,0.5379,0.5379,-8.2110,-7.2597,0.0109,0.0000,0.3521,0.0111,0.0075,0.5851,10.00,0.200,0.850,1.100,0.0251,0.0850,0.0039,0.00146,0.00049,0.00000,0.00000,0.00000,0.00000,0.00000,0.00000,0.00049,0.00146
1564800,0.5379,0.5379,-8.2110,-7.2597,0.0068,0.0000,0.3352,0.0161,0.0260,0.7016,10.00,0.200,0.850,1.100,0.0064,0.0593,0.0066,0.00269,0.00073,0.00000,0.00073,0.00000,0.00000,0.00000,0.00000,0.00098,0.00146
1565000,0.5379,0.5379,-8.2110,-7.2597,0.0081,0.0000,0.2267,0.0141,0.0431,0.6660,10.00,0.200,0.850,1.100,0.0272,0.0871,0.0042,0.00146,0.00073,0.00000,0.00000,0.00000,0.00000,0.00000,0.00000,0.00049,0.00146
1565200,0.5379,0.5379,-8.3043,-6.9814,0.0111,0.0000,0.2345,0.0108,0.0065,0.7630,10.00,0.200,0.850,1.100,0.0279,0.0738,0.0037,0.00122,0.00000,0.00000,0.00024,0.00000,0.00000,0.00000,0.00000,0.00049,0.00171
1565400,0.5379,0.5379,-8.3043,-6.9814,0.0096,0.0000,0.1598,0.0200,0.0179,0.7161,10.00,0.200,0.850,1.100,0.0229,0.0899,0.0034,0.00146,0.00073,0.00000,0.00024,0.00000,0.00000,0.00000,0.00000,0.00024,0.00073
1565600,0.5379,0.5379,-8.3164,-7.1859,0.0094,0.0000,0.3428,0.0124,0.0159,0.8544,10.00,0.200,0.850,1.100,0.0292,0.0813,0.0034,0.00098,0.00024,0.00000,0.00024,0.00000,0.00000,0.00000,0.00000,0.00098,0.00098
1565800,0.5379,0.5379,-8.3164,-7.1859,0.0078,0.0000,0.2243,0.0165,0.0120,0.8751,10.00,0.200,0.850,1.100,0.0206,0.0879,0.0042,0.00171,0.00049,0.00000,0.00000,0.00000,0.00000,0.00000,0.00000,0.00073,0.00122
1566000,0.5379,0.5379,-8.3164,-7.1859,0.0084,0.0000,0.1244,0.0128,0.0162,0.8206,10.00,0.200,0.850,1.100,0.0255,0.1201,0.0002,0.00000,0.00000,0.00000,0.00000,0.00000,0.00000,0.00000,0.00000,0.00000,0.00024
1566200,0.5379,0.5379,-8.2614,-7.2431,0.0096,0.0000,0.1976,0.0133,0.0103,0.8812,10.00,0.200,0.850,1.100,-0.0020,0.0808,0.0051,0.00244,0.00000,0.00000,0.00024,0.00000,0.00000,0.00000,0.00000,0.00122,0.00122
1566400,0.5379,0.5379,-8.2614,-7.2431,0.0075,0.0000,0.2858,0.0224,0.0207,0.6950,10.00,0.200,0.850,1.100,0.0284,0.0525,0.0044,0.00073,0.00049,0.00000,0.00049,0.00000,0.00000,0.00024,0.00000,0.00049,0.00195
1566600,0.5379,0.5379,-8.2235,-7.1797,0.0081,0.0000,0.2535,0.0270,0.0297,0.7001,10.00,0.200,0.850,1.100,0.0260,0.0523,0.0046,0.00122,0.00098,0.00000,0.00000,0.00000,0.00000,0.00000,0.00000,0.00049,0.00195
1566800,0.5379,0.5379,-8.2235,-7.1797,0.0092,0.0000,0.3554,0.0120,0.0110,0.6520,10.00,0.200,0.850,1.100,0.0283,0.0722,0.0044,0.00098,0.00049,0.00000,0.00024,0.00000,0.00000,0.00024,0.00000,0.00098,0.00146
1567000,0.5379,0.5379,-8.2235,-7.1797,0.0107,0.0000,0.2584,0.0183,0.0178,0.6470,10.00,0.200,0.850,1.100,0.0236,0.0519,0.0049,0.00122,0.00073,0.00000,0.00000,0.00000,0.00000,0.00000,0.00024,0.00073,0.00195
1567200,0.5379,0.5379,-8.2191,-7.2892,0.0109,0.0000,0.2500,0.0127,0.0292,0.5915,10.00,0.200,0.850,1.100,0.0103,0.0920,0.0039,0.00122,0.00000,0.00000,0.00024,0.00000,0.00000,0.00000,0.00000,0.00146,0.00122
1567400,0.5379,0.5379,-8.2191,-7.2892,0.0073,0.0000,0.3713,0.0124,0.0233,0.6442,10.00,0.200,0.850,1.100,0.0249,0.0785,0.0034,0.00122,0.00049,0.00000,0.00024,0.00000,0.00000,0.00024,0.00000,0.00049,0.00073
1567600,0.5379,0.5379,-8.2800,-7.2402,0.0094,0.0000,0.2101,0.0112,0.0322,0.7234,10.00,0.200,0.850,1.100,0.0223,0.0754,0.0046,0.00171,0.00049,0.00000,0.00024,0.00000,0.00000,0.00000,0.00000,0.00098,0.00122
1567800,0.5379,0.5379,-8.2800,-7.2402,0.0080,0.0000,0.1508,0.0122,0.0163,1.0371,10.00,0.200,0.850,1.100,0.0243,0.1251,0.0000,0.00000,0.00000,0.00000,0.00000,0.00000,0.00000,0.00000,0.00000,0.00000,0.00000
1568000,0.5379,0.5379,-8.2800,-7.2402,0.0116,0.0000,0.3186,0.0154,0.0112,0.8386,10.00,0.200,0.850,1.100,0.0163,0.0753,0.0051,0.00269,0.00024,0.00000,0.00024,0.00000,0.00000,0.00000,0.00000,0.00024,0.00171
1568200,0.5379,0.5379,-8.2952,-7.2079,0.0109,0.0000,0.1608,0.0152,0.0151,0.6986,10.00,0.200,0.850,1.100,0.0168,0.0700,0.0059,0.00122,0.00073,0.00000,0.00049,0.00000,0.00000,0.00024,0.00000,0.00195,0.00122
1568400,0.5379,0.5379,-8.2952,-7.2079,0.0086,0.0000,0.2420,0.0128,0.0229,0.5589,10.00,0.200,0.850,1.100,0.0260,0.0505,0.0061,0.00171,0.00024,0.00000,0.00000,0.00000,0.00000,0.00000,0.00000,0.00073,0.00342
1568600,0.5379,0.5379,-8.3357,-7.2803,0.0113,0.0000,0.3179,0.0137,0.0102,0.6822,10.00,0.200,0.850,1.100,0.0259,0.0942,0.0034,0.00146,0.00024,0.00000,0.00000,0.00000,0.00000,0.00000,0.00000,0.00049,0.00122
1568800,0.5379,0.5379,-8.3357,-7.2803,0.0076,0.0000,0.1911,0.0157,0.0477,0.8562,10.00,0.200,0.850,1.100,0.0219,0.0770,0.0032,0.00073,0.00000,0.00000,0.00024,0.00000,0.00000,0.00000,0.00000,0.00098,0.00122
1569000,0.5379,0.5379,-8.3357,-7.2803,0.0092,0.0000,0.2401,0.0176,0.0156,0.8656,10.00,0.200,0.850,1.100,0.0157,0.0813,0.0039,0.00122,0.00024,0.00000,0.00000,0.00000,0.00000,0.00000,0.00000,0.00098,0.00146
1569200,0.5379,0.5379,-8.3003,-7.1798,0.0079,0.0000,0.2806,0.0320,0.0230,0.6419,10.00,0.200,0.850,1.100,0.0128,0.0734,0.0046,0.00146,0.00024,0.00000,0.00024,0.00000,0.00000,0.00000,0.00000,0.00146,0.00146
1569400,0.5379,0.5379,-8.3003,-7.1798,0.0084,0.0000,0.2599,0.0214,0.0220,0.7970,10.00,0.200,0.850,1.100,0.0074,0.0847,0.0042,0.00171,0.00000,0.00000,0.00024,0.00000,0.00000,0.00000,0.00000,0.00122,0.00098
1569600,0.5379,0.5379,-8.2835,-7.1928,0.0070,0.0000,0.1585,0.0111,0.0282,0.9727,10.00,0.200,0.850,1.100,0.0221,0.1254,0.0005,0.00049,0.00000,0.00000,0.00000,0.00000,0.00000,0.00000,0.00000,0.00000,0.00000
1569800,0.5379,0.5379,-8.2835,-7.1928,0.0124,0.0000,0.2324,0.0098,0.0218,0.9119,10.00,0.200,0.850,1.100,0.0159,0.0807,0.0044,0.00171,0.00049,0.00000,0.00000,0.00000,0.00000,0.00000,0.00000,0.00073,0.00146
1570000,0.5379,0.5379,-8.2835,-7.1928,0.0087,0.0000,0.3123,0.0197,0.0158,0.5707,10.00,0.200,0.850,1.100,-0.0108,0.0802,0.0078,0.00464,0.00049,0.00000,0.00024,0.00000,0.00000,0.00000,0.00000,0.00098,0.00146
1570200,0.5379,0.5379,-8.1992,-7.3455,0.0101,0.0000,0.2134,0.0130,0.0300,0.6557,10.00,0.200,0.850,1.100,-0.0006,0.0781,0.0071,0.00317,0.00049,0.00000,0.00000,0.00000,0.00000,0.00000,0.00000,0.00146,0.00195
1570400,0.5379,0.5379,-8.1992,-7.3455,0.0105,0.0000,0.2260,0.0120,0.0315,0.8673,10.00,0.200,0.850,1.100,0.0120,0.0769,0.0059,0.00122,0.00098,0.00024,0.00024,0.00000,0.00000,0.00000,0.00000,0.00146,0.00171
1570600,0.5379,0.5379,-8.1896,-7.1889,0.0109,0.0000,0.2302,0.0143,0.0102,0.7855,10.00,0.200,0.850,1.100,0.0386,0.0720,0.0034,0.00024,0.00024,0.00000,0.00000,0.00000,0.00000,0.00000,0.00000,0.00049,0.00244
1570800,0.5379,0.5379,-8.1896,-7.1889,0.0094,0.0000,0.2674,0.0079,0.0128,0.5961,10.00,0.200,0.850,1.100,0.0119,0.0739,0.0063,0.00269,0.00073,0.00000,0.00024,0.00000,0.00000,0.00000,0.00000,0.00049,0.00220
1571000,0.5379,0.5379,-8.1896,-7.1889,0.0101,0.0000,0.2537,0.0157,0.0210,0.5202,10.00,0.200,0.850,1.100,0.0141,0.0841,0.0046,0.00171,0.00049,0.00000,0.00000,0.00000,0.00000,0.00024,0.00000,0.00122,0.00098
1571200,0.5379,0.5379,-8.3379,-7.0868,0.0093,0.0000,0.2914,0.0205,0.0170,0.7770,10.00,0.200,0.850,1.100,0.0170,0.0821,0.0051,0.00146,0.00000,0.00000,0.00024,0.00000,0.00000,0.00000,0.00000,0.00122,0.00220
1571400,0.5379,0.5379,-8.3379,-7.0868,0.0088,0.0000,0.1466,0.0183,0.0221,0.8194,10.00,0.200,0.850,1.100,0.0238,0.1190,0.0005,0.00000,0.00024,0.00000,0.00000,0.00000,0.00000,0.00000,0.00000,0.00000,0.00024
1571600,0.5379,0.5379,-8.3032,-7.0569,0.0086,0.0000,0.2167,0.0131,0.0333,0.8213,10.00,0.200,0.850,1.100,0.0181,0.0610,0.0054,0.00171,0.00098,0.00000,0.00024,0.00000,0.00000,0.00024,0.00000,0.00024,0.00195
1571800,0.5379,0.5379,-8.3032,-7.0569,0.0116,0.0000,0.2456,0.0141,0.0305,0.6161,10.00,0.200,0.850,1.100,0.0057,0.0821,0.0061,0.00269,0.00073,0.00000,0.00000,0.00000,0.00000,0.00000,0.00000,0.00098,0.00171
1572000,0.5379,0.5379,-8.3032,-7.0569,0.0073,0.0000,0.1979,0.0134,0.0194,0.7061,10.00,0.200,0.850,1.100,0.0170,0.0847,0.0049,0.00220,0.00049,0.00000,0.00000,0.00000,0.00000,0.00000,0.00000,0.00049,0.00171
1572200,0.5379,0.5379,-8.2656,-7.4177,0.0076,0.0000,0.3452,0.0100,0.0078,0.6859,10.00,0.200,0.850,1.100,0.0267,0.0940,0.0037,0.00195,0.00024,0.00000,0.00000,0.00000,0.00000,0.00000,0.00024,0.00000,0.00122
1572400,0.5379,0.5379,-8.2656,-7.4177,0.0126,0.0000,0.2258,0.0184,0.0097,0.7597,10.00,0.200,0.850,1.100,0.0219,0.0808,0.0054,0.00220,0.00049,0.00000,0.00049,0.00000,0.00000,0.00073,0.00000,0.00049,0.00122
1572600,0.5379,0.5379,-8.2969,-7.1369,0.0077,0.0000,0.2230,0.0145,0.0079,0.7056,10.00,0.200,0.850,1.100,0.0290,0.0890,0.0024,0.00049,0.00000,0.00000,0.00024,0.00000,0.00000,0.00000,0.00000,0.00049,0.00122
1572800,0.5379,0.5379,-8.2969,-7.1369,0.0076,0.0000,0.3687,0.0106,0.0244,0.6251,10.00,0.200,0.850,1.100,0.0068,0.0680,0.0073,0.00293,0.00024,0.00000,0.00000,0.00000,0.00000,0.00024,0.00000,0.00073,0.00317
1573000,0.5379,0.5379,-8.2969,-7.1369,0.0120,0.0000,0.2667,0.0085,0.0175,0.6365,10.00,0.200,0.850,1.100,0.0258,0.0824,0.0042,0.00073,0.00073,0.00000,0.00024,0.00000,0.00000,0.00024,0.00000,0.00098,0.00146
1573200,0.5379,0.5379,-8.2908,-6.8707,0.0076,0.0000,0.1278,0.0198,0.0144,0.7005,10.00,0.200,0.850,1.100,0.0252,0.1161,0.0007,0.00000,0.00000,0.00000,0.00000,0.00000,0.00000,0.00000,0.00000,0.00000,0.00073
1573400,0.5379,0.5379,-8.2908,-6.8707,0.0075,0.0000,0.2805,0.0184,0.0142,0.5850,10.00,0.200,0.850,1.100,0.0097,0.0640,0.0051,0.00146,0.00024,0.00000,0.00000,0.00000,0.00000,0.00000,0.00000,0.00098,0.00244
1573600,0.5379,0.5379,-8.2832,-7.1523,0.0082,0.0000,0.2615,0.0130,0.0117,0.6421,10.00,0.200,0.850,1.100,0.0177,0.0763,0.0054,0.00146,0.00024,0.00000,0.00000,0.00000,0.00000,0.00000,0.00000,0.00171,0.00195
1573800,0.5379,0.5379,-8.2832,-7.1523,0.0097,0.0000,0.2208,0.0143,0.0128,0.7001,10.00,0.200,0.850,1.100,0.0148,0.0835,0.0051,0.00220,0.00073,0.00000,0.00024,0.00000,0.00000,0.00000,0.00000,0.00049,0.00146
1574000,0.5379,0.5379,-8.2832,-7.1523,0.0107,0.0000,0.3147,0.0134,0.0459,0.6510,10.00,0.200,0.850,1.100,0.0127,0.0822,0.0051,0.00171,0.00073,0.00000,0.00024,0.00000,0.00000,0.00000,0.00000,0.00098,0.00146
1574200,0.5379,0.5379,-8.2773,-7.2243,0.0101,0.0000,0.2476,0.0139,0.0138,0.7549,10.00,0.200,0.850,1.100,0.0248,0.0794,0.0042,0.00122,0.00049,0.00000,0.00024,0.00000,0.00000,0.00000,0.00000,0.00098,0.00122
1574400,0.5379,0.5379,-8.2773,-7.2243,0.0164,0.0000,0.2033,0.0315,0.0266,0.7992,10.00,0.200,0.850,1.100,0.0260,0.0955,0.0029,0.00098,0.00024,0.00000,0.00049,0.00000,0.00000,0.00024,0.00000,0.00024,0.00073
1574600,0.5379,0.5379,-8.2178,-7.1813,0.0119,0.0000,0.1991,0.0154,0.0283,0.6413,10.00,0.200,0.850,1.100,0.0059,0.0648,0.0054,0.00220,0.00024,0.00000,0.00024,0.00000,0.00000,0.00000,0.00000,0.00122,0.00146
1574800,0.5379,0.5379,-8.2178,-7.1813,0.0088,0.0000,0.2341,0.0134,0.0102,0.6351,10.00,0.200,0.850,1.100,0.0273,0.0823,0.0049,0.00171,0.00122,0.00000,0.00000,0.00000,0.00000,0.00000,0.00000,0.00049,0.00146
1575000,0.5379,0.5379,-8.2178,-7.1813,0.0094,0.0000,0.1318,0.0162,0.0272,0.8425,10.00,0.200,0.850,1.100,0.0215,0.1113,0.0015,0.00024,0.00049,0.00000,0.00000,0.00000,0.00000,0.00000,0.00000,0.00000,0.00073
1575200,0.5379,0.5379,-8.2479,-7.1683,0.0101,0.0000,0.2679,0.0135,0.0124,0.6910,10.00,0.200,0.850,1.100,0.0157,0.0764,0.0051,0.00220,0.00049,0.00000,0.00000,0.00000,0.00000,0.00000,0.00000,0.00024,0.00220
1575400,0.5379,0.5379,-8.2479,-7.1683,0.0099,0.0000,0.1764,0.0198,0.0257,0.6774,10.00,0.200,0.850,1.100,0.0079,0.0930,0.0046,0.00171,0.00000,0.00000,0.00000,0.00000,0.00000,0.00000,0.00000,0.00171,0.00122
1575600,0.5379,0.5379,-8.2144,-7.1939,0.0087,0.0000,0.2805,0.0114,0.0351,0.7098,10.00,0.200,0.850,1.100,0.0007,0.0875,0.0046,0.00220,0.00000,0.00000,0.00024,0.00000,0.00000,0.00000,0.00000,0.00146,0.00073
1575800,0.5379,0.5379,-8.2144,-7.1939,0.0084,0.0000,0.2469,0.0171,0.0200,0.6151,10.00,0.200,0.850,1.100,0.0104,0.0719,0.0059,0.00171,0.00049,0.00000,0.00000,0.00000,0.00000,0.00000,0.00000,0.00146,0.00220
1576000,0.5379,0.5379,-8.2144,-7.1939,0.0077,0.0000,0.2519,0.0122,0.0238,0.9315,10.00,0.200,0.850,1.100,0.0199,0.0721,0.0049,0.00244,0.00049,0.00000,0.00000,0.00000,0.00000,0.00000,0.00000,0.00024,0.00171
1576200,0.5379,0.5379,-8.2372,-7.1071,0.0057,0.0000,0.2080,0.0112,0.0255,0.8513,10.00,0.200,0.850,1.100,0.0120,0.0781,0.0046,0.00146,0.00098,0.00000,0.00024,0.00000,0.00000,0.00000,0.00000,0.00122,0.00098
1576400,0.5379,0.5379,-8.2372,-7.1071,0.0094,0.0000,0.2655,0.0063,0.0316,0.7542,10.00,0.200,0.850,1.100,0.0115,0.0593,0.0063,0.00195,0.00073,0.00000,0.00024,0.00000,0.00000,0.00024,0.00000,0.00146,0.00171
1576600,0.5379,0.5379,-8.3410,-7.2813,0.0084,0.0000,0.3669,0.0129,0.0169,0.7631,10.00,0.200,0.850,1.100,0.0182,0.0826,0.0046,0.00220,0.00000,0.00000,0.00049,0.00000,0.00000,0.00000,0.00000,0.00024,0.00171
1576800,0.5379,0.5379,-8.3410,-7.2813,0.0085,0.0000,0.1427,0.0130,0.0148,0.8071,10.00,0.200,0.850,1.100,0.0239,0.1164,0.0010,0.00024,0.00024,0.00000,0.00000,0.00000,0.00000,0.00000,0.00000,0.00000,0.00049
1577000,0.5379,0.5379,-8.3410,-7.2813,0.0066,0.0000,0.2725,0.0134,0.0370,0.7977,10.00,0.200,0.850,1.100,0.0131,0.0863,0.0037,0.00171,0.00000,0.00000,0.00049,0.00000,0.00000,0.00000,0.00000,0.00024,0.00122
1577200,0.5379,0.5379,-8.2599,-7.3102,0.0083,0.0000,0.3201,0.0111,0.0115,0.6315,10.00,0.200,0.850,1.100,0.0010,0.0595,0.0068,0.00317,0.00024,0.00000,0.00024,0.00000,0.00000,0.00000,0.00000,0.00098,0.00220
1577400,0.5379,0.5379,-8.2599,-7.3102,0.0114,0.0000,0.3024,0.0204,0.0469,0.5941,10.00,0.200,0.850,1.100,0.0145,0.0826,0.0049,0.00293,0.00073,0.00000,0.00000,0.00000,0.00000,0.00000,0.00000,0.00024,0.00098
1577600,0.5379,0.5379,-8.3436,-7.0858,0.0101,0.0000,0.3547,0.0147,0.0098,0.6348,10.00,0.200,0.850,1.100,0.0090,0.0847,0.0051,0.00171,0.00049,0.00000,0.00000,0.00000,0.00000,0.00000,0.00000,0.00146,0.00146
1577800,0.5379,0.5379,-8.3436,-7.0858,0.0128,0.0000,0.2431,0.0224,0.0171,0.9633,10.00,0.200,0.850,1.100,0.0226,0.0673,0.0034,0.00098,0.00049,0.00000,0.00024,0.00000,0.00000,0.00000,0.00000,0.00049,0.00122
1578000,0.5379,0.5379,-8.3436,-7.0858,0.0087,0.0000,0.2968,0.0129,0.0125,0.7198,10.00,0.200,0.850,1.100,0.0187,0.0793,0.0042,0.00073,0.00024,0.00000,0.00024,0.00000,0.00000,0.00000,0.00000,0.00073,0.00220
1578200,0.5379,0.5379,-8.2637,-7.0527,0.0071,0.0000,0.3102,0.0185,0.0233,0.9967,10.00,0.200,0.850,1.100,0.0214,0.0828,0.0039,0.00171,0.00024,0.00000,0.00024,0.00000,0.00000,0.00000,0.00000,0.00073,0.00098
1578400,0.5379,0.5379,-8.2637,-7.0527,0.0119,0.0000,0.2259,0.0191,0.0298,0.6722,10.00,0.200,0.850,1.100,0.0148,0.0733,0.0044,0.00171,0.00049,0.00000,0.00000,0.00000,0.00000,0.00000,0.00000,0.00073,0.00146
1578600,0.5379,0.5379,-8.2931,-7.2633,0.0106,0.0000,0.1458,0.0126,0.0340,0.7844,10.00,0.200,0.850,1.100,0.0216,0.1046,0.0015,0.00024,0.00000,0.00000,0.00000,0.00000,0.00000,0.00000,0.00000,0.00000,0.00122
1578800,0.5379,0.5379,-8.2931,-7.2633,0.0122,0.0000,0.2596,0.0359,0.0217,0.7165,10.00,0.200,0.850,1.100,0.0143,0.0672,0.0049,0.00244,0.00024,0.00000,0.00000,0.00000,0.00000,0.00024,0.00000,0.00024,0.00171
1579000,0.5379,0.5379,-8.2931,-7.2633,0.0084,0.0000,0.2574,0.0158,0.0527,0.7874,10.00,0.200,0.850,1.100,0.0205,0.0826,0.0044,0.00098,0.00073,0.00000,0.00049,0.00000,0.00000,0.00049,0.00000,0.00098,0.00073
1579200,0.5379,0.5379,-8.3368,-7.1558,0.0109,0.0000,0.2732,0.0172,0.0345,0.7439,10.00,0.200,0.850,1.100,0.0218,0.0698,0.0056,0.00146,0.00171,0.00000,0.00024,0.00000,0.00000,0.00024,0.00000,0.00073,0.00122
1579400,0.5379,0.5379,-8.3368,-7.1558,0.0111,0.0000,0.2868,0.0156,0.0400,0.7866,10.00,0.200,0.850,1.100,0.0238,0.0834,0.0044,0.00171,0.00073,0.00000,0.00024,0.00000,0.00000,0.00000,0.00000,0.00073,0.00122
1579600,0.5379,0.5379,-8.3014,-7.3160,0.0091,0.0000,0.2448,0.0149,0.0138,0.7049,10.00,0.200,0.850,1.100,0.0167,0.0752,0.0049,0.00171,0.00049,0.00000,0.00000,0.00000,0.00000,0.00000,0.00000,0.00122,0.00146
1579800,0.5379,0.5379,-8.3014,-7.3160,0.0111,0.0000,0.1667,0.0108,0.0128,0.9323,10.00,0.200,0.850,1.100,0.0293,0.0841,0.0037,0.00049,0.00073,0.00000,0.00024,0.00000,0.00000,0.00024,0.00000,0.00049,0.00146
1580000,0.5379,0.5379,-8.3014,-7.3160,0.0077,0.0000,0.3071,0.0098,0.0395,0.6832,10.00,0.200,0.850,1.100,0.0207,0.0718,0.0059,0.00220,0.00146,0.00000,0.00024,0.00000,0.00000,0.00000,0.00000,0.00049,0.00146
1580200,0.5379,0.5379,-8.1409,-7.3730,0.0096,0.0000,0.2741,0.0158,0.0077,0.7480,10.00,0.200,0.850,1.100,0.0283,0.0570,0.0061,0.00073,0.00122,0.00000,0.00000,0.00000,0.00000,0.00024,0.00000,0.00073,0.00317
1580400,0.5379,0.5379,-8.1409,-7.3730,0.0079,0.0000,0.1587,0.0192,0.0120,0.8200,10.00,0.200,0.850,1.100,0.0220,0.1094,0.0010,0.00049,0.00024,0.00000,0.00000,0.00000,0.00000,0.00000,0.00000,0.00000,0.00024
1580600,0.5379,0.5379,-8.2871,-7.1611,0.0082,0.0000,0.2386,0.0157,0.0118,0.6242,10.00,0.200,0.850,1.100,0.0217,0.0852,0.0037,0.00122,0.00024,0.00000,0.00000,0.00000,0.00000,0.00024,0.00000,0.00073,0.00122
1580800,0.5379,0.5379,-8.2871,-7.1611,0.0067,0.0000,0.2162,0.0110,0.0318,0.7804,10.00,0.200,0.850,1.100,0.0194,0.0828,0.0037,0.00146,0.00000,0.00000,0.00049,0.00000,0.00000,0.00000,0.00000,0.00098,0.00073
1581000,0.5379,0.5379,-8.2871,-7.1611,0.0102,0.0000,0.3576,0.0121,0.0074,0.7264,10.00,0.200,0.850,1.100,0.0224,0.0795,0.0051,0.00195,0.00073,0.00000,0.00000,0.00000,0.00000,0.00000,0.00000,0.00098,0.00146
1581200,0.5379,0.5379,-8.2847,-7.1221,0.0070,0.0000,0.2271,0.0183,0.0137,0.8311,10.00,0.200,0.850,1.100,0.0259,0.0755,0.0042,0.00049,0.00049,0.00000,0.00000,0.00000,0.00000,0.00000,0.00000,0.00098,0.00220
1581400,0.5379,0.5379,-8.2847,-7.1221,0.0079,0.0000,0.3110,0.0102,0.0325,0.8353,10.00,0.200,0.850,1.100,0.0242,0.0861,0.0037,0.00122,0.00024,0.00000,0.00000,0.00000,0.00000,0.00000,0.00000,0.00098,0.00122
1581600,0.5379,0.5379,-8.2065,-6.9561,0.0087,0.0000,0.3283,0.0155,0.0197,0.7401,10.00,0.200,0.850,1.100,0.0265,0.0861,0.0037,0.00122,0.00049,0.00000,0.00000,0.00000,0.00000,0.00000,0.00000,0.00049,0.00146
1581800,0.5379,0.5379,-8.2065,-6.9561,0.0085,0.0000,0.3767,0.0116,0.0183,0.6538,10.00,0.200,0.850,1.100,0.0295,0.0743,0.0032,0.00098,0.00000,0.00000,0.00024,0.00000,0.00000,0.00000,0.00000,0.00024,0.00171
1582000,0.5379,0.5379,-8.2065,-6.9561,0.0067,0.0000,0.3481,0.0157,0.0162,0.6643,10.00,0.200,0.850,1.100,0.0113,0.0792,0.0049,0.00220,0.00000,0.00000,0.00000,0.00000,0.00000,0.00000,0.00000,0.00098,0.00171
1582200,0.5379,0.5379,-8.2485,-7.0951,0.0075,0.0000,0.1518,0.0190,0.0118,0.8489,10.00,0.200,0.850,1.100,0.0248,0.0849,0.0022,0.00000,0.00000,0.00000,0.00000,0.00000,0.00000,0.00000,0.00000,0.00000,0.00220
1582400,0.5379,0.5379,-8.2485,-7.0951,0.0109,0.0000,0.1656,0.0142,0.0136,0.6179,10.00,0.200,0.850,1.100,0.0115,0.0858,0.0039,0.00146,0.00049,0.00000,0.00000,0.00000,0.00000,0.00024,0.00000,0.00073,0.00098
1582600,0.5379,0.5379,-8.2177,-7.1401,0.0095,0.0000,0.2598,0.0155,0.0434,0.6177,10.00,0.200,0.850,1.100,0.0261,0.0880,0.0029,0.00122,0.00049,0.00000,0.00000,0.00000,0.00000,0.00000,0.00000,0.00049,0.00073
1582800,0.5379,0.5379,-8.2177,-7.1401,0.0133,0.0000,0.2081,0.0130,0.0181,0.6119,10.00,0.200,0.850,1.100,0.0131,0.0823,0.0054,0.00220,0.00049,0.00000,0.00049,0.00000,0.00000,0.00000,0.00000,0.00073,0.00146
1583000,0.5379,0.5379,-8.2177,-7.1401,0.0083,0.0000,0.2419,0.0192,0.0082,0.5857,10.00,0.200,0.850,1.100,0.0286,0.0580,0.0044,0.00073,0.00073,0.00000,0.00024,0.00000,0.00000,0.00000,0.00000,0.00049,0.00220
1583200,0.5379,0.5379,-8.3176,-7.1903,0.0080,0.0000,0.2538,0.0113,0.0120,0.8099,10.00,0.200,0.850,1.100,0.0298,0.0662,0.0054,0.00098,0.00098,0.00000,0.00024,0.00000,0.00000,0.00049,0.00000,0.00024,0.00244
1583400,0.5379,0.5379,-8.3176,-7.1903,0.0088,0.0000,0.3033,0.0177,0.0092,0.6303,10.00,0.200,0.850,1.100,0.0251,0.0912,0.0029,0.00073,0.00024,0.00000,0.00000,0.00000,0.00000,0.00000,0.00000,0.00073,0.00122
1583600,0.5379,0.5379,-8.3589,-7.1068,0.0085,0.0000,0.3073,0.0313,0.0302,0.6214,10.00,0.200,0.850,1.100,0.0145,0.0593,0.0056,0.00146,0.00024,0.00000,0.00000,0.00000,0.00000,0.00000,0.00000,0.00171,0.00220
1583800,0.5379,0.5379,-8.3589,-7.1068,0.0072,0.0000,0.2588,0.0075,0.0207,0.5861,10.00,0.200,0.850,1.100,-0.0223,0.0931,0.0063,0.00415,0.00024,0.00000,0.00024,0.00000,0.00000,0.00000,0.00000,0.00122,0.00049
1584000,0.5379,0.5379,-8.3589,-7.1068,0.0093,0.0000,0.1492,0.0120,0.0296,0.9035,10.00,0.200,0.850,1.100,0.0249,0.0776,0.0024,0.00000,0.00073,0.00000,0.00000,0.00000,0.00000,0.00000,0.00000,0.00000,0.00171
1584200,0.5379,0.5379,-8.3615,-7.3642,0.0085,0.0000,0.2247,0.0156,0.0080,0.6737,10.00,0.200,0.850,1.100,0.0090,0.0656,0.0066,0.00220,0.00073,0.00000,0.00073,0.00000,0.00000,0.00000,0.00000,0.00098,0.00220
1584400,0.5379,0.5379,-8.3615,-7.3642,0.0100,0.0000,0.3347,0.0069,0.0108,0.6824,10.00,0.200,0.850,1.100,0.0120,0.0907,0.0049,0.00171,0.00049,0.00000,0.00000,0.00000,0.00000,0.00000,0.00000,0.00171,0.00098
1584600,0.5379,0.5379,-8.2689,-7.1014,0.0117,0.0000,0.3435,0.0068,0.0241,0.8280,10.00,0.200,0.850,1.100,0.0225,0.0856,0.0039,0.00146,0.00024,0.00000,0.00000,0.00000,0.00000,0.00000,0.00000,0.00098,0.00122
1584800,0.5379,0.5379,-8.2689,-7.1014,0.0073,0.0000,0.3388,0.0075,0.0443,0.8528,10.00,0.200,0.850,1.100,-0.0001,0.0804,0.0061,0.00220,0.00098,0.00000,0.00000,0.00000,0.00000,0.00024,0.00000,0.00146,0.00122
1585000,0.5379,0.5379,-8.2689,-7.1014,0.0065,0.0000,0.3208,0.0076,0.0085,0.6205,10.00,0.200,0.850,1.100,0.0275,0.0828,0.0039,0.00098,0.00049,0.00000,0.00024,0.00000,0.00000,0.00000,0.00000,0.00073,0.00146
1585200,0.5379,0.5379,-8.2978,-7.3841,0.0067,0.0000,0.2325,0.0124,0.0355,0.6404,10.00,0.200,0.850,1.100,0.0187,0.0873,0.0037,0.00146,0.00024,0.00000,0.00000,0.00000,0.00000,0.00000,0.00000,0.00073,0.00122
1585400,0.5379,0.5379,-8.2978,-7.3841,0.0072,0.0000,0.2859,0.0186,0.0311,0.5813,10.00,0.200,0.850,1.100,0.0257,0.0669,0.0049,0.00146,0.00024,0.00000,0.00000,0.00000,0.00000,0.00000,0.00000,0.00098,0.00220
1585600,0.5379,0.5379,-8.2990,-7.2304,0.0072,0.0000,0.3894,0.0166,0.0527,0.6427,10.00,0.200,0.850,1.100,0.0167,0.0734,0.0051,0.00195,0.00024,0.00000,0.00024,0.00000,0.00000,0.00000,0.00000,0.00098,0.00171
1585800,0.5379,0.5379,-8.2990,-7.2304,0.0082,0.0000,0.1962,0.0154,0.0068,0.6905,10.00,0.200,0.850,1.100,0.0253,0.0856,0.0012,0.00000,0.00000,0.00000,0.00024,0.00000,0.00000,0.00000,0.00000,0.00000,0.00098
1586000,0.5379,0.5379,-8.2990,-7.2304,0.0093,0.0000,0.2612,0.0131,0.0431,0.6405,10.00,0.200,0.850,1.100,0.0205,0.0846,0.0032,0.00122,0.00024,0.00000,0.00024,0.00000,0.00000,0.00000,0.00000,0.00049,0.00098
1586200,0.5379,0.5379,-8.3494,-7.1504,0.0093,0.0000,0.2591,0.0168,0.0101,0.8157,10.00,0.200,0.850,1.100,0.0167,0.0880,0.0039,0.00146,0.00098,0.00000,0.00000,0.00000,0.00000,0.00000,0.00000,0.00098,0.00049
1586400,0.5379,0.5379,-8.3494,-7.1504,0.0097,0.0000,0.3039,0.0135,0.0125,0.7673,10.00,0.200,0.850,1.100,0.0076,0.0628,0.0056,0.00220,0.00073,0.00000,0.00000,0.00000,0.00000,0.00000,0.00000,0.00073,0.00195
1586600,0.5379,0.5379,-8.2947,-7.2446,0.0078,0.0000,0.3440,0.0129,0.0167,0.6489,10.00,0.200,0.850,1.100,0.0009,0.0670,0.0059,0.00244,0.00073,0.00000,0.00024,0.00000,0.00000,0.00000,0.00000,0.00098,0.00146
1586800,0.5379,0.5379,-8.2947,-7.2446,0.0092,0.0000,0.3253,0.0174,0.0124,0.6746,10.00,0.200,0.850,1.100,0.0190,0.0739,0.0039,0.00098,0.00049,0.00000,0.00000,0.00000,0.00000,0.00000,0.00000,0.00098,0.00146
1587000,0.5379,0.5379,-8.2947,-7.2446,0.0086,0.0000,0.3006,0.0128,0.0375,0.8363,10.00,0.200,0.850,1.100,0.0144,0.0895,0.0044,0.00171,0.00049,0.00000,0.00024,0.00000,0.00000,0.00000,0.00000,0.00122,0.00073
1587200,0.5379,0.5379,-8.2980,-7.3440,0.0102,0.0000,0.2925,0.0158,0.0592,0.7632,10.00,0.200,0.850,1.100,0.0062,0.0796,0.0051,0.00269,0.00073,0.00000,0.00024,0.00000,0.00000,0.00000,0.00000,0.00098,0.00049
1587400,0.5379,0.5379,-8.2980,-7.3440,0.0100,0.0000,0.3288,0.0280,0.0082,0.6669,10.00,0.200,0.850,1.100,0.0329,0.0912,0.0029,0.00073,0.00073,0.00000,0.00000,0.00000,0.00000,0.00000,0.00000,0.00073,0.00073
1587600,0.5379,0.5379,-8.2206,-7.2625,0.0090,0.0000,0.1712,0.0124,0.0146,0.8131,10.00,0.200,0.850,1.100,0.0263,0.0896,0.0017,0.00000,0.00024,0.00000,0.00024,0.00000,0.00000,0.00000,0.00000,0.00000,0.00122
1587800,0.5379,0.5379,-8.2206,-7.2625,0.0096,0.0000,0.2918,0.0114,0.0258,0.7809,10.00,0.200,0.850,1.100,0.0160,0.0818,0.0046,0.00146,0.00000,0.00000,0.00024,0.00000,0.00000,0.00024,0.00000,0.00073,0.00220
1588000,0.5379,0.5379,-8.2206,-7.2625,0.0067,0.0000,0.2583,0.0095,0.0285,0.7184,10.00,0.200,0.850,1.100,0.0200,0.0690,0.0046,0.00122,0.00024,0.00000,0.00024,0.00000,0.00000,0.00000,0.00024,0.00073,0.00195
1588200,0.5379,0.5379,-8.2770,-7.2375,0.0101,0.0000,0.3571,0.0145,0.0257,0.6198,10.00,0.200,0.850,1.100,0.0238,0.0760,0.0044,0.00195,0.00049,0.00000,0.00024,0.00000,0.00000,0.00000,0.00000,0.00024,0.00146
1588400,0.5379,0.5379,-8.2770,-7.2375,0.0095,0.0000,0.2715,0.0169,0.0543,0.7126,10.00,0.200,0.850,1.100,0.0190,0.0891,0.0046,0.00244,0.00073,0.00000,0.00024,0.00000,0.00000,0.00000,0.00000,0.00073,0.00049
1588600,0.5379,0.5379,-8.3458,-7.1805,0.0091,0.0000,0.1976,0.0113,0.0156,0.8093,10.00,0.200,0.850,1.100,0.0169,0.0722,0.0054,0.00171,0.00049,0.00000,0.00073,0.00000,0.00000,0.00049,0.00000,0.00049,0.00146
1588800,0.5379,0.5379,-8.3458,-7.1805,0.0096,0.0000,0.2566,0.0153,0.0272,0.6060,10.00,0.200,0.850,1.100,0.0187,0.0962,0.0037,0.00122,0.00073,0.00000,0.00000,0.00000,0.00000,0.00000,0.00000,0.00098,0.00073
1589000,0.5379,0.5379,-8.3458,-7.1805,0.0106,0.0000,0.2783,0.0201,0.0108,0.5447,10.00,0.200,0.850,1.100,0.0158,0.0824,0.0056,0.00244,0.00146,0.00000,0.00000,0.00000,0.00000,0.00000,0.00000,0.00098,0.00073
1589200,0.5379,0.5379,-8.2828,-7.1647,0.0088,0.0000,0.2914,0.0116,0.0199,0.6375,10.00,0.200,0.850,1.100,0.0056,0.0773,0.0054,0.00269,0.00024,0.00000,0.00049,0.00000,0.00000,0.00000,0.00000,0.00049,0.00146
1589400,0.5379,0.5379,-8.2828,-7.1647,0.0077,0.0000,0.1434,0.0142,0.0526,0.6373,10.00,0.200,0.850,1.100,0.0228,0.0844,0.0027,0.00024,0.00049,0.00000,0.00000,0.00000,0.00000,0.00000,0.00000,0.00024,0.00171
1589600,0.5379,0.5379,-8.3095,-7.2216,0.0097,0.0000,0.1753,0.0106,0.0552,0.7182,10.00,0.200,0.850,1.100,0.0261,0.0724,0.0044,0.00098,0.00098,0.00000,0.00049,0.00000,0.00000,0.00000,0.00000,0.00049,0.00146
1589800,0.5379,0.5379,-8.3095,-7.2216,0.0104,0.0000,0.3147,0.0197,0.0136,0.6919,10.00,0.200,0.850,1.100,0.0262,0.0735,0.0037,0.00146,0.00000,0.00000,0.00000,0.00000,0.00000,0.00000,0.00000,0.00073,0.00146
1590000,0.5379,0.5379,-8.3095,-7.2216,0.0091,0.0000,0.2221,0.0128,0.0251,0.6366,10.00,0.200,0.850,1.100,0.0206,0.0674,0.0059,0.00073,0.00073,0.00000,0.00098,0.00000,0.00000,0.00024,0.00000,0.00146,0.00171
1590200,0.5379,0.5379,-8.2738,-7.3480,0.0161,0.0000,0.3017,0.0243,0.0087,0.6034,10.00,0.200,0.850,1.100,0.0204,0.0828,0.0042,0.00146,0.00000,0.00000,0.00024,0.00000,0.00000,0.00000,0.00000,0.00122,0.00122
1590400,0.5379,0.5379,-8.2738,-7.3480,0.0066,0.0000,0.2664,0.0134,0.0093,0.7057,10.00,0.200,0.850,1.100,0.0266,0.0862,0.0034,0.00171,0.00024,0.00000,0.00024,0.00000,0.00000,0.00000,0.00000,0.00000,0.00122
1590600,0.5379,0.5379,-8.1749,-7.1618,0.0100,0.0000,0.2797,0.0126,0.0122,0.9244,10.00,0.200,0.850,1.100,0.0043,0.0803,0.0056,0.00293,0.00024,0.00000,0.00073,0.00000,0.00000,0.00000,0.00000,0.00098,0.00122
1590800,0.5379,0.5379,-8.1749,-7.1618,0.0091,0.0000,0.2416,0.0104,0.0261,0.5959,10.00,0.200,0.850,1.100,0.0169,0.0712,0.0049,0.00146,0.00049,0.00000,0.00049,0.00000,0.00000,0.00000,0.00000,0.00098,0.00146
1591000,0.5379,0.5379,-8.1749,-7.1618,0.0089,0.0000,0.3457,0.0163,0.0146,0.6009,10.00,0.200,0.850,1.100,0.0333,0.0890,0.0024,0.00098,0.00024,0.00000,0.00000,0.00000,0.00000,0.00000,0.00000,0.00000,0.00122
1591200,0.5379,0.5379,-8.2748,-7.1815,0.0080,0.0000,0.1704,0.0165,0.0115,0.6450,10.00,0.200,0.850,1.100,0.0260,0.0931,0.0015,0.00000,0.00073,0.00000,0.00000,0.00000,0.00000,0.00000,0.00000,0.00000,0.00073
1591400,0.5379,0.5379,-8.2748,-7.1815,0.0070,0.0000,0.2023,0.0096,0.0096,0.7998,10.00,0.200,0.850,1.100,0.0084,0.0763,0.0046,0.00146,0.00000,0.00000,0.00073,0.00000,0.00000,0.00000,0.00000,0.00073,0.00171
1591600,0.5379,0.5379,-8.2577,-7.1813,0.0067,0.0000,0.2471,0.0119,0.0144,0.6251,10.00,0.200,0.850,1.100,0.0266,0.0841,0.0032,0.00098,0.00024,0.00000,0.00000,0.00000,0.00000,0.00000,0.00000,0.00073,0.00122
1591800,0.5379,0.5379,-8.2577,-7.1813,0.0080,0.0000,0.3714,0.0107,0.0157,0.6049,10.00,0.200,0.850,1.100,0.0122,0.0912,0.0046,0.00171,0.00073,0.00000,0.00000,0.00000,0.00000,0.00000,0.00000,0.00122,0.00098
1592000,0.5379,0.5379,-8.2577,-7.1813,0.0137,0.0000,0.3125,0.0117,0.0105,0.7679,10.00,0.200,0.850,1.100,0.0280,0.0720,0.0046,0.00073,0.00073,0.00000,0.00000,0.00000,0.00000,0.00000,0.00000,0.00146,0.00171
1592200,0.5379,0.5379,-8.3376,-7.1969,0.0116,0.0000,0.2185,0.0126,0.0152,0.8554,10.00,0.200,0.850,1.100,0.0227,0.0774,0.0051,0.00049,0.00073,0.00000,0.00000,0.00000,0.00000,0.00000,0.00000,0.00171,0.00220
1592400,0.5379,0.5379,-8.3376,-7.1969,0.0160,0.0000,0.2245,0.0145,0.0234,0.7851,10.00,0.200,0.850,1.100,0.0055,0.0839,0.0056,0.00195,0.00098,0.00024,0.00000,0.00000,0.00000,0.00000,0.00000,0.00146,0.00098
1592600,0.5379,0.5379,-8.2699,-7.1994,0.0077,0.0000,0.3182,0.0129,0.0095,0.6929,10.00,0.200,0.850,1.100,0.0148,0.0800,0.0059,0.00317,0.00000,0.00000,0.00000,0.00000,0.00000,0.00000,0.00000,0.00073,0.00195
1592800,0.5379,0.5379,-8.2699,-7.1994,0.0083,0.0000,0.2911,0.0098,0.0112,0.7539,10.00,0.200,0.850,1.100,-0.0188,0.0749,0.0085,0.00391,0.00122,0.00000,0.00049,0.00000,0.00000,0.00024,0.00000,0.00171,0.00098
1593000,0.5379,0.5379,-8.2699,-7.1994,0.0074,0.0000,0.1483,0.0101,0.0338,0.7289,10.00,0.200,0.850,1.100,0.0234,0.0866,0.0020,0.00049,0.00049,0.00000,0.00000,0.00000,0.00000,0.00000,0.00000,0.00000,0.00098
1593200,0.5379,0.5379,-8.2548,-7.1744,0.0108,0.0000,0.2994,0.0130,0.0100,0.6941,10.00,0.200,0.850,1.100,0.0261,0.0737,0.0039,0.00122,0.00073,0.00000,0.00000,0.00000,0.00000,0.00000,0.00000,0.00000,0.00195
1593400,0.5379,0.5379,-8.2548,-7.1744,0.0106,0.0000,0.1539,0.0154,0.0305,0.6414,10.00,0.200,0.850,1.100,0.0125,0.0717,0.0046,0.00171,0.00024,0.00000,0.00000,0.00000,0.00000,0.00000,0.00000,0.00122,0.00146
1593600,0.5379,0.5379,-8.2117,-7.0648,0.0107,0.0000,0.1818,0.0134,0.0142,0.7997,10.00,0.200,0.850,1.100,0.0159,0.0798,0.0049,0.00244,0.00049,0.00000,0.00024,0.00000,0.00000,0.00000,0.00000,0.00000,0.00171
1593800,0.5379,0.5379,-8.2117,-7.0648,0.0108,0.0000,0.3450,0.0252,0.0294,0.6120,10.00,0.200,0.850,1.100,0.0094,0.0819,0.0046,0.00244,0.00000,0.00000,0.00049,0.00000,0.00000,0.00024,0.00000,0.00049,0.00098
1594000,0.5379,0.5379,-8.2117,-7.0648,0.0067,0.0000,0.2490,0.0162,0.0182,0.7408,10.00,0.200,0.850,1.100,0.0091,0.0724,0.0054,0.00171,0.00073,0.00000,0.00024,0.00000,0.00000,0.00000,0.00000,0.00122,0.00146
1594200,0.5379,0.5379,-8.2620,-7.1805,0.0127,0.0000,0.2655,0.0145,0.0240,0.7867,10.00,0.200,0.850,1.100,0.0109,0.0704,0.0054,0.00146,0.00049,0.00000,0.00024,0.00000,0.00000,0.00000,0.00000,0.00122,0.00195
1594400,0.5379,0.5379,-8.2620,-7.1805,0.0098,0.0000,0.2264,0.0155,0.0208,0.7255,10.00,0.200,0.850,1.100,0.0332,0.0498,0.0049,0.00122,0.00122,0.00000,0.00049,0.00000,0.00000,0.00000,0.00000,0.00000,0.00195
1594600,0.5379,0.5379,-8.2752,-7.1676,0.0076,0.0000,0.2605,0.0161,0.0172,0.8149,10.00,0.200,0.850,1.100,0.0190,0.0839,0.0049,0.00171,0.00049,0.00000,0.00049,0.00000,0.00000,0.00000,0.00000,0.00098,0.00122
1594800,0.5379,0.5379,-8.2752,-7.1676,0.0083,0.0000,0.1759,0.0135,0.0275,0.8135,10.00,0.200,0.850,1.100,0.0230,0.0714,0.0022,0.00024,0.00024,0.00000,0.00049,0.00000,0.00000,0.00000,0.00000,0.00049,0.00073
1595000,0.5379,0.5379,-8.2752,-7.1676,0.0101,0.0000,0.1372,0.0093,0.0257,0.6295,10.00,0.200,0.850,1.100,0.0091,0.0703,0.0056,0.00269,0.00073,0.00000,0.00000,0.00000,0.00000,0.00000,0.00000,0.00024,0.00195
1595200,0.5379,0.5379,-8.3010,-7.2127,0.0079,0.0000,0.3430,0.0110,0.0064,0.9016,10.00,0.200,0.850,1.100,-0.0006,0.0784,0.0066,0.00366,0.00049,0.00000,0.00000,0.00000,0.00000,0.00000,0.00000,0.00049,0.00195
1595400,0.5379,0.5379,-8.3010,-7.2127,0.0076,0.0000,0.2493,0.0104,0.0118,0.6711,10.00,0.200,0.850,1.100,0.0210,0.0745,0.0046,0.00171,0.00098,0.00000,0.00000,0.00000,0.00000,0.00000,0.00000,0.00098,0.00098
1595600,0.5379,0.5379,-8.2966,-7.2794,0.0084,0.0000,0.2514,0.0125,0.0468,0.7977,10.00,0.200,0.850,1.100,0.0237,0.0921,0.0037,0.00146,0.00049,0.00000,0.00024,0.00000,0.00000,0.00024,0.00000,0.00073,0.00073
1595800,0.5379,0.5379,-8.2966,-7.2794,0.0095,0.0000,0.2684,0.0146,0.0296,0.7971,10.00,0.200,0.850,1.100,0.0249,0.0772,0.0037,0.00146,0.00049,0.00000,0.00049,0.00000,0.00000,0.00000,0.00000,0.00024,0.00098
1596000,0.5379,0.5379,-8.2966,-7.2794,0.0093,0.0000,0.3015,0.0181,0.0198,0.7743,10.00,0.200,0.850,1.100,0.0210,0.0698,0.0044,0.00098,0.00073,0.00000,0.00049,0.00000,0.00000,0.00024,0.00000,0.00049,0.00171
1596200,0.5379,0.5379,-8.3809,-7.3126,0.0116,0.0000,0.2740,0.0185,0.0100,0.6588,10.00,0.200,0.850,1.100,0.0232,0.0753,0.0046,0.00098,0.00146,0.00000,0.00000,0.00000,0.00000,0.00000,0.00000,0.00122,0.00098
1596400,0.5379,0.5379,-8.3809,-7.3126,0.0094,0.0000,0.3153,0.0109,0.0252,0.6394,10.00,0.200,0.850,1.100,0.0329,0.0796,0.0032,0.00146,0.00024,0.00000,0.00049,0.00000,0.00000,0.00000,0.00000,0.00000,0.00098
1596600,0.5379,0.5379,-8.2786,-7.3253,0.0073,0.0000,0.1704,0.0154,0.0457,0.5728,10.00,0.200,0.850,1.100,0.0281,0.0739,0.0017,0.00024,0.00024,0.00000,0.00024,0.00000,0.00000,0.00000,0.00000,0.00000,0.00098
1596800,0.5379,0.5379,-8.2786,-7.3253,0.0083,0.0000,0.2082,0.0155,0.0082,0.8825,10.00,0.200,0.850,1.100,0.0159,0.0802,0.0049,0.00122,0.00122,0.00000,0.00073,0.00000,0.00000,0.00000,0.00000,0.00073,0.00098
1597000,0.5379,0.5379,-8.2786,-7.3253,0.0085,0.0000,0.2602,0.0179,0.0285,0.7708,10.00,0.200,0.850,1.100,-0.0037,0.0843,0.0066,0.00342,0.00049,0.00000,0.00000,0.00000,0.00000,0.00024,0.00000,0.00146,0.00098
1597200,0.5379,0.5379,-8.2850,-7.0652,0.0101,0.0000,0.2813,0.0090,0.0180,0.6292,10.00,0.200,0.850,1.100,0.0332,0.0886,0.0029,0.00073,0.00049,0.00000,0.00049,0.00000,0.00000,0.00024,0.00000,0.00024,0.00073
1597400,0.5379,0.5379,-8.2850,-7.0652,0.0115,0.0000,0.2005,0.0122,0.0090,0.6195,10.00,0.200,0.850,1.100,0.0256,0.0684,0.0051,0.00098,0.00024,0.00000,0.00024,0.00000,0.00000,0.00024,0.00000,0.00098,0.00244
1597600,0.5379,0.5379,-8.2773,-7.3025,0.0080,0.0000,0.3054,0.0119,0.0254,0.8750,10.00,0.200,0.850,1.100,0.0111,0.0914,0.0046,0.00244,0.00000,0.00000,0.00000,0.00000,0.00000,0.00000,0.00000,0.00098,0.00122
1597800,0.5379,0.5379,-8.2773,-7.3025,0.0104,0.0000,0.3521,0.0175,0.0316,0.5586,10.00,0.200,0.850,1.100,0.0217,0.0847,0.0044,0.00146,0.00049,0.00000,0.00000,0.00000,0.00000,0.00000,0.00000,0.00049,0.00195
1598000,0.5379,0.5379,-8.2773,-7.3025,0.0085,0.0000,0.2936,0.0108,0.0146,0.6610,10.00,0.200,0.850,1.100,0.0124,0.0598,0.0068,0.00220,0.00171,0.00000,0.00000,0.00000,0.00000,0.00000,0.00000,0.00073,0.00220
1598200,0.5379,0.5379,-8.2710,-7.0907,0.0088,0.0000,0.3909,0.0116,0.0131,0.5658,10.00,0.200,0.850,1.100,0.0292,0.0869,0.0034,0.00122,0.00000,0.00000,0.00024,0.00000,0.00000,0.00000,0.00024,0.00049,0.00122
1598400,0.5379,0.5379,-8.2710,-7.0907,0.0087,0.0000,0.1827,0.0109,0.0314,0.6467,10.00,0.200,0.850,1.100,0.0264,0.0893,0.0015,0.00024,0.00049,0.00000,0.00000,0.00000,0.00000,0.00000,0.00000,0.00000,0.00073
1598600,0.5379,0.5379,-8.3213,-7.2965,0.0075,0.0000,0.2370,0.0152,0.0263,0.7186,10.00,0.200,0.850,1.100,0.0127,0.0907,0.0039,0.00195,0.00024,0.00000,0.00000,0.00000,0.00000,0.00000,0.00000,0.00049,0.00122
1598800,0.5379,0.5379,-8.3213,-7.2965,0.0139,0.0000,0.2707,0.0132,0.0288,0.5431,10.00,0.200,0.850,1.100,0.0156,0.0780,0.0044,0.00220,0.00000,0.00000,0.00000,0.00000,0.00000,0.00000,0.00000,0.00049,0.00171
1599000,0.5379,0.5379,-8.3213,-7.2965,0.0091,0.0000,0.2381,0.0173,0.0432,0.6962,10.00,0.200,0.850,1.100,0.0261,0.0770,0.0044,0.00122,0.00000,0.00000,0.00073,0.00000,0.00000,0.00000,0.00000,0.00073,0.00171
1599200,0.5379,0.5379,-8.2299,-7.1675,0.0114,0.0000,0.2291,0.0138,0.0119,0.8685,10.00,0.200,0.850,1.100,0.0153,0.0771,0.0056,0.00098,0.00049,0.00000,0.00000,0.00000,0.00000,0.00024,0.00000,0.00171,0.00220
1599400,0.5379,0.5379,-8.2299,-7.1675,0.0100,0.0000,0.2897,0.0187,0.0143,0.6782,10.00,0.200,0.850,1.100,0.0044,0.0840,0.0054,0.00220,0.00000,0.00000,0.00049,0.00000,0.00000,0.00000,0.00000,0.00146,0.00122
1599600,0.5379,0.5379,-8.3107,-7.2188,0.0112,0.0000,0.2601,0.0084,0.0090,0.6665,10.00,0.200,0.850,1.100,0.0033,0.0961,0.0054,0.00317,0.00024,0.00000,0.00000,0.00000,0.00000,0.00000,0.00000,0.00098,0.00098
1599800,0.5379,0.5379,-8.3107,-7.2188,0.0083,0.0000,0.2155,0.0097,0.0100,0.7282,10.00,0.200,0.850,1.100,0.0192,0.0850,0.0049,0.00171,0.00024,0.00024,0.00000,0.00000,0.00000,0.00000,0.00000,0.00122,0.00146
1600000,0.5379,0.5379,-8.3107,-7.2188,0.0093,0.0000,0.2195,0.0138,0.0540,0.6940,10.00,0.200,0.850,1.100,0.0110,0.0849,0.0059,0.00195,0.00024,0.00000,0.00000,0.00000,0.00000,0.00000,0.00000,0.00146,0.00220
1600200,0.5379,0.5379,-8.1937,-7.0727,0.0096,0.0000,0.1777,0.0116,0.0161,0.7334,10.00,0.200,0.850,1.100,0.0213,0.0836,0.0029,0.00049,0.00073,0.00000,0.00000,0.00000,0.00000,0.00000,0.00000,0.00049,0.00122
1600400,0.5379,0.5379,-8.1937,-7.0727,0.0076,0.0000,0.2590,0.0111,0.0280,0.6549,10.00,0.200,0.850,1.100,0.0049,0.0738,0.0051,0.00171,0.00049,0.00000,0.00049,0.00000,0.00000,0.00000,0.00000,0.00122,0.00146
1600600,0.5379,0.5379,-8.2789,-7.3031,0.0143,0.0000,0.2483,0.0100,0.0105,0.6147,10.00,0.200,0.850,1.100,0.0051,0.0779,0.0059,0.00293,0.00024,0.00000,0.00024,0.00000,0.00000,0.00000,0.00000,0.00098,0.00146
1600800,0.5379,0.5379,-8.2789,-7.3031,0.0098,0.0000,0.2772,0.0149,0.0159,0.7209,10.00,0.200,0.850,1.100,0.0100,0.0831,0.0044,0.00098,0.00098,0.00000,0.00024,0.00000,0.00000,0.00024,0.00000,0.00146,0.00049
1601000,0.5379,0.5379,-8.2789,-7.3031,0.0083,0.0000,0.2524,0.0083,0.0312,0.7878,10.00,0.200,0.850,1.100,0.0121,0.0935,0.0046,0.00220,0.00049,0.00000,0.00049,0.00000,0.00000,0.00000,0.00000,0.00073,0.00073
1601200,0.5379,0.5379,-8.2188,-7.0241,0.0071,0.0000,0.2645,0.0149,0.0270,0.6228,10.00,0.200,0.850,1.100,0.0211,0.0851,0.0034,0.00098,0.00073,0.00000,0.00000,0.00000,0.00000,0.00000,0.00000,0.00073,0.00098
1601400,0.5379,0.5379,-8.2188,-7.0241,0.0099,0.0000,0.2809,0.0079,0.0090,0.7043,10.00,0.200,0.850,1.100,0.0073,0.0919,0.0044,0.00122,0.00024,0.00000,0.00024,0.00000,0.00000,0.00000,0.00000,0.00220,0.00049
1601600,0.5379,0.5379,-8.3016,-7.2889,0.0077,0.0000,0.2544,0.0109,0.0080,0.8235,10.00,0.200,0.850,1.100,0.0043,0.0721,0.0063,0.00122,0.00098,0.00000,0.00024,0.00000,0.00000,0.00000,0.00000,0.00220,0.00171
1601800,0.5379,0.5379,-8.3016,-7.2889,0.0117,0.0000,0.2449,0.0175,0.0234,0.7177,10.00,0.200,0.850,1.100,0.0171,0.0788,0.0051,0.00195,0.00073,0.00000,0.00024,0.00000,0.00000,0.00000,0.00000,0.00122,0.00098
1602000,0.5379,0.5379,-8.3016,-7.2889,0.0101,0.0000,0.1800,0.0170,0.0415,0.7420,10.00,0.200,0.850,1.100,0.0291,0.0765,0.0020,0.00024,0.00049,0.00000,0.00049,0.00000,0.00000,0.00000,0.00000,0.00000,0.00073
1602200,0.5379,0.5379,-8.2533,-7.0757,0.0086,0.0000,0.2496,0.0199,0.0160,0.6539,10.00,0.200,0.850,1.100,0.0110,0.0903,0.0039,0.00195,0.00000,0.00000,0.00024,0.00000,0.00000,0.00000,0.00000,0.00098,0.00073
1602400,0.5379,0.5379,-8.2533,-7.0757,0.0075,0.0000,0.2912,0.0249,0.0332,0.6316,10.00,0.200,0.850,1.100,0.0176,0.0966,0.0037,0.00171,0.00000,0.00000,0.00000,0.00000,0.00000,0.00049,0.00000,0.00098,0.00073
1602600,0.5379,0.5379,-8.1902,-7.1432,0.0072,0.0000,0.2545,0.0136,0.0232,0.7022,10.00,0.200,0.850,1.100,0.0301,0.0850,0.0037,0.00122,0.00049,0.00000,0.00000,0.00000,0.00000,0.00000,0.00000,0.00049,0.00146
1602800,0.5379,0.5379,-8.1902,-7.1432,0.0094,0.0000,0.2070,0.0098,0.0259,0.6845,10.00,0.200,0.850,1.100,0.0240,0.0841,0.0037,0.00146,0.00000,0.00000,0.00024,0.00000,0.00000,0.00000,0.00000,0.00073,0.00122
1603000,0.5379,0.5379,-8.1902,-7.1432,0.0090,0.0000,0.2568,0.0121,0.0093,0.7262,10.00,0.200,0.850,1.100,0.0166,0.0852,0.0042,0.00146,0.00049,0.00000,0.00024,0.00000,0.00000,0.00000,0.00000,0.00146,0.00073
1603200,0.5379,0.5379,-8.2334,-7.1523,0.0138,0.0000,0.2992,0.0212,0.0151,0.7709,10.00,0.200,0.850,1.100,0.0036,0.0754,0.0061,0.00293,0.00073,0.00000,0.00000,0.00000,0.00000,0.00000,0.00000,0.00073,0.00171
1603400,0.5379,0.5379,-8.2334,-7.1523,0.0093,0.0000,0.2993,0.0103,0.0126,0.6377,10.00,0.200,0.850,1.100,0.0169,0.0710,0.0054,0.00146,0.00098,0.00000,0.00000,0.00000,0.00000,0.00000,0.00000,0.00122,0.00171
1603600,0.5379,0.5379,-8.3265,-7.3095,0.0077,0.0000,0.2929,0.0160,0.0427,0.8293,10.00,0.200,0.850,1.100,0.0164,0.0701,0.0054,0.00171,0.00073,0.00000,0.00073,0.00000,0.00000,0.00000,0.00000,0.00049,0.00171
1603800,0.5379,0.5379,-8.3265,-7.3095,0.0065,0.0000,0.1556,0.0162,0.0339,0.7849,10.00,0.200,0.850,1.100,0.0245,0.0871,0.0017,0.00024,0.00024,0.00000,0.00000,0.00000,0.00000,0.00000,0.00000,0.00049,0.00073
1604000,0.5379,0.5379,-8.3265,-7.3095,0.0087,0.0000,0.2317,0.0110,0.0129,0.8208,10.00,0.200,0.850,1.100,0.0143,0.0805,0.0049,0.00171,0.00049,0.00000,0.00024,0.00000,0.00000,0.00000,0.00000,0.00098,0.00146
1604200,0.5379,0.5379,-8.3177,-7.2112,0.0089,0.0000,0.3258,0.0096,0.0308,0.7748,10.00,0.200,0.850,1.100,0.0071,0.0749,0.0066,0.00317,0.00098,0.00000,0.00000,0.00000,0.00000,0.00000,0.00000,0.00098,0.00146
1604400,0.5379,0.5379,-8.3177,-7.2112,0.0113,0.0000,0.3155,0.0125,0.0210,0.5610,10.00,0.200,0.850,1.100,0.0142,0.0771,0.0046,0.00171,0.00024,0.00000,0.00000,0.00000,0.00000,0.00000,0.00000,0.00073,0.00195
1604600,0.5379,0.5379,-8.2218,-7.2143,0.0079,0.0000,0.2530,0.0158,0.0192,0.7767,10.00,0.200,0.850,1.100,0.0234,0.0851,0.0044,0.00195,0.00049,0.00000,0.00000,0.00000,0.00000,0.00000,0.00000,0.00024,0.00171
1604800,0.5379,0.5379,-8.2218,-7.2143,0.0088,0.0000,0.2219,0.0176,0.0338,0.9536,10.00,0.200,0.850,1.100,0.0275,0.0835,0.0032,0.00098,0.00049,0.00000,0.00000,0.00000,0.00000,0.00000,0.00000,0.00073,0.00098
1605000,0.5379,0.5379,-8.2218,-7.2143,0.0117,0.0000,0.2827,0.0194,0.0221,0.6845,10.00,0.200,0.850,1.100,0.0081,0.0436,0.0066,0.00220,0.00122,0.00000,0.00049,0.00000,0.00000,0.00000,0.00000,0.00098,0.00171
1605200,0.5379,0.5379,-8.2387,-7.1066,0.0088,0.0000,0.2698,0.0233,0.0479,0.5936,10.00,0.200,0.850,1.100,0.0161,0.0686,0.0054,0.00146,0.00049,0.00000,0.00000,0.00000,0.00000,0.00049,0.00000,0.00122,0.00171
1605400,0.5379,0.5379,-8.2387,-7.1066,0.0080,0.0000,0.2978,0.0175,0.0117,0.6988,10.00,0.200,0.850,1.100,0.0167,0.0791,0.0046,0.00171,0.00122,0.00000,0.00000,0.00000,0.00000,0.00000,0.00000,0.00049,0.00122
1605600,0.5379,0.5379,-8.2036,-7.1724,0.0075,0.0000,0.2061,0.0179,0.0227,0.7546,10.00,0.200,0.850,1.100,0.0258,0.0708,0.0022,0.00000,0.00049,0.00000,0.00024,0.00000,0.00000,0.00000,0.00024,0.00073,0.00049
1605800,0.5379,0.5379,-8.2036,-7.1724,0.0112,0.0000,0.2328,0.0228,0.0262,0.6592,10.00,0.200,0.850,1.100,0.0167,0.0712,0.0061,0.00122,0.00122,0.00000,0.00000,0.00000,0.00000,0.00000,0.00000,0.00122,0.00269
1606000,0.5379,0.5379,-8.2036,-7.1724,0.0087,0.0000,0.3355,0.0110,0.0203,0.7431,10.00,0.200,0.850,1.100,0.0175,0.0708,0.0056,0.00195,0.00098,0.00000,0.00024,0.00000,0.00000,0.00000,0.00000,0.00073,0.00171
1606200,0.5379,0.5379,-8.2726,-7.3305,0.0084,0.0000,0.2850,0.0066,0.0103,0.6140,10.00,0.200,0.850,1.100,0.0191,0.0932,0.0029,0.00171,0.00024,0.00000,0.00000,0.00000,0.00000,0.00000,0.00000,0.00049,0.00049
1606400,0.5379,0.5379,-8.2726,-7.3305,0.0096,0.0000,0.2515,0.0133,0.0347,0.7037,10.00,0.200,0.850,1.100,0.0094,0.0930,0.0037,0.00098,0.00024,0.00000,0.00000,0.00000,0.00000,0.00000,0.00000,0.00171,0.00073
1606600,0.5379,0.5379,-8.2968,-7.3623,0.0106,0.0000,0.2540,0.0233,0.0224,0.6927,10.00,0.200,0.850,1.100,0.0306,0.0693,0.0046,0.00122,0.00073,0.00000,0.00000,0.00000,0.00000,0.00000,0.00024,0.00000,0.00244
1606800,0.5379,0.5379,-8.2968,-7.3623,0.0099,0.0000,0.2029,0.0106,0.0425,0.5852,10.00,0.200,0.850,1.100,0.0193,0.0916,0.0046,0.00195,0.00000,0.00000,0.00000,0.00000,0.00000,0.00024,0.00000,0.00049,0.00195
1607000,0.5379,0.5379,-8.2968,-7.3623,0.0104,0.0000,0.2733,0.0181,0.0222,0.7955,10.00,0.200,0.850,1.100,-0.0034,0.0705,0.0071,0.00293,0.00049,0.00000,0.00024,0.00000,0.00000,0.00024,0.00000,0.00146,0.00171
1607200,0.5379,0.5379,-8.3513,-7.1671,0.0077,0.0000,0.2916,0.0124,0.0252,0.7187,10.00,0.200,0.850,1.100,0.0085,0.0826,0.0059,0.00195,0.00073,0.00000,0.00000,0.00000,0.00000,0.00000,0.00000,0.00146,0.00171
1607400,0.5379,0.5379,-8.3513,-7.1671,0.0075,0.0000,0.1704,0.0198,0.0309,0.6496,10.00,0.200,0.850,1.100,0.0193,0.0934,0.0024,0.00024,0.00000,0.00000,0.00024,0.00000,0.00000,0.00000,0.00000,0.00171,0.00024
1607600,0.5379,0.5379,-8.2361,-7.1397,0.0087,0.0000,0.2800,0.0110,0.0243,0.5771,10.00,0.200,0.850,1.100,0.0065,0.0828,0.0044,0.00122,0.00000,0.00000,0.00024,0.00000,0.00000,0.00000,0.00000,0.00146,0.00171
1607800,0.5379,0.5379,-8.2361,-7.1397,0.0090,0.0000,0.3396,0.0104,0.0219,0.7167,10.00,0.200,0.850,1.100,-0.0077,0.0775,0.0063,0.00269,0.00000,0.00000,0.00049,0.00000,0.00000,0.00000,0.00000,0.00171,0.00146
1608000,0.5379,0.5379,-8.2361,-7.1397,0.0098,0.0000,0.1986,0.0113,0.0070,0.7498,10.00,0.200,0.850,1.100,0.0210,0.0897,0.0056,0.00122,0.00073,0.00024,0.00024,0.00000,0.00000,0.00024,0.00000,0.00146,0.00146
1608200,0.5379,0.5379,-8.2736,-7.1746,0.0078,0.0000,0.2767,0.0101,0.0299,0.7455,10.00,0.200,0.850,1.100,0.0208,0.0699,0.0049,0.00146,0.00024,0.00000,0.00000,0.00000,0.00000,0.00024,0.00000,0.00024,0.00269
1608400,0.5379,0.5379,-8.2736,-7.1746,0.0075,0.0000,0.2585,0.0154,0.0184,0.6852,10.00,0.200,0.850,1.100,-0.0019,0.0759,0.0066,0.00293,0.00073,0.00000,0.00000,0.00000,0.00000,0.00000,0.00000,0.00098,0.00195
1608600,0.5379,0.5379,-8.2758,-7.1692,0.0086,0.0000,0.2472,0.0133,0.0181,0.7007,10.00,0.200,0.850,1.100,0.0102,0.0875,0.0051,0.00220,0.00049,0.00000,0.00024,0.00000,0.00000,0.00000,0.00000,0.00122,0.00098
1608800,0.5379,0.5379,-8.2758,-7.1692,0.0095,0.0000,0.2050,0.0172,0.0292,0.7483,10.00,0.200,0.850,1.100,0.0223,0.0773,0.0046,0.00220,0.00098,0.00000,0.00000,0.00000,0.00000,0.00000,0.00000,0.00024,0.00122
1609000,0.5379,0.5379,-8.2758,-7.1692,0.0086,0.0000,0.2312,0.0187,0.0321,0.6594,10.00,0.200,0.850,1.100,0.0180,0.0859,0.0051,0.00195,0.00073,0.00000,0.00024,0.00000,0.00000,0.00024,0.00000,0.00073,0.00122
1609200,0.5379,0.5379,-8.2987,-7.1472,0.0099,0.0000,0.1960,0.0152,0.0170,0.6333,10.00,0.200,0.850,1.100,0.0260,0.0710,0.0032,0.00049,0.00073,0.00000,0.00049,0.00000,0.00000,0.00000,0.00000,0.00073,0.00073
1609400,0.5379,0.5379,-8.2987,-7.1472,0.0078,0.0000,0.2131,0.0261,0.0305,0.6478,10.00,0.200,0.850,1.100,0.0188,0.0708,0.0051,0.00122,0.00000,0.00000,0.00000,0.00000,0.00000,0.00024,0.00000,0.00049,0.00317
1609600,0.5379,0.5379,-8.3317,-7.0785,0.0094,0.0000,0.3167,0.0059,0.0148,0.6639,10.00,0.200,0.850,1.100,0.0039,0.0735,0.0066,0.00269,0.00073,0.00000,0.00024,0.00000,0.00000,0.00000,0.00000,0.00098,0.00195
1609800,0.5379,0.5379,-8.3317,-7.0785,0.0093,0.0000,0.3118,0.0143,0.0182,0.7267,10.00,0.200,0.850,1.100,0.0188,0.0835,0.0046,0.00244,0.00000,0.00000,0.00024,0.00000,0.00000,0.00000,0.00000,0.00000,0.00195
1610000,0.5379,0.5379,-8.3317,-7.0785,0.0162,0.0000,0.2455,0.0111,0.0137,0.6486,10.00,0.200,0.850,1.100,0.0272,0.0877,0.0039,0.00122,0.00098,0.00000,0.00024,0.00000,0.00000,0.00000,0.00000,0.00049,0.00098
1610200,0.5379,0.5379,-8.3111,-7.2683,0.0081,0.0000,0.3110,0.0171,0.0324,0.8054,10.00,0.200,0.850,1.100,0.0293,0.0852,0.0037,0.00098,0.00122,0.00000,0.00000,0.00000,0.00000,0.00000,0.00000,0.00024,0.00122
1610400,0.5379,0.5379,-8.3111,-7.2683,0.0097,0.0000,0.2926,0.0072,0.0118,0.7538,10.00,0.200,0.850,1.100,0.0151,0.0960,0.0046,0.00122,0.00000,0.00000,0.00024,0.00000,0.00000,0.00024,0.00000,0.00171,0.00122
1610600,0.5379,0.5379,-8.3175,-7.3622,0.0090,0.0000,0.2929,0.0104,0.0396,0.5582,10.00,0.200,0.850,1.100,0.0170,0.0773,0.0044,0.00171,0.00073,0.00000,0.00024,0.00000,0.00000,0.00000,0.00000,0.00073,0.00098
1610800,0.5379,0.5379,-8.3175,-7.3622,0.0074,0.0000,0.2493,0.0136,0.0083,0.7988,10.00,0.200,0.850,1.100,0.0123,0.0665,0.0059,0.00195,0.00098,0.00000,0.00024,0.00000,0.00000,0.00024,0.00000,0.00098,0.00146
1611000,0.5379,0.5379,-8.3175,-7.3622,0.0100,0.0000,0.1959,0.0183,0.0352,0.6225,10.00,0.200,0.850,1.100,0.0266,0.0808,0.0024,0.00073,0.00000,0.00000,0.00000,0.00000,0.00000,0.00000,0.00024,0.00049,0.00098
1611200,0.5379,0.5379,-8.2525,-7.1849,0.0070,0.0000,0.1804,0.0133,0.0201,0.7271,10.00,0.200,0.850,1.100,0.0052,0.0881,0.0042,0.00122,0.00000,0.00000,0.00049,0.00000,0.00000,0.00000,0.00000,0.00122,0.00122
1611400,0.5379,0.5379,-8.2525,-7.1849,0.0108,0.0000,0.2304,0.0129,0.0183,0.7060,10.00,0.200,0.850,1.100,0.0122,0.0877,0.0051,0.00220,0.00049,0.00000,0.00000,0.00000,0.00000,0.00000,0.00000,0.00122,0.00122
1611600,0.5379,0.5379,-8.2924,-7.0692,0.0101,0.0000,0.3298,0.0133,0.0138,0.6841,10.00,0.200,0.850,1.100,-0.0006,0.0844,0.0061,0.00220,0.00024,0.00000,0.00000,0.00000,0.00000,0.00024,0.00000,0.00171,0.00171
1611800,0.5379,0.5379,-8.2924,-7.0692,0.0092,0.0000,0.3158,0.0181,0.0139,0.6883,10.00,0.200,0.850,1.100,0.0182,0.0876,0.0049,0.00220,0.00049,0.00000,0.00000,0.00000,0.00000,0.00000,0.00024,0.00098,0.00098
1612000,0.5379,0.5379,-8.2924,-7.0692,0.0080,0.0000,0.2617,0.0163,0.0059,0.8064,10.00,0.200,0.850,1.100,0.0168,0.0554,0.0059,0.00195,0.00122,0.00000,0.00000,0.00000,0.00000,0.00024,0.00000,0.00073,0.00171
1612200,0.5379,0.5379,-8.2384,-7.1418,0.0086,0.0000,0.3099,0.0160,0.0533,0.7201,10.00,0.200,0.850,1.100,0.0015,0.0927,0.0059,0.00293,0.00000,0.00000,0.00024,0.00000,0.00000,0.00000,0.00024,0.00122,0.00122
1612400,0.5379,0.5379,-8.2384,-7.1418,0.0083,0.0000,0.1864,0.0152,0.0256,0.7664,10.00,0.200,0.850,1.100,0.0050,0.0901,0.0049,0.00195,0.00000,0.00000,0.00000,0.00000,0.00000,0.00000,0.00000,0.00195,0.00098
1612600,0.5379,0.5379,-8.2408,-7.3720,0.0078,0.0000,0.2966,0.0156,0.0058,0.8784,10.00,0.200,0.850,1.100,0.0107,0.0723,0.0059,0.00220,0.00073,0.00000,0.00024,0.00000,0.00000,0.00000,0.00000,0.00146,0.00122
1612800,0.5379,0.5379,-8.2408,-7.3720,0.0103,0.0000,0.2038,0.0139,0.0122,0.7456,10.00,0.200,0.850,1.100,0.0295,0.0524,0.0039,0.00073,0.00098,0.00000,0.00049,0.00000,0.00000,0.00000,0.00000,0.00000,0.00171
1613000,0.5379,0.5379,-8.2408,-7.3720,0.0072,0.0000,0.2851,0.0169,0.0126,0.7743,10.00,0.200,0.850,1.100,0.0174,0.0768,0.0042,0.00122,0.00049,0.00000,0.00000,0.00000,0.00000,0.00000,0.00000,0.00098,0.00146
1613200,0.5379,0.5379,-8.2912,-7.2553,0.0112,0.0000,0.2981,0.0159,0.0173,0.9271,10.00,0.200,0.850,1.100,0.0041,0.0680,0.0059,0.00171,0.00024,0.00000,0.00000,0.00000,0.00000,0.00000,0.00000,0.00195,0.00195
1613400,0.5379,0.5379,-8.2912,-7.2553,0.0081,0.0000,0.3522,0.0119,0.0105,0.9403,10.00,0.200,0.850,1.100,0.0107,0.0799,0.0049,0.00171,0.00073,0.00000,0.00024,0.00000,0.00000,0.00000,0.00000,0.00098,0.00122
1613600,0.5379,0.5379,-8.3007,-7.2420,0.0097,0.0000,0.3632,0.0162,0.0243,0.7403,10.00,0.200,0.850,1.100,0.0265,0.0943,0.0034,0.00073,0.00024,0.00000,0.00000,0.00000,0.00000,0.00000,0.00000,0.00098,0.00146
1613800,0.5379,0.5379,-8.3007,-7.2420,0.0124,0.0000,0.2321,0.0118,0.0098,0.7118,10.00,0.200,0.850,1.100,0.0196,0.0754,0.0046,0.00122,0.00049,0.00000,0.00000,0.00000,0.00000,0.00000,0.00000,0.00098,0.00195
1614000,0.5379,0.5379,-8.3007,-7.2420,0.0081,0.0000,0.2752,0.0174,0.0542,0.6188,10.00,0.200,0.850,1.100,0.0191,0.0842,0.0046,0.00195,0.00049,0.00000,0.00024,0.00000,0.00000,0.00000,0.00000,0.00024,0.00171
1614200,0.5379,0.5379,-8.3432,-7.2765,0.0089,0.0000,0.2174,0.0155,0.0184,0.6583,10.00,0.200,0.850,1.100,0.0257,0.0821,0.0037,0.00098,0.00098,0.00000,0.00024,0.00000,0.00000,0.00000,0.00000,0.00098,0.00049
1614400,0.5379,0.5379,-8.3432,-7.2765,0.0099,0.0000,0.3214,0.0154,0.0379,0.7091,10.00,0.200,0.850,1.100,0.0199,0.0746,0.0046,0.00122,0.00073,0.00000,0.00000,0.00000,0.00000,0.00000,0.00000,0.00098,0.00171
1614600,0.5379,0.5379,-8.3282,-7.2243,0.0065,0.0000,0.1805,0.0122,0.0159,0.5705,10.00,0.200,0.850,1.100,0.0239,0.0602,0.0034,0.00049,0.00073,0.00000,0.00049,0.00000,0.00000,0.00000,0.00000,0.00098,0.00098
1614800,0.5379,0.5379,-8.3282,-7.2243,0.0090,0.0000,0.2774,0.0136,0.0261,0.7873,10.00,0.200,0.850,1.100,0.0080,0.0750,0.0051,0.00195,0.00073,0.00000,0.00024,0.00000,0.00000,0.00000,0.00000,0.00073,0.00146
1615000,0.5379,0.5379,-8.3282,-7.2243,0.0092,0.0000,0.3325,0.0137,0.0252,0.6456,10.00,0.200,0.850,1.100,0.0153,0.0814,0.0051,0.00195,0.00073,0.00000,0.00000,0.00000,0.00000,0.00049,0.00000,0.00049,0.00146
1615200,0.5379,0.5379,-8.3131,-7.0986,0.0090,0.0000,0.2204,0.0091,0.0151,0.7311,10.00,0.200,0.850,1.100,0.0234,0.0793,0.0042,0.00098,0.00073,0.00000,0.00024,0.00000,0.00000,0.00000,0.00000,0.00122,0.00098
1615400,0.5379,0.5379,-8.3131,-7.0986,0.0083,0.0000,0.2365,0.0077,0.0207,0.6603,10.00,0.200,0.850,1.100,0.0264,0.0866,0.0032,0.00122,0.00024,0.00000,0.00000,0.00000,0.00000,0.00000,0.00000,0.00049,0.00122
1615600,0.5379,0.5379,-8.3279,-7.1477,0.0087,0.0000,0.3264,0.0132,0.0126,0.7398,10.00,0.200,0.850,1.100,0.0069,0.0743,0.0054,0.00195,0.00024,0.00000,0.00024,0.00000,0.00000,0.00000,0.00000,0.00098,0.00220
1615800,0.5379,0.5379,-8.3279,-7.1477,0.0085,0.0000,0.2592,0.0381,0.0334,0.5339,10.00,0.200,0.850,1.100,0.0271,0.0844,0.0029,0.00122,0.00024,0.00000,0.00000,0.00000,0.00000,0.00000,0.00000,0.00049,0.00098
1616000,0.5379,0.5379,-8.3279,-7.1477,0.0088,0.0000,0.3072,0.0103,0.0357,0.6280,10.00,0.200,0.850,1.100,0.0232,0.0920,0.0037,0.00171,0.00049,0.00000,0.00024,0.00000,0.00000,0.00000,0.00000,0.00049,0.00073
1616200,0.5379,0.5379,-8.2724,-7.0392,0.0104,0.0000,0.2692,0.0112,0.0117,0.6932,10.00,0.200,0.850,1.100,0.0239,0.0809,0.0042,0.00073,0.00024,0.00000,0.00024,0.00000,0.00000,0.00000,0.00000,0.00146,0.00146
1616400,0.5379,0.5379,-8.2724,-7.0392,0.0120,0.0000,0.2280,0.0189,0.0277,0.6778,10.00,0.200,0.850,1.100,0.0206,0.0828,0.0027,0.00049,0.00049,0.00000,0.00000,0.00000,0.00000,0.00000,0.00000,0.00098,0.00073
1616600,0.5379,0.5379,-8.2682,-7.0339,0.0142,0.0000,0.2200,0.0074,0.0176,0.6391,10.00,0.200,0.850,1.100,0.0120,0.0984,0.0032,0.00122,0.00024,0.00000,0.00000,0.00000,0.00000,0.00000,0.00000,0.00098,0.00073
1616800,0.5379,0.5379,-8.2682,-7.0339,0.0062,0.0000,0.2455,0.0171,0.0186,0.7019,10.00,0.200,0.850,1.100,0.0341,0.0884,0.0032,0.00122,0.00000,0.00000,0.00049,0.00000,0.00000,0.00000,0.00000,0.00049,0.00098
1617000,0.5379,0.5379,-8.2682,-7.0339,0.0108,0.0000,0.2257,0.0134,0.0153,0.6282,10.00,0.200,0.850,1.100,0.0124,0.0912,0.0049,0.00122,0.00073,0.00024,0.00000,0.00000,0.00000,0.00024,0.00000,0.00171,0.00098
1617200,0.5379,0.5379,-8.2929,-7.0073,0.0086,0.0000,0.2839,0.0133,0.0206,0.6835,10.00,0.200,0.850,1.100,0.0140,0.0854,0.0042,0.00195,0.00049,0.00000,0.00000,0.00000,0.00000,0.00000,0.00000,0.00073,0.00098
1617400,0.5379,0.5379,-8.2929,-7.0073,0.0093,0.0000,0.2888,0.0147,0.0125,0.6762,10.00,0.200,0.850,1.100,0.0151,0.0762,0.0051,0.00146,0.00049,0.00000,0.00000,0.00000,0.00000,0.00024,0.00000,0.00073,0.00220
1617600,0.5379,0.5379,-8.2810,-7.1397,0.0083,0.0000,0.2475,0.0115,0.0297,0.5684,10.00,0.200,0.850,1.100,0.0172,0.0837,0.0051,0.00220,0.00024,0.00000,0.00000,0.00000,0.00000,0.00000,0.00000,0.00073,0.00195
1617800,0.5379,0.5379,-8.2810,-7.1397,0.0099,0.0000,0.2403,0.0098,0.0273,0.6355,10.00,0.200,0.850,1.100,0.0406,0.0829,0.0029,0.00049,0.00024,0.00000,0.00000,0.00000,0.00000,0.00000,0.00000,0.00024,0.00195
1618000,0.5379,0.5379,-8.2810,-7.1397,0.0086,0.0000,0.2631,0.0119,0.0374,0.5877,10.00,0.200,0.850,1.100,0.0192,0.0908,0.0037,0.00195,0.00024,0.00000,0.00024,0.00000,0.00000,0.00000,0.00000,0.00024,0.00098
1618200,0.5379,0.5379,-8.2671,-7.1228,0.0072,0.0000,0.2488,0.0135,0.0185,0.6541,10.00,0.200,0.850,1.100,0.0268,0.0777,0.0024,0.00000,0.00024,0.00000,0.00000,0.00000,0.00000,0.00000,0.00000,0.00073,0.00146
1618400,0.5379,0.5379,-8.2671,-7.1228,0.0088,0.0000,0.1763,0.0105,0.0348,0.6615,10.00,0.200,0.850,1.100,0.0107,0.0906,0.0044,0.00098,0.00024,0.00000,0.00024,0.00000,0.00000,0.00000,0.00000,0.00171,0.00122
1618600,0.5379,0.5379,-8.2248,-6.9514,0.0095,0.0000,0.3431,0.0114,0.0066,0.7199,10.00,0.200,0.850,1.100,0.0084,0.0731,0.0059,0.00244,0.00098,0.00000,0.00024,0.00000,0.00000,0.00024,0.00000,0.00098,0.00098
1618800,0.5379,0.5379,-8.2248,-6.9514,0.0094,0.0000,0.2016,0.0138,0.0157,0.6215,10.00,0.200,0.850,1.100,0.0193,0.0707,0.0049,0.00073,0.00073,0.00000,0.00024,0.00000,0.00000,0.00000,0.00000,0.00146,0.00171
1619000,0.5379,0.5379,-8.2248,-6.9514,0.0086,0.0000,0.2713,0.0104,0.0177,0.6334,10.00,0.200,0.850,1.100,0.0057,0.0955,0.0049,0.00122,0.00073,0.00000,0.00024,0.00000,0.00000,0.00000,0.00000,0.00244,0.00024
1619200,0.5379,0.5379,-8.2426,-7.2135,0.0091,0.0000,0.2194,0.0203,0.0119,0.8071,10.00,0.200,0.850,1.100,0.0254,0.0922,0.0024,0.00098,0.00000,0.00000,0.00024,0.00000,0.00000,0.00049,0.00000,0.00000,0.00073
1619400,0.5379,0.5379,-8.2426,-7.2135,0.0084,0.0000,0.2507,0.0141,0.0415,0.7022,10.00,0.200,0.850,1.100,0.0218,0.0782,0.0051,0.00122,0.00024,0.00000,0.00024,0.00000,0.00000,0.00000,0.00000,0.00073,0.00269
1619600,0.5379,0.5379,-8.3099,-7.2253,0.0124,0.0000,0.2681,0.0089,0.0178,0.7650,10.00,0.200,0.850,1.100,0.0242,0.0964,0.0027,0.00098,0.00000,0.00000,0.00000,0.00000,0.00000,0.00024,0.00000,0.00098,0.00073
1619800,0.5379,0.5379,-8.3099,-7.2253,0.0096,0.0000,0.2878,0.0125,0.0104,0.7319,10.00,0.200,0.850,1.100,0.0226,0.0640,0.0054,0.00244,0.00024,0.00000,0.00024,0.00000,0.00000,0.00000,0.00000,0.00049,0.00195
1620000,0.5379,0.5379,-8.3099,-7.2253,0.0075,0.0000,0.1964,0.0089,0.0321,0.6067,10.00,0.200,0.850,1.100,0.0296,0.0708,0.0034,0.00073,0.00024,0.00000,0.00024,0.00000,0.00000,0.00024,0.00000,0.00024,0.00171
1620200,0.5379,0.5379,-8.2832,-7.0730,0.0109,0.0000,0.2108,0.0123,0.0206,0.6808,10.00,0.200,0.850,1.100,0.0278,0.0688,0.0034,0.00122,0.00000,0.00000,0.00024,0.00000,0.00000,0.00000,0.00000,0.00000,0.00195
1620400,0.5379,0.5379,-8.2832,-7.0730,0.0093,0.0000,0.2154,0.0187,0.0290,0.7146,10.00,0.200,0.850,1.100,0.0130,0.0828,0.0054,0.00244,0.00024,0.00000,0.00024,0.00000,0.00000,0.00000,0.00000,0.00073,0.00171
1620600,0.5379,0.5379,-8.2575,-7.0072,0.0138,0.0000,0.2846,0.0087,0.0464,0.6574,10.00,0.200,0.850,1.100,0.0289,0.0871,0.0034,0.00122,0.00024,0.00000,0.00000,0.00000,0.00000,0.00000,0.00000,0.00049,0.00146
1620800,0.5379,0.5379,-8.2575,-7.0072,0.0121,0.0000,0.3055,0.0223,0.0125,0.7509,10.00,0.200,0.850,1.100,0.0275,0.0957,0.0029,0.00171,0.00024,0.00000,0.00000,0.00000,0.00000,0.00000,0.00000,0.00049,0.00049
1621000,0.5379,0.5379,-8.2575,-7.0072,0.0111,0.0000,0.2307,0.0140,0.0201,0.6862,10.00,0.200,0.850,1.100,0.0249,0.0583,0.0049,0.00146,0.00049,0.00000,0.00073,0.00000,0.00000,0.00000,0.00000,0.00049,0.00171
1621200,0.5379,0.5379,-8.2840,-7.1641,0.0097,0.0000,0.2328,0.0104,0.0097,0.8070,10.00,0.200,0.850,1.100,0.0228,0.0825,0.0037,0.00098,0.00098,0.00000,0.00000,0.00000,0.00000,0.00000,0.00000,0.00049,0.00122
1621400,0.5379,0.5379,-8.2840,-7.1641,0.0102,0.0000,0.1939,0.0115,0.0264,0.6857,10.00,0.200,0.850,1.100,0.0106,0.0743,0.0068,0.00171,0.00098,0.00000,0.00049,0.00000,0.00000,0.00000,0.00000,0.00220,0.00146
1621600,0.5379,0.5379,-8.1769,-7.1647,0.0086,0.0000,0.3528,0.0108,0.0235,0.7615,10.00,0.200,0.850,1.100,0.0275,0.0715,0.0039,0.00122,0.00073,0.00000,0.00024,0.00000,0.00000,0.00000,0.00000,0.00049,0.00122
1621800,0.5379,0.5379,-8.1769,-7.1647,0.0072,0.0000,0.2253,0.0105,0.0246,0.7840,10.00,0.200,0.850,1.100,0.0225,0.0860,0.0022,0.00122,0.00000,0.00000,0.00000,0.00000,0.00000,0.00000,0.00000,0.00024,0.00073
1622000,0.5379,0.5379,-8.1769,-7.1647,0.0082,0.0000,0.2312,0.0180,0.0454,0.7357,10.00,0.200,0.850,1.100,0.0075,0.0959,0.0037,0.00195,0.00000,0.00000,0.00000,0.00000,0.00000,0.00000,0.00000,0.00098,0.00073
1622200,0.5379,0.5379,-8.2985,-7.3042,0.0106,0.0000,0.3322,0.0184,0.0226,0.8124,10.00,0.200,0.850,1.100,-0.0012,0.0755,0.0063,0.00391,0.00024,0.00000,0.00000,0.00000,0.00000,0.00000,0.00000,0.00073,0.00146
1622400,0.5379,0.5379,-8.2985,-7.3042,0.0083,0.0000,0.2605,0.0107,0.0209,0.9839,10.00,0.200,0.850,1.100,0.0149,0.0924,0.0039,0.00146,0.00024,0.00000,0.00000,0.00000,0.00000,0.00000,0.00000,0.00146,0.00073
1622600,0.5379,0.5379,-8.2074,-7.1970,0.0091,0.0000,0.3279,0.0225,0.0318,0.5817,10.00,0.200,0.850,1.100,0.0310,0.0697,0.0034,0.00098,0.00049,0.00000,0.00000,0.00000,0.00000,0.00000,0.00000,0.00049,0.00146
1622800,0.5379,0.5379,-8.2074,-7.1970,0.0075,0.0000,0.2620,0.0258,0.0148,0.5685,10.00,0.200,0.850,1.100,0.0152,0.0735,0.0051,0.00171,0.00122,0.00000,0.00000,0.00000,0.00000,0.00024,0.00000,0.00098,0.00098
1623000,0.5379,0.5379,-8.2074,-7.1970,0.0102,0.0000,0.2867,0.0148,0.0402,0.7074,10.00,0.200,0.850,1.100,0.0039,0.0857,0.0068,0.00293,0.00049,0.00000,0.00000,0.00000,0.00000,0.00000,0.00000,0.00146,0.00195
1623200,0.5379,0.5379,-8.1841,-7.1929,0.0077,0.0000,0.2443,0.0237,0.0130,0.6996,10.00,0.200,0.850,1.100,0.0132,0.0872,0.0049,0.00220,0.00073,0.00000,0.00024,0.00000,0.00000,0.00000,0.00000,0.00098,0.00073
1623400,0.5379,0.5379,-8.1841,-7.1929,0.0084,0.0000,0.2356,0.0175,0.0096,0.6776,10.00,0.200,0.850,1.100,0.0233,0.0733,0.0054,0.00146,0.00146,0.00000,0.00000,0.00000,0.00000,0.00000,0.00000,0.00122,0.00122
1623600,0.5379,0.5379,-8.2651,-7.2458,0.0098,0.0000,0.1690,0.0220,0.0274,0.7624,10.00,0.200,0.850,1.100,0.0122,0.0793,0.0039,0.00122,0.00024,0.00000,0.00024,0.00000,0.00000,0.00000,0.00024,0.00146,0.00073
1623800,0.5379,0.5379,-8.2651,-7.2458,0.0078,0.0000,0.2130,0.0128,0.0430,0.8719,10.00,0.200,0.850,1.100,0.0295,0.0665,0.0037,0.00024,0.00098,0.00000,0.00000,0.00000,0.00000,0.00024,0.00000,0.00073,0.00146
1624000,0.5379,0.5379,-8.2651,-7.2458,0.0088,0.0000,0.1892,0.0180,0.0182,0.7287,10.00,0.200,0.850,1.100,0.0196,0.0815,0.0054,0.00195,0.00000,0.00000,0.00049,0.00000,0.00000,0.00000,0.00000,0.00122,0.00171
1624200,0.5379,0.5379,-8.2434,-6.9678,0.0092,0.0000,0.2515,0.0193,0.0400,0.7587,10.00,0.200,0.850,1.100,0.0142,0.0863,0.0037,0.00171,0.00024,0.00000,0.00024,0.00000,0.00000,0.00000,0.00000,0.00073,0.00073
1624400,0.5379,0.5379,-8.2434,-6.9678,0.0077,0.0000,0.3280,0.0169,0.0219,0.6570,10.00,0.200,0.850,1.100,0.0243,0.0816,0.0049,0.00195,0.00098,0.00000,0.00000,0.00000,0.00000,0.00024,0.00000,0.00049,0.00122
1624600,0.5379,0.5379,-8.2216,-7.0409,0.0112,0.0000,0.2773,0.0145,0.0209,0.7670,10.00,0.200,0.850,1.100,0.0197,0.0677,0.0051,0.00146,0.00122,0.00000,0.00073,0.00000,0.00000,0.00000,0.00000,0.00049,0.00122
1624800,0.5379,0.5379,-8.2216,-7.0409,0.0084,0.0000,0.2374,0.0154,0.0166,0.7156,10.00,0.200,0.850,1.100,0.0149,0.0716,0.0059,0.00195,0.00049,0.00000,0.00000,0.00000,0.00000,0.00000,0.00000,0.00098,0.00244
1625000,0.5379,0.5379,-8.2216,-7.0409,0.0098,0.0000,0.3687,0.0185,0.0076,0.7168,10.00,0.200,0.850,1.100,0.0214,0.0712,0.0049,0.00220,0.00073,0.00000,0.00024,0.00000,0.00000,0.00000,0.00000,0.00024,0.00146
1625200,0.5379,0.5379,-8.1863,-7.2235,0.0117,0.0000,0.2407,0.0181,0.0097,0.7125,10.00,0.200,0.850,1.100,0.0180,0.0711,0.0059,0.00146,0.00146,0.00000,0.00049,0.00000,0.00000,0.00000,0.00000,0.00122,0.00122
1625400,0.5379,0.5379,-8.1863,-7.2235,0.0080,0.0000,0.2189,0.0164,0.0121,0.6397,10.00,0.200,0.850,1.100,0.0264,0.0739,0.0032,0.00098,0.00049,0.00000,0.00073,0.00000,0.00000,0.00000,0.00000,0.00049,0.00049
1625600,0.5379,0.5379,-8.2711,-7.1207,0.0097,0.0000,0.3386,0.0156,0.0152,0.6475,10.00,0.200,0.850,1.100,0.0099,0.0778,0.0049,0.00122,0.00073,0.00000,0.00000,0.00000,0.00000,0.00000,0.00000,0.00146,0.00146
1625800,0.5379,0.5379,-8.2711,-7.1207,0.0096,0.0000,0.2325,0.0172,0.0379,0.6133,10.00,0.200,0.850,1.100,0.0251,0.0799,0.0042,0.00146,0.00049,0.00000,0.00024,0.00000,0.00000,0.00000,0.00000,0.00073,0.00122
1626000,0.5379,0.5379,-8.2711,-7.1207,0.0048,0.0000,0.2394,0.0305,0.0188,0.6904,10.00,0.200,0.850,1.100,0.0240,0.0931,0.0034,0.00171,0.00073,0.00000,0.00000,0.00000,0.00000,0.00000,0.00000,0.00073,0.00024
1626200,0.5379,0.5379,-8.3407,-7.2148,0.0084,0.0000,0.2902,0.0142,0.0260,0.6804,10.00,0.200,0.850,1.100,0.0104,0.0908,0.0049,0.00269,0.00000,0.00000,0.00000,0.00000,0.00000,0.00024,0.00000,0.00122,0.00098
1626400,0.5379,0.5379,-8.3407,-7.2148,0.0079,0.0000,0.1967,0.0097,0.0228,0.6414,10.00,0.200,0.850,1.100,0.0144,0.0907,0.0034,0.00171,0.00000,0.00000,0.00000,0.00000,0.00000,0.00000,0.00000,0.00049,0.00122
1626600,0.5379,0.5379,-8.3532,-7.0222,0.0080,0.0000,0.2272,0.0087,0.0159,0.6061,10.00,0.200,0.850,1.100,0.0036,0.0898,0.0056,0.00293,0.00049,0.00000,0.00049,0.00000,0.00000,0.00024,0.00000,0.00073,0.00073
1626800,0.5379,0.5379,-8.3532,-7.0222,0.0088,0.0000,0.2883,0.0122,0.0095,0.7534,10.00,0.200,0.850,1.100,0.0327,0.0914,0.0022,0.00049,0.00000,0.00000,0.00000,0.00000,0.00000,0.00000,0.00000,0.00073,0.00098
1627000,0.5379,0.5379,-8.3532,-7.0222,0.0078,0.0000,0.3173,0.0108,0.0167,0.5912,10.00,0.200,0.850,1.100,0.0277,0.0715,0.0059,0.00195,0.00146,0.00000,0.00000,0.00000,0.00000,0.00000,0.00000,0.00000,0.00244
1627200,0.5379,0.5379,-8.2801,-7.0710,0.0099,0.0000,0.2205,0.0146,0.0136,0.6252,10.00,0.200,0.850,1.100,0.0197,0.0823,0.0029,0.00049,0.00000,0.00000,0.00024,0.00000,0.00000,0.00000,0.00000,0.00122,0.00098
1627400,0.5379,0.5379,-8.2801,-7.0710,0.0071,0.0000,0.2184,0.0142,0.0265,0.6548,10.00,0.200,0.850,1.100,0.0071,0.0872,0.0054,0.00220,0.00049,0.00000,0.00000,0.00000,0.00000,0.00000,0.00000,0.00098,0.00171
1627600,0.5379,0.5379,-8.3069,-6.9525,0.0127,0.0000,0.2993,0.0157,0.0282,0.6561,10.00,0.200,0.850,1.100,0.0180,0.0788,0.0049,0.00195,0.00024,0.00000,0.00000,0.00000,0.00000,0.00000,0.00000,0.00073,0.00195
1627800,0.5379,0.5379,-8.3069,-6.9525,0.0239,0.0000,0.2373,0.0197,0.0168,0.5136,10.00,0.200,0.850,1.100,0.0278,0.0897,0.0032,0.00122,0.00000,0.00000,0.00000,0.00000,0.00000,0.00000,0.00000,0.00049,0.00146
1628000,0.5379,0.5379,-8.3069,-6.9525,0.0095,0.0000,0.2050,0.0095,0.0152,0.7875,10.00,0.200,0.850,1.100,0.0009,0.0867,0.0051,0.00122,0.00049,0.00000,0.00049,0.00000,0.00000,0.00000,0.00000,0.00195,0.00098
1628200,0.5379,0.5379,-8.2915,-7.1710,0.0113,0.0000,0.2993,0.0191,0.0217,0.6796,10.00,0.200,0.850,1.100,0.0256,0.0824,0.0024,0.00122,0.00000,0.00000,0.00000,0.00000,0.00000,0.00000,0.00000,0.00024,0.00098
1628400,0.5379,0.5379,-8.2915,-7.1710,0.0067,0.0000,0.3606,0.0170,0.0267,0.5897,10.00,0.200,0.850,1.100,0.0155,0.0763,0.0046,0.00171,0.00073,0.00000,0.00049,0.00000,0.00000,0.00024,0.00000,0.00049,0.00098
1628600,0.5379,0.5379,-8.2696,-6.8079,0.0066,0.0000,0.2759,0.0124,0.0177,0.7572,10.00,0.200,0.850,1.100,0.0160,0.0776,0.0059,0.00220,0.00049,0.00000,0.00000,0.00000,0.00000,0.00024,0.00000,0.00098,0.00195
1628800,0.5379,0.5379,-8.2696,-6.8079,0.0097,0.0000,0.2771,0.0103,0.0149,0.6863,10.00,0.200,0.850,1.100,0.0039,0.0884,0.0051,0.00269,0.00049,0.00000,0.00073,0.00000,0.00000,0.00049,0.00000,0.00073,0.00024
1629000,0.5379,0.5379,-8.2696,-6.8079,0.0087,0.0000,0.1742,0.0110,0.0457,0.7380,10.00,0.200,0.850,1.100,0.0268,0.0849,0.0027,0.00000,0.00098,0.00000,0.00000,0.00000,0.00000,0.00000,0.00000,0.00146,0.00024
1629200,0.5379,0.5379,-8.2831,-7.0457,0.0079,0.0000,0.2251,0.0148,0.0086,0.5861,10.00,0.200,0.850,1.100,0.0136,0.0804,0.0044,0.00073,0.00000,0.00000,0.00049,0.00000,0.00000,0.00000,0.00000,0.00171,0.00146
1629400,0.5379,0.5379,-8.2831,-7.0457,0.0081,0.0000,0.2899,0.0178,0.0123,0.6802,10.00,0.200,0.850,1.100,0.0264,0.0911,0.0032,0.00122,0.00049,0.00000,0.00000,0.00000,0.00000,0.00000,0.00000,0.00073,0.00073
1629600,0.5379,0.5379,-8.2914,-7.0185,0.0079,0.0000,0.2236,0.0178,0.0204,0.6184,10.00,0.200,0.850,1.100,0.0192,0.0861,0.0051,0.00146,0.00049,0.00000,0.00024,0.00000,0.00000,0.00000,0.00000,0.00098,0.00195
1629800,0.5379,0.5379,-8.2914,-7.0185,0.0083,0.0000,0.1196,0.0185,0.0007,0.5003,10.00,0.200,0.850,1.100,-0.0348,-0.0366,0.0000,0.00000,0.00000,0.00000,0.00000,0.00000,0.00000,0.00000,0.00000,0.00000,0.00000
1630000,0.5379,0.5379,-8.2914,-7.0185,0.0095,0.0000,0.2860,0.0232,0.0171,0.7844,10.00,0.200,0.850,1.100,-0.0033,0.0851,0.0063,0.00269,0.00049,0.00000,0.00000,0.00000,0.00000,0.00000,0.00000,0.00195,0.00122
1630200,0.5379,0.5379,-8.2097,-7.0590,0.0071,0.0000,0.3021,0.0125,0.0336,0.7185,10.00,0.200,0.850,1.100,0.0225,0.0758,0.0054,0.00146,0.00195,0.00000,0.00000,0.00000,0.00000,0.00024,0.00000,0.00049,0.00122
1630400,0.5379,0.5379,-8.2097,-7.0590,0.0101,0.0000,0.2369,0.0126,0.0299,0.7619,10.00,0.200,0.850,1.100,0.0062,0.0795,0.0068,0.00342,0.00024,0.00000,0.00000,0.00000,0.00000,0.00024,0.00000,0.00073,0.00220
1630600,0.5379,0.5379,-8.2466,-7.2449,0.0108,0.0000,0.3278,0.0171,0.0138,0.7149,10.00,0.200,0.850,1.100,0.0215,0.0692,0.0044,0.00098,0.00049,0.00000,0.00000,0.00000,0.00000,0.00000,0.00000,0.00122,0.00171
1630800,0.5379,0.5379,-8.2466,-7.2449,0.0117,0.0000,0.2587,0.0164,0.0294,0.7011,10.00,0.200,0.850,1.100,0.0234,0.0818,0.0039,0.00171,0.00073,0.00000,0.00024,0.00000,0.00000,0.00024,0.00000,0.00049,0.00049
1631000,0.5379,0.5379,-8.2466,-7.2449,0.0106,0.0000,0.2839,0.0170,0.0151,0.8472,10.00,0.200,0.850,1.100,0.0004,0.0896,0.0042,0.00098,0.00024,0.00000,0.00000,0.00000,0.00000,0.00000,0.00000,0.00171,0.00122
1631200,0.5379,0.5379,-8.3310,-7.2284,0.0075,0.0000,0.3137,0.0163,0.0100,0.7338,10.00,0.200,0.850,1.100,0.0273,0.0798,0.0042,0.00171,0.00000,0.00000,0.00024,0.00000,0.00000,0.00000,0.00000,0.00024,0.00195
1631400,0.5379,0.5379,-8.3310,-7.2284,0.0125,0.0000,0.3297,0.0087,0.0286,0.7401,10.00,0.200,0.850,1.100,0.0214,0.0666,0.0051,0.00171,0.00073,0.00000,0.00024,0.00000,0.00000,0.00024,0.00000,0.00024,0.00195
1631600,0.5379,0.5379,-8.3142,-7.2643,0.0056,0.0000,0.0998,0.0185,0.0039,0.4290,10.00,0.200,0.850,1.100,-0.0123,-0.0308,0.0000,0.00000,0.00000,0.00000,0.00000,0.00000,0.00000,0.00000,0.00000,0.00000,0.00000
1631800,0.5379,0.5379,-8.3142,-7.2643,0.0093,0.0000,0.2299,0.0165,0.0295,0.9011,10.00,0.200,0.850,1.100,0.0194,0.0648,0.0049,0.00171,0.00073,0.00000,0.00000,0.00000,0.00000,0.00000,0.00000,0.00049,0.00195
1632000,0.5379,0.5379,-8.3142,-7.2643,0.0070,0.0000,0.2198,0.0123,0.0220,0.9429,10.00,0.200,0.850,1.100,0.0122,0.0651,0.0051,0.00171,0.00024,0.00000,0.00049,0.00000,0.00000,0.00000,0.00000,0.00122,0.00146
1632200,0.5379,0.5379,-8.4206,-7.4400,0.0118,0.0000,0.2501,0.0206,0.0135,0.6268,10.00,0.200,0.850,1.100,0.0171,0.0805,0.0051,0.00244,0.00024,0.00000,0.00024,0.00000,0.00000,0.00000,0.00000,0.00049,0.00171
1632400,0.5379,0.5379,-8.4206,-7.4400,0.0117,0.0000,0.2145,0.0164,0.0440,0.7273,10.00,0.200,0.850,1.100,0.0085,0.0804,0.0059,0.00342,0.00146,0.00000,0.00000,0.00000,0.00000,0.00024,0.00000,0.00000,0.00073
1632600,0.5379,0.5379,-8.2144,-7.4441,0.0071,0.0000,0.2103,0.0177,0.0271,0.6144,10.00,0.200,0.850,1.100,0.0315,0.0649,0.0034,0.00024,0.00146,0.00000,0.00024,0.00000,0.00000,0.00000,0.00000,0.00024,0.00122
1632800,0.5379,0.5379,-8.2144,-7.4441,0.0096,0.0000,0.2422,0.0142,0.0155,0.6997,10.00,0.200,0.850,1.100,0.0182,0.0749,0.0039,0.00146,0.00000,0.00000,0.00000,0.00000,0.00000,0.00000,0.00000,0.00098,0.00146
1633000,0.5379,0.5379,-8.2144,-7.4441,0.0077,0.0000,0.2814,0.0102,0.0659,0.8453,10.00,0.200,0.850,1.100,0.0045,0.0693,0.0054,0.00244,0.00073,0.00000,0.00000,0.00000,0.00000,0.00000,0.00000,0.00098,0.00122
1633200,0.5379,0.5379,-8.3110,-7.2929,0.0078,0.0000,0.2868,0.0152,0.0150,0.7903,10.00,0.200,0.850,1.100,0.0231,0.0713,0.0049,0.00146,0.00122,0.00000,0.00000,0.00000,0.00000,0.00000,0.00000,0.00122,0.00098
1633400,0.5379,0.5379,-8.3110,-7.2929,0.0081,0.0000,0.0953,0.0154,0.0037,0.4872,10.00,0.200,0.850,1.100,0.0142,-0.0044,0.0000,0.00000,0.00000,0.00000,0.00000,0.00000,0.00000,0.00000,0.00000,0.00000,0.00000
1633600,0.5379,0.5379,-8.3088,-7.1962,0.0094,0.0000,0.2892,0.0104,0.0121,0.9324,10.00,0.200,0.850,1.100,0.0277,0.0609,0.0039,0.00122,0.00024,0.00000,0.00000,0.00000,0.00000,0.00000,0.00000,0.00073,0.00171
1633800,0.5379,0.5379,-8.3088,-7.1962,0.0102,0.0000,0.2550,0.0091,0.0114,0.8810,10.00,0.200,0.850,1.100,-0.0006,0.0726,0.0063,0.00269,0.00049,0.00000,0.00000,0.00000,0.00000,0.00024,0.00000,0.00146,0.00146
1634000,0.5379,0.5379,-8.3088,-7.1962,0.0091,0.0000,0.2940,0.0330,0.0156,0.9434,10.00,0.200,0.850,1.100,0.0113,0.0794,0.0059,0.00269,0.00073,0.00000,0.00000,0.00000,0.00000,0.00000,0.00000,0.00122,0.00122
1634200,0.5379,0.5379,-8.3279,-7.1726,0.0116,0.0000,0.2866,0.0088,0.0385,0.8597,10.00,0.200,0.850,1.100,0.0196,0.0663,0.0049,0.00073,0.00049,0.00000,0.00049,0.00000,0.00000,0.00000,0.00000,0.00171,0.00146
1634400,0.5379,0.5379,-8.3279,-7.1726,0.0064,0.0000,0.2844,0.0161,0.0207,0.7575,10.00,0.200,0.850,1.100,0.0184,0.0732,0.0039,0.00146,0.00000,0.00000,0.00000,0.00000,0.00000,0.00024,0.00000,0.00098,0.00122
1634600,0.5379,0.5379,-8.3299,-7.1666,0.0081,0.0000,0.2122,0.0119,0.0148,0.7399,10.00,0.200,0.850,1.100,0.0241,0.0900,0.0034,0.00146,0.00024,0.00000,0.00000,0.00000,0.00000,0.00000,0.00000,0.00024,0.00146
1634800,0.5379,0.5379,-8.3299,-7.1666,0.0074,0.0000,0.2133,0.0135,0.0296,0.7450,10.00,0.200,0.850,1.100,0.0181,0.0883,0.0034,0.00171,0.00000,0.00000,0.00024,0.00000,0.00000,0.00000,0.00000,0.00098,0.00049
1635000,0.5379,0.5379,-8.3299,-7.1666,0.0107,0.0000,0.3702,0.0126,0.0194,0.6950,10.00,0.200,0.850,1.100,0.0167,0.0754,0.0056,0.00244,0.00073,0.00000,0.00024,0.00000,0.00000,0.00024,0.00000,0.00024,0.00171
1635200,0.5379,0.5379,-8.2329,-7.0785,0.0077,0.0000,0.1037,0.0197,0.0081,0.5317,10.00,0.200,0.850,1.100,0.0195,0.0100,0.0000,0.00000,0.00000,0.00000,0.00000,0.00000,0.00000,0.00000,0.00000,0.00000,0.00000
1635400,0.5379,0.5379,-8.2329,-7.0785,0.0086,0.0000,0.3182,0.0123,0.0138,0.7130,10.00,0.200,0.850,1.100,0.0300,0.0730,0.0044,0.00098,0.00024,0.00000,0.00000,0.00000,0.00000,0.00000,0.00000,0.00073,0.00244
1635600,0.5379,0.5379,-8.2928,-7.2438,0.0091,0.0000,0.2336,0.0109,0.0135,0.6241,10.00,0.200,0.850,1.100,0.0288,0.0845,0.0039,0.00073,0.00073,0.00000,0.00000,0.00000,0.00000,0.00024,0.00000,0.00049,0.00171
1635800,0.5379,0.5379,-8.2928,-7.2438,0.0123,0.0000,0.3050,0.0225,0.0289,0.6550,10.00,0.200,0.850,1.100,0.0188,0.0857,0.0046,0.00244,0.00024,0.00000,0.00000,0.00000,0.00000,0.00000,0.00000,0.00024,0.00171
1636000,0.5379,0.5379,-8.2928,-7.2438,0.0089,0.0000,0.3205,0.0095,0.0118,0.6984,10.00,0.200,0.850,1.100,0.0232,0.0960,0.0037,0.00171,0.00024,0.00000,0.00024,0.00000,0.00000,0.00000,0.00000,0.00073,0.00073
1636200,0.5379,0.5379,-8.2270,-6.9642,0.0122,0.0000,0.2091,0.0091,0.0407,0.6835,10.00,0.200,0.850,1.100,0.0248,0.0782,0.0042,0.00122,0.00073,0.00000,0.00000,0.00000,0.00000,0.00000,0.00000,0.00049,0.00171
1636400,0.5379,0.5379,-8.2270,-6.9642,0.0091,0.0000,0.2739,0.0119,0.0103,0.6622,10.00,0.200,0.850,1.100,0.0154,0.0900,0.0037,0.00171,0.00024,0.00000,0.00000,0.00000,0.00000,0.00000,0.00000,0.00098,0.00098
1636600,0.5379,0.5379,-8.2971,-7.0105,0.0087,0.0000,0.2100,0.0095,0.0127,0.6308,10.00,0.200,0.850,1.100,0.0176,0.0801,0.0044,0.00146,0.00024,0.00000,0.00049,0.00000,0.00000,0.00000,0.00000,0.00098,0.00122
1636800,0.5379,0.5379,-8.2971,-7.0105,0.0099,0.0000,0.3256,0.0118,0.0187,0.5159,10.00,0.200,0.850,1.100,0.0191,0.0787,0.0042,0.00195,0.00073,0.00000,0.00024,0.00000,0.00000,0.00000,0.00000,0.00049,0.00073
1637000,0.5379,0.5379,-8.2971,-7.0105,0.0069,0.0000,0.0999,0.0225,0.0077,0.5034,10.00,0.200,0.850,1.100,0.0223,0.0216,0.0000,0.00000,0.00000,0.00000,0.00000,0.00000,0.00000,0.00000,0.00000,0.00000,0.00000
1637200,0.5379,0.5379,-8.2400,-7.1718,0.0129,0.0000,0.2442,0.0090,0.0111,0.6860,10.00,0.200,0.850,1.100,0.0360,0.0650,0.0042,0.00049,0.00000,0.00000,0.00024,0.00000,0.00000,0.00000,0.00000,0.00000,0.00342
1637400,0.5379,0.5379,-8.2400,-7.1718,0.0112,0.0000,0.3324,0.0147,0.0116,0.5939,10.00,0.200,0.850,1.100,0.0328,0.0807,0.0027,0.00049,0.00000,0.00000,0.00000,0.00000,0.00000,0.00000,0.00000,0.00024,0.00195
1637600,0.5379,0.5379,-8.3251,-7.0251,0.0089,0.0000,0.2718,0.0087,0.0313,0.5859,10.00,0.200,0.850,1.100,0.0240,0.0761,0.0044,0.00073,0.00073,0.00024,0.00024,0.00000,0.00000,0.00000,0.00000,0.00073,0.00171
1637800,0.5379,0.5379,-8.3251,-7.0251,0.0086,0.0000,0.3406,0.0200,0.0273,0.5240,10.00,0.200,0.850,1.100,-0.0043,0.0833,0.0066,0.00293,0.00049,0.00000,0.00000,0.00000,0.00000,0.00024,0.00000,0.00122,0.00171
1638000,0.5379,0.5379,-8.3251,-7.0251,0.0091,0.0000,0.1554,0.0247,0.0146,0.6120,10.00,0.200,0.850,1.100,0.0147,0.0658,0.0059,0.00220,0.00049,0.00000,0.00000,0.00000,0.00000,0.00000,0.00000,0.00098,0.00220
1638200,0.5379,0.5379,-8.2581,-6.9692,0.0114,0.0000,0.2254,0.0092,0.0211,0.6607,10.00,0.200,0.850,1.100,0.0210,0.0805,0.0042,0.00073,0.00098,0.00000,0.00024,0.00000,0.00000,0.00000,0.00000,0.00073,0.00146
1638400,0.5379,0.5379,-8.2581,-6.9692,0.0100,0.0000,0.2813,0.0187,0.0222,0.6946,10.00,0.200,0.850,1.100,0.0208,0.0786,0.0046,0.00171,0.00073,0.00000,0.00024,0.00000,0.00000,0.00024,0.00000,0.00024,0.00146
1638600,0.5379,0.5379,-8.2250,-7.0593,0.0085,0.0000,0.2780,0.0141,0.0169,0.5892,10.00,0.200,0.850,1.100,0.0223,0.0868,0.0044,0.00098,0.00122,0.00000,0.00000,0.00000,0.00000,0.00000,0.00000,0.00146,0.00073
1638800,0.5379,0.5379,-8.2250,-7.0593,0.0076,0.0000,0.1548,0.0211,0.0057,0.5176,10.00,0.200,0.850,1.100,0.0237,0.0346,0.0000,0.00000,0.00000,0.00000,0.00000,0.00000,0.00000,0.00000,0.00000,0.00000,0.00000
1639000,0.5379,0.5379,-8.2250,-7.0593,0.0077,0.0000,0.2817,0.0088,0.0194,0.7514,10.00,0.200,0.850,1.100,0.0118,0.0815,0.0046,0.00146,0.00049,0.00000,0.00000,0.00000,0.00000,0.00000,0.00000,0.00098,0.00171
1639200,0.5379,0.5379,-8.2670,-7.2445,0.0134,0.0000,0.2659,0.0194,0.0255,0.5354,10.00,0.200,0.850,1.100,0.0085,0.0828,0.0046,0.00244,0.00073,0.00000,0.00000,0.00000,0.00000,0.00024,0.00000,0.00024,0.00098
1639400,0.5379,0.5379,-8.2670,-7.2445,0.0099,0.0000,0.2922,0.0184,0.0263,0.5831,10.00,0.200,0.850,1.100,0.0219,0.0716,0.0039,0.00146,0.00073,0.00000,0.00024,0.00000,0.00000,0.00000,0.00000,0.00073,0.00098
1639600,0.5379,0.5379,-8.3054,-7.0810,0.0073,0.0000,0.2371,0.0135,0.0111,0.7499,10.00,0.200,0.850,1.100,0.0220,0.0741,0.0059,0.00146,0.00073,0.00000,0.00024,0.00000,0.00000,0.00000,0.00000,0.00146,0.00195
1639800,0.5379,0.5379,-8.3054,-7.0810,0.0103,0.0000,0.2438,0.0197,0.0172,0.6470,10.00,0.200,0.850,1.100,0.0179,0.0709,0.0042,0.00122,0.00000,0.00000,0.00049,0.00000,0.00000,0.00000,0.00000,0.00098,0.00146
1640000,0.5379,0.5379,-8.3054,-7.0810,0.0095,0.0000,0.2733,0.0161,0.0075,0.6565,10.00,0.200,0.850,1.100,0.0182,0.0827,0.0027,0.00049,0.00024,0.00000,0.00000,0.00000,0.00000,0.00000,0.00000,0.00073,0.00122
1640200,0.5379,0.5379,-8.3352,-7.2012,0.0075,0.0000,0.2567,0.0140,0.0215,0.7838,10.00,0.200,0.850,1.100,0.0125,0.0771,0.0051,0.00220,0.00049,0.00000,0.00000,0.00000,0.00000,0.00024,0.00000,0.00073,0.00146
1640400,0.5379,0.5379,-8.3352,-7.2012,0.0107,0.0000,0.3044,0.0253,0.0111,0.8074,10.00,0.200,0.850,1.100,0.0292,0.0835,0.0037,0.00146,0.00049,0.00000,0.00049,0.00000,0.00000,0.00024,0.00000,0.00073,0.00073
1640600,0.5379,0.5379,-8.3002,-7.2364,0.0104,0.0000,0.1422,0.0150,0.0034,0.6209,10.00,0.200,0.850,1.100,0.0256,0.0480,0.0000,0.00000,0.00000,0.00000,0.00000,0.00000,0.00000,0.00000,0.00000,0.00000,0.00000
1640800,0.5379,0.5379,-8.3002,-7.2364,0.0071,0.0000,0.2732,0.0134,0.0098,0.7861,10.00,0.200,0.850,1.100,0.0186,0.0798,0.0042,0.00073,0.00098,0.00000,0.00000,0.00000,0.00000,0.00000,0.00000,0.00122,0.00122
1641000,0.5379,0.5379,-8.3002,-7.2364,0.0168,0.0000,0.2346,0.0094,0.0268,0.6776,10.00,0.200,0.850,1.100,0.0303,0.0739,0.0044,0.00146,0.00073,0.00000,0.00024,0.00000,0.00000,0.00000,0.00000,0.00000,0.00195
1641200,0.5379,0.5379,-8.2791,-7.2532,0.0081,0.0000,0.3141,0.0096,0.0193,0.7437,10.00,0.200,0.850,1.100,0.0258,0.0630,0.0054,0.00122,0.00171,0.00000,0.00024,0.00000,0.00000,0.00000,0.00000,0.00049,0.00171
1641400,0.5379,0.5379,-8.2791,-7.2532,0.0071,0.0000,0.3587,0.0132,0.0260,0.7363,10.00,0.200,0.850,1.100,0.0107,0.0671,0.0063,0.00244,0.00049,0.00000,0.00049,0.00000,0.00000,0.00000,0.00024,0.00098,0.00171
1641600,0.5379,0.5379,-8.2654,-7.2161,0.0084,0.0000,0.2442,0.0190,0.0176,0.7263,10.00,0.200,0.850,1.100,0.0140,0.0646,0.0051,0.00171,0.00049,0.00000,0.00073,0.00000,0.00000,0.00000,0.00000,0.00073,0.00171
1641800,0.5379,0.5379,-8.2654,-7.2161,0.0112,0.0000,0.2845,0.0129,0.0201,0.6808,10.00,0.200,0.850,1.100,0.0300,0.0847,0.0039,0.00073,0.00049,0.00000,0.00000,0.00000,0.00000,0.00000,0.00000,0.00049,0.00220
1642000,0.5379,0.5379,-8.2654,-7.2161,0.0109,0.0000,0.2873,0.0184,0.0372,0.8049,10.00,0.200,0.850,1.100,0.0163,0.0878,0.0039,0.00195,0.00000,0.00000,0.00000,0.00000,0.00000,0.00000,0.00000,0.00122,0.00073
1642200,0.5379,0.5379,-8.2698,-7.1806,0.0079,0.0000,0.2071,0.0091,0.0364,0.6711,10.00,0.200,0.850,1.100,0.0271,0.0683,0.0046,0.00122,0.00024,0.00000,0.00024,0.00000,0.00000,0.00000,0.00000,0.00098,0.00195
1642400,0.5379,0.5379,-8.2698,-7.1806,0.0078,0.0000,0.1243,0.0201,0.0107,0.5545,10.00,0.200,0.850,1.100,0.0253,0.0623,0.0000,0.00000,0.00000,0.00000,0.00000,0.00000,0.00000,0.00000,0.00000,0.00000,0.00000
1642600,0.5379,0.5379,-8.2694,-7.2063,0.0142,0.0000,0.2025,0.0134,0.0163,0.9085,10.00,0.200,0.850,1.100,0.0144,0.0811,0.0049,0.00220,0.00098,0.00000,0.00000,0.00000,0.00000,0.00000,0.00000,0.00073,0.00098
1642800,0.5379,0.5379,-8.2694,-7.2063,0.0122,0.0000,0.2692,0.0213,0.0182,0.6029,10.00,0.200,0.850,1.100,0.0171,0.0712,0.0059,0.00244,0.00098,0.00000,0.00024,0.00000,0.00000,0.00000,0.00000,0.00049,0.00171
1643000,0.5379,0.5379,-8.2694,-7.2063,0.0089,0.0000,0.2058,0.0123,0.0519,0.8851,10.00,0.200,0.850,1.100,0.0265,0.0862,0.0039,0.00098,0.00098,0.00000,0.00000,0.00000,0.00000,0.00000,0.00000,0.00098,0.00098
1643200,0.5379,0.5379,-8.2522,-7.2230,0.0086,0.0000,0.3080,0.0129,0.0084,0.7135,10.00,0.200,0.850,1.100,0.0237,0.0873,0.0046,0.00146,0.00073,0.00000,0.00024,0.00000,0.00000,0.00024,0.00000,0.00098,0.00098
1643400,0.5379,0.5379,-8.2522,-7.2230,0.0081,0.0000,0.2911,0.0200,0.0069,0.7573,10.00,0.200,0.850,1.100,0.0290,0.0769,0.0039,0.00122,0.00098,0.00000,0.00000,0.00000,0.00000,0.00000,0.00000,0.00073,0.00098
1643600,0.5379,0.5379,-8.3158,-7.1857,0.0092,0.0000,0.2151,0.0113,0.0261,0.6306,10.00,0.200,0.850,1.100,0.0136,0.0817,0.0054,0.00146,0.00073,0.00000,0.00073,0.00000,0.00000,0.00000,0.00000,0.00098,0.00146
1643800,0.5379,0.5379,-8.3158,-7.1857,0.0085,0.0000,0.2035,0.0106,0.0072,0.6615,10.00,0.200,0.850,1.100,0.0136,0.0660,0.0054,0.00293,0.00073,0.00000,0.00000,0.00000,0.00000,0.00000,0.00000,0.00024,0.00146
1644000,0.5379,0.5379,-8.3158,-7.1857,0.0076,0.0000,0.2410,0.0111,0.0342,0.7538,10.00,0.200,0.850,1.100,0.0286,0.0688,0.0054,0.00122,0.00122,0.00000,0.00024,0.00000,0.00000,0.00024,0.00000,0.00073,0.00171
1644200,0.5379,0.5379,-8.2467,-7.1186,0.0075,0.0000,0.1267,0.0143,0.0142,0.5520,10.00,0.200,0.850,1.100,0.0272,0.0762,0.0000,0.00000,0.00000,0.00000,0.00000,0.00000,0.00000,0.00000,0.00000,0.00000,0.00000
1644400,0.5379,0.5379,-8.2467,-7.1186,0.0101,0.0000,0.2329,0.0161,0.0193,0.6395,10.00,0.200,0.850,1.100,0.0290,0.0845,0.0027,0.00122,0.00024,0.00000,0.00000,0.00000,0.00000,0.00000,0.00000,0.00024,0.00098
1644600,0.5379,0.5379,-8.2381,-7.2123,0.0126,0.0000,0.2911,0.0149,0.0552,0.8196,10.00,0.200,0.850,1.100,0.0135,0.0824,0.0044,0.00171,0.00073,0.00000,0.00000,0.00000,0.00000,0.00024,0.00000,0.00098,0.00073
1644800,0.5379,0.5379,-8.2381,-7.2123,0.0063,0.0000,0.3128,0.0105,0.0245,0.7463,10.00,0.200,0.850,1.100,0.0064,0.0745,0.0054,0.00244,0.00024,0.00000,0.00049,0.00000,0.00000,0.00000,0.00000,0.00098,0.00122
1645000,0.5379,0.5379,-8.2381,-7.2123,0.0076,0.0000,0.2774,0.0241,0.0254,0.5627,10.00,0.200,0.850,1.100,0.0157,0.0831,0.0049,0.00195,0.00024,0.00000,0.00000,0.00000,0.00000,0.00000,0.00000,0.00122,0.00146
1645200,0.5379,0.5379,-8.2887,-6.9163,0.0069,0.0000,0.2337,0.0129,0.0155,0.6480,10.00,0.200,0.850,1.100,0.0046,0.0763,0.0059,0.00317,0.00049,0.00000,0.00000,0.00000,0.00000,0.00000,0.00000,0.00098,0.00122
1645400,0.5379,0.5379,-8.2887,-6.9163,0.0094,0.0000,0.2346,0.0099,0.0118,0.6702,10.00,0.200,0.850,1.100,0.0055,0.0919,0.0044,0.00146,0.00024,0.00000,0.00049,0.00000,0.00000,0.00000,0.00000,0.00098,0.00122
1645600,0.5379,0.5379,-8.3094,-7.0990,0.0097,0.0000,0.2638,0.0251,0.0234,0.5903,10.00,0.200,0.850,1.100,0.0224,0.0951,0.0034,0.00146,0.00024,0.00000,0.00000,0.00000,0.00000,0.00024,0.00000,0.00098,0.00049
1645800,0.5379,0.5379,-8.3094,-7.0990,0.0076,0.0000,0.2542,0.0110,0.0105,0.8693,10.00,0.200,0.850,1.100,0.0225,0.0677,0.0054,0.00122,0.00098,0.00000,0.00024,0.00000,0.00000,0.00024,0.00000,0.00122,0.00146
1646000,0.5379,0.5379,-8.3094,-7.0990,0.0077,0.0000,0.1097,0.0199,0.0181,0.5177,10.00,0.200,0.850,1.100,0.0261,0.0878,0.0000,0.00000,0.00000,0.00000,0.00000,0.00000,0.00000,0.00000,0.00000,0.00000,0.00000
1646200,0.5379,0.5379,-8.2111,-7.1362,0.0088,0.0000,0.2665,0.0167,0.0185,0.6426,10.00,0.200,0.850,1.100,0.0187,0.0850,0.0034,0.00122,0.00073,0.00000,0.00024,0.00000,0.00000,0.00000,0.00000,0.00049,0.00073
1646400,0.5379,0.5379,-8.2111,-7.1362,0.0082,0.0000,0.2619,0.0177,0.0285,0.4857,10.00,0.200,0.850,1.100,0.0192,0.0866,0.0056,0.00171,0.00049,0.00000,0.00024,0.00000,0.00000,0.00000,0.00000,0.00146,0.00171
1646600,0.5379,0.5379,-8.3214,-7.0132,0.0074,0.0000,0.2301,0.0224,0.0352,0.6149,10.00,0.200,0.850,1.100,-0.0018,0.0774,0.0056,0.00269,0.00024,0.00000,0.00024,0.00000,0.00000,0.00024,0.00000,0.00122,0.00122
1646800,0.5379,0.5379,-8.3214,-7.0132,0.0092,0.0000,0.2911,0.0128,0.0146,0.6251,10.00,0.200,0.850,1.100,0.0044,0.0937,0.0049,0.00317,0.00024,0.00000,0.00000,0.00000,0.00000,0.00000,0.00000,0.00049,0.00098
1647000,0.5379,0.5379,-8.3214,-7.0132,0.0107,0.0000,0.2235,0.0096,0.0152,0.6037,10.00,0.200,0.850,1.100,0.0137,0.0862,0.0034,0.00122,0.00000,0.00000,0.00000,0.00000,0.00000,0.00000,0.00000,0.00146,0.00073
1647200,0.5379,0.5379,-8.3368,-7.0175,0.0096,0.0000,0.1629,0.0129,0.0479,0.5939,10.00,0.200,0.850,1.100,0.0105,0.0963,0.0029,0.00122,0.00049,0.00000,0.00024,0.00000,0.00000,0.00000,0.00000,0.00073,0.00024
1647400,0.5379,0.5379,-8.3368,-7.0175,0.0080,0.0000,0.2863,0.0130,0.0127,0.7214,10.00,0.200,0.850,1.100,0.0220,0.0946,0.0027,0.00195,0.00000,0.00000,0.00024,0.00000,0.00000,0.00000,0.00000,0.00024,0.00024
1647600,0.5379,0.5379,-8.3317,-7.1767,0.0083,0.0000,0.2429,0.0165,0.0281,0.8015,10.00,0.200,0.850,1.100,0.0238,0.0858,0.0044,0.00122,0.00024,0.00000,0.00000,0.00000,0.00000,0.00024,0.00000,0.00146,0.00122
1647800,0.5379,0.5379,-8.3317,-7.1767,0.0086,0.0000,0.1184,0.0071,0.0189,0.6423,10.00,0.200,0.850,1.100,0.0277,0.0993,0.0000,0.00000,0.00000,0.00000,0.00000,0.00000,0.00000,0.00000,0.00000,0.00000,0.00000
1648000,0.5379,0.5379,-8.3317,-7.1767,0.0078,0.0000,0.1679,0.0132,0.0316,0.7476,10.00,0.200,0.850,1.100,0.0143,0.0741,0.0059,0.00195,0.00049,0.00000,0.00024,0.00000,0.00000,0.00000,0.00000,0.00122,0.00195
1648200,0.5379,0.5379,-8.3452,-7.0494,0.0080,0.0000,0.2953,0.0074,0.0149,0.8061,10.00,0.200,0.850,1.100,0.0262,0.0844,0.0037,0.00122,0.00049,0.00000,0.00000,0.00000,0.00000,0.00000,0.00000,0.00073,0.00122
1648400,0.5379,0.5379,-8.3452,-7.0494,0.0096,0.0000,0.2933,0.0124,0.0104,0.6998,10.00,0.200,0.850,1.100,0.0134,0.0828,0.0051,0.00195,0.00024,0.00000,0.00000,0.00000,0.00000,0.00000,0.00000,0.00098,0.00195
1648600,0.5379,0.5379,-8.3605,-7.1090,0.0123,0.0000,0.3700,0.0084,0.0141,0.7228,10.00,0.200,0.850,1.100,0.0187,0.0897,0.0037,0.00146,0.00024,0.00000,0.00024,0.00000,0.00000,0.00000,0.00000,0.00073,0.00098
1648800,0.5379,0.5379,-8.3605,-7.1090,0.0088,0.0000,0.2721,0.0156,0.0687,0.7619,10.00,0.200,0.850,1.100,0.0324,0.0577,0.0046,0.00073,0.00000,0.00000,0.00000,0.00000,0.00000,0.00024,0.00000,0.00049,0.00317
1649000,0.5379,0.5379,-8.3605,-7.1090,0.0090,0.0000,0.2789,0.0160,0.0139,0.5657,10.00,0.200,0.850,1.100,0.0109,0.0830,0.0059,0.00244,0.00049,0.00000,0.00024,0.00000,0.00000,0.00000,0.00000,0.00098,0.00171
1649200,0.5379,0.5379,-8.4028,-7.2389,0.0077,0.0000,0.2079,0.0100,0.0087,0.6732,10.00,0.200,0.850,1.100,0.0175,0.0766,0.0034,0.00220,0.00000,0.00000,0.00000,0.00000,0.00000,0.00000,0.00000,0.00024,0.00098
1649400,0.5379,0.5379,-8.4028,-7.2389,0.0184,0.0000,0.2763,0.0212,0.0302,0.7467,10.00,0.200,0.850,1.100,0.0149,0.0803,0.0056,0.00244,0.00024,0.00000,0.00024,0.00000,0.00000,0.00000,0.00000,0.00122,0.00146
1649600,0.5379,0.5379,-8.1992,-6.9967,0.0058,0.0000,0.1496,0.0149,0.0179,0.7338,10.00,0.200,0.850,1.100,0.0258,0.1069,0.0000,0.00000,0.00000,0.00000,0.00000,0.00000,0.00000,0.00000,0.00000,0.00000,0.00000
1649800,0.5379,0.5379,-8.1992,-6.9967,0.0105,0.0000,0.2145,0.0113,0.0193,0.7375,10.00,0.200,0.850,1.100,0.0080,0.0613,0.0056,0.00146,0.00073,0.00000,0.00000,0.00000,0.00000,0.00000,0.00000,0.00146,0.00195
1650000,0.5379,0.5379,-8.1992,-6.9967,0.0090,0.0000,0.2968,0.0160,0.0136,0.6736,10.00,0.200,0.850,1.100,0.0123,0.0782,0.0059,0.00171,0.00073,0.00000,0.00024,0.00000,0.00000,0.00000,0.00000,0.00171,0.00146
1650200,0.5379,0.5379,-8.3569,-7.1868,0.0181,0.0000,0.2677,0.0108,0.0320,0.8381,10.00,0.200,0.850,1.100,0.0189,0.0786,0.0032,0.00146,0.00000,0.00000,0.00000,0.00000,0.00000,0.00000,0.00000,0.00024,0.00146
1650400,0.5379,0.5379,-8.3569,-7.1868,0.0084,0.0000,0.4160,0.0197,0.0114,0.7463,10.00,0.200,0.850,1.100,0.0100,0.0803,0.0051,0.00244,0.00024,0.00000,0.00024,0.00000,0.00000,0.00000,0.00000,0.00073,0.00146
1650600,0.5379,0.5379,-8.2180,-7.0175,0.0091,0.0000,0.2175,0.0138,0.0149,0.6787,10.00,0.200,0.850,1.100,0.0239,0.0796,0.0042,0.00171,0.00024,0.00000,0.00000,0.00000,0.00000,0.00000,0.00000,0.00049,0.00171
1650800,0.5379,0.5379,-8.2180,-7.0175,0.0078,0.0000,0.2172,0.0144,0.0059,0.8077,10.00,0.200,0.850,1.100,0.0097,0.0560,0.0066,0.00269,0.00073,0.00000,0.00000,0.00000,0.00000,0.00000,0.00000,0.00049,0.00269
1651000,0.5379,0.5379,-8.2180,-7.0175,0.0105,0.0000,0.2778,0.0135,0.0233,0.6954,10.00,0.200,0.850,1.100,0.0246,0.0768,0.0037,0.00146,0.00049,0.00000,0.00000,0.00000,0.00000,0.00000,0.00000,0.00024,0.00146
1651200,0.5379,0.5379,-8.3417,-7.2093,0.0071,0.0000,0.1948,0.0110,0.0206,0.7837,10.00,0.200,0.850,1.100,0.0280,0.0769,0.0042,0.00098,0.00073,0.00000,0.00000,0.00000,0.00000,0.00000,0.00000,0.00073,0.00171
1651400,0.5379,0.5379,-8.3417,-7.2093,0.0054,0.0000,0.1362,0.0126,0.0188,0.6989,10.00,0.200,0.850,1.100,0.0275,0.1100,0.0002,0.00000,0.00024,0.00000,0.00000,0.00000,0.00000,0.00000,0.00000,0.00000,0.00000
1651600,0.5379,0.5379,-8.2162,-7.1773,0.0098,0.0000,0.2604,0.0199,0.0314,0.6809,10.00,0.200,0.850,1.100,0.0048,0.0741,0.0049,0.00195,0.00098,0.00000,0.00000,0.00000,0.00000,0.00000,0.00000,0.00122,0.00073
1651800,0.5379,0.5379,-8.2162,-7.1773,0.0112,0.0000,0.2322,0.0262,0.0296,0.6889,10.00,0.200,0.850,1.100,0.0180,0.0656,0.0056,0.00098,0.00122,0.00000,0.00000,0.00000,0.00000,0.00000,0.00000,0.00146,0.00195
1652000,0.5379,0.5379,-8.2162,-7.1773,0.0099,0.0000,0.2653,0.0190,0.0241,0.6043,10.00,0.200,0.850,1.100,0.0308,0.0808,0.0032,0.00146,0.00049,0.00000,0.00000,0.00000,0.00000,0.00000,0.00000,0.00000,0.00122
1652200,0.5379,0.5379,-8.3353,-7.2252,0.0066,0.0000,0.2282,0.0106,0.0084,0.8752,10.00,0.200,0.850,1.100,0.0227,0.0657,0.0056,0.00195,0.00146,0.00000,0.00024,0.00000,0.00000,0.00000,0.00000,0.00049,0.00146
1652400,0.5379,0.5379,-8.3353,-7.2252,0.0067,0.0000,0.2075,0.0134,0.0192,0.7794,10.00,0.200,0.850,1.100,0.0205,0.0738,0.0037,0.00073,0.00049,0.00000,0.00000,0.00000,0.00000,0.00000,0.00000,0.00146,0.00098
1652600,0.5379,0.5379,-8.2656,-7.2954,0.0116,0.0000,0.2577,0.0099,0.0112,0.9059,10.00,0.200,0.850,1.100,0.0119,0.0897,0.0034,0.00171,0.00024,0.00000,0.00024,0.00000,0.00000,0.00000,0.00000,0.00073,0.00049
1652800,0.5379,0.5379,-8.2656,-7.2954,0.0095,0.0000,0.3281,0.0102,0.0097,0.9692,10.00,0.200,0.850,1.100,0.0193,0.0830,0.0044,0.00195,0.00024,0.00000,0.00049,0.00000,0.00000,0.00000,0.00000,0.00098,0.00073
1653000,0.5379,0.5379,-8.2656,-7.2954,0.0089,0.0000,0.2245,0.0176,0.0181,0.7425,10.00,0.200,0.850,1.100,0.0111,0.0749,0.0051,0.00171,0.00049,0.00000,0.00024,0.00000,0.00000,0.00000,0.00000,0.00122,0.00171
1653200,0.5379,0.5379,-8.2856,-7.3287,0.0082,0.0000,0.1408,0.0121,0.0133,0.7296,10.00,0.200,0.850,1.100,0.0249,0.1187,0.0002,0.00024,0.00000,0.00000,0.00000,0.00000,0.00000,0.00000,0.00000,0.00000,0.00000
1653400,0.5379,0.5379,-8.2856,-7.3287,0.0094,0.0000,0.2823,0.0090,0.0361,0.7969,10.00,0.200,0.850,1.100,0.0299,0.0762,0.0032,0.00098,0.00049,0.00000,0.00000,0.00000,0.00000,0.00000,0.00000,0.00024,0.00146
1653600,0.5379,0.5379,-8.3049,-7.2345,0.0147,0.0000,0.2388,0.0138,0.0373,0.6956,10.00,0.200,0.850,1.100,0.0265,0.0902,0.0037,0.00098,0.00024,0.00000,0.00000,0.00000,0.00000,0.00024,0.00000,0.00098,0.00122
1653800,0.5379,0.5379,-8.3049,-7.2345,0.0095,0.0000,0.2105,0.0163,0.0220,0.9280,10.00,0.200,0.850,1.100,0.0213,0.0620,0.0059,0.00098,0.00049,0.00000,0.00073,0.00000,0.00000,0.00000,0.00000,0.00146,0.00220
1654000,0.5379,0.5379,-8.3049,-7.2345,0.0077,0.0000,0.2792,0.0112,0.0192,0.5628,10.00,0.200,0.850,1.100,0.0145,0.0854,0.0049,0.00269,0.00024,0.00000,0.00000,0.00000,0.00000,0.00000,0.00000,0.00049,0.00146
1654200,0.5379,0.5379,-8.3084,-7.2895,0.0114,0.0000,0.2917,0.0138,0.0128,0.6831,10.00,0.200,0.850,1.100,0.0198,0.0843,0.0032,0.00171,0.00024,0.00000,0.00000,0.00000,0.00000,0.00000,0.00000,0.00049,0.00073
1654400,0.5379,0.5379,-8.3084,-7.2895,0.0098,0.0000,0.2579,0.0142,0.0071,0.7758,10.00,0.200,0.850,1.100,0.0136,0.0829,0.0042,0.00122,0.00000,0.00000,0.00024,0.00000,0.00000,0.00000,0.00000,0.00073,0.00195
1654600,0.5379,0.5379,-8.2953,-7.0783,0.0116,0.0000,0.2212,0.0101,0.0481,0.6059,10.00,0.200,0.850,1.100,0.0011,0.0725,0.0056,0.00171,0.00024,0.00000,0.00000,0.00000,0.00000,0.00000,0.00000,0.00220,0.00146
1654800,0.5379,0.5379,-8.2953,-7.0783,0.0066,0.0000,0.2349,0.0126,0.0110,0.7692,10.00,0.200,0.850,1.100,0.0185,0.0786,0.0046,0.00146,0.00024,0.00000,0.00024,0.00000,0.00000,0.00000,0.00000,0.00073,0.00195
1655000,0.5379,0.5379,-8.2953,-7.0783,0.0080,0.0000,0.1315,0.0147,0.0187,0.7397,10.00,0.200,0.850,1.100,0.0263,0.1218,0.0000,0.00000,0.00000,0.00000,0.00000,0.00000,0.00000,0.00000,0.00000,0.00000,0.00000
1655200,0.5379,0.5379,-8.2358,-7.2068,0.0117,0.0000,0.2817,0.0142,0.0109,0.6352,10.00,0.200,0.850,1.100,0.0083,0.0794,0.0049,0.00244,0.00049,0.00000,0.00000,0.00000,0.00000,0.00000,0.00024,0.00049,0.00146
1655400,0.5379,0.5379,-8.2358,-7.2068,0.0107,0.0000,0.2697,0.0144,0.0218,0.6194,10.00,0.200,0.850,1.100,0.0255,0.0918,0.0037,0.00098,0.00024,0.00000,0.00024,0.00000,0.00000,0.00024,0.00000,0.00073,0.00122
1655600,0.5379,0.5379,-8.3091,-7.0626,0.0081,0.0000,0.2348,0.0165,0.0201,0.6310,10.00,0.200,0.850,1.100,0.0256,0.0653,0.0046,0.00171,0.00024,0.00000,0.00000,0.00000,0.00000,0.00000,0.00000,0.00024,0.00244
1655800,0.5379,0.5379,-8.3091,-7.0626,0.0088,0.0000,0.2081,0.0253,0.0302,0.5621,10.00,0.200,0.850,1.100,0.0252,0.0918,0.0034,0.00122,0.00024,0.00000,0.00024,0.00000,0.00000,0.00000,0.00000,0.00073,0.00098
1656000,0.5379,0.5379,-8.3091,-7.0626,0.0084,0.0000,0.3049,0.0109,0.0252,0.7152,10.00,0.200,0.850,1.100,0.0127,0.0851,0.0042,0.00195,0.00024,0.00000,0.00000,0.00000,0.00000,0.00000,0.00000,0.00098,0.00098
1656200,0.5379,0.5379,-8.2639,-6.8318,0.0084,0.0000,0.2566,0.0366,0.0260,0.6180,10.00,0.200,0.850,1.100,0.0182,0.0790,0.0059,0.00195,0.00073,0.00000,0.00024,0.00000,0.00000,0.00000,0.00000,0.00024,0.00269
1656400,0.5379,0.5379,-8.2639,-6.8318,0.0112,0.0000,0.3380,0.0139,0.0369,0.5806,10.00,0.200,0.850,1.100,0.0139,0.0858,0.0037,0.00098,0.00049,0.00000,0.00024,0.00000,0.00000,0.00000,0.00000,0.00122,0.00073
1656600,0.5379,0.5379,-8.2582,-7.1273,0.0092,0.0000,0.2435,0.0245,0.0254,0.5656,10.00,0.200,0.850,1.100,0.0206,0.0885,0.0042,0.00146,0.00049,0.00000,0.00000,0.00000,0.00000,0.00000,0.00024,0.00073,0.00122
1656800,0.5379,0.5379,-8.2582,-7.1273,0.0086,0.0000,0.1375,0.0130,0.0289,0.7896,10.00,0.200,0.850,1.100,0.0248,0.1239,0.0002,0.00000,0.00024,0.00000,0.00000,0.00000,0.00000,0.00000,0.00000,0.00000,0.00000
1657000,0.5379,0.5379,-8.2582,-7.1273,0.0074,0.0000,0.2189,0.0144,0.0176,0.5630,10.00,0.200,0.850,1.100,0.0161,0.0896,0.0037,0.00122,0.00024,0.00000,0.00000,0.00000,0.00000,0.00024,0.00000,0.00098,0.00098
1657200,0.5379,0.5379,-8.2442,-7.2290,0.0103,0.0000,0.2491,0.0116,0.0181,0.5961,10.00,0.200,0.850,1.100,-0.0036,0.0622,0.0085,0.00342,0.00146,0.00000,0.00000,0.00000,0.00000,0.00000,0.00000,0.00122,0.00244
1657400,0.5379,0.5379,-8.2442,-7.2290,0.0087,0.0000,0.2563,0.0112,0.0201,0.6115,10.00,0.200,0.850,1.100,0.0242,0.0791,0.0054,0.00122,0.00073,0.00000,0.00024,0.00000,0.00000,0.00024,0.00000,0.00122,0.00171
1657600,0.5379,0.5379,-8.3061,-7.1483,0.0119,0.0000,0.2769,0.0119,0.0308,0.7156,10.00,0.200,0.850,1.100,0.0312,0.0737,0.0044,0.00098,0.00024,0.00000,0.00122,0.00000,0.00000,0.00000,0.00000,0.00073,0.00146
1657800,0.5379,0.5379,-8.3061,-7.1483,0.0082,0.0000,0.2042,0.0097,0.0111,0.6989,10.00,0.200,0.850,1.100,0.0277,0.0617,0.0039,0.00073,0.00049,0.00000,0.00000,0.00000,0.00000,0.00000,0.00000,0.00073,0.00195
1658000,0.5379,0.5379,-8.3061,-7.1483,0.0105,0.0000,0.2627,0.0201,0.0164,0.6117,10.00,0.200,0.850,1.100,0.0204,0.0707,0.0044,0.00122,0.00000,0.00000,0.00000,0.00000,0.00000,0.00024,0.00000,0.00049,0.00244
1658200,0.5379,0.5379,-8.2875,-6.9131,0.0110,0.0000,0.2468,0.0164,0.0062,0.6984,10.00,0.200,0.850,1.100,0.0236,0.0810,0.0046,0.00146,0.00098,0.00000,0.00049,0.00000,0.00000,0.00000,0.00000,0.00122,0.00049
1658400,0.5379,0.5379,-8.2875,-6.9131,0.0130,0.0000,0.3213,0.0058,0.0086,0.7450,10.00,0.200,0.850,1.100,0.0353,0.0842,0.0027,0.00049,0.00049,0.00000,0.00024,0.00000,0.00000,0.00000,0.00000,0.00049,0.00098
1658600,0.5379,0.5379,-8.2898,-7.1262,0.0075,0.0000,0.1359,0.0121,0.0134,0.9348,10.00,0.200,0.850,1.100,0.0261,0.1221,0.0007,0.00000,0.00024,0.00000,0.00000,0.00000,0.00000,0.00000,0.00000,0.00000,0.00049
1658800,0.5379,0.5379,-8.2898,-7.1262,0.0100,0.0000,0.2776,0.0119,0.0192,0.7309,10.00,0.200,0.850,1.100,0.0114,0.0805,0.0044,0.00195,0.00024,0.00000,0.00024,0.00000,0.00000,0.00024,0.00000,0.00073,0.00098
1659000,0.5379,0.5379,-8.2898,-7.1262,0.0115,0.0000,0.2927,0.0244,0.0091,0.7611,10.00,0.200,0.850,1.100,0.0149,0.0760,0.0056,0.00171,0.00146,0.00000,0.00000,0.00000,0.00000,0.00024,0.00000,0.00098,0.00122
1659200,0.5379,0.5379,-8.2854,-6.9807,0.0081,0.0000,0.3241,0.0154,0.0264,0.7686,10.00,0.200,0.850,1.100,0.0056,0.0404,0.0061,0.00146,0.00049,0.00000,0.00024,0.00000,0.00000,0.00024,0.00000,0.00195,0.00171
1659400,0.5379,0.5379,-8.2854,-6.9807,0.0084,0.0000,0.2183,0.0111,0.0242,0.6432,10.00,0.200,0.850,1.100,0.0270,0.0728,0.0039,0.00122,0.00024,0.00000,0.00000,0.00000,0.00000,0.00024,0.00000,0.00024,0.00195
1659600,0.5379,0.5379,-8.2715,-7.2595,0.0097,0.0000,0.3388,0.0159,0.0105,0.5828,10.00,0.200,0.850,1.100,0.0140,0.0804,0.0042,0.00122,0.00000,0.00000,0.00000,0.00000,0.00000,0.00000,0.00000,0.00146,0.00146
1659800,0.5379,0.5379,-8.2715,-7.2595,0.0077,0.0000,0.2637,0.0088,0.0244,0.8316,10.00,0.200,0.850,1.100,0.0062,0.0945,0.0046,0.00122,0.00073,0.00000,0.00000,0.00000,0.00000,0.00024,0.00000,0.00195,0.00049
1660000,0.5379,0.5379,-8.2715,-7.2595,0.0096,0.0000,0.2749,0.0294,0.0167,0.6322,10.00,0.200,0.850,1.100,0.0049,0.0730,0.0061,0.00317,0.00049,0.00000,0.00024,0.00000,0.00000,0.00000,0.00000,0.00098,0.00146
1660200,0.5379,0.5379,-8.3073,-7.2504,0.0118,0.0000,0.1757,0.0164,0.0295,0.6910,10.00,0.200,0.850,1.100,0.0220,0.0868,0.0037,0.00146,0.00073,0.00000,0.00024,0.00000,0.00000,0.00024,0.00000,0.00024,0.00073
1660400,0.5379,0.5379,-8.3073,-7.2504,0.0070,0.0000,0.1454,0.0089,0.0232,0.7283,10.00,0.200,0.850,1.100,0.0233,0.1181,0.0012,0.00024,0.00024,0.00000,0.00000,0.00000,0.00000,0.00000,0.00000,0.00000,0.00073
1660600,0.5379,0.5379,-8.3653,-7.2922,0.0157,0.0000,0.2296,0.0095,0.0084,0.7158,10.00,0.200,0.850,1.100,0.0239,0.0733,0.0037,0.00171,0.00049,0.00000,0.00024,0.00000,0.00000,0.00000,0.00000,0.00000,0.00146
1660800,0.5379,0.5379,-8.3653,-7.2922,0.0085,0.0000,0.2078,0.0228,0.0160,0.6393,10.00,0.200,0.850,1.100,0.0063,0.0780,0.0056,0.00244,0.00024,0.00000,0.00049,0.00000,0.00000,0.00000,0.00000,0.00122,0.00122
1661000,0.5379,0.5379,-8.3653,-7.2922,0.0089,0.0000,0.3164,0.0220,0.0169,0.5743,10.00,0.200,0.850,1.100,0.0109,0.0749,0.0071,0.00195,0.00073,0.00000,0.00000,0.00000,0.00000,0.00000,0.00000,0.00195,0.00244
1661200,0.5379,0.5379,-8.2264,-7.1343,0.0079,0.0000,0.3660,0.0147,0.0090,0.8359,10.00,0.200,0.850,1.100,0.0307,0.0852,0.0032,0.00098,0.00049,0.00000,0.00000,0.00000,0.00000,0.00000,0.00000,0.00073,0.00098
1661400,0.5379,0.5379,-8.2264,-7.1343,0.0089,0.0000,0.2591,0.0070,0.0107,0.7912,10.00,0.200,0.850,1.100,0.0341,0.0795,0.0022,0.00049,0.00000,0.00000,0.00024,0.00000,0.00000,0.00000,0.00000,0.00049,0.00098
1661600,0.5379,0.5379,-8.2501,-7.1460,0.0117,0.0000,0.2404,0.0163,0.0107,0.5861,10.00,0.200,0.850,1.100,0.0246,0.0668,0.0044,0.00073,0.00049,0.00000,0.00000,0.00000,0.00000,0.00000,0.00000,0.00073,0.00244
1661800,0.5379,0.5379,-8.2501,-7.1460,0.0058,0.0000,0.3074,0.0093,0.0157,0.7576,10.00,0.200,0.850,1.100,0.0236,0.0553,0.0054,0.00146,0.00098,0.00000,0.00024,0.00000,0.00000,0.00000,0.00000,0.00098,0.00195
1662000,0.5379,0.5379,-8.2501,-7.1460,0.0132,0.0000,0.2592,0.0119,0.0166,0.7256,10.00,0.200,0.850,1.100,0.0044,0.0770,0.0059,0.00244,0.00024,0.00000,0.00024,0.00000,0.00000,0.00000,0.00000,0.00098,0.00195
1662200,0.5379,0.5379,-8.2956,-7.3022,0.0096,0.0000,0.1408,0.0109,0.0305,1.0021,10.00,0.200,0.850,1.100,0.0239,0.1186,0.0005,0.00000,0.00049,0.00000,0.00000,0.00000,0.00000,0.00000,0.00000,0.00000,0.00000
1662400,0.5379,0.5379,-8.2956,-7.3022,0.0085,0.0000,0.2685,0.0160,0.0143,0.7046,10.00,0.200,0.850,1.100,0.0282,0.0584,0.0042,0.00073,0.00049,0.00000,0.00000,0.00000,0.00000,0.00000,0.00000,0.00073,0.00220
1662600,0.5379,0.5379,-8.2496,-7.2242,0.0131,0.0000,0.3374,0.0288,0.0164,0.7185,10.00,0.200,0.850,1.100,0.0017,0.0608,0.0059,0.00220,0.00049,0.00000,0.00024,0.00000,0.00000,0.00024,0.00000,0.00122,0.00146
1662800,0.5379,0.5379,-8.2496,-7.2242,0.0114,0.0000,0.3242,0.0112,0.0097,0.7212,10.00,0.200,0.850,1.100,0.0180,0.0669,0.0051,0.00171,0.00000,0.00024,0.00024,0.00000,0.00000,0.00000,0.00000,0.00073,0.00220
1663000,0.5379,0.5379,-8.2496,-7.2242,0.0085,0.0000,0.3313,0.0113,0.0431,0.7815,10.00,0.200,0.850,1.100,0.0093,0.0899,0.0051,0.00220,0.00000,0.00000,0.00049,0.00000,0.00000,0.00000,0.00000,0.00146,0.00098
1663200,0.5379,0.5379,-8.2151,-7.0060,0.0095,0.0000,0.1812,0.0264,0.0216,0.5705,10.00,0.200,0.850,1.100,0.0216,0.0480,0.0059,0.00195,0.00049,0.00000,0.00000,0.00000,0.00000,0.00000,0.00000,0.00049,0.00293
1663400,0.5379,0.5379,-8.2151,-7.0060,0.0107,0.0000,0.2402,0.0093,0.0376,0.6687,10.00,0.200,0.850,1.100,-0.0038,0.0919,0.0054,0.00220,0.00122,0.00000,0.00024,0.00000,0.00000,0.00000,0.00000,0.00146,0.00024
1663600,0.5379,0.5379,-8.2618,-7.0006,0.0105,0.0000,0.2158,0.0132,0.0119,0.7529,10.00,0.200,0.850,1.100,0.0162,0.0721,0.0046,0.00146,0.00049,0.00000,0.00098,0.00000,0.00000,0.00000,0.00000,0.00122,0.00049
1663800,0.5379,0.5379,-8.2618,-7.0006,0.0195,0.0000,0.1762,0.0176,0.0136,0.6103,10.00,0.200,0.850,1.100,0.0265,0.0924,0.0027,0.00098,0.00073,0.00000,0.00000,0.00000,0.00000,0.00000,0.00000,0.00073,0.00024
1664000,0.5379,0.5379,-8.2618,-7.0006,0.0087,0.0000,0.1287,0.0180,0.0096,0.7261,10.00,0.200,0.850,1.100,0.0236,0.1159,0.0007,0.00000,0.00024,0.00000,0.00000,0.00000,0.00000,0.00000,0.00000,0.00000,0.00049
1664200,0.5379,0.5379,-8.2237,-7.1481,0.0097,0.0000,0.2331,0.0068,0.0191,0.7871,10.00,0.200,0.850,1.100,0.0076,0.0768,0.0044,0.00098,0.00024,0.00000,0.00000,0.00000,0.00000,0.00000,0.00000,0.00146,0.00171
1664400,0.5379,0.5379,-8.2237,-7.1481,0.0104,0.0000,0.2165,0.0141,0.0147,0.5823,10.00,0.200,0.850,1.100,0.0109,0.0900,0.0042,0.00195,0.00024,0.00000,0.00024,0.00000,0.00000,0.00000,0.00000,0.00122,0.00049
1664600,0.5379,0.5379,-8.2838,-7.0297,0.0072,0.0000,0.2030,0.0141,0.0310,0.6894,10.00,0.200,0.850,1.100,0.0200,0.0895,0.0034,0.00098,0.00000,0.00000,0.00000,0.00000,0.00000,0.00000,0.00000,0.00073,0.00171
1664800,0.5379,0.5379,-8.2838,-7.0297,0.0134,0.0000,0.2283,0.0096,0.0249,0.7362,10.00,0.200,0.850,1.100,0.0217,0.0830,0.0044,0.00171,0.00024,0.00000,0.00000,0.00000,0.00000,0.00000,0.00000,0.00073,0.00171
1665000,0.5379,0.5379,-8.2838,-7.0297,0.0094,0.0000,0.2400,0.0163,0.0308,0.6872,10.00,0.200,0.850,1.100,0.0119,0.0730,0.0051,0.00195,0.00024,0.00000,0.00000,0.00000,0.00000,0.00049,0.00000,0.00073,0.00171
1665200,0.5379,0.5379,-8.2001,-7.1978,0.0077,0.0000,0.2383,0.0138,0.0297,0.5522,10.00,0.200,0.850,1.100,0.0311,0.0885,0.0032,0.00049,0.00024,0.00000,0.00049,0.00000,0.00000,0.00000,0.00000,0.00073,0.00122
1665400,0.5379,0.5379,-8.2001,-7.1978,0.0089,0.0000,0.2161,0.0117,0.0131,0.6260,10.00,0.200,0.850,1.100,0.0102,0.0705,0.0054,0.00244,0.00000,0.00000,0.00000,0.00000,0.00000,0.00000,0.00000,0.00098,0.00195
1665600,0.5379,0.5379,-8.2693,-7.1497,0.0089,0.0000,0.1856,0.0136,0.0133,0.6718,10.00,0.200,0.850,1.100,0.0173,0.0787,0.0046,0.00195,0.00049,0.00000,0.00000,0.00000,0.00000,0.00000,0.00000,0.00073,0.00146
1665800,0.5379,0.5379,-8.2693,-7.1497,0.0089,0.0000,0.1178,0.0154,0.0277,0.6897,10.00,0.200,0.850,1.100,0.0245,0.1052,0.0017,0.00000,0.00024,0.00000,0.00000,0.00000,0.00000,0.00000,0.00000,0.00000,0.00146
1666000,0.5379,0.5379,-8.2693,-7.1497,0.0107,0.0000,0.2869,0.0085,0.0303,0.6203,10.00,0.200,0.850,1.100,0.0246,0.0858,0.0037,0.00122,0.00024,0.00000,0.00024,0.00000,0.00000,0.00000,0.00000,0.00073,0.00122
1666200,0.5379,0.5379,-8.3064,-7.0490,0.0256,0.0000,0.2677,0.0174,0.0162,0.6796,10.00,0.200,0.850,1.100,0.0155,0.0700,0.0054,0.00220,0.00049,0.00000,0.00024,0.00000,0.00000,0.00024,0.00000,0.00073,0.00171
1666400,0.5379,0.5379,-8.3064,-7.0490,0.0097,0.0000,0.2846,0.0153,0.0278,0.7908,10.00,0.200,0.850,1.100,0.0145,0.0942,0.0039,0.00122,0.00000,0.00000,0.00024,0.00000,0.00000,0.00000,0.00000,0.00146,0.00098
1666600,0.5379,0.5379,-8.3109,-7.0313,0.0081,0.0000,0.2873,0.0119,0.0147,0.7609,10.00,0.200,0.850,1.100,0.0112,0.0907,0.0049,0.00220,0.00049,0.00000,0.00024,0.00000,0.00000,0.00049,0.00024,0.00098,0.00049
1666800,0.5379,0.5379,-8.3109,-7.0313,0.0077,0.0000,0.2583,0.0127,0.0180,0.6780,10.00,0.200,0.850,1.100,0.0328,0.0597,0.0044,0.00098,0.00049,0.00000,0.00024,0.00000,0.00000,0.00000,0.00000,0.00024,0.00244
1667000,0.5379,0.5379,-8.3109,-7.0313,0.0092,0.0000,0.1928,0.0139,0.0307,0.6020,10.00,0.200,0.850,1.100,0.0218,0.0963,0.0024,0.00098,0.00024,0.00000,0.00000,0.00000,0.00000,0.00000,0.00000,0.00049,0.00073
1667200,0.5379,0.5379,-8.3892,-7.2601,0.0106,0.0000,0.2370,0.0192,0.0192,0.6757,10.00,0.200,0.850,1.100,0.0200,0.0643,0.0054,0.00195,0.00024,0.00000,0.00000,0.00000,0.00000,0.00000,0.00000,0.00049,0.00269
1667400,0.5379,0.5379,-8.3892,-7.2601,0.0099,0.0000,0.2527,0.0182,0.0110,0.7751,10.00,0.200,0.850,1.100,0.0242,0.0891,0.0034,0.00146,0.00024,0.00000,0.00000,0.00000,0.00000,0.00000,0.00000,0.00049,0.00122
1667600,0.5379,0.5379,-8.2774,-7.0513,0.0064,0.0000,0.1334,0.0141,0.0144,0.7488,10.00,0.200,0.850,1.100,0.0228,0.1119,0.0007,0.00000,0.00024,0.00000,0.00000,0.00000,0.00000,0.00000,0.00000,0.00000,0.00049
1667800,0.5379,0.5379,-8.2774,-7.0513,0.0086,0.0000,0.3013,0.0118,0.0056,0.7031,10.00,0.200,0.850,1.100,0.0124,0.0767,0.0044,0.00244,0.00024,0.00000,0.00000,0.00000,0.00000,0.00000,0.00000,0.00024,0.00146
1668000,0.5379,0.5379,-8.2774,-7.0513,0.0135,0.0000,0.3075,0.0186,0.0112,0.6251,10.00,0.200,0.850,1.100,0.0098,0.0628,0.0054,0.00171,0.00024,0.00000,0.00049,0.00000,0.00000,0.00000,0.00000,0.00073,0.00220
1668200,0.5379,0.5379,-8.2477,-7.1200,0.0079,0.0000,0.2724,0.0107,0.0276,0.7080,10.00,0.200,0.850,1.100,0.0182,0.0673,0.0051,0.00146,0.00122,0.00000,0.00024,0.00000,0.00000,0.00000,0.00000,0.00073,0.00146
1668400,0.5379,0.5379,-8.2477,-7.1200,0.0081,0.0000,0.2294,0.0148,0.0117,0.6722,10.00,0.200,0.850,1.100,0.0151,0.0790,0.0054,0.00146,0.00073,0.00000,0.00024,0.00000,0.00000,0.00000,0.00000,0.00122,0.00171
1668600,0.5379,0.5379,-8.2523,-7.1065,0.0083,0.0000,0.2477,0.0065,0.0515,0.7754,10.00,0.200,0.850,1.100,0.0151,0.0565,0.0061,0.00171,0.00024,0.00000,0.00024,0.00000,0.00000,0.00000,0.00000,0.00122,0.00269
1668800,0.5379,0.5379,-8.2523,-7.1065,0.0107,0.0000,0.2691,0.0108,0.0202,0.7870,10.00,0.200,0.850,1.100,0.0301,0.0787,0.0042,0.00073,0.00146,0.00000,0.00000,0.00000,0.00000,0.00000,0.00000,0.00073,0.00122
1669000,0.5379,0.5379,-8.2523,-7.1065,0.0101,0.0000,0.2666,0.0138,0.0259,0.5804,10.00,0.200,0.850,1.100,0.0089,0.0751,0.0066,0.00269,0.00073,0.00000,0.00000,0.00000,0.00000,0.00024,0.00000,0.00098,0.00195
1669200,0.5379,0.5379,-8.1366,-7.1572,0.0131,0.0000,0.2676,0.0243,0.0201,0.5423,10.00,0.200,0.850,1.100,0.0262,0.0453,0.0051,0.00171,0.00098,0.00000,0.00000,0.00000,0.00000,0.00000,0.00000,0.00000,0.00244
1669400,0.5379,0.5379,-8.1366,-7.1572,0.0067,0.0000,0.1403,0.0180,0.0250,0.9378,10.00,0.200,0.850,1.100,0.0237,0.1032,0.0015,0.00000,0.00000,0.00000,0.00000,0.00000,0.00000,0.00000,0.00000,0.00000,0.00146
1669600,0.5379,0.5379,-8.1973,-7.2819,0.0089,0.0000,0.2193,0.0235,0.0109,0.6476,10.00,0.200,0.850,1.100,0.0128,0.0699,0.0051,0.00146,0.00000,0.00000,0.00049,0.00000,0.00000,0.00000,0.00000,0.00073,0.00244
1669800,0.5379,0.5379,-8.1973,-7.2819,0.0126,0.0000,0.2466,0.0166,0.0191,0.4945,10.00,0.200,0.850,1.100,0.0312,0.0662,0.0042,0.00073,0.00049,0.00000,0.00049,0.00000,0.00000,0.00000,0.00000,0.00049,0.00220
1670000,0.5379,0.5379,-8.1973,-7.2819,0.0105,0.0000,0.2936,0.0273,0.0096,0.8429,10.00,0.200,0.850,1.100,0.0100,0.0796,0.0061,0.00220,0.00024,0.00000,0.00049,0.00000,0.00000,0.00000,0.00000,0.00146,0.00171
1670200,0.5379,0.5379,-8.2734,-7.2945,0.0194,0.0000,0.2823,0.0173,0.0352,0.8147,10.00,0.200,0.850,1.100,0.0209,0.0833,0.0046,0.00220,0.00122,0.00000,0.00000,0.00000,0.00000,0.00024,0.00000,0.00024,0.00073
1670400,0.5379,0.5379,-8.2734,-7.2945,0.0101,0.0000,0.2239,0.0081,0.0193,0.7629,10.00,0.200,0.850,1.100,0.0216,0.0718,0.0046,0.00171,0.00073,0.00000,0.00000,0.00000,0.00000,0.00000,0.00000,0.00073,0.00146
1670600,0.5379,0.5379,-8.3092,-7.2181,0.0140,0.0000,0.3379,0.0111,0.0425,0.6729,10.00,0.200,0.850,1.100,0.0134,0.0817,0.0044,0.00220,0.00000,0.00000,0.00024,0.00000,0.00000,0.00000,0.00024,0.00073,0.00098
1670800,0.5379,0.5379,-8.3092,-7.2181,0.0168,0.0000,0.2251,0.0136,0.0239,0.7618,10.00,0.200,0.850,1.100,0.0256,0.0625,0.0054,0.00098,0.00073,0.00000,0.00024,0.00000,0.00000,0.00000,0.00000,0.00122,0.00220
1671000,0.5379,0.5379,-8.3092,-7.2181,0.0082,0.0000,0.2903,0.0104,0.0296,0.8289,10.00,0.200,0.850,1.100,0.0109,0.0761,0.0059,0.00342,0.00049,0.00000,0.00000,0.00000,0.00000,0.00000,0.00000,0.00073,0.00122
1671200,0.5379,0.5379,-8.2496,-7.2477,0.0074,0.0000,0.1326,0.0100,0.0163,0.8847,10.00,0.200,0.850,1.100,0.0205,0.1003,0.0027,0.00073,0.00024,0.00000,0.00000,0.00000,0.00000,0.00000,0.00000,0.00000,0.00171
1671400,0.5379,0.5379,-8.2496,-7.2477,0.0086,0.0000,0.2023,0.0230,0.0378,0.5388,10.00,0.200,0.850,1.100,0.0100,0.0637,0.0054,0.00122,0.00073,0.00000,0.00000,0.00000,0.00000,0.00000,0.00000,0.00122,0.00220
