it,alpha_cvar,alpha_pow,ent_cvar,ent_pow,pstd_a_steer,pstd_a_thr,qspread_a,pstd_b_steer,pstd_b_thr,qspread_b,v_cap,k_slip,mu_min,mu_max,r_a,r_b,term,off_a,off_b,crash_a,crash_b,flip_a,flip_b,spun_a,spun_b,obs_a,obs_b
1150200,0.5379,0.5379,-7.4053,-7.1492,0.0207,0.0209,1.1018,0.0095,0.0145,0.8216,10.00,0.200,0.550,0.850,0.0701,0.0599,0.0063,0.00049,0.00073,0.00000,0.00000,0.00000,0.00000,0.00000,0.00000,0.00146,0.00366
1150400,0.5379,0.5379,-7.4053,-7.1492,0.0153,0.0222,0.9473,0.0156,0.0186,0.6212,10.00,0.200,0.550,0.850,0.0798,0.0852,0.0044,0.00000,0.00049,0.00000,0.00000,0.00000,0.00000,0.00000,0.00000,0.00220,0.00171
1150600,0.5379,0.5379,-6.4913,-6.8389,0.0166,0.0303,1.1027,0.0145,0.0257,0.6600,10.00,0.200,0.550,0.850,0.0755,0.0643,0.0051,0.00024,0.00049,0.00000,0.00000,0.00000,0.00000,0.00000,0.00000,0.00171,0.00269
1150800,0.5379,0.5379,-6.4913,-6.8389,0.0174,0.0144,0.8018,0.0111,0.0120,0.8442,10.00,0.200,0.550,0.850,0.0582,0.0773,0.0061,0.00049,0.00024,0.00000,0.00000,0.00000,0.00000,0.00000,0.00000,0.00342,0.00195
1151000,0.5379,0.5379,-6.4913,-6.8389,0.0162,0.0148,0.9972,0.0119,0.0175,0.7352,10.00,0.200,0.550,0.850,0.0732,0.0751,0.0024,0.00000,0.00073,0.00000,0.00000,0.00000,0.00000,0.00000,0.00000,0.00098,0.00073
1151200,0.5379,0.5379,-6.5080,-6.9358,0.0136,0.0132,1.1882,0.0125,0.0099,0.7758,10.00,0.200,0.550,0.850,0.0631,0.0765,0.0032,0.00024,0.00098,0.00000,0.00000,0.00000,0.00000,0.00000,0.00000,0.00122,0.00073
1151400,0.5379,0.5379,-6.5080,-6.9358,0.0194,0.0303,0.7609,0.0130,0.0271,0.7477,10.00,0.200,0.550,0.850,0.0728,0.0813,0.0042,0.00000,0.00073,0.00000,0.00000,0.00000,0.00000,0.00000,0.00000,0.00195,0.00146
1151600,0.5379,0.5379,-6.6214,-6.8870,0.0106,0.0122,1.1060,0.0111,0.0178,0.8373,10.00,0.200,0.550,0.850,0.0809,0.0841,0.0032,0.00024,0.00024,0.00000,0.00000,0.00000,0.00000,0.00000,0.00000,0.00122,0.00146
1151800,0.5379,0.5379,-6.6214,-6.8870,0.0200,0.0003,0.5997,0.0110,0.0138,0.3110,10.00,0.200,0.550,0.850,-0.0167,-0.0180,0.0000,0.00000,0.00000,0.00000,0.00000,0.00000,0.00000,0.00000,0.00000,0.00000,0.00000
1152000,0.5379,0.5379,-6.6214,-6.8870,0.0160,0.0163,0.9874,0.0110,0.0119,0.6923,10.00,0.200,0.550,0.850,0.0701,0.0751,0.0037,0.00000,0.00049,0.00000,0.00000,0.00000,0.00000,0.00000,0.00000,0.00171,0.00146
1152200,0.5379,0.5379,-6.5883,-6.8886,0.0144,0.0142,1.0452,0.0091,0.0148,0.6922,10.00,0.200,0.550,0.850,0.0844,0.0708,0.0049,0.00024,0.00024,0.00000,0.00000,0.00000,0.00000,0.00000,0.00000,0.00146,0.00293
1152400,0.5379,0.5379,-6.5883,-6.8886,0.0148,0.0148,1.1205,0.0113,0.0164,0.6924,10.00,0.200,0.550,0.850,0.0723,0.0715,0.0042,0.00049,0.00098,0.00000,0.00000,0.00000,0.00000,0.00000,0.00000,0.00122,0.00146
1152600,0.5379,0.5379,-6.5179,-6.9121,0.0157,0.0127,0.9617,0.0117,0.0141,0.6909,10.00,0.200,0.550,0.850,0.0739,0.0731,0.0046,0.00024,0.00049,0.00000,0.00000,0.00000,0.00000,0.00000,0.00000,0.00195,0.00195
1152800,0.5379,0.5379,-6.5179,-6.9121,0.0163,0.0287,1.0836,0.0144,0.0150,0.7914,10.00,0.200,0.550,0.850,0.0767,0.0740,0.0024,0.00000,0.00049,0.00000,0.00000,0.00000,0.00000,0.00000,0.00000,0.00073,0.00122
1153000,0.5379,0.5379,-6.5179,-6.9121,0.0153,0.0197,0.9825,0.0119,0.0104,0.7271,10.00,0.200,0.550,0.850,0.0664,0.0601,0.0051,0.00049,0.00073,0.00000,0.00000,0.00000,0.00000,0.00000,0.00000,0.00146,0.00244
1153200,0.5379,0.5379,-6.6091,-6.9786,0.0162,0.0086,1.2487,0.0107,0.0309,0.8525,10.00,0.200,0.550,0.850,0.0802,0.0747,0.0037,0.00000,0.00049,0.00000,0.00000,0.00000,0.00000,0.00024,0.00000,0.00122,0.00171
1153400,0.5379,0.5379,-6.6091,-6.9786,0.0120,0.0145,0.9062,0.0119,0.0126,0.9796,10.00,0.200,0.550,0.850,0.0853,0.0753,0.0032,0.00024,0.00073,0.00000,0.00000,0.00000,0.00000,0.00000,0.00000,0.00073,0.00146
1153600,0.5379,0.5379,-6.6721,-6.9462,0.0162,0.0002,0.5441,0.0126,0.0225,0.3012,10.00,0.200,0.550,0.850,0.0060,0.0073,0.0000,0.00000,0.00000,0.00000,0.00000,0.00000,0.00000,0.00000,0.00000,0.00000,0.00000
1153800,0.5379,0.5379,-6.6721,-6.9462,0.0166,0.0173,1.0144,0.0130,0.0191,0.8374,10.00,0.200,0.550,0.850,0.0791,0.0770,0.0029,0.00024,0.00049,0.00000,0.00000,0.00000,0.00000,0.00000,0.00000,0.00073,0.00146
1154000,0.5379,0.5379,-6.6721,-6.9462,0.0150,0.0163,1.0982,0.0151,0.0108,0.9380,10.00,0.200,0.550,0.850,0.0901,0.0787,0.0032,0.00024,0.00000,0.00000,0.00000,0.00000,0.00000,0.00000,0.00000,0.00049,0.00244
1154200,0.5379,0.5379,-6.5833,-6.9354,0.0195,0.0133,1.2258,0.0100,0.0173,0.8018,10.00,0.200,0.550,0.850,0.0789,0.0778,0.0034,0.00000,0.00024,0.00000,0.00000,0.00000,0.00000,0.00000,0.00000,0.00146,0.00171
1154400,0.5379,0.5379,-6.5833,-6.9354,0.0193,0.0155,1.0964,0.0123,0.0182,0.7024,10.00,0.200,0.550,0.850,0.0858,0.0769,0.0029,0.00000,0.00049,0.00000,0.00000,0.00000,0.00000,0.00000,0.00000,0.00073,0.00171
1154600,0.5379,0.5379,-6.3723,-6.9663,0.0118,0.0198,0.9244,0.0123,0.0106,0.6306,10.00,0.200,0.550,0.850,0.0727,0.0623,0.0051,0.00000,0.00146,0.00000,0.00000,0.00000,0.00000,0.00000,0.00000,0.00171,0.00195
1154800,0.5379,0.5379,-6.3723,-6.9663,0.0124,0.0168,1.3036,0.0114,0.0116,0.7227,10.00,0.200,0.550,0.850,0.0800,0.0538,0.0054,0.00000,0.00098,0.00000,0.00000,0.00000,0.00000,0.00000,0.00000,0.00171,0.00269
1155000,0.5379,0.5379,-6.3723,-6.9663,0.0138,0.0125,1.3789,0.0124,0.0079,0.6601,10.00,0.200,0.550,0.850,0.0822,0.0695,0.0029,0.00049,0.00098,0.00000,0.00000,0.00000,0.00000,0.00000,0.00000,0.00024,0.00122
1155200,0.5379,0.5379,-6.5263,-6.9706,0.0133,0.0130,1.1771,0.0129,0.0342,0.6535,10.00,0.200,0.550,0.850,0.0880,0.0718,0.0029,0.00000,0.00049,0.00000,0.00000,0.00000,0.00000,0.00000,0.00000,0.00073,0.00171
1155400,0.5379,0.5379,-6.5263,-6.9706,0.0192,0.0055,0.4696,0.0118,0.0104,0.3435,10.00,0.200,0.550,0.850,0.0159,0.0174,0.0000,0.00000,0.00000,0.00000,0.00000,0.00000,0.00000,0.00000,0.00000,0.00000,0.00000
1155600,0.5379,0.5379,-6.6341,-6.9802,0.0163,0.0164,1.3024,0.0092,0.0103,0.8798,10.00,0.200,0.550,0.850,0.0620,0.0695,0.0059,0.00049,0.00073,0.00000,0.00000,0.00000,0.00000,0.00000,0.00000,0.00244,0.00220
1155800,0.5379,0.5379,-6.6341,-6.9802,0.0181,0.0142,1.3229,0.0134,0.0095,0.5476,10.00,0.200,0.550,0.850,0.0783,0.0816,0.0037,0.00049,0.00000,0.00000,0.00000,0.00000,0.00000,0.00000,0.00000,0.00146,0.00171
1156000,0.5379,0.5379,-6.6341,-6.9802,0.0173,0.0286,1.3300,0.0140,0.0367,0.6297,10.00,0.200,0.550,0.850,0.0770,0.0707,0.0042,0.00049,0.00024,0.00000,0.00000,0.00000,0.00000,0.00000,0.00000,0.00146,0.00195
1156200,0.5379,0.5379,-6.4460,-6.8929,0.0120,0.0153,1.4222,0.0167,0.0134,0.5901,10.00,0.200,0.550,0.850,0.0801,0.0714,0.0032,0.00024,0.00049,0.00000,0.00000,0.00000,0.00000,0.00000,0.00000,0.00098,0.00146
1156400,0.5379,0.5379,-6.4460,-6.8929,0.0160,0.0325,1.2183,0.0155,0.0122,0.7426,10.00,0.200,0.550,0.850,0.0739,0.0645,0.0037,0.00024,0.00098,0.00000,0.00000,0.00000,0.00000,0.00000,0.00000,0.00098,0.00146
1156600,0.5379,0.5379,-6.4760,-7.0607,0.0123,0.0154,1.2489,0.0113,0.0088,0.6689,10.00,0.200,0.550,0.850,0.0656,0.0673,0.0056,0.00000,0.00073,0.00000,0.00000,0.00000,0.00000,0.00000,0.00000,0.00195,0.00293
1156800,0.5379,0.5379,-6.4760,-7.0607,0.0116,0.0149,1.2433,0.0110,0.0166,0.6473,10.00,0.200,0.550,0.850,0.0771,0.0794,0.0027,0.00024,0.00024,0.00000,0.00000,0.00000,0.00000,0.00000,0.00000,0.00098,0.00122
1157000,0.5379,0.5379,-6.4760,-7.0607,0.0144,0.0105,1.0457,0.0102,0.0122,0.7401,10.00,0.200,0.550,0.850,0.0701,0.0730,0.0056,0.00024,0.00024,0.00000,0.00000,0.00000,0.00000,0.00000,0.00000,0.00317,0.00195
1157200,0.5379,0.5379,-6.6252,-6.8623,0.0173,0.0048,0.5092,0.0115,0.0105,0.3172,10.00,0.200,0.550,0.850,0.0257,0.0273,0.0000,0.00000,0.00000,0.00000,0.00000,0.00000,0.00000,0.00000,0.00000,0.00000,0.00000
1157400,0.5379,0.5379,-6.6252,-6.8623,0.0142,0.0127,1.2845,0.0148,0.0141,0.6445,10.00,0.200,0.550,0.850,0.0756,0.0639,0.0044,0.00024,0.00073,0.00000,0.00000,0.00000,0.00000,0.00000,0.00000,0.00098,0.00244
1157600,0.5379,0.5379,-6.5177,-6.8328,0.0102,0.0294,1.2141,0.0108,0.0156,0.6884,10.00,0.200,0.550,0.850,0.0862,0.0816,0.0027,0.00024,0.00000,0.00000,0.00000,0.00000,0.00000,0.00000,0.00000,0.00049,0.00195
1157800,0.5379,0.5379,-6.5177,-6.8328,0.0150,0.0157,1.0125,0.0100,0.0185,0.7418,10.00,0.200,0.550,0.850,0.0736,0.0683,0.0032,0.00049,0.00049,0.00000,0.00000,0.00000,0.00000,0.00000,0.00000,0.00073,0.00146
1158000,0.5379,0.5379,-6.5177,-6.8328,0.0126,0.0136,1.0900,0.0159,0.0124,0.8159,10.00,0.200,0.550,0.850,0.0735,0.0718,0.0056,0.00049,0.00049,0.00000,0.00000,0.00000,0.00000,0.00000,0.00000,0.00244,0.00220
1158200,0.5379,0.5379,-6.5569,-6.9529,0.0172,0.0245,1.4827,0.0133,0.0284,0.5767,10.00,0.200,0.550,0.850,0.0641,0.0725,0.0042,0.00024,0.00098,0.00000,0.00000,0.00000,0.00000,0.00000,0.00000,0.00171,0.00122
1158400,0.5379,0.5379,-6.5569,-6.9529,0.0160,0.0221,1.0762,0.0115,0.0101,0.6446,10.00,0.200,0.550,0.850,0.0772,0.0638,0.0046,0.00000,0.00024,0.00000,0.00000,0.00000,0.00000,0.00000,0.00024,0.00146,0.00269
1158600,0.5379,0.5379,-6.5835,-6.9521,0.0128,0.0164,1.6519,0.0137,0.0438,0.6905,10.00,0.200,0.550,0.850,0.0860,0.0733,0.0032,0.00000,0.00000,0.00000,0.00000,0.00000,0.00000,0.00000,0.00000,0.00073,0.00244
1158800,0.5379,0.5379,-6.5835,-6.9521,0.0154,0.0453,1.1179,0.0105,0.0104,0.6881,10.00,0.200,0.550,0.850,0.0837,0.0756,0.0037,0.00049,0.00049,0.00000,0.00000,0.00000,0.00000,0.00000,0.00024,0.00049,0.00195
1159000,0.5379,0.5379,-6.5835,-6.9521,0.0223,0.0073,0.5070,0.0108,0.0114,0.2933,10.00,0.200,0.550,0.850,0.0347,0.0367,0.0000,0.00000,0.00000,0.00000,0.00000,0.00000,0.00000,0.00000,0.00000,0.00000,0.00000
1159200,0.5379,0.5379,-6.5536,-6.8894,0.0201,0.0231,1.4200,0.0111,0.0188,0.8293,10.00,0.200,0.550,0.850,0.0632,0.0766,0.0051,0.00024,0.00073,0.00000,0.00000,0.00000,0.00000,0.00000,0.00000,0.00293,0.00122
1159400,0.5379,0.5379,-6.5536,-6.8894,0.0129,0.0143,1.4512,0.0114,0.0116,0.6687,10.00,0.200,0.550,0.850,0.0820,0.0795,0.0029,0.00024,0.00024,0.00000,0.00000,0.00000,0.00000,0.00000,0.00000,0.00146,0.00098
1159600,0.5379,0.5379,-6.4787,-7.0393,0.0153,0.0179,1.2684,0.0177,0.0157,0.5859,10.00,0.200,0.550,0.850,0.0770,0.0718,0.0046,0.00024,0.00049,0.00000,0.00000,0.00000,0.00000,0.00000,0.00000,0.00146,0.00244
1159800,0.5379,0.5379,-6.4787,-7.0393,0.0128,0.0093,1.5663,0.0104,0.0365,0.7456,10.00,0.200,0.550,0.850,0.0821,0.0622,0.0039,0.00049,0.00024,0.00000,0.00024,0.00000,0.00000,0.00000,0.00000,0.00122,0.00171
1160000,0.5379,0.5379,-6.4787,-7.0393,0.0153,0.0126,1.6512,0.0092,0.0123,0.7165,10.00,0.200,0.550,0.850,0.0781,0.0726,0.0024,0.00024,0.00000,0.00000,0.00000,0.00000,0.00000,0.00000,0.00000,0.00073,0.00146
1160200,0.5379,0.5379,-6.5265,-7.0033,0.0144,0.0165,0.9932,0.0126,0.0088,0.7843,10.00,0.200,0.550,0.850,0.0775,0.0728,0.0037,0.00000,0.00073,0.00000,0.00000,0.00000,0.00000,0.00000,0.00000,0.00122,0.00171
1160400,0.5379,0.5379,-6.5265,-7.0033,0.0126,0.0226,1.3382,0.0125,0.0111,0.7117,10.00,0.200,0.550,0.850,0.0763,0.0718,0.0032,0.00000,0.00024,0.00000,0.00000,0.00000,0.00000,0.00000,0.00000,0.00122,0.00171
1160600,0.5379,0.5379,-6.5070,-6.8698,0.0126,0.0190,1.4196,0.0131,0.0120,0.6841,10.00,0.200,0.550,0.850,0.0855,0.0772,0.0027,0.00000,0.00122,0.00000,0.00000,0.00000,0.00000,0.00000,0.00000,0.00049,0.00098
1160800,0.5379,0.5379,-6.5070,-6.8698,0.0192,0.0070,0.6083,0.0094,0.0118,0.3515,10.00,0.200,0.550,0.850,0.0437,0.0463,0.0000,0.00000,0.00000,0.00000,0.00000,0.00000,0.00000,0.00000,0.00000,0.00000,0.00000
1161000,0.5379,0.5379,-6.5070,-6.8698,0.0136,0.0175,1.0736,0.0116,0.0374,0.7907,10.00,0.200,0.550,0.850,0.0712,0.0670,0.0046,0.00000,0.00000,0.00000,0.00000,0.00000,0.00000,0.00000,0.00000,0.00171,0.00293
1161200,0.5379,0.5379,-6.6834,-6.9166,0.0136,0.0172,0.9977,0.0124,0.0119,0.7929,10.00,0.200,0.550,0.850,0.0786,0.0696,0.0039,0.00000,0.00049,0.00000,0.00000,0.00000,0.00000,0.00000,0.00000,0.00171,0.00171
1161400,0.5379,0.5379,-6.6834,-6.9166,0.0170,0.0174,0.7037,0.0115,0.0134,0.7215,10.00,0.200,0.550,0.850,0.0774,0.0866,0.0020,0.00000,0.00000,0.00000,0.00000,0.00000,0.00000,0.00000,0.00000,0.00122,0.00073
1161600,0.5379,0.5379,-6.4344,-6.9272,0.0158,0.0127,1.1037,0.0074,0.0441,0.7868,10.00,0.200,0.550,0.850,0.0823,0.0867,0.0017,0.00049,0.00049,0.00000,0.00000,0.00000,0.00000,0.00000,0.00000,0.00073,0.00000
1161800,0.5379,0.5379,-6.4344,-6.9272,0.0183,0.0172,1.1222,0.0137,0.0337,0.7230,10.00,0.200,0.550,0.850,0.0785,0.0675,0.0029,0.00000,0.00073,0.00000,0.00000,0.00000,0.00000,0.00000,0.00000,0.00073,0.00146
1162000,0.5379,0.5379,-6.4344,-6.9272,0.0185,0.0157,1.0239,0.0121,0.0392,0.6698,10.00,0.200,0.550,0.850,0.0849,0.0671,0.0032,0.00000,0.00024,0.00000,0.00000,0.00000,0.00000,0.00000,0.00000,0.00098,0.00195
1162200,0.5379,0.5379,-6.6979,-6.9772,0.0147,0.0155,1.1345,0.0153,0.0133,0.6619,10.00,0.200,0.550,0.850,0.0744,0.0788,0.0032,0.00049,0.00024,0.00000,0.00000,0.00000,0.00000,0.00000,0.00000,0.00122,0.00122
1162400,0.5379,0.5379,-6.6979,-6.9772,0.0134,0.0218,1.0792,0.0112,0.0265,0.6885,10.00,0.200,0.550,0.850,0.0811,0.0716,0.0039,0.00000,0.00098,0.00000,0.00000,0.00000,0.00000,0.00000,0.00000,0.00122,0.00171
1162600,0.5379,0.5379,-6.4852,-6.9944,0.0169,0.0085,0.4966,0.0103,0.0101,0.3780,10.00,0.200,0.550,0.850,0.0533,0.0558,0.0000,0.00000,0.00000,0.00000,0.00000,0.00000,0.00000,0.00000,0.00000,0.00000,0.00000
1162800,0.5379,0.5379,-6.4852,-6.9944,0.0152,0.0240,0.9192,0.0128,0.0352,0.7817,10.00,0.200,0.550,0.850,0.0683,0.0791,0.0042,0.00049,0.00000,0.00000,0.00000,0.00000,0.00000,0.00000,0.00000,0.00195,0.00171
1163000,0.5379,0.5379,-6.4852,-6.9944,0.0159,0.0144,1.0197,0.0209,0.0115,0.6879,10.00,0.200,0.550,0.850,0.0720,0.0884,0.0032,0.00049,0.00073,0.00000,0.00000,0.00000,0.00000,0.00000,0.00000,0.00122,0.00073
1163200,0.5379,0.5379,-6.4724,-6.9060,0.0178,0.0144,1.4309,0.0130,0.0356,0.8143,10.00,0.200,0.550,0.850,0.0705,0.0757,0.0044,0.00024,0.00049,0.00000,0.00000,0.00000,0.00000,0.00000,0.00000,0.00195,0.00171
1163400,0.5379,0.5379,-6.4724,-6.9060,0.0139,0.0143,1.2024,0.0132,0.0127,0.6286,10.00,0.200,0.550,0.850,0.0883,0.0779,0.0027,0.00000,0.00024,0.00000,0.00000,0.00000,0.00000,0.00000,0.00000,0.00049,0.00195
1163600,0.5379,0.5379,-6.5360,-6.9004,0.0129,0.0239,1.5466,0.0167,0.0169,0.7320,10.00,0.200,0.550,0.850,0.0774,0.0593,0.0039,0.00024,0.00073,0.00000,0.00000,0.00000,0.00000,0.00000,0.00000,0.00098,0.00195
1163800,0.5379,0.5379,-6.5360,-6.9004,0.0208,0.0164,0.9835,0.0100,0.0138,0.6452,10.00,0.200,0.550,0.850,0.0697,0.0553,0.0054,0.00024,0.00049,0.00000,0.00000,0.00000,0.00000,0.00000,0.00000,0.00220,0.00244
1164000,0.5379,0.5379,-6.5360,-6.9004,0.0156,0.0235,1.1453,0.0172,0.0333,0.7531,10.00,0.200,0.550,0.850,0.0703,0.0780,0.0039,0.00049,0.00024,0.00000,0.00000,0.00000,0.00000,0.00000,0.00000,0.00146,0.00171
1164200,0.5379,0.5379,-6.6326,-6.8610,0.0143,0.0164,1.0721,0.0131,0.0189,0.7273,10.00,0.200,0.550,0.850,0.0810,0.0832,0.0027,0.00000,0.00073,0.00000,0.00000,0.00000,0.00000,0.00000,0.00000,0.00122,0.00073
1164400,0.5379,0.5379,-6.6326,-6.8610,0.0172,0.0081,0.6235,0.0152,0.0307,0.3100,10.00,0.200,0.550,0.850,0.0620,0.0646,0.0000,0.00000,0.00000,0.00000,0.00000,0.00000,0.00000,0.00000,0.00000,0.00000,0.00000
1164600,0.5379,0.5379,-6.3740,-6.9538,0.0117,0.0194,1.2097,0.0122,0.0170,0.7886,10.00,0.200,0.550,0.850,0.0740,0.0892,0.0024,0.00049,0.00000,0.00000,0.00000,0.00000,0.00000,0.00000,0.00000,0.00122,0.00073
1164800,0.5379,0.5379,-6.3740,-6.9538,0.0167,0.0155,1.2397,0.0119,0.0418,0.6497,10.00,0.200,0.550,0.850,0.0926,0.0858,0.0027,0.00000,0.00000,0.00000,0.00000,0.00000,0.00000,0.00000,0.00000,0.00073,0.00195
1165000,0.5379,0.5379,-6.3740,-6.9538,0.0197,0.0252,1.0095,0.0128,0.0246,0.7032,10.00,0.200,0.550,0.850,0.0777,0.0829,0.0029,0.00000,0.00024,0.00000,0.00000,0.00000,0.00000,0.00000,0.00000,0.00146,0.00122
1165200,0.5379,0.5379,-6.5198,-6.8456,0.0148,0.0172,1.1055,0.0107,0.0313,0.6850,10.00,0.200,0.550,0.850,0.0910,0.0741,0.0020,0.00000,0.00000,0.00000,0.00000,0.00000,0.00000,0.00000,0.00000,0.00000,0.00195
1165400,0.5379,0.5379,-6.5198,-6.8456,0.0154,0.0171,1.0289,0.0107,0.0080,0.7031,10.00,0.200,0.550,0.850,0.0785,0.0773,0.0022,0.00000,0.00024,0.00000,0.00000,0.00000,0.00000,0.00000,0.00000,0.00073,0.00122
1165600,0.5379,0.5379,-6.4327,-6.8158,0.0100,0.0181,1.3108,0.0132,0.0314,0.7568,10.00,0.200,0.550,0.850,0.0684,0.0613,0.0049,0.00049,0.00024,0.00000,0.00000,0.00000,0.00000,0.00000,0.00000,0.00098,0.00317
1165800,0.5379,0.5379,-6.4327,-6.8158,0.0140,0.0141,1.1053,0.0143,0.0223,0.6184,10.00,0.200,0.550,0.850,0.0662,0.0780,0.0044,0.00000,0.00024,0.00000,0.00000,0.00000,0.00000,0.00000,0.00000,0.00244,0.00171
1166000,0.5379,0.5379,-6.4327,-6.8158,0.0164,0.0147,1.1589,0.0102,0.0084,0.7589,10.00,0.200,0.550,0.850,0.0714,0.0836,0.0039,0.00024,0.00024,0.00000,0.00000,0.00000,0.00000,0.00000,0.00000,0.00195,0.00146
1166200,0.5379,0.5379,-6.5560,-6.9528,0.0157,0.0104,0.5892,0.0132,0.0196,0.3829,10.00,0.200,0.550,0.850,0.0703,0.0724,0.0000,0.00000,0.00000,0.00000,0.00000,0.00000,0.00000,0.00000,0.00000,0.00000,0.00000
1166400,0.5379,0.5379,-6.5560,-6.9528,0.0145,0.0203,1.1170,0.0109,0.0080,0.6793,10.00,0.200,0.550,0.850,0.0763,0.0741,0.0044,0.00024,0.00073,0.00000,0.00000,0.00000,0.00000,0.00000,0.00000,0.00146,0.00195
1166600,0.5379,0.5379,-6.5744,-6.6680,0.0133,0.0199,1.0555,0.0146,0.0126,0.6617,10.00,0.200,0.550,0.850,0.0730,0.0922,0.0037,0.00024,0.00000,0.00000,0.00000,0.00000,0.00000,0.00000,0.00000,0.00220,0.00122
1166800,0.5379,0.5379,-6.5744,-6.6680,0.0142,0.0282,1.0365,0.0125,0.0109,0.9175,10.00,0.200,0.550,0.850,0.0778,0.0733,0.0034,0.00000,0.00024,0.00000,0.00000,0.00000,0.00000,0.00000,0.00000,0.00146,0.00171
1167000,0.5379,0.5379,-6.5744,-6.6680,0.0151,0.0193,0.9523,0.0113,0.0138,0.6908,10.00,0.200,0.550,0.850,0.0782,0.0745,0.0044,0.00000,0.00098,0.00000,0.00000,0.00000,0.00000,0.00000,0.00000,0.00122,0.00220
1167200,0.5379,0.5379,-6.5198,-6.9463,0.0136,0.0169,1.0932,0.0090,0.0195,0.6118,10.00,0.200,0.550,0.850,0.0753,0.0824,0.0027,0.00049,0.00000,0.00000,0.00000,0.00000,0.00000,0.00000,0.00000,0.00098,0.00122
1167400,0.5379,0.5379,-6.5198,-6.9463,0.0125,0.0273,1.1427,0.0139,0.0261,0.5424,10.00,0.200,0.550,0.850,0.0876,0.0762,0.0024,0.00000,0.00073,0.00000,0.00000,0.00000,0.00000,0.00000,0.00000,0.00049,0.00122
1167600,0.5379,0.5379,-6.4276,-6.8611,0.0135,0.0141,1.2569,0.0125,0.0396,0.6937,10.00,0.200,0.550,0.850,0.0736,0.0743,0.0046,0.00049,0.00000,0.00000,0.00000,0.00000,0.00000,0.00000,0.00000,0.00122,0.00293
1167800,0.5379,0.5379,-6.4276,-6.8611,0.0128,0.0170,1.1200,0.0114,0.0143,0.8045,10.00,0.200,0.550,0.850,0.0873,0.0787,0.0024,0.00024,0.00000,0.00000,0.00000,0.00000,0.00000,0.00000,0.00000,0.00073,0.00146
1168000,0.5379,0.5379,-6.4276,-6.8611,0.0149,0.0150,0.6455,0.0092,0.0093,0.5883,10.00,0.200,0.550,0.850,0.0770,0.0798,0.0000,0.00000,0.00000,0.00000,0.00000,0.00000,0.00000,0.00000,0.00000,0.00000,0.00000
1168200,0.5379,0.5379,-6.4746,-6.7813,0.0178,0.0107,1.1337,0.0132,0.0245,0.6576,10.00,0.200,0.550,0.850,0.0743,0.0592,0.0049,0.00049,0.00073,0.00000,0.00000,0.00000,0.00000,0.00000,0.00000,0.00098,0.00269
1168400,0.5379,0.5379,-6.4746,-6.7813,0.0106,0.0124,0.9672,0.0101,0.0150,0.7054,10.00,0.200,0.550,0.850,0.0915,0.0816,0.0037,0.00000,0.00024,0.00000,0.00000,0.00000,0.00000,0.00000,0.00000,0.00073,0.00269
1168600,0.5379,0.5379,-6.6082,-6.7611,0.0147,0.0147,0.9604,0.0127,0.0108,0.6379,10.00,0.200,0.550,0.850,0.0722,0.0790,0.0037,0.00024,0.00024,0.00000,0.00000,0.00000,0.00000,0.00000,0.00000,0.00171,0.00146
1168800,0.5379,0.5379,-6.6082,-6.7611,0.0157,0.0167,0.8969,0.0125,0.0145,0.9556,10.00,0.200,0.550,0.850,0.0775,0.0711,0.0042,0.00024,0.00000,0.00000,0.00000,0.00000,0.00000,0.00000,0.00000,0.00146,0.00244
1169000,0.5379,0.5379,-6.6082,-6.7611,0.0157,0.0250,1.0649,0.0123,0.0151,0.7457,10.00,0.200,0.550,0.850,0.0706,0.0674,0.0039,0.00024,0.00073,0.00000,0.00000,0.00000,0.00000,0.00000,0.00000,0.00171,0.00122
1169200,0.5379,0.5379,-6.6290,-6.8605,0.0102,0.0386,0.8770,0.0087,0.0131,0.7685,10.00,0.200,0.550,0.850,0.0747,0.0855,0.0042,0.00049,0.00024,0.00000,0.00000,0.00000,0.00000,0.00000,0.00000,0.00195,0.00146
1169400,0.5379,0.5379,-6.6290,-6.8605,0.0192,0.0260,1.1620,0.0110,0.0109,0.7938,10.00,0.200,0.550,0.850,0.0836,0.0939,0.0015,0.00024,0.00000,0.00000,0.00000,0.00000,0.00000,0.00000,0.00000,0.00073,0.00049
1169600,0.5379,0.5379,-6.5345,-6.8260,0.0196,0.0108,0.9066,0.0111,0.0127,0.9140,10.00,0.200,0.550,0.850,0.0717,0.0849,0.0024,0.00000,0.00024,0.00000,0.00000,0.00000,0.00000,0.00000,0.00000,0.00098,0.00122
1169800,0.5379,0.5379,-6.5345,-6.8260,0.0199,0.0208,0.6364,0.0122,0.0191,0.6461,10.00,0.200,0.550,0.850,0.0835,0.0849,0.0002,0.00000,0.00024,0.00000,0.00000,0.00000,0.00000,0.00000,0.00000,0.00000,0.00000
1170000,0.5379,0.5379,-6.5345,-6.8260,0.0145,0.0193,1.1552,0.0138,0.0107,0.8642,10.00,0.200,0.550,0.850,0.0809,0.0724,0.0032,0.00024,0.00049,0.00000,0.00000,0.00000,0.00000,0.00000,0.00000,0.00049,0.00195
1170200,0.5379,0.5379,-6.6637,-6.9156,0.0160,0.0215,1.1168,0.0180,0.0138,0.8564,10.00,0.200,0.550,0.850,0.0853,0.0847,0.0032,0.00049,0.00024,0.00000,0.00000,0.00000,0.00000,0.00000,0.00000,0.00049,0.00195
1170400,0.5379,0.5379,-6.6637,-6.9156,0.0148,0.0168,1.2998,0.0097,0.0323,0.8660,10.00,0.200,0.550,0.850,0.0780,0.0669,0.0034,0.00000,0.00073,0.00000,0.00000,0.00000,0.00000,0.00000,0.00000,0.00098,0.00171
1170600,0.5379,0.5379,-6.5901,-6.8765,0.0160,0.0159,1.0057,0.0134,0.0105,0.7551,10.00,0.200,0.550,0.850,0.0801,0.0761,0.0037,0.00000,0.00073,0.00000,0.00000,0.00000,0.00000,0.00000,0.00000,0.00122,0.00171
1170800,0.5379,0.5379,-6.5901,-6.8765,0.0152,0.0185,0.9635,0.0113,0.0108,0.7069,10.00,0.200,0.550,0.850,0.0618,0.0772,0.0034,0.00000,0.00049,0.00000,0.00000,0.00000,0.00000,0.00000,0.00000,0.00220,0.00073
1171000,0.5379,0.5379,-6.5901,-6.8765,0.0171,0.0190,0.8812,0.0100,0.0091,0.8261,10.00,0.200,0.550,0.850,0.0708,0.0760,0.0054,0.00024,0.00098,0.00000,0.00000,0.00000,0.00000,0.00000,0.00000,0.00244,0.00171
1171200,0.5379,0.5379,-6.6368,-6.8070,0.0190,0.0308,1.2903,0.0130,0.0388,0.7684,10.00,0.200,0.550,0.850,0.0802,0.0717,0.0037,0.00000,0.00049,0.00000,0.00000,0.00000,0.00000,0.00000,0.00000,0.00098,0.00220
1171400,0.5379,0.5379,-6.6368,-6.8070,0.0123,0.0101,1.0534,0.0102,0.0094,0.8402,10.00,0.200,0.550,0.850,0.0805,0.0723,0.0032,0.00000,0.00073,0.00000,0.00000,0.00000,0.00000,0.00000,0.00000,0.00098,0.00146
1171600,0.5379,0.5379,-6.3772,-6.8487,0.0174,0.0104,0.8614,0.0119,0.0220,0.6457,10.00,0.200,0.550,0.850,0.0898,0.0923,0.0000,0.00000,0.00000,0.00000,0.00000,0.00000,0.00000,0.00000,0.00000,0.00000,0.00000
1171800,0.5379,0.5379,-6.3772,-6.8487,0.0142,0.0132,1.1059,0.0133,0.0118,0.7103,10.00,0.200,0.550,0.850,0.0613,0.0698,0.0054,0.00073,0.00098,0.00000,0.00000,0.00000,0.00000,0.00000,0.00000,0.00244,0.00122
1172000,0.5379,0.5379,-6.3772,-6.8487,0.0124,0.0183,1.3577,0.0131,0.0187,0.7677,10.00,0.200,0.550,0.850,0.0811,0.0712,0.0039,0.00000,0.00049,0.00000,0.00000,0.00000,0.00000,0.00000,0.00000,0.00122,0.00220
1172200,0.5379,0.5379,-6.5311,-6.9136,0.0173,0.0316,1.4898,0.0105,0.0160,0.8091,10.00,0.200,0.550,0.850,0.0728,0.0736,0.0037,0.00000,0.00024,0.00000,0.00000,0.00000,0.00000,0.00000,0.00000,0.00195,0.00146
1172400,0.5379,0.5379,-6.5311,-6.9136,0.0158,0.0110,1.1551,0.0111,0.0113,0.8601,10.00,0.200,0.550,0.850,0.0852,0.0632,0.0046,0.00000,0.00146,0.00000,0.00000,0.00000,0.00000,0.00000,0.00000,0.00098,0.00220
1172600,0.5379,0.5379,-6.5077,-6.7504,0.0182,0.0156,0.9702,0.0173,0.0312,0.7430,10.00,0.200,0.550,0.850,0.0642,0.0760,0.0034,0.00024,0.00049,0.00000,0.00000,0.00000,0.00000,0.00000,0.00000,0.00146,0.00122
1172800,0.5379,0.5379,-6.5077,-6.7504,0.0176,0.0124,1.0886,0.0179,0.0147,0.5797,10.00,0.200,0.550,0.850,0.0785,0.0775,0.0034,0.00073,0.00024,0.00000,0.00000,0.00000,0.00000,0.00000,0.00000,0.00122,0.00122
1173000,0.5379,0.5379,-6.5077,-6.7504,0.0160,0.0141,1.0017,0.0120,0.0547,0.7272,10.00,0.200,0.550,0.850,0.0763,0.0707,0.0037,0.00000,0.00024,0.00000,0.00000,0.00000,0.00000,0.00000,0.00000,0.00146,0.00195
1173200,0.5379,0.5379,-6.6110,-6.7016,0.0196,0.0219,1.2159,0.0088,0.0189,0.8817,10.00,0.200,0.550,0.850,0.0710,0.0689,0.0054,0.00073,0.00049,0.00000,0.00000,0.00000,0.00000,0.00000,0.00000,0.00195,0.00220
1173400,0.5379,0.5379,-6.6110,-6.7016,0.0151,0.0174,0.9124,0.0100,0.0106,0.7494,10.00,0.200,0.550,0.850,0.0929,0.0944,0.0005,0.00024,0.00024,0.00000,0.00000,0.00000,0.00000,0.00000,0.00000,0.00000,0.00000
1173600,0.5379,0.5379,-6.5203,-6.9997,0.0176,0.0186,1.0498,0.0116,0.0101,0.9671,10.00,0.200,0.550,0.850,0.0684,0.0646,0.0049,0.00024,0.00098,0.00000,0.00000,0.00000,0.00000,0.00000,0.00000,0.00171,0.00195
1173800,0.5379,0.5379,-6.5203,-6.9997,0.0164,0.0160,1.0370,0.0158,0.0356,0.7081,10.00,0.200,0.550,0.850,0.0735,0.0795,0.0037,0.00024,0.00024,0.00000,0.00000,0.00000,0.00000,0.00000,0.00000,0.00195,0.00122
1174000,0.5379,0.5379,-6.5203,-6.9997,0.0133,0.0197,1.3026,0.0166,0.0235,0.6888,10.00,0.200,0.550,0.850,0.0715,0.0622,0.0056,0.00000,0.00073,0.00000,0.00000,0.00000,0.00000,0.00000,0.00000,0.00244,0.00244
1174200,0.5379,0.5379,-6.6322,-6.9570,0.0127,0.0168,1.3127,0.0122,0.0165,0.7726,10.00,0.200,0.550,0.850,0.0623,0.0673,0.0059,0.00049,0.00024,0.00000,0.00000,0.00000,0.00000,0.00000,0.00000,0.00220,0.00293
1174400,0.5379,0.5379,-6.6322,-6.9570,0.0112,0.0099,1.4621,0.0131,0.0380,0.7849,10.00,0.200,0.550,0.850,0.0723,0.0636,0.0037,0.00049,0.00049,0.00000,0.00000,0.00000,0.00000,0.00000,0.00000,0.00073,0.00195
1174600,0.5379,0.5379,-6.7223,-6.8619,0.0180,0.0123,1.4023,0.0133,0.0088,0.6951,10.00,0.200,0.550,0.850,0.0600,0.0653,0.0056,0.00000,0.00098,0.00000,0.00000,0.00000,0.00000,0.00000,0.00000,0.00244,0.00220
1174800,0.5379,0.5379,-6.7223,-6.8619,0.0127,0.0235,1.3439,0.0132,0.0339,0.7847,10.00,0.200,0.550,0.850,0.0785,0.0749,0.0032,0.00024,0.00000,0.00000,0.00000,0.00000,0.00000,0.00000,0.00000,0.00122,0.00171
1175000,0.5379,0.5379,-6.7223,-6.8619,0.0153,0.0141,1.2634,0.0162,0.0427,0.8964,10.00,0.200,0.550,0.850,0.0674,0.0786,0.0034,0.00000,0.00000,0.00000,0.00000,0.00000,0.00000,0.00000,0.00000,0.00244,0.00098
1175200,0.5379,0.5379,-6.6310,-6.8103,0.0179,0.0199,0.9430,0.0106,0.0197,0.7381,10.00,0.200,0.550,0.850,0.0971,0.0986,0.0000,0.00000,0.00000,0.00000,0.00000,0.00000,0.00000,0.00000,0.00000,0.00000,0.00000
1175400,0.5379,0.5379,-6.6310,-6.8103,0.0209,0.0170,1.2213,0.0129,0.0119,0.8424,10.00,0.200,0.550,0.850,0.0733,0.0659,0.0042,0.00024,0.00000,0.00000,0.00000,0.00000,0.00000,0.00000,0.00000,0.00122,0.00269
1175600,0.5379,0.5379,-6.6699,-6.8552,0.0117,0.0253,1.3692,0.0110,0.0123,0.7239,10.00,0.200,0.550,0.850,0.0866,0.0784,0.0029,0.00000,0.00000,0.00000,0.00000,0.00000,0.00000,0.00000,0.00000,0.00122,0.00171
1175800,0.5379,0.5379,-6.6699,-6.8552,0.0120,0.0166,1.2265,0.0171,0.0124,0.7931,10.00,0.200,0.550,0.850,0.0677,0.0681,0.0051,0.00024,0.00073,0.00000,0.00000,0.00000,0.00000,0.00000,0.00000,0.00171,0.00244
1176000,0.5379,0.5379,-6.6699,-6.8552,0.0136,0.0216,1.1050,0.0129,0.0287,0.7326,10.00,0.200,0.550,0.850,0.0789,0.0526,0.0046,0.00024,0.00000,0.00000,0.00000,0.00000,0.00000,0.00000,0.00000,0.00122,0.00317
1176200,0.5379,0.5379,-6.6555,-6.8384,0.0173,0.0182,0.8836,0.0121,0.0120,0.6134,10.00,0.200,0.550,0.850,0.0731,0.0724,0.0029,0.00024,0.00098,0.00000,0.00000,0.00000,0.00000,0.00000,0.00000,0.00073,0.00098
1176400,0.5379,0.5379,-6.6555,-6.8384,0.0171,0.0148,1.2599,0.0094,0.0207,0.7589,10.00,0.200,0.550,0.850,0.0701,0.0710,0.0037,0.00000,0.00024,0.00000,0.00000,0.00000,0.00000,0.00000,0.00000,0.00171,0.00171
1176600,0.5379,0.5379,-6.5577,-6.8338,0.0164,0.0287,0.9842,0.0148,0.0314,0.6659,10.00,0.200,0.550,0.850,0.0828,0.0669,0.0037,0.00000,0.00098,0.00000,0.00000,0.00000,0.00000,0.00000,0.00000,0.00073,0.00195
1176800,0.5379,0.5379,-6.5577,-6.8338,0.0193,0.0350,0.8375,0.0119,0.0149,0.7759,10.00,0.200,0.550,0.850,0.0757,0.0587,0.0051,0.00000,0.00098,0.00000,0.00000,0.00000,0.00000,0.00000,0.00000,0.00171,0.00244
1177000,0.5379,0.5379,-6.5577,-6.8338,0.0125,0.0159,0.8912,0.0130,0.0368,0.6633,10.00,0.200,0.550,0.850,0.0990,0.0985,0.0007,0.00024,0.00049,0.00000,0.00000,0.00000,0.00000,0.00000,0.00000,0.00000,0.00000
1177200,0.5379,0.5379,-6.4503,-6.8685,0.0175,0.0151,1.0852,0.0123,0.0124,0.6682,10.00,0.200,0.550,0.850,0.0768,0.0622,0.0037,0.00000,0.00024,0.00000,0.00000,0.00000,0.00000,0.00000,0.00000,0.00122,0.00220
1177400,0.5379,0.5379,-6.4503,-6.8685,0.0140,0.0115,1.3907,0.0102,0.0218,0.6861,10.00,0.200,0.550,0.850,0.0850,0.0807,0.0032,0.00000,0.00098,0.00000,0.00000,0.00000,0.00000,0.00000,0.00000,0.00122,0.00098
1177600,0.5379,0.5379,-6.7002,-6.9370,0.0174,0.0221,1.1033,0.0101,0.0122,0.6568,10.00,0.200,0.550,0.850,0.0879,0.0676,0.0034,0.00000,0.00000,0.00000,0.00000,0.00000,0.00000,0.00000,0.00000,0.00073,0.00269
1177800,0.5379,0.5379,-6.7002,-6.9370,0.0167,0.0143,1.0493,0.0142,0.0473,0.6529,10.00,0.200,0.550,0.850,0.0885,0.0737,0.0027,0.00024,0.00024,0.00000,0.00000,0.00000,0.00000,0.00000,0.00000,0.00024,0.00195
1178000,0.5379,0.5379,-6.7002,-6.9370,0.0145,0.0182,1.3003,0.0106,0.0130,0.8208,10.00,0.200,0.550,0.850,0.0709,0.0682,0.0037,0.00000,0.00098,0.00000,0.00000,0.00000,0.00000,0.00000,0.00000,0.00146,0.00122
1178200,0.5379,0.5379,-6.6897,-6.8628,0.0131,0.0128,1.1461,0.0135,0.0109,0.6846,10.00,0.200,0.550,0.850,0.0792,0.0705,0.0044,0.00000,0.00049,0.00000,0.00000,0.00000,0.00000,0.00000,0.00000,0.00146,0.00244
1178400,0.5379,0.5379,-6.6897,-6.8628,0.0173,0.0330,1.2945,0.0151,0.0243,0.7090,10.00,0.200,0.550,0.850,0.0855,0.0774,0.0022,0.00024,0.00049,0.00000,0.00000,0.00000,0.00000,0.00000,0.00000,0.00049,0.00098
1178600,0.5379,0.5379,-6.4046,-6.8498,0.0145,0.0177,1.0377,0.0115,0.0107,0.6181,10.00,0.200,0.550,0.850,0.0740,0.0728,0.0051,0.00024,0.00073,0.00000,0.00000,0.00000,0.00000,0.00000,0.00000,0.00244,0.00171
1178800,0.5379,0.5379,-6.4046,-6.8498,0.0170,0.0405,0.9094,0.0102,0.0139,0.6695,10.00,0.200,0.550,0.850,0.1003,0.1012,0.0000,0.00000,0.00000,0.00000,0.00000,0.00000,0.00000,0.00000,0.00000,0.00000,0.00000
1179000,0.5379,0.5379,-6.4046,-6.8498,0.0135,0.0172,1.2530,0.0170,0.0210,0.6071,10.00,0.200,0.550,0.850,0.0750,0.0751,0.0039,0.00024,0.00024,0.00000,0.00000,0.00000,0.00000,0.00000,0.00000,0.00146,0.00195
1179200,0.5379,0.5379,-6.4352,-6.8467,0.0134,0.0178,1.2719,0.0125,0.0267,0.8202,10.00,0.200,0.550,0.850,0.0923,0.0778,0.0032,0.00024,0.00073,0.00000,0.00000,0.00000,0.00000,0.00000,0.00000,0.00073,0.00146
1179400,0.5379,0.5379,-6.4352,-6.8467,0.0146,0.0148,1.3572,0.0149,0.0137,0.7305,10.00,0.200,0.550,0.850,0.0838,0.0739,0.0029,0.00000,0.00049,0.00000,0.00000,0.00000,0.00000,0.00000,0.00000,0.00073,0.00171
1179600,0.5379,0.5379,-6.5920,-6.9569,0.0127,0.0138,1.1335,0.0093,0.0138,0.6925,10.00,0.200,0.550,0.850,0.0775,0.0875,0.0034,0.00000,0.00049,0.00000,0.00000,0.00000,0.00000,0.00000,0.00000,0.00195,0.00098
1179800,0.5379,0.5379,-6.5920,-6.9569,0.0149,0.0169,1.0549,0.0118,0.0400,0.6441,10.00,0.200,0.550,0.850,0.0585,0.0624,0.0042,0.00073,0.00049,0.00000,0.00000,0.00000,0.00000,0.00000,0.00000,0.00195,0.00098
1180000,0.5379,0.5379,-6.5920,-6.9569,0.0153,0.0145,1.1666,0.0100,0.0121,0.5673,10.00,0.200,0.550,0.850,0.0733,0.0795,0.0034,0.00073,0.00073,0.00000,0.00000,0.00000,0.00000,0.00000,0.00000,0.00122,0.00073
1180200,0.5379,0.5379,-6.4408,-6.9167,0.0170,0.0257,0.9995,0.0088,0.0298,0.7186,10.00,0.200,0.550,0.850,0.0814,0.0580,0.0054,0.00024,0.00049,0.00000,0.00000,0.00000,0.00000,0.00000,0.00000,0.00122,0.00342
1180400,0.5379,0.5379,-6.4408,-6.9167,0.0166,0.0171,1.0313,0.0133,0.0162,0.6942,10.00,0.200,0.550,0.850,0.0839,0.0598,0.0044,0.00024,0.00098,0.00000,0.00000,0.00000,0.00000,0.00000,0.00000,0.00073,0.00244
1180600,0.5379,0.5379,-6.5543,-6.8993,0.0191,0.0323,1.2572,0.0117,0.0170,0.7574,10.00,0.200,0.550,0.850,0.0994,0.1017,0.0002,0.00000,0.00024,0.00000,0.00000,0.00000,0.00000,0.00000,0.00000,0.00000,0.00000
1180800,0.5379,0.5379,-6.5543,-6.8993,0.0181,0.0168,1.1431,0.0171,0.0244,0.7732,10.00,0.200,0.550,0.850,0.0766,0.0576,0.0051,0.00000,0.00122,0.00000,0.00000,0.00000,0.00000,0.00000,0.00000,0.00146,0.00244
1181000,0.5379,0.5379,-6.5543,-6.8993,0.0157,0.0151,1.2112,0.0113,0.0375,0.6928,10.00,0.200,0.550,0.850,0.0892,0.0707,0.0039,0.00024,0.00098,0.00000,0.00000,0.00000,0.00000,0.00000,0.00000,0.00049,0.00220
1181200,0.5379,0.5379,-6.5850,-6.9055,0.0172,0.0261,1.2294,0.0155,0.0126,0.6817,10.00,0.200,0.550,0.850,0.0833,0.0758,0.0029,0.00000,0.00024,0.00000,0.00000,0.00000,0.00000,0.00000,0.00000,0.00073,0.00195
1181400,0.5379,0.5379,-6.5850,-6.9055,0.0139,0.0202,1.2695,0.0133,0.0130,0.7075,10.00,0.200,0.550,0.850,0.0793,0.0779,0.0032,0.00024,0.00073,0.00000,0.00000,0.00000,0.00000,0.00000,0.00000,0.00146,0.00098
1181600,0.5379,0.5379,-6.6621,-6.9087,0.0153,0.0248,1.1189,0.0103,0.0156,0.6504,10.00,0.200,0.550,0.850,0.0715,0.0857,0.0022,0.00024,0.00000,0.00000,0.00000,0.00000,0.00000,0.00000,0.00000,0.00146,0.00049
1181800,0.5379,0.5379,-6.6621,-6.9087,0.0164,0.0125,1.0896,0.0126,0.0149,0.5672,10.00,0.200,0.550,0.850,0.0828,0.0723,0.0034,0.00000,0.00024,0.00000,0.00000,0.00000,0.00000,0.00000,0.00000,0.00122,0.00195
1182000,0.5379,0.5379,-6.6621,-6.9087,0.0168,0.0134,1.3051,0.0115,0.0170,0.7550,10.00,0.200,0.550,0.850,0.0839,0.0717,0.0027,0.00000,0.00000,0.00000,0.00000,0.00000,0.00000,0.00000,0.00000,0.00049,0.00220
1182200,0.5379,0.5379,-6.5627,-6.9790,0.0197,0.0458,1.0344,0.0141,0.0241,0.6387,10.00,0.200,0.550,0.850,0.0814,0.0708,0.0032,0.00024,0.00049,0.00000,0.00000,0.00000,0.00000,0.00000,0.00000,0.00098,0.00146
1182400,0.5379,0.5379,-6.5627,-6.9790,0.0188,0.0116,1.1621,0.0106,0.0097,0.6053,10.00,0.200,0.550,0.850,0.0899,0.0946,0.0024,0.00049,0.00073,0.00000,0.00000,0.00000,0.00000,0.00000,0.00000,0.00049,0.00073
1182600,0.5379,0.5379,-6.6491,-6.9513,0.0172,0.0220,1.1221,0.0116,0.0111,0.7586,10.00,0.200,0.550,0.850,0.0765,0.0629,0.0039,0.00000,0.00049,0.00000,0.00000,0.00000,0.00000,0.00000,0.00000,0.00049,0.00293
1182800,0.5379,0.5379,-6.6491,-6.9513,0.0164,0.0158,1.2993,0.0113,0.0091,0.6331,10.00,0.200,0.550,0.850,0.0876,0.0924,0.0020,0.00024,0.00000,0.00000,0.00000,0.00000,0.00000,0.00000,0.00000,0.00098,0.00073
1183000,0.5379,0.5379,-6.6491,-6.9513,0.0165,0.0150,1.1476,0.0126,0.0131,0.6209,10.00,0.200,0.550,0.850,0.0777,0.0727,0.0044,0.00049,0.00073,0.00000,0.00000,0.00000,0.00000,0.00000,0.00000,0.00098,0.00220
1183200,0.5379,0.5379,-6.4347,-6.9338,0.0148,0.0171,1.2066,0.0156,0.0076,0.6245,10.00,0.200,0.550,0.850,0.0885,0.0722,0.0027,0.00000,0.00024,0.00000,0.00000,0.00000,0.00000,0.00000,0.00000,0.00073,0.00171
1183400,0.5379,0.5379,-6.4347,-6.9338,0.0154,0.0230,1.0354,0.0136,0.0283,0.7220,10.00,0.200,0.550,0.850,0.0762,0.0713,0.0037,0.00024,0.00000,0.00000,0.00000,0.00000,0.00000,0.00000,0.00000,0.00098,0.00244
1183600,0.5379,0.5379,-6.6245,-6.9852,0.0118,0.0188,1.0763,0.0128,0.0291,0.6623,10.00,0.200,0.550,0.850,0.0866,0.0740,0.0039,0.00024,0.00049,0.00000,0.00000,0.00000,0.00000,0.00000,0.00000,0.00098,0.00220
1183800,0.5379,0.5379,-6.6245,-6.9852,0.0172,0.0131,0.8591,0.0129,0.0220,0.6159,10.00,0.200,0.550,0.850,0.0788,0.0851,0.0027,0.00000,0.00000,0.00000,0.00000,0.00000,0.00000,0.00000,0.00000,0.00122,0.00146
1184000,0.5379,0.5379,-6.6245,-6.9852,0.0103,0.0121,1.1300,0.0137,0.0098,0.6892,10.00,0.200,0.550,0.850,0.0751,0.0904,0.0029,0.00024,0.00024,0.00000,0.00000,0.00000,0.00000,0.00000,0.00000,0.00146,0.00098
1184200,0.5379,0.5379,-6.4983,-6.9591,0.0144,0.0118,1.2144,0.0126,0.0122,0.6765,10.00,0.200,0.550,0.850,0.0897,0.0948,0.0012,0.00000,0.00000,0.00000,0.00000,0.00000,0.00000,0.00000,0.00000,0.00049,0.00073
1184400,0.5379,0.5379,-6.4983,-6.9591,0.0203,0.0208,1.3172,0.0161,0.0310,0.6799,10.00,0.200,0.550,0.850,0.0717,0.0722,0.0042,0.00049,0.00024,0.00000,0.00000,0.00000,0.00000,0.00000,0.00000,0.00171,0.00171
1184600,0.5379,0.5379,-6.6767,-6.8199,0.0165,0.0143,1.4085,0.0085,0.0131,0.7375,10.00,0.200,0.550,0.850,0.0866,0.0940,0.0017,0.00000,0.00024,0.00000,0.00000,0.00000,0.00000,0.00000,0.00000,0.00098,0.00049
1184800,0.5379,0.5379,-6.6767,-6.8199,0.0136,0.0197,1.0915,0.0168,0.0139,0.6616,10.00,0.200,0.550,0.850,0.0623,0.0784,0.0051,0.00073,0.00024,0.00000,0.00000,0.00000,0.00000,0.00000,0.00000,0.00269,0.00146
1185000,0.5379,0.5379,-6.6767,-6.8199,0.0172,0.0170,1.1180,0.0107,0.0101,0.7078,10.00,0.200,0.550,0.850,0.0774,0.0615,0.0056,0.00024,0.00122,0.00000,0.00000,0.00000,0.00000,0.00000,0.00000,0.00146,0.00269
1185200,0.5379,0.5379,-6.4653,-6.8997,0.0156,0.0136,1.2446,0.0148,0.0118,0.7312,10.00,0.200,0.550,0.850,0.0829,0.0695,0.0027,0.00000,0.00049,0.00000,0.00000,0.00000,0.00000,0.00024,0.00000,0.00024,0.00171
1185400,0.5379,0.5379,-6.4653,-6.8997,0.0178,0.0227,0.8759,0.0097,0.0158,0.7511,10.00,0.200,0.550,0.850,0.0817,0.0885,0.0029,0.00000,0.00073,0.00000,0.00000,0.00000,0.00000,0.00000,0.00000,0.00171,0.00049
1185600,0.5379,0.5379,-6.4837,-6.7591,0.0153,0.0188,1.4985,0.0159,0.0106,0.8225,10.00,0.200,0.550,0.850,0.0707,0.0740,0.0044,0.00049,0.00073,0.00000,0.00000,0.00000,0.00000,0.00000,0.00000,0.00146,0.00171
1185800,0.5379,0.5379,-6.4837,-6.7591,0.0166,0.0189,1.0845,0.0113,0.0153,0.6249,10.00,0.200,0.550,0.850,0.0641,0.0766,0.0054,0.00049,0.00049,0.00000,0.00000,0.00000,0.00000,0.00000,0.00000,0.00244,0.00195
1186000,0.5379,0.5379,-6.4837,-6.7591,0.0111,0.0239,1.2803,0.0115,0.0122,0.7449,10.00,0.200,0.550,0.850,0.0908,0.0993,0.0017,0.00024,0.00000,0.00000,0.00000,0.00000,0.00000,0.00000,0.00000,0.00073,0.00073
1186200,0.5379,0.5379,-6.6443,-6.8553,0.0184,0.0161,1.1348,0.0124,0.0268,0.7592,10.00,0.200,0.550,0.850,0.0673,0.0434,0.0073,0.00024,0.00098,0.00000,0.00000,0.00000,0.00000,0.00000,0.00000,0.00220,0.00391
1186400,0.5379,0.5379,-6.6443,-6.8553,0.0168,0.0161,1.3975,0.0108,0.0148,0.7485,10.00,0.200,0.550,0.850,0.0861,0.0773,0.0037,0.00000,0.00049,0.00000,0.00000,0.00000,0.00000,0.00000,0.00000,0.00098,0.00220
1186600,0.5379,0.5379,-6.5392,-6.7805,0.0146,0.0163,1.1411,0.0175,0.0552,0.7800,10.00,0.200,0.550,0.850,0.0694,0.0725,0.0051,0.00098,0.00049,0.00000,0.00000,0.00000,0.00000,0.00000,0.00000,0.00146,0.00220
1186800,0.5379,0.5379,-6.5392,-6.7805,0.0102,0.0184,1.2209,0.0125,0.0104,0.7668,10.00,0.200,0.550,0.850,0.0741,0.0822,0.0039,0.00024,0.00024,0.00000,0.00000,0.00000,0.00000,0.00000,0.00024,0.00171,0.00146
1187000,0.5379,0.5379,-6.5392,-6.7805,0.0136,0.0125,1.1076,0.0098,0.0289,0.7763,10.00,0.200,0.550,0.850,0.0691,0.0787,0.0024,0.00000,0.00024,0.00000,0.00000,0.00000,0.00000,0.00000,0.00000,0.00122,0.00098
1187200,0.5379,0.5379,-6.5502,-6.7530,0.0180,0.0348,0.9265,0.0119,0.0131,0.7773,10.00,0.200,0.550,0.850,0.0801,0.0704,0.0049,0.00024,0.00049,0.00000,0.00000,0.00000,0.00000,0.00000,0.00000,0.00171,0.00244
1187400,0.5379,0.5379,-6.5502,-6.7530,0.0128,0.0183,1.4762,0.0111,0.0226,0.8194,10.00,0.200,0.550,0.850,0.0796,0.0703,0.0044,0.00000,0.00049,0.00000,0.00000,0.00000,0.00000,0.00000,0.00000,0.00122,0.00269
1187600,0.5379,0.5379,-6.4522,-6.8603,0.0182,0.0145,1.2341,0.0109,0.0105,0.7478,10.00,0.200,0.550,0.850,0.0740,0.0824,0.0039,0.00024,0.00073,0.00000,0.00000,0.00000,0.00000,0.00000,0.00000,0.00171,0.00146
1187800,0.5379,0.5379,-6.4522,-6.8603,0.0111,0.0174,1.3541,0.0094,0.0119,0.7237,10.00,0.200,0.550,0.850,0.0877,0.1036,0.0017,0.00024,0.00000,0.00000,0.00000,0.00000,0.00000,0.00000,0.00000,0.00098,0.00049
1188000,0.5379,0.5379,-6.4522,-6.8603,0.0147,0.0139,1.2487,0.0143,0.0202,0.6889,10.00,0.200,0.550,0.850,0.0801,0.0776,0.0027,0.00024,0.00000,0.00000,0.00000,0.00000,0.00000,0.00000,0.00000,0.00073,0.00171
1188200,0.5379,0.5379,-6.6084,-6.6400,0.0198,0.0364,1.1122,0.0158,0.0334,0.7511,10.00,0.200,0.550,0.850,0.0850,0.0747,0.0034,0.00000,0.00024,0.00000,0.00000,0.00000,0.00000,0.00000,0.00000,0.00098,0.00220
1188400,0.5379,0.5379,-6.6084,-6.6400,0.0179,0.0184,0.9178,0.0118,0.0125,0.6651,10.00,0.200,0.550,0.850,0.0645,0.0738,0.0039,0.00024,0.00024,0.00000,0.00000,0.00000,0.00000,0.00000,0.00000,0.00146,0.00195
1188600,0.5379,0.5379,-6.6298,-6.7088,0.0167,0.0179,1.1521,0.0181,0.0104,0.6022,10.00,0.200,0.550,0.850,0.0828,0.0567,0.0054,0.00024,0.00024,0.00000,0.00000,0.00000,0.00000,0.00000,0.00000,0.00122,0.00366
1188800,0.5379,0.5379,-6.6298,-6.7088,0.0104,0.0185,1.1196,0.0124,0.0129,0.6880,10.00,0.200,0.550,0.850,0.0714,0.0647,0.0037,0.00049,0.00000,0.00000,0.00000,0.00000,0.00000,0.00000,0.00000,0.00098,0.00220
1189000,0.5379,0.5379,-6.6298,-6.7088,0.0119,0.0139,1.1190,0.0136,0.0182,0.8092,10.00,0.200,0.550,0.850,0.0771,0.0791,0.0029,0.00049,0.00049,0.00000,0.00000,0.00000,0.00000,0.00000,0.00000,0.00073,0.00122
1189200,0.5379,0.5379,-6.6781,-6.7083,0.0113,0.0190,1.1433,0.0120,0.0176,0.7117,10.00,0.200,0.550,0.850,0.0815,0.0745,0.0032,0.00024,0.00024,0.00000,0.00000,0.00000,0.00000,0.00000,0.00000,0.00098,0.00171
1189400,0.5379,0.5379,-6.6781,-6.7083,0.0184,0.0323,1.1604,0.0150,0.0172,0.7471,10.00,0.200,0.550,0.850,0.0878,0.0791,0.0029,0.00024,0.00000,0.00000,0.00000,0.00000,0.00000,0.00000,0.00000,0.00049,0.00220
1189600,0.5379,0.5379,-6.6986,-6.8588,0.0163,0.0333,1.1414,0.0123,0.0259,0.7984,10.00,0.200,0.550,0.850,0.0923,0.0964,0.0010,0.00000,0.00049,0.00000,0.00000,0.00000,0.00000,0.00000,0.00000,0.00024,0.00024
1189800,0.5379,0.5379,-6.6986,-6.8588,0.0141,0.0170,1.2316,0.0148,0.0097,0.8160,10.00,0.200,0.550,0.850,0.0644,0.0622,0.0061,0.00073,0.00073,0.00000,0.00000,0.00000,0.00000,0.00000,0.00000,0.00171,0.00293
1190000,0.5379,0.5379,-6.6986,-6.8588,0.0162,0.0168,1.2808,0.0130,0.0209,0.7423,10.00,0.200,0.550,0.850,0.0889,0.0874,0.0034,0.00024,0.00098,0.00000,0.00000,0.00000,0.00000,0.00000,0.00000,0.00098,0.00122
1190200,0.5379,0.5379,-6.5684,-6.7561,0.0116,0.0140,1.2316,0.0107,0.0126,0.7987,10.00,0.200,0.550,0.850,0.0695,0.0826,0.0034,0.00000,0.00073,0.00000,0.00000,0.00000,0.00000,0.00000,0.00000,0.00171,0.00098
1190400,0.5379,0.5379,-6.5684,-6.7561,0.0154,0.0163,0.9041,0.0100,0.0208,0.8972,10.00,0.200,0.550,0.850,0.0800,0.0591,0.0037,0.00098,0.00000,0.00000,0.00000,0.00000,0.00000,0.00000,0.00000,0.00024,0.00269
1190600,0.5379,0.5379,-6.5735,-6.9833,0.0204,0.0125,1.1623,0.0105,0.0118,0.8306,10.00,0.200,0.550,0.850,0.0685,0.0823,0.0022,0.00024,0.00000,0.00000,0.00000,0.00000,0.00000,0.00000,0.00000,0.00146,0.00049
1190800,0.5379,0.5379,-6.5735,-6.9833,0.0126,0.0141,1.4077,0.0162,0.0126,0.7781,10.00,0.200,0.550,0.850,0.0811,0.0747,0.0046,0.00073,0.00024,0.00000,0.00000,0.00000,0.00000,0.00000,0.00000,0.00073,0.00293
1191000,0.5379,0.5379,-6.5735,-6.9833,0.0170,0.0173,1.1424,0.0120,0.0149,0.6876,10.00,0.200,0.550,0.850,0.0794,0.0711,0.0034,0.00024,0.00000,0.00000,0.00000,0.00000,0.00000,0.00000,0.00000,0.00073,0.00244
1191200,0.5379,0.5379,-6.5493,-6.8378,0.0132,0.0253,1.0442,0.0127,0.0152,0.6958,10.00,0.200,0.550,0.850,0.0759,0.0747,0.0029,0.00000,0.00000,0.00000,0.00000,0.00000,0.00000,0.00000,0.00000,0.00122,0.00171
1191400,0.5379,0.5379,-6.5493,-6.8378,0.0179,0.0192,1.0354,0.0131,0.0099,0.7247,10.00,0.200,0.550,0.850,0.0905,0.0978,0.0012,0.00024,0.00000,0.00000,0.00000,0.00000,0.00000,0.00000,0.00000,0.00000,0.00098
1191600,0.5379,0.5379,-6.6048,-6.8731,0.0158,0.0344,1.3759,0.0153,0.0388,0.8304,10.00,0.200,0.550,0.850,0.0743,0.0846,0.0024,0.00024,0.00024,0.00000,0.00000,0.00000,0.00000,0.00000,0.00000,0.00098,0.00098
1191800,0.5379,0.5379,-6.6048,-6.8731,0.0149,0.0193,1.0749,0.0122,0.0168,0.7262,10.00,0.200,0.550,0.850,0.0790,0.0600,0.0049,0.00000,0.00049,0.00000,0.00000,0.00000,0.00000,0.00000,0.00000,0.00146,0.00293
1192000,0.5379,0.5379,-6.6048,-6.8731,0.0176,0.0103,0.9482,0.0097,0.0206,0.9210,10.00,0.200,0.550,0.850,0.0839,0.0684,0.0039,0.00000,0.00073,0.00000,0.00000,0.00000,0.00000,0.00000,0.00000,0.00098,0.00220
1192200,0.5379,0.5379,-6.6098,-6.8504,0.0173,0.0146,1.0523,0.0135,0.0250,0.8825,10.00,0.200,0.550,0.850,0.0773,0.0619,0.0046,0.00000,0.00098,0.00000,0.00000,0.00000,0.00000,0.00000,0.00000,0.00146,0.00220
1192400,0.5379,0.5379,-6.6098,-6.8504,0.0185,0.0134,0.9444,0.0143,0.0101,0.8922,10.00,0.200,0.550,0.850,0.0763,0.0523,0.0039,0.00024,0.00098,0.00000,0.00000,0.00000,0.00000,0.00000,0.00000,0.00122,0.00146
1192600,0.5379,0.5379,-6.6514,-6.7726,0.0165,0.0208,1.0740,0.0135,0.0134,0.7985,10.00,0.200,0.550,0.850,0.0804,0.0744,0.0044,0.00049,0.00024,0.00000,0.00000,0.00000,0.00000,0.00000,0.00000,0.00122,0.00244
1192800,0.5379,0.5379,-6.6514,-6.7726,0.0122,0.0149,1.2616,0.0146,0.0132,0.7986,10.00,0.200,0.550,0.850,0.0770,0.0730,0.0034,0.00000,0.00073,0.00000,0.00000,0.00000,0.00000,0.00000,0.00024,0.00098,0.00195
1193000,0.5379,0.5379,-6.6514,-6.7726,0.0158,0.0271,1.0121,0.0139,0.0127,0.9291,10.00,0.200,0.550,0.850,0.0850,0.0662,0.0039,0.00024,0.00049,0.00000,0.00000,0.00000,0.00000,0.00000,0.00000,0.00049,0.00269
1193200,0.5379,0.5379,-6.5886,-6.9581,0.0101,0.0189,1.3790,0.0098,0.0332,0.8113,10.00,0.200,0.550,0.850,0.0837,0.0988,0.0020,0.00000,0.00024,0.00000,0.00000,0.00000,0.00000,0.00000,0.00000,0.00146,0.00024
1193400,0.5379,0.5379,-6.5886,-6.9581,0.0168,0.0094,1.0843,0.0138,0.0193,0.7812,10.00,0.200,0.550,0.850,0.0738,0.0662,0.0051,0.00073,0.00073,0.00000,0.00000,0.00000,0.00000,0.00000,0.00000,0.00122,0.00244
1193600,0.5379,0.5379,-6.5096,-6.9618,0.0159,0.0170,0.9070,0.0167,0.0340,0.7876,10.00,0.200,0.550,0.850,0.0828,0.0703,0.0037,0.00049,0.00049,0.00000,0.00000,0.00000,0.00000,0.00000,0.00000,0.00073,0.00195
1193800,0.5379,0.5379,-6.5096,-6.9618,0.0157,0.0228,1.0476,0.0125,0.0084,0.8374,10.00,0.200,0.550,0.850,0.0816,0.0594,0.0039,0.00024,0.00024,0.00000,0.00000,0.00000,0.00000,0.00000,0.00000,0.00073,0.00269
1194000,0.5379,0.5379,-6.5096,-6.9618,0.0100,0.0118,1.2554,0.0155,0.0128,0.8006,10.00,0.200,0.550,0.850,0.0825,0.0561,0.0059,0.00024,0.00171,0.00000,0.00000,0.00000,0.00000,0.00000,0.00000,0.00122,0.00269
1194200,0.5379,0.5379,-6.5542,-6.9965,0.0119,0.0115,1.2438,0.0199,0.0104,0.5862,10.00,0.200,0.550,0.850,0.0767,0.0705,0.0032,0.00024,0.00024,0.00000,0.00000,0.00000,0.00000,0.00000,0.00000,0.00049,0.00220
1194400,0.5379,0.5379,-6.5542,-6.9965,0.0110,0.0144,1.2893,0.0115,0.0178,0.7390,10.00,0.200,0.550,0.850,0.0811,0.0700,0.0044,0.00049,0.00024,0.00000,0.00000,0.00000,0.00000,0.00000,0.00000,0.00122,0.00244
1194600,0.5379,0.5379,-6.5384,-6.9628,0.0168,0.0166,1.2158,0.0127,0.0070,0.7098,10.00,0.200,0.550,0.850,0.0801,0.0805,0.0029,0.00000,0.00073,0.00000,0.00000,0.00000,0.00000,0.00000,0.00000,0.00122,0.00098
1194800,0.5379,0.5379,-6.5384,-6.9628,0.0157,0.0134,1.1620,0.0170,0.0124,0.7392,10.00,0.200,0.550,0.850,0.0829,0.0726,0.0034,0.00024,0.00024,0.00000,0.00000,0.00000,0.00000,0.00000,0.00000,0.00098,0.00195
1195000,0.5379,0.5379,-6.5384,-6.9628,0.0141,0.0120,1.2505,0.0125,0.0180,0.7671,10.00,0.200,0.550,0.850,0.0847,0.0887,0.0032,0.00024,0.00024,0.00000,0.00000,0.00000,0.00000,0.00000,0.00000,0.00122,0.00146
1195200,0.5379,0.5379,-6.5826,-6.7948,0.0145,0.0145,1.1765,0.0136,0.0104,0.6792,10.00,0.200,0.550,0.850,0.0740,0.0688,0.0039,0.00000,0.00024,0.00000,0.00000,0.00000,0.00000,0.00000,0.00000,0.00195,0.00171
1195400,0.5379,0.5379,-6.5826,-6.7948,0.0142,0.0149,1.2897,0.0161,0.0121,0.8215,10.00,0.200,0.550,0.850,0.0836,0.0703,0.0046,0.00000,0.00049,0.00000,0.00000,0.00000,0.00000,0.00000,0.00000,0.00122,0.00293
1195600,0.5379,0.5379,-6.5570,-6.9344,0.0165,0.0233,1.0454,0.0104,0.0137,0.7977,10.00,0.200,0.550,0.850,0.0670,0.0784,0.0042,0.00000,0.00000,0.00000,0.00000,0.00000,0.00000,0.00000,0.00000,0.00220,0.00195
1195800,0.5379,0.5379,-6.5570,-6.9344,0.0156,0.0272,0.9426,0.0151,0.0099,0.7945,10.00,0.200,0.550,0.850,0.0752,0.0661,0.0037,0.00000,0.00073,0.00000,0.00000,0.00000,0.00000,0.00000,0.00000,0.00171,0.00122
1196000,0.5379,0.5379,-6.5570,-6.9344,0.0191,0.0271,1.1972,0.0113,0.0113,0.8316,10.00,0.200,0.550,0.850,0.0664,0.0647,0.0049,0.00049,0.00073,0.00000,0.00000,0.00000,0.00000,0.00000,0.00000,0.00146,0.00220
1196200,0.5379,0.5379,-6.5678,-6.9895,0.0145,0.0167,0.9052,0.0119,0.0248,0.7933,10.00,0.200,0.550,0.850,0.0737,0.0835,0.0044,0.00024,0.00024,0.00000,0.00000,0.00000,0.00000,0.00000,0.00000,0.00220,0.00171
1196400,0.5379,0.5379,-6.5678,-6.9895,0.0137,0.0165,1.1123,0.0115,0.0075,0.8551,10.00,0.200,0.550,0.850,0.0665,0.0703,0.0037,0.00024,0.00049,0.00000,0.00000,0.00000,0.00000,0.00000,0.00000,0.00171,0.00122
1196600,0.5379,0.5379,-6.4848,-6.9596,0.0163,0.0182,0.9816,0.0186,0.0547,0.8288,10.00,0.200,0.550,0.850,0.0796,0.0752,0.0042,0.00049,0.00000,0.00000,0.00000,0.00000,0.00000,0.00000,0.00000,0.00098,0.00269
1196800,0.5379,0.5379,-6.4848,-6.9596,0.0143,0.0186,1.2422,0.0158,0.0104,0.7260,10.00,0.200,0.550,0.850,0.0785,0.0932,0.0024,0.00000,0.00000,0.00000,0.00000,0.00000,0.00000,0.00000,0.00000,0.00146,0.00098
1197000,0.5379,0.5379,-6.4848,-6.9596,0.0212,0.0195,0.8719,0.0135,0.0147,0.7951,10.00,0.200,0.550,0.850,0.0815,0.0674,0.0029,0.00000,0.00073,0.00000,0.00000,0.00000,0.00000,0.00000,0.00000,0.00049,0.00171
1197200,0.5379,0.5379,-6.5454,-6.9360,0.0137,0.0232,1.1832,0.0137,0.0074,0.7459,10.00,0.200,0.550,0.850,0.0802,0.0750,0.0044,0.00024,0.00049,0.00000,0.00000,0.00000,0.00000,0.00000,0.00000,0.00195,0.00171
1197400,0.5379,0.5379,-6.5454,-6.9360,0.0130,0.0244,1.2365,0.0120,0.0108,0.8825,10.00,0.200,0.550,0.850,0.0781,0.0532,0.0051,0.00000,0.00146,0.00000,0.00000,0.00000,0.00000,0.00000,0.00000,0.00171,0.00195
1197600,0.5379,0.5379,-6.5521,-7.0668,0.0160,0.0130,1.3377,0.0110,0.0312,0.8323,10.00,0.200,0.550,0.850,0.0688,0.0689,0.0046,0.00049,0.00000,0.00000,0.00000,0.00000,0.00000,0.00000,0.00000,0.00195,0.00220
1197800,0.5379,0.5379,-6.5521,-7.0668,0.0172,0.0173,1.0521,0.0119,0.0216,0.5827,10.00,0.200,0.550,0.850,0.0777,0.0666,0.0032,0.00024,0.00049,0.00000,0.00000,0.00000,0.00000,0.00000,0.00000,0.00073,0.00171
1198000,0.5379,0.5379,-6.5521,-7.0668,0.0124,0.0269,1.0961,0.0167,0.0300,0.6863,10.00,0.200,0.550,0.850,0.0846,0.0645,0.0044,0.00000,0.00098,0.00000,0.00000,0.00000,0.00000,0.00000,0.00000,0.00122,0.00220
1198200,0.5379,0.5379,-6.4652,-6.8869,0.0151,0.0192,1.1621,0.0148,0.0232,0.7899,10.00,0.200,0.550,0.850,0.0770,0.0793,0.0027,0.00000,0.00024,0.00000,0.00000,0.00000,0.00000,0.00000,0.00000,0.00122,0.00122
1198400,0.5379,0.5379,-6.4652,-6.8869,0.0170,0.0215,1.2840,0.0117,0.0460,0.7065,10.00,0.200,0.550,0.850,0.0817,0.0575,0.0049,0.00049,0.00073,0.00000,0.00000,0.00000,0.00000,0.00000,0.00000,0.00122,0.00244
1198600,0.5379,0.5379,-6.4726,-6.9082,0.0147,0.0226,1.4630,0.0119,0.0101,0.9172,10.00,0.200,0.550,0.850,0.0825,0.0832,0.0032,0.00024,0.00024,0.00000,0.00000,0.00000,0.00000,0.00000,0.00000,0.00073,0.00195
1198800,0.5379,0.5379,-6.4726,-6.9082,0.0113,0.0148,1.7835,0.0160,0.0185,0.6977,10.00,0.200,0.550,0.850,0.0576,0.0624,0.0066,0.00049,0.00098,0.00000,0.00000,0.00000,0.00000,0.00000,0.00000,0.00293,0.00220
1199000,0.5379,0.5379,-6.4726,-6.9082,0.0137,0.0113,1.2891,0.0113,0.0322,0.6402,10.00,0.200,0.550,0.850,0.0829,0.0613,0.0042,0.00000,0.00073,0.00000,0.00000,0.00000,0.00000,0.00000,0.00000,0.00146,0.00195
1199200,0.5379,0.5379,-6.5980,-7.0972,0.0166,0.0200,1.1146,0.0104,0.0098,0.6955,10.00,0.200,0.550,0.850,0.0835,0.0584,0.0039,0.00000,0.00122,0.00000,0.00000,0.00000,0.00000,0.00000,0.00000,0.00098,0.00171
1199400,0.5379,0.5379,-6.5980,-7.0972,0.0167,0.0128,1.2644,0.0113,0.0208,0.6525,10.00,0.200,0.550,0.850,0.0792,0.0756,0.0037,0.00000,0.00073,0.00000,0.00000,0.00000,0.00000,0.00000,0.00000,0.00195,0.00098
1199600,0.5379,0.5379,-6.4726,-6.9686,0.0194,0.0194,0.9129,0.0125,0.0137,0.6804,10.00,0.200,0.550,0.850,0.0716,0.0716,0.0039,0.00073,0.00024,0.00000,0.00000,0.00000,0.00000,0.00000,0.00000,0.00146,0.00146
1199800,0.5379,0.5379,-6.4726,-6.9686,0.0220,0.0173,1.1073,0.0145,0.0309,0.7669,10.00,0.200,0.550,0.850,0.0773,0.0629,0.0059,0.00098,0.00049,0.00000,0.00000,0.00000,0.00000,0.00000,0.00000,0.00195,0.00244
1200000,0.5379,0.5379,-6.4726,-6.9686,0.0145,0.0276,1.0023,0.0104,0.0088,0.7384,10.00,0.200,0.550,0.850,0.0828,0.0722,0.0034,0.00024,0.00073,0.00000,0.00000,0.00000,0.00000,0.00000,0.00000,0.00098,0.00146
1200200,0.5379,0.5379,-6.5429,-6.9907,0.0143,0.0316,1.1619,0.0131,0.0285,0.7097,10.00,0.200,0.550,0.850,0.0710,0.0753,0.0044,0.00000,0.00000,0.00000,0.00000,0.00000,0.00000,0.00000,0.00000,0.00220,0.00220
1200400,0.5379,0.5379,-6.5429,-6.9907,0.0145,0.0126,1.4381,0.0146,0.0247,0.8395,10.00,0.200,0.550,0.850,0.0803,0.0941,0.0007,0.00000,0.00000,0.00000,0.00000,0.00000,0.00000,0.00000,0.00000,0.00049,0.00024
1200600,0.5379,0.5379,-6.5059,-7.0005,0.0132,0.0262,1.1408,0.0095,0.0104,0.6185,10.00,0.200,0.550,0.850,0.0771,0.0475,0.0049,0.00024,0.00049,0.00000,0.00000,0.00000,0.00000,0.00000,0.00000,0.00122,0.00293
1200800,0.5379,0.5379,-6.5059,-7.0005,0.0145,0.0209,1.2191,0.0130,0.0351,0.6980,10.00,0.200,0.550,0.850,0.0831,0.0812,0.0027,0.00024,0.00024,0.00000,0.00000,0.00000,0.00000,0.00000,0.00000,0.00098,0.00122
1201000,0.5379,0.5379,-6.5059,-7.0005,0.0139,0.0231,1.1928,0.0120,0.0133,0.7093,10.00,0.200,0.550,0.850,0.0808,0.0768,0.0020,0.00024,0.00073,0.00000,0.00000,0.00000,0.00000,0.00000,0.00000,0.00049,0.00049
1201200,0.5379,0.5379,-6.4962,-7.0012,0.0105,0.0179,1.5035,0.0112,0.0181,0.6573,10.00,0.200,0.550,0.850,0.0822,0.0717,0.0042,0.00024,0.00049,0.00000,0.00000,0.00000,0.00000,0.00024,0.00000,0.00122,0.00195
1201400,0.5379,0.5379,-6.4962,-7.0012,0.0146,0.0126,1.4285,0.0121,0.0143,0.7039,10.00,0.200,0.550,0.850,0.0764,0.0590,0.0039,0.00000,0.00073,0.00000,0.00000,0.00000,0.00000,0.00000,0.00000,0.00122,0.00195
1201600,0.5379,0.5379,-6.5615,-6.9624,0.0136,0.0147,1.4236,0.0104,0.0155,0.8387,10.00,0.200,0.550,0.850,0.0824,0.0767,0.0039,0.00024,0.00122,0.00000,0.00000,0.00000,0.00000,0.00000,0.00000,0.00098,0.00146
1201800,0.5379,0.5379,-6.5615,-6.9624,0.0169,0.0192,0.9123,0.0114,0.0086,0.7245,10.00,0.200,0.550,0.850,0.0800,0.0672,0.0034,0.00024,0.00049,0.00000,0.00000,0.00000,0.00000,0.00000,0.00000,0.00122,0.00146
1202000,0.5379,0.5379,-6.5615,-6.9624,0.0146,0.0183,1.0669,0.0143,0.0110,0.7013,10.00,0.200,0.550,0.850,0.0870,0.0562,0.0051,0.00000,0.00171,0.00000,0.00000,0.00000,0.00000,0.00000,0.00000,0.00122,0.00220
1202200,0.5379,0.5379,-6.5820,-6.9297,0.0122,0.0270,1.1949,0.0123,0.0265,0.5902,10.00,0.200,0.550,0.850,0.0916,0.0870,0.0020,0.00000,0.00000,0.00000,0.00000,0.00000,0.00000,0.00000,0.00000,0.00049,0.00146
1202400,0.5379,0.5379,-6.5820,-6.9297,0.0125,0.0149,1.4173,0.0116,0.0116,0.7664,10.00,0.200,0.550,0.850,0.0790,0.0500,0.0044,0.00000,0.00098,0.00000,0.00000,0.00000,0.00000,0.00000,0.00000,0.00098,0.00244
1202600,0.5379,0.5379,-6.6686,-6.9320,0.0130,0.0256,1.1784,0.0114,0.0211,0.5087,10.00,0.200,0.550,0.850,0.0864,0.0863,0.0032,0.00024,0.00073,0.00000,0.00000,0.00000,0.00000,0.00000,0.00000,0.00146,0.00073
1202800,0.5379,0.5379,-6.6686,-6.9320,0.0126,0.0265,1.2028,0.0135,0.0096,0.6746,10.00,0.200,0.550,0.850,0.0817,0.0791,0.0032,0.00024,0.00024,0.00000,0.00000,0.00000,0.00000,0.00000,0.00000,0.00122,0.00146
1203000,0.5379,0.5379,-6.6686,-6.9320,0.0161,0.0144,1.3485,0.0152,0.0359,0.6586,10.00,0.200,0.550,0.850,0.0803,0.0801,0.0032,0.00049,0.00000,0.00000,0.00000,0.00000,0.00000,0.00000,0.00000,0.00098,0.00171
1203200,0.5379,0.5379,-6.4932,-6.8373,0.0141,0.0327,1.1074,0.0143,0.0074,0.5820,10.00,0.200,0.550,0.850,0.0732,0.0806,0.0024,0.00049,0.00000,0.00000,0.00000,0.00000,0.00000,0.00000,0.00000,0.00098,0.00098
1203400,0.5379,0.5379,-6.4932,-6.8373,0.0119,0.0174,1.1959,0.0148,0.0140,0.7048,10.00,0.200,0.550,0.850,0.0885,0.0785,0.0037,0.00000,0.00122,0.00000,0.00000,0.00000,0.00000,0.00000,0.00000,0.00122,0.00122
1203600,0.5379,0.5379,-6.5816,-6.7445,0.0126,0.0247,1.1984,0.0109,0.0368,0.6534,10.00,0.200,0.550,0.850,0.0773,0.0702,0.0039,0.00024,0.00073,0.00000,0.00000,0.00000,0.00000,0.00000,0.00000,0.00146,0.00146
1203800,0.5379,0.5379,-6.5816,-6.7445,0.0148,0.0211,0.9807,0.0140,0.0180,0.6458,10.00,0.200,0.550,0.850,0.0838,0.0848,0.0024,0.00024,0.00024,0.00000,0.00000,0.00000,0.00000,0.00000,0.00000,0.00098,0.00098
1204000,0.5379,0.5379,-6.5816,-6.7445,0.0122,0.0199,1.1088,0.0097,0.0217,0.6313,10.00,0.200,0.550,0.850,0.0771,0.0821,0.0029,0.00049,0.00024,0.00000,0.00000,0.00000,0.00000,0.00000,0.00000,0.00073,0.00146
1204200,0.5379,0.5379,-6.4703,-6.8270,0.0168,0.0490,0.8071,0.0130,0.0300,0.6825,10.00,0.200,0.550,0.850,0.0753,0.0664,0.0042,0.00000,0.00049,0.00000,0.00000,0.00000,0.00000,0.00000,0.00000,0.00146,0.00220
1204400,0.5379,0.5379,-6.4703,-6.8270,0.0127,0.0199,0.8329,0.0149,0.0142,0.7824,10.00,0.200,0.550,0.850,0.0854,0.0816,0.0032,0.00000,0.00024,0.00000,0.00000,0.00000,0.00000,0.00000,0.00000,0.00122,0.00171
1204600,0.5379,0.5379,-6.6454,-6.8114,0.0146,0.0197,1.2281,0.0144,0.0204,0.6960,10.00,0.200,0.550,0.850,0.0792,0.0784,0.0032,0.00000,0.00000,0.00000,0.00000,0.00000,0.00000,0.00000,0.00000,0.00146,0.00171
1204800,0.5379,0.5379,-6.6454,-6.8114,0.0164,0.0122,0.8373,0.0120,0.0328,0.6130,10.00,0.200,0.550,0.850,0.0794,0.0708,0.0049,0.00000,0.00024,0.00000,0.00000,0.00000,0.00000,0.00000,0.00000,0.00220,0.00244
1205000,0.5379,0.5379,-6.6454,-6.8114,0.0139,0.0144,1.2232,0.0128,0.0441,0.6003,10.00,0.200,0.550,0.850,0.0711,0.0743,0.0034,0.00024,0.00000,0.00000,0.00000,0.00000,0.00000,0.00000,0.00000,0.00171,0.00146
1205200,0.5379,0.5379,-6.5169,-6.7670,0.0157,0.0168,1.2155,0.0164,0.0109,0.6790,10.00,0.200,0.550,0.850,0.0773,0.0752,0.0037,0.00049,0.00024,0.00000,0.00000,0.00000,0.00000,0.00000,0.00000,0.00098,0.00195
1205400,0.5379,0.5379,-6.5169,-6.7670,0.0193,0.0127,1.1730,0.0149,0.0287,0.5506,10.00,0.200,0.550,0.850,0.0792,0.0765,0.0020,0.00000,0.00073,0.00000,0.00000,0.00000,0.00000,0.00000,0.00000,0.00049,0.00073
1205600,0.5379,0.5379,-6.5250,-6.8545,0.0155,0.0141,1.2248,0.0105,0.0204,0.5380,10.00,0.200,0.550,0.850,0.0743,0.0779,0.0042,0.00000,0.00024,0.00000,0.00000,0.00000,0.00000,0.00000,0.00000,0.00195,0.00195
1205800,0.5379,0.5379,-6.5250,-6.8545,0.0168,0.0160,1.3087,0.0131,0.0262,0.4929,10.00,0.200,0.550,0.850,0.0841,0.0844,0.0020,0.00000,0.00024,0.00000,0.00000,0.00000,0.00000,0.00000,0.00000,0.00049,0.00122
1206000,0.5379,0.5379,-6.5250,-6.8545,0.0200,0.0361,1.1742,0.0161,0.0418,0.6116,10.00,0.200,0.550,0.850,0.0732,0.0766,0.0037,0.00000,0.00073,0.00000,0.00000,0.00000,0.00000,0.00000,0.00000,0.00171,0.00122
1206200,0.5379,0.5379,-6.3704,-6.8491,0.0126,0.0136,1.1426,0.0104,0.0317,0.6455,10.00,0.200,0.550,0.850,0.0863,0.0857,0.0029,0.00000,0.00000,0.00000,0.00000,0.00000,0.00000,0.00000,0.00000,0.00098,0.00195
1206400,0.5379,0.5379,-6.3704,-6.8491,0.0196,0.0302,0.8525,0.0124,0.0294,0.8083,10.00,0.200,0.550,0.850,0.0893,0.0831,0.0022,0.00000,0.00000,0.00000,0.00000,0.00000,0.00000,0.00000,0.00000,0.00049,0.00171
1206600,0.5379,0.5379,-6.6100,-6.8332,0.0129,0.0143,1.3167,0.0088,0.0335,0.6933,10.00,0.200,0.550,0.850,0.0749,0.0903,0.0024,0.00049,0.00024,0.00000,0.00000,0.00000,0.00000,0.00000,0.00000,0.00122,0.00049
1206800,0.5379,0.5379,-6.6100,-6.8332,0.0394,0.0143,0.8573,0.0113,0.0223,0.5584,10.00,0.200,0.550,0.850,0.0788,0.0801,0.0024,0.00073,0.00024,0.00000,0.00000,0.00000,0.00000,0.00000,0.00000,0.00024,0.00122
1207000,0.5379,0.5379,-6.6100,-6.8332,0.0135,0.0158,1.0385,0.0147,0.0103,0.7140,10.00,0.200,0.550,0.850,0.0774,0.0741,0.0046,0.00049,0.00024,0.00000,0.00000,0.00000,0.00000,0.00000,0.00000,0.00122,0.00269
1207200,0.5379,0.5379,-6.4296,-6.8665,0.0204,0.0113,0.9086,0.0110,0.0108,0.7477,10.00,0.200,0.550,0.850,0.0795,0.0818,0.0024,0.00024,0.00073,0.00000,0.00000,0.00000,0.00000,0.00000,0.00000,0.00073,0.00073
1207400,0.5379,0.5379,-6.4296,-6.8665,0.0125,0.0123,1.2468,0.0167,0.0260,0.5750,10.00,0.200,0.550,0.850,0.0628,0.0785,0.0061,0.00073,0.00073,0.00000,0.00000,0.00000,0.00000,0.00000,0.00024,0.00269,0.00171
1207600,0.5379,0.5379,-6.6403,-6.7357,0.0179,0.0124,1.2431,0.0093,0.0151,0.6225,10.00,0.200,0.550,0.850,0.0750,0.0796,0.0037,0.00000,0.00000,0.00000,0.00000,0.00000,0.00000,0.00000,0.00000,0.00146,0.00220
1207800,0.5379,0.5379,-6.6403,-6.7357,0.0162,0.0398,1.2583,0.0098,0.0160,0.7054,10.00,0.200,0.550,0.850,0.0828,0.0791,0.0020,0.00024,0.00049,0.00000,0.00000,0.00000,0.00000,0.00000,0.00000,0.00049,0.00073
1208000,0.5379,0.5379,-6.6403,-6.7357,0.0140,0.0141,1.2669,0.0113,0.0166,0.6748,10.00,0.200,0.550,0.850,0.0778,0.0823,0.0039,0.00073,0.00024,0.00000,0.00000,0.00000,0.00000,0.00000,0.00024,0.00146,0.00122
1208200,0.5379,0.5379,-6.5157,-6.7752,0.0174,0.0145,1.1180,0.0103,0.0108,0.6465,10.00,0.200,0.550,0.850,0.0805,0.0646,0.0049,0.00024,0.00049,0.00000,0.00000,0.00000,0.00000,0.00000,0.00000,0.00122,0.00293
1208400,0.5379,0.5379,-6.5157,-6.7752,0.0159,0.0167,0.8516,0.0116,0.0181,0.8066,10.00,0.200,0.550,0.850,0.0836,0.0838,0.0029,0.00024,0.00000,0.00000,0.00000,0.00000,0.00000,0.00000,0.00000,0.00146,0.00122
1208600,0.5379,0.5379,-6.4634,-6.6931,0.0199,0.0355,1.0331,0.0125,0.0185,0.7103,10.00,0.200,0.550,0.850,0.0790,0.0647,0.0044,0.00049,0.00049,0.00000,0.00000,0.00000,0.00000,0.00000,0.00000,0.00098,0.00244
1208800,0.5379,0.5379,-6.4634,-6.6931,0.0107,0.0182,1.6483,0.0137,0.0120,0.6743,10.00,0.200,0.550,0.850,0.0596,0.0765,0.0051,0.00049,0.00073,0.00000,0.00000,0.00000,0.00000,0.00000,0.00000,0.00269,0.00122
1209000,0.5379,0.5379,-6.4634,-6.6931,0.0174,0.0165,1.4311,0.0133,0.0122,0.8794,10.00,0.200,0.550,0.850,0.0871,0.0770,0.0029,0.00000,0.00049,0.00000,0.00000,0.00000,0.00000,0.00000,0.00000,0.00073,0.00195
1209200,0.5379,0.5379,-6.7014,-6.8133,0.0129,0.0173,1.0552,0.0098,0.0138,0.7658,10.00,0.200,0.550,0.850,0.0838,0.0818,0.0029,0.00000,0.00073,0.00000,0.00000,0.00000,0.00000,0.00000,0.00000,0.00146,0.00073
1209400,0.5379,0.5379,-6.7014,-6.8133,0.0171,0.0247,0.8955,0.0102,0.0134,0.8133,10.00,0.200,0.550,0.850,0.0769,0.0832,0.0034,0.00049,0.00000,0.00000,0.00000,0.00000,0.00000,0.00000,0.00000,0.00122,0.00171
1209600,0.5379,0.5379,-6.5357,-6.8294,0.0139,0.0193,0.8176,0.0107,0.0134,0.7995,10.00,0.200,0.550,0.850,0.0755,0.0705,0.0044,0.00049,0.00000,0.00000,0.00000,0.00000,0.00000,0.00000,0.00000,0.00122,0.00269
1209800,0.5379,0.5379,-6.5357,-6.8294,0.0187,0.0195,1.0018,0.0133,0.0305,0.6599,10.00,0.200,0.550,0.850,0.0858,0.0567,0.0044,0.00000,0.00122,0.00000,0.00000,0.00000,0.00000,0.00000,0.00000,0.00073,0.00244
1210000,0.5379,0.5379,-6.5357,-6.8294,0.0165,0.0157,1.1443,0.0122,0.0232,0.8778,10.00,0.200,0.550,0.850,0.0630,0.0865,0.0039,0.00073,0.00024,0.00024,0.00000,0.00000,0.00000,0.00000,0.00000,0.00171,0.00098
1210200,0.5379,0.5379,-6.3868,-6.9046,0.0147,0.0195,0.9960,0.0099,0.0083,0.8406,10.00,0.200,0.550,0.850,0.0831,0.0790,0.0027,0.00000,0.00000,0.00000,0.00000,0.00000,0.00000,0.00000,0.00000,0.00122,0.00146
1210400,0.5379,0.5379,-6.3868,-6.9046,0.0137,0.0185,1.4915,0.0133,0.0252,0.8254,10.00,0.200,0.550,0.850,0.0732,0.0607,0.0044,0.00049,0.00024,0.00000,0.00000,0.00000,0.00000,0.00000,0.00000,0.00098,0.00269
1210600,0.5379,0.5379,-6.4953,-6.7382,0.0140,0.0141,1.1361,0.0107,0.0367,0.8130,10.00,0.200,0.550,0.850,0.0639,0.0811,0.0046,0.00073,0.00024,0.00000,0.00000,0.00000,0.00000,0.00000,0.00000,0.00244,0.00122
1210800,0.5379,0.5379,-6.4953,-6.7382,0.0107,0.0247,1.3444,0.0111,0.0342,0.6465,10.00,0.200,0.550,0.850,0.0825,0.0422,0.0051,0.00024,0.00073,0.00000,0.00000,0.00000,0.00000,0.00000,0.00000,0.00049,0.00366
1211000,0.5379,0.5379,-6.4953,-6.7382,0.0146,0.0214,1.3290,0.0134,0.0095,0.9251,10.00,0.200,0.550,0.850,0.0777,0.0793,0.0037,0.00073,0.00024,0.00000,0.00000,0.00000,0.00000,0.00000,0.00000,0.00122,0.00146
1211200,0.5379,0.5379,-6.5424,-6.8879,0.0151,0.0178,1.1009,0.0112,0.0142,0.8018,10.00,0.200,0.550,0.850,0.0768,0.0792,0.0024,0.00000,0.00024,0.00000,0.00000,0.00000,0.00000,0.00000,0.00000,0.00073,0.00146
1211400,0.5379,0.5379,-6.5424,-6.8879,0.0156,0.0141,1.2025,0.0130,0.0511,0.6833,10.00,0.200,0.550,0.850,0.0694,0.0547,0.0061,0.00024,0.00024,0.00000,0.00000,0.00000,0.00000,0.00000,0.00000,0.00171,0.00391
1211600,0.5379,0.5379,-6.3515,-6.6971,0.0156,0.0179,1.0574,0.0138,0.0133,0.7501,10.00,0.200,0.550,0.850,0.0871,0.0855,0.0027,0.00024,0.00024,0.00000,0.00000,0.00000,0.00000,0.00000,0.00000,0.00073,0.00146
1211800,0.5379,0.5379,-6.3515,-6.6971,0.0164,0.0280,1.0240,0.0192,0.0094,0.7781,10.00,0.200,0.550,0.850,0.0695,0.0796,0.0042,0.00073,0.00024,0.00000,0.00000,0.00000,0.00000,0.00000,0.00000,0.00098,0.00220
1212000,0.5379,0.5379,-6.3515,-6.6971,0.0172,0.0197,1.1570,0.0126,0.0183,0.8869,10.00,0.200,0.550,0.850,0.0812,0.0748,0.0032,0.00024,0.00000,0.00000,0.00000,0.00000,0.00000,0.00000,0.00000,0.00098,0.00195
1212200,0.5379,0.5379,-6.5413,-6.8079,0.0153,0.0252,1.0905,0.0174,0.0088,0.8252,10.00,0.200,0.550,0.850,0.0778,0.0743,0.0034,0.00024,0.00073,0.00000,0.00000,0.00000,0.00000,0.00000,0.00000,0.00098,0.00146
1212400,0.5379,0.5379,-6.5413,-6.8079,0.0158,0.0113,1.2487,0.0175,0.0108,0.8638,10.00,0.200,0.550,0.850,0.0980,0.0644,0.0034,0.00000,0.00073,0.00000,0.00000,0.00000,0.00000,0.00000,0.00000,0.00024,0.00244
1212600,0.5379,0.5379,-6.5163,-6.8710,0.0181,0.0272,1.1718,0.0194,0.0121,0.7942,10.00,0.200,0.550,0.850,0.0806,0.0767,0.0029,0.00024,0.00024,0.00000,0.00000,0.00000,0.00000,0.00000,0.00000,0.00122,0.00122
1212800,0.5379,0.5379,-6.5163,-6.8710,0.0141,0.0143,1.2559,0.0125,0.0347,0.7686,10.00,0.200,0.550,0.850,0.0862,0.0829,0.0022,0.00000,0.00000,0.00000,0.00000,0.00000,0.00000,0.00000,0.00000,0.00122,0.00098
1213000,0.5379,0.5379,-6.5163,-6.8710,0.0125,0.0151,1.1770,0.0106,0.0180,0.8269,10.00,0.200,0.550,0.850,0.0706,0.0910,0.0024,0.00000,0.00024,0.00000,0.00000,0.00000,0.00000,0.00000,0.00000,0.00195,0.00024
1213200,0.5379,0.5379,-6.5244,-6.8121,0.0130,0.0344,0.9115,0.0114,0.0132,0.7850,10.00,0.200,0.550,0.850,0.0636,0.0640,0.0056,0.00024,0.00049,0.00000,0.00000,0.00000,0.00000,0.00000,0.00000,0.00269,0.00220
1213400,0.5379,0.5379,-6.5244,-6.8121,0.0216,0.0413,1.1134,0.0113,0.0167,0.8002,10.00,0.200,0.550,0.850,0.0767,0.0623,0.0042,0.00000,0.00024,0.00000,0.00000,0.00000,0.00000,0.00000,0.00000,0.00146,0.00244
1213600,0.5379,0.5379,-6.4758,-6.9466,0.0131,0.0093,1.1490,0.0116,0.0101,0.7502,10.00,0.200,0.550,0.850,0.0838,0.0651,0.0044,0.00024,0.00122,0.00000,0.00000,0.00000,0.00000,0.00000,0.00000,0.00073,0.00220
1213800,0.5379,0.5379,-6.4758,-6.9466,0.0150,0.0190,1.5927,0.0180,0.0148,0.6701,10.00,0.200,0.550,0.850,0.0856,0.0542,0.0039,0.00000,0.00146,0.00000,0.00000,0.00000,0.00000,0.00000,0.00000,0.00049,0.00195
1214000,0.5379,0.5379,-6.4758,-6.9466,0.0130,0.0287,1.1666,0.0127,0.0279,0.7951,10.00,0.200,0.550,0.850,0.0759,0.0801,0.0027,0.00000,0.00073,0.00000,0.00000,0.00000,0.00000,0.00000,0.00000,0.00122,0.00073
1214200,0.5379,0.5379,-6.5543,-6.8964,0.0155,0.0163,1.2919,0.0097,0.0116,0.8052,10.00,0.200,0.550,0.850,0.0710,0.0761,0.0049,0.00000,0.00049,0.00000,0.00000,0.00000,0.00000,0.00000,0.00000,0.00195,0.00244
1214400,0.5379,0.5379,-6.5543,-6.8964,0.0139,0.0158,0.9536,0.0129,0.0101,0.7473,10.00,0.200,0.550,0.850,0.0724,0.0702,0.0044,0.00024,0.00073,0.00000,0.00000,0.00000,0.00000,0.00000,0.00000,0.00171,0.00195
1214600,0.5379,0.5379,-6.3951,-6.9056,0.0170,0.0251,1.0605,0.0146,0.0123,0.8318,10.00,0.200,0.550,0.850,0.0839,0.0600,0.0037,0.00000,0.00024,0.00000,0.00000,0.00000,0.00000,0.00000,0.00000,0.00122,0.00220
1214800,0.5379,0.5379,-6.3951,-6.9056,0.0111,0.0122,1.2104,0.0101,0.0189,0.9095,10.00,0.200,0.550,0.850,0.0768,0.0806,0.0029,0.00000,0.00000,0.00000,0.00000,0.00000,0.00000,0.00000,0.00000,0.00146,0.00146
1215000,0.5379,0.5379,-6.3951,-6.9056,0.0146,0.0150,1.2937,0.0149,0.0386,0.7132,10.00,0.200,0.550,0.850,0.0777,0.0564,0.0039,0.00000,0.00049,0.00000,0.00000,0.00000,0.00000,0.00000,0.00000,0.00122,0.00220
1215200,0.5379,0.5379,-6.6088,-7.0143,0.0150,0.0201,1.6238,0.0102,0.0131,0.8192,10.00,0.200,0.550,0.850,0.0824,0.0789,0.0034,0.00000,0.00073,0.00000,0.00000,0.00000,0.00000,0.00000,0.00000,0.00122,0.00146
1215400,0.5379,0.5379,-6.6088,-7.0143,0.0110,0.0151,1.6180,0.0128,0.0100,0.9194,10.00,0.200,0.550,0.850,0.0795,0.0720,0.0039,0.00073,0.00073,0.00000,0.00000,0.00000,0.00000,0.00000,0.00000,0.00073,0.00171
1215600,0.5379,0.5379,-6.5420,-6.9198,0.0161,0.0192,1.1502,0.0116,0.0139,0.8169,10.00,0.200,0.550,0.850,0.0766,0.0746,0.0042,0.00024,0.00049,0.00000,0.00000,0.00000,0.00000,0.00000,0.00000,0.00122,0.00220
1215800,0.5379,0.5379,-6.5420,-6.9198,0.0163,0.0260,1.2464,0.0122,0.0092,0.6790,10.00,0.200,0.550,0.850,0.0553,0.0684,0.0059,0.00098,0.00024,0.00000,0.00000,0.00000,0.00000,0.00000,0.00000,0.00220,0.00244
1216000,0.5379,0.5379,-6.5420,-6.9198,0.0167,0.0150,1.0900,0.0148,0.0202,0.8968,10.00,0.200,0.550,0.850,0.0822,0.0836,0.0037,0.00049,0.00073,0.00000,0.00000,0.00000,0.00000,0.00000,0.00000,0.00122,0.00122
1216200,0.5379,0.5379,-6.4539,-7.0215,0.0147,0.0219,1.1466,0.0116,0.0173,0.6783,10.00,0.200,0.550,0.850,0.0784,0.0731,0.0034,0.00000,0.00049,0.00000,0.00000,0.00000,0.00000,0.00000,0.00000,0.00122,0.00171
1216400,0.5379,0.5379,-6.4539,-7.0215,0.0127,0.0146,1.0035,0.0103,0.0210,0.6018,10.00,0.200,0.550,0.850,0.0693,0.0826,0.0037,0.00073,0.00073,0.00000,0.00000,0.00000,0.00000,0.00024,0.00000,0.00122,0.00073
1216600,0.5379,0.5379,-6.6476,-6.9673,0.0129,0.0140,1.4984,0.0128,0.0133,0.6763,10.00,0.200,0.550,0.850,0.0760,0.0796,0.0027,0.00000,0.00024,0.00000,0.00000,0.00000,0.00000,0.00000,0.00000,0.00122,0.00122
1216800,0.5379,0.5379,-6.6476,-6.9673,0.0125,0.0272,1.2811,0.0141,0.0106,0.7202,10.00,0.200,0.550,0.850,0.0745,0.0701,0.0037,0.00024,0.00122,0.00000,0.00000,0.00000,0.00000,0.00000,0.00024,0.00073,0.00146
1217000,0.5379,0.5379,-6.6476,-6.9673,0.0126,0.0145,1.3309,0.0132,0.0191,0.8118,10.00,0.200,0.550,0.850,0.0866,0.0564,0.0039,0.00024,0.00049,0.00000,0.00000,0.00000,0.00000,0.00000,0.00000,0.00098,0.00220
1217200,0.5379,0.5379,-6.5914,-6.7293,0.0236,0.0101,0.9248,0.0116,0.0083,0.7395,10.00,0.200,0.550,0.850,0.0720,0.0768,0.0049,0.00000,0.00073,0.00000,0.00000,0.00000,0.00000,0.00000,0.00000,0.00244,0.00171
1217400,0.5379,0.5379,-6.5914,-6.7293,0.0129,0.0235,1.3029,0.0155,0.0339,0.5743,10.00,0.200,0.550,0.850,0.0777,0.0748,0.0042,0.00024,0.00049,0.00000,0.00000,0.00000,0.00000,0.00000,0.00000,0.00122,0.00220
1217600,0.5379,0.5379,-6.4380,-6.7865,0.0136,0.0155,1.0659,0.0092,0.0099,0.6667,10.00,0.200,0.550,0.850,0.0770,0.0661,0.0034,0.00000,0.00024,0.00000,0.00000,0.00000,0.00000,0.00000,0.00000,0.00146,0.00171
1217800,0.5379,0.5379,-6.4380,-6.7865,0.0141,0.0149,1.2137,0.0123,0.0205,0.7425,10.00,0.200,0.550,0.850,0.0943,0.0634,0.0034,0.00000,0.00098,0.00000,0.00000,0.00000,0.00000,0.00000,0.00000,0.00024,0.00220
1218000,0.5379,0.5379,-6.4380,-6.7865,0.0157,0.0131,1.2875,0.0122,0.0301,0.7735,10.00,0.200,0.550,0.850,0.0684,0.0828,0.0034,0.00073,0.00024,0.00000,0.00000,0.00000,0.00000,0.00000,0.00000,0.00171,0.00073
1218200,0.5379,0.5379,-6.5356,-6.9562,0.0125,0.0241,1.4638,0.0115,0.0118,0.6950,10.00,0.200,0.550,0.850,0.0638,0.0831,0.0049,0.00000,0.00073,0.00000,0.00000,0.00000,0.00000,0.00000,0.00000,0.00293,0.00122
1218400,0.5379,0.5379,-6.5356,-6.9562,0.0180,0.0320,1.0449,0.0150,0.0140,0.6477,10.00,0.200,0.550,0.850,0.0740,0.0873,0.0022,0.00000,0.00024,0.00000,0.00000,0.00000,0.00000,0.00000,0.00000,0.00171,0.00024
1218600,0.5379,0.5379,-6.5864,-6.9435,0.0161,0.0204,1.0015,0.0108,0.0192,0.7735,10.00,0.200,0.550,0.850,0.0693,0.0496,0.0051,0.00024,0.00024,0.00000,0.00000,0.00000,0.00000,0.00000,0.00000,0.00171,0.00293
1218800,0.5379,0.5379,-6.5864,-6.9435,0.0112,0.0142,1.3915,0.0115,0.0306,0.7680,10.00,0.200,0.550,0.850,0.0758,0.0708,0.0044,0.00024,0.00098,0.00000,0.00000,0.00000,0.00000,0.00000,0.00000,0.00171,0.00146
1219000,0.5379,0.5379,-6.5864,-6.9435,0.0183,0.0156,0.9417,0.0113,0.0148,0.8448,10.00,0.200,0.550,0.850,0.0832,0.0708,0.0042,0.00024,0.00098,0.00000,0.00000,0.00000,0.00000,0.00000,0.00000,0.00098,0.00195
1219200,0.5379,0.5379,-6.4159,-7.0010,0.0139,0.0168,1.3144,0.0098,0.0338,0.8868,10.00,0.200,0.550,0.850,0.0777,0.0660,0.0046,0.00049,0.00024,0.00000,0.00000,0.00000,0.00000,0.00000,0.00000,0.00122,0.00269
1219400,0.5379,0.5379,-6.4159,-7.0010,0.0121,0.0231,1.0492,0.0087,0.0149,0.6991,10.00,0.200,0.550,0.850,0.0718,0.0749,0.0029,0.00049,0.00024,0.00000,0.00000,0.00000,0.00000,0.00000,0.00000,0.00098,0.00122
1219600,0.5379,0.5379,-6.6302,-6.9631,0.0138,0.0158,1.4577,0.0114,0.0505,0.5915,10.00,0.200,0.550,0.850,0.0881,0.0801,0.0044,0.00024,0.00024,0.00000,0.00000,0.00000,0.00000,0.00000,0.00000,0.00122,0.00269
1219800,0.5379,0.5379,-6.6302,-6.9631,0.0148,0.0274,0.8826,0.0101,0.0124,0.7889,10.00,0.200,0.550,0.850,0.0717,0.0579,0.0056,0.00000,0.00073,0.00000,0.00000,0.00000,0.00000,0.00000,0.00000,0.00220,0.00269
1220000,0.5379,0.5379,-6.6302,-6.9631,0.0170,0.0186,1.0398,0.0082,0.0189,0.7562,10.00,0.200,0.550,0.850,0.0748,0.0697,0.0042,0.00000,0.00073,0.00000,0.00000,0.00000,0.00000,0.00000,0.00000,0.00171,0.00171
1220200,0.5379,0.5379,-6.5778,-6.9706,0.0141,0.0191,1.1933,0.0116,0.0131,0.6925,10.00,0.200,0.550,0.850,0.0806,0.0835,0.0017,0.00000,0.00024,0.00000,0.00000,0.00000,0.00000,0.00000,0.00000,0.00073,0.00073
1220400,0.5379,0.5379,-6.5778,-6.9706,0.0194,0.0210,1.1315,0.0127,0.0097,0.7601,10.00,0.200,0.550,0.850,0.0669,0.0684,0.0054,0.00024,0.00049,0.00000,0.00000,0.00000,0.00000,0.00000,0.00000,0.00244,0.00220
1220600,0.5379,0.5379,-6.4860,-6.9099,0.0202,0.0226,1.0545,0.0098,0.0141,0.7520,10.00,0.200,0.550,0.850,0.0766,0.0679,0.0059,0.00000,0.00073,0.00000,0.00000,0.00000,0.00000,0.00000,0.00000,0.00244,0.00269
1220800,0.5379,0.5379,-6.4860,-6.9099,0.0127,0.0140,1.0298,0.0132,0.0091,0.6841,10.00,0.200,0.550,0.850,0.0745,0.0769,0.0044,0.00024,0.00073,0.00000,0.00000,0.00000,0.00000,0.00000,0.00000,0.00195,0.00146
1221000,0.5379,0.5379,-6.4860,-6.9099,0.0162,0.0138,0.8715,0.0114,0.0192,0.7862,10.00,0.200,0.550,0.850,0.0744,0.0864,0.0034,0.00024,0.00024,0.00000,0.00000,0.00000,0.00000,0.00000,0.00000,0.00195,0.00098
1221200,0.5379,0.5379,-6.5206,-6.9361,0.0167,0.0120,1.2797,0.0130,0.0180,0.6708,10.00,0.200,0.550,0.850,0.0778,0.0860,0.0020,0.00000,0.00000,0.00000,0.00000,0.00000,0.00000,0.00000,0.00000,0.00098,0.00098
1221400,0.5379,0.5379,-6.5206,-6.9361,0.0205,0.0262,0.9977,0.0137,0.0086,0.8015,10.00,0.200,0.550,0.850,0.0872,0.0713,0.0042,0.00000,0.00098,0.00000,0.00000,0.00000,0.00000,0.00000,0.00000,0.00073,0.00244
1221600,0.5379,0.5379,-6.3701,-6.8614,0.0207,0.0298,0.9082,0.0109,0.0444,0.5898,10.00,0.200,0.550,0.850,0.0738,0.0624,0.0046,0.00024,0.00049,0.00000,0.00000,0.00000,0.00000,0.00000,0.00000,0.00098,0.00293
1221800,0.5379,0.5379,-6.3701,-6.8614,0.0162,0.0131,1.0426,0.0156,0.0502,0.6560,10.00,0.200,0.550,0.850,0.0753,0.0818,0.0039,0.00073,0.00024,0.00000,0.00000,0.00000,0.00000,0.00000,0.00000,0.00171,0.00122
1222000,0.5379,0.5379,-6.3701,-6.8614,0.0134,0.0406,0.9810,0.0135,0.0284,0.7247,10.00,0.200,0.550,0.850,0.0765,0.0771,0.0027,0.00024,0.00000,0.00000,0.00000,0.00000,0.00000,0.00000,0.00000,0.00098,0.00146
1222200,0.5379,0.5379,-6.5645,-6.8972,0.0141,0.0148,1.2376,0.0127,0.0182,0.6911,10.00,0.200,0.550,0.850,0.0679,0.0790,0.0032,0.00024,0.00000,0.00000,0.00000,0.00000,0.00000,0.00000,0.00000,0.00171,0.00122
1222400,0.5379,0.5379,-6.5645,-6.8972,0.0142,0.0146,1.1754,0.0126,0.0352,0.6663,10.00,0.200,0.550,0.850,0.0867,0.0882,0.0015,0.00000,0.00024,0.00000,0.00000,0.00000,0.00000,0.00000,0.00000,0.00049,0.00073
1222600,0.5379,0.5379,-6.5853,-6.8283,0.0131,0.0151,1.0795,0.0107,0.0113,0.5445,10.00,0.200,0.550,0.850,0.0685,0.0896,0.0022,0.00000,0.00000,0.00000,0.00000,0.00000,0.00000,0.00000,0.00000,0.00171,0.00049
1222800,0.5379,0.5379,-6.5853,-6.8283,0.0143,0.0143,1.3910,0.0143,0.0118,0.5951,10.00,0.200,0.550,0.850,0.0778,0.0777,0.0042,0.00073,0.00073,0.00000,0.00000,0.00000,0.00000,0.00000,0.00000,0.00146,0.00122
1223000,0.5379,0.5379,-6.5853,-6.8283,0.0151,0.0111,1.3028,0.0151,0.0350,0.6495,10.00,0.200,0.550,0.850,0.0640,0.0747,0.0044,0.00049,0.00000,0.00000,0.00000,0.00000,0.00000,0.00000,0.00000,0.00171,0.00220
1223200,0.5379,0.5379,-6.5480,-6.8266,0.0143,0.0170,1.2380,0.0131,0.0193,0.5703,10.00,0.200,0.550,0.850,0.0865,0.0895,0.0024,0.00073,0.00000,0.00000,0.00000,0.00000,0.00000,0.00000,0.00000,0.00122,0.00049
1223400,0.5379,0.5379,-6.5480,-6.8266,0.0164,0.0203,1.1972,0.0097,0.0354,0.6165,10.00,0.200,0.550,0.850,0.0749,0.0748,0.0032,0.00000,0.00024,0.00000,0.00000,0.00000,0.00000,0.00000,0.00000,0.00146,0.00146
1223600,0.5379,0.5379,-6.6009,-6.8358,0.0137,0.0241,1.1513,0.0124,0.0473,0.6658,10.00,0.200,0.550,0.850,0.0771,0.0705,0.0051,0.00024,0.00024,0.00000,0.00000,0.00000,0.00000,0.00000,0.00000,0.00171,0.00293
1223800,0.5379,0.5379,-6.6009,-6.8358,0.0146,0.0160,1.2858,0.0159,0.0155,0.5632,10.00,0.200,0.550,0.850,0.0816,0.0715,0.0029,0.00000,0.00073,0.00000,0.00000,0.00000,0.00000,0.00000,0.00000,0.00098,0.00122
1224000,0.5379,0.5379,-6.6009,-6.8358,0.0231,0.0283,0.8317,0.0101,0.0327,0.6758,10.00,0.200,0.550,0.850,0.0761,0.0733,0.0029,0.00000,0.00024,0.00000,0.00000,0.00000,0.00000,0.00000,0.00000,0.00073,0.00195
1224200,0.5379,0.5379,-6.6207,-6.9126,0.0187,0.0492,1.2375,0.0120,0.0196,0.6819,10.00,0.200,0.550,0.850,0.0815,0.0690,0.0046,0.00000,0.00073,0.00000,0.00000,0.00000,0.00000,0.00000,0.00000,0.00146,0.00244
1224400,0.5379,0.5379,-6.6207,-6.9126,0.0136,0.0164,1.1081,0.0134,0.0490,0.6040,10.00,0.200,0.550,0.850,0.0813,0.0659,0.0042,0.00049,0.00049,0.00000,0.00000,0.00000,0.00000,0.00000,0.00000,0.00122,0.00220
1224600,0.5379,0.5379,-6.5705,-6.8408,0.0172,0.0240,1.3159,0.0111,0.0210,0.6345,10.00,0.200,0.550,0.850,0.0762,0.0772,0.0042,0.00024,0.00024,0.00000,0.00000,0.00000,0.00000,0.00000,0.00000,0.00220,0.00146
1224800,0.5379,0.5379,-6.5705,-6.8408,0.0145,0.0124,0.9897,0.0124,0.0342,0.6712,10.00,0.200,0.550,0.850,0.0772,0.0733,0.0044,0.00024,0.00073,0.00000,0.00000,0.00000,0.00000,0.00000,0.00000,0.00098,0.00244
1225000,0.5379,0.5379,-6.5705,-6.8408,0.0139,0.0253,1.2195,0.0107,0.0145,0.6234,10.00,0.200,0.550,0.850,0.0860,0.0880,0.0024,0.00024,0.00000,0.00000,0.00000,0.00000,0.00000,0.00000,0.00000,0.00098,0.00122
1225200,0.5379,0.5379,-6.4375,-6.8132,0.0152,0.0202,0.9594,0.0138,0.0157,0.6833,10.00,0.200,0.550,0.850,0.0675,0.0742,0.0051,0.00024,0.00122,0.00000,0.00000,0.00000,0.00000,0.00000,0.00000,0.00220,0.00146
1225400,0.5379,0.5379,-6.4375,-6.8132,0.0155,0.0177,1.1765,0.0090,0.0088,0.6911,10.00,0.200,0.550,0.850,0.0803,0.0806,0.0020,0.00024,0.00049,0.00000,0.00000,0.00000,0.00000,0.00000,0.00000,0.00049,0.00073
1225600,0.5379,0.5379,-6.6015,-6.8804,0.0143,0.0154,0.8617,0.0103,0.0353,0.7130,10.00,0.200,0.550,0.850,0.0787,0.0778,0.0020,0.00000,0.00000,0.00000,0.00000,0.00000,0.00000,0.00000,0.00000,0.00073,0.00122
1225800,0.5379,0.5379,-6.6015,-6.8804,0.0114,0.0178,0.9855,0.0102,0.0303,0.8559,10.00,0.200,0.550,0.850,0.0719,0.0705,0.0046,0.00000,0.00098,0.00000,0.00000,0.00000,0.00000,0.00000,0.00000,0.00171,0.00195
1226000,0.5379,0.5379,-6.6015,-6.8804,0.0137,0.0285,1.1775,0.0121,0.0311,0.7425,10.00,0.200,0.550,0.850,0.0740,0.0898,0.0034,0.00049,0.00024,0.00000,0.00000,0.00000,0.00000,0.00000,0.00000,0.00171,0.00098
1226200,0.5379,0.5379,-6.4353,-6.9257,0.0213,0.0274,0.7984,0.0124,0.0151,0.7819,10.00,0.200,0.550,0.850,0.0792,0.0843,0.0027,0.00024,0.00000,0.00000,0.00000,0.00000,0.00000,0.00000,0.00000,0.00146,0.00098
1226400,0.5379,0.5379,-6.4353,-6.9257,0.0153,0.0241,0.9556,0.0104,0.0221,0.7639,10.00,0.200,0.550,0.850,0.0785,0.0813,0.0029,0.00000,0.00000,0.00000,0.00000,0.00000,0.00000,0.00000,0.00000,0.00146,0.00146
1226600,0.5379,0.5379,-6.6025,-6.8906,0.0205,0.0320,0.8874,0.0123,0.0131,0.5631,10.00,0.200,0.550,0.850,0.0728,0.0813,0.0037,0.00024,0.00000,0.00000,0.00000,0.00000,0.00000,0.00000,0.00000,0.00220,0.00122
1226800,0.5379,0.5379,-6.6025,-6.8906,0.0151,0.0219,1.3761,0.0116,0.0173,0.7511,10.00,0.200,0.550,0.850,0.0880,0.0777,0.0037,0.00024,0.00024,0.00000,0.00000,0.00000,0.00000,0.00000,0.00000,0.00146,0.00171
1227000,0.5379,0.5379,-6.6025,-6.8906,0.0144,0.0163,1.2747,0.0115,0.0131,0.7193,10.00,0.200,0.550,0.850,0.0724,0.0716,0.0044,0.00000,0.00049,0.00000,0.00000,0.00000,0.00000,0.00000,0.00000,0.00220,0.00171
1227200,0.5379,0.5379,-6.7149,-6.8643,0.0246,0.0142,0.9571,0.0117,0.0251,0.5735,10.00,0.200,0.550,0.850,0.0786,0.0679,0.0044,0.00000,0.00049,0.00000,0.00000,0.00000,0.00000,0.00000,0.00000,0.00195,0.00195
1227400,0.5379,0.5379,-6.7149,-6.8643,0.0183,0.0150,1.1206,0.0129,0.0212,0.6828,10.00,0.200,0.550,0.850,0.0744,0.0578,0.0046,0.00049,0.00024,0.00000,0.00000,0.00000,0.00000,0.00000,0.00024,0.00146,0.00220
1227600,0.5379,0.5379,-6.4765,-6.7884,0.0171,0.0182,0.9988,0.0137,0.0117,0.8160,10.00,0.200,0.550,0.850,0.0723,0.0620,0.0051,0.00049,0.00024,0.00000,0.00000,0.00000,0.00000,0.00000,0.00000,0.00098,0.00342
1227800,0.5379,0.5379,-6.4765,-6.7884,0.0152,0.0128,1.2359,0.0131,0.0107,0.6645,10.00,0.200,0.550,0.850,0.0824,0.0804,0.0039,0.00000,0.00024,0.00000,0.00000,0.00000,0.00000,0.00000,0.00000,0.00146,0.00220
1228000,0.5379,0.5379,-6.4765,-6.7884,0.0149,0.0283,0.9616,0.0108,0.0123,0.6913,10.00,0.200,0.550,0.850,0.0855,0.0858,0.0022,0.00000,0.00024,0.00000,0.00000,0.00000,0.00000,0.00000,0.00024,0.00122,0.00049
1228200,0.5379,0.5379,-6.4280,-6.8554,0.0178,0.0308,0.9262,0.0104,0.0117,0.7770,10.00,0.200,0.550,0.850,0.0777,0.0580,0.0037,0.00049,0.00049,0.00000,0.00000,0.00000,0.00000,0.00000,0.00000,0.00098,0.00171
1228400,0.5379,0.5379,-6.4280,-6.8554,0.0141,0.0119,1.1700,0.0121,0.0091,0.6963,10.00,0.200,0.550,0.850,0.0707,0.0810,0.0039,0.00000,0.00049,0.00000,0.00000,0.00000,0.00000,0.00000,0.00000,0.00220,0.00122
1228600,0.5379,0.5379,-6.4616,-6.8643,0.0209,0.0158,0.9671,0.0112,0.0118,0.7155,10.00,0.200,0.550,0.850,0.0790,0.0887,0.0032,0.00000,0.00000,0.00000,0.00000,0.00000,0.00000,0.00000,0.00000,0.00195,0.00122
1228800,0.5379,0.5379,-6.4616,-6.8643,0.0130,0.0132,1.0433,0.0113,0.0282,0.7397,10.00,0.200,0.550,0.850,0.0645,0.0713,0.0037,0.00024,0.00024,0.00000,0.00000,0.00000,0.00000,0.00000,0.00000,0.00171,0.00146
1229000,0.5379,0.5379,-6.4616,-6.8643,0.0174,0.0147,1.2443,0.0156,0.0235,0.7655,10.00,0.200,0.550,0.850,0.0819,0.0627,0.0046,0.00024,0.00000,0.00000,0.00000,0.00000,0.00000,0.00000,0.00000,0.00098,0.00342
1229200,0.5379,0.5379,-6.6934,-6.7841,0.0135,0.0268,1.1696,0.0111,0.0156,0.7905,10.00,0.200,0.550,0.850,0.0840,0.0836,0.0015,0.00024,0.00049,0.00000,0.00000,0.00000,0.00000,0.00000,0.00000,0.00000,0.00073
1229400,0.5379,0.5379,-6.6934,-6.7841,0.0168,0.0131,1.1776,0.0105,0.0295,0.6341,10.00,0.200,0.550,0.850,0.0776,0.0637,0.0039,0.00000,0.00073,0.00000,0.00000,0.00000,0.00000,0.00024,0.00000,0.00098,0.00195
1229600,0.5379,0.5379,-6.4529,-6.7821,0.0131,0.0158,1.0485,0.0153,0.0137,0.7736,10.00,0.200,0.550,0.850,0.0840,0.0871,0.0024,0.00024,0.00024,0.00000,0.00000,0.00000,0.00000,0.00000,0.00000,0.00098,0.00098
1229800,0.5379,0.5379,-6.4529,-6.7821,0.0185,0.0251,0.8071,0.0109,0.0498,0.7997,10.00,0.200,0.550,0.850,0.0797,0.0818,0.0037,0.00024,0.00000,0.00000,0.00024,0.00000,0.00000,0.00000,0.00000,0.00122,0.00195
1230000,0.5379,0.5379,-6.4529,-6.7821,0.0176,0.0174,0.9896,0.0118,0.0123,0.8252,10.00,0.200,0.550,0.850,0.0754,0.0561,0.0061,0.00049,0.00073,0.00000,0.00000,0.00000,0.00000,0.00000,0.00000,0.00171,0.00317
1230200,0.5379,0.5379,-6.4789,-6.8917,0.0155,0.0180,1.2439,0.0178,0.0161,0.7863,10.00,0.200,0.550,0.850,0.0776,0.0811,0.0032,0.00024,0.00024,0.00000,0.00000,0.00000,0.00000,0.00000,0.00000,0.00122,0.00146
1230400,0.5379,0.5379,-6.4789,-6.8917,0.0123,0.0229,1.1502,0.0111,0.0151,0.7376,10.00,0.200,0.550,0.850,0.0808,0.0878,0.0039,0.00000,0.00049,0.00000,0.00000,0.00000,0.00000,0.00000,0.00000,0.00171,0.00171
1230600,0.5379,0.5379,-6.5242,-6.9025,0.0139,0.0242,1.2296,0.0135,0.0430,0.6878,10.00,0.200,0.550,0.850,0.0653,0.0636,0.0037,0.00049,0.00024,0.00000,0.00000,0.00000,0.00000,0.00000,0.00000,0.00098,0.00195
1230800,0.5379,0.5379,-6.5242,-6.9025,0.0127,0.0183,1.1203,0.0116,0.0191,0.8093,10.00,0.200,0.550,0.850,0.0867,0.0719,0.0029,0.00024,0.00000,0.00000,0.00000,0.00000,0.00000,0.00000,0.00000,0.00049,0.00220
1231000,0.5379,0.5379,-6.5242,-6.9025,0.0150,0.0172,1.1387,0.0111,0.0102,0.7463,10.00,0.200,0.550,0.850,0.0806,0.0865,0.0015,0.00024,0.00024,0.00000,0.00000,0.00000,0.00000,0.00000,0.00000,0.00049,0.00049
1231200,0.5379,0.5379,-6.6686,-6.9972,0.0135,0.0157,1.3315,0.0127,0.0115,0.8271,10.00,0.200,0.550,0.850,0.0706,0.0617,0.0042,0.00049,0.00024,0.00000,0.00000,0.00000,0.00000,0.00000,0.00000,0.00146,0.00195
1231400,0.5379,0.5379,-6.6686,-6.9972,0.0122,0.0217,1.1284,0.0120,0.0120,0.7385,10.00,0.200,0.550,0.850,0.0797,0.0824,0.0034,0.00024,0.00049,0.00000,0.00000,0.00000,0.00000,0.00000,0.00000,0.00122,0.00146
1231600,0.5379,0.5379,-6.6249,-6.8723,0.0203,0.0251,1.3844,0.0097,0.0396,0.7876,10.00,0.200,0.550,0.850,0.0784,0.0709,0.0039,0.00024,0.00024,0.00000,0.00000,0.00000,0.00000,0.00000,0.00000,0.00098,0.00244
1231800,0.5379,0.5379,-6.6249,-6.8723,0.0129,0.0143,1.2653,0.0145,0.0084,0.7775,10.00,0.200,0.550,0.850,0.0700,0.0796,0.0042,0.00049,0.00024,0.00000,0.00000,0.00000,0.00000,0.00000,0.00000,0.00195,0.00146
1232000,0.5379,0.5379,-6.6249,-6.8723,0.0151,0.0149,1.2172,0.0106,0.0140,0.8244,10.00,0.200,0.550,0.850,0.0809,0.0664,0.0037,0.00000,0.00049,0.00000,0.00000,0.00000,0.00000,0.00000,0.00000,0.00073,0.00244
1232200,0.5379,0.5379,-6.5005,-6.7986,0.0141,0.0199,1.0796,0.0149,0.0084,0.7313,10.00,0.200,0.550,0.850,0.0860,0.0794,0.0029,0.00049,0.00024,0.00000,0.00000,0.00000,0.00000,0.00000,0.00000,0.00049,0.00171
1232400,0.5379,0.5379,-6.5005,-6.7986,0.0161,0.0181,1.1641,0.0097,0.0118,0.8701,10.00,0.200,0.550,0.850,0.0793,0.0637,0.0039,0.00024,0.00000,0.00000,0.00000,0.00000,0.00000,0.00000,0.00000,0.00098,0.00269
1232600,0.5379,0.5379,-6.6042,-7.0148,0.0167,0.0166,1.1355,0.0185,0.0197,0.8535,10.00,0.200,0.550,0.850,0.0654,0.0758,0.0046,0.00000,0.00024,0.00000,0.00000,0.00000,0.00000,0.00000,0.00000,0.00317,0.00122
1232800,0.5379,0.5379,-6.6042,-7.0148,0.0193,0.0347,0.9327,0.0134,0.0121,0.7598,10.00,0.200,0.550,0.850,0.0810,0.0631,0.0024,0.00000,0.00073,0.00000,0.00000,0.00000,0.00000,0.00000,0.00000,0.00049,0.00122
1233000,0.5379,0.5379,-6.6042,-7.0148,0.0127,0.0150,1.4964,0.0117,0.0232,0.8061,10.00,0.200,0.550,0.850,0.0704,0.0711,0.0042,0.00000,0.00049,0.00000,0.00000,0.00000,0.00000,0.00000,0.00000,0.00195,0.00171
1233200,0.5379,0.5379,-6.5359,-6.7959,0.0123,0.0232,1.1183,0.0085,0.0117,0.7160,10.00,0.200,0.550,0.850,0.0814,0.0718,0.0027,0.00024,0.00049,0.00000,0.00000,0.00000,0.00000,0.00000,0.00000,0.00073,0.00122
1233400,0.5379,0.5379,-6.5359,-6.7959,0.0151,0.0162,1.1922,0.0143,0.0360,0.6857,10.00,0.200,0.550,0.850,0.0771,0.0649,0.0051,0.00049,0.00146,0.00000,0.00000,0.00000,0.00000,0.00000,0.00000,0.00146,0.00171
1233600,0.5379,0.5379,-6.6897,-6.9284,0.0125,0.0191,1.3052,0.0118,0.0270,0.7595,10.00,0.200,0.550,0.850,0.0829,0.0786,0.0037,0.00000,0.00024,0.00000,0.00000,0.00000,0.00000,0.00000,0.00000,0.00122,0.00220
1233800,0.5379,0.5379,-6.6897,-6.9284,0.0140,0.0289,0.9994,0.0107,0.0196,0.8260,10.00,0.200,0.550,0.850,0.0776,0.0636,0.0046,0.00000,0.00098,0.00000,0.00000,0.00000,0.00000,0.00000,0.00000,0.00122,0.00244
1234000,0.5379,0.5379,-6.6897,-6.9284,0.0117,0.0155,1.0327,0.0097,0.0144,0.8177,10.00,0.200,0.550,0.850,0.0817,0.0841,0.0022,0.00024,0.00024,0.00000,0.00000,0.00000,0.00000,0.00000,0.00000,0.00122,0.00049
1234200,0.5379,0.5379,-6.4708,-6.9282,0.0131,0.0178,0.9741,0.0210,0.0125,0.6668,10.00,0.200,0.550,0.850,0.0733,0.0679,0.0042,0.00000,0.00049,0.00000,0.00000,0.00000,0.00000,0.00000,0.00000,0.00122,0.00244
1234400,0.5379,0.5379,-6.4708,-6.9282,0.0128,0.0185,1.0365,0.0135,0.0128,0.6789,10.00,0.200,0.550,0.850,0.0752,0.0826,0.0032,0.00000,0.00049,0.00000,0.00000,0.00000,0.00000,0.00000,0.00000,0.00171,0.00098
1234600,0.5379,0.5379,-6.5610,-6.9127,0.0115,0.0207,1.2338,0.0088,0.0147,0.7355,10.00,0.200,0.550,0.850,0.0800,0.0692,0.0027,0.00049,0.00024,0.00000,0.00000,0.00000,0.00000,0.00000,0.00000,0.00049,0.00146
1234800,0.5379,0.5379,-6.5610,-6.9127,0.0120,0.0153,1.1505,0.0114,0.0152,0.8332,10.00,0.200,0.550,0.850,0.0784,0.0561,0.0054,0.00024,0.00049,0.00000,0.00000,0.00000,0.00000,0.00000,0.00000,0.00098,0.00366
1235000,0.5379,0.5379,-6.5610,-6.9127,0.0173,0.0231,1.0984,0.0119,0.0094,0.9253,10.00,0.200,0.550,0.850,0.0735,0.0744,0.0042,0.00024,0.00098,0.00000,0.00000,0.00000,0.00000,0.00000,0.00000,0.00171,0.00146
1235200,0.5379,0.5379,-6.5255,-6.9350,0.0192,0.0174,1.0767,0.0140,0.0101,0.7109,10.00,0.200,0.550,0.850,0.0776,0.0666,0.0054,0.00000,0.00122,0.00000,0.00000,0.00000,0.00000,0.00000,0.00000,0.00122,0.00293
1235400,0.5379,0.5379,-6.5255,-6.9350,0.0159,0.0147,1.2805,0.0128,0.0417,0.6813,10.00,0.200,0.550,0.850,0.0831,0.0693,0.0037,0.00024,0.00024,0.00000,0.00000,0.00000,0.00000,0.00000,0.00000,0.00073,0.00244
1235600,0.5379,0.5379,-6.7398,-6.8625,0.0119,0.0298,1.5485,0.0122,0.0123,0.7507,10.00,0.200,0.550,0.850,0.0786,0.0723,0.0032,0.00024,0.00000,0.00000,0.00000,0.00000,0.00000,0.00000,0.00000,0.00073,0.00220
1235800,0.5379,0.5379,-6.7398,-6.8625,0.0140,0.0134,1.5914,0.0111,0.0095,0.7880,10.00,0.200,0.550,0.850,0.0788,0.0620,0.0051,0.00024,0.00049,0.00000,0.00000,0.00000,0.00000,0.00000,0.00000,0.00146,0.00293
1236000,0.5379,0.5379,-6.7398,-6.8625,0.0171,0.0167,1.0599,0.0111,0.0240,0.6489,10.00,0.200,0.550,0.850,0.0740,0.0590,0.0056,0.00024,0.00049,0.00000,0.00000,0.00000,0.00000,0.00000,0.00000,0.00171,0.00317
1236200,0.5379,0.5379,-6.5420,-6.9911,0.0138,0.0219,0.9198,0.0098,0.0107,0.6622,10.00,0.200,0.550,0.850,0.0818,0.0764,0.0034,0.00000,0.00073,0.00000,0.00000,0.00000,0.00000,0.00000,0.00000,0.00122,0.00146
1236400,0.5379,0.5379,-6.5420,-6.9911,0.0124,0.0156,1.1340,0.0102,0.0153,0.5977,10.00,0.200,0.550,0.850,0.0793,0.0655,0.0034,0.00024,0.00049,0.00000,0.00000,0.00000,0.00000,0.00000,0.00000,0.00073,0.00195
1236600,0.5379,0.5379,-6.5811,-6.8588,0.0143,0.0152,0.9708,0.0169,0.0122,0.7150,10.00,0.200,0.550,0.850,0.0603,0.0578,0.0063,0.00049,0.00073,0.00000,0.00000,0.00000,0.00000,0.00000,0.00000,0.00293,0.00220
1236800,0.5379,0.5379,-6.5811,-6.8588,0.0131,0.0134,0.9543,0.0105,0.0088,0.9636,10.00,0.200,0.550,0.850,0.0706,0.0749,0.0059,0.00024,0.00073,0.00000,0.00000,0.00000,0.00000,0.00000,0.00000,0.00244,0.00244
1237000,0.5379,0.5379,-6.5811,-6.8588,0.0103,0.0111,1.4364,0.0096,0.0242,0.7083,10.00,0.200,0.550,0.850,0.0807,0.0542,0.0054,0.00000,0.00122,0.00000,0.00000,0.00000,0.00000,0.00000,0.00000,0.00122,0.00293
1237200,0.5379,0.5379,-6.5463,-7.0727,0.0119,0.0165,1.2798,0.0097,0.0129,0.7461,10.00,0.200,0.550,0.850,0.0861,0.0680,0.0032,0.00000,0.00049,0.00000,0.00000,0.00000,0.00000,0.00000,0.00000,0.00098,0.00171
1237400,0.5379,0.5379,-6.5463,-7.0727,0.0169,0.0116,1.5760,0.0082,0.0193,0.7182,10.00,0.200,0.550,0.850,0.0722,0.0656,0.0051,0.00049,0.00098,0.00000,0.00000,0.00000,0.00000,0.00000,0.00000,0.00171,0.00195
1237600,0.5379,0.5379,-6.6942,-6.9484,0.0138,0.0132,1.4133,0.0099,0.0177,0.7121,10.00,0.200,0.550,0.850,0.0943,0.0681,0.0034,0.00000,0.00024,0.00000,0.00000,0.00000,0.00000,0.00000,0.00000,0.00024,0.00293
1237800,0.5379,0.5379,-6.6942,-6.9484,0.0126,0.0248,1.0320,0.0089,0.0176,0.7102,10.00,0.200,0.550,0.850,0.0700,0.0768,0.0042,0.00024,0.00049,0.00000,0.00000,0.00000,0.00000,0.00000,0.00000,0.00195,0.00146
1238000,0.5379,0.5379,-6.6942,-6.9484,0.0135,0.0169,0.9526,0.0125,0.0172,0.7300,10.00,0.200,0.550,0.850,0.0837,0.0710,0.0029,0.00000,0.00024,0.00000,0.00000,0.00000,0.00000,0.00000,0.00000,0.00098,0.00171
1238200,0.5379,0.5379,-6.6938,-7.0642,0.0139,0.0240,1.0710,0.0121,0.0318,0.8861,10.00,0.200,0.550,0.850,0.0721,0.0602,0.0046,0.00049,0.00049,0.00000,0.00000,0.00000,0.00000,0.00000,0.00024,0.00171,0.00171
1238400,0.5379,0.5379,-6.6938,-7.0642,0.0144,0.0128,1.1019,0.0103,0.0419,0.6744,10.00,0.200,0.550,0.850,0.0696,0.0761,0.0039,0.00049,0.00024,0.00000,0.00000,0.00000,0.00000,0.00000,0.00000,0.00171,0.00146
1238600,0.5379,0.5379,-6.6037,-6.9347,0.0142,0.0154,1.1782,0.0099,0.0108,0.7205,10.00,0.200,0.550,0.850,0.0695,0.0680,0.0054,0.00024,0.00098,0.00000,0.00000,0.00000,0.00000,0.00000,0.00000,0.00244,0.00171
1238800,0.5379,0.5379,-6.6037,-6.9347,0.0178,0.0119,1.0999,0.0118,0.0428,0.6448,10.00,0.200,0.550,0.850,0.0781,0.0579,0.0056,0.00024,0.00024,0.00000,0.00000,0.00000,0.00000,0.00000,0.00000,0.00171,0.00342
1239000,0.5379,0.5379,-6.6037,-6.9347,0.0258,0.0013,0.5280,0.0198,0.0078,0.2982,10.00,0.200,0.550,0.850,0.0767,0.0650,0.0034,0.00049,0.00000,0.00000,0.00000,0.00000,0.00000,0.00000,0.00000,0.00098,0.00220
1239200,0.5379,0.5379,-6.5538,-6.9675,0.0151,0.0119,1.1420,0.0138,0.0103,0.6603,10.00,0.200,0.550,0.850,0.0714,0.0692,0.0037,0.00024,0.00000,0.00000,0.00000,0.00000,0.00000,0.00000,0.00000,0.00171,0.00171
1239400,0.5379,0.5379,-6.5538,-6.9675,0.0105,0.0113,1.0995,0.0105,0.0329,0.6818,10.00,0.200,0.550,0.850,0.0821,0.0803,0.0039,0.00024,0.00049,0.00000,0.00000,0.00000,0.00000,0.00000,0.00000,0.00195,0.00122
1239600,0.5379,0.5379,-6.5656,-7.0097,0.0130,0.0135,1.1503,0.0145,0.0091,0.6112,10.00,0.200,0.550,0.850,0.0735,0.0592,0.0042,0.00024,0.00024,0.00000,0.00000,0.00000,0.00000,0.00000,0.00000,0.00146,0.00220
1239800,0.5379,0.5379,-6.5656,-7.0097,0.0164,0.0107,1.3640,0.0102,0.0169,0.6787,10.00,0.200,0.550,0.850,0.0729,0.0691,0.0044,0.00000,0.00098,0.00000,0.00000,0.00000,0.00000,0.00000,0.00000,0.00146,0.00195
1240000,0.5379,0.5379,-6.5656,-7.0097,0.0165,0.0166,0.9935,0.0124,0.0301,0.6198,10.00,0.200,0.550,0.850,0.0740,0.0720,0.0032,0.00073,0.00049,0.00000,0.00000,0.00000,0.00000,0.00000,0.00000,0.00073,0.00122
1240200,0.5379,0.5379,-6.5985,-6.9099,0.0114,0.0124,1.2750,0.0096,0.0109,0.5595,10.00,0.200,0.550,0.850,0.0743,0.0644,0.0051,0.00024,0.00049,0.00000,0.00000,0.00000,0.00000,0.00000,0.00000,0.00171,0.00269
1240400,0.5379,0.5379,-6.5985,-6.9099,0.0163,0.0181,0.9715,0.0121,0.0229,0.7042,10.00,0.200,0.550,0.850,0.0815,0.0767,0.0042,0.00024,0.00000,0.00000,0.00000,0.00000,0.00000,0.00000,0.00000,0.00122,0.00269
1240600,0.5379,0.5379,-6.5076,-6.9388,0.0111,0.0174,1.1334,0.0131,0.0096,0.7214,10.00,0.200,0.550,0.850,0.0745,0.0758,0.0042,0.00049,0.00049,0.00000,0.00000,0.00000,0.00000,0.00000,0.00000,0.00146,0.00171
1240800,0.5379,0.5379,-6.5076,-6.9388,0.0171,0.0023,0.5223,0.0104,0.0051,0.3432,10.00,0.200,0.550,0.850,-0.0180,-0.0179,0.0000,0.00000,0.00000,0.00000,0.00000,0.00000,0.00000,0.00000,0.00000,0.00000,0.00000
1241000,0.5379,0.5379,-6.5076,-6.9388,0.0171,0.0112,1.0905,0.0106,0.0111,0.7631,10.00,0.200,0.550,0.850,0.0648,0.0626,0.0068,0.00073,0.00073,0.00000,0.00000,0.00000,0.00000,0.00000,0.00000,0.00244,0.00293
1241200,0.5379,0.5379,-6.4895,-6.9571,0.0135,0.0118,1.2224,0.0144,0.0191,0.8288,10.00,0.200,0.550,0.850,0.0671,0.0718,0.0056,0.00073,0.00000,0.00000,0.00000,0.00000,0.00000,0.00000,0.00000,0.00171,0.00317
1241400,0.5379,0.5379,-6.4895,-6.9571,0.0155,0.0161,1.0669,0.0131,0.0089,0.8227,10.00,0.200,0.550,0.850,0.0755,0.0913,0.0020,0.00000,0.00000,0.00000,0.00000,0.00000,0.00000,0.00000,0.00000,0.00146,0.00049
1241600,0.5379,0.5379,-6.4547,-6.9221,0.0113,0.0166,1.4669,0.0133,0.0088,0.7532,10.00,0.200,0.550,0.850,0.0699,0.0819,0.0039,0.00024,0.00073,0.00000,0.00000,0.00000,0.00000,0.00000,0.00000,0.00146,0.00146
1241800,0.5379,0.5379,-6.4547,-6.9221,0.0157,0.0275,1.0874,0.0097,0.0099,0.7764,10.00,0.200,0.550,0.850,0.0714,0.0586,0.0042,0.00000,0.00073,0.00000,0.00000,0.00000,0.00000,0.00000,0.00000,0.00146,0.00195
1242000,0.5379,0.5379,-6.4547,-6.9221,0.0164,0.0208,0.9879,0.0121,0.0100,0.6883,10.00,0.200,0.550,0.850,0.0688,0.0655,0.0051,0.00000,0.00024,0.00000,0.00000,0.00000,0.00000,0.00000,0.00000,0.00220,0.00269
1242200,0.5379,0.5379,-6.6062,-6.9900,0.0148,0.0135,1.0947,0.0140,0.0172,0.7599,10.00,0.200,0.550,0.850,0.0676,0.0769,0.0049,0.00049,0.00049,0.00000,0.00000,0.00000,0.00000,0.00000,0.00000,0.00195,0.00195
1242400,0.5379,0.5379,-6.6062,-6.9900,0.0111,0.0151,1.2845,0.0085,0.0120,0.8926,10.00,0.200,0.550,0.850,0.0849,0.0839,0.0020,0.00000,0.00024,0.00000,0.00000,0.00000,0.00000,0.00000,0.00000,0.00073,0.00098
1242600,0.5379,0.5379,-6.5157,-6.9267,0.0162,0.0050,0.5440,0.0123,0.0065,0.2906,10.00,0.200,0.550,0.850,-0.0003,0.0020,0.0000,0.00000,0.00000,0.00000,0.00000,0.00000,0.00000,0.00000,0.00000,0.00000,0.00000
1242800,0.5379,0.5379,-6.5157,-6.9267,0.0179,0.0122,0.9299,0.0144,0.0139,0.8087,10.00,0.200,0.550,0.850,0.0785,0.0737,0.0039,0.00000,0.00000,0.00000,0.00000,0.00000,0.00000,0.00000,0.00000,0.00122,0.00269
1243000,0.5379,0.5379,-6.5157,-6.9267,0.0162,0.0173,1.4321,0.0104,0.0150,0.7932,10.00,0.200,0.550,0.850,0.0852,0.0932,0.0027,0.00024,0.00024,0.00000,0.00000,0.00000,0.00000,0.00000,0.00000,0.00146,0.00073
1243200,0.5379,0.5379,-6.6095,-6.8782,0.0141,0.0194,1.2824,0.0091,0.0164,0.8113,10.00,0.200,0.550,0.850,0.0775,0.0695,0.0042,0.00000,0.00049,0.00000,0.00000,0.00000,0.00000,0.00000,0.00000,0.00146,0.00220
1243400,0.5379,0.5379,-6.6095,-6.8782,0.0127,0.0135,1.1864,0.0107,0.0192,0.7164,10.00,0.200,0.550,0.850,0.0803,0.0930,0.0022,0.00024,0.00000,0.00000,0.00000,0.00000,0.00000,0.00000,0.00000,0.00146,0.00049
1243600,0.5379,0.5379,-6.5372,-6.7027,0.0174,0.0246,1.0126,0.0089,0.0225,0.8891,10.00,0.200,0.550,0.850,0.0775,0.0720,0.0032,0.00000,0.00000,0.00000,0.00000,0.00000,0.00000,0.00024,0.00000,0.00098,0.00195
1243800,0.5379,0.5379,-6.5372,-6.7027,0.0161,0.0117,1.1493,0.0123,0.0222,0.7079,10.00,0.200,0.550,0.850,0.0693,0.0743,0.0039,0.00024,0.00049,0.00000,0.00000,0.00000,0.00000,0.00000,0.00000,0.00220,0.00098
1244000,0.5379,0.5379,-6.5372,-6.7027,0.0160,0.0486,1.3770,0.0131,0.0270,0.8131,10.00,0.200,0.550,0.850,0.0699,0.0835,0.0042,0.00000,0.00049,0.00000,0.00000,0.00000,0.00000,0.00000,0.00000,0.00195,0.00171
1244200,0.5379,0.5379,-6.6014,-6.8102,0.0110,0.0116,1.0323,0.0108,0.0152,0.6546,10.00,0.200,0.550,0.850,0.0834,0.0633,0.0046,0.00024,0.00073,0.00000,0.00000,0.00000,0.00000,0.00000,0.00000,0.00073,0.00293
1244400,0.5379,0.5379,-6.6014,-6.8102,0.0135,0.0037,0.5477,0.0117,0.0092,0.3241,10.00,0.200,0.550,0.850,0.0111,0.0126,0.0000,0.00000,0.00000,0.00000,0.00000,0.00000,0.00000,0.00000,0.00000,0.00000,0.00000
1244600,0.5379,0.5379,-6.4488,-6.8149,0.0147,0.0268,1.1296,0.0111,0.0112,0.7544,10.00,0.200,0.550,0.850,0.0770,0.0708,0.0037,0.00024,0.00073,0.00000,0.00000,0.00000,0.00000,0.00000,0.00000,0.00122,0.00146
1244800,0.5379,0.5379,-6.4488,-6.8149,0.0106,0.0213,0.9960,0.0152,0.0154,0.7520,10.00,0.200,0.550,0.850,0.0651,0.0858,0.0046,0.00049,0.00000,0.00000,0.00000,0.00000,0.00000,0.00000,0.00000,0.00195,0.00220
1245000,0.5379,0.5379,-6.4488,-6.8149,0.0181,0.0254,1.0961,0.0084,0.0117,0.7193,10.00,0.200,0.550,0.850,0.0787,0.0830,0.0029,0.00000,0.00024,0.00000,0.00000,0.00000,0.00000,0.00000,0.00000,0.00171,0.00098
1245200,0.5379,0.5379,-6.4504,-6.8796,0.0147,0.0157,1.1005,0.0125,0.0277,0.6815,10.00,0.200,0.550,0.850,0.0698,0.0822,0.0034,0.00000,0.00000,0.00000,0.00000,0.00000,0.00000,0.00000,0.00000,0.00220,0.00122
1245400,0.5379,0.5379,-6.4504,-6.8796,0.0141,0.0237,1.3512,0.0136,0.0195,0.6022,10.00,0.200,0.550,0.850,0.0609,0.0651,0.0042,0.00000,0.00024,0.00000,0.00000,0.00000,0.00000,0.00000,0.00000,0.00220,0.00171
1245600,0.5379,0.5379,-6.6109,-6.8289,0.0165,0.0090,1.2878,0.0099,0.0123,0.7749,10.00,0.200,0.550,0.850,0.0799,0.0724,0.0027,0.00000,0.00024,0.00000,0.00000,0.00000,0.00000,0.00000,0.00000,0.00098,0.00146
1245800,0.5379,0.5379,-6.6109,-6.8289,0.0148,0.0131,1.2893,0.0106,0.0173,0.6722,10.00,0.200,0.550,0.850,0.0820,0.0740,0.0039,0.00000,0.00000,0.00000,0.00000,0.00000,0.00000,0.00000,0.00000,0.00146,0.00244
1246000,0.5379,0.5379,-6.6109,-6.8289,0.0122,0.0259,1.2487,0.0116,0.0112,0.6939,10.00,0.200,0.550,0.850,0.0713,0.0727,0.0042,0.00024,0.00049,0.00000,0.00000,0.00000,0.00000,0.00000,0.00000,0.00146,0.00195
1246200,0.5379,0.5379,-6.4656,-6.8206,0.0162,0.0050,0.4905,0.0093,0.0180,0.3464,10.00,0.200,0.550,0.850,0.0210,0.0227,0.0000,0.00000,0.00000,0.00000,0.00000,0.00000,0.00000,0.00000,0.00000,0.00000,0.00000
1246400,0.5379,0.5379,-6.4656,-6.8206,0.0160,0.0165,1.2434,0.0099,0.0070,0.7150,10.00,0.200,0.550,0.850,0.0667,0.0793,0.0044,0.00024,0.00024,0.00000,0.00000,0.00000,0.00000,0.00000,0.00000,0.00244,0.00146
1246600,0.5379,0.5379,-6.6157,-6.9067,0.0159,0.0167,1.3393,0.0110,0.0131,0.8424,10.00,0.200,0.550,0.850,0.0760,0.0839,0.0049,0.00073,0.00122,0.00000,0.00000,0.00000,0.00000,0.00000,0.00000,0.00195,0.00098
1246800,0.5379,0.5379,-6.6157,-6.9067,0.0146,0.0125,1.3510,0.0118,0.0483,0.7337,10.00,0.200,0.550,0.850,0.0826,0.0917,0.0017,0.00024,0.00000,0.00000,0.00000,0.00000,0.00000,0.00000,0.00000,0.00122,0.00024
1247000,0.5379,0.5379,-6.6157,-6.9067,0.0137,0.0162,1.2544,0.0112,0.0334,0.8696,10.00,0.200,0.550,0.850,0.0743,0.0758,0.0051,0.00073,0.00000,0.00000,0.00000,0.00000,0.00000,0.00000,0.00000,0.00146,0.00293
1247200,0.5379,0.5379,-6.7432,-6.9738,0.0167,0.0200,0.9976,0.0100,0.0406,0.5610,10.00,0.200,0.550,0.850,0.0696,0.0703,0.0039,0.00024,0.00049,0.00000,0.00000,0.00000,0.00000,0.00000,0.00000,0.00195,0.00122
1247400,0.5379,0.5379,-6.7432,-6.9738,0.0186,0.0185,0.8498,0.0142,0.0095,0.7427,10.00,0.200,0.550,0.850,0.0738,0.0729,0.0037,0.00049,0.00073,0.00000,0.00000,0.00000,0.00000,0.00000,0.00000,0.00122,0.00122
1247600,0.5379,0.5379,-6.6293,-7.0113,0.0208,0.0148,1.1310,0.0097,0.0095,0.8411,10.00,0.200,0.550,0.850,0.0815,0.0801,0.0032,0.00000,0.00049,0.00000,0.00000,0.00000,0.00000,0.00000,0.00000,0.00171,0.00098
1247800,0.5379,0.5379,-6.6293,-7.0113,0.0111,0.0116,1.3753,0.0126,0.0121,0.9358,10.00,0.200,0.550,0.850,0.0778,0.0684,0.0046,0.00049,0.00049,0.00000,0.00000,0.00000,0.00000,0.00000,0.00000,0.00146,0.00220
1248000,0.5379,0.5379,-6.6293,-7.0113,0.0208,0.0050,0.5228,0.0121,0.0132,0.3110,10.00,0.200,0.550,0.850,0.0293,0.0314,0.0000,0.00000,0.00000,0.00000,0.00000,0.00000,0.00000,0.00000,0.00000,0.00000,0.00000
1248200,0.5379,0.5379,-6.6431,-6.9042,0.0142,0.0143,1.2567,0.0140,0.0106,0.8558,10.00,0.200,0.550,0.850,0.0789,0.0829,0.0027,0.00024,0.00073,0.00000,0.00000,0.00000,0.00000,0.00000,0.00000,0.00073,0.00098
1248400,0.5379,0.5379,-6.6431,-6.9042,0.0164,0.0250,1.2314,0.0115,0.0283,0.8391,10.00,0.200,0.550,0.850,0.0848,0.0795,0.0034,0.00000,0.00024,0.00000,0.00000,0.00000,0.00000,0.00000,0.00000,0.00146,0.00171
1248600,0.5379,0.5379,-6.6141,-6.7446,0.0129,0.0140,1.4943,0.0161,0.0282,0.6717,10.00,0.200,0.550,0.850,0.0844,0.0684,0.0046,0.00000,0.00122,0.00000,0.00000,0.00000,0.00000,0.00000,0.00000,0.00098,0.00244
1248800,0.5379,0.5379,-6.6141,-6.7446,0.0168,0.0160,0.7760,0.0117,0.0147,0.7585,10.00,0.200,0.550,0.850,0.0765,0.0718,0.0054,0.00024,0.00024,0.00000,0.00000,0.00000,0.00000,0.00000,0.00000,0.00220,0.00269
1249000,0.5379,0.5379,-6.6141,-6.7446,0.0107,0.0248,1.3990,0.0121,0.0195,0.7581,10.00,0.200,0.550,0.850,0.0703,0.0742,0.0032,0.00000,0.00024,0.00000,0.00000,0.00000,0.00000,0.00000,0.00024,0.00146,0.00122
1249200,0.5379,0.5379,-6.5961,-6.8481,0.0129,0.0149,1.4969,0.0108,0.0115,0.7100,10.00,0.200,0.550,0.850,0.0711,0.0646,0.0046,0.00000,0.00073,0.00000,0.00000,0.00000,0.00000,0.00024,0.00000,0.00220,0.00146
1249400,0.5379,0.5379,-6.5961,-6.8481,0.0157,0.0150,1.5577,0.0136,0.0136,0.9946,10.00,0.200,0.550,0.850,0.0754,0.0702,0.0044,0.00000,0.00073,0.00000,0.00000,0.00000,0.00000,0.00000,0.00000,0.00171,0.00195
1249600,0.5379,0.5379,-6.6289,-6.8226,0.0185,0.0147,1.1269,0.0120,0.0146,0.7567,10.00,0.200,0.550,0.850,0.0854,0.0856,0.0024,0.00000,0.00049,0.00000,0.00000,0.00000,0.00000,0.00000,0.00000,0.00122,0.00073
1249800,0.5379,0.5379,-6.6289,-6.8226,0.0206,0.0075,0.4631,0.0147,0.0048,0.4115,10.00,0.200,0.550,0.850,0.0389,0.0412,0.0000,0.00000,0.00000,0.00000,0.00000,0.00000,0.00000,0.00000,0.00000,0.00000,0.00000
1250000,0.5379,0.5379,-6.6289,-6.8226,0.0156,0.0183,1.3141,0.0154,0.0465,0.8307,10.00,0.200,0.550,0.850,0.0595,0.0722,0.0054,0.00024,0.00073,0.00000,0.00000,0.00000,0.00000,0.00000,0.00000,0.00317,0.00122
1250200,0.5379,0.5379,-6.6003,-6.8937,0.0176,0.0089,1.1491,0.0179,0.0129,0.9259,10.00,0.200,0.550,0.850,0.0703,0.0775,0.0046,0.00049,0.00049,0.00000,0.00000,0.00000,0.00000,0.00000,0.00000,0.00195,0.00171
1250400,0.5379,0.5379,-6.6003,-6.8937,0.0133,0.0210,1.4026,0.0091,0.0124,0.8942,10.00,0.200,0.550,0.850,0.0815,0.0777,0.0032,0.00000,0.00024,0.00000,0.00000,0.00000,0.00000,0.00000,0.00000,0.00171,0.00122
1250600,0.5379,0.5379,-6.4684,-6.8953,0.0169,0.0183,1.0128,0.0110,0.0243,0.6319,10.00,0.200,0.550,0.850,0.0877,0.0753,0.0029,0.00000,0.00000,0.00000,0.00000,0.00000,0.00000,0.00000,0.00000,0.00122,0.00171
1250800,0.5379,0.5379,-6.4684,-6.8953,0.0166,0.0204,1.2234,0.0112,0.0141,0.6699,10.00,0.200,0.550,0.850,0.0778,0.0644,0.0029,0.00000,0.00000,0.00000,0.00000,0.00000,0.00000,0.00000,0.00000,0.00122,0.00171
1251000,0.5379,0.5379,-6.4684,-6.8953,0.0211,0.0178,1.0109,0.0113,0.0175,0.6694,10.00,0.200,0.550,0.850,0.0662,0.0594,0.0054,0.00024,0.00073,0.00000,0.00000,0.00000,0.00000,0.00000,0.00000,0.00220,0.00220
1251200,0.5379,0.5379,-6.6362,-6.8888,0.0137,0.0169,0.9179,0.0100,0.0109,0.8788,10.00,0.200,0.550,0.850,0.0754,0.0776,0.0034,0.00049,0.00098,0.00000,0.00000,0.00000,0.00000,0.00000,0.00000,0.00122,0.00073
1251400,0.5379,0.5379,-6.6362,-6.8888,0.0182,0.0122,1.0195,0.0124,0.0121,0.7353,10.00,0.200,0.550,0.850,0.0717,0.0815,0.0029,0.00024,0.00049,0.00000,0.00000,0.00000,0.00000,0.00000,0.00000,0.00122,0.00098
1251600,0.5379,0.5379,-6.5293,-6.9624,0.0174,0.0101,0.4896,0.0133,0.0148,0.3745,10.00,0.200,0.550,0.850,0.0480,0.0503,0.0000,0.00000,0.00000,0.00000,0.00000,0.00000,0.00000,0.00000,0.00000,0.00000,0.00000
1251800,0.5379,0.5379,-6.5293,-6.9624,0.0153,0.0274,1.2930,0.0097,0.0117,0.9715,10.00,0.200,0.550,0.850,0.0647,0.0757,0.0042,0.00000,0.00024,0.00000,0.00000,0.00000,0.00000,0.00000,0.00024,0.00171,0.00195
1252000,0.5379,0.5379,-6.5293,-6.9624,0.0148,0.0218,1.1063,0.0102,0.0339,0.6959,10.00,0.200,0.550,0.850,0.0863,0.0645,0.0037,0.00000,0.00073,0.00000,0.00000,0.00000,0.00000,0.00000,0.00000,0.00122,0.00171
1252200,0.5379,0.5379,-6.5604,-6.8835,0.0123,0.0171,1.0478,0.0128,0.0334,0.8557,10.00,0.200,0.550,0.850,0.0790,0.0686,0.0032,0.00024,0.00049,0.00000,0.00000,0.00000,0.00000,0.00000,0.00000,0.00073,0.00195
1252400,0.5379,0.5379,-6.5604,-6.8835,0.0148,0.0193,0.9388,0.0126,0.0317,0.7873,10.00,0.200,0.550,0.850,0.0749,0.0632,0.0044,0.00073,0.00000,0.00000,0.00000,0.00000,0.00000,0.00000,0.00000,0.00146,0.00220
1252600,0.5379,0.5379,-6.6113,-6.8440,0.0157,0.0238,0.8758,0.0100,0.0157,0.7521,10.00,0.200,0.550,0.850,0.0603,0.0693,0.0039,0.00049,0.00049,0.00000,0.00000,0.00000,0.00000,0.00000,0.00000,0.00146,0.00146
1252800,0.5379,0.5379,-6.6113,-6.8440,0.0141,0.0148,1.1040,0.0121,0.0110,0.8899,10.00,0.200,0.550,0.850,0.0720,0.0446,0.0061,0.00024,0.00098,0.00000,0.00000,0.00000,0.00000,0.00000,0.00000,0.00171,0.00317
1253000,0.5379,0.5379,-6.6113,-6.8440,0.0215,0.0168,1.1450,0.0114,0.0122,0.6960,10.00,0.200,0.550,0.850,0.0699,0.0687,0.0044,0.00049,0.00024,0.00000,0.00000,0.00000,0.00000,0.00000,0.00000,0.00146,0.00220
1253200,0.5379,0.5379,-6.4472,-6.9300,0.0183,0.0186,1.0738,0.0116,0.0097,0.8268,10.00,0.200,0.550,0.850,0.0797,0.0728,0.0032,0.00000,0.00000,0.00000,0.00000,0.00000,0.00000,0.00000,0.00000,0.00122,0.00195
1253400,0.5379,0.5379,-6.4472,-6.9300,0.0187,0.0052,0.6472,0.0147,0.0173,0.3855,10.00,0.200,0.550,0.850,0.0570,0.0596,0.0000,0.00000,0.00000,0.00000,0.00000,0.00000,0.00000,0.00000,0.00000,0.00000,0.00000
1253600,0.5379,0.5379,-6.5092,-6.9136,0.0176,0.0181,1.2257,0.0120,0.0231,0.8805,10.00,0.200,0.550,0.850,0.0679,0.0446,0.0056,0.00024,0.00073,0.00000,0.00000,0.00000,0.00000,0.00000,0.00000,0.00195,0.00269
1253800,0.5379,0.5379,-6.5092,-6.9136,0.0167,0.0202,1.2794,0.0109,0.0113,0.7793,10.00,0.200,0.550,0.850,0.0848,0.0825,0.0042,0.00024,0.00098,0.00000,0.00000,0.00000,0.00000,0.00000,0.00000,0.00171,0.00122
1254000,0.5379,0.5379,-6.5092,-6.9136,0.0154,0.0209,0.7466,0.0135,0.0235,0.6894,10.00,0.200,0.550,0.850,0.0718,0.0741,0.0037,0.00024,0.00024,0.00000,0.00000,0.00000,0.00000,0.00000,0.00000,0.00122,0.00195
1254200,0.5379,0.5379,-6.4669,-7.0400,0.0124,0.0105,1.2759,0.0128,0.0098,0.7031,10.00,0.200,0.550,0.850,0.0880,0.0664,0.0029,0.00000,0.00073,0.00000,0.00000,0.00000,0.00000,0.00000,0.00000,0.00049,0.00171
1254400,0.5379,0.5379,-6.4669,-7.0400,0.0183,0.0190,0.8996,0.0134,0.0079,0.5901,10.00,0.200,0.550,0.850,0.0709,0.0835,0.0022,0.00024,0.00024,0.00000,0.00000,0.00000,0.00000,0.00000,0.00000,0.00122,0.00049
1254600,0.5379,0.5379,-6.8158,-6.9136,0.0150,0.0141,1.0453,0.0162,0.0115,0.8280,10.00,0.200,0.550,0.850,0.0679,0.0600,0.0056,0.00024,0.00024,0.00000,0.00000,0.00000,0.00000,0.00000,0.00000,0.00244,0.00269
1254800,0.5379,0.5379,-6.8158,-6.9136,0.0131,0.0150,1.0858,0.0097,0.0091,0.6971,10.00,0.200,0.550,0.850,0.0735,0.0689,0.0046,0.00049,0.00073,0.00000,0.00000,0.00000,0.00000,0.00000,0.00000,0.00146,0.00195
1255000,0.5379,0.5379,-6.8158,-6.9136,0.0190,0.0170,1.0716,0.0094,0.0173,0.7049,10.00,0.200,0.550,0.850,0.0791,0.0860,0.0029,0.00000,0.00024,0.00000,0.00000,0.00000,0.00000,0.00000,0.00000,0.00146,0.00122
1255200,0.5379,0.5379,-6.6676,-6.9848,0.0156,0.0052,0.5646,0.0122,0.0112,0.3468,10.00,0.200,0.550,0.850,0.0660,0.0685,0.0000,0.00000,0.00000,0.00000,0.00000,0.00000,0.00000,0.00000,0.00000,0.00000,0.00000
1255400,0.5379,0.5379,-6.6676,-6.9848,0.0138,0.0195,1.4211,0.0098,0.0454,0.5894,10.00,0.200,0.550,0.850,0.0763,0.0641,0.0049,0.00049,0.00073,0.00000,0.00000,0.00000,0.00000,0.00000,0.00000,0.00122,0.00244
1255600,0.5379,0.5379,-6.4821,-6.8877,0.0174,0.0147,1.0565,0.0114,0.0095,0.5900,10.00,0.200,0.550,0.850,0.0854,0.0775,0.0039,0.00073,0.00098,0.00000,0.00000,0.00000,0.00000,0.00000,0.00000,0.00073,0.00146
1255800,0.5379,0.5379,-6.4821,-6.8877,0.0152,0.0128,1.2254,0.0131,0.0180,0.9513,10.00,0.200,0.550,0.850,0.0736,0.0639,0.0056,0.00049,0.00098,0.00000,0.00000,0.00000,0.00000,0.00000,0.00000,0.00220,0.00195
1256000,0.5379,0.5379,-6.4821,-6.8877,0.0136,0.0117,1.3319,0.0103,0.0116,0.6845,10.00,0.200,0.550,0.850,0.0643,0.0687,0.0054,0.00073,0.00024,0.00000,0.00000,0.00000,0.00000,0.00000,0.00024,0.00195,0.00220
1256200,0.5379,0.5379,-6.5616,-6.7727,0.0130,0.0180,0.9995,0.0120,0.0112,0.7166,10.00,0.200,0.550,0.850,0.0744,0.0683,0.0022,0.00000,0.00024,0.00000,0.00000,0.00000,0.00000,0.00000,0.00000,0.00098,0.00098
1256400,0.5379,0.5379,-6.5616,-6.7727,0.0152,0.0088,1.4102,0.0119,0.0128,0.7065,10.00,0.200,0.550,0.850,0.0705,0.0540,0.0059,0.00000,0.00122,0.00000,0.00000,0.00000,0.00000,0.00000,0.00000,0.00195,0.00269
1256600,0.5379,0.5379,-6.7526,-7.0592,0.0150,0.0279,1.1188,0.0098,0.0255,0.6777,10.00,0.200,0.550,0.850,0.0845,0.0823,0.0027,0.00024,0.00049,0.00000,0.00000,0.00000,0.00000,0.00000,0.00000,0.00098,0.00098
1256800,0.5379,0.5379,-6.7526,-7.0592,0.0147,0.0244,1.1683,0.0145,0.0093,0.7284,10.00,0.200,0.550,0.850,0.0878,0.0669,0.0034,0.00000,0.00073,0.00000,0.00000,0.00000,0.00000,0.00000,0.00000,0.00098,0.00171
1257000,0.5379,0.5379,-6.7526,-7.0592,0.0158,0.0075,0.5787,0.0132,0.0252,0.4176,10.00,0.200,0.550,0.850,0.0735,0.0756,0.0000,0.00000,0.00000,0.00000,0.00000,0.00000,0.00000,0.00000,0.00000,0.00000,0.00000
1257200,0.5379,0.5379,-6.5748,-6.9756,0.0135,0.0163,1.4084,0.0098,0.0086,0.6500,10.00,0.200,0.550,0.850,0.0631,0.0678,0.0063,0.00073,0.00122,0.00000,0.00000,0.00000,0.00000,0.00000,0.00000,0.00244,0.00195
1257400,0.5379,0.5379,-6.5748,-6.9756,0.0132,0.0172,1.1347,0.0120,0.0189,0.5349,10.00,0.200,0.550,0.850,0.0806,0.0810,0.0032,0.00024,0.00024,0.00000,0.00000,0.00000,0.00000,0.00000,0.00000,0.00122,0.00171
1257600,0.5379,0.5379,-6.4909,-6.8724,0.0098,0.0194,1.4462,0.0157,0.0125,0.6311,10.00,0.200,0.550,0.850,0.0796,0.0642,0.0042,0.00073,0.00073,0.00000,0.00000,0.00000,0.00000,0.00000,0.00000,0.00049,0.00220
1257800,0.5379,0.5379,-6.4909,-6.8724,0.0153,0.0122,1.3026,0.0136,0.0127,0.5870,10.00,0.200,0.550,0.850,0.0765,0.0888,0.0029,0.00000,0.00024,0.00000,0.00000,0.00000,0.00000,0.00000,0.00000,0.00171,0.00098
1258000,0.5379,0.5379,-6.4909,-6.8724,0.0142,0.0142,1.3467,0.0113,0.0190,0.6019,10.00,0.200,0.550,0.850,0.0767,0.0664,0.0034,0.00000,0.00049,0.00000,0.00000,0.00000,0.00000,0.00000,0.00000,0.00073,0.00220
1258200,0.5379,0.5379,-6.5670,-6.9302,0.0132,0.0184,0.8664,0.0103,0.0168,0.7511,10.00,0.200,0.550,0.850,0.0849,0.0779,0.0029,0.00000,0.00049,0.00000,0.00000,0.00000,0.00000,0.00000,0.00000,0.00122,0.00122
1258400,0.5379,0.5379,-6.5670,-6.9302,0.0162,0.0155,1.1877,0.0118,0.0316,0.6342,10.00,0.200,0.550,0.850,0.0685,0.0639,0.0044,0.00024,0.00024,0.00000,0.00000,0.00000,0.00000,0.00000,0.00000,0.00171,0.00244
1258600,0.5379,0.5379,-6.5799,-6.9740,0.0154,0.0150,1.0250,0.0096,0.0103,0.6451,10.00,0.200,0.550,0.850,0.0852,0.0752,0.0034,0.00000,0.00049,0.00000,0.00000,0.00000,0.00000,0.00000,0.00000,0.00098,0.00195
1258800,0.5379,0.5379,-6.5799,-6.9740,0.0148,0.0144,0.6879,0.0134,0.0334,0.4734,10.00,0.200,0.550,0.850,0.0808,0.0833,0.0000,0.00000,0.00000,0.00000,0.00000,0.00000,0.00000,0.00000,0.00000,0.00000,0.00000
1259000,0.5379,0.5379,-6.5799,-6.9740,0.0176,0.0133,1.3447,0.0173,0.0297,0.6479,10.00,0.200,0.550,0.850,0.0644,0.0512,0.0066,0.00049,0.00024,0.00000,0.00000,0.00000,0.00000,0.00000,0.00000,0.00220,0.00366
1259200,0.5379,0.5379,-6.6161,-6.7941,0.0176,0.0364,0.9977,0.0097,0.0407,0.6176,10.00,0.200,0.550,0.850,0.0873,0.0739,0.0027,0.00000,0.00024,0.00000,0.00000,0.00000,0.00000,0.00000,0.00000,0.00073,0.00171
1259400,0.5379,0.5379,-6.6161,-6.7941,0.0145,0.0187,1.1436,0.0159,0.0094,0.7856,10.00,0.200,0.550,0.850,0.0840,0.0727,0.0034,0.00000,0.00024,0.00000,0.00000,0.00000,0.00000,0.00000,0.00000,0.00122,0.00195
1259600,0.5379,0.5379,-6.5613,-7.0179,0.0136,0.0094,1.1674,0.0175,0.0101,0.8798,10.00,0.200,0.550,0.850,0.0823,0.0790,0.0029,0.00024,0.00024,0.00000,0.00000,0.00000,0.00000,0.00000,0.00000,0.00073,0.00171
1259800,0.5379,0.5379,-6.5613,-7.0179,0.0147,0.0212,1.0811,0.0116,0.0269,0.6422,10.00,0.200,0.550,0.850,0.0552,0.0783,0.0034,0.00024,0.00024,0.00000,0.00000,0.00000,0.00000,0.00000,0.00000,0.00220,0.00073
1260000,0.5379,0.5379,-6.5613,-7.0179,0.0184,0.0128,0.9877,0.0134,0.0283,0.6662,10.00,0.200,0.550,0.850,0.0681,0.0780,0.0032,0.00024,0.00049,0.00000,0.00000,0.00000,0.00000,0.00000,0.00000,0.00195,0.00049
1260200,0.5379,0.5379,-6.7740,-7.0612,0.0135,0.0150,1.0599,0.0100,0.0125,0.5526,10.00,0.200,0.550,0.850,0.0822,0.0673,0.0037,0.00049,0.00049,0.00000,0.00000,0.00000,0.00000,0.00000,0.00000,0.00098,0.00171
1260400,0.5379,0.5379,-6.7740,-7.0612,0.0161,0.0113,1.2886,0.0098,0.0160,0.7471,10.00,0.200,0.550,0.850,0.0824,0.0679,0.0042,0.00000,0.00073,0.00000,0.00000,0.00000,0.00000,0.00000,0.00000,0.00171,0.00171
1260600,0.5379,0.5379,-6.5301,-6.9503,0.0173,0.0125,0.8996,0.0115,0.0128,0.5367,10.00,0.200,0.550,0.850,0.0885,0.0887,0.0000,0.00000,0.00000,0.00000,0.00000,0.00000,0.00000,0.00000,0.00000,0.00000,0.00000
1260800,0.5379,0.5379,-6.5301,-6.9503,0.0161,0.0120,1.1177,0.0102,0.0096,0.6664,10.00,0.200,0.550,0.850,0.0610,0.0661,0.0063,0.00073,0.00146,0.00000,0.00000,0.00000,0.00000,0.00000,0.00000,0.00195,0.00220
1261000,0.5379,0.5379,-6.5301,-6.9503,0.0123,0.0181,1.4832,0.0131,0.0096,0.7228,10.00,0.200,0.550,0.850,0.0625,0.0869,0.0039,0.00049,0.00024,0.00000,0.00000,0.00000,0.00000,0.00000,0.00000,0.00195,0.00122
1261200,0.5379,0.5379,-6.4182,-7.0984,0.0125,0.0129,1.5420,0.0097,0.0193,0.6590,10.00,0.200,0.550,0.850,0.0873,0.0758,0.0024,0.00024,0.00024,0.00000,0.00000,0.00000,0.00000,0.00000,0.00000,0.00049,0.00146
1261400,0.5379,0.5379,-6.4182,-7.0984,0.0101,0.0112,1.7849,0.0136,0.0147,0.8894,10.00,0.200,0.550,0.850,0.0875,0.0730,0.0029,0.00024,0.00000,0.00000,0.00000,0.00000,0.00000,0.00000,0.00000,0.00049,0.00220
1261600,0.5379,0.5379,-6.6468,-7.0748,0.0128,0.0132,1.2589,0.0104,0.0096,0.7120,10.00,0.200,0.550,0.850,0.0719,0.0666,0.0044,0.00049,0.00073,0.00000,0.00000,0.00000,0.00000,0.00000,0.00000,0.00171,0.00146
1261800,0.5379,0.5379,-6.6468,-7.0748,0.0128,0.0109,1.1384,0.0179,0.0898,0.6229,10.00,0.200,0.550,0.850,0.0776,0.0607,0.0056,0.00098,0.00073,0.00000,0.00000,0.00000,0.00000,0.00000,0.00000,0.00171,0.00220
1262000,0.5379,0.5379,-6.6468,-7.0748,0.0100,0.0189,1.0278,0.0132,0.0083,0.7861,10.00,0.200,0.550,0.850,0.0846,0.0714,0.0037,0.00024,0.00024,0.00000,0.00000,0.00000,0.00000,0.00000,0.00000,0.00073,0.00244
1262200,0.5379,0.5379,-6.5660,-6.8103,0.0120,0.0127,1.2702,0.0112,0.0351,0.8050,10.00,0.200,0.550,0.850,0.0822,0.0886,0.0024,0.00049,0.00024,0.00000,0.00000,0.00000,0.00000,0.00000,0.00000,0.00122,0.00073
1262400,0.5379,0.5379,-6.5660,-6.8103,0.0159,0.0245,0.7845,0.0114,0.0174,0.4883,10.00,0.200,0.550,0.850,0.0927,0.0917,0.0005,0.00000,0.00049,0.00000,0.00000,0.00000,0.00000,0.00000,0.00000,0.00000,0.00000
1262600,0.5379,0.5379,-6.6065,-6.8447,0.0138,0.0302,0.9796,0.0171,0.0095,0.5492,10.00,0.200,0.550,0.850,0.0674,0.0743,0.0044,0.00049,0.00049,0.00000,0.00000,0.00000,0.00000,0.00000,0.00000,0.00195,0.00146
1262800,0.5379,0.5379,-6.6065,-6.8447,0.0135,0.0158,1.1604,0.0151,0.0238,0.7847,10.00,0.200,0.550,0.850,0.0799,0.0636,0.0051,0.00000,0.00073,0.00000,0.00000,0.00000,0.00000,0.00000,0.00000,0.00195,0.00244
1263000,0.5379,0.5379,-6.6065,-6.8447,0.0124,0.0152,1.2536,0.0089,0.0257,0.6867,10.00,0.200,0.550,0.850,0.0803,0.0756,0.0037,0.00000,0.00049,0.00000,0.00000,0.00000,0.00000,0.00000,0.00000,0.00146,0.00171
1263200,0.5379,0.5379,-6.5113,-6.9096,0.0197,0.0123,1.3747,0.0128,0.0231,0.6951,10.00,0.200,0.550,0.850,0.0885,0.0656,0.0029,0.00000,0.00024,0.00000,0.00000,0.00000,0.00000,0.00000,0.00000,0.00049,0.00220
1263400,0.5379,0.5379,-6.5113,-6.9096,0.0145,0.0132,1.0516,0.0127,0.0393,0.6137,10.00,0.200,0.550,0.850,0.0790,0.0750,0.0024,0.00024,0.00000,0.00000,0.00000,0.00000,0.00000,0.00000,0.00000,0.00073,0.00146
1263600,0.5379,0.5379,-6.7308,-6.9500,0.0096,0.0306,1.2156,0.0111,0.0299,0.8078,10.00,0.200,0.550,0.850,0.0738,0.0737,0.0051,0.00098,0.00049,0.00000,0.00000,0.00000,0.00000,0.00000,0.00000,0.00195,0.00171
1263800,0.5379,0.5379,-6.7308,-6.9500,0.0162,0.0159,0.9495,0.0120,0.0139,0.6444,10.00,0.200,0.550,0.850,0.0810,0.0604,0.0049,0.00049,0.00073,0.00000,0.00000,0.00000,0.00000,0.00000,0.00000,0.00098,0.00293
1264000,0.5379,0.5379,-6.7308,-6.9500,0.0105,0.0135,0.7661,0.0080,0.0111,0.5960,10.00,0.200,0.550,0.850,0.0752,0.0828,0.0037,0.00049,0.00024,0.00000,0.00000,0.00000,0.00000,0.00000,0.00000,0.00122,0.00171
1264200,0.5379,0.5379,-6.5882,-6.9285,0.0141,0.0198,0.8232,0.0099,0.0235,0.6148,10.00,0.200,0.550,0.850,0.0947,0.0978,0.0002,0.00024,0.00000,0.00000,0.00000,0.00000,0.00000,0.00000,0.00000,0.00000,0.00000
1264400,0.5379,0.5379,-6.5882,-6.9285,0.0187,0.0226,1.2631,0.0129,0.0144,0.6908,10.00,0.200,0.550,0.850,0.0793,0.0730,0.0034,0.00024,0.00098,0.00000,0.00000,0.00000,0.00000,0.00000,0.00000,0.00073,0.00146
1264600,0.5379,0.5379,-6.6474,-6.9663,0.0149,0.0136,1.1819,0.0159,0.0129,0.6184,10.00,0.200,0.550,0.850,0.0876,0.0857,0.0029,0.00024,0.00024,0.00000,0.00000,0.00000,0.00000,0.00000,0.00000,0.00098,0.00146
1264800,0.5379,0.5379,-6.6474,-6.9663,0.0139,0.0169,1.6221,0.0140,0.0229,0.6636,10.00,0.200,0.550,0.850,0.0759,0.0785,0.0032,0.00000,0.00024,0.00000,0.00000,0.00000,0.00000,0.00000,0.00000,0.00146,0.00146
1265000,0.5379,0.5379,-6.6474,-6.9663,0.0160,0.0138,1.0463,0.0119,0.0204,0.6685,10.00,0.200,0.550,0.850,0.0874,0.0690,0.0044,0.00000,0.00024,0.00000,0.00000,0.00000,0.00000,0.00000,0.00000,0.00073,0.00342
1265200,0.5379,0.5379,-6.5828,-6.9119,0.0134,0.0120,1.0027,0.0159,0.0316,0.7689,10.00,0.200,0.550,0.850,0.0671,0.0708,0.0037,0.00049,0.00049,0.00000,0.00000,0.00000,0.00000,0.00000,0.00000,0.00098,0.00171
1265400,0.5379,0.5379,-6.5828,-6.9119,0.0179,0.0145,1.1588,0.0133,0.0330,0.6045,10.00,0.200,0.550,0.850,0.0825,0.0629,0.0044,0.00024,0.00000,0.00000,0.00000,0.00000,0.00000,0.00000,0.00000,0.00122,0.00293
1265600,0.5379,0.5379,-6.6614,-6.7812,0.0160,0.0235,0.7528,0.0116,0.0115,0.5990,10.00,0.200,0.550,0.850,0.0744,0.0746,0.0034,0.00024,0.00073,0.00000,0.00000,0.00000,0.00000,0.00000,0.00000,0.00146,0.00098
1265800,0.5379,0.5379,-6.6614,-6.7812,0.0190,0.0363,0.8353,0.0155,0.0096,0.6129,10.00,0.200,0.550,0.850,0.0749,0.0857,0.0039,0.00073,0.00000,0.00000,0.00000,0.00000,0.00000,0.00000,0.00000,0.00171,0.00146
1266000,0.5379,0.5379,-6.6614,-6.7812,0.0101,0.0128,1.0111,0.0124,0.0239,0.6637,10.00,0.200,0.550,0.850,0.0928,0.0983,0.0007,0.00000,0.00049,0.00000,0.00000,0.00000,0.00000,0.00000,0.00000,0.00024,0.00000
1266200,0.5379,0.5379,-6.6191,-6.8993,0.0173,0.0172,1.2798,0.0179,0.0259,0.6339,10.00,0.200,0.550,0.850,0.0642,0.0779,0.0049,0.00049,0.00000,0.00000,0.00000,0.00000,0.00000,0.00000,0.00000,0.00244,0.00195
1266400,0.5379,0.5379,-6.6191,-6.8993,0.0176,0.0221,1.4089,0.0098,0.0154,0.6571,10.00,0.200,0.550,0.850,0.0844,0.0772,0.0034,0.00024,0.00073,0.00000,0.00000,0.00000,0.00000,0.00000,0.00000,0.00098,0.00146
1266600,0.5379,0.5379,-6.6900,-7.0268,0.0127,0.0177,1.2252,0.0111,0.0119,0.7767,10.00,0.200,0.550,0.850,0.0746,0.0779,0.0039,0.00024,0.00049,0.00000,0.00000,0.00000,0.00000,0.00000,0.00000,0.00146,0.00171
1266800,0.5379,0.5379,-6.6900,-7.0268,0.0119,0.0115,1.2361,0.0088,0.0113,0.7136,10.00,0.200,0.550,0.850,0.0763,0.0816,0.0037,0.00000,0.00000,0.00000,0.00000,0.00000,0.00000,0.00000,0.00000,0.00220,0.00146
1267000,0.5379,0.5379,-6.6900,-7.0268,0.0112,0.0107,1.2959,0.0172,0.0125,0.7527,10.00,0.200,0.550,0.850,0.0639,0.0560,0.0054,0.00098,0.00073,0.00000,0.00000,0.00000,0.00000,0.00000,0.00000,0.00146,0.00220
1267200,0.5379,0.5379,-6.5422,-6.9854,0.0158,0.0164,1.0154,0.0075,0.0146,0.7149,10.00,0.200,0.550,0.850,0.0802,0.0788,0.0024,0.00000,0.00024,0.00000,0.00000,0.00000,0.00000,0.00000,0.00000,0.00122,0.00098
1267400,0.5379,0.5379,-6.5422,-6.9854,0.0136,0.0175,1.1387,0.0111,0.0367,0.7153,10.00,0.200,0.550,0.850,0.0828,0.0725,0.0029,0.00024,0.00049,0.00000,0.00000,0.00000,0.00000,0.00000,0.00000,0.00049,0.00171
1267600,0.5379,0.5379,-6.4822,-6.9185,0.0167,0.0129,1.0435,0.0093,0.0084,0.7450,10.00,0.200,0.550,0.850,0.0799,0.0771,0.0044,0.00098,0.00000,0.00000,0.00000,0.00000,0.00000,0.00000,0.00000,0.00146,0.00195
1267800,0.5379,0.5379,-6.4822,-6.9185,0.0151,0.0125,1.1836,0.0120,0.0249,0.7012,10.00,0.200,0.550,0.850,0.0995,0.1018,0.0002,0.00000,0.00024,0.00000,0.00000,0.00000,0.00000,0.00000,0.00000,0.00000,0.00000
1268000,0.5379,0.5379,-6.4822,-6.9185,0.0159,0.0138,1.1765,0.0116,0.0144,0.7703,10.00,0.200,0.550,0.850,0.0720,0.0761,0.0042,0.00049,0.00073,0.00000,0.00000,0.00000,0.00000,0.00000,0.00000,0.00171,0.00122
1268200,0.5379,0.5379,-6.5562,-6.9425,0.0147,0.0164,1.3014,0.0124,0.0170,0.6778,10.00,0.200,0.550,0.850,0.0909,0.0828,0.0024,0.00000,0.00122,0.00000,0.00000,0.00000,0.00000,0.00000,0.00000,0.00049,0.00073
1268400,0.5379,0.5379,-6.5562,-6.9425,0.0184,0.0217,0.9887,0.0121,0.0136,0.7205,10.00,0.200,0.550,0.850,0.0763,0.0841,0.0027,0.00024,0.00024,0.00000,0.00000,0.00000,0.00000,0.00000,0.00000,0.00122,0.00098
1268600,0.5379,0.5379,-6.6539,-6.9268,0.0148,0.0272,1.2907,0.0134,0.0229,0.6816,10.00,0.200,0.550,0.850,0.0838,0.0698,0.0032,0.00000,0.00024,0.00000,0.00000,0.00000,0.00000,0.00000,0.00000,0.00073,0.00220
1268800,0.5379,0.5379,-6.6539,-6.9268,0.0128,0.0218,1.0244,0.0130,0.0166,0.7500,10.00,0.200,0.550,0.850,0.0594,0.0788,0.0034,0.00049,0.00000,0.00000,0.00000,0.00000,0.00000,0.00000,0.00000,0.00171,0.00122
1269000,0.5379,0.5379,-6.6539,-6.9268,0.0138,0.0171,1.4316,0.0102,0.0189,0.6327,10.00,0.200,0.550,0.850,0.0836,0.0837,0.0027,0.00000,0.00073,0.00000,0.00000,0.00000,0.00000,0.00000,0.00000,0.00098,0.00098
1269200,0.5379,0.5379,-6.6658,-6.8430,0.0099,0.0100,1.2704,0.0131,0.0197,0.6884,10.00,0.200,0.550,0.850,0.0763,0.0807,0.0037,0.00000,0.00024,0.00000,0.00000,0.00000,0.00000,0.00000,0.00000,0.00171,0.00171
1269400,0.5379,0.5379,-6.6658,-6.8430,0.0161,0.0127,1.2793,0.0108,0.0361,0.6355,10.00,0.200,0.550,0.850,0.0867,0.0709,0.0034,0.00000,0.00049,0.00000,0.00000,0.00000,0.00000,0.00000,0.00000,0.00073,0.00220
1269600,0.5379,0.5379,-6.7115,-7.0205,0.0146,0.0311,1.2829,0.0133,0.0282,0.6958,10.00,0.200,0.550,0.850,0.0976,0.1041,0.0005,0.00000,0.00024,0.00000,0.00000,0.00000,0.00000,0.00000,0.00000,0.00024,0.00000
1269800,0.5379,0.5379,-6.7115,-7.0205,0.0196,0.0226,1.1580,0.0121,0.0130,0.7156,10.00,0.200,0.550,0.850,0.0753,0.0747,0.0037,0.00000,0.00024,0.00000,0.00000,0.00000,0.00000,0.00000,0.00000,0.00122,0.00220
1270000,0.5379,0.5379,-6.7115,-7.0205,0.0151,0.0136,1.3256,0.0162,0.0261,0.7929,10.00,0.200,0.550,0.850,0.0822,0.0825,0.0034,0.00024,0.00024,0.00000,0.00000,0.00000,0.00000,0.00000,0.00000,0.00146,0.00146
1270200,0.5379,0.5379,-6.6322,-6.7834,0.0151,0.0193,1.1100,0.0179,0.0096,0.6488,10.00,0.200,0.550,0.850,0.0767,0.0735,0.0037,0.00049,0.00024,0.00000,0.00000,0.00000,0.00000,0.00000,0.00000,0.00122,0.00171
1270400,0.5379,0.5379,-6.6322,-6.7834,0.0155,0.0138,1.1271,0.0089,0.0297,0.9167,10.00,0.200,0.550,0.850,0.0728,0.0824,0.0042,0.00000,0.00000,0.00000,0.00000,0.00000,0.00000,0.00000,0.00000,0.00244,0.00171
1270600,0.5379,0.5379,-6.5950,-6.8634,0.0129,0.0159,0.8550,0.0140,0.0089,0.6465,10.00,0.200,0.550,0.850,0.0733,0.0707,0.0037,0.00024,0.00024,0.00000,0.00000,0.00000,0.00000,0.00000,0.00000,0.00122,0.00195
1270800,0.5379,0.5379,-6.5950,-6.8634,0.0123,0.0158,1.2358,0.0125,0.0230,0.7005,10.00,0.200,0.550,0.850,0.0760,0.0834,0.0027,0.00000,0.00000,0.00000,0.00000,0.00000,0.00000,0.00000,0.00000,0.00146,0.00122
1271000,0.5379,0.5379,-6.5950,-6.8634,0.0197,0.0316,1.1358,0.0108,0.0196,0.7521,10.00,0.200,0.550,0.850,0.0718,0.0770,0.0037,0.00024,0.00049,0.00000,0.00000,0.00000,0.00000,0.00000,0.00000,0.00122,0.00171
1271200,0.5379,0.5379,-6.5372,-6.7859,0.0140,0.0152,1.1024,0.0103,0.0332,0.8961,10.00,0.200,0.550,0.850,0.0749,0.0546,0.0051,0.00000,0.00073,0.00000,0.00000,0.00000,0.00000,0.00000,0.00000,0.00171,0.00269
1271400,0.5379,0.5379,-6.5372,-6.7859,0.0108,0.0241,1.1056,0.0098,0.0128,0.8432,10.00,0.200,0.550,0.850,0.0915,0.0937,0.0020,0.00024,0.00049,0.00000,0.00000,0.00000,0.00000,0.00000,0.00000,0.00049,0.00073
1271600,0.5379,0.5379,-6.6226,-6.7959,0.0140,0.0125,1.1295,0.0140,0.0232,0.7114,10.00,0.200,0.550,0.850,0.0666,0.0648,0.0051,0.00000,0.00024,0.00000,0.00000,0.00000,0.00000,0.00000,0.00000,0.00195,0.00293
1271800,0.5379,0.5379,-6.6226,-6.7959,0.0139,0.0130,1.1807,0.0153,0.0143,0.7466,10.00,0.200,0.550,0.850,0.0860,0.0911,0.0017,0.00024,0.00024,0.00000,0.00000,0.00000,0.00000,0.00000,0.00000,0.00073,0.00049
1272000,0.5379,0.5379,-6.6226,-6.7959,0.0166,0.0239,1.3248,0.0078,0.0161,0.7953,10.00,0.200,0.550,0.850,0.0724,0.0627,0.0049,0.00049,0.00024,0.00000,0.00000,0.00000,0.00000,0.00000,0.00000,0.00146,0.00269
1272200,0.5379,0.5379,-6.6649,-6.7973,0.0112,0.0123,1.2857,0.0150,0.0427,0.7992,10.00,0.200,0.550,0.850,0.0654,0.0846,0.0044,0.00073,0.00024,0.00000,0.00000,0.00000,0.00000,0.00000,0.00000,0.00220,0.00122
1272400,0.5379,0.5379,-6.6649,-6.7973,0.0129,0.0152,1.1857,0.0155,0.0090,0.8637,10.00,0.200,0.550,0.850,0.0647,0.0804,0.0037,0.00024,0.00073,0.00000,0.00000,0.00000,0.00000,0.00000,0.00000,0.00195,0.00073
1272600,0.5379,0.5379,-6.7131,-6.9231,0.0107,0.0117,1.1913,0.0142,0.0129,0.6989,10.00,0.200,0.550,0.850,0.0798,0.0775,0.0034,0.00000,0.00049,0.00000,0.00000,0.00000,0.00000,0.00000,0.00000,0.00146,0.00146
1272800,0.5379,0.5379,-6.7131,-6.9231,0.0147,0.0324,1.1269,0.0119,0.0112,0.5689,10.00,0.200,0.550,0.850,0.0778,0.0619,0.0046,0.00024,0.00024,0.00000,0.00000,0.00000,0.00000,0.00000,0.00000,0.00122,0.00293
1273000,0.5379,0.5379,-6.7131,-6.9231,0.0147,0.0176,1.0504,0.0126,0.0332,0.8255,10.00,0.200,0.550,0.850,0.0850,0.0680,0.0039,0.00000,0.00024,0.00000,0.00000,0.00000,0.00000,0.00000,0.00000,0.00098,0.00269
1273200,0.5379,0.5379,-6.5776,-6.9182,0.0187,0.0161,0.8958,0.0100,0.0298,0.8309,10.00,0.200,0.550,0.850,0.0908,0.0996,0.0012,0.00000,0.00000,0.00000,0.00000,0.00000,0.00000,0.00000,0.00000,0.00073,0.00049
1273400,0.5379,0.5379,-6.5776,-6.9182,0.0181,0.0234,1.2258,0.0152,0.0355,0.5960,10.00,0.200,0.550,0.850,0.0747,0.0445,0.0073,0.00024,0.00073,0.00000,0.00000,0.00000,0.00000,0.00000,0.00000,0.00171,0.00464
1273600,0.5379,0.5379,-6.4782,-6.8407,0.0119,0.0134,1.2370,0.0113,0.0110,0.8511,10.00,0.200,0.550,0.850,0.0765,0.0713,0.0051,0.00049,0.00098,0.00000,0.00000,0.00000,0.00000,0.00000,0.00000,0.00146,0.00220
1273800,0.5379,0.5379,-6.4782,-6.8407,0.0140,0.0242,0.9822,0.0191,0.0399,0.7629,10.00,0.200,0.550,0.850,0.0716,0.0754,0.0042,0.00024,0.00000,0.00000,0.00000,0.00000,0.00000,0.00000,0.00000,0.00171,0.00220
1274000,0.5379,0.5379,-6.4782,-6.8407,0.0159,0.0209,1.1273,0.0135,0.0102,0.8309,10.00,0.200,0.550,0.850,0.0877,0.0751,0.0020,0.00024,0.00049,0.00000,0.00000,0.00000,0.00000,0.00000,0.00000,0.00000,0.00122
1274200,0.5379,0.5379,-6.6160,-6.8872,0.0120,0.0200,1.1883,0.0118,0.0076,0.7015,10.00,0.200,0.550,0.850,0.0699,0.0705,0.0042,0.00000,0.00098,0.00000,0.00000,0.00000,0.00000,0.00000,0.00000,0.00195,0.00122
1274400,0.5379,0.5379,-6.6160,-6.8872,0.0134,0.0168,0.9478,0.0124,0.0125,0.7551,10.00,0.200,0.550,0.850,0.0843,0.0786,0.0024,0.00000,0.00049,0.00000,0.00000,0.00000,0.00000,0.00000,0.00000,0.00073,0.00122
1274600,0.5379,0.5379,-6.5154,-6.8487,0.0146,0.0215,0.9080,0.0248,0.0182,0.8997,10.00,0.200,0.550,0.850,0.0813,0.0703,0.0027,0.00000,0.00073,0.00000,0.00000,0.00000,0.00000,0.00000,0.00000,0.00049,0.00146
1274800,0.5379,0.5379,-6.5154,-6.8487,0.0148,0.0149,1.0010,0.0134,0.0170,0.6818,10.00,0.200,0.550,0.850,0.0747,0.0618,0.0046,0.00049,0.00049,0.00000,0.00000,0.00000,0.00000,0.00000,0.00000,0.00146,0.00220
1275000,0.5379,0.5379,-6.5154,-6.8487,0.0135,0.0141,1.3535,0.0108,0.0146,1.0077,10.00,0.200,0.550,0.850,0.0935,0.1025,0.0007,0.00000,0.00000,0.00000,0.00000,0.00000,0.00000,0.00000,0.00000,0.00049,0.00024
1275200,0.5379,0.5379,-6.4970,-7.0643,0.0167,0.0160,1.1796,0.0099,0.0104,0.6897,10.00,0.200,0.550,0.850,0.0715,0.0487,0.0056,0.00049,0.00073,0.00000,0.00000,0.00000,0.00000,0.00000,0.00000,0.00195,0.00244
1275400,0.5379,0.5379,-6.4970,-7.0643,0.0107,0.0097,1.1524,0.0143,0.0173,0.7632,10.00,0.200,0.550,0.850,0.0743,0.0715,0.0039,0.00000,0.00098,0.00000,0.00000,0.00000,0.00000,0.00024,0.00000,0.00146,0.00122
1275600,0.5379,0.5379,-6.5029,-6.9263,0.0118,0.0115,1.3473,0.0123,0.0363,0.7831,10.00,0.200,0.550,0.850,0.0769,0.0729,0.0042,0.00000,0.00024,0.00000,0.00000,0.00000,0.00000,0.00000,0.00000,0.00220,0.00171
1275800,0.5379,0.5379,-6.5029,-6.9263,0.0097,0.0142,1.2969,0.0111,0.0214,0.7701,10.00,0.200,0.550,0.850,0.0817,0.0697,0.0034,0.00000,0.00049,0.00000,0.00000,0.00000,0.00000,0.00000,0.00000,0.00171,0.00122
1276000,0.5379,0.5379,-6.5029,-6.9263,0.0175,0.0221,1.0621,0.0122,0.0376,0.7434,10.00,0.200,0.550,0.850,0.0727,0.0650,0.0044,0.00000,0.00024,0.00000,0.00000,0.00000,0.00000,0.00000,0.00000,0.00146,0.00269
1276200,0.5379,0.5379,-6.5937,-6.9703,0.0203,0.0191,1.0756,0.0112,0.0379,0.6447,10.00,0.200,0.550,0.850,0.0842,0.0706,0.0029,0.00000,0.00073,0.00000,0.00000,0.00000,0.00000,0.00000,0.00000,0.00073,0.00146
1276400,0.5379,0.5379,-6.5937,-6.9703,0.0163,0.0173,1.0387,0.0140,0.0201,0.6618,10.00,0.200,0.550,0.850,0.0727,0.0761,0.0044,0.00122,0.00000,0.00000,0.00000,0.00000,0.00000,0.00000,0.00000,0.00122,0.00195
1276600,0.5379,0.5379,-6.5284,-6.9407,0.0161,0.0109,1.4720,0.0122,0.0130,0.7846,10.00,0.200,0.550,0.850,0.0868,0.0711,0.0039,0.00000,0.00049,0.00000,0.00000,0.00000,0.00000,0.00000,0.00000,0.00098,0.00244
1276800,0.5379,0.5379,-6.5284,-6.9407,0.0161,0.0160,1.1634,0.0115,0.0332,0.6478,10.00,0.200,0.550,0.850,0.0963,0.1046,0.0002,0.00000,0.00000,0.00000,0.00000,0.00000,0.00000,0.00000,0.00000,0.00024,0.00000
1277000,0.5379,0.5379,-6.5284,-6.9407,0.0135,0.0116,0.9562,0.0114,0.0118,0.7424,10.00,0.200,0.550,0.850,0.0695,0.0545,0.0063,0.00024,0.00073,0.00000,0.00000,0.00000,0.00000,0.00000,0.00000,0.00269,0.00269
1277200,0.5379,0.5379,-6.5733,-6.8195,0.0174,0.0270,1.0070,0.0140,0.0134,0.6129,10.00,0.200,0.550,0.850,0.0872,0.0813,0.0027,0.00000,0.00049,0.00000,0.00000,0.00000,0.00000,0.00000,0.00000,0.00098,0.00146
1277400,0.5379,0.5379,-6.5733,-6.8195,0.0139,0.0121,1.6547,0.0115,0.0213,0.6367,10.00,0.200,0.550,0.850,0.0762,0.0715,0.0037,0.00000,0.00098,0.00000,0.00000,0.00000,0.00000,0.00000,0.00000,0.00171,0.00098
1277600,0.5379,0.5379,-6.6138,-6.8992,0.0106,0.0145,1.1734,0.0130,0.0428,0.8063,10.00,0.200,0.550,0.850,0.0795,0.0848,0.0024,0.00024,0.00049,0.00000,0.00000,0.00000,0.00000,0.00000,0.00000,0.00122,0.00049
1277800,0.5379,0.5379,-6.6138,-6.8992,0.0145,0.0213,1.2307,0.0080,0.0142,0.8292,10.00,0.200,0.550,0.850,0.0662,0.0585,0.0046,0.00024,0.00049,0.00000,0.00000,0.00000,0.00000,0.00000,0.00000,0.00220,0.00171
1278000,0.5379,0.5379,-6.6138,-6.8992,0.0141,0.0122,1.2844,0.0121,0.0145,0.5514,10.00,0.200,0.550,0.850,0.0755,0.0801,0.0044,0.00024,0.00073,0.00000,0.00000,0.00000,0.00000,0.00000,0.00000,0.00220,0.00122
1278200,0.5379,0.5379,-6.6520,-6.9017,0.0158,0.0248,1.1809,0.0159,0.0178,0.5833,10.00,0.200,0.550,0.850,0.0555,0.0568,0.0054,0.00049,0.00122,0.00000,0.00000,0.00000,0.00000,0.00000,0.00000,0.00195,0.00171
1278400,0.5379,0.5379,-6.6520,-6.9017,0.0149,0.0283,1.2301,0.0160,0.0155,0.6470,10.00,0.200,0.550,0.850,0.0794,0.0756,0.0037,0.00024,0.00049,0.00000,0.00000,0.00000,0.00000,0.00000,0.00000,0.00146,0.00146
1278600,0.5379,0.5379,-6.6187,-6.8370,0.0148,0.0144,1.5307,0.0153,0.0116,0.6695,10.00,0.200,0.550,0.850,0.0936,0.1024,0.0005,0.00000,0.00000,0.00000,0.00000,0.00000,0.00000,0.00000,0.00000,0.00024,0.00024
1278800,0.5379,0.5379,-6.6187,-6.8370,0.0194,0.0252,0.9228,0.0182,0.0391,0.7597,10.00,0.200,0.550,0.850,0.0706,0.0698,0.0049,0.00000,0.00098,0.00000,0.00000,0.00000,0.00000,0.00000,0.00000,0.00244,0.00146
1279000,0.5379,0.5379,-6.6187,-6.8370,0.0157,0.0231,1.2789,0.0167,0.0332,0.6645,10.00,0.200,0.550,0.850,0.0841,0.0804,0.0027,0.00024,0.00024,0.00000,0.00000,0.00000,0.00000,0.00000,0.00000,0.00098,0.00122
1279200,0.5379,0.5379,-6.5681,-6.8389,0.0137,0.0122,1.0112,0.0096,0.0280,0.7888,10.00,0.200,0.550,0.850,0.0800,0.0752,0.0034,0.00000,0.00049,0.00000,0.00000,0.00000,0.00000,0.00000,0.00000,0.00122,0.00171
1279400,0.5379,0.5379,-6.5681,-6.8389,0.0161,0.0165,1.3373,0.0102,0.0261,0.7732,10.00,0.200,0.550,0.850,0.0793,0.0797,0.0024,0.00024,0.00000,0.00000,0.00000,0.00000,0.00000,0.00000,0.00000,0.00098,0.00122
1279600,0.5379,0.5379,-6.5434,-6.8315,0.0129,0.0094,1.3980,0.0125,0.0132,0.6545,10.00,0.200,0.550,0.850,0.0734,0.0814,0.0027,0.00000,0.00000,0.00000,0.00000,0.00000,0.00000,0.00000,0.00000,0.00146,0.00122
1279800,0.5379,0.5379,-6.5434,-6.8315,0.0129,0.0092,1.3754,0.0118,0.0216,0.7331,10.00,0.200,0.550,0.850,0.0698,0.0605,0.0061,0.00000,0.00073,0.00000,0.00000,0.00000,0.00000,0.00000,0.00000,0.00171,0.00366
1280000,0.5379,0.5379,-6.5434,-6.8315,0.0133,0.0134,1.0233,0.0078,0.0221,0.6019,10.00,0.200,0.550,0.850,0.0697,0.0757,0.0051,0.00024,0.00049,0.00000,0.00000,0.00000,0.00000,0.00000,0.00000,0.00269,0.00171
1280200,0.5379,0.5379,-6.6638,-6.8463,0.0163,0.0118,1.0935,0.0113,0.0130,0.8175,10.00,0.200,0.550,0.850,0.0877,0.0867,0.0022,0.00000,0.00049,0.00000,0.00000,0.00000,0.00000,0.00000,0.00000,0.00073,0.00098
1280400,0.5379,0.5379,-6.6638,-6.8463,0.0143,0.0182,1.3314,0.0111,0.0125,0.7111,10.00,0.200,0.550,0.850,0.0849,0.0894,0.0024,0.00000,0.00000,0.00000,0.00000,0.00000,0.00000,0.00000,0.00000,0.00122,0.00122
1280600,0.5379,0.5379,-6.5288,-6.8404,0.0134,0.0205,1.0025,0.0108,0.0332,0.6441,10.00,0.200,0.550,0.850,0.0666,0.0723,0.0049,0.00000,0.00000,0.00000,0.00000,0.00000,0.00000,0.00000,0.00000,0.00220,0.00269
1280800,0.5379,0.5379,-6.5288,-6.8404,0.0140,0.0093,1.2127,0.0116,0.0184,0.6693,10.00,0.200,0.550,0.850,0.0899,0.0706,0.0037,0.00000,0.00000,0.00000,0.00000,0.00000,0.00000,0.00000,0.00000,0.00098,0.00269
1281000,0.5379,0.5379,-6.5288,-6.8404,0.0136,0.0142,1.3863,0.0107,0.0601,0.7247,10.00,0.200,0.550,0.850,0.0772,0.0760,0.0039,0.00024,0.00049,0.00000,0.00000,0.00000,0.00000,0.00000,0.00000,0.00122,0.00195
1281200,0.5379,0.5379,-6.4415,-6.8832,0.0226,0.0175,1.0015,0.0113,0.0132,0.6418,10.00,0.200,0.550,0.850,0.0733,0.0696,0.0042,0.00049,0.00049,0.00000,0.00000,0.00000,0.00000,0.00000,0.00000,0.00146,0.00171
1281400,0.5379,0.5379,-6.4415,-6.8832,0.0154,0.0226,1.1737,0.0160,0.0087,0.7628,10.00,0.200,0.550,0.850,0.0684,0.0716,0.0046,0.00000,0.00000,0.00000,0.00000,0.00000,0.00000,0.00000,0.00000,0.00244,0.00220
1281600,0.5379,0.5379,-6.6381,-6.8245,0.0131,0.0232,1.6406,0.0150,0.0127,0.6267,10.00,0.200,0.550,0.850,0.0734,0.0684,0.0056,0.00024,0.00073,0.00000,0.00000,0.00000,0.00000,0.00000,0.00000,0.00244,0.00220
1281800,0.5379,0.5379,-6.6381,-6.8245,0.0167,0.0263,1.0461,0.0135,0.0118,0.6607,10.00,0.200,0.550,0.850,0.0774,0.0659,0.0039,0.00024,0.00024,0.00000,0.00000,0.00000,0.00000,0.00000,0.00000,0.00146,0.00195
1282000,0.5379,0.5379,-6.6381,-6.8245,0.0222,0.0174,1.1609,0.0107,0.0117,0.7174,10.00,0.200,0.550,0.850,0.0724,0.0791,0.0042,0.00049,0.00024,0.00000,0.00000,0.00000,0.00000,0.00000,0.00000,0.00146,0.00195
1282200,0.5379,0.5379,-6.5622,-6.8254,0.0133,0.0155,1.3982,0.0135,0.0111,0.7103,10.00,0.200,0.550,0.850,0.0823,0.0889,0.0024,0.00000,0.00000,0.00000,0.00000,0.00000,0.00000,0.00000,0.00000,0.00122,0.00122
1282400,0.5379,0.5379,-6.5622,-6.8254,0.0150,0.0111,1.2125,0.0134,0.0156,0.6676,10.00,0.200,0.550,0.850,0.0733,0.0817,0.0034,0.00049,0.00049,0.00000,0.00000,0.00000,0.00000,0.00000,0.00000,0.00146,0.00098
1282600,0.5379,0.5379,-6.4411,-6.8722,0.0164,0.0149,1.0593,0.0121,0.0162,0.7229,10.00,0.200,0.550,0.850,0.0736,0.0831,0.0032,0.00000,0.00073,0.00000,0.00000,0.00000,0.00000,0.00000,0.00000,0.00171,0.00073
1282800,0.5379,0.5379,-6.4411,-6.8722,0.0185,0.0245,1.1214,0.0142,0.0173,0.8101,10.00,0.200,0.550,0.850,0.0820,0.0673,0.0039,0.00024,0.00073,0.00000,0.00000,0.00000,0.00000,0.00000,0.00000,0.00098,0.00195
1283000,0.5379,0.5379,-6.4411,-6.8722,0.0129,0.0138,1.0557,0.0086,0.0269,0.8658,10.00,0.200,0.550,0.850,0.0811,0.0862,0.0027,0.00000,0.00024,0.00000,0.00000,0.00000,0.00000,0.00000,0.00000,0.00146,0.00098
1283200,0.5379,0.5379,-6.5316,-6.8964,0.0151,0.0173,1.2564,0.0149,0.0161,0.6265,10.00,0.200,0.550,0.850,0.0800,0.0671,0.0032,0.00000,0.00122,0.00000,0.00000,0.00000,0.00000,0.00000,0.00000,0.00098,0.00098
1283400,0.5379,0.5379,-6.5316,-6.8964,0.0166,0.0156,1.2172,0.0155,0.0264,0.6790,10.00,0.200,0.550,0.850,0.0655,0.0768,0.0056,0.00049,0.00024,0.00000,0.00000,0.00000,0.00000,0.00000,0.00000,0.00269,0.00220
1283600,0.5379,0.5379,-6.6614,-6.8436,0.0127,0.0134,1.3248,0.0114,0.0145,0.9868,10.00,0.200,0.550,0.850,0.0748,0.0871,0.0022,0.00000,0.00000,0.00000,0.00000,0.00000,0.00000,0.00000,0.00000,0.00146,0.00073
1283800,0.5379,0.5379,-6.6614,-6.8436,0.0152,0.0291,1.0415,0.0201,0.0245,0.6571,10.00,0.200,0.550,0.850,0.0658,0.0605,0.0054,0.00073,0.00049,0.00000,0.00000,0.00000,0.00000,0.00024,0.00000,0.00269,0.00146
1284000,0.5379,0.5379,-6.6614,-6.8436,0.0144,0.0154,1.2505,0.0098,0.0137,0.8997,10.00,0.200,0.550,0.850,0.0917,0.0813,0.0022,0.00000,0.00000,0.00000,0.00000,0.00000,0.00000,0.00000,0.00000,0.00049,0.00171
1284200,0.5379,0.5379,-6.5282,-6.8472,0.0158,0.0365,1.3279,0.0105,0.0137,0.7351,10.00,0.200,0.550,0.850,0.0641,0.0704,0.0046,0.00049,0.00000,0.00000,0.00000,0.00000,0.00000,0.00000,0.00000,0.00195,0.00220
1284400,0.5379,0.5379,-6.5282,-6.8472,0.0159,0.0097,1.4224,0.0121,0.0151,0.7078,10.00,0.200,0.550,0.850,0.0906,0.0702,0.0042,0.00049,0.00049,0.00000,0.00000,0.00000,0.00000,0.00000,0.00000,0.00024,0.00293
1284600,0.5379,0.5379,-6.4567,-6.8275,0.0170,0.0155,1.2063,0.0138,0.0148,0.6110,10.00,0.200,0.550,0.850,0.0737,0.0520,0.0056,0.00024,0.00024,0.00000,0.00000,0.00000,0.00000,0.00000,0.00000,0.00195,0.00317
1284800,0.5379,0.5379,-6.4567,-6.8275,0.0151,0.0253,0.7938,0.0101,0.0184,0.7933,10.00,0.200,0.550,0.850,0.0753,0.0877,0.0032,0.00049,0.00000,0.00000,0.00000,0.00000,0.00000,0.00000,0.00024,0.00122,0.00122
1285000,0.5379,0.5379,-6.4567,-6.8275,0.0121,0.0112,1.2504,0.0102,0.0151,0.8921,10.00,0.200,0.550,0.850,0.0697,0.0779,0.0032,0.00049,0.00000,0.00000,0.00000,0.00000,0.00000,0.00000,0.00000,0.00146,0.00122
1285200,0.5379,0.5379,-6.6409,-6.9145,0.0110,0.0118,1.2466,0.0101,0.0112,0.8077,10.00,0.200,0.550,0.850,0.0780,0.0803,0.0037,0.00024,0.00000,0.00000,0.00000,0.00000,0.00000,0.00000,0.00000,0.00146,0.00195
1285400,0.5379,0.5379,-6.6409,-6.9145,0.0199,0.0273,1.0149,0.0151,0.0277,0.6967,10.00,0.200,0.550,0.850,0.0771,0.0723,0.0037,0.00073,0.00024,0.00000,0.00000,0.00000,0.00000,0.00000,0.00000,0.00073,0.00195
1285600,0.5379,0.5379,-6.5823,-6.7790,0.0169,0.0185,1.2176,0.0099,0.0337,0.7735,10.00,0.200,0.550,0.850,0.0846,0.0880,0.0017,0.00000,0.00049,0.00000,0.00000,0.00000,0.00000,0.00000,0.00000,0.00073,0.00049
1285800,0.5379,0.5379,-6.5823,-6.7790,0.0121,0.0145,1.3311,0.0104,0.0081,0.9191,10.00,0.200,0.550,0.850,0.0790,0.0909,0.0029,0.00000,0.00024,0.00000,0.00000,0.00000,0.00000,0.00000,0.00000,0.00171,0.00098
1286000,0.5379,0.5379,-6.5823,-6.7790,0.0127,0.0224,0.7735,0.0137,0.0112,0.6487,10.00,0.200,0.550,0.850,0.0763,0.0756,0.0044,0.00000,0.00024,0.00000,0.00000,0.00000,0.00000,0.00000,0.00000,0.00220,0.00195
1286200,0.5379,0.5379,-6.6804,-6.9070,0.0170,0.0139,0.8246,0.0117,0.0143,0.8092,10.00,0.200,0.550,0.850,0.0812,0.0849,0.0037,0.00024,0.00049,0.00000,0.00000,0.00000,0.00000,0.00000,0.00000,0.00171,0.00122
1286400,0.5379,0.5379,-6.6804,-6.9070,0.0153,0.0180,1.0393,0.0170,0.0369,0.6571,10.00,0.200,0.550,0.850,0.0787,0.0801,0.0027,0.00024,0.00000,0.00000,0.00000,0.00000,0.00000,0.00000,0.00000,0.00122,0.00122
1286600,0.5379,0.5379,-6.6875,-6.9277,0.0208,0.0278,0.9536,0.0122,0.0102,0.7744,10.00,0.200,0.550,0.850,0.0759,0.0821,0.0029,0.00049,0.00073,0.00000,0.00000,0.00000,0.00000,0.00000,0.00000,0.00073,0.00098
1286800,0.5379,0.5379,-6.6875,-6.9277,0.0103,0.0275,1.1745,0.0173,0.0147,0.6864,10.00,0.200,0.550,0.850,0.0431,0.0796,0.0039,0.00024,0.00000,0.00000,0.00000,0.00000,0.00000,0.00000,0.00000,0.00269,0.00098
1287000,0.5379,0.5379,-6.6875,-6.9277,0.0138,0.0119,1.1182,0.0108,0.0098,0.8129,10.00,0.200,0.550,0.850,0.0776,0.0782,0.0042,0.00000,0.00000,0.00000,0.00000,0.00000,0.00000,0.00000,0.00000,0.00171,0.00244
1287200,0.5379,0.5379,-6.7026,-7.0130,0.0141,0.0102,1.2669,0.0113,0.0099,0.7540,10.00,0.200,0.550,0.850,0.0703,0.0510,0.0051,0.00000,0.00073,0.00000,0.00000,0.00000,0.00000,0.00000,0.00000,0.00220,0.00244
1287400,0.5379,0.5379,-6.7026,-7.0130,0.0124,0.0151,1.1322,0.0106,0.0091,0.8498,10.00,0.200,0.550,0.850,0.0693,0.0866,0.0024,0.00024,0.00024,0.00000,0.00000,0.00000,0.00000,0.00000,0.00000,0.00171,0.00024
1287600,0.5379,0.5379,-6.5782,-6.8233,0.0114,0.0137,1.0849,0.0104,0.0141,0.8620,10.00,0.200,0.550,0.850,0.0752,0.0896,0.0024,0.00049,0.00024,0.00000,0.00000,0.00000,0.00000,0.00000,0.00000,0.00098,0.00073
1287800,0.5379,0.5379,-6.5782,-6.8233,0.0124,0.0135,0.9700,0.0110,0.0099,0.9380,10.00,0.200,0.550,0.850,0.0572,0.0637,0.0054,0.00000,0.00049,0.00000,0.00000,0.00000,0.00000,0.00000,0.00000,0.00317,0.00171
1288000,0.5379,0.5379,-6.5782,-6.8233,0.0135,0.0168,1.3511,0.0109,0.0086,0.7993,10.00,0.200,0.550,0.850,0.0737,0.0754,0.0046,0.00024,0.00073,0.00000,0.00000,0.00000,0.00000,0.00000,0.00000,0.00195,0.00171
1288200,0.5379,0.5379,-6.5854,-6.8617,0.0113,0.0144,1.3390,0.0110,0.0119,0.8435,10.00,0.200,0.550,0.850,0.0804,0.0708,0.0037,0.00000,0.00049,0.00000,0.00000,0.00000,0.00000,0.00000,0.00000,0.00171,0.00146
1288400,0.5379,0.5379,-6.5854,-6.8617,0.0160,0.0254,1.0480,0.0089,0.0165,0.9642,10.00,0.200,0.550,0.850,0.0732,0.0754,0.0037,0.00049,0.00049,0.00000,0.00000,0.00000,0.00000,0.00000,0.00024,0.00098,0.00146
1288600,0.5379,0.5379,-6.5673,-6.8505,0.0172,0.0227,1.3442,0.0100,0.0089,0.6862,10.00,0.200,0.550,0.850,0.0731,0.0607,0.0051,0.00024,0.00049,0.00000,0.00000,0.00000,0.00000,0.00000,0.00000,0.00146,0.00293
1288800,0.5379,0.5379,-6.5673,-6.8505,0.0152,0.0216,1.1033,0.0087,0.0118,0.7736,10.00,0.200,0.550,0.850,0.0842,0.0889,0.0024,0.00000,0.00000,0.00000,0.00000,0.00000,0.00000,0.00000,0.00000,0.00098,0.00146
1289000,0.5379,0.5379,-6.5673,-6.8505,0.0145,0.0277,1.3599,0.0137,0.0110,0.6985,10.00,0.200,0.550,0.850,0.0770,0.0550,0.0044,0.00000,0.00098,0.00000,0.00000,0.00000,0.00000,0.00000,0.00000,0.00146,0.00195
1289200,0.5379,0.5379,-6.4209,-6.9333,0.0140,0.0154,1.0738,0.0113,0.0130,0.6460,10.00,0.200,0.550,0.850,0.0749,0.0790,0.0034,0.00049,0.00073,0.00000,0.00000,0.00000,0.00000,0.00000,0.00000,0.00122,0.00098
1289400,0.5379,0.5379,-6.4209,-6.9333,0.0151,0.0148,1.3232,0.0112,0.0143,0.7520,10.00,0.200,0.550,0.850,0.0774,0.0806,0.0037,0.00000,0.00049,0.00000,0.00000,0.00000,0.00000,0.00000,0.00000,0.00122,0.00195
1289600,0.5379,0.5379,-6.5034,-6.8687,0.0164,0.0146,1.1420,0.0124,0.0089,0.7857,10.00,0.200,0.550,0.850,0.0762,0.0660,0.0044,0.00024,0.00024,0.00000,0.00000,0.00000,0.00000,0.00000,0.00000,0.00146,0.00244
1289800,0.5379,0.5379,-6.5034,-6.8687,0.0168,0.0197,1.4279,0.0101,0.0384,0.7203,10.00,0.200,0.550,0.850,0.0722,0.0743,0.0049,0.00024,0.00098,0.00000,0.00000,0.00000,0.00000,0.00000,0.00000,0.00244,0.00122
1290000,0.5379,0.5379,-6.5034,-6.8687,0.0181,0.0188,1.1080,0.0113,0.0118,0.7900,10.00,0.200,0.550,0.850,0.0794,0.0744,0.0037,0.00000,0.00049,0.00000,0.00000,0.00000,0.00000,0.00000,0.00000,0.00122,0.00195
1290200,0.5379,0.5379,-6.6361,-6.8813,0.0184,0.0241,1.2627,0.0128,0.0318,0.7932,10.00,0.200,0.550,0.850,0.0768,0.0747,0.0042,0.00000,0.00122,0.00000,0.00000,0.00000,0.00000,0.00000,0.00000,0.00146,0.00146
1290400,0.5379,0.5379,-6.6361,-6.8813,0.0119,0.0159,1.1276,0.0136,0.0150,0.7163,10.00,0.200,0.550,0.850,0.0727,0.0685,0.0039,0.00000,0.00073,0.00000,0.00000,0.00000,0.00000,0.00000,0.00000,0.00171,0.00146
1290600,0.5379,0.5379,-6.5589,-6.8571,0.0188,0.0212,1.1542,0.0097,0.0405,0.7582,10.00,0.200,0.550,0.850,0.0757,0.0778,0.0039,0.00073,0.00024,0.00000,0.00000,0.00000,0.00000,0.00000,0.00000,0.00146,0.00146
1290800,0.5379,0.5379,-6.5589,-6.8571,0.0146,0.0131,1.5344,0.0141,0.0152,0.5997,10.00,0.200,0.550,0.850,0.0769,0.0527,0.0061,0.00024,0.00049,0.00000,0.00000,0.00000,0.00000,0.00000,0.00000,0.00122,0.00415
1291000,0.5379,0.5379,-6.5589,-6.8571,0.0133,0.0285,1.3116,0.0130,0.0117,0.6772,10.00,0.200,0.550,0.850,0.0750,0.0572,0.0061,0.00049,0.00049,0.00000,0.00000,0.00000,0.00000,0.00000,0.00000,0.00171,0.00342
1291200,0.5379,0.5379,-6.4541,-6.8105,0.0112,0.0107,1.3998,0.0089,0.0156,0.8185,10.00,0.200,0.550,0.850,0.0839,0.0877,0.0022,0.00000,0.00000,0.00000,0.00000,0.00000,0.00000,0.00000,0.00000,0.00073,0.00146
1291400,0.5379,0.5379,-6.4541,-6.8105,0.0122,0.0112,1.4147,0.0097,0.0139,0.6421,10.00,0.200,0.550,0.850,0.0671,0.0667,0.0049,0.00073,0.00000,0.00000,0.00000,0.00000,0.00000,0.00000,0.00000,0.00171,0.00244
1291600,0.5379,0.5379,-6.5399,-6.8818,0.0158,0.0128,1.6555,0.0163,0.0212,0.7036,10.00,0.200,0.550,0.850,0.0776,0.0620,0.0049,0.00000,0.00049,0.00000,0.00000,0.00000,0.00000,0.00000,0.00000,0.00098,0.00342
1291800,0.5379,0.5379,-6.5399,-6.8818,0.0166,0.0179,1.2277,0.0102,0.0128,0.6935,10.00,0.200,0.550,0.850,0.0754,0.0506,0.0054,0.00049,0.00049,0.00000,0.00000,0.00000,0.00000,0.00000,0.00000,0.00122,0.00317
1292000,0.5379,0.5379,-6.5399,-6.8818,0.0129,0.0235,1.1773,0.0121,0.0203,0.7794,10.00,0.200,0.550,0.850,0.0786,0.0820,0.0039,0.00024,0.00024,0.00000,0.00000,0.00000,0.00000,0.00024,0.00000,0.00146,0.00171
1292200,0.5379,0.5379,-6.5940,-6.9195,0.0140,0.0309,1.1455,0.0081,0.0318,0.6073,10.00,0.200,0.550,0.850,0.0734,0.0689,0.0032,0.00024,0.00098,0.00000,0.00000,0.00000,0.00000,0.00000,0.00000,0.00098,0.00098
1292400,0.5379,0.5379,-6.5940,-6.9195,0.0139,0.0125,1.2077,0.0086,0.0148,0.8343,10.00,0.200,0.550,0.850,0.0865,0.0587,0.0044,0.00024,0.00049,0.00000,0.00000,0.00000,0.00000,0.00000,0.00000,0.00122,0.00244
1292600,0.5379,0.5379,-6.5405,-6.9433,0.0133,0.0123,1.3726,0.0117,0.0182,0.8860,10.00,0.200,0.550,0.850,0.0672,0.0831,0.0037,0.00000,0.00000,0.00000,0.00000,0.00000,0.00000,0.00000,0.00000,0.00195,0.00171
1292800,0.5379,0.5379,-6.5405,-6.9433,0.0164,0.0150,1.1437,0.0129,0.0114,0.5924,10.00,0.200,0.550,0.850,0.0704,0.0852,0.0034,0.00073,0.00049,0.00000,0.00000,0.00000,0.00000,0.00000,0.00000,0.00122,0.00098
1293000,0.5379,0.5379,-6.5405,-6.9433,0.0122,0.0203,1.0234,0.0129,0.0145,0.7583,10.00,0.200,0.550,0.850,0.0810,0.0665,0.0034,0.00000,0.00024,0.00000,0.00000,0.00000,0.00000,0.00000,0.00000,0.00073,0.00244
1293200,0.5379,0.5379,-6.4980,-6.9522,0.0151,0.0125,1.0050,0.0147,0.0101,0.6879,10.00,0.200,0.550,0.850,0.0744,0.0720,0.0044,0.00049,0.00073,0.00000,0.00000,0.00000,0.00000,0.00000,0.00000,0.00146,0.00171
1293400,0.5379,0.5379,-6.4980,-6.9522,0.0177,0.0149,1.2957,0.0172,0.0108,0.7415,10.00,0.200,0.550,0.850,0.0868,0.0641,0.0039,0.00024,0.00049,0.00000,0.00000,0.00000,0.00000,0.00000,0.00000,0.00049,0.00269
1293600,0.5379,0.5379,-6.4846,-6.9276,0.0170,0.0151,1.1490,0.0105,0.0138,0.8189,10.00,0.200,0.550,0.850,0.0851,0.0661,0.0042,0.00000,0.00098,0.00000,0.00000,0.00000,0.00000,0.00000,0.00000,0.00098,0.00220
1293800,0.5379,0.5379,-6.4846,-6.9276,0.0145,0.0197,1.1961,0.0121,0.0218,0.7599,10.00,0.200,0.550,0.850,0.0822,0.0582,0.0042,0.00000,0.00073,0.00000,0.00000,0.00000,0.00000,0.00000,0.00000,0.00146,0.00195
1294000,0.5379,0.5379,-6.4846,-6.9276,0.0129,0.0182,1.2668,0.0157,0.0427,0.5028,10.00,0.200,0.550,0.850,0.0704,0.0742,0.0037,0.00049,0.00049,0.00000,0.00000,0.00000,0.00000,0.00000,0.00000,0.00146,0.00122
1294200,0.5379,0.5379,-6.4803,-7.0986,0.0117,0.0142,1.0378,0.0168,0.0122,0.6549,10.00,0.200,0.550,0.850,0.0851,0.0910,0.0020,0.00024,0.00000,0.00000,0.00000,0.00000,0.00000,0.00000,0.00000,0.00098,0.00073
1294400,0.5379,0.5379,-6.4803,-7.0986,0.0161,0.0218,1.0024,0.0138,0.0300,0.7602,10.00,0.200,0.550,0.850,0.0767,0.0711,0.0032,0.00024,0.00024,0.00000,0.00000,0.00000,0.00000,0.00000,0.00000,0.00098,0.00171
1294600,0.5379,0.5379,-6.4512,-6.9780,0.0131,0.0130,1.4830,0.0182,0.0094,0.6613,10.00,0.200,0.550,0.850,0.0719,0.0576,0.0063,0.00000,0.00098,0.00000,0.00000,0.00000,0.00000,0.00000,0.00000,0.00220,0.00317
1294800,0.5379,0.5379,-6.4512,-6.9780,0.0143,0.0184,1.0710,0.0107,0.0221,0.6678,10.00,0.200,0.550,0.850,0.0791,0.0881,0.0020,0.00000,0.00000,0.00000,0.00000,0.00000,0.00000,0.00000,0.00000,0.00073,0.00122
1295000,0.5379,0.5379,-6.4512,-6.9780,0.0140,0.0187,1.3135,0.0108,0.0191,0.6968,10.00,0.200,0.550,0.850,0.0690,0.0506,0.0046,0.00049,0.00073,0.00000,0.00000,0.00000,0.00000,0.00000,0.00000,0.00098,0.00244
1295200,0.5379,0.5379,-6.5544,-7.0105,0.0122,0.0115,1.2317,0.0171,0.0234,0.7481,10.00,0.200,0.550,0.850,0.0733,0.0735,0.0034,0.00000,0.00000,0.00000,0.00000,0.00000,0.00000,0.00000,0.00000,0.00098,0.00244
1295400,0.5379,0.5379,-6.5544,-7.0105,0.0126,0.0151,1.1898,0.0112,0.0110,0.7320,10.00,0.200,0.550,0.850,0.0820,0.0855,0.0022,0.00024,0.00049,0.00000,0.00000,0.00000,0.00000,0.00000,0.00000,0.00098,0.00049
1295600,0.5379,0.5379,-6.5466,-6.9065,0.0135,0.0142,1.2900,0.0131,0.0172,0.8259,10.00,0.200,0.550,0.850,0.0795,0.0744,0.0034,0.00049,0.00024,0.00000,0.00000,0.00000,0.00000,0.00000,0.00000,0.00073,0.00195
1295800,0.5379,0.5379,-6.5466,-6.9065,0.0143,0.0160,1.5544,0.0138,0.0072,0.6746,10.00,0.200,0.550,0.850,0.0693,0.0614,0.0039,0.00000,0.00098,0.00000,0.00000,0.00000,0.00000,0.00000,0.00000,0.00146,0.00146
1296000,0.5379,0.5379,-6.5466,-6.9065,0.0165,0.0308,0.9916,0.0097,0.0167,0.7369,10.00,0.200,0.550,0.850,0.0859,0.0870,0.0027,0.00024,0.00000,0.00000,0.00000,0.00000,0.00000,0.00000,0.00000,0.00122,0.00122
1296200,0.5379,0.5379,-6.5549,-6.8973,0.0170,0.0319,1.4046,0.0123,0.0121,0.8754,10.00,0.200,0.550,0.850,0.0737,0.0746,0.0034,0.00024,0.00000,0.00000,0.00000,0.00000,0.00000,0.00000,0.00000,0.00171,0.00146
1296400,0.5379,0.5379,-6.5549,-6.8973,0.0145,0.0212,0.8540,0.0126,0.0132,0.6620,10.00,0.200,0.550,0.850,0.0837,0.0705,0.0039,0.00024,0.00049,0.00000,0.00000,0.00000,0.00000,0.00000,0.00000,0.00122,0.00195
1296600,0.5379,0.5379,-6.5407,-6.9406,0.0179,0.0127,1.1950,0.0109,0.0268,0.7792,10.00,0.200,0.550,0.850,0.0792,0.0721,0.0037,0.00024,0.00000,0.00000,0.00000,0.00000,0.00000,0.00000,0.00000,0.00122,0.00220
1296800,0.5379,0.5379,-6.5407,-6.9406,0.0147,0.0111,1.2953,0.0121,0.0286,0.6361,10.00,0.200,0.550,0.850,0.0761,0.0719,0.0034,0.00000,0.00098,0.00000,0.00000,0.00000,0.00000,0.00000,0.00000,0.00122,0.00122
1297000,0.5379,0.5379,-6.5407,-6.9406,0.0142,0.0240,1.1185,0.0094,0.0138,0.6914,10.00,0.200,0.550,0.850,0.0685,0.0724,0.0054,0.00049,0.00073,0.00000,0.00000,0.00000,0.00000,0.00000,0.00000,0.00269,0.00146
1297200,0.5379,0.5379,-6.5470,-6.9057,0.0156,0.0195,1.1881,0.0124,0.0104,0.8656,10.00,0.200,0.550,0.850,0.0823,0.0686,0.0029,0.00024,0.00024,0.00000,0.00000,0.00000,0.00000,0.00000,0.00000,0.00049,0.00195
1297400,0.5379,0.5379,-6.5470,-6.9057,0.0146,0.0244,1.5273,0.0091,0.0144,0.7816,10.00,0.200,0.550,0.850,0.0707,0.0845,0.0037,0.00024,0.00073,0.00000,0.00000,0.00000,0.00000,0.00000,0.00000,0.00171,0.00098
1297600,0.5379,0.5379,-6.5398,-6.9919,0.0124,0.0111,1.3023,0.0094,0.0070,0.6850,10.00,0.200,0.550,0.850,0.0792,0.0684,0.0029,0.00024,0.00024,0.00000,0.00000,0.00000,0.00000,0.00000,0.00000,0.00073,0.00171
1297800,0.5379,0.5379,-6.5398,-6.9919,0.0180,0.0318,0.9354,0.0128,0.0254,0.7198,10.00,0.200,0.550,0.850,0.0807,0.0842,0.0046,0.00049,0.00073,0.00000,0.00000,0.00000,0.00000,0.00000,0.00000,0.00195,0.00146
1298000,0.5379,0.5379,-6.5398,-6.9919,0.0141,0.0199,1.0660,0.0118,0.0112,0.6095,10.00,0.200,0.550,0.850,0.0579,0.0590,0.0056,0.00073,0.00073,0.00000,0.00000,0.00000,0.00000,0.00000,0.00000,0.00244,0.00171
1298200,0.5379,0.5379,-6.5267,-6.9229,0.0123,0.0169,1.5639,0.0100,0.0094,1.0109,10.00,0.200,0.550,0.850,0.0685,0.0718,0.0056,0.00024,0.00122,0.00000,0.00000,0.00000,0.00000,0.00000,0.00000,0.00244,0.00171
1298400,0.5379,0.5379,-6.5267,-6.9229,0.0166,0.0199,0.9559,0.0082,0.0129,0.7832,10.00,0.200,0.550,0.850,0.0842,0.0787,0.0024,0.00000,0.00000,0.00000,0.00000,0.00000,0.00000,0.00000,0.00000,0.00073,0.00171
1298600,0.5379,0.5379,-6.5259,-6.9392,0.0186,0.0184,1.0046,0.0130,0.0095,0.7960,10.00,0.200,0.550,0.850,0.0703,0.0580,0.0046,0.00000,0.00000,0.00000,0.00000,0.00000,0.00000,0.00000,0.00000,0.00220,0.00244
1298800,0.5379,0.5379,-6.5259,-6.9392,0.0146,0.0121,1.4224,0.0146,0.0378,0.7015,10.00,0.200,0.550,0.850,0.0882,0.0830,0.0017,0.00000,0.00024,0.00000,0.00000,0.00000,0.00000,0.00000,0.00000,0.00073,0.00073
1299000,0.5379,0.5379,-6.5259,-6.9392,0.0100,0.0168,1.4408,0.0126,0.0273,0.7462,10.00,0.200,0.550,0.850,0.0846,0.0760,0.0029,0.00024,0.00073,0.00000,0.00000,0.00000,0.00000,0.00000,0.00000,0.00073,0.00122
1299200,0.5379,0.5379,-6.4307,-7.0960,0.0176,0.0169,1.0673,0.0118,0.0120,0.6975,10.00,0.200,0.550,0.850,0.0824,0.0560,0.0046,0.00024,0.00122,0.00000,0.00000,0.00000,0.00000,0.00000,0.00000,0.00073,0.00244
1299400,0.5379,0.5379,-6.4307,-7.0960,0.0163,0.0307,1.2048,0.0160,0.0274,0.7381,10.00,0.200,0.550,0.850,0.0650,0.0744,0.0042,0.00024,0.00024,0.00000,0.00000,0.00000,0.00000,0.00000,0.00000,0.00220,0.00146
1299600,0.5379,0.5379,-6.5554,-6.9361,0.0130,0.0183,1.3838,0.0103,0.0096,0.7356,10.00,0.200,0.550,0.850,0.0798,0.0816,0.0046,0.00073,0.00049,0.00000,0.00000,0.00000,0.00000,0.00000,0.00000,0.00171,0.00171
1299800,0.5379,0.5379,-6.5554,-6.9361,0.0127,0.0109,1.1644,0.0166,0.0368,0.8086,10.00,0.200,0.550,0.850,0.0689,0.0810,0.0027,0.00000,0.00000,0.00000,0.00000,0.00000,0.00000,0.00000,0.00000,0.00171,0.00098
1300000,0.5379,0.5379,-6.5554,-6.9361,0.0173,0.0158,1.0080,0.0094,0.0178,0.6437,10.00,0.200,0.550,0.850,0.0719,0.0805,0.0039,0.00000,0.00049,0.00000,0.00000,0.00000,0.00000,0.00000,0.00000,0.00220,0.00122
1300200,0.5379,0.5379,-6.4688,-6.8737,0.0170,0.0121,0.9798,0.0090,0.0097,0.7940,10.00,0.200,0.550,0.850,0.0572,0.0757,0.0044,0.00024,0.00000,0.00000,0.00000,0.00000,0.00000,0.00000,0.00000,0.00269,0.00146
1300400,0.5379,0.5379,-6.4688,-6.8737,0.0180,0.0144,0.9634,0.0082,0.0119,0.6823,10.00,0.200,0.550,0.850,0.0592,0.0551,0.0061,0.00024,0.00024,0.00000,0.00000,0.00000,0.00000,0.00000,0.00000,0.00317,0.00244
1300600,0.5379,0.5379,-6.5311,-6.9578,0.0109,0.0187,1.0131,0.0094,0.0254,0.7578,10.00,0.200,0.550,0.850,0.0728,0.0844,0.0034,0.00049,0.00024,0.00000,0.00000,0.00000,0.00000,0.00000,0.00000,0.00171,0.00098
1300800,0.5379,0.5379,-6.5311,-6.9578,0.0120,0.0140,1.1101,0.0088,0.0123,0.7006,10.00,0.200,0.550,0.850,0.0828,0.0924,0.0020,0.00024,0.00049,0.00000,0.00000,0.00000,0.00000,0.00000,0.00000,0.00098,0.00024
1301000,0.5379,0.5379,-6.5311,-6.9578,0.0131,0.0140,1.2071,0.0120,0.0168,0.7207,10.00,0.200,0.550,0.850,0.0789,0.0709,0.0039,0.00000,0.00049,0.00000,0.00000,0.00000,0.00000,0.00000,0.00000,0.00122,0.00220
1301200,0.5379,0.5379,-6.6905,-6.8292,0.0108,0.0117,1.6358,0.0098,0.0406,0.6544,10.00,0.200,0.550,0.850,0.0737,0.0793,0.0034,0.00049,0.00000,0.00000,0.00000,0.00000,0.00000,0.00000,0.00000,0.00122,0.00171
1301400,0.5379,0.5379,-6.6905,-6.8292,0.0152,0.0157,1.0237,0.0102,0.0150,0.6635,10.00,0.200,0.550,0.850,0.0824,0.0719,0.0039,0.00073,0.00024,0.00000,0.00000,0.00000,0.00000,0.00000,0.00024,0.00073,0.00195
1301600,0.5379,0.5379,-6.6421,-6.9837,0.0153,0.0155,1.2832,0.0104,0.0142,0.6138,10.00,0.200,0.550,0.850,0.0799,0.0775,0.0029,0.00000,0.00024,0.00000,0.00000,0.00000,0.00000,0.00000,0.00000,0.00122,0.00146
1301800,0.5379,0.5379,-6.6421,-6.9837,0.0092,0.0144,1.2641,0.0091,0.0122,0.6245,10.00,0.200,0.550,0.850,0.0855,0.0756,0.0027,0.00000,0.00024,0.00000,0.00000,0.00000,0.00000,0.00000,0.00000,0.00098,0.00146
1302000,0.5379,0.5379,-6.6421,-6.9837,0.0112,0.0322,1.0866,0.0160,0.0155,0.6127,10.00,0.200,0.550,0.850,0.0832,0.0857,0.0020,0.00000,0.00000,0.00000,0.00000,0.00000,0.00000,0.00000,0.00000,0.00098,0.00098
1302200,0.5379,0.5379,-6.5669,-6.6919,0.0167,0.0135,0.9908,0.0109,0.0222,0.7283,10.00,0.200,0.550,0.850,0.0681,0.0608,0.0061,0.00049,0.00073,0.00000,0.00000,0.00000,0.00000,0.00000,0.00000,0.00244,0.00244
1302400,0.5379,0.5379,-6.5669,-6.6919,0.0135,0.0160,0.9981,0.0089,0.0113,0.7414,10.00,0.200,0.550,0.850,0.0758,0.0557,0.0056,0.00049,0.00049,0.00000,0.00000,0.00000,0.00000,0.00000,0.00000,0.00122,0.00342
1302600,0.5379,0.5379,-6.4967,-6.9152,0.0131,0.0280,1.2781,0.0109,0.0086,0.6121,10.00,0.200,0.550,0.850,0.0737,0.0631,0.0054,0.00024,0.00073,0.00000,0.00000,0.00000,0.00000,0.00000,0.00000,0.00146,0.00293
1302800,0.5379,0.5379,-6.4967,-6.9152,0.0170,0.0174,1.1428,0.0119,0.0181,0.6841,10.00,0.200,0.550,0.850,0.0790,0.0857,0.0037,0.00073,0.00024,0.00000,0.00000,0.00000,0.00000,0.00000,0.00000,0.00098,0.00171
1303000,0.5379,0.5379,-6.4967,-6.9152,0.0121,0.0236,1.0804,0.0134,0.0126,0.5823,10.00,0.200,0.550,0.850,0.0644,0.0733,0.0037,0.00024,0.00000,0.00000,0.00000,0.00000,0.00000,0.00000,0.00000,0.00171,0.00171
1303200,0.5379,0.5379,-6.5941,-6.8049,0.0135,0.0151,1.1143,0.0123,0.0115,0.6737,10.00,0.200,0.550,0.850,0.0889,0.0865,0.0029,0.00024,0.00024,0.00000,0.00000,0.00000,0.00000,0.00000,0.00000,0.00122,0.00122
1303400,0.5379,0.5379,-6.5941,-6.8049,0.0139,0.0145,1.0818,0.0118,0.0270,0.7070,10.00,0.200,0.550,0.850,0.0735,0.0790,0.0029,0.00024,0.00073,0.00000,0.00000,0.00000,0.00000,0.00000,0.00000,0.00122,0.00073
1303600,0.5379,0.5379,-6.4904,-6.9612,0.0099,0.0201,0.9550,0.0117,0.0115,0.7853,10.00,0.200,0.550,0.850,0.0870,0.0758,0.0034,0.00000,0.00049,0.00000,0.00000,0.00000,0.00000,0.00000,0.00000,0.00073,0.00220
1303800,0.5379,0.5379,-6.4904,-6.9612,0.0172,0.0165,1.2829,0.0115,0.0230,0.7704,10.00,0.200,0.550,0.850,0.0728,0.0798,0.0034,0.00000,0.00024,0.00000,0.00000,0.00000,0.00000,0.00000,0.00000,0.00146,0.00171
1304000,0.5379,0.5379,-6.4904,-6.9612,0.0171,0.0122,1.0169,0.0126,0.0111,0.6962,10.00,0.200,0.550,0.850,0.0778,0.0664,0.0042,0.00024,0.00049,0.00000,0.00000,0.00000,0.00000,0.00000,0.00000,0.00073,0.00269
1304200,0.5379,0.5379,-6.5936,-6.8605,0.0160,0.0161,1.1069,0.0120,0.0113,0.6896,10.00,0.200,0.550,0.850,0.0897,0.0761,0.0032,0.00000,0.00024,0.00000,0.00000,0.00000,0.00000,0.00000,0.00000,0.00073,0.00220
1304400,0.5379,0.5379,-6.5936,-6.8605,0.0112,0.0123,1.1431,0.0126,0.0160,0.6209,10.00,0.200,0.550,0.850,0.0790,0.0736,0.0037,0.00049,0.00000,0.00000,0.00000,0.00000,0.00000,0.00000,0.00000,0.00098,0.00220
1304600,0.5379,0.5379,-6.6226,-6.8566,0.0143,0.0173,1.0201,0.0120,0.0111,0.6717,10.00,0.200,0.550,0.850,0.0882,0.0739,0.0032,0.00000,0.00024,0.00000,0.00000,0.00000,0.00000,0.00000,0.00000,0.00073,0.00220
1304800,0.5379,0.5379,-6.6226,-6.8566,0.0164,0.0230,0.8672,0.0101,0.0413,0.6183,10.00,0.200,0.550,0.850,0.0777,0.0655,0.0039,0.00024,0.00049,0.00000,0.00000,0.00000,0.00000,0.00000,0.00000,0.00049,0.00269
1305000,0.5379,0.5379,-6.6226,-6.8566,0.0161,0.0137,0.9279,0.0082,0.0091,0.7119,10.00,0.200,0.550,0.850,0.0745,0.0915,0.0034,0.00000,0.00000,0.00000,0.00000,0.00000,0.00000,0.00000,0.00000,0.00220,0.00122
1305200,0.5379,0.5379,-6.5888,-6.9082,0.0129,0.0107,1.3988,0.0108,0.0279,0.6056,10.00,0.200,0.550,0.850,0.0702,0.0657,0.0046,0.00024,0.00000,0.00000,0.00000,0.00000,0.00000,0.00000,0.00000,0.00195,0.00244
1305400,0.5379,0.5379,-6.5888,-6.9082,0.0124,0.0230,1.0588,0.0113,0.0189,0.4972,10.00,0.200,0.550,0.850,0.0767,0.0748,0.0039,0.00024,0.00000,0.00000,0.00000,0.00000,0.00000,0.00000,0.00000,0.00122,0.00244
1305600,0.5379,0.5379,-6.5480,-7.0485,0.0116,0.0111,1.1974,0.0111,0.0105,0.7676,10.00,0.200,0.550,0.850,0.0688,0.0760,0.0042,0.00098,0.00024,0.00000,0.00000,0.00000,0.00000,0.00000,0.00000,0.00146,0.00146
1305800,0.5379,0.5379,-6.5480,-7.0485,0.0140,0.0147,1.1681,0.0140,0.0337,0.6920,10.00,0.200,0.550,0.850,0.0727,0.0785,0.0029,0.00024,0.00024,0.00000,0.00000,0.00000,0.00000,0.00000,0.00000,0.00122,0.00122
1306000,0.5379,0.5379,-6.5480,-7.0485,0.0158,0.0137,1.1667,0.0125,0.0089,0.7131,10.00,0.200,0.550,0.850,0.0740,0.0814,0.0039,0.00049,0.00024,0.00000,0.00000,0.00000,0.00000,0.00000,0.00000,0.00171,0.00146
1306200,0.5379,0.5379,-6.6917,-6.7618,0.0132,0.0163,0.8717,0.0090,0.0243,0.7850,10.00,0.200,0.550,0.850,0.0859,0.0767,0.0024,0.00024,0.00073,0.00000,0.00000,0.00000,0.00000,0.00000,0.00000,0.00024,0.00122
1306400,0.5379,0.5379,-6.6917,-6.7618,0.0142,0.0176,0.9980,0.0139,0.0134,0.7261,10.00,0.200,0.550,0.850,0.0719,0.0701,0.0046,0.00024,0.00000,0.00000,0.00000,0.00000,0.00000,0.00000,0.00000,0.00122,0.00317
1306600,0.5379,0.5379,-6.4624,-6.7628,0.0148,0.0124,1.1185,0.0132,0.0123,0.7201,10.00,0.200,0.550,0.850,0.0750,0.0710,0.0044,0.00000,0.00049,0.00000,0.00000,0.00000,0.00000,0.00000,0.00000,0.00195,0.00195
1306800,0.5379,0.5379,-6.4624,-6.7628,0.0157,0.0097,1.2583,0.0108,0.0102,0.6849,10.00,0.200,0.550,0.850,0.0839,0.1001,0.0017,0.00000,0.00000,0.00000,0.00000,0.00000,0.00000,0.00000,0.00049,0.00122,0.00000
1307000,0.5379,0.5379,-6.4624,-6.7628,0.0161,0.0160,0.8465,0.0131,0.0516,0.7387,10.00,0.200,0.550,0.850,0.0766,0.0815,0.0032,0.00000,0.00049,0.00000,0.00000,0.00000,0.00000,0.00000,0.00000,0.00146,0.00122
1307200,0.5379,0.5379,-6.6056,-6.8689,0.0138,0.0150,1.5153,0.0129,0.0267,0.5906,10.00,0.200,0.550,0.850,0.0776,0.0722,0.0044,0.00000,0.00000,0.00000,0.00000,0.00000,0.00000,0.00000,0.00024,0.00220,0.00195
1307400,0.5379,0.5379,-6.6056,-6.8689,0.0116,0.0134,1.1418,0.0112,0.0181,0.7523,10.00,0.200,0.550,0.850,0.0681,0.0875,0.0034,0.00000,0.00000,0.00000,0.00000,0.00000,0.00000,0.00024,0.00000,0.00244,0.00073
1307600,0.5379,0.5379,-6.6119,-6.9496,0.0183,0.0147,1.1011,0.0152,0.0107,0.6198,10.00,0.200,0.550,0.850,0.0767,0.0587,0.0046,0.00000,0.00049,0.00000,0.00000,0.00000,0.00000,0.00000,0.00000,0.00098,0.00317
1307800,0.5379,0.5379,-6.6119,-6.9496,0.0127,0.0224,1.1057,0.0085,0.0089,0.7830,10.00,0.200,0.550,0.850,0.0704,0.0830,0.0024,0.00000,0.00000,0.00000,0.00000,0.00000,0.00000,0.00000,0.00000,0.00098,0.00146
1308000,0.5379,0.5379,-6.6119,-6.9496,0.0162,0.0147,1.1624,0.0144,0.0127,0.7313,10.00,0.200,0.550,0.850,0.0678,0.0858,0.0034,0.00024,0.00024,0.00000,0.00000,0.00000,0.00000,0.00000,0.00000,0.00171,0.00122
1308200,0.5379,0.5379,-6.5531,-7.0284,0.0160,0.0325,1.1942,0.0121,0.0149,0.8400,10.00,0.200,0.550,0.850,0.0771,0.0857,0.0037,0.00000,0.00024,0.00000,0.00000,0.00000,0.00000,0.00000,0.00000,0.00195,0.00146
1308400,0.5379,0.5379,-6.5531,-7.0284,0.0173,0.0132,1.2103,0.0103,0.0131,0.7154,10.00,0.200,0.550,0.850,0.0784,0.0548,0.0042,0.00049,0.00024,0.00000,0.00000,0.00000,0.00000,0.00000,0.00000,0.00024,0.00317
1308600,0.5379,0.5379,-6.5941,-6.9412,0.0121,0.0111,1.1880,0.0095,0.0132,0.7661,10.00,0.200,0.550,0.850,0.0748,0.0828,0.0042,0.00049,0.00024,0.00000,0.00000,0.00000,0.00000,0.00000,0.00000,0.00146,0.00195
1308800,0.5379,0.5379,-6.5941,-6.9412,0.0152,0.0248,1.1616,0.0103,0.0268,0.6659,10.00,0.200,0.550,0.850,0.0782,0.0672,0.0044,0.00024,0.00098,0.00000,0.00000,0.00000,0.00000,0.00000,0.00024,0.00098,0.00195
1309000,0.5379,0.5379,-6.5941,-6.9412,0.0174,0.0204,0.9658,0.0124,0.0159,0.8079,10.00,0.200,0.550,0.850,0.0740,0.0668,0.0056,0.00024,0.00073,0.00000,0.00000,0.00000,0.00000,0.00000,0.00000,0.00220,0.00269
1309200,0.5379,0.5379,-6.6624,-6.8071,0.0127,0.0244,1.5871,0.0106,0.0094,0.8340,10.00,0.200,0.550,0.850,0.0845,0.0903,0.0005,0.00024,0.00000,0.00000,0.00000,0.00000,0.00000,0.00000,0.00000,0.00024,0.00000
1309400,0.5379,0.5379,-6.6624,-6.8071,0.0164,0.0206,1.6929,0.0096,0.0137,0.7084,10.00,0.200,0.550,0.850,0.0626,0.0708,0.0049,0.00098,0.00049,0.00000,0.00000,0.00000,0.00000,0.00000,0.00000,0.00195,0.00146
1309600,0.5379,0.5379,-6.6781,-6.9146,0.0136,0.0250,1.3280,0.0107,0.0174,0.7065,10.00,0.200,0.550,0.850,0.0810,0.0797,0.0044,0.00000,0.00098,0.00000,0.00000,0.00000,0.00000,0.00000,0.00000,0.00220,0.00122
1309800,0.5379,0.5379,-6.6781,-6.9146,0.0116,0.0215,0.9123,0.0124,0.0376,0.6793,10.00,0.200,0.550,0.850,0.0787,0.0696,0.0046,0.00024,0.00098,0.00000,0.00000,0.00000,0.00000,0.00000,0.00000,0.00146,0.00195
1310000,0.5379,0.5379,-6.6781,-6.9146,0.0133,0.0158,1.4023,0.0118,0.0438,0.6629,10.00,0.200,0.550,0.850,0.0821,0.0736,0.0044,0.00000,0.00049,0.00000,0.00000,0.00000,0.00000,0.00000,0.00000,0.00122,0.00269
1310200,0.5379,0.5379,-6.5020,-6.8630,0.0134,0.0146,1.3742,0.0104,0.0294,0.6831,10.00,0.200,0.550,0.850,0.0721,0.0743,0.0042,0.00024,0.00000,0.00000,0.00000,0.00000,0.00000,0.00000,0.00000,0.00195,0.00195
1310400,0.5379,0.5379,-6.5020,-6.8630,0.0162,0.0133,1.3818,0.0106,0.0340,0.7767,10.00,0.200,0.550,0.850,0.0891,0.0605,0.0046,0.00024,0.00049,0.00000,0.00000,0.00000,0.00000,0.00000,0.00000,0.00098,0.00293
1310600,0.5379,0.5379,-6.5857,-6.9388,0.0126,0.0214,1.2686,0.0126,0.0157,0.7349,10.00,0.200,0.550,0.850,0.0645,0.0861,0.0044,0.00024,0.00024,0.00000,0.00000,0.00000,0.00000,0.00000,0.00000,0.00317,0.00073
1310800,0.5379,0.5379,-6.5857,-6.9388,0.0135,0.0140,0.9993,0.0121,0.0085,0.7252,10.00,0.200,0.550,0.850,0.0899,0.0770,0.0029,0.00024,0.00024,0.00000,0.00000,0.00000,0.00000,0.00000,0.00000,0.00049,0.00195
1311000,0.5379,0.5379,-6.5857,-6.9388,0.0124,0.0208,1.3154,0.0122,0.0152,0.7983,10.00,0.200,0.550,0.850,0.0848,0.0754,0.0024,0.00000,0.00024,0.00000,0.00000,0.00000,0.00000,0.00000,0.00000,0.00049,0.00171
1311200,0.5379,0.5379,-6.4347,-6.8663,0.0161,0.0138,1.2234,0.0085,0.0305,0.7893,10.00,0.200,0.550,0.850,0.0798,0.0576,0.0039,0.00000,0.00073,0.00000,0.00000,0.00000,0.00000,0.00000,0.00000,0.00122,0.00195
1311400,0.5379,0.5379,-6.4347,-6.8663,0.0116,0.0291,1.1664,0.0135,0.0336,0.7430,10.00,0.200,0.550,0.850,0.0813,0.0906,0.0022,0.00000,0.00000,0.00000,0.00000,0.00000,0.00000,0.00000,0.00000,0.00098,0.00122
1311600,0.5379,0.5379,-6.6801,-6.9162,0.0168,0.0172,1.2319,0.0137,0.0272,0.5940,10.00,0.200,0.550,0.850,0.0888,0.0666,0.0029,0.00024,0.00024,0.00000,0.00000,0.00000,0.00000,0.00000,0.00000,0.00049,0.00195
1311800,0.5379,0.5379,-6.6801,-6.9162,0.0152,0.0376,1.4593,0.0099,0.0123,0.7492,10.00,0.200,0.550,0.850,0.0829,0.0892,0.0027,0.00073,0.00000,0.00000,0.00000,0.00000,0.00000,0.00000,0.00000,0.00073,0.00122
1312000,0.5379,0.5379,-6.6801,-6.9162,0.0187,0.0320,1.1242,0.0141,0.0197,0.7435,10.00,0.200,0.550,0.850,0.0716,0.0607,0.0051,0.00000,0.00073,0.00000,0.00000,0.00000,0.00000,0.00000,0.00000,0.00171,0.00269
1312200,0.5379,0.5379,-6.5942,-6.8624,0.0171,0.0182,1.3378,0.0095,0.0088,0.8004,10.00,0.200,0.550,0.850,0.0806,0.0858,0.0039,0.00049,0.00000,0.00000,0.00000,0.00000,0.00000,0.00000,0.00000,0.00171,0.00171
1312400,0.5379,0.5379,-6.5942,-6.8624,0.0152,0.0337,0.9177,0.0131,0.0153,0.7382,10.00,0.200,0.550,0.850,0.0828,0.0612,0.0039,0.00000,0.00073,0.00000,0.00000,0.00000,0.00000,0.00000,0.00000,0.00073,0.00244
1312600,0.5379,0.5379,-6.5027,-6.8996,0.0182,0.0203,1.0103,0.0093,0.0159,0.8172,10.00,0.200,0.550,0.850,0.0878,0.0432,0.0042,0.00024,0.00073,0.00000,0.00000,0.00000,0.00000,0.00000,0.00000,0.00049,0.00269
1312800,0.5379,0.5379,-6.5027,-6.8996,0.0125,0.0156,1.2992,0.0154,0.0080,0.6407,10.00,0.200,0.550,0.850,0.0772,0.0757,0.0032,0.00000,0.00024,0.00000,0.00000,0.00000,0.00000,0.00024,0.00000,0.00098,0.00171
1313000,0.5379,0.5379,-6.5027,-6.8996,0.0118,0.0131,1.1584,0.0102,0.0095,0.7576,10.00,0.200,0.550,0.850,0.0715,0.0513,0.0046,0.00024,0.00098,0.00000,0.00000,0.00000,0.00000,0.00000,0.00000,0.00146,0.00195
1313200,0.5379,0.5379,-6.5642,-6.8569,0.0101,0.0138,1.1738,0.0084,0.0123,0.6763,10.00,0.200,0.550,0.850,0.0835,0.0833,0.0022,0.00000,0.00024,0.00000,0.00000,0.00000,0.00000,0.00000,0.00000,0.00073,0.00122
1313400,0.5379,0.5379,-6.5642,-6.8569,0.0159,0.0150,1.3689,0.0094,0.0136,0.7519,10.00,0.200,0.550,0.850,0.0699,0.0797,0.0034,0.00024,0.00000,0.00000,0.00000,0.00000,0.00000,0.00000,0.00000,0.00195,0.00122
1313600,0.5379,0.5379,-6.6565,-6.7669,0.0157,0.0237,1.1337,0.0100,0.0112,0.7846,10.00,0.200,0.550,0.850,0.0771,0.0619,0.0042,0.00049,0.00098,0.00000,0.00000,0.00000,0.00000,0.00000,0.00000,0.00098,0.00171
1313800,0.5379,0.5379,-6.6565,-6.7669,0.0153,0.0143,1.0649,0.0129,0.0111,0.7111,10.00,0.200,0.550,0.850,0.0692,0.0693,0.0044,0.00000,0.00024,0.00000,0.00000,0.00000,0.00000,0.00000,0.00000,0.00220,0.00195
1314000,0.5379,0.5379,-6.6565,-6.7669,0.0178,0.0120,1.1115,0.0120,0.0159,0.7380,10.00,0.200,0.550,0.850,0.0798,0.0883,0.0027,0.00024,0.00024,0.00000,0.00000,0.00000,0.00000,0.00000,0.00000,0.00146,0.00073
1314200,0.5379,0.5379,-6.5835,-6.9263,0.0160,0.0197,0.9172,0.0158,0.0138,0.7263,10.00,0.200,0.550,0.850,0.0577,0.0771,0.0046,0.00024,0.00073,0.00000,0.00000,0.00000,0.00000,0.00000,0.00000,0.00293,0.00073
1314400,0.5379,0.5379,-6.5835,-6.9263,0.0116,0.0249,1.2008,0.0120,0.0183,0.8775,10.00,0.200,0.550,0.850,0.0833,0.0634,0.0039,0.00049,0.00024,0.00000,0.00000,0.00000,0.00000,0.00000,0.00000,0.00073,0.00244
1314600,0.5379,0.5379,-6.6235,-6.8861,0.0148,0.0143,1.2105,0.0101,0.0168,0.7887,10.00,0.200,0.550,0.850,0.0781,0.0783,0.0027,0.00049,0.00024,0.00000,0.00000,0.00000,0.00000,0.00000,0.00024,0.00049,0.00122
1314800,0.5379,0.5379,-6.6235,-6.8861,0.0096,0.0128,1.0412,0.0109,0.0142,0.7120,10.00,0.200,0.550,0.850,0.0685,0.0607,0.0046,0.00024,0.00073,0.00000,0.00000,0.00000,0.00000,0.00000,0.00000,0.00171,0.00195
1315000,0.5379,0.5379,-6.6235,-6.8861,0.0157,0.0092,0.8186,0.0128,0.0263,0.7622,10.00,0.200,0.550,0.850,0.0804,0.0799,0.0032,0.00000,0.00098,0.00000,0.00000,0.00000,0.00000,0.00000,0.00000,0.00122,0.00098
1315200,0.5379,0.5379,-6.6881,-6.9069,0.0167,0.0144,1.1811,0.0099,0.0108,0.8825,10.00,0.200,0.550,0.850,0.0742,0.0761,0.0042,0.00000,0.00024,0.00000,0.00000,0.00000,0.00000,0.00000,0.00000,0.00220,0.00171
1315400,0.5379,0.5379,-6.6881,-6.9069,0.0150,0.0127,1.0553,0.0120,0.0088,0.8283,10.00,0.200,0.550,0.850,0.0670,0.0828,0.0037,0.00024,0.00000,0.00000,0.00000,0.00000,0.00000,0.00000,0.00000,0.00195,0.00146
1315600,0.5379,0.5379,-6.6466,-6.9497,0.0143,0.0133,1.2550,0.0193,0.0146,0.5062,10.00,0.200,0.550,0.850,0.0762,0.0747,0.0037,0.00024,0.00024,0.00000,0.00000,0.00000,0.00000,0.00000,0.00000,0.00146,0.00171
1315800,0.5379,0.5379,-6.6466,-6.9497,0.0153,0.0321,1.2767,0.0138,0.0096,0.8258,10.00,0.200,0.550,0.850,0.0870,0.0818,0.0037,0.00000,0.00024,0.00000,0.00000,0.00000,0.00000,0.00000,0.00000,0.00122,0.00220
1316000,0.5379,0.5379,-6.6466,-6.9497,0.0169,0.0217,1.1048,0.0097,0.0110,0.8902,10.00,0.200,0.550,0.850,0.0720,0.0742,0.0044,0.00024,0.00024,0.00000,0.00000,0.00000,0.00000,0.00000,0.00000,0.00195,0.00195
1316200,0.5379,0.5379,-6.7282,-6.9749,0.0192,0.0305,1.1727,0.0076,0.0128,0.7465,10.00,0.200,0.550,0.850,0.0804,0.0754,0.0034,0.00049,0.00000,0.00000,0.00000,0.00000,0.00000,0.00000,0.00000,0.00146,0.00171
1316400,0.5379,0.5379,-6.7282,-6.9749,0.0129,0.0248,1.0856,0.0122,0.0103,0.8062,10.00,0.200,0.550,0.850,0.0777,0.0735,0.0027,0.00049,0.00000,0.00000,0.00000,0.00000,0.00000,0.00000,0.00000,0.00098,0.00122
1316600,0.5379,0.5379,-6.6492,-6.9627,0.0122,0.0327,1.3026,0.0115,0.0153,0.6302,10.00,0.200,0.550,0.850,0.0722,0.0744,0.0032,0.00000,0.00049,0.00000,0.00000,0.00000,0.00000,0.00000,0.00000,0.00146,0.00122
1316800,0.5379,0.5379,-6.6492,-6.9627,0.0150,0.0145,0.9197,0.0134,0.0236,0.7148,10.00,0.200,0.550,0.850,0.0849,0.0800,0.0037,0.00049,0.00024,0.00000,0.00000,0.00000,0.00000,0.00000,0.00000,0.00098,0.00195
1317000,0.5379,0.5379,-6.6492,-6.9627,0.0188,0.0328,1.0480,0.0109,0.0145,0.6431,10.00,0.200,0.550,0.850,0.0678,0.0768,0.0042,0.00024,0.00073,0.00000,0.00000,0.00000,0.00000,0.00000,0.00000,0.00244,0.00073
1317200,0.5379,0.5379,-6.5547,-6.8282,0.0169,0.0159,0.9763,0.0115,0.0116,0.6361,10.00,0.200,0.550,0.850,0.0786,0.0789,0.0032,0.00000,0.00000,0.00000,0.00000,0.00000,0.00000,0.00000,0.00000,0.00146,0.00171
1317400,0.5379,0.5379,-6.5547,-6.8282,0.0175,0.0173,1.0603,0.0127,0.0262,0.7708,10.00,0.200,0.550,0.850,0.0787,0.0657,0.0027,0.00000,0.00000,0.00000,0.00000,0.00000,0.00000,0.00000,0.00000,0.00122,0.00146
1317600,0.5379,0.5379,-6.6356,-6.9207,0.0155,0.0106,1.3362,0.0142,0.0290,0.7342,10.00,0.200,0.550,0.850,0.0893,0.0942,0.0017,0.00000,0.00024,0.00000,0.00000,0.00000,0.00000,0.00000,0.00000,0.00098,0.00049
1317800,0.5379,0.5379,-6.6356,-6.9207,0.0129,0.0182,1.2432,0.0105,0.0118,0.6926,10.00,0.200,0.550,0.850,0.0726,0.0745,0.0032,0.00000,0.00024,0.00000,0.00000,0.00000,0.00000,0.00000,0.00000,0.00122,0.00171
1318000,0.5379,0.5379,-6.6356,-6.9207,0.0158,0.0225,0.8775,0.0084,0.0158,0.9381,10.00,0.200,0.550,0.850,0.0851,0.0804,0.0029,0.00024,0.00024,0.00000,0.00000,0.00000,0.00000,0.00000,0.00000,0.00073,0.00171
1318200,0.5379,0.5379,-6.6256,-6.8370,0.0174,0.0162,1.1684,0.0101,0.0131,0.7577,10.00,0.200,0.550,0.850,0.0755,0.0843,0.0029,0.00024,0.00000,0.00000,0.00000,0.00000,0.00000,0.00000,0.00000,0.00171,0.00098
1318400,0.5379,0.5379,-6.6256,-6.8370,0.0124,0.0141,1.3852,0.0122,0.0282,0.6777,10.00,0.200,0.550,0.850,0.0676,0.0698,0.0049,0.00024,0.00024,0.00000,0.00000,0.00000,0.00000,0.00000,0.00000,0.00269,0.00171
1318600,0.5379,0.5379,-6.5274,-7.0262,0.0135,0.0169,1.1805,0.0120,0.0210,0.7263,10.00,0.200,0.550,0.850,0.0826,0.0752,0.0029,0.00000,0.00024,0.00000,0.00000,0.00000,0.00000,0.00000,0.00000,0.00098,0.00171
1318800,0.5379,0.5379,-6.5274,-7.0262,0.0191,0.0174,1.0338,0.0097,0.0127,0.8434,10.00,0.200,0.550,0.850,0.0864,0.0782,0.0027,0.00000,0.00122,0.00000,0.00000,0.00000,0.00000,0.00000,0.00000,0.00073,0.00073
1319000,0.5379,0.5379,-6.5274,-7.0262,0.0133,0.0255,1.0195,0.0118,0.0364,0.6770,10.00,0.200,0.550,0.850,0.0809,0.0797,0.0034,0.00024,0.00000,0.00000,0.00000,0.00000,0.00000,0.00000,0.00000,0.00122,0.00195
1319200,0.5379,0.5379,-6.5329,-6.8234,0.0142,0.0092,1.3112,0.0102,0.0120,0.8234,10.00,0.200,0.550,0.850,0.0664,0.0580,0.0051,0.00073,0.00049,0.00000,0.00000,0.00000,0.00000,0.00000,0.00000,0.00122,0.00269
1319400,0.5379,0.5379,-6.5329,-6.8234,0.0197,0.0244,1.0779,0.0126,0.0130,0.5868,10.00,0.200,0.550,0.850,0.0807,0.0811,0.0037,0.00049,0.00049,0.00000,0.00000,0.00000,0.00000,0.00000,0.00000,0.00146,0.00122
1319600,0.5379,0.5379,-6.5717,-6.8713,0.0158,0.0142,0.8086,0.0160,0.0231,0.5963,10.00,0.200,0.550,0.850,0.0742,0.0806,0.0032,0.00000,0.00049,0.00000,0.00000,0.00000,0.00000,0.00000,0.00000,0.00146,0.00122
1319800,0.5379,0.5379,-6.5717,-6.8713,0.0138,0.0246,1.1923,0.0109,0.0351,0.7478,10.00,0.200,0.550,0.850,0.0858,0.0825,0.0024,0.00000,0.00024,0.00000,0.00000,0.00000,0.00000,0.00000,0.00000,0.00073,0.00146
1320000,0.5379,0.5379,-6.5717,-6.8713,0.0146,0.0155,0.9845,0.0119,0.0281,0.8297,10.00,0.200,0.550,0.850,0.0717,0.0835,0.0027,0.00000,0.00024,0.00000,0.00000,0.00000,0.00000,0.00000,0.00000,0.00171,0.00073
1320200,0.5379,0.5379,-6.5875,-6.9100,0.0139,0.0277,0.9078,0.0108,0.0203,0.7826,10.00,0.200,0.550,0.850,0.0734,0.0607,0.0049,0.00000,0.00049,0.00000,0.00000,0.00000,0.00000,0.00000,0.00000,0.00171,0.00269
1320400,0.5379,0.5379,-6.5875,-6.9100,0.0167,0.0092,1.1128,0.0081,0.0114,0.7215,10.00,0.200,0.550,0.850,0.0776,0.0851,0.0034,0.00024,0.00024,0.00000,0.00000,0.00000,0.00000,0.00000,0.00000,0.00122,0.00171
1320600,0.5379,0.5379,-6.5427,-6.7627,0.0139,0.0194,1.0806,0.0115,0.0085,0.7476,10.00,0.200,0.550,0.850,0.0790,0.0595,0.0056,0.00024,0.00122,0.00000,0.00000,0.00000,0.00000,0.00000,0.00000,0.00122,0.00293
1320800,0.5379,0.5379,-6.5427,-6.7627,0.0135,0.0145,0.9422,0.0092,0.0126,0.6908,10.00,0.200,0.550,0.850,0.0844,0.0828,0.0029,0.00000,0.00024,0.00000,0.00000,0.00000,0.00000,0.00000,0.00000,0.00098,0.00171
1321000,0.5379,0.5379,-6.5427,-6.7627,0.0117,0.0175,0.9519,0.0090,0.0158,1.0034,10.00,0.200,0.550,0.850,0.0722,0.0655,0.0042,0.00024,0.00073,0.00000,0.00000,0.00000,0.00000,0.00000,0.00000,0.00122,0.00195
1321200,0.5379,0.5379,-6.5362,-7.0102,0.0165,0.0296,0.9240,0.0115,0.0241,0.6064,10.00,0.200,0.550,0.850,0.0885,0.0856,0.0027,0.00049,0.00024,0.00000,0.00000,0.00000,0.00000,0.00000,0.00000,0.00073,0.00122
1321400,0.5379,0.5379,-6.5362,-7.0102,0.0102,0.0297,1.0044,0.0123,0.0182,0.6863,10.00,0.200,0.550,0.850,0.0751,0.0748,0.0032,0.00000,0.00098,0.00000,0.00000,0.00000,0.00000,0.00000,0.00000,0.00098,0.00122
1321600,0.5379,0.5379,-6.5972,-6.9264,0.0172,0.0150,1.1379,0.0088,0.0086,0.6636,10.00,0.200,0.550,0.850,0.0918,0.0704,0.0032,0.00000,0.00049,0.00000,0.00000,0.00000,0.00000,0.00000,0.00000,0.00024,0.00244
1321800,0.5379,0.5379,-6.5972,-6.9264,0.0155,0.0385,1.0462,0.0101,0.0101,0.6879,10.00,0.200,0.550,0.850,0.0661,0.0735,0.0034,0.00000,0.00024,0.00000,0.00000,0.00000,0.00000,0.00000,0.00000,0.00171,0.00146
1322000,0.5379,0.5379,-6.5972,-6.9264,0.0146,0.0251,1.1562,0.0171,0.0192,0.7579,10.00,0.200,0.550,0.850,0.0618,0.0698,0.0049,0.00049,0.00049,0.00000,0.00000,0.00000,0.00000,0.00000,0.00000,0.00220,0.00171
1322200,0.5379,0.5379,-6.5377,-6.8970,0.0125,0.0121,0.9353,0.0111,0.0305,0.6928,10.00,0.200,0.550,0.850,0.0813,0.0740,0.0037,0.00073,0.00000,0.00000,0.00000,0.00000,0.00000,0.00000,0.00000,0.00098,0.00195
1322400,0.5379,0.5379,-6.5377,-6.8970,0.0142,0.0135,1.4081,0.0107,0.0127,0.7428,10.00,0.200,0.550,0.850,0.0752,0.0845,0.0027,0.00000,0.00000,0.00000,0.00000,0.00000,0.00000,0.00000,0.00000,0.00171,0.00098
1322600,0.5379,0.5379,-6.5355,-6.8591,0.0147,0.0167,1.2731,0.0110,0.0210,0.5464,10.00,0.200,0.550,0.850,0.0863,0.0717,0.0032,0.00024,0.00024,0.00000,0.00000,0.00000,0.00000,0.00000,0.00000,0.00073,0.00195
1322800,0.5379,0.5379,-6.5355,-6.8591,0.0187,0.0393,0.9457,0.0136,0.0385,0.7147,10.00,0.200,0.550,0.850,0.0760,0.0810,0.0029,0.00000,0.00049,0.00000,0.00000,0.00000,0.00000,0.00000,0.00000,0.00146,0.00098
1323000,0.5379,0.5379,-6.5355,-6.8591,0.0159,0.0137,0.8131,0.0105,0.0144,0.5804,10.00,0.200,0.550,0.850,0.0701,0.0895,0.0039,0.00024,0.00024,0.00000,0.00000,0.00000,0.00000,0.00000,0.00000,0.00269,0.00073
1323200,0.5379,0.5379,-6.6221,-6.9311,0.0159,0.0128,0.8853,0.0077,0.0283,0.8452,10.00,0.200,0.550,0.850,0.0792,0.0767,0.0027,0.00000,0.00000,0.00000,0.00000,0.00000,0.00000,0.00000,0.00000,0.00146,0.00122
1323400,0.5379,0.5379,-6.6221,-6.9311,0.0156,0.0313,0.9578,0.0147,0.0197,0.7691,10.00,0.200,0.550,0.850,0.0746,0.0738,0.0046,0.00000,0.00024,0.00000,0.00000,0.00000,0.00000,0.00000,0.00000,0.00195,0.00244
1323600,0.5379,0.5379,-6.6016,-6.9452,0.0175,0.0131,0.8781,0.0096,0.0153,0.7586,10.00,0.200,0.550,0.850,0.0727,0.0660,0.0042,0.00000,0.00024,0.00000,0.00000,0.00000,0.00000,0.00000,0.00000,0.00171,0.00220
1323800,0.5379,0.5379,-6.6016,-6.9452,0.0139,0.0192,1.0103,0.0109,0.0108,0.6535,10.00,0.200,0.550,0.850,0.0734,0.0639,0.0046,0.00000,0.00098,0.00000,0.00000,0.00000,0.00000,0.00000,0.00000,0.00220,0.00146
1324000,0.5379,0.5379,-6.6016,-6.9452,0.0139,0.0183,1.1589,0.0117,0.0154,0.7174,10.00,0.200,0.550,0.850,0.0751,0.0786,0.0032,0.00049,0.00024,0.00000,0.00000,0.00000,0.00000,0.00000,0.00000,0.00073,0.00171
1324200,0.5379,0.5379,-6.6424,-6.9956,0.0118,0.0144,1.2623,0.0102,0.0135,0.8392,10.00,0.200,0.550,0.850,0.0782,0.0674,0.0054,0.00000,0.00073,0.00000,0.00000,0.00000,0.00000,0.00000,0.00000,0.00220,0.00244
1324400,0.5379,0.5379,-6.6424,-6.9956,0.0208,0.0243,0.9521,0.0112,0.0237,0.8079,10.00,0.200,0.550,0.850,0.0784,0.0747,0.0034,0.00000,0.00049,0.00000,0.00000,0.00000,0.00000,0.00000,0.00000,0.00146,0.00146
1324600,0.5379,0.5379,-6.5536,-6.8097,0.0191,0.0144,1.0405,0.0108,0.0172,0.7634,10.00,0.200,0.550,0.850,0.0798,0.0649,0.0037,0.00024,0.00024,0.00000,0.00000,0.00000,0.00000,0.00000,0.00000,0.00122,0.00195
1324800,0.5379,0.5379,-6.5536,-6.8097,0.0186,0.0101,1.0327,0.0091,0.0185,0.6668,10.00,0.200,0.550,0.850,0.0715,0.0832,0.0046,0.00000,0.00049,0.00000,0.00000,0.00000,0.00000,0.00000,0.00000,0.00244,0.00171
1325000,0.5379,0.5379,-6.5536,-6.8097,0.0140,0.0365,1.0714,0.0108,0.0156,0.7332,10.00,0.200,0.550,0.850,0.0746,0.0594,0.0037,0.00000,0.00049,0.00000,0.00000,0.00000,0.00000,0.00000,0.00000,0.00122,0.00195
1325200,0.5379,0.5379,-6.5905,-6.9765,0.0132,0.0238,1.3068,0.0111,0.0156,0.6929,10.00,0.200,0.550,0.850,0.0939,0.0800,0.0020,0.00000,0.00000,0.00000,0.00000,0.00000,0.00000,0.00000,0.00000,0.00024,0.00171
1325400,0.5379,0.5379,-6.5905,-6.9765,0.0189,0.0273,0.9652,0.0141,0.0119,0.7534,10.00,0.200,0.550,0.850,0.0783,0.0556,0.0039,0.00000,0.00000,0.00000,0.00000,0.00000,0.00000,0.00000,0.00000,0.00098,0.00293
1325600,0.5379,0.5379,-6.5940,-6.8614,0.0162,0.0156,1.1846,0.0104,0.0114,0.6440,10.00,0.200,0.550,0.850,0.0760,0.0738,0.0032,0.00049,0.00000,0.00000,0.00000,0.00000,0.00000,0.00000,0.00000,0.00098,0.00171
1325800,0.5379,0.5379,-6.5940,-6.8614,0.0176,0.0234,1.1229,0.0126,0.0300,0.8000,10.00,0.200,0.550,0.850,0.0889,0.0698,0.0032,0.00000,0.00024,0.00000,0.00000,0.00000,0.00000,0.00000,0.00000,0.00024,0.00269
1326000,0.5379,0.5379,-6.5940,-6.8614,0.0120,0.0171,1.1397,0.0124,0.0347,0.7558,10.00,0.200,0.550,0.850,0.0777,0.0692,0.0039,0.00024,0.00073,0.00000,0.00000,0.00000,0.00000,0.00000,0.00000,0.00122,0.00195
1326200,0.5379,0.5379,-6.5567,-6.9669,0.0139,0.0194,1.5813,0.0107,0.0128,0.8725,10.00,0.200,0.550,0.850,0.0879,0.0798,0.0032,0.00073,0.00000,0.00000,0.00000,0.00000,0.00000,0.00000,0.00000,0.00098,0.00146
1326400,0.5379,0.5379,-6.5567,-6.9669,0.0163,0.0194,1.2316,0.0141,0.0070,0.7707,10.00,0.200,0.550,0.850,0.0816,0.0599,0.0044,0.00024,0.00049,0.00000,0.00000,0.00000,0.00000,0.00000,0.00000,0.00098,0.00269
1326600,0.5379,0.5379,-6.5461,-6.9554,0.0100,0.0128,1.5298,0.0165,0.0118,0.7323,10.00,0.200,0.550,0.850,0.0808,0.0699,0.0049,0.00000,0.00024,0.00000,0.00000,0.00000,0.00000,0.00000,0.00000,0.00220,0.00244
1326800,0.5379,0.5379,-6.5461,-6.9554,0.0110,0.0157,1.1782,0.0157,0.0240,0.5997,10.00,0.200,0.550,0.850,0.0730,0.0867,0.0034,0.00024,0.00024,0.00000,0.00000,0.00000,0.00000,0.00000,0.00000,0.00195,0.00098
1327000,0.5379,0.5379,-6.5461,-6.9554,0.0106,0.0156,1.0971,0.0138,0.0085,0.7281,10.00,0.200,0.550,0.850,0.0824,0.0808,0.0029,0.00024,0.00000,0.00000,0.00000,0.00000,0.00000,0.00000,0.00000,0.00098,0.00171
1327200,0.5379,0.5379,-6.4530,-6.8399,0.0165,0.0196,0.9255,0.0193,0.0114,0.5889,10.00,0.200,0.550,0.850,0.0804,0.0697,0.0032,0.00000,0.00049,0.00000,0.00000,0.00000,0.00000,0.00000,0.00000,0.00122,0.00146
1327400,0.5379,0.5379,-6.4530,-6.8399,0.0157,0.0150,0.9180,0.0138,0.0108,0.8152,10.00,0.200,0.550,0.850,0.0650,0.0707,0.0039,0.00049,0.00024,0.00000,0.00000,0.00000,0.00000,0.00000,0.00000,0.00195,0.00122
1327600,0.5379,0.5379,-6.6310,-7.0437,0.0148,0.0080,1.3863,0.0135,0.0168,0.7087,10.00,0.200,0.550,0.850,0.0831,0.0753,0.0034,0.00049,0.00024,0.00000,0.00000,0.00000,0.00000,0.00000,0.00000,0.00073,0.00195
1327800,0.5379,0.5379,-6.6310,-7.0437,0.0108,0.0246,1.2849,0.0109,0.0278,0.8262,10.00,0.200,0.550,0.850,0.0721,0.0737,0.0046,0.00000,0.00049,0.00000,0.00000,0.00000,0.00000,0.00024,0.00000,0.00195,0.00195
1328000,0.5379,0.5379,-6.6310,-7.0437,0.0130,0.0123,1.2711,0.0118,0.0224,0.7331,10.00,0.200,0.550,0.850,0.0819,0.0672,0.0046,0.00000,0.00073,0.00000,0.00000,0.00000,0.00000,0.00000,0.00000,0.00171,0.00220
1328200,0.5379,0.5379,-6.4787,-7.0370,0.0177,0.0160,1.0244,0.0103,0.0243,0.7681,10.00,0.200,0.550,0.850,0.0665,0.0451,0.0063,0.00024,0.00098,0.00000,0.00000,0.00000,0.00000,0.00000,0.00000,0.00195,0.00317
1328400,0.5379,0.5379,-6.4787,-7.0370,0.0142,0.0132,1.1960,0.0094,0.0131,0.7660,10.00,0.200,0.550,0.850,0.0900,0.0686,0.0037,0.00024,0.00000,0.00000,0.00000,0.00000,0.00000,0.00000,0.00000,0.00098,0.00244
1328600,0.5379,0.5379,-6.6970,-6.9823,0.0141,0.0143,1.0097,0.0077,0.0104,0.7849,10.00,0.200,0.550,0.850,0.0805,0.0669,0.0042,0.00024,0.00073,0.00000,0.00000,0.00000,0.00000,0.00000,0.00000,0.00122,0.00195
1328800,0.5379,0.5379,-6.6970,-6.9823,0.0127,0.0125,1.1956,0.0160,0.0286,0.8508,10.00,0.200,0.550,0.850,0.0808,0.0741,0.0037,0.00024,0.00073,0.00000,0.00000,0.00000,0.00000,0.00000,0.00000,0.00122,0.00146
1329000,0.5379,0.5379,-6.6970,-6.9823,0.0139,0.0181,1.0866,0.0085,0.0140,0.8101,10.00,0.200,0.550,0.850,0.0780,0.0781,0.0024,0.00024,0.00024,0.00000,0.00000,0.00000,0.00000,0.00000,0.00000,0.00098,0.00098
1329200,0.5379,0.5379,-6.6137,-6.9482,0.0145,0.0273,1.0952,0.0090,0.0113,0.7648,10.00,0.200,0.550,0.850,0.0692,0.0418,0.0066,0.00073,0.00171,0.00000,0.00000,0.00000,0.00000,0.00000,0.00000,0.00146,0.00269
1329400,0.5379,0.5379,-6.6137,-6.9482,0.0135,0.0184,1.2056,0.0109,0.0199,0.6031,10.00,0.200,0.550,0.850,0.0710,0.0699,0.0039,0.00000,0.00024,0.00000,0.00000,0.00000,0.00000,0.00000,0.00000,0.00171,0.00195
1329600,0.5379,0.5379,-6.5693,-7.0078,0.0132,0.0165,1.0766,0.0132,0.0130,0.7782,10.00,0.200,0.550,0.850,0.0751,0.0757,0.0046,0.00049,0.00049,0.00000,0.00000,0.00000,0.00000,0.00000,0.00000,0.00146,0.00220
1329800,0.5379,0.5379,-6.5693,-7.0078,0.0171,0.0008,0.4986,0.0141,0.0100,0.3242,10.00,0.200,0.550,0.850,-0.0175,-0.0190,0.0000,0.00000,0.00000,0.00000,0.00000,0.00000,0.00000,0.00000,0.00000,0.00000,0.00000
1330000,0.5379,0.5379,-6.5693,-7.0078,0.0227,0.0130,1.0050,0.0109,0.0231,0.8052,10.00,0.200,0.550,0.850,0.0692,0.0676,0.0039,0.00024,0.00024,0.00000,0.00000,0.00000,0.00000,0.00000,0.00000,0.00171,0.00171
1330200,0.5379,0.5379,-6.4752,-6.9358,0.0134,0.0271,0.9678,0.0106,0.0317,0.7680,10.00,0.200,0.550,0.850,0.0860,0.0753,0.0039,0.00000,0.00049,0.00000,0.00000,0.00000,0.00000,0.00000,0.00000,0.00122,0.00220
1330400,0.5379,0.5379,-6.4752,-6.9358,0.0112,0.0166,1.2290,0.0121,0.0125,0.9384,10.00,0.200,0.550,0.850,0.0721,0.0691,0.0044,0.00000,0.00024,0.00000,0.00000,0.00000,0.00000,0.00000,0.00000,0.00220,0.00195
1330600,0.5379,0.5379,-6.5972,-7.0381,0.0137,0.0114,1.0599,0.0059,0.0095,0.5376,10.00,0.200,0.550,0.850,0.0825,0.0797,0.0034,0.00024,0.00098,0.00000,0.00000,0.00000,0.00000,0.00000,0.00000,0.00098,0.00122
1330800,0.5379,0.5379,-6.5972,-7.0381,0.0160,0.0264,0.9400,0.0144,0.0209,0.8173,10.00,0.200,0.550,0.850,0.0785,0.0736,0.0024,0.00000,0.00146,0.00000,0.00000,0.00000,0.00000,0.00000,0.00000,0.00073,0.00024
1331000,0.5379,0.5379,-6.5972,-7.0381,0.0144,0.0178,0.9390,0.0116,0.0118,0.7515,10.00,0.200,0.550,0.850,0.0677,0.0736,0.0051,0.00049,0.00049,0.00000,0.00000,0.00000,0.00000,0.00000,0.00000,0.00220,0.00195
1331200,0.5379,0.5379,-6.5678,-6.8502,0.0109,0.0209,0.8200,0.0103,0.0268,0.8742,10.00,0.200,0.550,0.850,0.0881,0.0760,0.0017,0.00000,0.00049,0.00000,0.00000,0.00000,0.00000,0.00000,0.00000,0.00024,0.00098
1331400,0.5379,0.5379,-6.5678,-6.8502,0.0107,0.0184,1.1338,0.0117,0.0073,0.7873,10.00,0.200,0.550,0.850,0.0853,0.0697,0.0029,0.00024,0.00049,0.00000,0.00000,0.00000,0.00000,0.00000,0.00000,0.00024,0.00195
1331600,0.5379,0.5379,-6.3953,-7.0194,0.0174,0.0009,0.5044,0.0125,0.0068,0.2852,10.00,0.200,0.550,0.850,-0.0173,-0.0177,0.0000,0.00000,0.00000,0.00000,0.00000,0.00000,0.00000,0.00000,0.00000,0.00000,0.00000
1331800,0.5379,0.5379,-6.3953,-7.0194,0.0108,0.0160,1.0981,0.0124,0.0249,0.6227,10.00,0.200,0.550,0.850,0.0743,0.0737,0.0042,0.00049,0.00049,0.00000,0.00000,0.00000,0.00000,0.00000,0.00000,0.00146,0.00171
1332000,0.5379,0.5379,-6.3953,-7.0194,0.0145,0.0185,0.9892,0.0105,0.0076,0.8540,10.00,0.200,0.550,0.850,0.0758,0.0930,0.0037,0.00024,0.00073,0.00000,0.00000,0.00000,0.00000,0.00000,0.00000,0.00220,0.00049
1332200,0.5379,0.5379,-6.4867,-6.8906,0.0172,0.0177,1.0913,0.0137,0.0200,0.7704,10.00,0.200,0.550,0.850,0.0767,0.0533,0.0054,0.00024,0.00146,0.00000,0.00000,0.00000,0.00000,0.00000,0.00000,0.00122,0.00244
1332400,0.5379,0.5379,-6.4867,-6.8906,0.0176,0.0463,0.8153,0.0114,0.0433,0.5986,10.00,0.200,0.550,0.850,0.0755,0.0660,0.0051,0.00000,0.00024,0.00000,0.00000,0.00000,0.00000,0.00000,0.00000,0.00195,0.00293
1332600,0.5379,0.5379,-6.4563,-7.0241,0.0126,0.0182,1.1650,0.0119,0.0348,0.7189,10.00,0.200,0.550,0.850,0.0686,0.0649,0.0054,0.00000,0.00122,0.00000,0.00000,0.00000,0.00000,0.00000,0.00000,0.00244,0.00171
1332800,0.5379,0.5379,-6.4563,-7.0241,0.0152,0.0195,1.0010,0.0106,0.0088,0.8040,10.00,0.200,0.550,0.850,0.0794,0.0647,0.0039,0.00024,0.00073,0.00000,0.00000,0.00000,0.00000,0.00000,0.00000,0.00073,0.00220
1333000,0.5379,0.5379,-6.4563,-7.0241,0.0128,0.0145,1.2415,0.0126,0.0247,0.7059,10.00,0.200,0.550,0.850,0.0743,0.0804,0.0039,0.00049,0.00000,0.00000,0.00000,0.00000,0.00000,0.00024,0.00000,0.00146,0.00171
1333200,0.5379,0.5379,-6.5917,-7.0420,0.0159,0.0315,0.8726,0.0128,0.0122,0.6399,10.00,0.200,0.550,0.850,0.0756,0.0683,0.0039,0.00024,0.00146,0.00000,0.00000,0.00000,0.00000,0.00000,0.00000,0.00098,0.00122
1333400,0.5379,0.5379,-6.5917,-7.0420,0.0217,0.0000,0.4249,0.0116,0.0110,0.2961,10.00,0.200,0.550,0.850,0.0060,0.0074,0.0000,0.00000,0.00000,0.00000,0.00000,0.00000,0.00000,0.00000,0.00000,0.00000,0.00000
1333600,0.5379,0.5379,-6.5476,-6.9101,0.0169,0.0180,1.0482,0.0115,0.0222,0.6590,10.00,0.200,0.550,0.850,0.0648,0.0659,0.0042,0.00073,0.00024,0.00000,0.00000,0.00000,0.00000,0.00000,0.00000,0.00171,0.00146
1333800,0.5379,0.5379,-6.5476,-6.9101,0.0146,0.0380,0.9987,0.0136,0.0086,0.9075,10.00,0.200,0.550,0.850,0.0930,0.0811,0.0024,0.00024,0.00049,0.00000,0.00000,0.00000,0.00000,0.00000,0.00000,0.00049,0.00122
1334000,0.5379,0.5379,-6.5476,-6.9101,0.0105,0.0173,1.0847,0.0130,0.0112,0.7465,10.00,0.200,0.550,0.850,0.0785,0.0621,0.0037,0.00024,0.00073,0.00000,0.00000,0.00000,0.00000,0.00000,0.00000,0.00122,0.00146
1334200,0.5379,0.5379,-6.5875,-6.9470,0.0145,0.0298,1.0788,0.0129,0.0243,0.7949,10.00,0.200,0.550,0.850,0.0684,0.0755,0.0051,0.00024,0.00049,0.00000,0.00000,0.00000,0.00000,0.00000,0.00000,0.00220,0.00220
1334400,0.5379,0.5379,-6.5875,-6.9470,0.0183,0.0144,0.8614,0.0104,0.0385,0.6483,10.00,0.200,0.550,0.850,0.0705,0.0755,0.0032,0.00073,0.00098,0.00000,0.00000,0.00000,0.00000,0.00000,0.00000,0.00122,0.00024
1334600,0.5379,0.5379,-6.5042,-6.9948,0.0126,0.0159,0.9638,0.0095,0.0131,0.8974,10.00,0.200,0.550,0.850,0.0591,0.0741,0.0044,0.00000,0.00073,0.00000,0.00000,0.00000,0.00000,0.00000,0.00000,0.00269,0.00098
1334800,0.5379,0.5379,-6.5042,-6.9948,0.0128,0.0164,1.4902,0.0109,0.0134,0.7186,10.00,0.200,0.550,0.850,0.0723,0.0809,0.0029,0.00049,0.00024,0.00000,0.00000,0.00000,0.00000,0.00000,0.00000,0.00122,0.00122
1335000,0.5379,0.5379,-6.5042,-6.9948,0.0136,0.0117,0.8237,0.0121,0.0272,0.7185,10.00,0.200,0.550,0.850,0.0812,0.0755,0.0039,0.00049,0.00024,0.00000,0.00000,0.00000,0.00000,0.00000,0.00000,0.00073,0.00244
1335200,0.5379,0.5379,-6.5448,-6.9768,0.0148,0.0052,0.4821,0.0102,0.0077,0.3098,10.00,0.200,0.550,0.850,0.0157,0.0176,0.0000,0.00000,0.00000,0.00000,0.00000,0.00000,0.00000,0.00000,0.00000,0.00000,0.00000
1335400,0.5379,0.5379,-6.5448,-6.9768,0.0148,0.0203,1.0940,0.0107,0.0095,0.7704,10.00,0.200,0.550,0.850,0.0754,0.0694,0.0044,0.00024,0.00073,0.00000,0.00000,0.00000,0.00000,0.00000,0.00000,0.00146,0.00195
1335600,0.5379,0.5379,-6.5867,-6.8626,0.0142,0.0320,0.9021,0.0113,0.0171,0.7255,10.00,0.200,0.550,0.850,0.0881,0.0756,0.0037,0.00000,0.00024,0.00000,0.00000,0.00000,0.00000,0.00000,0.00000,0.00122,0.00220
1335800,0.5379,0.5379,-6.5867,-6.8626,0.0163,0.0142,1.0487,0.0117,0.0135,0.8548,10.00,0.200,0.550,0.850,0.0843,0.0747,0.0029,0.00000,0.00073,0.00000,0.00000,0.00000,0.00000,0.00000,0.00000,0.00024,0.00195
1336000,0.5379,0.5379,-6.5867,-6.8626,0.0151,0.0338,1.0461,0.0086,0.0280,0.6557,10.00,0.200,0.550,0.850,0.0797,0.0842,0.0020,0.00000,0.00024,0.00000,0.00000,0.00000,0.00000,0.00000,0.00000,0.00122,0.00049
1336200,0.5379,0.5379,-6.4815,-6.9652,0.0207,0.0307,0.8037,0.0096,0.0146,0.7805,10.00,0.200,0.550,0.850,0.0647,0.0824,0.0039,0.00049,0.00049,0.00000,0.00000,0.00000,0.00000,0.00000,0.00000,0.00220,0.00073
1336400,0.5379,0.5379,-6.4815,-6.9652,0.0125,0.0197,0.8608,0.0130,0.0130,0.5829,10.00,0.200,0.550,0.850,0.0805,0.0821,0.0032,0.00049,0.00049,0.00000,0.00000,0.00000,0.00000,0.00000,0.00000,0.00122,0.00098
1336600,0.5379,0.5379,-6.6335,-6.9990,0.0181,0.0145,1.0740,0.0110,0.0253,0.7157,10.00,0.200,0.550,0.850,0.0877,0.0869,0.0020,0.00000,0.00024,0.00000,0.00000,0.00000,0.00000,0.00000,0.00000,0.00049,0.00122
1336800,0.5379,0.5379,-6.6335,-6.9990,0.0163,0.0140,1.0219,0.0110,0.0150,0.6128,10.00,0.200,0.550,0.850,0.0859,0.0837,0.0024,0.00000,0.00000,0.00000,0.00000,0.00000,0.00000,0.00000,0.00000,0.00098,0.00146
1337000,0.5379,0.5379,-6.6335,-6.9990,0.0173,0.0075,0.5278,0.0114,0.0083,0.2831,10.00,0.200,0.550,0.850,0.0254,0.0274,0.0000,0.00000,0.00000,0.00000,0.00000,0.00000,0.00000,0.00000,0.00000,0.00000,0.00000
1337200,0.5379,0.5379,-6.6220,-6.9793,0.0158,0.0274,0.9985,0.0170,0.0159,0.7490,10.00,0.200,0.550,0.850,0.0682,0.0614,0.0061,0.00098,0.00073,0.00000,0.00000,0.00000,0.00000,0.00000,0.00000,0.00122,0.00317
1337400,0.5379,0.5379,-6.6220,-6.9793,0.0178,0.0220,0.9790,0.0118,0.0210,0.7469,10.00,0.200,0.550,0.850,0.0836,0.0804,0.0024,0.00000,0.00024,0.00000,0.00000,0.00000,0.00000,0.00000,0.00000,0.00098,0.00122
1337600,0.5379,0.5379,-6.5326,-6.7936,0.0161,0.0161,1.0508,0.0099,0.0129,0.6330,10.00,0.200,0.550,0.850,0.0813,0.0796,0.0024,0.00000,0.00000,0.00000,0.00000,0.00000,0.00000,0.00000,0.00000,0.00098,0.00146
1337800,0.5379,0.5379,-6.5326,-6.7936,0.0144,0.0147,1.1755,0.0117,0.0288,0.5968,10.00,0.200,0.550,0.850,0.0768,0.0750,0.0046,0.00024,0.00024,0.00000,0.00000,0.00000,0.00000,0.00000,0.00024,0.00195,0.00195
1338000,0.5379,0.5379,-6.5326,-6.7936,0.0165,0.0161,0.9884,0.0087,0.0289,0.6993,10.00,0.200,0.550,0.850,0.0699,0.0787,0.0037,0.00024,0.00049,0.00000,0.00000,0.00000,0.00000,0.00000,0.00000,0.00171,0.00122
1338200,0.5379,0.5379,-6.6876,-6.8143,0.0115,0.0176,0.9993,0.0116,0.0116,0.7403,10.00,0.200,0.550,0.850,0.0766,0.0757,0.0039,0.00024,0.00049,0.00000,0.00000,0.00000,0.00000,0.00000,0.00000,0.00122,0.00195
1338400,0.5379,0.5379,-6.6876,-6.8143,0.0145,0.0171,0.8450,0.0116,0.0130,0.6829,10.00,0.200,0.550,0.850,0.0787,0.0783,0.0037,0.00024,0.00024,0.00000,0.00000,0.00000,0.00000,0.00000,0.00000,0.00122,0.00195
1338600,0.5379,0.5379,-6.6997,-6.8176,0.0133,0.0186,0.8501,0.0102,0.0148,0.7353,10.00,0.200,0.550,0.850,0.0748,0.0868,0.0029,0.00000,0.00024,0.00000,0.00000,0.00000,0.00000,0.00000,0.00000,0.00146,0.00122
1338800,0.5379,0.5379,-6.6997,-6.8176,0.0143,0.0080,0.5115,0.0121,0.0077,0.3373,10.00,0.200,0.550,0.850,0.0346,0.0369,0.0000,0.00000,0.00000,0.00000,0.00000,0.00000,0.00000,0.00000,0.00000,0.00000,0.00000
1339000,0.5379,0.5379,-6.6997,-6.8176,0.0166,0.0163,0.8919,0.0149,0.0147,0.6670,10.00,0.200,0.550,0.850,0.0784,0.0767,0.0029,0.00024,0.00024,0.00000,0.00000,0.00000,0.00000,0.00000,0.00000,0.00098,0.00146
1339200,0.5379,0.5379,-6.6403,-6.8135,0.0141,0.0250,0.8880,0.0119,0.0165,0.6798,10.00,0.200,0.550,0.850,0.0943,0.0791,0.0034,0.00000,0.00073,0.00000,0.00000,0.00000,0.00000,0.00000,0.00000,0.00073,0.00195
1339400,0.5379,0.5379,-6.6403,-6.8135,0.0188,0.0355,0.8438,0.0117,0.0416,0.7240,10.00,0.200,0.550,0.850,0.0853,0.0695,0.0037,0.00024,0.00024,0.00000,0.00000,0.00000,0.00000,0.00000,0.00000,0.00073,0.00244
1339600,0.5379,0.5379,-6.7332,-6.9280,0.0100,0.0260,0.7776,0.0115,0.0149,0.8099,10.00,0.200,0.550,0.850,0.0868,0.0642,0.0032,0.00024,0.00000,0.00000,0.00000,0.00000,0.00000,0.00000,0.00000,0.00073,0.00220
1339800,0.5379,0.5379,-6.7332,-6.9280,0.0156,0.0175,1.1556,0.0127,0.0161,0.6829,10.00,0.200,0.550,0.850,0.0750,0.0712,0.0034,0.00024,0.00049,0.00000,0.00000,0.00000,0.00000,0.00000,0.00000,0.00122,0.00146
1340000,0.5379,0.5379,-6.7332,-6.9280,0.0122,0.0126,0.8309,0.0100,0.0129,0.7988,10.00,0.200,0.550,0.850,0.0779,0.0687,0.0037,0.00024,0.00000,0.00000,0.00000,0.00000,0.00000,0.00000,0.00000,0.00146,0.00195
1340200,0.5379,0.5379,-6.5472,-6.8930,0.0125,0.0160,1.2571,0.0105,0.0125,0.7318,10.00,0.200,0.550,0.850,0.0642,0.0814,0.0049,0.00049,0.00024,0.00000,0.00000,0.00000,0.00000,0.00000,0.00000,0.00293,0.00122
1340400,0.5379,0.5379,-6.5472,-6.8930,0.0115,0.0183,0.9253,0.0132,0.0180,0.6965,10.00,0.200,0.550,0.850,0.0785,0.0635,0.0054,0.00000,0.00000,0.00000,0.00000,0.00000,0.00000,0.00000,0.00000,0.00220,0.00317
1340600,0.5379,0.5379,-6.6164,-6.8071,0.0169,0.0094,0.4562,0.0091,0.0129,0.3378,10.00,0.200,0.550,0.850,0.0437,0.0461,0.0000,0.00000,0.00000,0.00000,0.00000,0.00000,0.00000,0.00000,0.00000,0.00000,0.00000
1340800,0.5379,0.5379,-6.6164,-6.8071,0.0122,0.0152,1.1807,0.0098,0.0127,0.7848,10.00,0.200,0.550,0.850,0.0720,0.0733,0.0037,0.00024,0.00000,0.00000,0.00024,0.00000,0.00000,0.00000,0.00000,0.00195,0.00122
1341000,0.5379,0.5379,-6.6164,-6.8071,0.0123,0.0235,1.0523,0.0138,0.0178,0.8553,10.00,0.200,0.550,0.850,0.0905,0.0863,0.0034,0.00024,0.00024,0.00000,0.00000,0.00000,0.00000,0.00000,0.00000,0.00098,0.00195
1341200,0.5379,0.5379,-6.7059,-6.9540,0.0165,0.0139,1.1965,0.0106,0.0424,0.7246,10.00,0.200,0.550,0.850,0.0775,0.0806,0.0034,0.00024,0.00049,0.00000,0.00000,0.00000,0.00000,0.00000,0.00000,0.00146,0.00122
1341400,0.5379,0.5379,-6.7059,-6.9540,0.0140,0.0156,1.1050,0.0114,0.0155,0.7353,10.00,0.200,0.550,0.850,0.0831,0.0743,0.0032,0.00000,0.00000,0.00000,0.00000,0.00000,0.00000,0.00000,0.00000,0.00122,0.00195
1341600,0.5379,0.5379,-6.5862,-6.8085,0.0168,0.0313,1.2595,0.0164,0.0382,0.8830,10.00,0.200,0.550,0.850,0.0743,0.0612,0.0042,0.00000,0.00049,0.00000,0.00000,0.00000,0.00000,0.00000,0.00000,0.00146,0.00220
1341800,0.5379,0.5379,-6.5862,-6.8085,0.0101,0.0199,1.1942,0.0133,0.0134,0.9078,10.00,0.200,0.550,0.850,0.0783,0.0739,0.0032,0.00024,0.00000,0.00000,0.00000,0.00000,0.00000,0.00000,0.00000,0.00098,0.00195
1342000,0.5379,0.5379,-6.5862,-6.8085,0.0130,0.0114,1.2341,0.0134,0.0177,0.8380,10.00,0.200,0.550,0.850,0.0844,0.0835,0.0022,0.00000,0.00000,0.00000,0.00000,0.00000,0.00000,0.00000,0.00000,0.00098,0.00122
1342200,0.5379,0.5379,-6.3998,-6.8859,0.0138,0.0160,1.1945,0.0139,0.0111,0.6556,10.00,0.200,0.550,0.850,0.0846,0.0869,0.0022,0.00000,0.00049,0.00000,0.00000,0.00000,0.00000,0.00000,0.00000,0.00073,0.00098
1342400,0.5379,0.5379,-6.3998,-6.8859,0.0167,0.0090,0.3596,0.0105,0.0076,0.5693,10.00,0.200,0.550,0.850,0.0529,0.0557,0.0000,0.00000,0.00000,0.00000,0.00000,0.00000,0.00000,0.00000,0.00000,0.00000,0.00000
1342600,0.5379,0.5379,-6.6089,-6.9078,0.0189,0.0153,1.0290,0.0120,0.0294,0.7464,10.00,0.200,0.550,0.850,0.0670,0.0616,0.0054,0.00000,0.00073,0.00000,0.00000,0.00000,0.00000,0.00000,0.00000,0.00244,0.00220
1342800,0.5379,0.5379,-6.6089,-6.9078,0.0125,0.0104,1.5052,0.0078,0.0107,0.8185,10.00,0.200,0.550,0.850,0.0841,0.0882,0.0027,0.00024,0.00073,0.00000,0.00000,0.00000,0.00000,0.00000,0.00000,0.00098,0.00073
1343000,0.5379,0.5379,-6.6089,-6.9078,0.0175,0.0146,1.0184,0.0120,0.0274,0.9153,10.00,0.200,0.550,0.850,0.0785,0.0737,0.0037,0.00000,0.00000,0.00000,0.00000,0.00000,0.00000,0.00024,0.00000,0.00122,0.00220
1343200,0.5379,0.5379,-6.5753,-6.9677,0.0107,0.0172,1.3265,0.0094,0.0145,0.7528,10.00,0.200,0.550,0.850,0.0687,0.0675,0.0046,0.00073,0.00000,0.00000,0.00000,0.00000,0.00000,0.00000,0.00000,0.00220,0.00171
1343400,0.5379,0.5379,-6.5753,-6.9677,0.0137,0.0112,1.2560,0.0113,0.0107,0.7937,10.00,0.200,0.550,0.850,0.0764,0.0712,0.0032,0.00000,0.00000,0.00000,0.00000,0.00000,0.00000,0.00000,0.00000,0.00146,0.00171
1343600,0.5379,0.5379,-6.7248,-6.9450,0.0152,0.0088,1.1075,0.0096,0.0093,0.8624,10.00,0.200,0.550,0.850,0.0783,0.0715,0.0039,0.00073,0.00049,0.00000,0.00000,0.00000,0.00000,0.00000,0.00000,0.00073,0.00195
1343800,0.5379,0.5379,-6.7248,-6.9450,0.0135,0.0157,1.2567,0.0144,0.0226,0.7422,10.00,0.200,0.550,0.850,0.0883,0.0851,0.0022,0.00000,0.00024,0.00000,0.00000,0.00000,0.00000,0.00000,0.00024,0.00049,0.00122
1344000,0.5379,0.5379,-6.7248,-6.9450,0.0129,0.0116,1.1048,0.0158,0.0214,0.8113,10.00,0.200,0.550,0.850,0.0752,0.0812,0.0034,0.00098,0.00024,0.00000,0.00000,0.00000,0.00000,0.00000,0.00000,0.00073,0.00146
1344200,0.5379,0.5379,-6.6860,-6.8889,0.0186,0.0039,0.4613,0.0123,0.0317,0.4067,10.00,0.200,0.550,0.850,0.0616,0.0644,0.0000,0.00000,0.00000,0.00000,0.00000,0.00000,0.00000,0.00000,0.00000,0.00000,0.00000
1344400,0.5379,0.5379,-6.6860,-6.8889,0.0139,0.0155,1.5256,0.0106,0.0071,0.7633,10.00,0.200,0.550,0.850,0.0639,0.0462,0.0073,0.00000,0.00073,0.00000,0.00000,0.00000,0.00000,0.00000,0.00000,0.00293,0.00366
1344600,0.5379,0.5379,-6.5867,-6.9476,0.0166,0.0197,1.2770,0.0108,0.0115,0.6230,10.00,0.200,0.550,0.850,0.0806,0.0823,0.0042,0.00024,0.00024,0.00000,0.00000,0.00000,0.00000,0.00000,0.00000,0.00195,0.00171
1344800,0.5379,0.5379,-6.5867,-6.9476,0.0158,0.0205,0.9924,0.0142,0.0129,0.8374,10.00,0.200,0.550,0.850,0.0813,0.0569,0.0046,0.00024,0.00098,0.00000,0.00000,0.00000,0.00000,0.00000,0.00000,0.00122,0.00220
1345000,0.5379,0.5379,-6.5867,-6.9476,0.0101,0.0182,1.0275,0.0105,0.0192,0.8793,10.00,0.200,0.550,0.850,0.0770,0.0755,0.0042,0.00000,0.00049,0.00000,0.00000,0.00000,0.00000,0.00000,0.00000,0.00171,0.00195
1345200,0.5379,0.5379,-6.6080,-6.7330,0.0130,0.0199,1.0900,0.0152,0.0103,0.7171,10.00,0.200,0.550,0.850,0.0791,0.0597,0.0029,0.00000,0.00049,0.00000,0.00000,0.00000,0.00000,0.00000,0.00000,0.00073,0.00171
1345400,0.5379,0.5379,-6.6080,-6.7330,0.0144,0.0134,1.2535,0.0141,0.0191,0.7934,10.00,0.200,0.550,0.850,0.0819,0.0605,0.0049,0.00024,0.00024,0.00000,0.00000,0.00000,0.00000,0.00000,0.00000,0.00098,0.00342
1345600,0.5379,0.5379,-6.4787,-6.9885,0.0153,0.0141,1.2908,0.0098,0.0124,0.9583,10.00,0.200,0.550,0.850,0.0777,0.0805,0.0037,0.00000,0.00024,0.00000,0.00000,0.00000,0.00000,0.00000,0.00000,0.00171,0.00171
1345800,0.5379,0.5379,-6.4787,-6.9885,0.0143,0.0192,1.2817,0.0106,0.0374,0.8221,10.00,0.200,0.550,0.850,0.0718,0.0687,0.0049,0.00024,0.00171,0.00000,0.00000,0.00000,0.00000,0.00000,0.00000,0.00171,0.00122
1346000,0.5379,0.5379,-6.4787,-6.9885,0.0156,0.0161,0.4487,0.0098,0.0112,0.4304,10.00,0.200,0.550,0.850,0.0697,0.0728,0.0000,0.00000,0.00000,0.00000,0.00000,0.00000,0.00000,0.00000,0.00000,0.00000,0.00000
1346200,0.5379,0.5379,-6.7619,-6.9980,0.0125,0.0104,1.2086,0.0113,0.0136,0.9545,10.00,0.200,0.550,0.850,0.0709,0.0878,0.0029,0.00024,0.00000,0.00000,0.00000,0.00000,0.00000,0.00000,0.00000,0.00195,0.00098
1346400,0.5379,0.5379,-6.7619,-6.9980,0.0109,0.0185,1.1632,0.0090,0.0163,0.9307,10.00,0.200,0.550,0.850,0.0873,0.0691,0.0034,0.00000,0.00098,0.00000,0.00000,0.00000,0.00000,0.00000,0.00000,0.00122,0.00122
1346600,0.5379,0.5379,-6.5295,-6.9022,0.0185,0.0312,1.3113,0.0152,0.0193,0.8887,10.00,0.200,0.550,0.850,0.0745,0.0773,0.0037,0.00024,0.00024,0.00000,0.00000,0.00000,0.00000,0.00000,0.00000,0.00146,0.00171
1346800,0.5379,0.5379,-6.5295,-6.9022,0.0124,0.0284,1.1931,0.0109,0.0336,0.8015,10.00,0.200,0.550,0.850,0.0797,0.0775,0.0037,0.00000,0.00049,0.00000,0.00000,0.00000,0.00000,0.00000,0.00000,0.00171,0.00146
1347000,0.5379,0.5379,-6.5295,-6.9022,0.0143,0.0163,1.1090,0.0133,0.0123,0.8963,10.00,0.200,0.550,0.850,0.0665,0.0615,0.0046,0.00049,0.00024,0.00000,0.00000,0.00000,0.00000,0.00024,0.00000,0.00171,0.00195
1347200,0.5379,0.5379,-6.5939,-6.9608,0.0139,0.0296,1.1358,0.0104,0.0125,0.7752,10.00,0.200,0.550,0.850,0.0769,0.0750,0.0039,0.00098,0.00122,0.00000,0.00000,0.00000,0.00000,0.00000,0.00000,0.00073,0.00098
1347400,0.5379,0.5379,-6.5939,-6.9608,0.0222,0.0229,1.0897,0.0116,0.0157,0.8205,10.00,0.200,0.550,0.850,0.0716,0.0793,0.0034,0.00049,0.00024,0.00000,0.00000,0.00000,0.00000,0.00000,0.00000,0.00146,0.00122
1347600,0.5379,0.5379,-6.7105,-6.8162,0.0117,0.0202,1.6692,0.0098,0.0159,0.6819,10.00,0.200,0.550,0.850,0.0775,0.0853,0.0029,0.00000,0.00024,0.00000,0.00000,0.00000,0.00000,0.00000,0.00000,0.00146,0.00122
1347800,0.5379,0.5379,-6.7105,-6.8162,0.0185,0.0105,0.5819,0.0131,0.0181,0.4677,10.00,0.200,0.550,0.850,0.0775,0.0776,0.0002,0.00000,0.00024,0.00000,0.00000,0.00000,0.00000,0.00000,0.00000,0.00000,0.00000
1348000,0.5379,0.5379,-6.7105,-6.8162,0.0145,0.0147,1.2402,0.0116,0.0313,0.8166,10.00,0.200,0.550,0.850,0.0738,0.0653,0.0037,0.00000,0.00024,0.00000,0.00000,0.00000,0.00000,0.00000,0.00000,0.00171,0.00171
1348200,0.5379,0.5379,-6.5355,-6.7602,0.0124,0.0117,1.1250,0.0135,0.0264,0.6596,10.00,0.200,0.550,0.850,0.0858,0.0758,0.0046,0.00049,0.00073,0.00000,0.00000,0.00000,0.00000,0.00000,0.00000,0.00146,0.00195
1348400,0.5379,0.5379,-6.5355,-6.7602,0.0134,0.0148,1.1490,0.0146,0.0133,0.7678,10.00,0.200,0.550,0.850,0.0828,0.0803,0.0022,0.00000,0.00024,0.00000,0.00000,0.00000,0.00000,0.00000,0.00000,0.00073,0.00122
1348600,0.5379,0.5379,-6.6440,-6.9149,0.0116,0.0225,0.9619,0.0087,0.0263,0.7611,10.00,0.200,0.550,0.850,0.0725,0.0800,0.0037,0.00000,0.00024,0.00000,0.00000,0.00000,0.00000,0.00000,0.00000,0.00195,0.00146
1348800,0.5379,0.5379,-6.6440,-6.9149,0.0144,0.0161,1.2287,0.0160,0.0351,0.6721,10.00,0.200,0.550,0.850,0.0704,0.0704,0.0024,0.00024,0.00024,0.00000,0.00000,0.00000,0.00000,0.00000,0.00000,0.00073,0.00122
1349000,0.5379,0.5379,-6.6440,-6.9149,0.0188,0.0292,0.9919,0.0123,0.0189,0.6910,10.00,0.200,0.550,0.850,0.0823,0.0814,0.0029,0.00000,0.00024,0.00000,0.00000,0.00000,0.00000,0.00000,0.00000,0.00122,0.00146
1349200,0.5379,0.5379,-6.6612,-6.8745,0.0130,0.0257,0.7475,0.0144,0.0127,0.5441,10.00,0.200,0.550,0.850,0.0837,0.0612,0.0042,0.00000,0.00024,0.00000,0.00000,0.00000,0.00000,0.00000,0.00000,0.00098,0.00293
1349400,0.5379,0.5379,-6.6612,-6.8745,0.0131,0.0195,1.3501,0.0099,0.0201,0.9281,10.00,0.200,0.550,0.850,0.0861,0.0737,0.0034,0.00049,0.00073,0.00000,0.00000,0.00000,0.00000,0.00000,0.00000,0.00049,0.00171
1349600,0.5379,0.5379,-6.5495,-7.0142,0.0139,0.0217,0.5573,0.0093,0.0179,0.4126,10.00,0.200,0.550,0.850,0.0842,0.0870,0.0000,0.00000,0.00000,0.00000,0.00000,0.00000,0.00000,0.00000,0.00000,0.00000,0.00000
1349800,0.5379,0.5379,-6.5495,-7.0142,0.0135,0.0133,1.0316,0.0148,0.0166,0.6249,10.00,0.200,0.550,0.850,0.0765,0.0658,0.0049,0.00000,0.00024,0.00000,0.00000,0.00000,0.00000,0.00000,0.00000,0.00195,0.00269
1350000,0.5379,0.5379,-6.5495,-7.0142,0.0191,0.0277,0.9300,0.0129,0.0387,0.7476,10.00,0.200,0.550,0.850,0.0881,0.0680,0.0037,0.00024,0.00073,0.00000,0.00000,0.00000,0.00000,0.00000,0.00000,0.00073,0.00195
1350200,0.5379,0.5379,-6.5485,-6.9021,0.0197,0.0224,0.9828,0.0116,0.0116,0.8183,10.00,0.200,0.550,0.850,0.0686,0.0645,0.0054,0.00024,0.00073,0.00000,0.00000,0.00000,0.00000,0.00000,0.00000,0.00195,0.00244
1350400,0.5379,0.5379,-6.5485,-6.9021,0.0148,0.0238,0.9365,0.0120,0.0169,0.7347,10.00,0.200,0.550,0.850,0.0767,0.0592,0.0037,0.00000,0.00049,0.00000,0.00000,0.00000,0.00000,0.00000,0.00000,0.00171,0.00146
1350600,0.5379,0.5379,-6.4846,-6.9355,0.0158,0.0235,0.9192,0.0108,0.0150,0.8122,10.00,0.200,0.550,0.850,0.0723,0.0734,0.0027,0.00049,0.00024,0.00000,0.00000,0.00000,0.00000,0.00000,0.00000,0.00098,0.00098
1350800,0.5379,0.5379,-6.4846,-6.9355,0.0162,0.0179,1.0353,0.0083,0.0155,0.7476,10.00,0.200,0.550,0.850,0.0771,0.0719,0.0032,0.00024,0.00049,0.00000,0.00000,0.00000,0.00000,0.00000,0.00000,0.00122,0.00122
1351000,0.5379,0.5379,-6.4846,-6.9355,0.0150,0.0128,1.0546,0.0126,0.0088,0.7455,10.00,0.200,0.550,0.850,0.0746,0.0673,0.0042,0.00000,0.00098,0.00000,0.00000,0.00000,0.00000,0.00000,0.00000,0.00146,0.00171
1351200,0.5379,0.5379,-6.4168,-6.9288,0.0162,0.0283,1.1322,0.0143,0.0161,0.6934,10.00,0.200,0.550,0.850,0.0715,0.0708,0.0044,0.00073,0.00049,0.00000,0.00000,0.00000,0.00000,0.00000,0.00000,0.00171,0.00146
1351400,0.5379,0.5379,-6.4168,-6.9288,0.0178,0.0145,0.6531,0.0103,0.0175,0.5835,10.00,0.200,0.550,0.850,0.0903,0.0922,0.0000,0.00000,0.00000,0.00000,0.00000,0.00000,0.00000,0.00000,0.00000,0.00000,0.00000
1351600,0.5379,0.5379,-6.4397,-6.9670,0.0147,0.0189,1.0634,0.0124,0.0147,0.7781,10.00,0.200,0.550,0.850,0.0592,0.0572,0.0071,0.00049,0.00024,0.00000,0.00000,0.00000,0.00000,0.00000,0.00000,0.00317,0.00317
1351800,0.5379,0.5379,-6.4397,-6.9670,0.0171,0.0225,1.0149,0.0104,0.0308,0.7455,10.00,0.200,0.550,0.850,0.0895,0.0649,0.0044,0.00000,0.00049,0.00000,0.00000,0.00000,0.00000,0.00000,0.00000,0.00122,0.00269
1352000,0.5379,0.5379,-6.4397,-6.9670,0.0126,0.0150,1.2938,0.0114,0.0155,0.5895,10.00,0.200,0.550,0.850,0.0732,0.0800,0.0032,0.00098,0.00024,0.00000,0.00000,0.00000,0.00000,0.00000,0.00000,0.00098,0.00098
1352200,0.5379,0.5379,-6.7752,-6.8906,0.0125,0.0144,1.1068,0.0116,0.0192,0.5645,10.00,0.200,0.550,0.850,0.0835,0.0681,0.0032,0.00000,0.00000,0.00000,0.00000,0.00000,0.00000,0.00000,0.00000,0.00122,0.00195
1352400,0.5379,0.5379,-6.7752,-6.8906,0.0164,0.0208,0.8599,0.0119,0.0114,0.6805,10.00,0.200,0.550,0.850,0.0640,0.0597,0.0051,0.00049,0.00098,0.00000,0.00000,0.00000,0.00000,0.00000,0.00000,0.00195,0.00171
1352600,0.5379,0.5379,-6.6095,-6.9300,0.0176,0.0115,1.1293,0.0106,0.0104,0.7855,10.00,0.200,0.550,0.850,0.0783,0.0764,0.0042,0.00000,0.00049,0.00000,0.00000,0.00000,0.00000,0.00000,0.00000,0.00122,0.00244
1352800,0.5379,0.5379,-6.6095,-6.9300,0.0125,0.0165,1.1591,0.0116,0.0276,0.7251,10.00,0.200,0.550,0.850,0.0801,0.0721,0.0042,0.00024,0.00073,0.00000,0.00000,0.00000,0.00000,0.00000,0.00000,0.00098,0.00220
1353000,0.5379,0.5379,-6.6095,-6.9300,0.0131,0.0201,1.2014,0.0123,0.0144,0.6109,10.00,0.200,0.550,0.850,0.0692,0.0733,0.0046,0.00000,0.00000,0.00000,0.00000,0.00000,0.00000,0.00000,0.00000,0.00269,0.00195
1353200,0.5379,0.5379,-6.3780,-6.8867,0.0173,0.0136,0.8743,0.0110,0.0153,0.5614,10.00,0.200,0.550,0.850,0.0911,0.0946,0.0005,0.00024,0.00024,0.00000,0.00000,0.00000,0.00000,0.00000,0.00000,0.00000,0.00000
1353400,0.5379,0.5379,-6.3780,-6.8867,0.0161,0.0172,1.1704,0.0115,0.0179,0.6238,10.00,0.200,0.550,0.850,0.0703,0.0826,0.0042,0.00049,0.00024,0.00000,0.00000,0.00000,0.00000,0.00000,0.00000,0.00244,0.00098
1353600,0.5379,0.5379,-6.5882,-7.0029,0.0134,0.0251,1.3708,0.0133,0.0113,0.7001,10.00,0.200,0.550,0.850,0.0849,0.0927,0.0022,0.00000,0.00024,0.00000,0.00000,0.00000,0.00000,0.00000,0.00000,0.00146,0.00049
1353800,0.5379,0.5379,-6.5882,-7.0029,0.0144,0.0190,0.8219,0.0106,0.0146,0.6607,10.00,0.200,0.550,0.850,0.0760,0.0703,0.0037,0.00024,0.00000,0.00000,0.00000,0.00000,0.00000,0.00000,0.00000,0.00122,0.00220
1354000,0.5379,0.5379,-6.5882,-7.0029,0.0175,0.0197,1.0679,0.0077,0.0119,0.6777,10.00,0.200,0.550,0.850,0.0802,0.0854,0.0027,0.00000,0.00049,0.00000,0.00000,0.00000,0.00000,0.00000,0.00000,0.00122,0.00098
1354200,0.5379,0.5379,-6.6280,-6.8822,0.0143,0.0172,1.1567,0.0119,0.0105,0.8327,10.00,0.200,0.550,0.850,0.0717,0.0632,0.0042,0.00049,0.00073,0.00000,0.00000,0.00000,0.00000,0.00000,0.00000,0.00146,0.00146
1354400,0.5379,0.5379,-6.6280,-6.8822,0.0166,0.0186,0.9275,0.0126,0.0208,0.6183,10.00,0.200,0.550,0.850,0.0751,0.0740,0.0046,0.00049,0.00073,0.00000,0.00000,0.00000,0.00000,0.00000,0.00000,0.00171,0.00171
1354600,0.5379,0.5379,-6.5364,-7.0321,0.0118,0.0223,1.1965,0.0127,0.0125,0.7804,10.00,0.200,0.550,0.850,0.0753,0.0743,0.0037,0.00000,0.00024,0.00000,0.00000,0.00000,0.00000,0.00000,0.00000,0.00171,0.00171
1354800,0.5379,0.5379,-6.5364,-7.0321,0.0136,0.0146,1.2784,0.0149,0.0264,0.5990,10.00,0.200,0.550,0.850,0.0756,0.0712,0.0051,0.00049,0.00049,0.00000,0.00000,0.00000,0.00000,0.00000,0.00000,0.00195,0.00220
1355000,0.5379,0.5379,-6.5364,-7.0321,0.0144,0.0224,0.7574,0.0089,0.0169,0.6749,10.00,0.200,0.550,0.850,0.0965,0.0996,0.0002,0.00024,0.00000,0.00000,0.00000,0.00000,0.00000,0.00000,0.00000,0.00000,0.00000
1355200,0.5379,0.5379,-6.5570,-7.0639,0.0118,0.0164,1.0465,0.0107,0.0110,0.7132,10.00,0.200,0.550,0.850,0.0712,0.0748,0.0039,0.00024,0.00073,0.00000,0.00000,0.00000,0.00000,0.00000,0.00000,0.00171,0.00122
1355400,0.5379,0.5379,-6.5570,-7.0639,0.0202,0.0277,0.8430,0.0111,0.0159,0.7904,10.00,0.200,0.550,0.850,0.0909,0.0894,0.0020,0.00024,0.00024,0.00000,0.00000,0.00000,0.00000,0.00000,0.00000,0.00049,0.00098
1355600,0.5379,0.5379,-6.5444,-6.9086,0.0162,0.0143,0.9404,0.0116,0.0150,0.6159,10.00,0.200,0.550,0.850,0.0702,0.0842,0.0042,0.00073,0.00073,0.00000,0.00000,0.00000,0.00000,0.00000,0.00024,0.00195,0.00049
1355800,0.5379,0.5379,-6.5444,-6.9086,0.0183,0.0324,0.8667,0.0109,0.0127,0.6969,10.00,0.200,0.550,0.850,0.0773,0.0747,0.0046,0.00024,0.00098,0.00000,0.00000,0.00000,0.00000,0.00000,0.00000,0.00195,0.00146
1356000,0.5379,0.5379,-6.5444,-6.9086,0.0152,0.0149,1.0666,0.0111,0.0116,0.6042,10.00,0.200,0.550,0.850,0.0809,0.0714,0.0034,0.00000,0.00098,0.00000,0.00000,0.00000,0.00000,0.00000,0.00000,0.00098,0.00146
1356200,0.5379,0.5379,-6.4723,-6.9208,0.0148,0.0180,1.0551,0.0152,0.0329,0.5822,10.00,0.200,0.550,0.850,0.0799,0.0837,0.0032,0.00000,0.00049,0.00000,0.00000,0.00000,0.00000,0.00000,0.00000,0.00171,0.00098
1356400,0.5379,0.5379,-6.4723,-6.9208,0.0161,0.0176,1.0503,0.0120,0.0110,0.6591,10.00,0.200,0.550,0.850,0.0785,0.0800,0.0037,0.00000,0.00073,0.00000,0.00000,0.00000,0.00000,0.00000,0.00000,0.00171,0.00122
1356600,0.5379,0.5379,-6.5459,-6.8519,0.0135,0.0164,1.0978,0.0105,0.0167,0.5824,10.00,0.200,0.550,0.850,0.0851,0.0610,0.0059,0.00049,0.00049,0.00000,0.00000,0.00000,0.00000,0.00000,0.00000,0.00098,0.00391
1356800,0.5379,0.5379,-6.5459,-6.8519,0.0097,0.0080,1.2332,0.0115,0.0207,0.7425,10.00,0.200,0.550,0.850,0.0976,0.1002,0.0005,0.00024,0.00000,0.00000,0.00000,0.00000,0.00000,0.00000,0.00000,0.00000,0.00024
1357000,0.5379,0.5379,-6.5459,-6.8519,0.0163,0.0160,1.3449,0.0118,0.0075,0.7585,10.00,0.200,0.550,0.850,0.0638,0.0692,0.0046,0.00000,0.00024,0.00000,0.00000,0.00000,0.00000,0.00000,0.00000,0.00220,0.00220
1357200,0.5379,0.5379,-6.5675,-7.0183,0.0106,0.0139,1.2140,0.0089,0.0143,0.7878,10.00,0.200,0.550,0.850,0.0822,0.0768,0.0032,0.00000,0.00000,0.00000,0.00000,0.00000,0.00000,0.00000,0.00000,0.00098,0.00220
1357400,0.5379,0.5379,-6.5675,-7.0183,0.0174,0.0198,1.0690,0.0112,0.0130,0.6785,10.00,0.200,0.550,0.850,0.0749,0.0719,0.0034,0.00024,0.00049,0.00000,0.00000,0.00000,0.00000,0.00000,0.00000,0.00146,0.00122
1357600,0.5379,0.5379,-6.4800,-6.8923,0.0147,0.0237,1.1544,0.0133,0.0098,0.7213,10.00,0.200,0.550,0.850,0.0831,0.0757,0.0032,0.00000,0.00024,0.00000,0.00000,0.00000,0.00000,0.00000,0.00000,0.00098,0.00195
1357800,0.5379,0.5379,-6.4800,-6.8923,0.0135,0.0188,1.0218,0.0126,0.0181,0.7360,10.00,0.200,0.550,0.850,0.0711,0.0662,0.0039,0.00024,0.00000,0.00000,0.00000,0.00000,0.00000,0.00000,0.00000,0.00098,0.00269
1358000,0.5379,0.5379,-6.4800,-6.8923,0.0168,0.0228,1.1952,0.0138,0.0365,0.6541,10.00,0.200,0.550,0.850,0.0695,0.0736,0.0059,0.00024,0.00049,0.00000,0.00000,0.00000,0.00000,0.00000,0.00024,0.00317,0.00195
1358200,0.5379,0.5379,-6.4983,-6.9062,0.0108,0.0171,1.1554,0.0108,0.0237,0.6285,10.00,0.200,0.550,0.850,0.0789,0.0709,0.0042,0.00000,0.00073,0.00000,0.00000,0.00000,0.00000,0.00000,0.00000,0.00122,0.00220
1358400,0.5379,0.5379,-6.4983,-6.9062,0.0160,0.0150,1.4765,0.0134,0.0238,0.7994,10.00,0.200,0.550,0.850,0.0810,0.0797,0.0032,0.00024,0.00024,0.00000,0.00000,0.00000,0.00000,0.00000,0.00000,0.00122,0.00146
1358600,0.5379,0.5379,-6.5978,-6.9641,0.0160,0.0141,0.9171,0.0142,0.0344,0.6582,10.00,0.200,0.550,0.850,0.0955,0.1037,0.0002,0.00000,0.00024,0.00000,0.00000,0.00000,0.00000,0.00000,0.00000,0.00000,0.00000
1358800,0.5379,0.5379,-6.5978,-6.9641,0.0150,0.0130,1.5590,0.0121,0.0122,0.5464,10.00,0.200,0.550,0.850,0.0656,0.0665,0.0046,0.00049,0.00000,0.00000,0.00000,0.00000,0.00000,0.00000,0.00000,0.00171,0.00244
1359000,0.5379,0.5379,-6.5978,-6.9641,0.0173,0.0108,1.2337,0.0124,0.0104,0.6875,10.00,0.200,0.550,0.850,0.0944,0.0896,0.0022,0.00000,0.00000,0.00000,0.00000,0.00000,0.00000,0.00000,0.00000,0.00073,0.00146
1359200,0.5379,0.5379,-6.6158,-7.0097,0.0150,0.0210,1.2087,0.0118,0.0135,0.7384,10.00,0.200,0.550,0.850,0.0675,0.0821,0.0034,0.00024,0.00073,0.00000,0.00000,0.00000,0.00000,0.00000,0.00000,0.00146,0.00098
1359400,0.5379,0.5379,-6.6158,-7.0097,0.0136,0.0340,1.1105,0.0128,0.0066,0.8772,10.00,0.200,0.550,0.850,0.0781,0.0744,0.0042,0.00000,0.00049,0.00000,0.00000,0.00000,0.00000,0.00000,0.00000,0.00171,0.00195
1359600,0.5379,0.5379,-6.6489,-7.0405,0.0161,0.0215,1.0789,0.0118,0.0169,0.7685,10.00,0.200,0.550,0.850,0.0720,0.0741,0.0029,0.00024,0.00049,0.00000,0.00000,0.00000,0.00000,0.00000,0.00000,0.00122,0.00098
1359800,0.5379,0.5379,-6.6489,-7.0405,0.0092,0.0177,0.9852,0.0103,0.0302,0.8230,10.00,0.200,0.550,0.850,0.0783,0.0766,0.0037,0.00024,0.00000,0.00000,0.00000,0.00000,0.00000,0.00000,0.00000,0.00122,0.00220
1360000,0.5379,0.5379,-6.6489,-7.0405,0.0183,0.0171,1.0477,0.0121,0.0135,0.7690,10.00,0.200,0.550,0.850,0.0755,0.0714,0.0037,0.00000,0.00073,0.00000,0.00000,0.00000,0.00000,0.00000,0.00000,0.00146,0.00146
1360200,0.5379,0.5379,-6.5964,-7.0659,0.0125,0.0135,0.9635,0.0117,0.0164,0.7717,10.00,0.200,0.550,0.850,0.0729,0.0864,0.0032,0.00049,0.00000,0.00000,0.00000,0.00000,0.00000,0.00000,0.00000,0.00171,0.00098
1360400,0.5379,0.5379,-6.5964,-7.0659,0.0130,0.0132,1.0544,0.0101,0.0272,0.7911,10.00,0.200,0.550,0.850,0.0980,0.0966,0.0015,0.00000,0.00098,0.00000,0.00000,0.00000,0.00000,0.00000,0.00000,0.00000,0.00049
1360600,0.5379,0.5379,-6.4868,-6.8943,0.0179,0.0421,1.1037,0.0156,0.0126,0.6523,10.00,0.200,0.550,0.850,0.0841,0.0598,0.0034,0.00024,0.00000,0.00000,0.00000,0.00000,0.00000,0.00000,0.00000,0.00000,0.00317
1360800,0.5379,0.5379,-6.4868,-6.8943,0.0106,0.0119,1.1706,0.0097,0.0235,0.6777,10.00,0.200,0.550,0.850,0.0864,0.0805,0.0034,0.00000,0.00049,0.00000,0.00000,0.00000,0.00000,0.00000,0.00000,0.00098,0.00195
1361000,0.5379,0.5379,-6.4868,-6.8943,0.0138,0.0215,0.9845,0.0077,0.0105,0.8530,10.00,0.200,0.550,0.850,0.0731,0.0918,0.0017,0.00073,0.00024,0.00000,0.00000,0.00000,0.00000,0.00000,0.00000,0.00073,0.00000
1361200,0.5379,0.5379,-6.6126,-6.9429,0.0126,0.0128,0.9351,0.0164,0.0084,0.8003,10.00,0.200,0.550,0.850,0.0714,0.0876,0.0034,0.00098,0.00024,0.00000,0.00000,0.00000,0.00000,0.00000,0.00000,0.00098,0.00122
1361400,0.5379,0.5379,-6.6126,-6.9429,0.0115,0.0142,1.1893,0.0121,0.0099,0.6992,10.00,0.200,0.550,0.850,0.0715,0.0609,0.0044,0.00073,0.00024,0.00000,0.00000,0.00000,0.00000,0.00000,0.00000,0.00122,0.00220
1361600,0.5379,0.5379,-6.6359,-7.0138,0.0128,0.0161,0.9629,0.0098,0.0149,0.9754,10.00,0.200,0.550,0.850,0.0777,0.0854,0.0037,0.00073,0.00024,0.00000,0.00000,0.00000,0.00000,0.00000,0.00000,0.00146,0.00122
1361800,0.5379,0.5379,-6.6359,-7.0138,0.0159,0.0151,1.0398,0.0149,0.0081,0.7053,10.00,0.200,0.550,0.850,0.0799,0.0845,0.0032,0.00049,0.00024,0.00000,0.00000,0.00000,0.00000,0.00000,0.00000,0.00098,0.00146
1362000,0.5379,0.5379,-6.6359,-7.0138,0.0145,0.0179,0.9560,0.0132,0.0168,0.7514,10.00,0.200,0.550,0.850,0.0873,0.0853,0.0027,0.00000,0.00000,0.00000,0.00000,0.00000,0.00000,0.00000,0.00000,0.00073,0.00195
1362200,0.5379,0.5379,-6.6165,-6.9737,0.0154,0.0162,1.1974,0.0085,0.0210,0.9159,10.00,0.200,0.550,0.850,0.0987,0.1055,0.0002,0.00000,0.00024,0.00000,0.00000,0.00000,0.00000,0.00000,0.00000,0.00000,0.00000
1362400,0.5379,0.5379,-6.6165,-6.9737,0.0119,0.0185,1.3520,0.0106,0.0227,0.8053,10.00,0.200,0.550,0.850,0.0807,0.0722,0.0027,0.00000,0.00024,0.00000,0.00000,0.00000,0.00000,0.00000,0.00000,0.00073,0.00171
1362600,0.5379,0.5379,-6.5658,-6.9615,0.0152,0.0147,1.0892,0.0118,0.0060,0.8072,10.00,0.200,0.550,0.850,0.0778,0.0865,0.0034,0.00000,0.00049,0.00000,0.00000,0.00000,0.00000,0.00000,0.00000,0.00195,0.00098
1362800,0.5379,0.5379,-6.5658,-6.9615,0.0173,0.0111,1.0437,0.0114,0.0116,0.6949,10.00,0.200,0.550,0.850,0.0635,0.0642,0.0054,0.00000,0.00024,0.00000,0.00000,0.00000,0.00000,0.00000,0.00000,0.00220,0.00293
1363000,0.5379,0.5379,-6.5658,-6.9615,0.0148,0.0140,0.9578,0.0106,0.0161,0.7657,10.00,0.200,0.550,0.850,0.0745,0.0721,0.0034,0.00000,0.00073,0.00000,0.00000,0.00000,0.00000,0.00000,0.00000,0.00122,0.00146
1363200,0.5379,0.5379,-6.7207,-7.0215,0.0144,0.0142,1.1257,0.0092,0.0330,0.6695,10.00,0.200,0.550,0.850,0.0560,0.0568,0.0066,0.00024,0.00073,0.00000,0.00000,0.00000,0.00000,0.00000,0.00000,0.00293,0.00269
1363400,0.5379,0.5379,-6.7207,-7.0215,0.0180,0.0165,1.1942,0.0111,0.0111,0.8481,10.00,0.200,0.550,0.850,0.0796,0.0756,0.0042,0.00049,0.00024,0.00000,0.00000,0.00000,0.00000,0.00000,0.00000,0.00122,0.00220
1363600,0.5379,0.5379,-6.5179,-6.8873,0.0150,0.0151,1.1188,0.0084,0.0296,0.8376,10.00,0.200,0.550,0.850,0.0848,0.0737,0.0027,0.00000,0.00073,0.00000,0.00000,0.00000,0.00000,0.00000,0.00000,0.00098,0.00098
1363800,0.5379,0.5379,-6.5179,-6.8873,0.0148,0.0279,1.2300,0.0109,0.0134,0.8347,10.00,0.200,0.550,0.850,0.0869,0.0535,0.0044,0.00049,0.00098,0.00000,0.00000,0.00000,0.00000,0.00000,0.00000,0.00024,0.00269
1364000,0.5379,0.5379,-6.5179,-6.8873,0.0144,0.0122,1.1839,0.0106,0.0247,0.8721,10.00,0.200,0.550,0.850,0.0941,0.1003,0.0010,0.00049,0.00000,0.00000,0.00000,0.00000,0.00000,0.00000,0.00000,0.00000,0.00049
1364200,0.5379,0.5379,-6.6605,-6.8800,0.0220,0.0332,1.1526,0.0158,0.0125,0.9160,10.00,0.200,0.550,0.850,0.0684,0.0611,0.0059,0.00049,0.00073,0.00000,0.00000,0.00000,0.00000,0.00000,0.00000,0.00220,0.00244
1364400,0.5379,0.5379,-6.6605,-6.8800,0.0113,0.0213,1.0741,0.0117,0.0107,0.7780,10.00,0.200,0.550,0.850,0.0826,0.0791,0.0037,0.00049,0.00024,0.00000,0.00000,0.00000,0.00000,0.00000,0.00000,0.00171,0.00122
1364600,0.5379,0.5379,-6.4293,-6.8970,0.0117,0.0163,1.0543,0.0105,0.0148,0.8677,10.00,0.200,0.550,0.850,0.0867,0.0723,0.0034,0.00000,0.00024,0.00000,0.00000,0.00000,0.00000,0.00000,0.00000,0.00098,0.00220
1364800,0.5379,0.5379,-6.4293,-6.8970,0.0143,0.0173,1.0309,0.0126,0.0432,0.6942,10.00,0.200,0.550,0.850,0.0862,0.0617,0.0044,0.00049,0.00000,0.00000,0.00000,0.00000,0.00000,0.00000,0.00000,0.00049,0.00342
1365000,0.5379,0.5379,-6.4293,-6.8970,0.0150,0.0101,1.2161,0.0143,0.0466,0.6342,10.00,0.200,0.550,0.850,0.0838,0.0698,0.0029,0.00000,0.00098,0.00000,0.00000,0.00000,0.00000,0.00000,0.00000,0.00049,0.00146
1365200,0.5379,0.5379,-6.6358,-6.8124,0.0131,0.0154,1.0737,0.0108,0.0101,0.6968,10.00,0.200,0.550,0.850,0.0830,0.0615,0.0059,0.00024,0.00073,0.00000,0.00000,0.00000,0.00000,0.00000,0.00000,0.00122,0.00366
1365400,0.5379,0.5379,-6.6358,-6.8124,0.0115,0.0257,1.0556,0.0161,0.0261,0.7973,10.00,0.200,0.550,0.850,0.0819,0.0644,0.0042,0.00024,0.00073,0.00000,0.00000,0.00000,0.00000,0.00000,0.00000,0.00049,0.00269
1365600,0.5379,0.5379,-6.7378,-6.9403,0.0153,0.0147,1.0160,0.0101,0.0131,0.7431,10.00,0.200,0.550,0.850,0.0730,0.0821,0.0029,0.00000,0.00024,0.00000,0.00000,0.00000,0.00000,0.00000,0.00000,0.00220,0.00049
1365800,0.5379,0.5379,-6.7378,-6.9403,0.0128,0.0108,1.4376,0.0126,0.0140,0.7235,10.00,0.200,0.550,0.850,0.0904,0.0972,0.0017,0.00024,0.00000,0.00000,0.00000,0.00000,0.00000,0.00000,0.00000,0.00049,0.00098
1366000,0.5379,0.5379,-6.7378,-6.9403,0.0144,0.0161,0.8474,0.0127,0.0107,0.7282,10.00,0.200,0.550,0.850,0.0632,0.0514,0.0066,0.00024,0.00073,0.00000,0.00000,0.00000,0.00000,0.00000,0.00000,0.00220,0.00366
1366200,0.5379,0.5379,-6.7106,-6.8972,0.0120,0.0115,1.1470,0.0142,0.0168,0.9018,10.00,0.200,0.550,0.850,0.0883,0.0789,0.0029,0.00000,0.00049,0.00000,0.00000,0.00000,0.00000,0.00000,0.00000,0.00073,0.00171
1366400,0.5379,0.5379,-6.7106,-6.8972,0.0131,0.0124,1.0483,0.0142,0.0088,0.7265,10.00,0.200,0.550,0.850,0.0770,0.0725,0.0039,0.00073,0.00073,0.00000,0.00000,0.00000,0.00000,0.00000,0.00000,0.00098,0.00146
1366600,0.5379,0.5379,-6.6724,-7.0583,0.0185,0.0267,0.9618,0.0084,0.0147,0.7944,10.00,0.200,0.550,0.850,0.0836,0.0697,0.0039,0.00024,0.00049,0.00000,0.00000,0.00000,0.00000,0.00000,0.00000,0.00073,0.00244
1366800,0.5379,0.5379,-6.6724,-7.0583,0.0162,0.0137,0.9785,0.0151,0.0110,0.7641,10.00,0.200,0.550,0.850,0.0644,0.0659,0.0049,0.00000,0.00049,0.00000,0.00000,0.00000,0.00000,0.00000,0.00000,0.00244,0.00195
1367000,0.5379,0.5379,-6.6724,-7.0583,0.0191,0.0176,1.1232,0.0112,0.0202,0.7639,10.00,0.200,0.550,0.850,0.0835,0.0758,0.0032,0.00024,0.00073,0.00000,0.00000,0.00000,0.00000,0.00000,0.00000,0.00073,0.00146
1367200,0.5379,0.5379,-6.5451,-6.9813,0.0166,0.0171,0.9388,0.0117,0.0121,0.7538,10.00,0.200,0.550,0.850,0.0729,0.0646,0.0049,0.00073,0.00073,0.00000,0.00000,0.00000,0.00000,0.00000,0.00000,0.00073,0.00269
1367400,0.5379,0.5379,-6.5451,-6.9813,0.0152,0.0115,1.0005,0.0097,0.0201,0.8215,10.00,0.200,0.550,0.850,0.0776,0.0651,0.0056,0.00049,0.00073,0.00000,0.00000,0.00000,0.00000,0.00000,0.00000,0.00171,0.00269
1367600,0.5379,0.5379,-6.5009,-6.8969,0.0123,0.0133,1.1533,0.0125,0.0122,0.8981,10.00,0.200,0.550,0.850,0.0844,0.1030,0.0007,0.00000,0.00000,0.00000,0.00000,0.00000,0.00000,0.00000,0.00000,0.00073,0.00000
1367800,0.5379,0.5379,-6.5009,-6.8969,0.0166,0.0241,0.9668,0.0145,0.0445,0.5791,10.00,0.200,0.550,0.850,0.0791,0.0556,0.0054,0.00024,0.00122,0.00000,0.00000,0.00000,0.00000,0.00000,0.00000,0.00098,0.00293
1368000,0.5379,0.5379,-6.5009,-6.8969,0.0154,0.0191,1.0493,0.0115,0.0189,0.9582,10.00,0.200,0.550,0.850,0.0861,0.0682,0.0034,0.00000,0.00098,0.00000,0.00000,0.00000,0.00000,0.00000,0.00000,0.00073,0.00171
1368200,0.5379,0.5379,-6.5889,-6.9102,0.0195,0.0145,1.0553,0.0133,0.0149,0.7293,10.00,0.200,0.550,0.850,0.0822,0.0531,0.0037,0.00000,0.00049,0.00000,0.00000,0.00000,0.00000,0.00000,0.00000,0.00098,0.00220
1368400,0.5379,0.5379,-6.5889,-6.9102,0.0132,0.0151,1.0162,0.0141,0.0124,0.7570,10.00,0.200,0.550,0.850,0.0758,0.0791,0.0037,0.00024,0.00073,0.00000,0.00000,0.00000,0.00000,0.00000,0.00000,0.00171,0.00098
1368600,0.5379,0.5379,-6.7041,-6.9235,0.0163,0.0162,1.1381,0.0160,0.0304,0.6817,10.00,0.200,0.550,0.850,0.0732,0.0585,0.0039,0.00000,0.00098,0.00000,0.00000,0.00000,0.00000,0.00000,0.00000,0.00122,0.00171
1368800,0.5379,0.5379,-6.7041,-6.9235,0.0114,0.0217,1.0470,0.0092,0.0126,0.7860,10.00,0.200,0.550,0.850,0.0704,0.0612,0.0059,0.00024,0.00024,0.00000,0.00000,0.00000,0.00000,0.00000,0.00000,0.00269,0.00269
1369000,0.5379,0.5379,-6.7041,-6.9235,0.0146,0.0221,1.1169,0.0108,0.0212,0.7470,10.00,0.200,0.550,0.850,0.0744,0.0804,0.0032,0.00000,0.00024,0.00000,0.00000,0.00000,0.00000,0.00000,0.00000,0.00146,0.00146
1369200,0.5379,0.5379,-6.5472,-6.9001,0.0157,0.0191,0.9460,0.0146,0.0132,0.6316,10.00,0.200,0.550,0.850,0.0712,0.0760,0.0039,0.00049,0.00073,0.00000,0.00000,0.00000,0.00000,0.00000,0.00000,0.00146,0.00122
1369400,0.5379,0.5379,-6.5472,-6.9001,0.0144,0.0194,0.9585,0.0103,0.0187,0.7140,10.00,0.200,0.550,0.850,0.0879,0.0973,0.0015,0.00024,0.00049,0.00000,0.00000,0.00000,0.00000,0.00000,0.00000,0.00049,0.00024
1369600,0.5379,0.5379,-6.7774,-7.0224,0.0122,0.0236,1.0841,0.0131,0.0176,0.6872,10.00,0.200,0.550,0.850,0.0611,0.0694,0.0051,0.00024,0.00024,0.00000,0.00000,0.00000,0.00000,0.00000,0.00000,0.00244,0.00220
1369800,0.5379,0.5379,-6.7774,-7.0224,0.0165,0.0234,0.7700,0.0114,0.0119,0.7295,10.00,0.200,0.550,0.850,0.0719,0.0770,0.0042,0.00049,0.00024,0.00000,0.00000,0.00000,0.00000,0.00000,0.00000,0.00146,0.00195
1370000,0.5379,0.5379,-6.7774,-7.0224,0.0113,0.0134,0.9975,0.0111,0.0329,0.8420,10.00,0.200,0.550,0.850,0.0763,0.0550,0.0049,0.00000,0.00073,0.00000,0.00000,0.00000,0.00000,0.00000,0.00000,0.00122,0.00293
1370200,0.5379,0.5379,-6.6481,-6.8742,0.0145,0.0169,0.9009,0.0123,0.0067,0.7329,10.00,0.200,0.550,0.850,0.0874,0.0771,0.0029,0.00024,0.00000,0.00000,0.00000,0.00000,0.00000,0.00000,0.00000,0.00049,0.00220
1370400,0.5379,0.5379,-6.6481,-6.8742,0.0113,0.0141,1.0601,0.0105,0.0093,0.7039,10.00,0.200,0.550,0.850,0.0713,0.0687,0.0029,0.00000,0.00024,0.00000,0.00000,0.00000,0.00000,0.00000,0.00000,0.00171,0.00098
1370600,0.5379,0.5379,-6.6962,-6.8564,0.0137,0.0212,1.1638,0.0130,0.0401,0.6750,10.00,0.200,0.550,0.850,0.0790,0.0607,0.0054,0.00049,0.00146,0.00000,0.00000,0.00000,0.00000,0.00000,0.00000,0.00122,0.00220
1370800,0.5379,0.5379,-6.6962,-6.8564,0.0159,0.0179,1.0320,0.0125,0.0113,0.8290,10.00,0.200,0.550,0.850,0.0787,0.0728,0.0037,0.00024,0.00049,0.00000,0.00000,0.00000,0.00000,0.00000,0.00000,0.00098,0.00195
1371000,0.5379,0.5379,-6.6962,-6.8564,0.0124,0.0163,1.0389,0.0117,0.0289,0.7126,10.00,0.200,0.550,0.850,0.0720,0.0634,0.0059,0.00000,0.00098,0.00000,0.00000,0.00000,0.00000,0.00000,0.00000,0.00244,0.00244
1371200,0.5379,0.5379,-6.4380,-6.8495,0.0139,0.0250,1.1778,0.0116,0.0380,0.8176,10.00,0.200,0.550,0.850,0.0865,0.0985,0.0020,0.00000,0.00000,0.00000,0.00000,0.00000,0.00000,0.00000,0.00000,0.00098,0.00098
1371400,0.5379,0.5379,-6.4380,-6.8495,0.0142,0.0161,0.9552,0.0116,0.0185,0.6317,10.00,0.200,0.550,0.850,0.0729,0.0744,0.0034,0.00024,0.00049,0.00000,0.00000,0.00000,0.00000,0.00000,0.00000,0.00195,0.00073
1371600,0.5379,0.5379,-6.6235,-6.8450,0.0143,0.0150,0.9786,0.0122,0.0226,0.7194,10.00,0.200,0.550,0.850,0.0880,0.0727,0.0032,0.00000,0.00024,0.00000,0.00000,0.00000,0.00000,0.00000,0.00000,0.00049,0.00244
1371800,0.5379,0.5379,-6.6235,-6.8450,0.0173,0.0118,1.0743,0.0131,0.0116,0.7626,10.00,0.200,0.550,0.850,0.0743,0.0607,0.0049,0.00049,0.00073,0.00000,0.00000,0.00000,0.00000,0.00000,0.00000,0.00171,0.00195
1372000,0.5379,0.5379,-6.6235,-6.8450,0.0154,0.0202,0.9758,0.0110,0.0286,0.6660,10.00,0.200,0.550,0.850,0.0797,0.0625,0.0042,0.00000,0.00098,0.00000,0.00000,0.00000,0.00000,0.00000,0.00000,0.00098,0.00220
1372200,0.5379,0.5379,-6.7045,-6.9881,0.0103,0.0174,1.2895,0.0092,0.0443,0.8333,10.00,0.200,0.550,0.850,0.0673,0.0801,0.0032,0.00024,0.00024,0.00000,0.00000,0.00000,0.00000,0.00000,0.00000,0.00171,0.00098
1372400,0.5379,0.5379,-6.7045,-6.9881,0.0140,0.0160,1.1744,0.0103,0.0195,0.7655,10.00,0.200,0.550,0.850,0.0829,0.0749,0.0037,0.00049,0.00098,0.00000,0.00000,0.00000,0.00000,0.00000,0.00000,0.00098,0.00122
1372600,0.5379,0.5379,-6.5205,-6.8880,0.0169,0.0232,1.1607,0.0123,0.0133,0.6708,10.00,0.200,0.550,0.850,0.0817,0.0747,0.0024,0.00024,0.00049,0.00000,0.00000,0.00000,0.00000,0.00000,0.00000,0.00049,0.00122
1372800,0.5379,0.5379,-6.5205,-6.8880,0.0124,0.0196,1.1924,0.0127,0.0315,0.7694,10.00,0.200,0.550,0.850,0.0835,0.0774,0.0027,0.00000,0.00024,0.00000,0.00000,0.00000,0.00000,0.00000,0.00000,0.00073,0.00171
1373000,0.5379,0.5379,-6.5205,-6.8880,0.0118,0.0139,1.0966,0.0134,0.0115,0.7772,10.00,0.200,0.550,0.850,0.0797,0.0832,0.0032,0.00024,0.00000,0.00000,0.00000,0.00000,0.00000,0.00000,0.00000,0.00098,0.00195
1373200,0.5379,0.5379,-6.5827,-7.0338,0.0164,0.0141,0.9618,0.0150,0.0260,0.6465,10.00,0.200,0.550,0.850,0.0785,0.0665,0.0029,0.00049,0.00000,0.00000,0.00000,0.00000,0.00000,0.00000,0.00000,0.00049,0.00195
1373400,0.5379,0.5379,-6.5827,-7.0338,0.0181,0.0140,1.1606,0.0117,0.0110,0.7017,10.00,0.200,0.550,0.850,0.0741,0.0761,0.0051,0.00024,0.00073,0.00000,0.00000,0.00000,0.00000,0.00000,0.00000,0.00195,0.00220
1373600,0.5379,0.5379,-6.6621,-6.9461,0.0173,0.0169,0.9979,0.0104,0.0092,0.7312,10.00,0.200,0.550,0.850,0.0704,0.0729,0.0044,0.00024,0.00073,0.00000,0.00000,0.00000,0.00000,0.00000,0.00000,0.00220,0.00122
1373800,0.5379,0.5379,-6.6621,-6.9461,0.0120,0.0189,1.2341,0.0122,0.0167,0.7967,10.00,0.200,0.550,0.850,0.0543,0.0853,0.0042,0.00049,0.00000,0.00000,0.00000,0.00000,0.00000,0.00000,0.00000,0.00269,0.00098
1374000,0.5379,0.5379,-6.6621,-6.9461,0.0149,0.0250,1.1743,0.0100,0.0099,0.5851,10.00,0.200,0.550,0.850,0.0729,0.0734,0.0027,0.00024,0.00024,0.00000,0.00000,0.00000,0.00000,0.00000,0.00000,0.00073,0.00146
1374200,0.5379,0.5379,-6.4873,-6.9633,0.0130,0.0288,1.2308,0.0169,0.0756,0.7877,10.00,0.200,0.550,0.850,0.0870,0.0544,0.0051,0.00000,0.00171,0.00000,0.00000,0.00000,0.00000,0.00000,0.00000,0.00098,0.00244
1374400,0.5379,0.5379,-6.4873,-6.9633,0.0154,0.0097,1.1240,0.0142,0.0369,0.6576,10.00,0.200,0.550,0.850,0.0819,0.0755,0.0027,0.00000,0.00024,0.00000,0.00000,0.00000,0.00000,0.00000,0.00000,0.00073,0.00171
1374600,0.5379,0.5379,-6.6337,-7.0324,0.0138,0.0265,0.9647,0.0110,0.0458,0.7927,10.00,0.200,0.550,0.850,0.0766,0.0797,0.0037,0.00049,0.00098,0.00000,0.00000,0.00000,0.00000,0.00000,0.00000,0.00098,0.00122
1374800,0.5379,0.5379,-6.6337,-7.0324,0.0135,0.0124,1.1346,0.0137,0.0399,0.8232,10.00,0.200,0.550,0.850,0.0822,0.0939,0.0024,0.00000,0.00000,0.00000,0.00000,0.00000,0.00000,0.00000,0.00000,0.00098,0.00146
1375000,0.5379,0.5379,-6.6337,-7.0324,0.0159,0.0313,1.0707,0.0124,0.0351,0.7678,10.00,0.200,0.550,0.850,0.0561,0.0762,0.0049,0.00024,0.00073,0.00000,0.00000,0.00000,0.00000,0.00000,0.00000,0.00293,0.00098
1375200,0.5379,0.5379,-6.5916,-6.9579,0.0110,0.0226,1.1008,0.0143,0.0251,0.5341,10.00,0.200,0.550,0.850,0.0752,0.0789,0.0046,0.00073,0.00073,0.00000,0.00000,0.00000,0.00000,0.00000,0.00000,0.00146,0.00171
1375400,0.5379,0.5379,-6.5916,-6.9579,0.0137,0.0148,1.2016,0.0225,0.0267,0.6383,10.00,0.200,0.550,0.850,0.0777,0.0602,0.0046,0.00000,0.00049,0.00000,0.00000,0.00000,0.00000,0.00000,0.00000,0.00122,0.00293
1375600,0.5379,0.5379,-6.5914,-6.8888,0.0109,0.0165,1.1788,0.0141,0.0165,0.6797,10.00,0.200,0.550,0.850,0.0800,0.0785,0.0037,0.00024,0.00049,0.00000,0.00000,0.00000,0.00000,0.00000,0.00024,0.00146,0.00122
1375800,0.5379,0.5379,-6.5914,-6.8888,0.0153,0.0176,1.0074,0.0091,0.0100,0.6965,10.00,0.200,0.550,0.850,0.0736,0.0614,0.0054,0.00049,0.00073,0.00000,0.00000,0.00000,0.00000,0.00000,0.00000,0.00098,0.00317
1376000,0.5379,0.5379,-6.5914,-6.8888,0.0106,0.0096,1.0660,0.0082,0.0083,0.6941,10.00,0.200,0.550,0.850,0.0767,0.0749,0.0046,0.00024,0.00049,0.00000,0.00000,0.00000,0.00000,0.00000,0.00000,0.00195,0.00195
1376200,0.5379,0.5379,-6.6385,-6.9193,0.0149,0.0206,0.9553,0.0138,0.0438,0.8319,10.00,0.200,0.550,0.850,0.0751,0.0785,0.0032,0.00000,0.00024,0.00000,0.00000,0.00000,0.00000,0.00000,0.00000,0.00146,0.00146
1376400,0.5379,0.5379,-6.6385,-6.9193,0.0162,0.0130,1.1766,0.0133,0.0105,0.8255,10.00,0.200,0.550,0.850,0.0809,0.0875,0.0015,0.00024,0.00024,0.00000,0.00000,0.00000,0.00000,0.00000,0.00000,0.00049,0.00049
1376600,0.5379,0.5379,-6.4870,-6.9041,0.0122,0.0122,1.3498,0.0084,0.0132,0.8745,10.00,0.200,0.550,0.850,0.0761,0.0902,0.0029,0.00024,0.00049,0.00000,0.00000,0.00000,0.00000,0.00000,0.00000,0.00146,0.00073
1376800,0.5379,0.5379,-6.4870,-6.9041,0.0228,0.0216,1.0383,0.0123,0.0159,0.7607,10.00,0.200,0.550,0.850,0.0585,0.0703,0.0054,0.00000,0.00073,0.00000,0.00000,0.00000,0.00000,0.00000,0.00000,0.00269,0.00195
1377000,0.5379,0.5379,-6.4870,-6.9041,0.0146,0.0168,1.2314,0.0168,0.0160,0.6453,10.00,0.200,0.550,0.850,0.0855,0.0777,0.0027,0.00000,0.00024,0.00000,0.00000,0.00000,0.00000,0.00000,0.00000,0.00049,0.00195
1377200,0.5379,0.5379,-6.6054,-6.9153,0.0126,0.0123,1.2088,0.0121,0.0123,0.7163,10.00,0.200,0.550,0.850,0.0766,0.0725,0.0049,0.00024,0.00024,0.00000,0.00000,0.00000,0.00000,0.00000,0.00000,0.00195,0.00244
1377400,0.5379,0.5379,-6.6054,-6.9153,0.0160,0.0133,1.0850,0.0101,0.0102,0.5794,10.00,0.200,0.550,0.850,0.0774,0.0653,0.0049,0.00024,0.00024,0.00000,0.00000,0.00000,0.00000,0.00000,0.00000,0.00122,0.00317
1377600,0.5379,0.5379,-6.6352,-6.7967,0.0179,0.0163,0.9379,0.0109,0.0354,0.7658,10.00,0.200,0.550,0.850,0.0637,0.0834,0.0037,0.00024,0.00000,0.00000,0.00000,0.00000,0.00000,0.00000,0.00024,0.00244,0.00073
1377800,0.5379,0.5379,-6.6352,-6.7967,0.0156,0.0153,1.1703,0.0109,0.0442,0.7699,10.00,0.200,0.550,0.850,0.0837,0.0701,0.0039,0.00000,0.00024,0.00000,0.00000,0.00000,0.00000,0.00000,0.00000,0.00073,0.00293
1378000,0.5379,0.5379,-6.6352,-6.7967,0.0184,0.0249,1.0745,0.0194,0.0133,0.6303,10.00,0.200,0.550,0.850,0.0775,0.0582,0.0049,0.00024,0.00024,0.00000,0.00000,0.00000,0.00000,0.00000,0.00000,0.00122,0.00317
1378200,0.5379,0.5379,-6.4230,-6.9587,0.0145,0.0150,1.1297,0.0126,0.0135,0.7646,10.00,0.200,0.550,0.850,0.0753,0.0803,0.0044,0.00000,0.00098,0.00000,0.00000,0.00000,0.00000,0.00000,0.00000,0.00220,0.00122
1378400,0.5379,0.5379,-6.4230,-6.9587,0.0126,0.0150,1.1044,0.0139,0.0195,0.7065,10.00,0.200,0.550,0.850,0.0823,0.0945,0.0020,0.00024,0.00000,0.00000,0.00000,0.00000,0.00000,0.00000,0.00000,0.00098,0.00073
1378600,0.5379,0.5379,-6.6301,-6.9833,0.0151,0.0269,1.0681,0.0163,0.0085,0.6640,10.00,0.200,0.550,0.850,0.0796,0.0786,0.0024,0.00000,0.00024,0.00000,0.00000,0.00000,0.00000,0.00000,0.00000,0.00098,0.00122
1378800,0.5379,0.5379,-6.6301,-6.9833,0.0155,0.0126,0.9816,0.0132,0.0309,0.8679,10.00,0.200,0.550,0.850,0.0840,0.0846,0.0039,0.00000,0.00024,0.00000,0.00000,0.00000,0.00000,0.00000,0.00000,0.00171,0.00195
1379000,0.5379,0.5379,-6.6301,-6.9833,0.0177,0.0133,1.0233,0.0127,0.0090,0.6272,10.00,0.200,0.550,0.850,0.0803,0.0855,0.0020,0.00000,0.00000,0.00000,0.00000,0.00000,0.00000,0.00000,0.00000,0.00122,0.00073
1379200,0.5379,0.5379,-6.6645,-6.8448,0.0128,0.0163,0.9432,0.0118,0.0103,0.6937,10.00,0.200,0.550,0.850,0.0798,0.0771,0.0032,0.00049,0.00049,0.00000,0.00000,0.00000,0.00000,0.00000,0.00000,0.00073,0.00146
1379400,0.5379,0.5379,-6.6645,-6.8448,0.0164,0.0139,0.9572,0.0122,0.0247,0.7139,10.00,0.200,0.550,0.850,0.0656,0.0502,0.0059,0.00024,0.00122,0.00000,0.00000,0.00000,0.00000,0.00000,0.00000,0.00220,0.00220
