t,phase,kind,v_cmd,delta_cmd,servo_cmd,erpm_cmd,erpm_meas,current_motor,duty,v_batt,wz,ax,ay,v_pose,x,y,yaw,pose_t
0.03258919715881348,ARM,stop,0.0,0.0,0.5,0.0,0.0,0.0,0.0,0.0,0.0,0.0,0.0,0.0,0.0,0.0,0.0,0.0
0.04058361053466797,ARM,stop,0.0,0.0,0.5,0.0,0.0,0.0,0.0,0.0,0.0,0.0,0.0,0.0,0.0,0.0,0.0,0.0
0.060613393783569336,ARM,stop,0.0,0.0,0.5,0.0,0.0,0.0,0.0,0.0,0.0,0.0,0.0,0.0,0.0,0.0,0.0,0.0
0.0806739330291748,ARM,stop,0.0,0.0,0.5,0.0,0.0,0.0,0.0,0.0,0.0,0.0,0.0,0.0,0.0,0.0,0.0,0.0
0.1006162166595459,ARM,stop,0.0,0.0,0.5,0.0,0.0,0.0,0.0,0.0,0.0,0.0,0.0,0.0,0.0,0.0,0.0,0.0
0.12064313888549805,ARM,stop,0.0,0.0,0.5,0.0,0.0,0.0,0.0,0.0,0.0,0.0,0.0,0.0,0.0,0.0,0.0,0.0
0.14067411422729492,ARM,stop,0.0,0.0,0.5,0.0,0.0,0.0,0.0,0.0,0.0,0.0,0.0,0.0,0.0,0.0,0.0,0.0
0.16067910194396973,ARM,stop,0.0,0.0,0.5,0.0,0.0,0.0,0.0,0.0,0.0,0.0,0.0,0.0,0.0,0.0,0.0,0.0
0.18072247505187988,ARM,stop,0.0,0.0,0.5,0.0,0.0,0.0,0.0,0.0,0.0,0.0,0.0,0.0,0.0,0.0,0.0,0.0
0.20063424110412598,ARM,stop,0.0,0.0,0.5,0.0,0.0,0.0,0.0,0.0,0.0,0.0,0.0,0.0,0.0,0.0,0.0,0.0
0.22066473960876465,ARM,stop,0.0,0.0,0.5,0.0,0.0,0.0,0.0,0.0,0.0,0.0,0.0,0.0,0.0,0.0,0.0,0.0
0.24448418617248535,ARM,stop,0.0,0.0,0.5,0.0,0.0,0.0,0.0,0.0,0.0,0.0,0.0,0.0,0.0,0.0,0.0,0.0
0.26071929931640625,ARM,stop,0.0,0.0,0.5,0.0,0.0,0.0,0.0,0.0,0.0,0.0,0.0,0.0,0.0,0.0,0.0,0.0
0.28067755699157715,ARM,stop,0.0,0.0,0.5,0.0,0.0,0.0,0.0,0.0,0.0,0.0,0.0,0.0,0.0,0.0,0.0,0.0
0.30060267448425293,ARM,stop,0.0,0.0,0.5,0.0,0.0,0.0,0.0,0.0,0.0,0.0,0.0,0.0,0.0,0.0,0.0,0.0
0.32241225242614746,ARM,stop,0.0,0.0,0.5,0.0,0.0,0.0,0.0,0.0,0.0,0.0,0.0,0.0,0.0,0.0,0.0,0.0
0.3418912887573242,ARM,stop,0.0,0.0,0.5,0.0,0.0,0.0,0.0,0.0,0.0,0.0,0.0,0.0,0.0,0.0,0.0,0.0
0.36042356491088867,ARM,stop,0.0,0.0,0.5,0.0,0.0,0.0,0.001,16.8,0.00015095910176680992,-0.2788191547298666,-0.007929372940385093,0.0,0.0,0.0,0.0,0.0
0.38046908378601074,ARM,stop,0.0,0.0,0.5,0.0,0.0,0.0,0.001,16.8,-0.0008881998537239787,-0.33071948162233156,0.04015275851279654,0.0,0.0,0.0,0.0,0.0
0.40106773376464844,ARM,stop,0.0,0.0,0.5,0.0,0.0,0.0,0.001,16.8,-0.0008824734071944954,-0.3117853559925017,0.016150558499408163,0.0,0.0,0.0,0.0,0.0
0.4205305576324463,ARM,stop,0.0,0.0,0.5,0.0,0.0,0.0,0.001,16.8,0.00017698743776100315,-0.34497623652619325,-0.0029312458770611727,0.0,0.0,0.0,0.0,0.0
0.4405517578125,ARM,stop,0.0,0.0,0.5,0.0,0.0,0.0,0.001,16.8,-0.0008449921456320446,-0.2883985754528595,0.05913124989328722,0.0,0.0,0.0,0.0,0.0
0.460552453994751,ARM,stop,0.0,0.0,0.5,0.0,0.0,0.0,0.001,16.8,-0.0008574859861776367,-0.36819447106744363,0.03555702953886808,0.0,0.0,0.0,0.0,0.0
0.4806499481201172,ARM,stop,0.0,0.0,0.5,0.0,0.0,0.0,0.001,16.8,-0.0008574859861776367,-0.36819447106744363,0.03555702953886808,0.0,0.0,0.0,0.0,0.0
0.5003657341003418,ARM,stop,0.0,0.0,0.5,0.0,0.0,0.0,0.001,16.8,0.00019520762730820652,-0.3502153785200015,0.025706078727399273,0.0,0.0,0.0,0.0,0.0
0.520575761795044,ARM,stop,0.0,0.0,0.5,0.0,0.0,0.0,0.001,16.8,0.0012479011107568872,-0.3594015739735461,0.001846368056536818,0.0,0.0,0.0,0.0,0.0
0.5408413410186768,ARM,stop,0.0,0.0,0.5,0.0,0.0,0.0,0.0,16.8,0.00019234440404346486,-0.3258735648979716,0.06890563872153166,0.0,0.0,0.0,0.0,0.0
0.5605278015136719,ARM,stop,0.0,0.0,0.5,0.0,0.0,0.0,0.001,16.8,-0.0008699796966860659,-0.34948506125376966,0.0019232954907550948,0.0,0.0,0.0,0.0,0.0
0.580453634262085,ARM,stop,0.0,0.0,0.5,0.0,0.0,0.0,0.001,16.8,-0.0008660755909532803,-0.31234712726034175,0.02560185210393584,0.0,0.0,0.0,0.0,0.0
0.6009690761566162,ARM,stop,0.0,0.0,0.5,0.0,0.0,0.0,0.001,16.8,0.0012700253735275855,-0.3116168099941099,0.01618918666946456,0.0,0.0,0.0,0.0,0.0
0.6205058097839355,ARM,stop,0.0,0.0,0.5,0.0,0.0,0.0,0.001,16.8,0.0012450379525107266,-0.35399388598134607,0.030727960105327412,0.0,0.0,0.0,0.0,0.0
0.6405110359191895,ARM,stop,0.0,0.0,0.5,0.0,0.0,0.0,0.002,16.8,-0.0008603491444237971,-0.3031047985341324,-0.022375906545384794,0.0,0.0,0.0,0.0,0.0
0.6606559753417969,ARM,stop,0.0,0.0,0.5,0.0,0.0,0.0,0.002,16.8,0.0012479011107568872,-0.3208029689025551,0.0737598511834534,0.0,0.0,0.0,0.0,0.0
0.6804475784301758,ARM,stop,0.0,0.0,0.5,0.0,0.0,0.0,0.001,16.8,0.00020197492379644315,-0.32130860689773044,0.011373675467797995,0.0,0.0,0.0,0.0,0.0
0.7004275321960449,ARM,stop,0.0,0.0,0.5,0.0,0.0,0.0,0.002,16.8,-0.0019630177299805205,-0.30699564563100523,0.044890538288058224,0.0,0.0,0.0,0.0,0.0
0.720649003982544,ARM,stop,0.0,0.0,0.5,0.0,0.0,0.0,0.001,16.8,0.00019520762730820652,-0.3352282698048086,0.04021729715832123,0.0,0.0,0.0,0.0,0.0
0.7404971122741699,ARM,stop,0.0,0.0,0.5,0.0,0.0,0.0,0.001,16.8,0.0002105645935906682,-0.2935253778111395,0.025524011042232786,0.0,0.0,0.0,0.0,0.0
0.7605392932891846,ARM,stop,0.0,0.0,0.5,0.0,0.0,0.0,0.001,16.8,0.0012393115059812433,-0.32024119763471504,0.07388859956860827,0.0,0.0,0.0,0.0,0.0
0.7804074287414551,ARM,stop,0.0,0.0,0.5,0.0,0.0,0.0,0.001,16.8,-0.0019283997567013926,-0.29747239472577647,-0.00781286716352625,0.0,0.0,0.0,0.0,0.0
0.8004627227783203,ARM,stop,0.0,0.0,0.5,0.0,0.0,0.0,0.001,16.8,0.00019520762730820652,-0.33562153161935626,0.05449722165519688,0.0,0.0,0.0,0.0,0.0
0.8207316398620605,ARM,stop,0.0,0.0,0.5,0.0,0.0,0.0,0.001,16.8,0.0012603948212653164,-0.30231827490503704,0.025704543833224847,0.0,0.0,0.0,0.0,0.0
0.8405003547668457,ARM,stop,0.0,0.0,0.5,0.0,0.0,0.0,0.001,16.8,0.002294868277713247,-0.33968092471462086,0.03071462114404966,0.0,0.0,0.0,0.0,0.0
0.8604996204376221,ARM,stop,0.0,0.0,0.5,0.0,0.0,0.0,0.001,16.8,0.00020770137032592652,-0.31189769562802994,0.025704872739119367,0.0,0.0,0.0,0.0,0.0
0.8805646896362305,ARM,stop,0.0,0.0,0.5,0.0,0.0,0.0,0.002,16.8,0.00020483814706118484,-0.3403550721630886,0.044930226265996964,0.0,0.0,0.0,0.0,0.0
0.9005138874053955,ARM,stop,0.0,0.0,0.5,0.0,0.0,0.0,0.001,16.8,-0.0008642532501565827,-0.3116168099941099,0.0018191054123910533,0.0,0.0,0.0,0.0,0.0
0.9207236766815186,ARM,stop,0.0,0.0,0.5,0.0,0.0,0.0,0.001,16.8,-0.000867116408402743,-0.28721882655431585,0.04503152928150911,0.0,0.0,0.0,0.0,0.0
0.940481424331665,ARM,stop,0.0,0.0,0.5,0.0,0.0,0.0,0.001,16.8,0.00020770137032592652,-0.3404112419808527,-0.03172301007154843,0.0,0.0,0.0,0.0,0.0
0.9606144428253174,ARM,stop,0.0,0.0,0.5,0.0,0.0,0.0,0.001,16.8,-0.0008478554339153676,-0.30214976545174466,0.06885334268430299,0.0,0.0,0.0,0.0,0.0
0.9805688858032227,ARM,stop,0.0,0.0,0.5,0.0,0.0,0.0,0.001,16.8,0.0012728886618109084,-0.34029890234532445,0.0018328829148615,0.0,0.0,0.0,0.0,0.0
1.0005252361297607,ARM,stop,0.0,0.0,0.5,0.0,0.0,0.0,0.001,16.8,0.00022592155987312992,-0.3022059352695088,0.04010035284026969,0.0,0.0,0.0,0.0,0.0
1.0205302238464355,ARM,stop,0.0,0.0,0.5,0.0,0.0,0.0,0.001,16.8,-0.0008881998537239787,-0.31240333362320527,0.03516903021863271,0.0,0.0,0.0,0.0,0.0
1.0405709743499756,ARM,stop,0.0,0.0,0.5,0.0,0.0,0.0,0.002,16.8,-0.0008978304059862476,-0.3203535372702433,0.06907283255124597,0.0,0.0,0.0,0.0,0.0
1.0605039596557617,ARM,stop,0.0,0.0,0.5,0.0,0.0,0.0,0.002,16.8,-0.0008603491444237971,-0.31234712726034175,-0.017508355122185293,0.0,0.0,0.0,0.0,0.0
1.0811684131622314,ARM,stop,0.0,0.0,0.5,0.0,0.0,0.0,0.001,16.8,0.00019520762730820652,-0.3068832694503776,0.06407638656249404,0.0,0.0,0.0,0.0,0.0
1.1006815433502197,ARM,stop,0.0,0.0,0.5,0.0,0.0,0.0,0.0,16.8,-0.0008699796966860659,-0.3262668267125193,0.006545227300946976,0.0,0.0,0.0,0.0,0.0
1.1206636428833008,ARM,stop,0.0,0.0,0.5,0.0,0.0,0.0,0.001,16.8,-0.0008449921456320446,-0.29786565654032415,0.03520718330239703,0.0,0.0,0.0,0.0,0.0
1.1409027576446533,ARM,stop,0.0,0.0,0.5,0.0,0.0,0.0,0.0,16.8,0.00020197492379644315,-0.3636294765221031,0.049875472570501955,2.9987076621057073e-05,16.397828147871174,3.7802422296295544,2.6886368269688705,1787260284.5368009
1.160475492477417,ARM,stop,0.0,0.0,0.5,0.0,0.0,0.0,0.001,16.8,0.00023268885636136652,-0.28867949763187895,0.01595668674713835,2.4385089836821207e-05,16.397827946742584,3.7802423274222727,2.6886368269688705,1787260284.5565681
1.18113112449646,ARM,stop,0.0,0.0,0.5,0.0,0.0,0.0,0.001,16.8,0.0012450379525107266,-0.33477883817249676,0.05469032596037948,2.4385089836821207e-05,16.397827946742584,3.7802423274222727,2.6886368269688705,1787260284.5565681
1.2008092403411865,ARM,stop,0.0,0.0,0.5,0.0,0.0,0.0,0.001,16.8,0.0012603948212653164,-0.32153332271388635,0.016112222690146893,2.4385089836821207e-05,16.397827946742584,3.7802423274222727,2.6886368269688705,1787260284.5565681
1.2204632759094238,ARM,stop,0.0,0.0,0.5,0.0,0.0,0.0,0.001,16.8,0.0012479011107568872,-0.3352844761676721,0.001884228779506003,0.007330794501051685,16.397346162410653,3.780228488519749,2.688548952307046,1787260284.61658
1.2416677474975586,ARM,stop,0.0,0.0,0.5,0.0,0.0,0.0,0.001,16.8,0.00017985066102574486,-0.29251413836588824,0.03533578550715433,0.005158796070906303,16.397347060928006,3.7802280512568025,2.688548952307046,1787260284.6275852
1.260444164276123,ARM,stop,0.0,0.0,0.5,0.0,0.0,0.0,0.001,16.8,0.00016735691800802484,-0.3449200667084291,0.01624173852238897,0.002556623284764692,16.39734706341784,3.7802280501060257,2.688548952307046,1787260284.6480474
1.2808315753936768,ARM,stop,0.0,0.0,0.5,0.0,0.0,0.0,0.001,16.8,0.00020770137032592652,-0.28806152000117535,0.011308296284987307,0.0012726672881396813,16.39734705384627,3.7802280547949167,2.688548952307046,1787260284.6677353
1.3004517555236816,ARM,stop,0.0,0.0,0.5,0.0,0.0,0.0,0.0,16.8,-0.0009035568525157311,-0.3214209465332587,0.05445815494394779,0.035229548273900305,16.398506974053152,3.779437944486284,2.6886853581955563,1787260284.6889138
1.3206472396850586,ARM,stop,0.0,0.0,0.5,0.0,0.0,0.0,0.001,16.8,-0.0008603491444237971,-0.30699564563100523,0.0017803310619370905,0.017408840968548913,16.39850724179124,3.779437814703793,2.6886853581955563,1787260284.7077112
1.3407864570617676,ARM,stop,0.0,0.0,0.5,0.0,0.0,0.0,0.001,16.8,-0.0008853366954778184,-0.32576122526244333,0.07372140573889396,0.006092419290188783,16.39850882955124,3.779437042302528,2.6886853581955563,1787260284.7366016
1.3610713481903076,ARM,stop,0.0,0.0,0.5,0.0,0.0,0.0,0.001,16.8,-0.001940893467209822,-0.3357339077999839,-0.007798797300260674,0.0030494654618887533,16.39850862920844,3.7794371399483886,2.6886853581955563,1787260284.7566085
1.3804056644439697,ARM,stop,0.0,0.0,0.5,0.0,0.0,0.0,0.001,16.8,-0.0008796102489483351,-0.28783680418501945,0.044889917021368575,0.0021609669123816852,16.398507734732828,3.779437575323151,2.6886853581955563,1787260284.7679384
1.4003856182098389,ARM,stop,0.0,0.0,0.5,0.0,0.0,0.0,0.001,16.8,0.0012575316630191562,-0.29279506054490767,0.04485143503170974,0.07672313827622147,16.393450995830786,3.781666489411907,2.6887383817174166,1787260284.7966568
1.4203901290893555,ARM,stop,0.0,0.0,0.5,0.0,0.0,0.0,0.001,16.8,-0.0008642532501565827,-0.3256488490818157,0.00668683956108751,0.03865149648161126,16.393450936816546,3.781666515347305,2.6887383817174153,1787260284.8166866
1.4403862953186035,ARM,stop,0.0,0.0,0.5,0.0,0.0,0.0,0.002,16.8,0.0012728886618109084,-0.31251567325873353,0.011193179221905325,0.019748231423922957,16.393451564733777,3.781666208280952,2.6887383817174144,1787260284.8365817
1.460362195968628,ARM,stop,0.0,0.0,0.5,0.0,0.0,0.0,0.001,16.8,-0.003003217632957934,-0.32063442290416333,0.1073286263173987,0.010283667344030661,16.393452330321026,3.7816658349157026,2.688738381717414,1787260284.8565843
1.4803924560546875,ARM,stop,0.0,0.0,0.5,0.0,0.0,0.0,0.001,16.8,0.0012296809537189744,-0.32175803853004226,-0.017469434591333766,0.007441160310163547,16.393460451120923,3.781661883029243,2.688738381717414,1787260284.8677528
1.5004191398620605,ARM,stop,0.0,0.0,0.5,0.0,0.0,0.0,0.001,16.8,-0.0008881998537239787,-0.321027684718711,0.054548275159046256,0.07625030463376141,16.397968604974132,3.7792390015048873,2.6888985548762325,1787260284.8966434
1.5215582847595215,ARM,stop,0.0,0.0,0.5,0.0,0.0,0.0,0.001,16.8,0.0012728886618109084,-0.34993449288608147,0.03535047663710955,0.03818434502616814,16.397968320248648,3.7792391442828137,2.6888985548762325,1787260284.916986
1.5406146049499512,ARM,stop,0.0,0.0,0.5,0.0,0.0,0.0,0.001,16.8,0.0001730833645375082,-0.3026553669018206,0.044787408017576524,0.02706246605936508,16.397957528029988,3.779244395788601,2.6888985548762325,1787260284.927785
1.5614354610443115,ARM,stop,0.0,0.0,0.5,0.0,0.0,0.0,0.001,16.8,0.0012296809537189744,-0.35354445434903425,0.04041098618509409,0.009923748630964768,16.397967154862936,3.7792397147700565,2.6888985548762325,1787260284.9568236
1.5804128646850586,ARM,stop,0.0,0.0,0.5,0.0,0.0,0.0,0.001,16.8,0.0012575316630191562,-0.31730538362023,0.03514344864905894,0.005202194085571843,16.397966425231886,3.7792400703650473,2.6888985548762325,1787260284.9768353
1.6004064083099365,ARM,stop,0.0,0.0,0.5,0.0,0.0,0.0,0.001,16.8,0.0012632581095486394,-0.335509191983828,0.011412778724146477,0.08177997968702957,16.39381407918019,3.781017075161607,2.6887342545135113,1787260284.9965956
1.6204967498779297,ARM,stop,0.0,0.0,0.5,0.0,0.0,0.0,0.001,16.8,-0.0019323037323970157,-0.30637766800030164,0.03066206929112525,0.05767067114151411,16.39382802946621,3.7810102913343457,2.6887342545135113,1787260285.0075536
1.6408650875091553,ARM,stop,0.0,0.0,0.5,0.0,0.0,0.0,0.002,16.8,0.0001866179575139815,-0.33990564053077676,-0.012447078127113542,0.020628700752525677,16.393815017128727,3.781016625247827,2.6887342545135113,1787260285.0366042
1.6606152057647705,ARM,stop,0.0,0.0,0.5,0.0,0.0,0.0,0.002,16.8,-0.0008796102489483351,-0.30727653126492527,0.03045610111095698,0.014684547624913356,16.39382318701459,3.781012651167835,2.6887342545135113,1787260285.0477536
1.6837553977966309,ARM,stop,0.0,0.0,0.5,0.0,0.0,0.0,0.002,16.8,-0.0008796102489483351,-0.30727653126492527,0.03045610111095698,0.00757628519598934,16.39382187348477,3.7810132910092573,2.6887342545135113,1787260285.0678635
1.7004947662353516,ARM,stop,0.0,0.0,0.5,0.0,0.0,0.0,0.001,16.8,-0.0008507185921615281,-0.29764094072416825,0.001728546656099894,0.08962276831640503,16.39824650681333,3.778641954610773,2.688717469875047,1787260285.0966604
1.720674753189087,ARM,stop,0.0,0.0,0.5,0.0,0.0,0.0,0.001,16.8,0.00020197492379644315,-0.33066327525946804,0.01621553568612555,0.06322705309253927,16.39823017119252,3.778649902012265,2.6887174698750425,1787260285.1077573
1.7413365840911865,ARM,stop,0.0,0.0,0.5,0.0,0.0,0.0,0.001,16.8,-0.001959113494210572,-0.3359024537983757,-0.02220750672739058,0.02273067846695353,16.398245375752506,3.7786425024992862,2.6887174698750402,1787260285.1366162
1.7604713439941406,ARM,stop,0.0,0.0,0.5,0.0,0.0,0.0,0.001,16.8,-0.0008728428549322264,-0.29195236709804817,0.06420462331625743,0.01618702028431325,16.39823604307792,3.7786470433523642,2.688717469875039,1787260285.147916
1.7806477546691895,ARM,stop,0.0,0.0,0.5,0.0,0.0,0.0,0.001,16.8,0.00017126099123151978,-0.33088802762072334,-0.012576118873063535,0.008344044327352966,16.398238147069364,3.7786460192704454,2.688717469875038,1787260285.1686168
1.8005485534667969,ARM,stop,0.0,0.0,0.5,0.0,0.0,0.0,0.0,16.8,0.0023005945942055676,-0.30192501309048936,0.04016474530539682,0.04588340661386144,16.395714604138846,3.779636359976368,2.688603956580201,1787260285.1965544
1.8205585479736328,ARM,stop,0.0,0.0,0.5,0.0,0.0,0.0,0.001,16.8,-0.0019726482822427895,-0.3212524005348669,0.059286822381395154,0.022806584523188508,16.39571483345976,3.779636249585031,2.6886039565802022,1787260285.216632
1.840524435043335,ARM,stop,0.0,0.0,0.5,0.0,0.0,0.0,0.001,16.8,0.00019624847726695978,-0.3299329579932362,0.045123001665285045,0.011418548218126573,16.39571515432268,3.7796360940830063,2.6886039565802027,1787260285.2366314
1.8604505062103271,ARM,stop,0.0,0.0,0.5,0.0,0.0,0.0,0.001,16.8,0.00017698743776100315,-0.29803420253871593,0.0064284291632930035,0.005777177236088568,16.395715467488266,3.7796359420231203,2.688603956580203,1787260285.256612
1.8804237842559814,ARM,stop,0.0,0.0,0.5,0.0,0.0,0.0,0.001,16.8,0.0012354074002484579,-0.3351159301692803,0.0833532321344137,0.004091549036650424,16.395717401700942,3.7796350007567256,2.688603956580203,1787260285.2701907
1.9005393981933594,ARM,stop,0.0,0.0,0.5,0.0,0.0,0.0,0.001,16.8,0.00017985066102574486,-0.32130860689773044,-0.007786408511567089,0.04800779064049167,16.39413513236478,3.7801662529493645,2.688494443956767,1787260285.2885659
1.92112135887146,ARM,stop,0.0,0.0,0.5,0.0,0.0,0.0,0.001,16.8,0.0012575316630191562,-0.30699564563100523,0.0496805410103498,0.023874562602163644,16.39413414858687,3.78016673316715,2.6884944439567673,1787260285.307741
1.9405343532562256,ARM,stop,0.0,0.0,0.5,0.0,0.0,0.0,0.001,16.8,0.0012603948212653164,-0.33984947071301264,0.001935867004945635,0.011952141000187022,16.394133298695074,3.7801671476403316,2.6884944439567673,1787260285.3278592
1.9607813358306885,ARM,stop,0.0,0.0,0.5,0.0,0.0,0.0,0.001,16.8,0.00015486317499030486,-0.2883985754528595,0.04955120790360468,0.006048652693603185,16.394132708051075,3.780167435585405,2.6884944439567673,1787260285.347621
1.9816291332244873,ARM,stop,0.0,0.0,0.5,0.0,0.0,0.0,0.001,16.8,0.001238270558494618,-0.34435825889548966,0.025950528897226377,0.003102811155105248,16.39413228482527,3.780167641850392,2.6884944439567673,1787260285.3678942
2.00038743019104,ARM,stop,0.0,0.0,0.5,0.0,0.0,0.0,0.001,16.8,0.00018271388429048652,-0.3120662416264217,0.016086202579380426,0.0655008255362129,16.397108038054224,3.7785048759011373,2.68837372794351,1787260285.3966787
2.0204715728759766,ARM,stop,0.0,0.0,0.5,0.0,0.0,0.0,0.001,16.8,-0.0019562503359644118,-0.3120662416264217,0.040036289281037085,0.04611167305163295,16.397099340268646,3.778509109556565,2.6883737279435094,1787260285.4077935
2.0403964519500732,ARM,stop,0.0,0.0,0.5,0.0,0.0,0.0,0.001,16.8,0.0023284454335429122,-0.3352282698048086,0.05458734187029535,0.016339579957079346,16.397107081644123,3.778505337916265,2.6883737279435094,1787260285.4365888
2.060596466064453,ARM,stop,0.0,0.0,0.5,0.0,0.0,0.0,0.001,16.8,0.0023380759858051808,-0.35478037306534205,-0.0029824090162087202,0.011590406900827516,16.39710203332763,3.7785077958605795,2.6883737279435094,1787260285.44762
2.0804357528686523,ARM,stop,0.0,0.0,0.5,0.0,0.0,0.0,0.001,16.8,0.0012700253735275855,-0.31195390199089346,0.06401214027776447,0.005911033990633593,16.397102803894846,3.7785074201602864,2.6883737279435094,1787260285.467727
2.100515365600586,ARM,stop,0.0,0.0,0.5,0.0,0.0,0.0,0.001,16.8,0.00017698743776100315,-0.3307756514400957,0.02576981338073736,0.05252723335601873,16.3939551484513,3.779806965720525,2.6884640546187013,1787260285.496518
2.120532989501953,ARM,stop,0.0,0.0,0.5,0.0,0.0,0.0,0.001,16.8,0.00020770137032592652,-0.31189769562802994,0.025704872739119367,0.03707865993145937,16.393965439496956,3.779801953458138,2.688464054618701,1787260285.5076098
2.1403939723968506,ARM,stop,0.0,0.0,0.5,0.0,0.0,0.0,0.001,16.8,-0.0008853366954778184,-0.33004533417386384,0.03072722920333959,0.013360634284816689,16.39395574821362,3.7798066715902676,2.688464054618701,1787260285.5365653
2.160912275314331,ARM,stop,0.0,0.0,0.5,0.0,0.0,0.0,0.001,16.8,0.0012450379525107266,-0.29809037235648006,-0.02232456068074029,0.006882769794908673,16.393956231334514,3.7798064359405923,2.688464054618701,1787260285.5566163
2.181157112121582,ARM,stop,0.0,0.0,0.5,0.0,0.0,0.0,0.001,16.8,0.00018557710755522823,-0.3255365094462874,0.0641928192491541,0.004954763116255807,16.393960824124413,3.7798041993963745,2.688464054618701,1787260285.567817
2.201246738433838,ARM,stop,0.0,0.0,0.5,0.0,0.0,0.0,0.001,16.8,0.00019234440404346486,-0.31150443381348225,0.025794992954217832,0.03093903484069809,16.395615578438637,3.77876589156192,2.68844412088182,1787260285.5965712
2.220663547515869,ARM,stop,0.0,0.0,0.5,0.0,0.0,0.0,0.001,16.8,-0.0008910630119701392,-0.31150443381348225,0.04016503766619195,0.021806853726207328,16.395610605397408,3.778768313172384,2.6884441208818206,1787260285.6076686
2.2404093742370605,ARM,stop,0.0,0.0,0.5,0.0,0.0,0.0,0.001,16.8,-0.0008757061432155494,-0.3075574168988453,0.03997175063551239,0.007784433584126928,16.39561525133329,3.778766050870056,2.688444120881821,1787260285.6365914
2.260749578475952,ARM,stop,0.0,0.0,0.5,0.0,0.0,0.0,0.001,16.8,-0.000867116408402743,-0.32942735654316024,0.06918900942221029,0.003975356698073577,16.39561501007582,3.778766168354077,2.688444120881821,1787260285.6566596
2.280388116836548,ARM,stop,0.0,0.0,0.5,0.0,0.0,0.0,0.001,16.8,0.00018271388429048652,-0.3124595034409694,0.011206043096890994,0.002806486713596469,16.395613842121982,3.7787667370852405,2.688444120881821,1787260285.6730778
2.300396203994751,ARM,stop,0.0,0.0,0.5,0.0,0.0,0.0,0.001,16.8,-0.0019341260731937132,-0.3208029689025551,0.05459976720408832,0.006057550912783354,16.395487860436628,3.77861902932038,2.6885870442011615,1787260285.6965935
2.3207597732543945,ARM,stop,0.0,0.0,0.5,0.0,0.0,0.0,0.001,16.8,-0.0019130426278724777,-0.3404112419808527,0.020967239144255245,0.0042759272936265654,16.395486664655266,3.778619611676382,2.6885870442011615,1787260285.7077887
2.3404369354248047,ARM,stop,0.0,0.0,0.5,0.0,0.0,0.0,0.001,16.8,-0.0019755114404889497,-0.3164626901733705,0.06407667892328917,0.0015340219427792529,16.39548760131431,3.7786191558974376,2.6885870442011615,1787260285.7365906
2.360426425933838,ARM,stop,0.0,0.0,0.5,0.0,0.0,0.0,0.001,16.8,-0.0008785693014617098,-0.35827799489276657,0.03563399351818575,0.0010923780958919575,16.39548694411239,3.7786194758870386,2.6885870442011615,1787260285.748404
2.380375862121582,ARM,stop,0.0,0.0,0.5,0.0,0.0,0.0,0.002,16.8,0.00021733189007890484,-0.283833580907519,0.03033944915370057,0.00056633777398236,16.39548702410296,3.7786194369968666,2.6885870442011615,1787260285.7676768
2.4004275798797607,ARM,stop,0.0,0.0,0.5,0.0,0.0,0.0,0.001,16.8,0.00016449369474328318,-0.3350597603515162,0.016305765536522188,0.02007943226158713,16.39684050797987,3.7777293640494407,2.6883810430520128,1787260285.7967193
2.420468330383301,ARM,stop,0.0,0.0,0.5,0.0,0.0,0.0,0.001,16.8,-0.000867116408402743,-0.3259297712608351,0.011412486363351348,0.014217837393876586,16.396835216779813,3.777731939295663,2.688381043052013,1787260285.807601
2.44046688079834,ARM,stop,0.0,0.0,0.5,0.0,0.0,0.0,0.001,16.8,0.00020483814706118484,-0.32660391870930283,0.01604801295051672,0.00519339650362734,16.396840069821373,3.777729574829222,2.688381043052013,1787260285.8366048
2.46087384223938,ARM,stop,0.0,0.0,0.5,0.0,0.0,0.0,0.0,16.8,-0.0030310679521466277,-0.29228942254973234,0.06891744278863499,0.0027259836662670797,16.396839805490423,3.7777297030538817,2.688381043052013,1787260285.8565679
2.480381965637207,ARM,stop,0.0,0.0,0.5,0.0,0.0,0.0,0.001,16.8,0.0012825190840360147,-0.32598594107859924,-0.007760498036098795,0.0019766408349493688,16.396837509984877,3.7777308207352878,2.688381043052013,1787260285.8677573
2.500869035720825,ARM,stop,0.0,0.0,0.5,0.0,0.0,0.0,0.001,16.8,0.00019520762730820652,-0.3073889074455529,0.04480041807295976,0.04508852185462911,16.393696872252143,3.7790421999247026,2.688471499669052,1787260285.8965993
2.521437644958496,ARM,stop,0.0,0.0,0.5,0.0,0.0,0.0,0.001,16.8,0.00019520762730820652,-0.3073889074455529,0.04480041807295976,0.03192821027553956,16.393709128638914,3.7790362308767977,2.688471499669052,1787260285.907766
2.540557384490967,ARM,stop,0.0,0.0,0.5,0.0,0.0,0.0,0.002,16.8,0.00020483814706118484,-0.31724921380246585,0.0207862312669711,0.016257925618754502,16.393706337456006,3.7790375892240764,2.688471499669052,1787260285.9275675
2.5610527992248535,ARM,stop,0.0,0.0,0.5,0.0,0.0,0.0,0.001,16.8,0.002275607173188709,-0.31556382690874685,0.040332523856701386,0.00621841779546056,16.393697765427167,3.7790417626435153,2.688471499669052,1787260285.956536
2.580414056777954,ARM,stop,0.0,0.0,0.5,0.0,0.0,0.0,0.002,16.8,0.003387906050933376,-0.3024868209034288,-0.0318143362749268,0.004515356009397195,16.393703236074042,3.779039098714221,2.688471499669052,1787260285.967772
2.6010282039642334,ARM,stop,0.0,0.0,0.5,0.0,0.0,0.0,0.001,16.8,-0.001935166890643176,-0.32114006089933866,0.054522510863975526,0.023199654523589245,16.394977618902963,3.778177552676512,2.6883869980713704,1787260285.9965842
2.620802402496338,ARM,stop,0.0,0.0,0.5,0.0,0.0,0.0,0.001,16.8,0.001267162215281425,-0.3214209465332587,0.006557944995535081,0.01632833562377305,16.39497463368685,3.778179006141548,2.6883869980713704,1787260286.0078294
2.640812397003174,ARM,stop,0.0,0.0,0.5,0.0,0.0,0.0,0.002,16.8,-0.0008632123026699574,-0.32069062926702685,0.016305326995329494,0.005784327828614803,16.394977430623413,3.778177643782873,2.6883869980713704,1787260286.0366771
2.6605162620544434,ARM,stop,0.0,0.0,0.5,0.0,0.0,0.0,0.001,16.8,0.00019520762730820652,-0.30293625253574064,0.025562931573084313,0.002934571364335189,16.394977276067884,3.7781777189388004,2.6883869980713704,1787260286.0566182
2.680487632751465,ARM,stop,0.0,0.0,0.5,0.0,0.0,0.0,0.001,16.8,0.00019520762730820652,-0.3297644119948444,0.07390175580438907,0.0020898067095508183,16.394975944079462,3.7781783675737675,2.6883869980713704,1787260286.0691006
2.7004201412200928,ARM,stop,0.0,0.0,0.5,0.0,0.0,0.0,0.001,16.8,0.00018271388429048652,-0.29786565654032415,-0.007902987378624715,0.031248645538926867,16.396557076734,3.777213177398663,2.688377895725023,1787260286.0965595
2.7209041118621826,ARM,stop,0.0,0.0,0.5,0.0,0.0,0.0,0.001,16.8,0.0012479011107568872,-0.3162941441749787,0.030585141856906972,0.015759553780975124,16.39655689389382,3.777213266170265,2.6883778957250235,1787260286.116769
2.740744113922119,ARM,stop,0.0,0.0,0.5,0.0,0.0,0.0,0.001,16.8,0.00019234440404346486,-0.3214209465332587,0.020927989707509198,0.008065348014504708,16.396556510057632,3.777213452956389,2.6883778957250235,1787260286.1365745
2.7606141567230225,ARM,stop,0.0,0.0,0.5,0.0,0.0,0.0,0.001,16.8,-0.0008824734071944954,-0.29764094072416825,0.06399883786158611,0.005782837227962577,16.396551917015355,3.7772156898043328,2.6883778957250235,1787260286.147754
2.7820615768432617,ARM,stop,0.0,0.0,0.5,0.0,0.0,0.0,0.001,16.8,-0.0008632123026699574,-0.3252556238123674,0.02593704375555106,0.05923445531437972,16.395688088607812,3.7774225175920635,2.688364743545092,1787260286.1777198
2.802720069885254,ARM,stop,0.0,0.0,0.5,0.0,0.0,0.0,0.002,16.8,0.00019234440404346486,-0.31212241144418584,0.011283299437003791,0.041525349500974904,16.39568621253901,3.7774234312419113,2.688364743545092,1787260286.1879437
2.8209455013275146,ARM,stop,0.0,0.0,0.5,0.0,0.0,0.0,0.001,16.8,-0.0019630177299805205,-0.33116891325464337,0.011309648453664778,0.014356840550120646,16.395687720999955,3.777422696517522,2.688364743545092,1787260286.2166224
2.840534210205078,ARM,stop,0.0,0.0,0.5,0.0,0.0,0.0,0.001,16.8,0.001225776847986189,-0.3399618103485409,0.04502034648109543,0.007090443401042426,16.39568759700103,3.777422756888739,2.688364743545092,1787260286.2365592
2.861964225769043,ARM,stop,0.0,0.0,0.5,0.0,0.0,0.0,0.001,16.8,-0.0019601543116600346,-0.3408045037954004,-0.03660313300893847,0.004986238326865228,16.395686833865547,3.7774231285562943,2.688364743545092,1787260286.2476656
2.8813819885253906,ARM,stop,0.0,0.0,0.5,0.0,0.0,0.0,0.001,16.8,-0.0019630177299805205,-0.2970791329112288,0.07849763095871509,0.0024763671587053537,16.395686934859103,3.777423079361674,2.688364743545092,1787260286.268853
2.9006471633911133,ARM,stop,0.0,0.0,0.5,0.0,0.0,0.0,0.001,16.8,0.0002105645935906682,-0.3259297712608351,0.011412486363351348,0.025802420186102945,16.39684756736377,3.7766275451737736,2.688199338725702,1787260286.2966182
2.9206557273864746,ARM,stop,0.0,0.0,0.5,0.0,0.0,0.0,0.001,16.8,0.0012518052164896727,-0.33094419743848746,0.01615114322099842,0.012908608112729246,16.396847474422025,3.776627588870469,2.688199338725702,1787260286.3166559
2.9404280185699463,ARM,stop,0.0,0.0,0.5,0.0,0.0,0.0,0.001,16.8,-0.000867116408402743,-0.34942889143600553,0.025886282612496814,0.0065258945668003505,16.396847266441124,3.776627689333368,2.688199338725702,1787260286.3366542
2.9605724811553955,ARM,stop,0.0,0.0,0.5,0.0,0.0,0.0,0.001,16.8,0.00019807085057294823,-0.28851095163348717,-0.003164769062170336,0.004645674143190104,16.39684457893448,3.7766289983312964,2.688199338725702,1787260286.3482187
2.980644702911377,ARM,stop,0.0,0.0,0.5,0.0,0.0,0.0,0.001,16.8,-0.0008728428549322264,-0.3395685485339932,0.08343063465492406,0.0023886729849041935,16.39684534105717,3.776628626724086,2.688199338725702,1787260286.3695922
3.001279592514038,ARM,stop,0.0,0.0,0.5,0.0,0.0,0.0,0.001,16.8,-0.0008642532501565827,-0.30237448126790056,-0.01262852454559038,0.008339806661036389,16.39641448735028,3.7766434488507046,2.6884701205527546,1787260286.3965926
3.0211849212646484,ARM,stop,0.0,0.0,0.5,0.0,0.0,0.0,0.001,16.8,-0.0008853366954778184,-0.32576122526244333,0.02103115652309029,0.00583903595040032,16.3964145270271,3.7766434295151092,2.6884701205527546,1787260286.4078975
3.0404012203216553,entry,drive,1.2,0.002031126022338867,0.49867976808547976,4291.2,0.0,0.0,0.001,16.8,-0.0008853366954778184,-0.31217861780704936,0.040010524985966356,0.0020052723921459457,16.396414492111116,3.7766434465071326,2.6884701205527546,1787260286.4366267
3.0606698989868164,entry,drive,1.2,0.007300982475280762,0.4952543613910675,4291.2,0.0,0.04,0.0,16.8,0.00019234440404346486,-0.34413354307933375,0.021211981674877478,0.0014043727566013567,16.39641451471423,3.7766434354964846,2.6884701205527546,1787260286.447685
3.0821266174316406,entry,drive,1.2,0.012879729270935059,0.4916281759738922,4291.2,0.0,0.02,0.0,16.8,-0.0008699796966860659,-0.27419802691186135,0.049512141192355585,0.0006891832154488232,16.39641451121698,3.7766434371966233,2.6884701205527546,1787260286.4677775
3.1003804206848145,entry,drive,1.2,0.017625718116760253,0.48854328322410584,4291.2,37.0,10.66,0.046,16.8,-0.0008317169117763802,-0.5028119991845195,-0.022034831132767607,0.004316647257921392,16.39612558548123,3.7765702079530055,2.688399727344596,1787260286.496596
3.1218912601470947,entry,drive,1.2,0.023218536376953126,0.4849079513549805,4291.2,116.0,23.08,0.041,16.8,0.015228870574697797,-4.938307705754198,0.1792342157028468,0.0030490324386570323,16.396126498466238,3.776569763369697,2.688399727344596,1787260286.5077229
3.1405258178710938,entry,drive,1.2,0.02806352138519287,0.48175871109962465,4291.2,256.0,28.47,0.046,16.7,-0.0027119536342305826,-3.2126080590772688,0.16992172038580655,0.0010979180141652812,16.39612575314845,3.7765701261113525,2.688780499706494,1787260286.536592
3.1605281829833984,entry,drive,1.2,0.03326413631439209,0.47837831139564513,4291.2,403.0,31.65,0.06,16.7,-0.016814208759729936,-3.303822872992697,0.06818818533028548,0.03179157665530639,16.39477302803788,3.777228713821206,2.6886367554068675,1787260286.5566442
3.1805248260498047,entry,drive,1.2,0.038463263511657714,0.47499887871742247,4291.2,588.0,36.59,0.067,16.7,-0.02851825247365336,-4.321053375657755,0.20302324815148687,0.07448421498897635,16.393042598971235,3.7780711402880214,2.6883979515695873,1787260286.5676987
3.2004735469818115,entry,drive,1.2,0.043649930953979496,0.4716275448799133,4291.2,785.0,40.78,0.075,16.7,-0.030678558815655198,-5.202584322902965,0.18862943085235884,0.14082911892517286,16.389457621348516,3.7796322414349834,2.6877706922972195,1787260286.5877922
3.2214293479919434,entry,drive,1.2,0.04909843921661377,0.46808601450920106,4291.2,1006.0,44.57,0.083,16.7,-0.030570542666317264,-5.5964785138505135,0.09846834006022398,0.16128091699805813,16.38479620765001,3.781905657344251,2.6868614042281185,1787260286.616699
3.240748167037964,entry,drive,1.2,0.0541213321685791,0.4648211340904236,4291.2,1207.0,41.42,0.081,16.7,-0.05136777515236971,-5.661287300749905,0.07982531441959395,0.21083257121655982,16.37965361526822,3.7844168987513482,2.686250446451245,1787260286.6366353
3.261091470718384,entry,drive,1.2,0.059410591125488285,0.4613831157684326,4291.2,1466.0,36.69,0.079,16.7,-0.054510242820825165,-4.565399172680998,-0.27009964019554644,0.2690795150361777,16.37529148053478,3.7865484548478774,2.685633568370177,1787260286.6486235
3.2811193466186523,entry,drive,1.2,0.0646178388595581,0.4579984047412872,4291.2,1691.0,34.3,0.084,16.7,-0.029058709807965915,-3.939730406539951,-0.171035340927002,0.31881210523689496,16.36727440460316,3.790476567096547,2.684329753491383,1787260286.6720965
3.300483226776123,entry,drive,1.2,0.0696524477005005,0.4547259089946747,4291.2,1957.0,31.81,0.087,16.7,0.012824407496492636,-3.719010577731865,0.18350944415511528,0.7107834259228104,16.351389780439717,3.798045208352807,2.6833224496117367,1787260286.6908066
3.320469617843628,entry,drive,1.2,0.07484890937805176,0.45134820890426636,4291.2,2188.0,29.57,0.087,16.7,0.026456845115445136,-3.542985405479101,0.2418081966842731,0.6537936130612021,16.342171938259725,3.802582955598854,2.6834117211246578,1787260286.7076263
3.3404178619384766,entry,drive,1.2,0.0800354528427124,0.44797695565223694,4291.2,2427.0,27.43,0.09,16.7,0.012873856988389444,-3.1204942357168193,0.1760607671795711,0.5867528701467013,16.327587383128872,3.8097658568994195,2.68413703765781,1787260286.7366247
3.3604462146759033,entry,drive,1.2,0.08524282455444336,0.4445921640396118,4291.2,2647.0,25.15,0.088,16.7,0.010989712129050415,-2.9731929268638737,-0.212205990093139,0.622185826933012,16.315170182512855,3.8158762197848755,2.6843265866630763,1787260286.7566836
3.380553722381592,entry,drive,1.2,0.09047077655792236,0.4411939952373505,4291.2,2869.0,23.0,0.09,16.7,0.03839696973762567,-2.601322859334971,-0.4196822403328824,0.6927697165242515,16.306681094424327,3.8200523033435427,2.6844271885777324,1787260286.767717
3.401200532913208,entry,drive,1.2,0.09583894729614258,0.4377046842575073,4291.2,3054.0,21.27,0.093,16.7,0.07630383461089271,-2.255479626870823,-0.23964222346101138,1.179481332226136,16.274174732391696,3.8357770536497413,2.6849763951657466,1787260286.7877243
3.4210872650146484,entry,drive,1.2,0.1010094976425171,0.43434382653236386,4291.2,3235.0,19.44,0.092,16.7,0.09198299579165246,-2.0595094549939716,-0.44461506130226525,0.936457379184369,16.25309147664546,3.8461216529252735,2.6870760310651582,1787260286.8166142
3.4404845237731934,entry,drive,1.2,0.10605278491973877,0.4310656898021698,4291.2,3393.0,18.42,0.094,16.7,0.11528280907643078,-1.9157347482322677,-0.269964204057203,0.9128417408839895,16.236752458801828,3.854104982294368,2.6889927133808116,1787260286.8366308
3.4604475498199463,entry,drive,1.2,0.11124317169189453,0.42769193840026853,4291.2,3519.0,17.2,0.09,16.7,0.13379990129380623,-1.4976671434806832,-0.22286254107558534,0.9288893849201121,16.219556004686783,3.862466845083606,2.6914157474510576,1787260286.85661
3.4803497791290283,entry,drive,1.2,0.11641775131225586,0.4243284616470337,4291.2,3620.0,15.94,0.092,16.7,0.176782131187573,-1.4156657876629453,-0.3340013046378516,0.9502957226981892,16.20923232121106,3.8674705943821763,2.6928623256805744,1787260286.8680797
3.500624656677246,entry,drive,1.2,0.12168921947479248,0.4209020073413849,4291.2,3712.0,15.27,0.095,16.7,0.18501737429215456,-1.4660493467502818,-0.41490221442272457,1.4812335437714932,16.153835286564508,3.8939170397542022,2.699378457697106,1787260286.8966098
3.5217089653015137,entry,drive,1.2,0.12717113971710206,0.41733875918388363,4291.2,3834.0,14.03,0.094,16.7,0.20402530374318847,-1.207966685407115,-0.26654840670731517,1.3417073283684502,16.143538806100665,3.8988111038043503,2.7012743525336753,1787260286.907829
3.5405163764953613,entry,drive,1.2,0.13206106662750244,0.4141603066921234,4291.2,3942.0,12.94,0.093,16.7,0.23507008882062158,-1.1758160611275912,-0.370050048489027,1.1975103666506715,16.12440763853688,3.907822328660262,2.7052356096277608,1787260286.9278157
3.560547351837158,entry,drive,1.2,0.13726912021636964,0.41077507185935974,4291.2,4022.0,12.12,0.094,16.7,0.26530086206611514,-1.0353703205596219,-0.28128470640538694,1.1408160460716148,16.095532789937636,3.9212329642101342,2.7121053340089194,1787260286.9566245
3.5806353092193604,entry,drive,1.2,0.14249198913574218,0.4073802070617676,4291.2,4066.0,11.84,0.094,16.7,0.3198977782968548,-0.6603215602856807,-1.040282493549178,1.125168845439859,16.084418194351738,3.926347059141746,2.714918134390426,1787260286.9678628
3.6004834175109863,entry,drive,1.2,0.14765249729156496,0.40402587676048274,4291.2,4117.0,11.47,0.092,16.7,0.3320958217482311,-0.5853460729160815,-0.9334883575829238,1.7934134407482878,16.035822695185672,3.9482756008238917,2.724742035450716,1787260286.9896755
3.6211531162261963,entry,drive,1.2,0.15302661895751954,0.4005326976776123,4291.2,4160.0,11.07,0.094,16.7,0.36265829170749403,-0.67611313627377,-0.33617508023983333,1.4406676647076326,16.004894025966575,3.9618710803553463,2.734627167909088,1787260287.0166552
3.640444040298462,entry,drive,1.2,0.1580422592163086,0.3972725315093994,4291.2,4188.0,10.75,0.095,16.7,0.4100309673624734,-0.9856465466966924,-0.2495329353406177,1.3403994522299396,15.993758087729164,3.9666905091302995,2.7384046221625433,1787260287.027622
3.6604037284851074,entry,drive,1.2,0.16323177814483644,0.3938993442058563,4291.2,4235.0,10.11,0.093,16.7,0.41837132210632905,-0.803566874737605,-0.5092814684944287,1.2532800931928496,15.961904895965231,3.9801494192500595,2.75045704786723,1787260287.0565948
3.6811740398406982,entry,drive,1.2,0.16863205909729004,0.39038916158676146,4291.2,4235.0,10.11,0.093,16.7,0.41837132210632905,-0.803566874737605,-0.5092814684944287,1.2053985228519237,15.9501019001341,3.9850379431192557,2.754859538475684,1787260287.068276
3.700453519821167,entry,drive,1.2,0.17364472389221192,0.3871309294700622,4291.2,4337.0,9.02,0.094,16.7,0.46385814681439613,-0.23177746225634976,-1.1035451303835302,1.6227282203615871,15.898762266900265,4.005154176633068,2.772449089409903,1787260287.0966182
3.720914840698242,entry,drive,1.2,0.17896466732025146,0.38367296624183655,4291.2,4342.0,8.98,0.092,16.7,0.5226393385260841,-0.6069912967442406,-1.0479202731415214,1.4254251669065112,15.876104287888282,4.013872446204508,2.782002360897121,1787260287.116652
3.741481304168701,entry,drive,1.2,0.18431194782257082,0.38019723391532895,4291.2,4339.0,9.25,0.092,16.7,0.5459284492322317,-0.43459070399418565,-0.8158157687907206,1.3333426112244915,15.864521768029912,4.0182379281721685,2.7875180714267045,1787260287.1277187
3.7608723640441895,entry,drive,1.2,0.18935362339019776,0.3769201447963715,4291.2,4350.0,9.15,0.094,16.7,0.5922241758318967,-0.13484694911477835,-0.6449424322893194,1.2857244009019262,15.830551618201484,4.030599231552073,2.80376328743198,1787260287.156665
3.780508518218994,entry,drive,1.2,0.19445902347564697,0.37360163474082947,4291.2,4360.0,8.94,0.095,16.7,0.6300109030116767,-0.345931269608581,-0.7599735412975335,1.2857244009019262,15.830551618201484,4.030599231552073,2.80376328743198,1787260287.156665
3.800468921661377,entry,drive,1.2,0.19964872837066652,0.3702283265590668,4291.2,4386.0,8.4,0.094,16.7,0.6412545693969095,-0.439534488494715,-0.7834185381805057,2.5394811770111656,15.754886093034747,4.0571402810413195,2.8324618215744604,1787260287.1892807
3.8205463886260986,entry,drive,1.2,0.20486886978149416,0.36683523464202883,4291.2,4409.0,8.16,0.095,16.7,0.6684353906935034,-0.45432582511246977,-0.7094690179312124,1.7568333702981782,15.719827154145104,4.06809496701014,2.851636491376162,1787260287.216605
3.8404505252838135,entry,drive,1.2,0.2100439453125,0.363471435546875,4291.2,4427.0,7.97,0.095,16.7,0.6486382500981814,-0.3852456835413456,-1.2211405359258194,1.5599674947026503,15.707901270097322,4.071658837407384,2.8584744073858994,1787260287.227914
3.860546112060547,entry,drive,1.2,0.2152687978744507,0.36007528138160705,4291.2,4403.0,8.45,0.094,16.7,0.6999637558906245,-0.09871851867438064,-1.3012791880275927,1.39763997364999,15.684144038388782,4.078494241841107,2.8715372675448108,1787260287.2476864
3.880392551422119,entry,drive,1.2,0.2204288721084595,0.3567212331295013,4291.2,4394.0,8.57,0.091,16.7,0.7302081445471912,-0.4451957994766893,-1.0017636664301577,1.3277467732958126,15.648531704391003,4.088093284628929,2.892257166460293,1787260287.2767248
3.9004900455474854,entry,drive,1.2,0.2256542205810547,0.35332475662231444,4291.2,4390.0,8.6,0.092,16.7,0.7673790157248904,-0.29205191594878954,-0.98153960842712,1.4917047468805082,15.615924841458504,4.093910503748554,2.914823467750112,1787260287.2967281
3.9205124378204346,entry,drive,1.2,0.2308600425720215,0.349940972328186,4291.2,4392.0,8.49,0.095,16.7,0.8374927901127063,-0.29228938600463295,-1.0136275213160886,1.3770686505132042,15.60419158940486,4.096610932813662,2.922565429014774,1787260287.307579
3.9403903484344482,entry,drive,1.2,0.23602829933166505,0.34658160543441774,4291.2,4395.0,8.26,0.094,16.7,0.8457808803201691,-0.21653841162595455,-1.2017412277258401,1.3205484069869906,15.568075950405744,4.104338892441719,2.947365442862552,1787260287.336634
3.962717294692993,entry,drive,1.2,0.24183330535888672,0.3428083515167236,4291.2,4414.0,7.99,0.093,16.7,0.7916178429652738,-0.16307954587975715,-1.2818985909185017,1.2867313977377748,15.543943691194759,4.108977041483191,2.9643191184051028,1787260287.3567264
3.982539415359497,entry,drive,1.2,0.24698705673217775,0.3394584131240844,4291.2,4418.0,8.04,0.093,16.7,0.7883974154170955,-0.04281674094173571,-1.091280010306285,1.2359836989505237,15.531737014498123,4.11117048232806,2.9719830992872085,1787260287.3678238
4.000507593154907,entry,drive,1.2,0.25165878295898436,0.33642179107666015,4291.2,4408.0,8.19,0.093,16.7,0.8548625925324755,-0.22663790565838227,-1.3827832381328165,1.500290287801008,15.487343856747227,4.115686868610842,3.003566284573758,1787260287.3966165
4.020941495895386,entry,drive,1.2,0.2569715976715088,0.3329684615135193,4291.2,4393.0,8.33,0.092,16.7,0.9308927790189843,-0.19999276405702915,-1.3725859859595175,1.3809660450517116,15.462600363153486,4.119002135495454,3.0212119076405206,1787260287.4168642
4.040738582611084,entry,drive,1.2,0.26,0.33099999999999996,4291.2,4384.0,8.54,0.092,16.7,0.9806062068245751,0.08656161777270732,-1.4936330030490979,1.3232726616969333,15.438465308713726,4.1217923925083095,3.040006207626616,1787260287.4366086
4.061206579208374,entry,drive,1.2,0.26,0.33099999999999996,4291.2,4387.0,8.44,0.094,16.7,1.0276375650963472,-0.2826827391825937,-1.0210061230635503,1.2921849386314364,15.413932090012814,4.124156893766479,3.0599679754929365,1787260287.456758
4.081122636795044,entry,drive,1.2,0.26,0.33099999999999996,4291.2,4390.0,8.16,0.093,16.7,0.99977577350902,-0.37945920559395674,-1.3299849250581133,1.226761244712257,15.40187724182081,4.125135052958023,3.0703708920283135,1787260287.468018
4.100502014160156,entry,drive,1.2,0.26,0.33099999999999996,4291.2,4399.0,8.03,0.092,16.7,0.9890471624786086,0.14756468938425726,-1.591920316959488,1.7311165209332082,15.342791937068187,4.128182084803728,3.1104698536026816,1787260287.496645
4.120640277862549,entry,drive,1.2,0.26,0.33099999999999996,4291.2,4396.0,8.22,0.093,16.7,1.0107962669949042,-0.03854711302594893,-1.320222705747966,1.496306159965669,15.318220325313321,4.128813913578317,3.1301862532127984,1787260287.5166354
4.140461444854736,entry,drive,1.2,0.26,0.33099999999999996,4291.2,4377.0,8.51,0.093,16.7,1.0141800128969316,-0.414842828636214,-0.9811367352514324,1.3767350890323247,15.30596462133548,4.128942405442024,3.140435704279902,1787260287.5278006
4.16140079498291,entry,drive,1.2,0.26,0.33099999999999996,4291.2,4376.0,8.24,0.092,16.7,1.0424689755231074,-0.2574693249400859,-0.9414820864433366,1.3235950998376789,15.269176751867503,4.128599866772275,-3.1123790238407585,1787260287.5566168
4.180408239364624,entry,drive,1.2,0.26,0.33099999999999996,4291.2,4376.0,8.27,0.091,16.7,1.0406587583511535,-0.1018807478521433,-1.2917251296035772,1.248243308726585,15.25693372613262,4.128230012609592,-3.1017357470511495,1787260287.5680382
4.200365304946899,entry,drive,1.2,0.26,0.33099999999999996,4291.2,4382.0,8.35,0.093,16.7,1.0073045964897012,0.08826146738951035,-1.4177007649774396,1.7439775648013947,15.205445234424417,4.123206420691407,-3.059685720317023,1787260287.5965927
4.2204742431640625,entry,drive,1.2,0.26,0.33099999999999996,4291.2,4368.0,8.44,0.093,16.7,1.0205209994524103,-0.1684727620125983,-1.1969140586374678,1.4982427754328662,15.18100541205461,4.121066431661474,-3.0396634092866432,1787260287.616771
4.240453720092773,entry,drive,1.2,0.26,0.33099999999999996,4291.2,4356.0,8.45,0.091,16.7,0.9982106337363804,-0.44011073162191394,-1.1608645107941058,1.38075100707379,15.156755395313628,4.118444953464119,-3.0192135003192297,1787260287.636604
4.260440111160278,entry,drive,1.2,0.26,0.33099999999999996,4291.2,4374.0,8.24,0.092,16.7,0.9796164430054471,0.047133091767094015,-1.0978113504694633,1.313231342655869,15.132588918014637,4.115337893881181,-2.9993516526489117,1787260287.656682
4.280467748641968,entry,drive,1.2,0.26,0.33099999999999996,4291.2,4375.0,8.25,0.095,16.7,1.0001078031179256,0.1343608353389527,-1.3797941413634192,1.2511151635836675,15.120496946455074,4.113602536346157,-2.9896325797413708,1787260287.6677253
4.301090955734253,entry,drive,1.2,0.26,0.33099999999999996,4291.2,4381.0,8.03,0.093,16.7,1.0278865706582696,-0.3634608939786119,-1.1475913306952563,2.041429557226226,15.055127656119012,4.101549029528392,-2.9423304726167157,1787260287.696537
4.32054328918457,entry,drive,1.2,0.26,0.33099999999999996,4291.2,4378.0,8.02,0.092,16.7,1.0347113204257612,-0.18669104223555522,-1.1285399318414804,1.6451489846001972,15.031106361864573,4.0965467946676934,-2.921438592987607,1787260287.7165904
4.340469837188721,entry,drive,1.2,0.26,0.33099999999999996,4291.2,4372.0,8.26,0.091,16.7,0.9969272564070712,0.17578282342615204,-1.4232918728234836,1.4503055697720164,15.007329381908686,4.091085204124306,-2.9007756757957504,1787260287.7365177
4.360699653625488,entry,drive,1.2,0.26,0.33099999999999996,4291.2,4352.0,8.68,0.094,16.7,1.0246502973016054,0.06792286334056863,-1.4131805747239525,1.3428699398061141,14.995426302233252,4.0881548470568765,-2.890915792419682,1787260287.7477415
4.380642652511597,entry,drive,1.2,0.26,0.33099999999999996,4291.2,4339.0,8.53,0.092,16.7,1.0474211235701099,-0.38755072914034017,-1.27475826321907,1.2766543845846514,14.970968585091857,4.081742549586719,-2.8697820770732703,1787260287.7685044
4.4005889892578125,entry,drive,1.2,0.26,0.33099999999999996,4291.2,4352.0,8.31,0.091,16.7,1.0568822030796983,-0.2339429786658691,-1.0160244412949524,1.3207704492824242,14.945989285278916,4.070553050951665,-2.8382662494148563,1787260287.7966928
4.420599460601807,entry,drive,1.2,0.26,0.33099999999999996,4291.2,4371.0,8.17,0.095,16.7,1.061454784092337,0.010979184824283283,-1.3533808053275038,1.2565506740317731,14.934328288567366,4.066901666101247,-2.8276024142388927,1787260287.807734
4.440581798553467,entry,drive,1.2,0.26,0.33099999999999996,4291.2,4381.0,7.88,0.094,16.7,1.0420581829249627,-0.17303775655793885,-1.6183842314129606,1.2774144629872133,14.899653036851124,4.055238765362629,-2.7958178229682478,1787260287.836579
4.460400581359863,entry,drive,1.2,0.26,0.33099999999999996,4291.2,4368.0,8.06,0.091,16.7,1.0320125395561022,-0.17983547395057897,-1.1792601443844077,1.2529448252456352,14.876597924664573,4.046806836637909,-2.7750375543167354,1787260287.8569353
4.480445384979248,entry,drive,1.2,0.26,0.33099999999999996,4291.2,4360.0,8.29,0.091,16.7,1.0064050472524997,-0.2223827770107789,-1.1747393694093304,1.220302886324554,14.862707273745581,4.041475976906286,-2.762522122825907,1787260287.8699393
4.502431631088257,entry,drive,1.2,0.26,0.33099999999999996,4291.2,4350.0,8.54,0.093,16.7,1.0045956290288727,0.04963393687235129,-1.2096042713108304,1.2660613807453265,14.841015138486425,4.032715553134467,-2.743154800161086,1787260287.8880427
4.522122621536255,entry,drive,1.2,0.26,0.33099999999999996,4291.2,4332.0,8.61,0.093,16.7,1.0446423812887211,-0.18559468925382205,-1.2310745902933036,1.4157719336637236,14.798585988618399,4.013369761041231,-2.706709904985534,1787260287.9174433
4.541843414306641,entry,drive,1.2,0.26,0.33099999999999996,4291.2,4335.0,8.41,0.093,16.7,1.0458921362092681,-0.28209198765093646,-1.042226254295592,1.328769868601326,14.777218666970963,4.003285458300733,-2.6859562547438434,1787260287.9369676
4.56086802482605,entry,drive,1.2,0.26,0.33099999999999996,4291.2,4363.0,8.07,0.094,16.7,1.038869047519593,-0.16024339035131163,-0.9724917727198701,1.2827157170859067,14.755804366029283,3.9926443170378056,-2.665310176715053,1787260287.9567482
4.5814759731292725,entry,drive,1.2,0.26,0.33099999999999996,4291.2,4375.0,7.85,0.094,16.7,0.9906813447025083,-0.012828051651990968,-1.4369737733139232,1.2370463252059742,14.742302297319611,3.98568200342578,-2.652421333121711,1787260287.9701862
4.60078763961792,entry,drive,1.2,0.26,0.33099999999999996,4291.2,4357.0,8.12,0.091,16.7,0.9883157252852183,-0.14984677552455938,-1.5536938506355966,1.1567001174011449,14.724584951101093,3.976664409649004,-2.6360287645669396,1787260287.9889772
4.621286392211914,entry,drive,1.2,0.26,0.33099999999999996,4291.2,4344.0,8.43,0.091,16.7,1.0014959758361295,-0.246204517323374,-1.1518571670569813,1.2712488726989766,14.69281385510216,3.958664841023515,-2.606398256385771,1787260288.0165768
4.640794277191162,entry,drive,1.2,0.26,0.33099999999999996,4291.2,4339.0,8.57,0.093,16.7,1.0355669275049766,-0.04725663247558565,-0.9537859443259364,1.2611958920127209,14.671982205170442,3.946165635521269,-2.586301896109662,1787260288.03659
4.660695552825928,entry,drive,1.2,0.26,0.33099999999999996,4291.2,4336.0,8.38,0.093,16.7,1.074392487246969,-0.11518246967361723,-1.0567690111472885,1.2132772619503671,14.661677871035897,3.9397653891655247,-2.5757484231561585,1787260288.047603
4.6809751987457275,entry,drive,1.2,0.26,0.33099999999999996,4291.2,4336.0,8.27,0.093,16.7,1.0665689854916705,-0.2490551812562778,-1.2781487713601791,1.253781863782517,14.63070543007886,3.9196179094211887,-2.543234688386913,1787260288.07705
4.700623273849487,entry,drive,1.2,0.26,0.33099999999999996,4291.2,4354.0,8.17,0.092,16.7,1.0244363788870448,-0.09303166266793195,-1.3206328879435318,1.0446615562017159,14.625323849736965,3.9154960852598637,-2.533976788412595,1787260288.0892262
4.720569849014282,entry,drive,1.2,0.26,0.33099999999999996,4291.2,4357.0,8.04,0.092,16.7,1.0215479809477719,-0.19729617426315826,-0.9935562218285057,1.243822078266681,14.59564384563815,3.894403225561019,-2.503071781840713,1787260288.1165755
4.740417957305908,entry,drive,1.2,0.26,0.33099999999999996,4291.2,4344.0,8.22,0.093,16.7,0.9923575382926043,-0.36719766693645184,-1.2755827206613333,1.248123733652542,14.576128827786272,3.8797699730539246,-2.4826367643134133,1787260288.13663
4.7610979080200195,entry,drive,1.2,0.26,0.33099999999999996,4291.2,4336.0,8.35,0.091,16.7,0.9982156937424516,0.08442679011040166,-1.0773903874709063,1.2482132401976715,14.55689615850879,3.864726426742149,-2.4628364575443724,1787260288.156724
4.781711101531982,entry,drive,1.2,0.26,0.33099999999999996,4291.2,4334.0,8.42,0.091,16.7,0.9982156937424516,0.08442679011040166,-1.0773903874709063,1.202146362018881,14.547571730563439,3.8572021626374378,-2.452929275015848,1787260288.1676695
4.801169157028198,entry,drive,1.2,0.26,0.33099999999999996,4291.2,4340.0,8.27,0.093,16.7,1.032930398025798,-0.33216736191510776,-1.0490109250877495,1.3225824766123344,14.52225581500336,3.835491408791723,-2.4209589065177703,1787260288.1966782
4.820760250091553,entry,drive,1.2,0.26,0.33099999999999996,4291.2,4335.0,8.18,0.092,16.7,1.0358848423601046,-0.23169406633953926,-0.9815799542168477,1.2552519769941817,14.513095890459851,3.827451030433443,-2.410657560198684,1787260288.207777
4.841511011123657,entry,drive,1.2,0.26,0.33099999999999996,4291.2,4337.0,8.28,0.089,16.7,1.0124787190135618,-0.01247650606839823,-1.2655500676156919,1.2617538628457343,14.48629376261234,3.8029155392667366,-2.379602742587848,1787260288.2366126
4.860569477081299,entry,drive,1.2,0.26,0.33099999999999996,4291.2,4319.0,8.67,0.093,16.7,0.9742983100456407,-0.2639026876917967,-1.1946320364510896,1.2076692061899421,14.477519044237491,3.794548775086366,-2.369721418581652,1787260288.2478235
4.880450963973999,entry,drive,1.2,0.26,0.33099999999999996,4291.2,4327.0,8.42,0.094,16.7,0.9762506068617506,-0.14885176210343776,-1.1312452924592051,1.2060919756609312,14.459391055582461,3.77671386719099,-2.349023613083424,1787260288.268877
4.900391101837158,entry,drive,1.2,0.26,0.33099999999999996,4291.2,4331.0,8.05,0.091,16.7,1.0269476732159621,-0.26005353855332913,-1.1480453670100914,1.2193862182240618,14.43726874920153,3.7544995884212304,-2.3206122049423943,1787260288.2966032
4.92102837562561,entry,drive,1.2,0.26,0.33099999999999996,4291.2,4344.0,8.08,0.091,16.7,1.0295004462788577,-0.001970995981735335,-1.181712320553551,1.1809499937782437,14.428992468255537,3.7456120777243713,-2.3100902774676264,1787260288.3077319
4.940467834472656,entry,drive,1.2,0.26,0.33099999999999996,4291.2,4336.0,8.35,0.093,16.7,1.0020618975677713,0.022104394729458576,-1.407912817917321,1.2448061205418564,14.404739105580996,3.7184646181685657,-2.2792023868567473,1787260288.336679
4.960394859313965,entry,drive,1.2,0.26,0.33099999999999996,4291.2,4318.0,8.46,0.091,16.7,1.0007331133418762,-0.2309782209326663,-1.0138482537164109,1.2463856313982886,14.389082131035464,3.7000128434189072,-2.2593414880615907,1787260288.3566077
4.9811177253723145,entry,drive,1.2,0.26,0.33099999999999996,4291.2,4324.0,8.33,0.091,16.7,1.028759621442625,-0.0932146805256826,-1.0178057956196724,1.2359445473148285,14.3738336556958,3.6812867551040096,-2.2393313763724887,1787260288.376828
5.000608205795288,entry,drive,1.2,0.26,0.33099999999999996,4291.2,4319.0,8.47,0.091,16.7,1.0168090189460306,0.014645302400587923,-1.2243081189606428,1.2817541958536303,14.357557119312933,3.6636286082806797,-2.218826570653485,1787260288.3966236
5.0205161571502686,entry,drive,1.2,0.26,0.33099999999999996,4291.2,4307.0,8.61,0.092,16.7,1.0185679036879733,-0.10102358254592492,-1.4171669141655343,1.2589994671650664,14.34304571417405,3.6442579270767843,-2.1985091962521364,1787260288.4168315
5.040426969528198,tr0,drive,1.2,0.26,0.33099999999999996,4291.2,4330.0,8.15,0.093,16.7,1.0214172863172766,-0.23359137826462728,-1.213432589742645,1.2571978204092982,14.32893502294344,3.624593013374826,-2.178029716513851,1787260288.4367485
5.061417579650879,tr0,drive,1.2,0.26,0.33099999999999996,4291.2,4345.0,7.85,0.091,16.7,1.0213631575681206,-0.052930734242346844,-0.8401255689056839,1.2532703359781818,14.315283545910898,3.6047362160071996,-2.1576903946116466,1787260288.4566464
5.081236839294434,tr0,drive,1.2,0.26,0.33099999999999996,4291.2,4342.0,8.14,0.09,16.7,1.0306087873455214,0.19765274479791728,-1.3662888267932374,1.2119480645291745,14.307654565541949,3.593277562015199,-2.146159765977633,1787260288.4689867
5.1004958152771,tr0,drive,1.2,0.26,0.33099999999999996,4291.2,4302.0,8.81,0.092,16.7,0.9944519147528698,-0.3205782165412998,-1.2865550213025188,1.4201601081211774,14.288434447945637,3.5666758558844944,-2.121422766562985,1787260288.4897106
5.120427131652832,tr0,drive,1.2,0.26,0.33099999999999996,4291.2,4298.0,8.68,0.089,16.7,0.9899984436199849,-0.09242817516913693,-1.079895773304763,1.3679102821011853,14.270234980349645,3.5363463226157252,-2.092081338974114,1787260288.5165744
5.14053201675415,tr0,drive,1.2,0.26,0.33099999999999996,4291.2,4293.0,8.84,0.092,16.7,1.0242796518568935,-0.00874146900277939,-0.955937281236892,1.3070096270889757,14.258254265413953,3.515219124434499,-2.0720949175714702,1787260288.536828
5.160386085510254,tr0,drive,1.2,0.26,0.33099999999999996,4291.2,4292.0,8.71,0.093,16.7,1.029615494837949,-0.27589777602964105,-1.1041750217166353,1.262345298603901,14.246928363304372,3.494270104411447,-2.0515966518886573,1787260288.5568366
5.180453300476074,tr0,drive,1.2,0.26,0.33099999999999996,4291.2,4317.0,8.15,0.093,16.7,0.9981928571361042,-0.23352073658750427,-1.3151046376684405,1.195340004404279,14.241417059614605,3.483688066403395,-2.041287063231046,1787260288.56832
5.2006940841674805,tr0,drive,1.2,0.26,0.33099999999999996,4291.2,4351.0,7.63,0.09,16.7,0.9496785841903487,0.19999777073564573,-0.9096016035385119,0.9586917943774201,14.234577509447446,3.4703422236052037,-2.0226733241274326,1787260288.5895596
5.220459461212158,tr0,drive,1.2,0.26,0.33099999999999996,4291.2,4351.0,7.92,0.091,16.7,0.9678047243597006,0.07516995754787148,-0.9277276804757051,1.2152114925632813,14.219018327241882,3.4375138109596617,-1.993928311037971,1787260288.6165955
5.240499496459961,tr0,drive,1.2,0.26,0.33099999999999996,4291.2,4305.0,8.74,0.091,16.7,0.9704939178494352,-0.11839916932202232,-1.1953189381392448,1.1686527079767532,14.213960586794883,3.42630735322542,-1.98413826843936,1787260288.6281943
5.260364532470703,tr0,drive,1.2,0.26,0.33099999999999996,4291.2,4299.0,8.62,0.091,16.8,0.9978814004466193,-0.06491135985710716,-1.4405259569747386,1.200456068083724,14.204410231856956,3.4042357294820853,-1.9647695956112001,1787260288.6476147
5.280895948410034,tr0,drive,1.2,0.26,0.33099999999999996,4291.2,4296.0,8.72,0.091,16.7,1.0250937136231035,0.011555441655894505,-1.1627457063303623,1.1739181182605578,14.195284474063213,3.3819689336196608,-1.9449697523823282,1787260288.6681285
5.301208257675171,tr0,drive,1.2,0.26,0.33099999999999996,4291.2,4301.0,8.54,0.094,16.7,1.032330853885394,-0.14049380650994348,-1.3577542304618362,1.09039319769215,14.185185797908849,3.363517631378709,-1.926726789061286,1787260288.688754
5.3204734325408936,tr0,drive,1.2,0.26,0.33099999999999996,4291.2,4307.0,8.26,0.091,16.7,1.027803480032259,-0.14695441363325035,-1.2059540006032492,1.1798598944751173,14.176920237424353,3.3409313769573497,-1.9061175456153727,1787260288.7076352
5.340467929840088,tr0,drive,1.2,0.26,0.33099999999999996,4291.2,4318.0,8.23,0.089,16.7,1.0118291740236915,-0.1150556399061804,-1.2829686314286732,1.1717114620429174,14.169099179854308,3.318115986219678,-1.8855079921847493,1787260288.7282338
5.360647678375244,tr0,drive,1.2,0.26,0.33099999999999996,4291.2,4320.0,8.31,0.092,16.7,0.9872257600300761,-0.035738156187725245,-1.1710883677997614,1.203051326879738,14.1617617392563,3.295194477440807,-1.8652541139818197,1787260288.747656
5.3810389041900635,tr0,drive,1.2,0.26,0.33099999999999996,4291.2,4288.0,8.83,0.091,16.7,1.008999498786455,-0.14184210140687892,-1.1329322142470986,1.1976014876149532,14.151641247656654,3.260587629109297,-1.8353364853599439,1787260288.7776499
5.40056037902832,tr0,drive,1.2,0.26,0.33099999999999996,4291.2,4287.0,8.69,0.092,16.7,1.0583098571610623,-0.24090916896670223,-1.4870428983660986,1.174293993449416,14.144322152169083,3.2434021061060414,-1.817924239429418,1787260288.796722
5.4203879833221436,tr0,drive,1.2,0.26,0.33099999999999996,4291.2,4292.0,8.65,0.091,16.7,1.003409057605188,-0.12511343598020286,-1.2521424015510831,1.2043397325438663,14.138619280199489,3.2202276970796047,-1.7963642822371364,1787260288.8165956
5.440500736236572,tr0,drive,1.2,0.26,0.33099999999999996,4291.2,4280.0,8.86,0.094,16.7,0.9851569499162753,-0.1232578037409704,-1.0980374915444955,1.148872986048522,14.135916838974328,3.208471440166772,-1.7865611828924695,1787260288.8284283
5.460899114608765,tr0,drive,1.2,0.26,0.33099999999999996,4291.2,4274.0,8.72,0.09,16.7,1.0076859611578006,-0.3808075004908922,-0.9231422937649043,1.1900591467744952,14.130913670762888,3.1850802818162554,-1.7667849727806493,1787260288.8478203
5.480482578277588,tr0,drive,1.2,0.26,0.33099999999999996,4291.2,4296.0,8.46,0.09,16.7,0.985911223716013,-0.31340174573857027,-0.929351013790658,1.1892051606189762,14.126376460631674,3.1615994926558018,-1.7467380606724392,1787260288.8677943
5.500474214553833,tr0,drive,1.2,0.26,0.33099999999999996,4291.2,4314.0,8.33,0.092,16.7,0.9418796500961062,0.041852242678605656,-1.0942315387135082,0.9928377596760353,14.121343013748877,3.1446437384368027,-1.7287468313835692,1787260288.8909092
5.5204017162323,tr0,drive,1.2,0.26,0.33099999999999996,4291.2,4303.0,8.49,0.094,16.8,0.9418796500961062,0.041852242678605656,-1.0942315387135082,1.247180032877691,14.117694135535297,3.121071694188721,-1.7098943938833597,1787260288.9076676
5.540375471115112,tr0,drive,1.2,0.26,0.33099999999999996,4291.2,4295.0,8.46,0.092,16.7,0.9966053468103079,-0.4471331282856106,-1.1816339678604564,1.2633608596100878,14.113036566878304,3.0853528731078983,-1.6809942466466594,1787260288.9365835
5.560442209243774,tr0,drive,1.2,0.26,0.33099999999999996,4291.2,4312.0,8.39,0.091,16.7,0.9906077748773949,-0.0562597735262802,-1.0505516664780785,1.206907198791027,14.111711609794332,3.0733855479977987,-1.6708786162870137,1787260288.947782
5.580704212188721,tr0,drive,1.2,0.26,0.33099999999999996,4291.2,4300.0,8.6,0.092,16.7,0.9973602198212907,-0.07245386637533802,-1.120225190828016,1.202718867821291,14.109409941341216,3.0493186362582296,-1.6509764822651916,1787260288.9678245
5.600496053695679,tr0,drive,1.2,0.26,0.33099999999999996,4291.2,4279.0,8.75,0.092,16.7,1.0078572024158927,-0.3056745037429174,-1.3796386054204106,1.225424549762832,14.104153810841265,3.023634064443596,-1.630884812233388,1787260288.9889572
5.620721340179443,tr0,drive,1.2,0.26,0.33099999999999996,4291.2,4288.0,8.69,0.089,16.7,1.023688230357814,-0.06064175021387008,-1.2910567928259127,1.2845263997915088,14.10236150508781,2.987778685545964,-1.600738928957037,1787260289.0165727
5.64046311378479,tr0,drive,1.2,0.26,0.33099999999999996,4291.2,4289.0,8.69,0.093,16.7,1.0582425457645106,-0.018840963035207103,-1.1657194541580154,1.2608646155426009,14.101768896071489,2.9637863641303994,-1.580170444075228,1787260289.0366125
5.660444736480713,tr0,drive,1.2,0.26,0.33099999999999996,4291.2,4297.0,8.49,0.094,16.7,1.0589997490414473,-0.3165332953053941,-1.299998063023338,1.2076257250240594,14.10165888646591,2.9517711249986713,-1.5693911100192297,1787260289.0477033
5.682154178619385,tr0,drive,1.2,0.26,0.33099999999999996,4291.2,4297.0,8.49,0.094,16.7,1.0589997490414473,-0.3165332953053941,-1.299998063023338,1.1978419538283525,14.101829469658716,2.9267938126970807,-1.5473775371947587,1787260289.068661
5.700409412384033,tr0,drive,1.2,0.26,0.33099999999999996,4291.2,4308.0,8.38,0.091,16.7,1.0109723685219856,0.001878148588594808,-1.365046585774735,2.423702534408687,14.098962694746312,2.86870512472629,-1.5102999909030548,1787260289.088793
5.721234083175659,tr0,drive,1.2,0.26,0.33099999999999996,4291.2,4296.0,8.7,0.092,16.7,0.9800880888345003,-0.16653546974877642,-1.079314121502854,1.8384185867542344,14.100546140516471,2.844625661751585,-1.4900529004893133,1787260289.1076322
5.740405082702637,tr0,drive,1.2,0.26,0.33099999999999996,4291.2,4267.0,8.96,0.093,16.7,0.9863405252837337,-0.3464930408764211,-1.2295244933575304,1.46247325387398,14.10381772791547,2.8087046029328535,-1.4605081901995702,1787260289.1365867
5.760427951812744,tr0,drive,1.2,0.26,0.33099999999999996,4291.2,4272.0,8.86,0.089,16.7,1.0222042504193947,0.048370755511897734,-1.1593990523085225,1.3425172927921796,14.10657529234368,2.785020016708754,-1.4407528170058437,1787260289.1566784
5.780543088912964,tr0,drive,1.2,0.26,0.33099999999999996,4291.2,4278.0,8.87,0.093,16.7,1.0233585975938897,-0.10324353288098731,-1.0658086607522748,1.3281105867145824,14.109908959553943,2.7605028890837753,-1.4193959308719895,1787260289.177328
5.800589084625244,tr0,drive,1.2,0.26,0.33099999999999996,4291.2,4298.0,8.41,0.096,16.7,0.9941071019707318,-0.5248375844071411,-1.1822755536253666,0.9746508917153573,14.108440883186315,2.7595660721883095,-1.4110054029221504,1787260289.188945
5.820434808731079,tr0,drive,1.2,0.26,0.33099999999999996,4291.2,4333.0,7.68,0.092,16.7,0.9775839850405259,-0.20757696853366525,-1.0198622614526087,1.1801965116097564,14.11451790505204,2.724085484120435,-1.3810048399521269,1787260289.2166448
5.84046483039856,tr0,drive,1.2,0.26,0.33099999999999996,4291.2,4334.0,7.91,0.088,16.7,0.9769024821175746,0.05295022191659715,-1.0886946637949606,1.152142492286793,14.116818664465612,2.712020962138594,-1.3712819683890196,1787260289.227947
5.860620498657227,tr0,drive,1.2,0.26,0.33099999999999996,4291.2,4302.0,8.81,0.09,16.7,0.9373790410119267,-0.13896249375525738,-1.1908502033857005,1.182252532942167,14.121712353393454,2.6883576784954477,-1.3517838500871187,1787260289.2477596
5.880844831466675,tr0,drive,1.2,0.26,0.33099999999999996,4291.2,4272.0,9.07,0.093,16.7,0.9847498191646293,-0.18157874828173348,-1.27585900161273,1.195969632358427,14.127643293642176,2.6623566171324193,-1.330803584872698,1787260289.2698696
5.9005303382873535,tr0,drive,1.2,0.26,0.33099999999999996,4291.2,4275.0,8.78,0.09,16.7,1.0572778156596294,-0.08954854924496569,-1.2240343230760047,0.9563928319141235,14.127833853341839,2.6505732962641373,-1.3166545640865128,1787260289.288694
5.920507431030273,tr0,drive,1.2,0.26,0.33099999999999996,4291.2,4285.0,8.68,0.092,16.7,1.0639014301857928,-0.045808706501435204,-1.3926393052582,1.1117087049233645,14.133970076280894,2.6274330433138213,-1.2958608805520195,1787260289.3075993
5.940395355224609,tr0,drive,1.2,0.26,0.33099999999999996,4291.2,4285.0,8.68,0.095,16.7,1.0387330931459444,-0.3435010570441719,-1.3305269619722822,1.2076226176642033,14.144092463872893,2.5929433371707047,-1.2639474449112023,1787260289.3366346
5.960798025131226,tr0,drive,1.2,0.26,0.33099999999999996,4291.2,4298.0,8.27,0.091,16.8,1.015255463924133,-0.3855555128939834,-1.1232156032209915,1.173891917306716,14.147699449948275,2.581545947013556,-1.2537300119934922,1787260289.3475502
5.9805707931518555,tr0,drive,1.2,0.26,0.33099999999999996,4291.2,4306.0,8.26,0.09,16.7,0.9927056134470776,-0.08629016991070504,-1.012526636742031,1.1800253708618285,14.155316526583828,2.5587132711104754,-1.233270968734211,1787260289.3676965
6.00029993057251,tr0,drive,1.2,0.26,0.33099999999999996,4291.2,4285.0,8.9,0.09,16.7,0.9595231588969083,0.01572717438668736,-0.97607670078974,1.1514857036677957,14.162204559291222,2.531053370067754,-1.2058231053517796,1787260289.3966775
6.02085542678833,tr0,drive,1.2,0.26,0.33099999999999996,4291.2,4252.0,9.29,0.094,16.7,0.9973839219549926,-0.22245170106823053,-1.5899901509900474,1.1976929806843546,14.170858682248422,2.508703947013726,-1.1867955403063126,1787260289.416637
6.040499448776245,tr0,drive,1.2,0.26,0.33099999999999996,4291.2,4267.0,8.78,0.089,16.7,0.9968625415925824,-0.4787237720071644,-0.9778124468304199,1.1437423844835166,14.1753012553699,2.4977288303525733,-1.1766366272955875,1787260289.4282694
6.060368776321411,tr0,drive,1.2,0.26,0.33099999999999996,4291.2,4271.0,8.89,0.092,16.7,1.0213333301639116,0.05466283490936252,-1.1435870110647741,1.2257007991624156,14.189371913113996,2.4648261902014847,-1.1467409692154458,1787260289.4567795
6.080743789672852,tr0,drive,1.2,0.26,0.33099999999999996,4291.2,4267.0,8.93,0.093,16.7,1.0379034518873576,-0.13792231059128834,-1.3077678435146822,1.1813096630454818,14.194296792644185,2.453924376213731,-1.1362692276866424,1787260289.4678793
6.100916862487793,tr0,drive,1.2,0.26,0.33099999999999996,4291.2,4278.0,8.58,0.09,16.7,0.9853132774722629,-0.4847349657707092,-1.1707908906907178,1.0803988244185778,14.198305867331111,2.434500416692184,-1.1181605617046928,1787260289.4885893
6.120425224304199,tr0,drive,1.2,0.26,0.33099999999999996,4291.2,4295.0,8.56,0.092,16.8,0.9246754297171126,-0.06538976261696128,-1.0743985132739553,1.1665669282440188,14.208957924923018,2.4128663591049695,-1.0980155859440972,1787260289.5078187
6.140321731567383,tr0,drive,1.2,0.26,0.33099999999999996,4291.2,4297.0,8.59,0.092,16.7,0.9553401317727209,0.14224037903631803,-1.0437846835140263,1.302029883135722,14.225529849356173,2.381184450974733,-1.0701282067396274,1787260289.5365999
6.16054368019104,tr0,drive,1.2,0.26,0.33099999999999996,4291.2,4279.0,8.76,0.092,16.7,1.0142558464089715,-0.2725543014314482,-1.2157746920724222,1.2583098594542468,14.237172789106536,2.360136720493857,-1.0508559349038606,1787260289.55691
6.1808247566223145,tr0,drive,1.2,0.26,0.33099999999999996,4291.2,4276.0,8.83,0.089,16.7,1.0101281464564307,-0.10036390695681607,-1.3775979270704113,1.273941946801873,14.249161855171511,2.339435968481374,-1.0302850466442937,1787260289.5766494
6.2006590366363525,tr0,drive,1.2,0.26,0.33099999999999996,4291.2,4284.0,8.75,0.092,16.7,0.998147117344382,-0.01893884908392618,-1.1476794774749877,1.2020907256871558,14.255284589218071,2.3292335456036035,-1.0202543101194144,1787260289.588152
6.220387697219849,tr0,drive,1.2,0.26,0.33099999999999996,4291.2,4278.0,8.8,0.093,16.7,1.0297371347207385,-0.3021079944031406,-0.9119938457446537,1.1688510494299424,14.26612842808137,2.305455968883826,-0.9948185333281118,1787260289.6165802
6.24045205116272,hold0,drive,1.2,0.26,0.33099999999999996,4291.2,4273.0,8.71,0.091,16.7,1.0518295872805725,-0.44247026596410066,-1.0177046387845579,1.129696528096864,14.272686525344993,2.295357893207019,-0.9841793630005707,1787260289.6281765
6.260531902313232,hold0,drive,1.2,0.26,0.33099999999999996,4291.2,4275.0,8.97,0.091,16.8,1.0031974028775539,-0.023489353497358145,-1.3546932129368372,1.2195413920672007,14.285985773150315,2.275570454638494,-0.9631893624438178,1787260289.6465602
6.280445098876953,hold0,drive,1.2,0.26,0.33099999999999996,4291.2,4294.0,8.61,0.093,16.7,0.9859054979196693,0.014322714240125212,-1.5272509861593733,1.1718573602530895,14.301264216878751,2.2538474442694363,-0.9408950999247097,1787260289.670114
6.300419092178345,hold0,drive,1.2,0.26,0.33099999999999996,4291.2,4299.0,8.39,0.094,16.7,0.9981097665100938,-0.40325368326240607,-1.2378406961749704,1.0011532838439132,14.306266935303363,2.2411969104155514,-0.9267807372479993,1787260289.6889293
6.320688962936401,hold0,drive,1.2,0.26,0.33099999999999996,4291.2,4304.0,8.36,0.09,16.8,1.0033988710140183,-0.13219202073421332,-1.2058642458391446,1.1184563089903086,14.320639606390165,2.222222980357316,-0.9070805032764977,1787260289.7075896
6.340385437011719,hold0,drive,1.2,0.26,0.33099999999999996,4291.2,4295.0,8.67,0.091,16.7,0.9927682643117218,-0.23486903148443972,-1.1717128504581567,1.2117991145822598,14.343122945326188,2.194045974055294,-0.8769694277599291,1787260289.7366412
6.361742973327637,hold0,drive,1.2,0.26,0.33099999999999996,4291.2,4277.0,8.98,0.092,16.7,0.9684350945897222,-0.3430516254118601,-1.2106735809190141,1.1760605296120534,14.35080001303516,2.184806759339913,-0.8671338852854664,1787260289.747635
6.380519866943359,hold0,drive,1.2,0.26,0.33099999999999996,4291.2,4271.0,8.82,0.09,16.7,1.0187400104734199,-0.1233284636906431,-1.274186697864593,1.22982389442874,14.374282541500124,2.157675713017715,-0.8379447271946272,1787260289.7766132
6.401262521743774,hold0,drive,1.2,0.26,0.33099999999999996,4291.2,4282.0,8.82,0.092,16.7,1.043028705405215,-0.03867395192966061,-1.2377237518569189,1.1768039804284072,14.383137908670552,2.1411561392858207,-0.8198167727827863,1787260289.7970808
6.420368432998657,hold0,drive,1.2,0.26,0.33099999999999996,4291.2,4282.0,8.76,0.093,16.7,0.9852552205604992,-0.3042717566478892,-1.159375371084117,1.2015219965293265,14.399218781359187,2.124098516818624,-0.7992776327406866,1787260289.8166604
6.44060492515564,hold0,drive,1.2,0.26,0.33099999999999996,4291.2,4315.0,8.05,0.093,16.7,0.9567349623936499,-0.07420990408245487,-1.148270046281148,1.1632271942711094,14.40758092566854,2.1154894644875926,-0.7897120995289328,1787260289.8278365
6.46120285987854,hold0,drive,1.2,0.26,0.33099999999999996,4291.2,4334.0,7.85,0.091,16.7,0.9982919933076823,0.08376711452129282,-1.049899117183351,1.2325901850843244,14.424614706176252,2.0984583621219453,-0.7704500798339599,1787260289.8466082
6.482705593109131,hold0,drive,1.2,0.26,0.33099999999999996,4291.2,4318.0,8.39,0.089,16.7,0.989971812009084,-0.19503454424224032,-0.9606055522331118,1.1863962317409324,14.442078447230202,2.081655841153981,-0.7506710175835231,1787260289.8677282
6.500428199768066,hold0,drive,1.2,0.26,0.33099999999999996,4291.2,4278.0,9.16,0.094,16.7,0.969232445020092,-0.2670487091179794,-1.1330826338761923,1.1427959760306767,14.45502265749501,2.062968722180771,-0.7304609686152336,1787260289.888784
6.5213000774383545,hold0,drive,1.2,0.26,0.33099999999999996,4291.2,4279.0,8.71,0.091,16.7,0.9942724176953984,-0.11786460588067893,-1.2261321579614517,1.1889823161098185,14.472917805971447,2.0470974237575974,-0.7109577044785756,1787260289.9077327
6.540662527084351,hold0,drive,1.2,0.26,0.33099999999999996,4291.2,4293.0,8.57,0.092,16.7,1.0241594101336764,-0.03629995486438986,-1.132896838590888,1.2494463310718527,14.500424131621873,2.023880396108682,-0.6812069719510934,1787260289.9366736
6.560833930969238,hold0,drive,1.2,0.26,0.33099999999999996,4291.2,4297.0,8.56,0.093,16.7,1.0076354276761164,-0.17301053045889248,-1.2042407663437942,1.2407405606692363,14.518995423080824,2.0089825251761733,-0.6607470828572793,1787260289.9566362
6.580493927001953,hold0,drive,1.2,0.26,0.33099999999999996,4291.2,4304.0,8.35,0.093,16.7,1.007202530840924,-0.17389492186415723,-1.1480608621322332,1.240122298705109,14.538188401429336,1.9942130792244355,-0.640522287914662,1787260289.9767327
6.600712776184082,hold0,drive,1.2,0.26,0.33099999999999996,4291.2,4328.0,7.87,0.089,16.7,0.9939337967627949,-0.24478558074931556,-1.0807794338080399,1.1894422411308185,14.54521675525828,1.9835652072752379,-0.6304597368540948,1787260289.9886432
6.6203835010528564,hold0,drive,1.2,0.26,0.33099999999999996,4291.2,4312.0,8.48,0.09,16.7,0.9460702672294004,-0.05691945825166389,-1.0613805641492533,1.2722415458052891,14.574649712103492,1.9625201615359182,-0.6005881333741945,1787260290.0165665
6.640462875366211,hold0,drive,1.2,0.26,0.33099999999999996,4291.2,4288.0,8.94,0.093,16.7,0.9920429523888388,-0.052522982295890586,-1.4207226061558913,1.1925993512044961,14.584750110626599,1.9555937761256443,-0.591240385114185,1787260290.0287313
6.660488605499268,hold0,drive,1.2,0.26,0.33099999999999996,4291.2,4284.0,8.62,0.089,16.7,1.0193289685484908,-0.4075939619915907,-1.3047980425577634,1.2259973992591695,14.604637411312838,1.9423852823522483,-0.5717178443499394,1787260290.047669
6.682622909545898,hold0,drive,1.2,0.26,0.33099999999999996,4291.2,4297.0,8.55,0.09,16.7,1.0157511447820238,0.13621474082223894,-1.182978535157254,1.1711178519578915,14.6248914424316,1.9295021068125497,-0.5514354606299846,1787260290.0690987
6.70400857925415,hold0,drive,1.2,0.26,0.33099999999999996,4291.2,4297.0,8.62,0.095,16.7,1.0067334815939337,0.010656573823133453,-1.1629516745105306,1.3653261890997688,14.65655654734609,1.9060487834710764,-0.5199436111732806,1787260290.0966022
6.720308303833008,hold0,drive,1.2,0.26,0.33099999999999996,4291.2,4301.0,8.31,0.091,16.7,0.9696546892109241,-0.5203142878202058,-1.0301537999823367,1.3091330088488968,14.677461424393162,1.894219496955727,-0.49986269550291657,1787260290.1165922
6.740778923034668,hold0,drive,1.2,0.26,0.33099999999999996,4291.2,4306.0,8.29,0.089,16.7,0.941124976822205,-0.4207416462191311,-1.059128801305171,1.238735372752029,14.688020984665783,1.8884492489362246,-0.4903522684957165,1787260290.1277914
6.761014461517334,hold0,drive,1.2,0.26,0.33099999999999996,4291.2,4320.0,8.3,0.091,16.7,0.9412601322475265,0.3623713018402661,-1.34301339917144,1.2194071158964066,14.709336277934074,1.877198914214782,-0.47136875010373835,1787260290.1477191
6.780545711517334,hold0,drive,1.2,0.26,0.33099999999999996,4291.2,4320.0,8.3,0.091,16.7,0.9412601322475265,0.3623713018402661,-1.34301339917144,1.2040444510621422,14.730905214692555,1.866327567717008,-0.4525421783186496,1787260290.167884
6.800552129745483,hold0,drive,1.2,0.26,0.33099999999999996,4291.2,4291.0,8.62,0.094,16.7,0.9904284775570054,-0.3908798049693729,-1.0732423725096183,1.1980772282178092,14.75257191031471,1.8559195143749203,-0.4331086872629915,1787260290.1877067
6.820389270782471,hold0,drive,1.2,0.26,0.33099999999999996,4291.2,4300.0,8.42,0.09,16.7,0.9991758964734796,-0.09699315144192777,-1.2043847540353951,1.2684087420377494,14.784211583324556,1.8375476646183349,-0.40229549115892493,1787260290.2165637
6.840470552444458,hold0,drive,1.2,0.26,0.33099999999999996,4291.2,4300.0,8.59,0.092,16.7,1.0026712954042087,0.10781356151376897,-1.2547508445652227,1.1792923572606722,14.795313856853285,1.8328241705436008,-0.3922263919825098,1787260290.2289848
6.86044454574585,hold0,drive,1.2,0.26,0.33099999999999996,4291.2,4296.0,8.52,0.093,16.8,1.0153520700926755,-0.3946710301253056,-1.152946941920824,1.26724891965916,14.828677948872249,1.8194112599427787,-0.3622580151962036,1787260290.2564998
6.8807971477508545,hold0,drive,1.2,0.26,0.33099999999999996,4291.2,4293.0,8.47,0.09,16.7,1.0076336300423807,-0.20077928768612452,-1.2338555261765691,1.2093524619134377,14.840020184620563,1.8151147511579182,-0.3519361699857782,1787260290.26779
6.9016196727752686,hold0,drive,1.2,0.26,0.33099999999999996,4291.2,4296.0,8.65,0.093,16.7,1.0308977403237949,0.06929838433655044,-1.2334392044043057,1.0644072823332198,14.85587324220269,1.8052835041508033,-0.33423553064083783,1787260290.2877812
6.92061710357666,hold0,drive,1.2,0.26,0.33099999999999996,4291.2,4306.0,8.37,0.092,16.7,1.0273210484007913,-0.14015671451315992,-1.2283462793531612,1.193875325464764,14.889985585977845,1.7938232501127398,-0.3034301616101448,1787260290.3165853
6.94065260887146,hold0,drive,1.2,0.26,0.33099999999999996,4291.2,4301.0,8.32,0.091,16.7,0.9922450863155756,-0.29335679526764835,-1.2677433583007485,1.2112809289148663,14.91303686873321,1.7867290779714844,-0.2828725887357245,1787260290.3367631
6.9605724811553955,hold0,drive,1.2,0.26,0.33099999999999996,4291.2,4302.0,8.46,0.091,16.7,0.9895572244063859,-0.2378610153166889,-1.2862611987034143,1.2254961226538148,14.93616157966761,1.7801237640811125,-0.2632089584585248,1787260290.3566258
6.981312036514282,hold0,drive,1.2,0.26,0.33099999999999996,4291.2,4288.0,8.78,0.092,16.7,0.9634663683649343,-0.1830955891770607,-0.8211545692705684,3.090459085829309,14.994778409692147,1.7601834339813194,-0.22560444467528026,1787260290.3778818
7.000998497009277,hold0,drive,1.2,0.26,0.33099999999999996,4291.2,4263.0,9.06,0.092,16.7,0.9988796863812356,-0.19624151923983035,-1.1211483200386354,2.5322067901860406,15.006406986210518,1.757526494880438,-0.21608153621646767,1787260290.3875825
7.020363092422485,hold0,drive,1.2,0.26,0.33099999999999996,4291.2,4281.0,8.59,0.09,16.7,1.008459742612523,-0.16368305165110186,-1.4699453467061687,1.691122187376187,15.041463947417425,1.7502098872261345,-0.1863660128275327,1787260290.4165323
7.040513753890991,hold0,drive,1.2,0.26,0.33099999999999996,4291.2,4295.0,8.49,0.091,16.7,0.9698222686225173,-0.22189164742006184,-1.2549592978121495,1.4637775145537122,15.065116742436112,1.7458826739907354,-0.1660584610825932,1787260290.4365919
7.061468601226807,hold0,drive,1.2,0.26,0.33099999999999996,4291.2,4316.0,8.31,0.094,16.7,0.970636796441918,-0.00829201909791788,-1.3102958873101613,1.3469790535670862,15.088828864407304,1.7420224286845922,-0.14685436017433318,1787260290.456605
7.081287860870361,hold0,drive,1.2,0.26,0.33099999999999996,4291.2,4322.0,7.97,0.092,16.7,1.0219111695414316,0.02275129780633023,-0.9740680359468072,1.2762060695307746,15.105650391466954,1.7395278548804,-0.13319849704215106,1787260290.4719105
7.100683689117432,hold0,drive,1.2,0.26,0.33099999999999996,4291.2,4315.0,8.19,0.09,16.7,1.0081700572649497,-0.3395685119888938,-1.013484410706873,1.0227551854575578,15.108785414974777,1.7374271104058598,-0.12500776943314085,1787260290.490924
7.120399713516235,hold0,drive,1.2,0.26,0.33099999999999996,4291.2,4280.0,9.0,0.089,16.7,0.9467599593727036,-0.26356563224011254,-1.022114024296691,1.2903461824337075,15.144569152485605,1.7332890029656005,-0.09473883895485695,1787260290.5165823
7.1406409740448,hold0,drive,1.2,0.26,0.33099999999999996,4291.2,4266.0,9.13,0.093,16.7,0.9700064262118964,-0.07229980137257996,-1.3154829525373373,1.2637784106046623,15.168392206756828,1.7311321804851814,-0.07612250638063617,1787260290.5365875
7.162343740463257,hold0,drive,1.2,0.26,0.33099999999999996,4291.2,4266.0,8.81,0.09,16.7,1.0443807922906483,0.05196624511549164,-1.4507664785457166,1.2491727404487367,15.192190249289784,1.7294401249745488,-0.05660459465631396,1787260290.5565784
7.180475950241089,hold0,drive,1.2,0.26,0.33099999999999996,4291.2,4283.0,8.64,0.091,16.7,1.0573933302719116,-0.048463607473175685,-1.320299596637085,1.2500542073889083,15.216004922649185,1.7282275405373873,-0.03535371044595148,1787260290.5765617
7.20083212852478,hold0,drive,1.2,0.26,0.33099999999999996,4291.2,4296.0,8.41,0.093,16.7,1.0443516306767118,-0.12877956726091977,-1.1321342154567944,0.9916582451311343,15.211540058640955,1.726634446166291,-0.03095954798835569,1787260290.5887566
7.220621347427368,hold0,drive,1.2,0.26,0.33099999999999996,4291.2,4308.0,8.2,0.091,16.7,1.0293302037061745,-0.20360272551998193,-1.0082738104356892,1.1749611108673341,15.247382634628538,1.725886551806661,0.0003580508009518626,1787260290.6166046
7.240394830703735,hold0,drive,1.2,0.26,0.33099999999999996,4291.2,4301.0,8.38,0.091,16.7,1.0080313065721567,-0.20811155024755834,-0.9794691092760175,1.2089508892743877,15.27149618030567,1.7259998825449745,0.020798670668751202,1787260290.6365917
7.260411739349365,hold0,drive,1.2,0.26,0.33099999999999996,4291.2,4282.0,8.88,0.09,16.7,0.9638503296150963,0.025377264195627802,-1.3938906094613515,1.220744465517349,15.295545271188596,1.7266086786143173,0.04084586589987845,1787260290.656594
7.282033681869507,hold0,drive,1.2,0.26,0.33099999999999996,4291.2,4269.0,9.01,0.094,16.7,0.9711035154229545,-0.2604468003678768,-1.2822558558101491,1.181825521203449,15.308976392802178,1.727152490882731,0.051431998747429826,1787260290.6689148
7.300590991973877,hold0,drive,1.2,0.26,0.33099999999999996,4291.2,4265.0,8.82,0.09,16.7,1.017506167940386,-0.1997118784231091,-1.2336108201910463,0.8798257275341959,15.320924652262352,1.7264527200027042,0.06765042445865131,1787260290.6877167
7.32087779045105,hold0,drive,1.2,0.26,0.33099999999999996,4291.2,4275.0,8.82,0.092,16.7,1.0516290512504896,0.09709606244181312,-1.0671025034511175,1.126188439563976,15.356521419306675,1.7292185997061968,0.09792742571103341,1787260290.7165713
7.340666770935059,hold0,drive,1.2,0.26,0.33099999999999996,4291.2,4294.0,8.43,0.092,16.7,1.0213122911913002,-0.24502473187973095,-1.0893165152061997,1.1774390093103524,15.380316010404787,1.7316800404753918,0.11913872804452287,1787260290.7365944
7.361447334289551,hold0,drive,1.2,0.26,0.33099999999999996,4291.2,4299.0,8.3,0.091,16.7,0.9527738431672933,-0.6184118595745574,-0.9923584196508628,1.151750957494065,15.392354288939874,1.733109225304522,0.1292249954659601,1787260290.7476978
7.381113290786743,hold0,drive,1.2,0.26,0.33099999999999996,4291.2,4308.0,8.26,0.091,16.7,0.9477605755732736,0.1330686919872317,-1.016048707240948,1.1299128038620927,15.41617992261037,1.736316672381849,0.14863133218158703,1787260290.769395
7.402003765106201,hold0,drive,1.2,0.26,0.33099999999999996,4291.2,4296.0,8.63,0.09,16.7,1.0052060255507187,0.1898148807864075,-1.2221887955567539,2.707484555270128,15.489903778493748,1.7446605066664913,0.19690504193116032,1787260290.7966087
7.420423984527588,hold0,drive,1.2,0.26,0.33099999999999996,4291.2,4279.0,8.82,0.091,16.7,0.9933608176542644,-0.10471865754535958,-1.0746288935805168,1.9705307593622055,15.51345398595429,1.7495014903377575,0.21762560571227818,1787260290.8166814
7.440710067749023,hold0,drive,1.2,0.26,0.33099999999999996,4291.2,4281.0,8.69,0.09,16.7,0.9937997066019095,-0.19070873737241456,-1.1320549856813145,1.7014498479134437,15.525086377004241,1.7520807353295784,0.22750193992766943,1787260290.8277795
7.460457801818848,hold0,drive,1.2,0.26,0.33099999999999996,4291.2,4289.0,8.61,0.091,16.7,1.0234075997579473,0.07060497213880579,-1.1767570974369121,1.4029846468269083,15.559973872730946,1.7605280715129796,0.25727423298488067,1787260290.8565633
7.481887340545654,hold0,drive,1.2,0.26,0.33099999999999996,4291.2,4290.0,8.57,0.092,16.7,1.041735607537927,-0.19896708929751838,-1.1147874262190172,1.3061557560818724,15.57326858553799,1.7640322839018436,0.26930634743719856,1787260290.869291
7.500445604324341,hold0,drive,1.2,0.26,0.33099999999999996,4291.2,4290.0,8.49,0.09,16.7,1.0271243073752616,-0.33764393741966003,-1.1961619604919989,1.1592058394417206,15.596237618538106,1.7683020738027857,0.29384255966652534,1787260290.8966744
7.521179914474487,hold0,drive,1.2,0.26,0.33099999999999996,4291.2,4296.0,8.51,0.091,16.7,1.0096952496212381,-0.0019565104179641857,-1.3696176468065744,1.2116777033401263,15.619149902123027,1.7753560549640042,0.31429599198093733,1787260290.9166672
7.540782451629639,hold0,drive,1.2,0.26,0.33099999999999996,4291.2,4300.0,8.57,0.092,16.7,0.9998472793842887,-0.16281316865029538,-1.13224911324928,1.228756102777985,15.642236859136943,1.7829826222070753,0.3346401884549467,1787260290.9368193
7.562358856201172,hold0,drive,1.2,0.26,0.33099999999999996,4291.2,4291.0,8.55,0.093,16.7,0.9786555744841466,-0.3004226075094216,-1.1223686339975032,1.185385385826652,15.653426913732272,1.7868669691193921,0.3443994993439414,1787260290.9477446
7.580923318862915,hold0,drive,1.2,0.26,0.33099999999999996,4291.2,4289.0,8.59,0.09,16.7,1.0020994481391414,-0.030919492971236195,-1.2547075751675436,1.1605633465151028,15.676940101931768,1.7954361240946837,0.3649193620229175,1787260290.9698708
7.600489854812622,hold0,drive,1.2,0.26,0.33099999999999996,4291.2,4289.0,8.64,0.091,16.7,1.019942294547536,-0.23290279550190007,-0.9796614826792123,1.2561223582628325,15.708294123722903,1.8039889361685721,0.39133757609965414,1787260290.9966364
7.620522737503052,hold0,drive,1.2,0.26,0.33099999999999996,4291.2,4278.0,8.85,0.091,16.7,1.0051966379078763,-0.17270070110625468,-1.0818246236506255,1.2036044100462695,15.71935203562075,1.8085501852324972,0.40157555452288124,1787260291.0077012
7.640501976013184,hold0,drive,1.2,0.26,0.33099999999999996,4291.2,4271.0,8.8,0.091,16.7,1.0111118515840785,-0.19739404203932764,-1.3922481265143176,1.1945829634087648,15.741337119997162,1.8180186981020547,0.4217618326097107,1787260291.0277357
7.660397529602051,hold0,drive,1.2,0.26,0.33099999999999996,4291.2,4283.0,8.68,0.092,16.8,1.0031288930585116,-0.16975213285208213,-1.2897145644154762,1.2352161303419587,15.773880893997223,1.8330194785808167,0.45204934891094845,1787260291.0565748
7.681006669998169,hold0,drive,1.2,0.26,0.33099999999999996,4291.2,4300.0,8.47,0.093,16.7,0.9749800127056738,-0.12854037958540498,-1.1379672518608075,1.1896958520131902,15.785852986640498,1.838830800908838,0.46314668394256353,1787260291.0688574
7.700639963150024,hold0,drive,1.2,0.26,0.33099999999999996,4291.2,4314.0,8.0,0.093,16.7,0.9887034815399338,0.06573184758794914,-0.8293000333836531,1.0453257805557206,15.802397039910174,1.842447675615253,0.47648171266743367,1787260291.0878484
7.7204859256744385,hold0,drive,1.2,0.26,0.33099999999999996,4291.2,4304.0,8.33,0.09,16.7,1.005407693424265,-0.3052540523744227,-0.8408643646349745,1.1280056870990072,15.823764152114938,1.853599678625522,0.4961952097156847,1787260291.1076765
7.740563154220581,hold0,drive,1.2,0.26,0.33099999999999996,4291.2,4286.0,8.85,0.09,16.7,0.9876356871008666,-0.07841059880451517,-0.887278102665654,1.1551815566461563,15.844888009307054,1.8651662318813576,0.5162439209314866,1787260291.1279361
7.760517597198486,hold0,drive,1.2,0.26,0.33099999999999996,4291.2,4280.0,8.9,0.093,16.7,0.9816793941648498,-0.1184970370981917,-1.2587094097312672,1.1804532553714024,15.86565785616666,1.8770916827049757,0.5360681162792605,1787260291.1476839
7.781561374664307,hold0,drive,1.2,0.26,0.33099999999999996,4291.2,4277.0,8.67,0.09,16.7,1.0217146282529836,-0.09582613851052191,-1.413381426590206,1.1824463917306438,15.887862399480525,1.8904443847455135,0.5573460475241585,1787260291.1695762
7.801533460617065,hold0,drive,1.2,0.26,0.33099999999999996,4291.2,4289.0,8.56,0.091,16.7,1.0509085995965959,-0.14241836280662756,-1.4864280636139426,1.2449160503759125,15.9110940141304,1.8999420645935186,0.5749523415440798,1787260291.18914
7.820441722869873,hold0,drive,1.2,0.26,0.33099999999999996,4291.2,4284.0,8.78,0.092,16.7,1.044184184423173,0.07584413697330117,-1.4448955814187343,1.2848141611694568,15.94107954313404,1.9198214256780088,0.6064869058151956,1787260291.2166069
7.840778589248657,hold0,drive,1.2,0.26,0.33099999999999996,4291.2,4291.0,8.49,0.094,16.7,1.0435584747250588,-0.26624775017462454,-1.1387868853499512,1.222715085956425,15.950946794562897,1.9266655794563374,0.6168898556354993,1787260291.2277484
7.861465215682983,hold0,drive,1.2,0.26,0.33099999999999996,4291.2,4299.0,8.24,0.091,16.7,1.0071280289094289,-0.6021181539208342,-0.9163751646204545,1.2448182739571954,15.980163469186127,1.9478479265644597,0.6482910188747715,1787260291.2567258
7.881126165390015,hold0,drive,1.2,0.26,0.33099999999999996,4291.2,4278.0,8.89,0.088,16.7,0.9582409134110624,-0.11320172528661931,-1.13405327171602,1.192819600799205,15.989696571938682,1.955062197858558,0.6581021796201286,1787260291.2678833
7.900447607040405,hold0,drive,1.2,0.26,0.33099999999999996,4291.2,4261.0,9.27,0.093,16.7,1.0073535320747313,-0.02139624206600743,-1.4606918351795457,1.3759338048995955,16.024754637700283,1.976678229938478,0.687107956275298,1787260291.2967153
7.920377492904663,hold0,drive,1.2,0.26,0.33099999999999996,4291.2,4258.0,8.91,0.091,16.7,1.0390344964023142,-0.22809857673594536,-1.3064776553257786,1.3027628022318027,16.04305534359502,1.9918670944678554,0.7074590239593269,1787260291.3166244
7.940595626831055,hold0,drive,1.2,0.26,0.33099999999999996,4291.2,4278.0,8.7,0.09,16.7,1.0344124471724272,-0.023560022583305695,-1.1189005040652873,1.264969575684052,16.061074389398062,2.0074537269298456,0.7284109585287062,1787260291.3366218
7.96053409576416,hold0,drive,1.2,0.26,0.33099999999999996,4291.2,4280.0,8.72,0.092,16.7,0.989008413484748,-0.34449954224973567,-1.083171529833784,1.2099430290657458,16.06998163969259,2.0153992997002725,0.7387094014398792,1787260291.347658
7.980916500091553,hold0,drive,1.2,0.26,0.33099999999999996,4291.2,4282.0,8.58,0.093,16.7,0.9520358812292323,-0.5610476748721283,-0.9492758405198813,1.19411607298438,16.088406573986127,2.032357812780956,0.7596347524647741,1787260291.3688288
8.00054383277893,hold0,drive,1.2,0.26,0.33099999999999996,4291.2,4300.0,8.28,0.091,16.7,0.9806882321861495,0.006892551925560042,-0.8812029915232742,1.0772622507808136,16.103888059898264,2.043426087355574,0.7776010075080287,1787260291.3889587
8.020492315292358,hold0,drive,1.2,0.26,0.33099999999999996,4291.2,4305.0,8.39,0.09,16.7,1.010999932239268,0.3321161987759602,-1.1709192370797794,1.1873756376223712,16.120995312785997,2.0604228950370693,0.797139684739705,1787260291.4076242
8.040466070175171,hold0,drive,1.2,0.26,0.33099999999999996,4291.2,4293.0,8.76,0.092,16.7,0.9963781125902968,-0.21544377626389277,-1.0987043665181844,1.18792252570615,16.137715692429254,2.07770221811824,0.8171966220771403,1787260291.4277153
8.060682535171509,hold0,drive,1.2,0.26,0.33099999999999996,4291.2,4268.0,8.98,0.091,16.7,0.9984370690080644,-0.34184461386917064,-1.3423219658909602,1.2344111741015125,16.162053873101424,2.1041613652218314,0.8471292100321867,1787260291.456621
8.081028938293457,hold0,drive,1.2,0.26,0.33099999999999996,4291.2,4287.0,8.56,0.091,16.7,1.0280072784346774,0.07647656362267652,-1.1919772542509222,1.1551164951361867,16.171485886649165,2.1148439462996103,0.8590890303865368,1787260291.4713109
8.101624488830566,hold0,drive,1.2,0.26,0.33099999999999996,4291.2,4298.0,8.5,0.092,16.7,1.0380256244023647,-0.14115348209905232,-1.0237016895946383,1.2269012192878481,16.186057413153776,2.1318988073648386,0.8782074379019674,1787260291.4884925
8.120407342910767,hold0,drive,1.2,0.26,0.33099999999999996,4291.2,4287.0,8.59,0.092,16.7,0.9929203973889925,-0.47661617958018,-1.051375393018354,1.347601974677406,16.21508779834643,2.160450406312611,0.9108924927149261,1787260291.5166876
8.141984701156616,hold0,drive,1.2,0.26,0.33099999999999996,4291.2,4273.0,8.88,0.09,16.7,0.9973217371435393,-0.11483092409002449,-1.3403976471374222,1.2683288812815692,16.222357529071992,2.1698165969560828,0.92049421596359,1787260291.5276318
8.16050124168396,hold0,drive,1.2,0.26,0.33099999999999996,4291.2,4288.0,8.74,0.092,16.7,1.0353201856299807,0.10667549230108087,-1.4263543521524582,1.261870963884431,16.243833278924527,2.1986489197628982,0.9504424922005091,1787260291.556619
8.181048393249512,hold0,drive,1.2,0.26,0.33099999999999996,4291.2,4297.0,8.46,0.093,16.7,1.016581917884074,-0.2357261967906581,-1.2761920005583818,1.2029070486629863,16.251835358158832,2.2098526371328675,0.962515938204358,1787260291.5695426
8.200504779815674,hold0,drive,1.2,0.26,0.33099999999999996,4291.2,4281.0,8.69,0.091,16.7,0.9886459572603882,-0.31663119962666286,-1.2196879413152217,1.810546996553639,16.278644520694094,2.241846564427682,0.9926648122639118,1787260291.588778
8.22037124633789,hold0,drive,1.2,0.26,0.33099999999999996,4291.2,4276.0,8.82,0.091,16.7,0.9885295105417243,-0.36403713710581087,-0.9214946945039557,1.4810967827797143,16.2980188825523,2.272205226062534,1.0223625094004494,1787260291.6166098
8.240762710571289,hold0,drive,1.2,0.26,0.33099999999999996,4291.2,4270.0,9.04,0.092,16.7,0.9821459799878317,-0.10306051502323665,-1.0572844432291006,1.3612817740698817,16.304211521500214,2.2823564636440388,1.0322412100790486,1787260291.6276026
8.260462045669556,hold0,drive,1.2,0.26,0.33099999999999996,4291.2,4276.0,8.68,0.093,16.7,0.9968736602901334,-0.24256561214170347,-1.4848279729822025,1.2715508941402727,16.31635189583051,2.3029193068065177,1.051906978340877,1787260291.6475825
8.282667636871338,hold0,drive,1.2,0.26,0.33099999999999996,4291.2,4284.0,8.6,0.09,16.7,0.9741686806795811,-0.34306606072611956,-1.50656032032731,1.2206656984965947,16.328125064115106,2.3237809488052528,1.071799996814658,1787260291.6678736
8.30059027671814,hold0,drive,1.2,0.26,0.33099999999999996,4291.2,4285.0,8.75,0.092,16.8,0.9738615516268677,-0.14715190335035988,-1.3043942922996905,1.3997937562066027,16.330273287250765,2.3284202031198866,1.094009890605365,1787260291.696591
8.320515871047974,hold0,drive,1.2,0.26,0.33099999999999996,4291.2,4318.0,8.26,0.094,16.7,1.013435592793227,0.4613676637690425,-1.169841741369332,1.3171228788235718,16.341191435065618,2.34977591238976,1.1135006899448743,1787260291.7165852
8.34086298942566,hold0,drive,1.2,0.26,0.33099999999999996,4291.2,4314.0,8.15,0.091,16.7,1.0480597495995108,-0.049460375059068085,-0.9001038245675588,1.2534753488935761,16.346630646680257,2.3607890411979056,1.1238484885521427,1787260291.7277014
8.360414028167725,hold0,drive,1.2,0.26,0.33099999999999996,4291.2,4298.0,8.55,0.089,16.8,1.0107659069584773,-0.5850524695875734,-0.6810466516013705,1.2586779288087568,16.361843227665982,2.3933534639236607,1.1550378043898928,1787260291.756549
8.380890130996704,hold0,drive,1.2,0.26,0.33099999999999996,4291.2,4280.0,9.0,0.09,16.7,0.9580401776438977,-0.20603290153929166,-1.2041238220257426,1.143182487129103,16.366772763632667,2.4044938263300204,1.1650423588309562,1787260291.7704923
8.402732372283936,hold0,drive,1.2,0.26,0.33099999999999996,4291.2,4266.0,9.09,0.093,16.7,0.9580401776438977,-0.20603290153929166,-1.2041238220257426,1.224612957600755,16.37610075536209,2.426502702258525,1.1844469238210258,1787260291.78875
8.420468091964722,hold0,drive,1.2,0.26,0.33099999999999996,4291.2,4279.0,8.64,0.091,16.7,1.0653692314205898,-0.023250156685568513,-1.4946469102866047,0.9938015369239543,16.38173875909549,2.4376740961272225,1.2028630142498804,1787260291.8077319
8.441571712493896,hold0,drive,1.2,0.26,0.33099999999999996,4291.2,4288.0,8.61,0.091,16.7,1.0669953575821922,-0.12432693062365718,-1.3717127042644677,1.0930039977505737,16.39022654703225,2.4600198744391752,1.2238370273256158,1787260291.827711
8.460516452789307,hold0,drive,1.2,0.26,0.33099999999999996,4291.2,4286.0,8.69,0.094,16.7,1.0378087765106052,-0.3413390124190947,-1.1218651887082913,1.2033456957359596,16.402083771315535,2.493917337208058,1.2558498243149483,1787260291.856646
8.480467796325684,hold0,drive,1.2,0.26,0.33099999999999996,4291.2,4295.0,8.4,0.092,16.7,1.0172523021094741,-0.44287796309290783,-0.9208998864662661,1.1698385699032767,16.406669605700987,2.5079692800926816,1.268474567126227,1787260291.8701863
8.500531673431396,hold0,drive,1.2,0.26,0.33099999999999996,4291.2,4293.0,8.55,0.088,16.7,0.999751205847964,-0.25644361363547574,-1.0237752183346132,1.2432825134377905,16.41626863588996,2.530513139816385,1.2909476815464769,1787260291.888891
8.520487546920776,hold0,drive,1.2,0.26,0.33099999999999996,4291.2,4270.0,9.14,0.091,16.7,0.9890757914603269,-0.05354695770827966,-1.4817307027186075,1.283102095076198,16.425869683075717,2.565221376513458,1.3210714451139902,1787260291.9166095
8.540748119354248,hold0,drive,1.2,0.26,0.33099999999999996,4291.2,4255.0,9.15,0.093,16.7,0.9809971588725988,-0.4959997368423217,-1.1136964819119939,1.258980963126054,16.431664464742717,2.5884321567661472,1.340835964511305,1787260291.9366474
8.561000347137451,hold0,drive,1.2,0.26,0.33099999999999996,4291.2,4258.0,9.01,0.09,16.7,1.0131378513833562,-0.1937423826179696,-1.3435112896055443,1.2034968741224572,16.434350002729214,2.5999332216570927,1.3505792081504986,1787260291.9476438
8.581522703170776,hold0,drive,1.2,0.26,0.33099999999999996,4291.2,4286.0,8.6,0.093,16.7,1.0351613280709573,-0.0042326305707907075,-1.3727336281610576,1.1692730742369861,16.43943688198014,2.623221356235868,1.370694777181285,1787260291.968507
8.600571632385254,hold0,drive,1.2,0.26,0.33099999999999996,4291.2,4303.0,8.34,0.093,16.7,1.0203482268766912,-0.5204683619592387,-0.9642264406807826,1.014265110444672,16.44429863400951,2.640812181927436,1.3924766121007124,1787260291.989375
8.620404243469238,hold0,drive,1.2,0.26,0.33099999999999996,4291.2,4309.0,8.27,0.091,16.7,0.9950965328947236,-0.40662445704984407,-0.9895321678443523,1.215108727706487,16.4503298075899,2.676296152076901,1.4231834279166187,1787260292.0165758
8.640517234802246,hold0,drive,1.2,0.26,0.33099999999999996,4291.2,4306.0,8.41,0.089,16.7,1.0052611529852835,0.26268624751346437,-1.2326337504137257,1.2239021463592468,16.453786515333682,2.7002705837590715,1.4430609571860675,1787260292.0367582
8.660441398620605,hold0,drive,1.2,0.26,0.33099999999999996,4291.2,4302.0,8.64,0.091,16.7,1.0010761950693057,0.053426888784230187,-1.08638998364696,1.2311040228850654,16.456728312246533,2.724066538186164,1.4631248195078153,1787260292.056603
8.681213617324829,hold0,drive,1.2,0.26,0.33099999999999996,4291.2,4282.0,8.86,0.093,16.7,0.9758119842302144,-0.20135556735842286,-1.08439915281253,1.1866122737367997,16.458073799658138,2.7364721706173283,1.4734606147289278,1787260292.0681272
8.700825929641724,hold0,drive,1.2,0.26,0.33099999999999996,4291.2,4286.0,8.7,0.092,16.7,1.0257179585826182,-0.10476035550376483,-1.2673372691563145,1.2378224585211692,16.463059146501035,2.762471732512011,1.496098149427219,1787260292.0886781
8.720787763595581,hold0,drive,1.2,0.26,0.33099999999999996,4291.2,4292.0,8.63,0.092,16.7,1.0591081396978135,-0.08030620224620666,-1.1283114518800872,1.2745851893302511,16.465383911251866,2.7984140070445065,1.5266225079243656,1787260292.11667
8.740555047988892,hold0,drive,1.2,0.26,0.33099999999999996,4291.2,4300.0,8.45,0.093,16.7,1.0485793323281853,-0.36504837655106215,-1.0941670731581823,1.2209838741803636,16.465910652216095,2.8103565054930075,1.5373317405636489,1787260292.1275778
8.76041293144226,hold0,drive,1.2,0.26,0.33099999999999996,4291.2,4293.0,8.51,0.09,16.7,1.0539388774429423,-0.14931392970288737,-1.3166652595928383,1.2470577743696964,16.466741101148433,2.846430179440069,1.568878819781034,1787260292.1566005
8.781057834625244,hold0,drive,1.2,0.26,0.33099999999999996,4291.2,4305.0,8.49,0.091,16.7,1.015535295575673,-0.01480879603898888,-1.5417102740040605,1.1771848780373908,16.46676412562268,2.8585088645540586,1.579507485827486,1787260292.1685107
8.800902843475342,hold0,drive,1.2,0.26,0.33099999999999996,4291.2,4312.0,8.4,0.094,16.7,0.974769489821503,-0.06082476807162074,-1.1223503614478076,1.0320440237935882,16.46688248061641,2.8808773945309376,1.6079351673314777,1787260292.1967874
8.820642709732056,hold0,drive,1.2,0.26,0.33099999999999996,4291.2,4294.0,8.67,0.092,16.7,0.9580138789281332,-0.15664618312804635,-1.2347194523261749,1.1400526802145836,16.465894365755922,2.904963137339705,1.6270076107333271,1787260292.2166288
8.840991735458374,hold0,drive,1.2,0.26,0.33099999999999996,4291.2,4277.0,8.78,0.092,16.7,1.0079862991497341,-0.4236901779282043,-1.157800423480758,1.1859103606378776,16.464423627825653,2.9291408203567557,1.6462462534542326,1787260292.2368176
8.86048436164856,hold0,drive,1.2,0.26,0.33099999999999996,4291.2,4294.0,8.68,0.091,16.7,1.0285542251435524,-0.26977427917566743,-0.906380810838975,1.1525115369694272,16.46353354968471,2.9408617882177954,1.6564104752845619,1787260292.2477565
8.880698919296265,hold0,drive,1.2,0.26,0.33099999999999996,4291.2,4287.0,8.66,0.092,16.7,0.9939230775394073,-0.3448076539827021,-1.1956080829656273,1.2432166506096058,16.460094884945722,2.9766759823985383,1.6871561453656823,1787260292.2766957
8.900502443313599,hold0,drive,1.2,0.26,0.33099999999999996,4291.2,4288.0,8.56,0.092,16.7,0.965628455695915,-0.22679197979741517,-1.4366065681552413,1.1133903398661569,16.460111174072228,2.9913201119327955,1.7052731398450267,1787260292.2967834
8.92039179801941,hold0,drive,1.2,0.26,0.33099999999999996,4291.2,4300.0,8.46,0.09,16.7,0.9871604460043419,-0.07522112525515645,-1.2538822406428949,1.1740453165811933,16.456813051785264,3.01492181260733,1.7243202496590757,1787260292.3166473
8.940927028656006,hold0,drive,1.2,0.26,0.33099999999999996,4291.2,4321.0,8.32,0.092,16.7,0.9855443732758546,0.08012821847589713,-1.0426497389073361,1.2050419959086018,16.453027755896553,3.0386496607378817,1.744148265978855,1787260292.3366432
8.960405588150024,hold0,drive,1.2,0.26,0.33099999999999996,4291.2,4314.0,8.3,0.093,16.7,0.990684673653871,-0.2943825065722585,-0.6968679753003642,1.2288460851492304,16.448765326972,3.0623799175477022,1.7637975616282406,1787260292.3565745
8.983323574066162,hold0,drive,1.2,0.26,0.33099999999999996,4291.2,4292.0,8.58,0.091,16.7,0.9687611320861751,-0.5550075739349651,-0.8447065702045577,1.2372930785105458,16.444018605109452,3.0860805604314248,1.7836682522645222,1787260292.3766716
9.003095626831055,hold0,drive,1.2,0.26,0.33099999999999996,4291.2,4298.0,8.72,0.092,16.7,0.9643777686689865,-0.089084645753295,-1.2154456399975047,1.2177312552519894,16.443186332765354,3.1061434288479965,1.8017980014288006,1787260292.3969672
9.020928621292114,hold0,drive,1.2,0.26,0.33099999999999996,4291.2,4287.0,8.71,0.092,16.7,0.9982314729719103,-0.04849083357222206,-1.4039317409700516,1.1644856697871768,16.44047314228249,3.117698112859275,1.8112682210129214,1787260292.408377
9.041321277618408,hold0,drive,1.2,0.26,0.33099999999999996,4291.2,4280.0,8.7,0.092,16.7,1.0204787217701052,-0.3111111354538352,-1.3775914951329185,1.1890540917688603,16.434660324950304,3.140913050078877,1.8310242305181827,1787260292.4279861
9.060396909713745,hold0,drive,1.2,0.26,0.33099999999999996,4291.2,4290.0,8.61,0.089,16.7,1.0112308283057778,-0.18771671699506598,-1.4821388383886074,1.2474089847205112,16.42507878586207,3.175482136951542,1.861487846159044,1787260292.4565756
9.081093072891235,hold0,drive,1.2,0.26,0.33099999999999996,4291.2,4291.0,8.8,0.093,16.7,0.9953316234399503,0.14471228042285755,-1.3833097799248435,1.1929109387339116,16.421620260239465,3.1870505212976705,1.8716076329000755,1787260292.467905
9.101382732391357,hold0,drive,1.2,0.26,0.33099999999999996,4291.2,4309.0,8.23,0.093,16.8,0.99588402962906,-0.35660700676820767,-0.8969396036818793,1.2704088239191402,16.41455150097574,3.2219316031961704,1.900845442314623,1787260292.49677
9.12056851387024,hold0,drive,1.2,0.26,0.33099999999999996,4291.2,4287.0,8.55,0.09,16.7,0.9637701684662849,-0.6407729288095894,-0.9020812068054127,1.2199837181486315,16.41061413651113,3.2334444701278735,1.910857018442245,1787260292.507808
9.140753269195557,hold0,drive,1.2,0.26,0.33099999999999996,4291.2,4279.0,8.99,0.09,16.8,0.9693957633739411,0.10900780054422121,-1.231624520948941,1.2059299921647622,16.40253529907463,3.2559277435456524,1.9302213280591651,1787260292.5277026
9.160416841506958,hold0,drive,1.2,0.26,0.33099999999999996,4291.2,4271.0,9.0,0.092,16.8,0.9826373332089514,-0.10242806553317418,-1.4079087248661892,1.2378458911515162,16.3895679952252,3.2894431987374566,1.9592855202257684,1787260292.5566025
9.181207180023193,hold0,drive,1.2,0.26,0.33099999999999996,4291.2,4273.0,8.73,0.093,16.7,0.9884283769993285,-0.0972033953987248,-1.4546119000840463,1.1718385592446523,16.385032455995926,3.3005117945143883,1.969219085788193,1787260292.5683548
9.201889753341675,hold0,drive,1.2,0.26,0.33099999999999996,4291.2,4293.0,8.45,0.09,16.7,0.97554074127319,-0.10561752080998321,-1.3191260604054378,1.2412632314511733,16.374624741806002,3.3342369519393604,1.998817508992687,1787260292.5966918
9.220388174057007,hold0,drive,1.2,0.26,0.33099999999999996,4291.2,4300.0,8.54,0.092,16.7,0.9730973575520695,-0.25895893973636674,-1.0066883378437055,1.2498786261229788,16.364572756826085,3.356003860038415,2.0182355174096736,1787260292.6165805
9.240912437438965,tr1,drive,1.6,0.26,0.33099999999999996,5721.6,4293.0,8.6,0.093,16.7,0.9652864392329216,-0.4525552881371695,-0.9124396959572252,1.2383326029870507,16.353714417177432,3.378355619965645,2.038333484035065,1787260292.6373718
9.260392189025879,tr1,drive,1.6,0.26,0.33099999999999996,5721.6,4332.0,10.21,0.106,16.7,1.0083078758513615,0.106142637343134,-1.0167302002543934,1.2379886111936154,16.343160720330605,3.3990269211040016,2.0569541431247536,1787260292.6565676
9.280316352844238,tr1,drive,1.6,0.26,0.33099999999999996,5721.6,4428.0,19.21,0.107,16.7,1.0226828870463094,-2.037456387856608,-1.1981814426843513,1.289151570138719,16.331713996096067,3.4204443429002347,2.0773607154579965,1787260292.6766932
9.301663875579834,tr1,drive,1.6,0.26,0.33099999999999996,5721.6,4528.0,24.53,0.12,16.7,0.9533733873076974,-2.218455786677694,-1.1169128891996039,1.3396731769643326,16.323240275653106,3.4447342883023304,2.097895196155837,1787260292.6967108
9.320666074752808,tr1,drive,1.6,0.26,0.33099999999999996,5721.6,4686.0,24.39,0.116,16.7,0.9260379695098243,-2.4532912332157935,-1.708305641170739,1.3193608973774416,16.31045769187192,3.466576444731613,2.116596895046962,1787260292.7165782
9.340927839279175,tr1,drive,1.6,0.26,0.33099999999999996,5721.6,4759.0,20.02,0.117,16.7,0.9531227172700936,-1.792704501688931,-1.6126162452858637,1.3276833554957912,16.29665681859748,3.489227414328536,2.1351878295021525,1787260292.7368414
9.361051321029663,tr1,drive,1.6,0.26,0.33099999999999996,5721.6,4825.0,19.6,0.115,16.7,1.0516525536471095,-1.9126863022214593,-1.4008087429564853,1.3371953505586274,16.282481880246635,3.5115362596629,2.1542039244567404,1787260292.7567458
9.382681369781494,tr1,drive,1.6,0.26,0.33099999999999996,5721.6,4894.0,19.1,0.115,16.7,1.099241045218926,-1.6699841575884307,-1.6502579900194974,1.2968306538154164,16.274735435347115,3.523403192819139,2.165216066573445,1787260292.7685294
9.400452136993408,tr1,drive,1.6,0.26,0.33099999999999996,5721.6,4970.0,18.32,0.114,16.7,1.0780969443232693,-1.1384660193772973,-1.9830136914897025,1.5069395692128182,16.254261775841766,3.562845896952193,2.1987548713342338,1787260292.7966006
9.421030044555664,tr1,drive,1.6,0.26,0.33099999999999996,5721.6,5042.0,17.65,0.117,16.7,1.0641391838921095,-1.1772892671742454,-1.647826717647206,1.4620374608113809,16.237915570211463,3.585244214131604,2.220146752410391,1787260292.816526
9.440767765045166,tr1,drive,1.6,0.26,0.33099999999999996,5721.6,5128.0,16.85,0.117,16.7,1.0815984685245055,-1.3694973403393789,-1.3130601586281045,1.4205304464495412,16.229016954789053,3.5970934142770887,2.2307965765397686,1787260292.8277209
9.460694313049316,tr1,drive,1.6,0.26,0.33099999999999996,5721.6,5218.0,15.65,0.118,16.7,1.086411399825524,-1.3169374474931033,-1.4796438313629778,1.454070825817255,16.202840046802983,3.6302161491928113,2.2631360913395757,1787260292.8565974
9.48128056526184,tr1,drive,1.6,0.26,0.33099999999999996,5721.6,5290.0,15.02,0.117,16.7,1.1167833538983054,-1.1873327375693066,-1.7282654050149802,1.4189612555446312,16.191534629059873,3.643993848908958,2.2759872686006113,1787260292.8699272
9.500401258468628,tr1,drive,1.6,0.26,0.33099999999999996,5721.6,5342.0,14.71,0.118,16.7,1.111877678012325,-1.25511892680629,-2.1212123469863116,1.683637130695141,16.16361922651692,3.6835743956245546,2.3102758042197182,1787260292.896773
9.520387649536133,tr1,drive,1.6,0.26,0.33099999999999996,5721.6,5400.0,13.99,0.118,16.7,1.1539722014133627,-0.7143727855479085,-2.2230302098586776,1.5995594144435668,16.14355692489355,3.705443739690444,2.3323229564744916,1787260292.9166298
9.54091477394104,tr1,drive,1.6,0.26,0.33099999999999996,5721.6,5461.0,13.48,0.12,16.7,1.225133729953043,-0.4858712625460768,-1.8641076325028507,1.5719634946244203,16.122626566593187,3.7272525210822267,2.355606552795331,1787260292.9366405
9.560544967651367,tr1,drive,1.6,0.26,0.33099999999999996,5721.6,5511.0,12.85,0.119,16.7,1.2551420959580013,-0.8622520916928238,-1.3168748822829457,1.5216371615695832,16.111477916609577,3.738515937381272,2.3682254494179693,1787260292.9479265
9.582275629043579,tr1,drive,1.6,0.26,0.33099999999999996,5721.6,5511.0,12.85,0.119,16.7,1.2551420959580013,-0.8622520916928238,-1.3168748822829457,1.529534609927865,16.08941489013313,3.759886327276143,2.393188828417578,1787260292.9678223
9.600802421569824,tr1,drive,1.6,0.26,0.33099999999999996,5721.6,5595.0,12.21,0.118,16.7,1.2337128370886241,-0.2117758908184051,-2.334388097836893,1.966824846544579,16.04662251926305,3.8068117819014655,2.436776364120637,1787260292.9966114
9.620784997940063,tr1,drive,1.6,0.26,0.33099999999999996,5721.6,5640.0,11.63,0.119,16.7,1.2933676455063992,-0.14772639231278806,-2.447844259241748,1.781412622662133,16.022687786762443,3.826992573796498,2.461510630487209,1787260293.0166242
9.64054822921753,tr1,drive,1.6,0.26,0.33099999999999996,5721.6,5684.0,11.01,0.118,16.7,1.2825474883135162,-0.5340654412739916,-1.6718745624897338,1.6846805788137287,16.010176316410714,3.8371811707086154,2.4747301693397636,1787260293.0276835
9.660488605499268,tr1,drive,1.6,0.26,0.33099999999999996,5721.6,5700.0,11.12,0.117,16.7,1.2238611384261486,-0.43544779621020524,-2.0220000035201338,1.6309300027998346,15.985159064818372,3.8566845726312904,2.500456190498792,1787260293.047656
9.680642366409302,tr1,drive,1.6,0.26,0.33099999999999996,5721.6,5721.0,10.91,0.118,16.7,1.2158845714871978,-0.15157554145125562,-2.25013994930859,1.5975431535565172,15.958125860355588,3.8766433110151697,2.526629911923502,1787260293.0691056
9.700595617294312,tr1,drive,1.6,0.26,0.33099999999999996,5721.6,5752.0,10.41,0.119,16.7,1.2252257421687052,-0.12998650571341042,-2.3752221300925385,1.5837452398189864,15.933450380107727,3.8939166565101315,2.549578923724041,1787260293.0879562
9.72043251991272,tr1,drive,1.6,0.26,0.33099999999999996,5721.6,5777.0,10.17,0.118,16.7,1.2461752325677045,-0.01941545199763528,-2.543880395029646,1.777369235019929,15.90293421832991,3.920537577336069,2.578660817795695,1787260293.108003
9.742860317230225,tr1,drive,1.6,0.26,0.33099999999999996,5721.6,5801.0,9.85,0.118,16.7,1.2646333357669346,-0.33677398132865477,-1.9793305301926694,1.6861833741479604,15.87568167180065,3.937540966253258,2.6033882059077205,1787260293.1279964
9.760500431060791,tr1,drive,1.6,0.26,0.33099999999999996,5721.6,5807.0,9.85,0.117,16.7,1.3081263516354003,-0.3423357434598877,-1.6740438795895898,1.6597223229954452,15.847814666563751,3.9539802098575265,2.628563498469705,1787260293.1476529
9.780869483947754,tr1,drive,1.6,0.26,0.33099999999999996,5721.6,5813.0,9.91,0.117,16.7,1.284595459191787,-0.07628848883679762,-2.049270541407367,1.5477416089009781,15.813636921779452,3.972928627046148,2.659918572542645,1787260293.175878
9.800895690917969,tr1,drive,1.6,0.26,0.33099999999999996,5721.6,5810.0,9.91,0.12,16.7,1.289378895983733,0.03197923004744818,-2.33341716763627,2.6929811982564873,15.752439922710673,4.0110988999248205,2.7088455687331545,1787260293.196595
9.820483684539795,tr1,drive,1.6,0.26,0.33099999999999996,5721.6,5837.0,9.45,0.12,16.7,1.3487382266785635,-0.0388841502050834,-2.254354037809577,2.1908448967580005,15.722826756270083,4.024553268020392,2.734693946099564,1787260293.2166188
9.840836524963379,tr1,drive,1.6,0.26,0.33099999999999996,5721.6,5855.0,9.14,0.12,16.7,1.344987430599296,-0.2757020039322029,-2.083888983158573,1.9322551156168237,15.69277194495977,4.037273374671247,2.7619514831540926,1787260293.2366211
9.86098599433899,tr1,drive,1.6,0.26,0.33099999999999996,5721.6,5852.0,9.26,0.117,16.7,1.296109236690581,-0.29404537803037556,-2.1577475061103826,1.8064918651105226,15.662283212969385,4.049223826165622,2.788823667914665,1787260293.2566152
9.881327629089355,tr1,drive,1.6,0.26,0.33099999999999996,5721.6,5842.0,9.53,0.118,16.7,1.2609884003409977,-0.2526505977696729,-2.380677874890438,1.7098696807175158,15.646803707947218,4.054940967405985,2.801590321293076,1787260293.2677317
9.90087080001831,tr1,drive,1.6,0.26,0.33099999999999996,5721.6,5847.0,9.31,0.12,16.7,1.2854411459959418,0.10010258208734513,-2.577465926091662,1.6620907189226333,15.615993883610738,4.065624181657734,2.826943947046133,1787260293.2877376
9.92070484161377,tr1,drive,1.6,0.26,0.33099999999999996,5721.6,5859.0,9.13,0.118,16.7,1.3120787490091868,-0.16305231978071077,-1.9167697054470239,1.5052270732515742,15.58385882997567,4.076318834937052,2.866485380508482,1787260293.3165836
9.940654754638672,tr1,drive,1.6,0.26,0.33099999999999996,5721.6,5873.0,8.83,0.119,16.7,1.3313455210734195,-0.4049118440570787,-1.5761170465395935,1.502240026368743,15.567943870556352,4.080827396035636,2.879774598657612,1787260293.327646
9.96104621887207,tr1,drive,1.6,0.26,0.33099999999999996,5721.6,5862.0,9.01,0.118,16.7,1.254759666025466,-0.5277860795711149,-2.2197914369702403,1.6389940694365315,15.520146980916522,4.092975674694827,2.919771035847246,1787260293.3567593
9.980679035186768,tr1,drive,1.6,0.26,0.33099999999999996,5721.6,5847.0,9.4,0.119,16.7,1.2669100721828435,0.2633332054079851,-2.4369763314044235,1.5905118347243803,15.504289117040303,4.096569241574297,2.9317854605187175,1787260293.3677652
10.001997470855713,tr1,drive,1.6,0.26,0.33099999999999996,5721.6,5855.0,9.03,0.119,16.7,1.3516173701330483,-0.04478297692427535,-2.0497351027108266,1.5957292765225632,15.47218747542758,4.103195409805852,2.9571207471231027,1787260293.38804
10.020444869995117,tr1,drive,1.6,0.26,0.33099999999999996,5721.6,5870.0,8.74,0.119,16.7,1.3425863245604805,-0.3739408955858998,-1.5361881633056669,1.3985663361886655,15.45208568197551,4.109775592446596,2.984598683160377,1787260293.4078734
10.041448831558228,tr1,drive,1.6,0.26,0.33099999999999996,5721.6,5863.0,8.84,0.12,16.7,1.3156007795508167,-0.19982418151353798,-2.0335701819873577,1.5374874921679058,15.419684332137392,4.114696833272091,3.0114757384753914,1787260293.4281342
10.061325311660767,tr1,drive,1.6,0.26,0.33099999999999996,5721.6,5865.0,8.88,0.12,16.7,1.3203075173033683,-0.08078281429619061,-2.452662072784676,1.6695898837091359,15.370947112667745,4.12043026466285,3.0510746953042855,1787260293.4566202
10.081011056900024,tr1,drive,1.6,0.26,0.33099999999999996,5721.6,5857.0,8.87,0.118,16.7,1.2991714724700087,-0.06235429925271152,-2.5486303808681043,1.6099400709224017,15.354512541967198,4.121930634312988,3.0643376138167606,1787260293.467841
10.100534915924072,tr1,drive,1.6,0.26,0.33099999999999996,5721.6,5849.0,9.0,0.119,16.7,1.2908190003431932,-0.2587052071112943,-2.0722103388363564,1.4884915636113156,15.3170209530247,4.128078613620022,3.1040543524892366,1787260293.4965842
10.120393991470337,tr1,drive,1.6,0.26,0.33099999999999996,5721.6,5853.0,8.9,0.12,16.7,1.3119365362069766,-0.34466805170302806,-1.753813060736519,1.6264882459472945,15.284374530842763,4.1291094503928,3.129742698510876,1787260293.5165706
10.140600442886353,tr1,drive,1.6,0.26,0.33099999999999996,5721.6,5851.0,8.74,0.117,16.7,1.2791908400755803,-0.37752184023993607,-2.02668888595241,1.6534678344716356,15.25152285812064,4.129289941531535,-3.127008542294415,1787260293.5367396
10.160479068756104,tr1,drive,1.6,0.26,0.33099999999999996,5721.6,5839.0,9.08,0.118,16.7,1.257868240807861,0.22066077192747002,-2.440567691411786,1.6047712657012179,15.235138687596214,4.129060731945429,-3.1143980984295814,1787260293.5477283
10.180483102798462,tr1,drive,1.6,0.26,0.33099999999999996,5721.6,5843.0,8.93,0.12,16.7,1.2957598299555628,-0.07221462388217414,-2.2373430249450053,1.6103567489566726,15.202496791135383,4.127966413492889,-3.0891305260051762,1787260293.5678046
10.20046353340149,tr1,drive,1.6,0.26,0.33099999999999996,5721.6,5843.0,8.76,0.116,16.7,1.3066494956528967,-0.21975682889403103,-1.498761303756453,1.9116649657360085,15.16225868203457,4.125541375095414,-3.057481628406031,1787260293.5924332
10.220393180847168,tr1,drive,1.6,0.26,0.33099999999999996,5721.6,5839.0,8.95,0.119,16.7,1.320553726546146,0.1503447207763129,-1.9339692910244537,3.273784205373379,15.068063352965762,4.1222978703445134,-2.9920503394839923,1787260293.616602
10.24155044555664,tr1,drive,1.6,0.26,0.33099999999999996,5721.6,5843.0,8.67,0.118,16.7,1.3141654688813185,-0.3794736409082162,-2.013863602591698,2.464183309769183,15.03585854501501,4.117220570422343,-2.9656105627966762,1787260293.636555
10.260313034057617,tr1,drive,1.6,0.26,0.33099999999999996,5721.6,5843.0,8.75,0.117,16.7,1.2757200753849345,0.13204303550027063,-2.3132819873149515,2.063732345777023,15.003672844258139,4.111277664042479,-2.9393171152715407,1787260293.6566393
10.28509521484375,tr1,drive,1.6,0.26,0.33099999999999996,5721.6,5831.0,8.95,0.118,16.7,1.3167250330049936,0.28229455713686136,-2.420456484675668,1.875738877388978,14.987637124568217,4.107991005428147,-2.9267249001765765,1787260293.6680298
10.300654172897339,tr1,drive,1.6,0.26,0.33099999999999996,5721.6,5842.0,8.65,0.118,16.7,1.3341564876039982,-0.11290804886791239,-1.8539861017754902,1.9424459457229581,14.99630012323139,4.107250462568329,-2.9087035496841547,1787260293.688697
10.32054352760315,tr1,drive,1.6,0.26,0.33099999999999996,5721.6,5836.0,8.74,0.116,16.7,1.273689947685967,-0.39950411951977927,-1.7819463553301773,1.818786357970507,14.96443802862396,4.099491238617671,-2.881963667123667,1787260293.7079718
10.343239545822144,tr1,drive,1.6,0.26,0.33099999999999996,5721.6,5816.0,9.12,0.117,16.7,1.2170619550051216,0.004083654473122866,-2.395493550544387,1.7378018915439601,14.917353592525103,4.086347439054528,-2.8434035787896823,1787260293.7369819
10.360567808151245,tr1,drive,1.6,0.26,0.33099999999999996,5721.6,5823.0,8.9,0.118,16.7,1.266928447994365,0.4066439721329189,-2.515205355882614,1.7174401504809407,14.88663034863287,4.0767191715846,-2.8195980234443243,1787260293.7565918
10.380618572235107,tr1,drive,1.6,0.26,0.33099999999999996,5721.6,5830.0,8.67,0.118,16.7,1.277098660723214,-0.06974446752413055,-2.093475493630848,1.644264940149767,14.86932844387963,4.0709507040009125,-2.8051972375793746,1787260293.768969
10.401051044464111,tr1,drive,1.6,0.26,0.33099999999999996,5721.6,5834.0,8.59,0.116,16.7,1.2798144192448222,-0.18597512373848346,-2.2864631468561925,1.5997178476760805,14.831931879494773,4.062368072450752,-2.770064127050131,1787260293.7965858
10.420599937438965,tr1,drive,1.6,0.26,0.33099999999999996,5721.6,5820.0,8.96,0.118,16.7,1.2513588093134347,-0.11265437106048903,-2.0141939702901936,1.6444926556784663,14.801572626363654,4.050329780047499,-2.7444335407511278,1787260293.816661
10.440918922424316,hold1,drive,1.6,0.26,0.33099999999999996,5721.6,5824.0,8.76,0.116,16.7,1.2582264359744764,0.24989016368716577,-2.017836493436704,1.6587347005396933,14.771628230956477,4.037560732766663,-2.7195478499917813,1787260293.8366296
10.460839748382568,hold1,drive,1.6,0.26,0.33099999999999996,5721.6,5826.0,8.74,0.117,16.7,1.3071143504211702,0.2966636882213507,-2.2959166331666836,1.667738865687177,14.74186047552582,4.023973377088096,-2.6942352165597616,1787260293.8566957
10.480638980865479,hold1,drive,1.6,0.26,0.33099999999999996,5721.6,5839.0,8.48,0.118,16.7,1.3374701257903294,-0.05734162723982994,-1.840055402248396,1.598162614155319,14.727249230001199,4.016964449347277,-2.6810165933905137,1787260293.8679821
10.50048303604126,hold1,drive,1.6,0.26,0.33099999999999996,5721.6,5840.0,8.42,0.116,16.7,1.3631248892032806,-0.0013819437971998028,-1.8643549697355297,1.6152953140309594,14.698134600205766,4.00228754172647,-2.6544521066601727,1787260293.887849
10.520633459091187,hold1,drive,1.6,0.26,0.33099999999999996,5721.6,5818.0,8.85,0.115,16.7,1.3032723410745672,0.032245659810490324,-2.5717596280923374,1.4817675924615141,14.673107051669998,3.9973604251860633,-2.632303221844168,1787260293.908515
10.540418148040771,hold1,drive,1.6,0.26,0.33099999999999996,5721.6,5818.0,8.85,0.116,16.7,1.267163605118619,0.29333464893741734,-2.53987271325002,1.6558601952973644,14.630939205464038,3.9730806654119535,-2.5930126634763284,1787260293.93659
10.560405969619751,hold1,drive,1.6,0.26,0.33099999999999996,5721.6,5814.0,8.8,0.117,16.7,1.2739940806824541,-0.131757024416161,-2.095610896878469,1.666891795131985,14.603360502583902,3.955995454927896,-2.567926656447089,1787260293.9565232
10.58225679397583,hold1,drive,1.6,0.26,0.33099999999999996,5721.6,5818.0,8.6,0.118,16.7,1.2862631306663947,-0.06579745974576845,-1.87811785416622,1.6143894566567045,14.587302134018348,3.945618908551175,-2.552912181153099,1787260293.9693387
10.600610256195068,hold1,drive,1.6,0.26,0.33099999999999996,5721.6,5837.0,8.34,0.118,16.7,1.2546205158585093,0.016414121756216815,-1.8779400988027817,1.6961374487134497,14.549197672430578,3.927606991812666,-2.518507152782281,1787260293.9965951
10.620496988296509,hold1,drive,1.6,0.26,0.33099999999999996,5721.6,5821.0,8.65,0.116,16.7,1.263974736029358,-0.11678266994065556,-2.3191066914363034,1.6995170881539643,14.522795207527178,3.908403806876272,-2.493571020270742,1787260294.0165927
10.640560150146484,hold1,drive,1.6,0.26,0.33099999999999996,5721.6,5807.0,8.83,0.118,16.7,1.242326432160322,0.15800131195856792,-2.6322566779851684,1.6317894121338858,14.509773573075407,3.8985490192020933,-2.4808634935825116,1787260294.0276735
10.660498142242432,hold1,drive,1.6,0.26,0.33099999999999996,5721.6,5813.0,8.69,0.117,16.7,1.268935805666012,-0.10015364472746935,-1.6159532514014643,1.6804819015534824,14.471703304967306,3.86818564106185,-2.4435106767080113,1787260294.056576
10.680460214614868,hold1,drive,1.6,0.26,0.33099999999999996,5721.6,5826.0,8.38,0.117,16.7,1.349897234384966,-0.07249728195341465,-1.4570335245500985,1.681745710220029,14.44681609177568,3.847028394943384,-2.4178780809419202,1787260294.0767088
10.700321197509766,hold1,drive,1.6,0.26,0.33099999999999996,5721.6,5815.0,8.54,0.117,16.7,1.349897234384966,-0.07249728195341465,-1.4570335245500985,1.6198294518502414,14.43470063339953,3.8363207850660577,-2.4041029571975736,1787260294.0876682
10.720608472824097,hold1,drive,1.6,0.26,0.33099999999999996,5721.6,5806.0,8.78,0.117,16.7,1.2521244681268324,0.017385385430871647,-2.4388486099364286,1.6122764614310798,14.403905256332775,3.8185521613832325,-2.376265008576928,1787260294.1105742
10.74051833152771,hold1,drive,1.6,0.26,0.33099999999999996,5721.6,5798.0,8.83,0.118,16.7,1.3055827664782655,0.21793523841488138,-2.563537273090134,1.64161227768143,14.383749190884066,3.798980046803621,-2.354470267617036,1787260294.127728
10.76049518585205,hold1,drive,1.6,0.26,0.33099999999999996,5721.6,5794.0,8.81,0.118,16.7,1.3175420908274298,-0.1792753472122115,-2.032154571017344,1.6800773268753966,14.349887821927164,3.764111923132001,-2.31562553133737,1787260294.156609
10.781409740447998,hold1,drive,1.6,0.26,0.33099999999999996,5721.6,5797.0,8.62,0.117,16.7,1.2765439242681507,-0.2965317238674494,-1.9704085558077225,1.6100970958553236,14.338894410224556,3.7521809798792427,-2.302353646935127,1787260294.1678224
10.801084041595459,hold1,drive,1.6,0.26,0.33099999999999996,5721.6,5800.0,8.65,0.118,16.7,1.2592006203012276,-0.05940578581618805,-1.8128860211962774,1.6442177703703873,14.305683237769314,3.723228347310543,-2.2648501819274074,1787260294.1967332
10.820407152175903,hold1,drive,1.6,0.26,0.33099999999999996,5721.6,5791.0,8.71,0.116,16.7,1.2387034678133781,0.1290655600724797,-2.682795626835116,1.6677159365696181,14.285083468140122,3.698167071757362,-2.239748978364672,1787260294.2168155
10.84043836593628,hold1,drive,1.6,0.26,0.33099999999999996,5721.6,5797.0,8.68,0.118,16.7,1.2771592476380134,0.22124980583945586,-2.557987680476998,1.668897205430417,14.265229256796507,3.6727383100627637,-2.2151731876386824,1787260294.2366498
10.86077094078064,hold1,drive,1.6,0.26,0.33099999999999996,5721.6,5796.0,8.5,0.116,16.7,1.318645038992886,-0.188686258481912,-1.7926146007444288,1.611448026388812,14.255489483147393,3.659774840982254,-2.2022218621110743,1787260294.2476249
10.88301682472229,hold1,drive,1.6,0.26,0.33099999999999996,5721.6,5791.0,8.72,0.118,16.7,1.3076041057456358,-0.24239878376298307,-1.547459256679474,1.6583801050923515,14.234599384281843,3.6307829157993856,-2.1733497711436733,1787260294.26869
10.903626680374146,hold1,drive,1.6,0.26,0.33099999999999996,5721.6,5785.0,8.73,0.116,16.7,1.2705631302501053,0.17744100249337436,-2.320841560394598,1.7320915355142874,14.20115150854743,3.597847776390653,-2.138159228041265,1787260294.296641
10.920719623565674,hold1,drive,1.6,0.26,0.33099999999999996,5721.6,5791.0,8.58,0.116,16.7,1.3054872921531862,0.19460462769300335,-2.1706131352608224,1.7118283936711909,14.183954236786006,3.570489218831004,-2.112963545372778,1787260294.3166125
10.940808057785034,hold1,drive,1.6,0.26,0.33099999999999996,5721.6,5790.0,8.62,0.116,16.7,1.3044875414799706,0.06726149297247552,-1.8890410381938239,1.6337885077193106,14.175571926816996,3.5565709567895927,-2.0996977315296625,1787260294.3278046
10.960519790649414,hold1,drive,1.6,0.26,0.33099999999999996,5721.6,5790.0,8.62,0.116,16.7,1.32275256550017,0.03930973616004252,-1.912810263198594,1.6278090601783555,14.159418087430543,3.528513883835881,-2.073607564530445,1787260294.347604
10.98302149772644,hold1,drive,1.6,0.26,0.33099999999999996,5721.6,5788.0,8.58,0.116,16.7,1.2834239346282612,-0.18254821667838073,-2.1755075473320744,1.610530459833683,14.143970852863015,3.499983857258617,-2.0471928392291434,1787260294.3678112
11.001540422439575,hold1,drive,1.6,0.26,0.33099999999999996,5721.6,5780.0,8.81,0.116,16.7,1.2265345526864246,-0.03193066846256354,-2.3470642771920893,1.840075119365842,14.110160956381597,3.457804631770421,-2.0088057154234686,1787260294.3966336
11.0206298828125,hold1,drive,1.6,0.26,0.33099999999999996,5721.6,5772.0,8.87,0.116,16.7,1.2225761632001853,0.11656481546691033,-2.539764247395027,1.7041700222363867,14.103295711453358,3.4431494736714483,-1.9967910968015607,1787260294.408301
11.040840864181519,hold1,drive,1.6,0.26,0.33099999999999996,5721.6,5791.0,8.48,0.116,16.7,1.2847527188541563,0.20350818334785714,-2.0801569976087535,1.6812676673708038,14.090033067434819,3.4134251983519763,-1.9721246947495221,1787260294.4277992
11.060419797897339,hold1,drive,1.6,0.26,0.33099999999999996,5721.6,5798.0,8.29,0.115,16.7,1.314911819776813,-0.18162212731471072,-1.6940974912490674,1.6419045571880484,14.07768636275815,3.3838261463081794,-1.946971706179541,1787260294.4476533
11.08177924156189,hold1,drive,1.6,0.26,0.33099999999999996,5721.6,5780.0,8.72,0.115,16.7,1.314911819776813,-0.18162212731471072,-1.6940974912490674,1.6733404252812842,14.060300776543365,3.3380718991004974,-1.9074025102561452,1787260294.4768906
11.100382328033447,hold1,drive,1.6,0.26,0.33099999999999996,5721.6,5773.0,8.9,0.116,16.7,1.240514417354632,0.2105050715321788,-2.3150610027533105,1.7145364174699678,14.04298817362538,3.315572999840489,-1.8840524934740068,1787260294.4965591
11.120754718780518,hold1,drive,1.6,0.26,0.33099999999999996,5721.6,5767.0,8.81,0.115,16.7,1.2622885555851744,-0.1707778076115929,-1.8923944165139517,1.6148573560089008,14.03797602621852,3.30011259809544,-1.8717288769480191,1787260294.508317
11.141384601593018,hold1,drive,1.6,0.26,0.33099999999999996,5721.6,5777.0,8.63,0.117,16.7,1.3188008339166557,0.12362889181646253,-1.8951850003034565,1.6771009753832562,14.024232038034308,3.253781901483534,-1.8340133989252785,1787260294.5367434
11.1604745388031,hold1,drive,1.6,0.26,0.33099999999999996,5721.6,5794.0,8.29,0.117,16.7,1.3072724090318664,-0.14533966841665436,-1.7170185775871687,1.613243218953513,14.020030684537486,3.2381837955011883,-1.8205573199239438,1787260294.5477757
11.180780172348022,hold1,drive,1.6,0.26,0.33099999999999996,5721.6,5773.0,8.74,0.115,16.7,1.2569941913380969,-0.3011384163711952,-2.148694846450013,1.6120266600499384,14.012225277452664,3.206755491476313,-1.7943617915904897,1787260294.567739
11.200387001037598,hold1,drive,1.6,0.26,0.33099999999999996,5721.6,5753.0,9.11,0.118,16.7,1.2357022184229134,0.1739434537561486,-2.6366865287529606,1.583703850656406,14.000259800245109,3.1801252353602094,-1.7618479323664515,1787260294.5965881
11.220600128173828,hold1,drive,1.6,0.26,0.33099999999999996,5721.6,5766.0,8.69,0.117,16.7,1.2726053753320323,-0.06840891773060775,-2.14915297581598,1.6701320976296814,13.994330287274495,3.148490592728096,-1.7372327995562489,1787260294.6166575
11.240413188934326,hold1,drive,1.6,0.26,0.33099999999999996,5721.6,5757.0,8.86,0.118,16.7,1.2685990489461716,-0.4547896920590411,-1.4700909423821429,1.6516798554312297,13.989125831307826,3.1162801143722025,-1.7112953575315222,1787260294.637073
11.261089563369751,hold1,drive,1.6,0.26,0.33099999999999996,5721.6,5771.0,8.61,0.117,16.7,1.2445484406158296,-0.21426399082024972,-1.7498770073516994,1.6546214828945538,13.984853584473532,3.084696093190335,-1.686203157323248,1787260294.6567807
11.28115439414978,hold1,drive,1.6,0.26,0.33099999999999996,5721.6,5768.0,8.64,0.118,16.7,1.2127534929935917,-0.09503957833632715,-2.3520455204194946,1.5909237261575482,13.982968392096296,3.0685333889431132,-1.673820730547364,1787260294.668063
11.3016996383667,hold1,drive,1.6,0.26,0.33099999999999996,5721.6,5753.0,8.88,0.115,16.7,1.236705697521655,-0.2473697578174594,-1.866935346113337,1.9030575720874072,13.971362233103683,3.013759118048891,-1.6320686471732915,1787260294.697648
11.32069444656372,hold1,drive,1.6,0.26,0.33099999999999996,5721.6,5741.0,9.14,0.118,16.7,1.2477933692460366,-0.20663637076553698,-1.9526031986627856,1.779864481041788,13.970370453575958,2.9975102728253575,-1.6194086644332095,1787260294.708556
11.340446472167969,hold1,drive,1.6,0.26,0.33099999999999996,5721.6,5751.0,8.79,0.115,16.7,1.2623866930713439,-0.19284351935334598,-1.8127275616453176,1.7464440950949374,13.96863642740642,2.949460311023973,-1.5821271111562698,1787260294.736728
11.360398530960083,hold1,drive,1.6,0.26,0.33099999999999996,5721.6,5754.0,8.72,0.117,16.7,1.2603079626824825,-0.12275390163801614,-1.6012732311564548,1.7082905558610015,13.9684785656761,2.9174426257137296,-1.5569198046470178,1787260294.7565012
11.38157606124878,hold1,drive,1.6,0.26,0.33099999999999996,5721.6,5750.0,8.89,0.117,16.7,1.2577361480177929,0.0837254622442618,-2.4496928565493477,1.6351609971552779,13.968733739802174,2.8990326570454967,-1.5425096133149943,1787260294.769073
11.400856018066406,hold1,drive,1.6,0.26,0.33099999999999996,5721.6,5750.0,8.75,0.116,16.7,1.2416165665717613,-0.009681975408159182,-2.3415667248004866,1.280691780659325,13.965048755389137,2.866883099700176,-1.5096019933062022,1787260294.79768
11.420403718948364,hold1,drive,1.6,0.26,0.33099999999999996,5721.6,5741.0,9.01,0.115,16.7,1.2635094817869212,0.06365154521393501,-1.951040822573617,1.5407433955919412,13.967205958964433,2.834744377242356,-1.484802167454266,1787260294.8166032
11.440405130386353,hold1,drive,1.6,0.26,0.33099999999999996,5721.6,5736.0,8.98,0.117,16.7,1.3087354165767013,-0.018953284398185666,-1.960888703596737,1.5953012227263996,13.970159152739688,2.802822956601553,-1.4594632994809296,1787260294.8365817
11.460413217544556,hold1,drive,1.6,0.26,0.33099999999999996,5721.6,5750.0,8.7,0.114,16.7,1.250665588481687,0.031754514231292275,-2.3430487016709947,1.6280485487513332,13.973936016318945,2.770973013228398,-1.433069573604007,1787260294.8565917
11.480506181716919,hold1,drive,1.6,0.26,0.33099999999999996,5721.6,5741.0,8.97,0.117,16.7,1.213949252323037,0.07991802020047434,-2.2173508090525047,1.5763171765248933,13.976234120741893,2.754309132034603,-1.4203090920071157,1787260294.868148
11.500582933425903,hold1,drive,1.6,0.26,0.33099999999999996,5721.6,5747.0,8.81,0.117,16.7,1.232247166382699,0.0378907858815718,-1.9982579680693107,1.2914899637285036,13.9759901847911,2.7334767317870625,-1.3984742381018782,1787260294.8888972
11.52044153213501,hold1,drive,1.6,0.26,0.33099999999999996,5721.6,5757.0,8.62,0.116,16.7,1.2423144479354167,-0.15539747362695167,-1.8538431373466722,1.5013742991904404,13.981691145131741,2.7018140721206847,-1.3738825642968457,1787260294.9078286
11.54064154624939,hold1,drive,1.6,0.26,0.33099999999999996,5721.6,5749.0,8.81,0.114,16.7,1.2332261443994121,-0.03714260262987512,-1.8899134428064883,1.5563569664748167,13.988168715707207,2.670307284078983,-1.349093197977897,1787260294.9276874
11.560537338256836,hold1,drive,1.6,0.26,0.33099999999999996,5721.6,5733.0,9.22,0.117,16.7,1.2575089803768091,-0.07006533349678445,-2.4008089621606246,1.5612973042445608,13.99543112767792,2.638967357783516,-1.32436149625384,1787260294.9481094
11.580467462539673,hold1,drive,1.6,0.26,0.33099999999999996,5721.6,5738.0,8.91,0.115,16.7,1.2521063586314198,-0.09984377882973217,-2.0827095997110234,1.5939027743383383,14.00344029374475,2.607946629273034,-1.2993514844993614,1787260294.9677076
11.600373029708862,hold1,drive,1.6,0.26,0.33099999999999996,5721.6,5743.0,8.86,0.117,16.7,1.3040951246933472,0.067219781309658,-1.9140986972227267,1.5962409818158116,14.012269984898454,2.5660305342727816,-1.261245222699028,1787260294.9965966
11.620419979095459,hold1,drive,1.6,0.26,0.33099999999999996,5721.6,5752.0,8.74,0.117,16.7,1.3250693824904842,-0.3480677692091838,-1.5799560361404303,1.629150087127552,14.022256217689147,2.5354946753710754,-1.2349260389870547,1787260295.016606
11.640612602233887,hold1,drive,1.6,0.26,0.33099999999999996,5721.6,5751.0,8.68,0.114,16.7,1.2782832347760813,-0.24946287838508496,-2.038757831936124,1.5794137952190168,14.02756636014606,2.5202626882360564,-1.2215789202572933,1787260295.0276294
11.661099910736084,hold1,drive,1.6,0.26,0.33099999999999996,5721.6,5730.0,9.25,0.116,16.7,1.2273409578645007,0.10024389285041568,-2.5460988287430837,1.6553111163673568,14.044634478390343,2.4751945284593035,-1.1830003815823045,1787260295.056619
11.680544137954712,hold1,drive,1.6,0.26,0.33099999999999996,5721.6,5721.0,9.18,0.116,16.7,1.2603066311019373,-0.10863669419617938,-2.1352193526809344,1.5917847437237744,14.050699086606723,2.46034438940448,-1.170955580262163,1787260295.067731
11.70039701461792,hold1,drive,1.6,0.26,0.33099999999999996,5721.6,5727.0,9.05,0.118,16.7,1.2734337515891014,-0.17042628030054985,-1.7401308678852843,1.5734244932627002,14.063355520456147,2.4309136906248754,-1.1459261102189167,1787260295.0879023
11.72045350074768,hold1,drive,1.6,0.26,0.33099999999999996,5721.6,5743.0,8.73,0.117,16.7,1.248632664463575,-0.31465213631423694,-1.9823444776296526,1.3474385659660326,14.06920106957652,2.4128234502012007,-1.1227432029643811,1787260295.107631
11.740428924560547,hold1,drive,1.6,0.26,0.33099999999999996,5721.6,5742.0,8.75,0.117,16.7,1.217742658979746,-0.2670631444322389,-2.0564623246067413,1.5648622695542151,14.090532991814458,2.369808003351653,-1.0852119289452697,1787260295.136555
11.760605335235596,hold1,drive,1.6,0.26,0.33099999999999996,5721.6,5723.0,9.17,0.116,16.7,1.1797808955373206,-0.015678669903520515,-2.5308495820299584,1.6174065822069807,14.105685859879669,2.3414832534360874,-1.061007092434046,1787260295.1565747
11.780568599700928,hold1,drive,1.6,0.26,0.33099999999999996,5721.6,5709.0,9.34,0.116,16.7,1.2416595766233662,0.19963356227511397,-2.516537644026016,1.5654889559145497,14.113599411644714,2.3273223354963477,-1.0492395060932596,1787260295.1678061
11.800496578216553,hold1,drive,1.6,0.26,0.33099999999999996,5721.6,5719.0,9.15,0.117,16.7,1.2989168742697972,-0.2328755328577543,-1.7055431240175665,1.9737090806699782,14.140819949285058,2.2721830712431954,-1.005150639529401,1787260295.196615
11.820388555526733,hold1,drive,1.6,0.26,0.33099999999999996,5721.6,5726.0,8.89,0.117,16.7,1.3157049091494388,-0.25498466017758403,-1.215440816044385,1.806516006133624,14.158162096255506,2.245307989011039,-0.9785701482155292,1787260295.216589
11.840924739837646,hold1,drive,1.6,0.26,0.33099999999999996,5721.6,5739.0,8.68,0.116,16.7,1.3121217590607916,0.10056646730646612,-2.123405052949778,1.7285060326858321,14.176140203292485,2.2189691018737947,-0.9522809287291168,1787260295.236505
11.860541582107544,hold1,drive,1.6,0.26,0.33099999999999996,5721.6,5720.0,9.14,0.114,16.7,1.2349999428434595,-0.13438297253290887,-2.188320843900186,1.6379994944229421,14.185564313003896,2.2057204513127644,-0.9390233019908505,1787260295.2479
11.880682229995728,hold1,drive,1.6,0.26,0.33099999999999996,5721.6,5714.0,9.26,0.117,16.7,1.2349999428434595,-0.13438297253290887,-2.188320843900186,1.6117347294182056,14.20461123713302,2.1800459177608356,-0.9139665698338684,1787260295.2679348
11.90052580833435,hold1,drive,1.6,0.26,0.33099999999999996,5721.6,5726.0,8.93,0.114,16.7,1.3000694903895835,0.21880512141568786,-2.235420752717033,1.5587666935010485,14.219439244776511,2.157870469833859,-0.881765731785581,1787260295.2965727
11.920515775680542,hold1,drive,1.6,0.26,0.33099999999999996,5721.6,5730.0,8.91,0.115,16.7,1.2847882720547088,-0.2086877933747573,-1.8167571704845784,1.5303992684851997,14.2296650000608,2.145441347995532,-0.8684644555443221,1787260295.307565
11.940486907958984,hold1,drive,1.6,0.26,0.33099999999999996,5721.6,5731.0,8.94,0.115,16.7,1.2309926843512173,-0.03385524303179732,-2.2889274559983335,1.5601324330802897,14.250540413115019,2.121077542722191,-0.8426427345866744,1787260295.32761
11.960599184036255,hold1,drive,1.6,0.26,0.33099999999999996,5721.6,5744.0,8.74,0.116,16.7,1.2131999719503435,0.2613507434013158,-2.3888318174665812,1.5706246738108078,14.2719944341493,2.097303121086703,-0.8177686823378477,1787260295.347744
11.987039566040039,hold1,drive,1.6,0.26,0.33099999999999996,5721.6,5744.0,8.74,0.116,16.7,1.2131999719503435,0.2613507434013158,-2.3888318174665812,1.632327733734793,14.282912269420033,2.0856545440862715,-0.8054565246806309,1787260295.356732
12.000370025634766,hold1,drive,1.6,0.26,0.33099999999999996,5721.6,5733.0,9.07,0.117,16.7,1.234626700816685,0.10755992025144501,-1.8753161606665003,1.5733149692574953,14.31693942795342,2.051054272882685,-0.7685474722911791,1787260295.3880672
12.020514488220215,hold1,drive,1.6,0.26,0.33099999999999996,5721.6,5739.0,8.84,0.114,16.7,1.2837511039681775,0.1399515594614531,-1.9315611151549774,1.4223085298358091,14.331094271861451,2.0290782452397096,-0.7452968411728176,1787260295.4090304
12.041568756103516,hold1,drive,1.6,0.26,0.33099999999999996,5721.6,5735.0,8.99,0.116,16.7,1.2303410088324749,-0.19931858006346204,-1.8131134778948876,1.6211066198775432,14.366861764941376,1.9968886112290571,-0.7070132219744835,1787260295.4369867
12.060917615890503,hold1,drive,1.6,0.26,0.33099999999999996,5721.6,5728.0,9.06,0.116,16.7,1.228161211480245,0.026752808032296738,-1.750631590563927,1.5662823450246406,14.37904501384297,1.9864671900249855,-0.6950054307611452,1787260295.448133
12.08673095703125,hold1,drive,1.6,0.26,0.33099999999999996,5721.6,5728.0,9.06,0.116,16.7,1.228161211480245,0.026752808032296738,-1.750631590563927,1.598751634575091,14.406312626877755,1.9640384812293916,-0.6679194118141716,1787260295.4698105
12.101964712142944,hold1,drive,1.6,0.26,0.33099999999999996,5721.6,5749.0,8.58,0.115,16.7,1.2703249104905976,-0.33159104569771003,-1.8642801253719767,1.3294147049171996,14.430036814408334,1.939367705726879,-0.6354243286170994,1787260295.4978316
12.120599031448364,hold1,drive,1.6,0.26,0.33099999999999996,5721.6,5749.0,8.58,0.115,16.7,1.2703249104905976,-0.33159104569771003,-1.8642801253719767,1.383786703440086,14.4430514692405,1.929750670422582,-0.6228840253048603,1787260295.5085437
12.140528440475464,hold1,drive,1.6,0.26,0.33099999999999996,5721.6,5741.0,8.85,0.116,16.7,1.228667478403469,-0.012855232069663103,-2.507350206039092,1.5057655760558941,14.469198046365053,1.9112024877450757,-0.5981584490525598,1787260295.527783
12.160555124282837,hold1,drive,1.6,0.26,0.33099999999999996,5721.6,5732.0,8.95,0.117,16.7,1.2932868185673152,-0.09206210290853623,-2.111862064036501,1.47088113416379,14.49586672864718,1.893257594223652,-0.5737831905186471,1787260295.550315
12.18043041229248,hold1,drive,1.6,0.26,0.33099999999999996,5721.6,5745.0,8.76,0.119,16.7,1.2896422826155418,-0.32389450158554567,-1.809826173114459,1.664457459266503,14.525572059767837,1.874346312309955,-0.5457368379481495,1787260295.5697563
12.200509548187256,hold1,drive,1.6,0.26,0.33099999999999996,5721.6,5762.0,8.34,0.118,16.7,1.2722784723082252,-0.1890794837513603,-1.8166548442062833,1.606024969175186,14.554507119888529,1.857014246208792,-0.5186523477609205,1787260295.5907135
12.221724271774292,hold1,drive,1.6,0.26,0.33099999999999996,5721.6,5739.0,8.86,0.114,16.7,1.2031317582912442,-0.3672665544488041,-2.3279064590088865,2.4820930356393327,14.599822635846643,1.8224982967129735,-0.48459960974429195,1787260295.6078234
12.240718126296997,hold1,drive,1.6,0.26,0.33099999999999996,5721.6,5708.0,9.47,0.117,16.7,1.2101430624930958,-0.11695121593904734,-2.14191470725018,1.971625308004676,14.64286135307315,1.8005207361558806,-0.4480640917490518,1787260295.6367228
12.260334968566895,hold1,drive,1.6,0.26,0.33099999999999996,5721.6,5719.0,9.02,0.117,16.7,1.2859992114023677,-0.2656859058165857,-2.03439230054326,1.8172030537739032,14.671450251205801,1.787012493253048,-0.4240439896304856,1787260295.6564872
12.280479431152344,hold1,drive,1.6,0.26,0.33099999999999996,5721.6,5729.0,8.82,0.117,16.7,1.294688440249024,-0.2810535221066388,-1.4086244240926646,1.6983527931392512,14.687458242344126,1.7798035128795726,-0.4095083998963031,1787260295.6688418
12.300506114959717,hold1,drive,1.6,0.26,0.33099999999999996,5721.6,5746.0,8.54,0.117,16.7,1.2891185719871778,-0.133049167767882,-1.7174954180440238,1.3222736100038133,14.700513746345594,1.769870925426034,-0.3884682163252111,1787260295.6886928
12.32140564918518,hold1,drive,1.6,0.26,0.33099999999999996,5721.6,5742.0,8.65,0.114,16.7,1.254459261454505,0.01575618205932905,-2.2667811257673236,1.4599611247553157,14.731441393082592,1.7574421716056217,-0.36167059954701486,1787260295.7100224
12.340542316436768,hold1,drive,1.6,0.26,0.33099999999999996,5721.6,5724.0,9.11,0.116,16.7,1.2094667527342702,-0.02766104968305161,-2.3269258809020243,1.5998965959493285,14.760440520951581,1.7466648824507527,-0.337356024340816,1787260295.7282915
12.360396146774292,hold1,drive,1.6,0.26,0.33099999999999996,5721.6,5713.0,9.26,0.115,16.7,1.2510018125693096,0.12402216276728506,-2.330986772346364,1.691157554080892,14.80578475192031,1.7313779516343475,-0.30097392446157606,1787260295.7565534
12.38050103187561,hold1,drive,1.6,0.26,0.33099999999999996,5721.6,5718.0,8.99,0.116,16.7,1.3057671903837536,0.012327502561905845,-1.8416543234369556,1.616066757640724,14.821141826066297,1.7266183608591197,-0.2881569178062212,1787260295.7677119
12.40047550201416,hold1,drive,1.6,0.26,0.33099999999999996,5721.6,5738.0,8.68,0.115,16.7,1.2913609536250243,0.13641054032850164,-1.9423515673815928,1.540821819208007,14.822599263820925,1.7230341266678497,-0.26937009863828076,1787260295.789153
12.420631408691406,hold1,drive,1.6,0.26,0.33099999999999996,5721.6,5726.0,8.95,0.116,16.7,1.2121910333713668,-0.1967343299051194,-2.10471267315242,1.7148356260110753,14.868984214708869,1.7108501297268672,-0.23050240356091595,1787260295.8166533
12.440535545349121,hold1,drive,1.6,0.26,0.33099999999999996,5721.6,5716.0,9.15,0.114,16.7,1.222026486751193,0.07314755174756771,-1.9484657086901223,1.6809750143988142,14.900175836091762,1.7036987677491746,-0.2066741210571556,1787260295.8366277
12.461178064346313,hold1,drive,1.6,0.26,0.33099999999999996,5721.6,5713.0,9.19,0.115,16.7,1.2522484382755756,0.3193328691893491,-2.139636339573741,1.6700975773358102,14.931476934866307,1.697326611889781,-0.18220743463140893,1787260295.8566356
12.480398654937744,hold1,drive,1.6,0.26,0.33099999999999996,5721.6,5707.0,9.21,0.116,16.7,1.3196196227938006,-0.09907176360509506,-1.837144073450503,1.5180612684894663,14.947272537197003,1.6944124939599798,-0.16949843840250392,1787260295.8704429
12.500496625900269,hold1,drive,1.6,0.26,0.33099999999999996,5721.6,5732.0,8.82,0.115,16.7,1.2786355709882988,-0.10020983281778317,-1.7405065515070248,1.5820923008646335,14.950918783346795,1.689091516803245,-0.1526060004831085,1787260295.8889005
12.520543098449707,hold1,drive,1.6,0.26,0.33099999999999996,5721.6,5728.0,8.89,0.117,16.7,1.2372654939827898,-0.03735284658667215,-2.0012298155517954,1.6452597004383798,14.982565702177684,1.6844112690139772,-0.1268241768485882,1787260295.907655
12.54106879234314,hold1,drive,1.6,0.26,0.33099999999999996,5721.6,5722.0,9.0,0.115,16.7,1.285596275129439,-0.08319853672869115,-2.117913932495668,1.6656103085465097,15.030101214021828,1.6789331877791054,-0.08950594125608352,1787260295.9366148
12.561434030532837,hold1,drive,1.6,0.26,0.33099999999999996,5721.6,5725.0,9.05,0.117,16.7,1.25842550726596,-0.25162664062983353,-1.7257066633360125,1.6720816157056597,15.06203167633417,1.6762661670517585,-0.06352470642254346,1787260295.9566488
12.580710649490356,hold1,drive,1.6,0.26,0.33099999999999996,5721.6,5727.0,8.88,0.116,16.7,1.2501188415098938,-0.12713587832560602,-1.750768123055252,1.6037060738856272,15.078057194979415,1.6752317817219777,-0.05110577487057418,1787260295.9677687
12.600415229797363,hold1,drive,1.6,0.26,0.33099999999999996,5721.6,5717.0,9.12,0.117,16.7,1.2583678498283597,-0.3203806902790909,-1.9305679655339247,1.895717534115147,15.135138578221763,1.665988331590373,-0.012118613907019926,1787260295.9966068
12.621132612228394,hold1,drive,1.6,0.26,0.33099999999999996,5721.6,5710.0,9.2,0.118,16.7,1.2313635295330108,-0.3023598997732435,-2.1021723502035456,1.7736920520366293,15.167153318785445,1.6658037574614544,0.013117141651978559,1787260296.0166292
12.640525817871094,hold1,drive,1.6,0.26,0.33099999999999996,5721.6,5726.0,8.91,0.118,16.7,1.2682491095789352,0.025685435314380722,-2.4310589489110157,1.6593084447631008,15.183154564334702,1.666014226966858,0.025336547104145877,1787260296.028122
12.66047978401184,hold1,drive,1.6,0.26,0.33099999999999996,5721.6,5728.0,8.87,0.117,16.7,1.2717731374913828,-0.34535667101085465,-1.8055635527214804,1.6781829924456226,15.231023444437147,1.6678245510122902,0.06311879801891561,1787260296.0567546
12.680419683456421,hold1,drive,1.6,0.26,0.33099999999999996,5721.6,5728.0,8.85,0.115,16.7,1.2144593808298418,-0.4454204787477458,-2.0125096797494564,1.6065464093558344,15.247114736928395,1.6688384905568954,0.07592088749455757,1787260296.067956
12.700690746307373,hold1,drive,1.6,0.26,0.33099999999999996,5721.6,5710.0,9.2,0.116,16.7,1.2196960876393192,0.2287233517551357,-2.484025661803713,1.501470243507558,15.280899764954178,1.6679845877698931,0.10953100598049702,1787260296.0966113
12.720527410507202,hold1,drive,1.6,0.26,0.33099999999999996,5721.6,5707.0,9.17,0.116,16.7,1.304760914965867,-0.07401235954769625,-2.2808653147118605,1.4730489583645732,15.296793386106483,1.669726294043457,0.12173446354046136,1787260296.1079772
12.740482091903687,hold1,drive,1.6,0.26,0.33099999999999996,5721.6,5721.0,8.97,0.117,16.7,1.3082746897081177,-0.043028684245654425,-1.7251082007883838,1.5433535061160848,15.328450857559748,1.6737982311538455,0.14739847586406254,1787260296.1276214
12.76039433479309,hold1,drive,1.6,0.26,0.33099999999999996,5721.6,5736.0,8.63,0.116,16.7,1.3093384894055498,0.07547810582593728,-1.428414033954141,1.6140843862294005,15.375784649804158,1.6814519435708233,0.18664519855807635,1787260296.1566515
12.781328916549683,hold1,drive,1.6,0.26,0.33099999999999996,5721.6,5736.0,8.63,0.116,16.7,1.3093384894055498,0.07547810582593728,-1.428414033954141,1.5607986894555694,15.39162635791886,1.6844316787676303,0.1997473053658632,1787260296.1678731
12.800409078598022,hold1,drive,1.6,0.26,0.33099999999999996,5721.6,5718.0,9.12,0.114,16.7,1.2356694615415054,-0.12403151831272918,-2.1774663646594377,1.4770299369643647,15.423815543513516,1.6877763663897747,0.23659703356305473,1787260296.1966379
12.820661306381226,hold1,drive,1.6,0.26,0.33099999999999996,5721.6,5707.0,9.26,0.114,16.7,1.2238616710583665,0.22660128746879238,-2.2800376413008507,1.468512738334919,15.4393791611792,1.691509281876606,0.2484551551128969,1787260296.2076862
12.840409994125366,hold1,drive,1.6,0.26,0.33099999999999996,5721.6,5708.0,9.21,0.116,16.7,1.2984721263677539,0.23657397000633296,-2.102717310725666,1.522839469585307,15.470218261666831,1.6995294034033108,0.27295984330350437,1787260296.227765
12.860404014587402,hold1,drive,1.6,0.26,0.33099999999999996,5721.6,5732.0,8.75,0.116,16.7,1.30425811015206,-0.08626290726655927,-1.6617679421629248,1.6213067842662783,15.500931474972875,1.7083322469714899,0.29858821623794296,1787260296.2465847
12.88072919845581,hold1,drive,1.6,0.26,0.33099999999999996,5721.6,5752.0,8.4,0.115,16.7,1.205137384908183,-0.02143963937153437,-2.094481214766091,1.5707541935870988,15.533537029968548,1.718603331892389,0.326398342554083,1787260296.268985
12.900422096252441,hold1,drive,1.6,0.26,0.33099999999999996,5721.6,5728.0,9.04,0.113,16.7,1.1518802883771053,-0.04849078789084782,-2.491266561616669,2.2807313568806187,15.604953488320275,1.7355740005213591,0.3732058009896,1787260296.2965713
12.920727491378784,hold1,drive,1.6,0.26,0.33099999999999996,5721.6,5722.0,9.14,0.115,16.7,1.1966440315597022,0.046319405992876206,-2.3264388078173397,2.025451720892238,15.619840383573687,1.7413993560918624,0.38421651307343807,1787260296.307752
12.940506219863892,hold1,drive,1.6,0.26,0.33099999999999996,5721.6,5723.0,9.05,0.116,16.7,1.2754289918777888,0.10667552884618026,-1.9580469566680847,1.801346980041553,15.664110660563166,1.7599171823173083,0.4198379077059648,1787260296.336528
12.960390567779541,hold1,drive,1.6,0.26,0.33099999999999996,5721.6,5731.0,8.83,0.117,16.7,1.3332463523014637,-0.12206526405763984,-1.5926333849388072,1.779668735585242,15.69333044802015,1.773205077914848,0.4458112625752569,1787260296.3566208
12.981271505355835,hold1,drive,1.6,0.26,0.33099999999999996,5721.6,5740.0,8.69,0.115,16.7,1.275770941761755,-0.4960848138337042,-1.72943338639152,1.6878003970299682,15.710417507167191,1.7813782046893758,0.4618660360015931,1787260296.3694758
13.000651597976685,hold1,drive,1.6,0.26,0.33099999999999996,5721.6,5723.0,9.04,0.115,16.7,1.2184329503342946,-0.05299961261842423,-2.1271601350024127,1.626997474979789,15.736346220147253,1.7944694164315809,0.48520497908235605,1787260296.387582
13.021690368652344,hold1,drive,1.6,0.26,0.33099999999999996,5721.6,5719.0,9.17,0.117,16.7,1.278387497532758,0.10771573028269898,-2.4054762098940614,1.3847707526878121,15.74770481354476,1.7976051896391354,0.5057546783038844,1787260296.407976
13.040506839752197,hold1,drive,1.6,0.26,0.33099999999999996,5721.6,5718.0,9.03,0.117,16.7,1.3013407503359329,-0.36563909153762,-2.002211270741043,1.576907786992786,15.789346033803925,1.8213443054324086,0.5437611376226115,1787260296.436617
13.060384273529053,hold1,drive,1.6,0.26,0.33099999999999996,5721.6,5723.0,8.91,0.117,16.7,1.287264079762101,-0.23120286365862341,-1.9431640380312558,1.6111910632259492,15.816598515397565,1.8380602634323104,0.5698819105115907,1787260296.456676
13.082247495651245,hold1,drive,1.6,0.26,0.33099999999999996,5721.6,5726.0,8.98,0.116,16.7,1.2804760816176526,-0.03773161826931126,-2.1173748191894504,1.5012743902806363,15.83354662525106,1.8489120857225059,0.5859758726167696,1787260296.472843
13.100607872009277,hold1,drive,1.6,0.26,0.33099999999999996,5721.6,5719.0,8.98,0.117,16.7,1.2613374076018526,-0.2327341764133095,-2.1771281032194736,1.806231193328438,15.856746810782509,1.8644884006538225,0.608332886536949,1787260296.4878461
13.120574474334717,hold1,drive,1.6,0.26,0.33099999999999996,5721.6,5726.0,8.91,0.117,16.7,1.2390486134906524,-0.22345014972869492,-1.9605475185488217,1.5707435141282078,15.879154494384972,1.8735898365410486,0.6317518165245734,1787260296.507584
13.140485763549805,hold1,drive,1.6,0.26,0.33099999999999996,5721.6,5733.0,8.68,0.117,16.7,1.253720500568117,-0.018320834908123196,-2.1534424934021104,1.6380974065982186,15.917506806192632,1.9023862785414685,0.6690344388237782,1787260296.536627
13.160476207733154,hold1,drive,1.6,0.26,0.33099999999999996,5721.6,5722.0,8.99,0.116,16.7,1.272942398367982,0.001245740211769153,-2.178397533791923,1.5810806454576756,15.930136305390812,1.912361964123623,0.6816450197600941,1787260296.5477414
13.183324575424194,hold1,drive,1.6,0.26,0.33099999999999996,5721.6,5713.0,9.13,0.115,16.7,1.2916038339164395,-0.10789188679803896,-2.2079967254123574,1.589519108866751,15.95486878573213,1.9326862219373893,0.7070199531363536,1787260296.5676322
13.200612545013428,hold1,drive,1.6,0.26,0.33099999999999996,5721.6,5714.0,9.08,0.116,16.7,1.3033763375151348,-0.02219720100936229,-2.029790249267137,1.5382235258274446,15.986543760062512,1.9551974068766473,0.7445721310364944,1787260296.5966234
13.220643281936646,hold1,drive,1.6,0.26,0.33099999999999996,5721.6,5714.0,9.0,0.116,16.7,1.3004410013616496,-0.13238949217877316,-1.759356513772957,1.5154892055312568,15.998291837945228,1.9660145488639116,0.7576124738418599,1787260296.6075432
13.240715980529785,hold1,drive,1.6,0.26,0.33099999999999996,5721.6,5731.0,8.72,0.116,16.7,1.3174109301437436,0.07809131340740993,-1.8036322173088593,1.6175678128518034,16.03261818672819,1.9993325774009238,0.7966016956969899,1787260296.636542
13.260441541671753,hold1,drive,1.6,0.26,0.33099999999999996,5721.6,5735.0,8.74,0.114,16.7,1.2655031241789545,-0.0005664627449744053,-2.3788959358441275,1.636259316017211,16.0549327599454,2.0224436879796452,0.8230916769913079,1787260296.656595
13.281710386276245,hold1,drive,1.6,0.26,0.33099999999999996,5721.6,5705.0,9.34,0.117,16.7,1.2655031241789545,-0.0005664627449744053,-2.3788959358441275,1.5721413561928022,16.06589359437266,2.034243215729394,0.8354910946592828,1787260296.6679163
13.300537347793579,hold1,drive,1.6,0.26,0.33099999999999996,5721.6,5706.0,9.22,0.114,16.7,1.2812430720115953,0.0484831728057622,-2.3760386937933333,1.5300739752283203,16.09045076206099,2.052925882529278,0.8603872262144622,1787260296.688833
13.320534229278564,hold1,drive,1.6,0.26,0.33099999999999996,5721.6,5718.0,9.04,0.116,16.7,1.320879830621626,0.300567289557911,-2.177866021866379,1.655801933851831,16.12132976508406,2.089758980656936,0.8987912388084368,1787260296.71681
13.34033203125,hold1,drive,1.6,0.26,0.33099999999999996,5721.6,5739.0,8.56,0.115,16.7,1.301744485557189,-0.12851311694125922,-1.8446887361295978,1.651321436152515,16.140916782838186,2.1147164342009126,0.9251961836882686,1787260296.7365797
13.36046028137207,hold1,drive,1.6,0.26,0.33099999999999996,5721.6,5741.0,8.69,0.115,16.7,1.2065406044865457,-0.44830012294446675,-1.6959305934345252,1.6505152776203367,16.16010288115253,2.140509830891018,0.9511736017140429,1787260296.7566442
13.382407665252686,hold1,drive,1.6,0.26,0.33099999999999996,5721.6,5716.0,9.19,0.115,16.7,1.1650481552289478,-0.03452939048026504,-2.2842917832307705,1.5922323513468595,16.16957532832078,2.1537596658236264,0.9628944159976934,1787260296.767829
13.401044368743896,hold1,drive,1.6,0.26,0.33099999999999996,5721.6,5701.0,9.45,0.116,16.7,1.2584549351960053,0.17274919645314668,-2.257451015712377,1.7255297792435587,16.20106893068975,2.1884666202109946,0.9977127889650084,1787260296.7965968
13.420828580856323,hold1,drive,1.6,0.26,0.33099999999999996,5721.6,5719.0,8.96,0.117,16.7,1.3517268260538506,-0.15757399011138773,-1.831489523311916,1.681861267140473,16.21819371046218,2.215406811033269,1.0233579762163156,1787260296.8166957
13.440409898757935,tr2,drive,2.0,0.26,0.33099999999999996,7152.0,5737.0,8.69,0.115,16.7,1.290944701546645,-0.2782300842727814,-1.7347967451781585,1.6738590032870344,16.23463404856913,2.2428130424348005,1.0508364285377774,1787260296.8365996
13.460418939590454,tr2,drive,2.0,0.26,0.33099999999999996,7152.0,5761.0,11.09,0.133,16.7,1.2214464502657736,-0.24551586147044802,-1.818610153204105,1.668031503630985,16.25038534819236,2.2707024974717513,1.0763041915019382,1787260296.8565712
13.480740308761597,tr2,drive,2.0,0.26,0.33099999999999996,7152.0,5864.0,19.5,0.134,16.7,1.2628753831313733,-1.9985060362039775,-2.473281110221933,1.5996627671198618,16.2581549989595,2.285068391821649,1.0882656024831585,1787260296.867912
13.50052523612976,tr2,drive,2.0,0.26,0.33099999999999996,7152.0,5973.0,24.71,0.144,16.7,1.2196473517913706,-2.25281198079567,-2.3109150343175884,1.60625031539676,16.273560854209887,2.314836525206095,1.1138874709846152,1787260296.8883955
13.52085256576538,tr2,drive,2.0,0.26,0.33099999999999996,7152.0,5973.0,24.71,0.144,16.7,1.2196473517913706,-2.25281198079567,-2.3109150343175884,1.772555719699238,16.29395597491874,2.34130308353315,1.1375941988508818,1787260296.9066145
13.540562391281128,tr2,drive,2.0,0.26,0.33099999999999996,7152.0,6152.0,20.95,0.139,16.7,1.2510671931740711,-1.6343776825300864,-2.210215159125795,1.7335626423084136,16.314523691715486,2.38705095927117,1.1744665959752876,1787260296.9365683
13.561403274536133,tr2,drive,2.0,0.26,0.33099999999999996,7152.0,6243.0,20.0,0.137,16.7,1.2418593137051221,-1.9748546325996443,-2.616351958369364,1.6970139502277146,16.32150678462809,2.4035042078027518,1.1871147431392794,1787260296.947658
13.580389976501465,tr2,drive,2.0,0.26,0.33099999999999996,7152.0,6319.0,19.53,0.138,16.7,1.2190472084397213,-1.373120129132218,-2.604601685652341,1.7108629272346936,16.334408334464054,2.435791726315702,1.2120005458315564,1787260296.9677362
13.601027250289917,tr2,drive,2.0,0.26,0.33099999999999996,7152.0,6382.0,18.85,0.137,16.7,1.2666319050069847,-1.3895822346039353,-2.733313818068609,1.6983885263313445,16.347129511430943,2.469977083156411,1.2372775496836812,1787260296.9886892
13.62046766281128,tr2,drive,2.0,0.26,0.33099999999999996,7152.0,6442.0,18.5,0.141,16.7,1.3319826823642211,-0.9703494989935635,-2.5315664506996143,1.9704308447817902,16.36753787682315,2.5080062063738144,1.2652364746660698,1787260297.0077739
13.640570640563965,tr2,drive,2.0,0.26,0.33099999999999996,7152.0,6532.0,17.39,0.143,16.7,1.3920450875868327,-1.0652302980093111,-2.388751418247921,1.9093879372630198,16.3830043685145,2.5590672157385432,1.3048401921972572,1787260297.0366073
13.660573720932007,tr2,drive,2.0,0.26,0.33099999999999996,7152.0,6624.0,16.3,0.141,16.7,1.371668043664146,-1.1934995038209593,-2.349087998615971,1.818155739156433,16.388080688451023,2.5773322348203855,1.3190797779103116,1787260297.0484166
13.681048154830933,tr2,drive,2.0,0.26,0.33099999999999996,7152.0,6689.0,16.0,0.144,16.7,1.4094770748180552,-0.6009927841301845,-2.7742469606338034,1.90100645386952,16.398812766435686,2.620035368948585,1.3519446851222539,1787260297.07064
13.700372219085693,tr2,drive,2.0,0.26,0.33099999999999996,7152.0,6758.0,15.19,0.143,16.7,1.4060229548842225,-1.1545077100256194,-2.449525333813739,1.8261120162116842,16.40532955692726,2.6495691877890604,1.3746802775883378,1787260297.0879397
13.720841407775879,tr2,drive,2.0,0.26,0.33099999999999996,7152.0,6783.0,15.3,0.14,16.7,1.344749876630061,-1.137820779102448,-2.785393800669681,1.9457988108699003,16.42225577535422,2.702777434461852,1.4169886457697571,1787260297.116625
13.740592002868652,tr2,drive,2.0,0.26,0.33099999999999996,7152.0,6851.0,14.5,0.143,16.7,1.3778649532046512,-0.32799376538424596,-3.309643484062917,1.8917040265537834,16.425347888007604,2.722122938902105,1.4301803625043972,1787260297.1277218
13.760424613952637,tr2,drive,2.0,0.26,0.33099999999999996,7152.0,6941.0,13.04,0.144,16.7,1.4479008967096096,-0.25798932515932194,-2.7271815503907817,1.9693368213819111,16.432629589041703,2.7784627315781787,1.4713119455658727,1787260297.156646
13.78036880493164,tr2,drive,2.0,0.26,0.33099999999999996,7152.0,6972.0,13.07,0.142,16.7,1.4505518072586745,-0.5183606964420555,-3.0352283792606727,1.9033087112372988,16.43472018155745,2.798408250353937,1.4861528905620118,1787260297.1681108
13.800396203994751,tr2,drive,2.0,0.26,0.33099999999999996,7152.0,6998.0,13.11,0.142,16.7,1.3692376428533395,-0.7099635462161729,-2.9431174795081745,2.3264496467927076,16.446303419542502,2.86064303267058,1.5323764378497529,1787260297.196578
13.820810079574585,tr2,drive,2.0,0.26,0.33099999999999996,7152.0,7020.0,13.02,0.144,16.7,1.4206805940498552,-0.36315095499067596,-3.3052256200877252,2.174527239331639,16.44763018604986,2.899810545168101,1.559386775521173,1787260297.2166085
13.840523719787598,tr2,drive,2.0,0.26,0.33099999999999996,7152.0,7089.0,11.8,0.145,16.7,1.51880196809468,-0.19258978672827354,-3.1033806042131573,2.0638849293385793,16.4479151155482,2.9198211035025823,1.5738646622926167,1787260297.2276914
13.860375881195068,tr2,drive,2.0,0.26,0.33099999999999996,7152.0,7126.0,11.31,0.141,16.7,1.528262448393023,-0.4093499540173333,-2.49202816148798,2.1045235600785044,16.44692630422538,2.9789402074329945,1.6190625069871443,1787260297.2567043
13.880598306655884,tr2,drive,2.0,0.26,0.33099999999999996,7152.0,7127.0,11.75,0.144,16.7,1.4482977077120311,-0.4427510785078219,-3.0343682538014036,2.0175303367202515,16.44587982985406,3.00212804770846,1.6366375825294521,1787260297.2694962
13.90039587020874,tr2,drive,2.0,0.26,0.33099999999999996,7152.0,7148.0,11.48,0.143,16.7,1.4104047869837844,-0.1674325057584305,-3.129249856809338,2.6387746650832984,16.44827475648533,3.0810387231111362,1.6877497168613955,1787260297.296598
13.920767307281494,tr2,drive,2.0,0.26,0.33099999999999996,7152.0,7195.0,10.8,0.144,16.7,1.4981343732970658,0.14132714441135885,-3.2702563453823643,2.3953665003021114,16.44596663123288,3.1010940130640043,1.7014885148993655,1787260297.307645
13.940627574920654,tr2,drive,2.0,0.26,0.33099999999999996,7152.0,7228.0,10.21,0.142,16.7,1.4849461332628842,-0.4870109945607872,-2.7019239165780107,2.194658521002989,16.440477071936332,3.1409518176278115,1.7310535236665363,1787260297.3276281
13.960626363754272,tr2,drive,2.0,0.26,0.33099999999999996,7152.0,7218.0,10.68,0.143,16.7,1.375322566470007,-0.689527088095474,-2.9752578711598687,2.2117458268653554,16.430024235369693,3.2003125402252106,1.775618705429311,1787260297.3565824
13.983116388320923,tr2,drive,2.0,0.26,0.33099999999999996,7152.0,7210.0,10.89,0.144,16.7,1.3781668225142119,0.09524224832127537,-3.299677489278565,2.1427866159550963,16.421572557942934,3.239912088650597,1.8026480050786562,1787260297.376704
14.0005202293396,tr2,drive,2.0,0.26,0.33099999999999996,7152.0,7236.0,10.35,0.146,16.7,1.509022307939691,0.3213987636579283,-2.8561696713976517,1.8959220978603137,16.424139624704864,3.2564638864569275,1.817067781624885,1787260297.389394
14.020665407180786,tr2,drive,2.0,0.26,0.33099999999999996,7152.0,7256.0,9.94,0.14,16.7,1.5317260225487255,-0.553786017442718,-2.735387825549253,2.0591471550584335,16.414005098529238,3.2956849786072775,1.8466540347300235,1787260297.4078414
14.040373802185059,tr2,drive,2.0,0.26,0.33099999999999996,7152.0,7252.0,10.31,0.143,16.7,1.4077112658572781,-0.09242808380638845,-3.0054844690466496,2.107680681560137,16.396649518820308,3.3537204629583535,1.892429588335915,1787260297.4366066
14.060633659362793,tr2,drive,2.0,0.26,0.33099999999999996,7152.0,7253.0,10.14,0.143,16.7,1.4729294177922285,0.18839601730254785,-3.204485106745409,2.0227943350150923,16.39020771149073,3.3731640928891045,1.9059423922416925,1787260297.4478319
14.080550193786621,tr2,drive,2.0,0.26,0.33099999999999996,7152.0,7261.0,10.02,0.145,16.7,1.4672618115183764,0.020025828247665522,-2.893295984049473,2.0189625205718915,16.376616282472373,3.4113488446191234,1.9350701536308952,1787260297.467817
14.10081672668457,tr2,drive,2.0,0.26,0.33099999999999996,7152.0,7281.0,9.71,0.144,16.7,1.4592005560567611,-0.19832177593247025,-3.1673634718663095,2.003889769945329,16.361894366223712,3.4491653903319794,1.9644368961382357,1787260297.4880986
14.120483875274658,tr2,drive,2.0,0.26,0.33099999999999996,7152.0,7281.0,9.72,0.142,16.7,1.4024567158684973,-0.28408713080709447,-3.2055779513976006,1.903257344856223,16.348619772541387,3.492482394903322,2.0050120970748946,1787260297.516738
14.14115571975708,tr2,drive,2.0,0.26,0.33099999999999996,7152.0,7287.0,9.64,0.143,16.7,1.4166510981625107,0.2191567218169297,-3.318982949663308,2.003959355903544,16.33137636309446,3.5290887009551484,2.0325990763425725,1787260297.5366337
14.160633087158203,tr2,drive,2.0,0.26,0.33099999999999996,7152.0,7284.0,9.65,0.141,16.7,1.4900017451182364,-0.04245236802825669,-2.7607185495608064,2.0535602592954088,16.313078272138874,3.5652608594789004,2.0608446578651916,1787260297.5565212
14.181365013122559,tr2,drive,2.0,0.26,0.33099999999999996,7152.0,7285.0,9.71,0.144,16.7,1.4428169221886482,-0.15338771243103722,-3.0302310561895354,1.9999273493250138,16.301736081780632,3.586538194250705,2.0787927864420475,1787260297.5693822
14.200729846954346,tr2,drive,2.0,0.26,0.33099999999999996,7152.0,7282.0,9.66,0.144,16.7,1.4628976894400636,-0.07346500532156597,-3.137055890039278,2.007406532837363,16.283101954209624,3.629716580036208,2.1184080639629355,1787260297.5965567
14.220329761505127,tr2,drive,2.0,0.26,0.33099999999999996,7152.0,7300.0,9.29,0.143,16.7,1.4976303700607683,0.2221341972447206,-2.9686291748519125,2.0462126836642462,16.261595304749857,3.664438394624886,2.1478512760369646,1787260297.6166377
14.240516901016235,tr2,drive,2.0,0.26,0.33099999999999996,7152.0,7299.0,9.28,0.142,16.7,1.5007048563812102,-0.03235286485955413,-2.723377351724565,2.0801052747183792,16.239205318524455,3.6983086091966575,2.177808209582363,1787260297.6365032
14.260546922683716,tr2,drive,2.0,0.26,0.33099999999999996,7152.0,7282.0,9.65,0.142,16.7,1.4112479437849035,-0.2167358282528653,-3.048539273902094,2.006971317948456,16.227413581612286,3.7153161815470206,2.192970649246721,1787260297.6477733
14.280453443527222,tr2,drive,2.0,0.26,0.33099999999999996,7152.0,7292.0,9.4,0.145,16.7,1.4180360750874064,0.44536946178899584,-3.7232962946276587,2.017317488915513,16.2034312407521,3.748255355828108,2.2216562769226527,1787260297.6677334
14.300667524337769,tr2,drive,2.0,0.26,0.33099999999999996,7152.0,7314.0,8.96,0.143,16.7,1.4914920500642443,0.10615547380929513,-2.8432221812245757,1.9600823808692431,16.178506311731738,3.7805410500038477,2.2499806404542584,1787260297.6884148
14.32047963142395,tr2,drive,2.0,0.26,0.33099999999999996,7152.0,7294.0,9.28,0.14,16.7,1.4501974736756393,-0.47153275625487723,-2.815532982678718,2.0934171079963266,16.154893471614823,3.8162849868544417,2.28328149771754,1787260297.707585
14.340387344360352,tr2,drive,2.0,0.26,0.33099999999999996,7152.0,7278.0,9.7,0.142,16.7,1.397468615146779,-0.01218277483204222,-3.120717891725093,2.123240197325055,16.11423275939634,3.8619890404817894,2.3270059685138293,1787260297.7365553
14.360465288162231,tr2,drive,2.0,0.26,0.33099999999999996,7152.0,7268.0,9.59,0.144,16.7,1.491122003830778,0.40101160486966236,-3.229111533601497,2.0369564597288834,16.100271356510916,3.87679295025613,2.3407283628587376,1787260297.7476408
14.380945205688477,tr2,drive,2.0,0.26,0.33099999999999996,7152.0,7306.0,8.83,0.144,16.7,1.5532817815698814,0.3715430619795512,-3.253227790870085,2.01374839908474,16.071701296234647,3.9058284254322557,2.3701379695301554,1787260297.7679467
14.400418758392334,tr2,drive,2.0,0.26,0.33099999999999996,7152.0,7296.0,9.13,0.14,16.7,1.4793087538674046,-0.437162126822642,-2.412979064979453,2.0091167614802585,16.038739083119594,3.942195651705065,2.41495383226377,1787260297.7966173
14.420437574386597,tr2,drive,2.0,0.26,0.33099999999999996,7152.0,7271.0,9.59,0.142,16.7,1.4200672680508097,-0.00541230637913559,-3.3512829703091427,2.0532188540827976,16.008001381688604,3.9691556141372657,2.444228094107156,1787260297.8166401
14.440610647201538,tr2,drive,2.0,0.26,0.33099999999999996,7152.0,7266.0,9.49,0.142,16.7,1.4503888217999616,0.45653632853933956,-3.3504088115317074,2.072758224181862,15.976794723997081,3.9949471346709564,2.472207947906727,1787260297.836537
14.460978507995605,tr2,drive,2.0,0.26,0.33099999999999996,7152.0,7285.0,9.09,0.143,16.7,1.5623174876743566,0.1800235898496947,-2.9385616212376817,2.0895247185753485,15.944670635411136,4.019980881062936,2.501431030901978,1787260297.8565989
14.480384588241577,tr2,drive,2.0,0.26,0.33099999999999996,7152.0,7283.0,9.13,0.142,16.7,1.5048616513686603,-0.4069759478157877,-3.057804187499727,2.0073283577184853,15.928249408885826,4.03220715532085,2.517660238701622,1787260297.8678753
14.500687837600708,tr2,drive,2.0,0.26,0.33099999999999996,7152.0,7261.0,9.62,0.141,16.7,1.4300302868468509,-0.2111595942622735,-3.086679493791422,1.9433622608293275,15.893462283417692,4.056841165491996,2.5495702050729956,1787260297.8899486
14.520703315734863,tr2,drive,2.0,0.26,0.33099999999999996,7152.0,7252.0,9.59,0.141,16.7,1.450639957890756,0.2412930752358058,-3.3230912035564586,2.461652737253379,15.85257471091473,4.090579398374552,2.584847917748151,1787260297.9075913
14.541773080825806,tr2,drive,2.0,0.26,0.33099999999999996,7152.0,7266.0,9.21,0.142,16.7,1.4802015786228535,0.24026736393119563,-2.9533971774256997,2.244727147758665,15.80032649336047,4.122045449927688,2.628311673913301,1787260297.9366505
14.560429573059082,tr2,drive,2.0,0.26,0.33099999999999996,7152.0,7260.0,9.33,0.142,16.7,1.4767843434701184,-0.32661824438826415,-3.02931128912806,2.1670501952689154,15.764823465228547,4.1417004861837245,2.6580248797048904,1787260297.9566662
14.580713748931885,tr2,drive,2.0,0.26,0.33099999999999996,7152.0,7261.0,9.34,0.141,16.7,1.400111935686737,-0.06897066158962328,-3.1982964134341216,2.070808407212183,15.744589017161514,4.152320087991299,2.6746514358783102,1787260297.9690437
14.600493669509888,tr2,drive,2.0,0.26,0.33099999999999996,7152.0,7251.0,9.44,0.14,16.7,1.4854128522439207,0.3062286736300841,-2.792984656354406,2.0137142621737265,15.710378052553567,4.169275607428774,2.701325612378413,1787260297.988227
14.62061071395874,tr2,drive,2.0,0.26,0.33099999999999996,7152.0,7240.0,9.59,0.142,16.7,1.4756009678397415,-0.14050820527910357,-2.7936664417286465,2.111080970414277,15.672944172087655,4.191898080705739,2.7332980699693334,1787260298.0078874
14.640464782714844,hold2,drive,2.0,0.26,0.33099999999999996,7152.0,7242.0,9.46,0.142,16.7,1.415920859391611,0.09664674044479948,-3.6202870615151426,2.06989222505048,15.635721790369553,4.207665945308951,2.762801988731121,1787260298.027582
14.660445213317871,hold2,drive,2.0,0.26,0.33099999999999996,7152.0,7242.0,9.49,0.145,16.7,1.4945380405610227,0.12843314712751663,-3.366816099354338,2.0356072032358288,15.597955516579638,4.222375088089108,2.7914421537455283,1787260298.0476584
14.680879831314087,hold2,drive,2.0,0.26,0.33099999999999996,7152.0,7248.0,9.22,0.14,16.7,1.4936095294469665,-0.10960618086537632,-3.101928155782957,2.0201589246747997,15.559745763546177,4.236009582330651,2.820983260004828,1787260298.067736
14.700584650039673,hold2,drive,2.0,0.26,0.33099999999999996,7152.0,7226.0,9.77,0.14,16.7,1.445415767938402,-0.24206165522110012,-2.6634568373197283,1.9626824066641693,15.520299167843431,4.248773398995318,2.8515402534361995,1787260298.0893693
14.720381259918213,hold2,drive,2.0,0.26,0.33099999999999996,7152.0,7225.0,9.63,0.141,16.7,1.404024252486118,0.013971232610456408,-3.0734109914652947,2.078156350369544,15.467079922681323,4.268365973407213,2.895887068940492,1787260298.1165667
14.740787744522095,hold2,drive,2.0,0.26,0.33099999999999996,7152.0,7228.0,9.49,0.143,16.7,1.4739293016234989,0.5103612300010383,-3.466207952348725,2.0847073035367067,15.427928820961496,4.277897577149891,2.9236818367903687,1787260298.136494
14.760387420654297,hold2,drive,2.0,0.26,0.33099999999999996,7152.0,7244.0,9.26,0.142,16.7,1.5311118976013534,-0.10405892713860165,-2.6253470229530933,2.087506829014879,15.38826887637572,4.286355793495567,2.9536049934118376,1787260298.1565647
14.781271696090698,hold2,drive,2.0,0.26,0.33099999999999996,7152.0,7216.0,9.74,0.139,16.7,1.4803079719084022,-0.42933698050572033,-2.795086145749792,2.0836840069704556,15.347254949085801,4.29381756569555,2.985402287899159,1787260298.1771834
14.800561904907227,hold2,drive,2.0,0.26,0.33099999999999996,7152.0,7193.0,10.15,0.142,16.7,1.4129599568916609,-0.1005178897331005,-3.280369397646666,1.9889592147289643,15.328499137905547,4.296767818640082,2.99910884521145,1787260298.1879227
14.820545673370361,hold2,drive,2.0,0.26,0.33099999999999996,7152.0,7215.0,9.5,0.142,16.7,1.472283734385939,0.4970867342786107,-3.4781313026564646,1.9326727703758602,15.28086348692126,4.307319027935692,3.0394072244299224,1787260298.2165413
14.840386867523193,hold2,drive,2.0,0.26,0.33099999999999996,7152.0,7236.0,9.09,0.142,16.7,1.5255674625279172,-0.05777654133140864,-2.8088373357486773,2.010525978019122,15.240575237502808,4.311146061544473,3.0692269531650753,1787260298.2365947
14.860414266586304,hold2,drive,2.0,0.26,0.33099999999999996,7152.0,7223.0,9.56,0.142,16.7,1.4176788120271724,-0.6090153836191163,-2.8306711322896945,2.0517745847725712,15.200191964866319,4.313768240959801,3.1000029903255784,1787260298.2565863
14.880491733551025,hold2,drive,2.0,0.26,0.33099999999999996,7152.0,7204.0,9.85,0.141,16.7,1.3350429207728312,-0.005158642276124503,-3.310310066675811,1.9749882323901924,15.17986723117689,4.314630539022677,3.113720188677988,1787260298.2679143
14.900866985321045,hold2,drive,2.0,0.26,0.33099999999999996,7152.0,7208.0,9.7,0.142,16.7,1.4533828806554832,0.3289829681345644,-3.0220823761077042,1.9770228801163645,15.139634343028236,4.315472275170659,3.1407897393783006,1787260298.288153
14.92054271697998,hold2,drive,2.0,0.26,0.33099999999999996,7152.0,7226.0,9.19,0.141,16.7,1.5473489244514576,-0.053043019060226015,-2.6651496063235243,2.3687419299016295,15.084646508824255,4.325567228958035,-3.11103947164777,1787260298.307747
14.940403699874878,hold2,drive,2.0,0.26,0.33099999999999996,7152.0,7209.0,9.61,0.143,16.7,1.4393665306803416,-0.38212849619858247,-3.100709303628065,2.2077582970939793,15.024083728473272,4.32279777206597,-3.065141987432621,1787260298.3366036
14.960844993591309,hold2,drive,2.0,0.26,0.33099999999999996,7152.0,7208.0,9.65,0.141,16.7,1.4575179708800492,0.12827907298848373,-3.070967732300403,2.1375491685957204,14.983870031929479,4.319437827660819,-3.036837413635705,1787260298.356676
14.980484962463379,hold2,drive,2.0,0.26,0.33099999999999996,7152.0,7200.0,9.78,0.141,16.7,1.492882752785484,0.03299049233338658,-3.1091690555959133,2.037181968355998,14.963867278561612,4.317326279360806,-3.0221764044749104,1787260298.367832
15.000667810440063,hold2,drive,2.0,0.26,0.33099999999999996,7152.0,7218.0,9.37,0.141,16.7,1.4936500094955356,-0.021060831143795866,-2.821380198581295,2.006303723266348,14.923617055588002,4.31218533785284,-2.992275632505947,1787260298.38824
15.020740747451782,hold2,drive,2.0,0.26,0.33099999999999996,7152.0,7210.0,9.46,0.142,16.7,1.4231743780946051,-0.2866713809654371,-2.909188716872677,2.147745032946488,14.879457159746554,4.313305827599677,-2.9615661292856807,1787260298.4075189
15.04040813446045,hold2,drive,2.0,0.26,0.33099999999999996,7152.0,7210.0,9.45,0.142,16.7,1.3897907217240806,0.2448757740546128,-3.493214488437957,2.1233605238881084,14.82003942934378,4.301597737532202,-2.9184745219933372,1787260298.4365907
15.060638427734375,hold2,drive,2.0,0.26,0.33099999999999996,7152.0,7216.0,9.42,0.142,16.7,1.4502043978944736,0.036500804446574664,-2.646327125972334,2.0339674185080154,14.800433206497557,4.297150340874905,-2.9047749246017887,1787260298.4476044
15.08100175857544,hold2,drive,2.0,0.26,0.33099999999999996,7152.0,7206.0,9.59,0.141,16.7,1.4392003494283208,-0.36636937225875243,-2.7065116421751725,2.009414803815199,14.76122643490771,4.287393294954548,-2.8760441900872338,1787260298.4677835
15.101076126098633,hold2,drive,2.0,0.26,0.33099999999999996,7152.0,7194.0,9.79,0.14,16.7,1.4630533512057786,0.07804966113037892,-3.0597249979237233,2.052498263407663,14.701492438020846,4.277552730801258,-2.8309800073927405,1787260298.4977572
15.120582580566406,hold2,drive,2.0,0.26,0.33099999999999996,7152.0,7206.0,9.44,0.143,16.7,1.5136562082364289,0.4244962897305733,-3.453251691351795,2.0319544927537647,14.682340064960071,4.271398386321698,-2.816227823669658,1787260298.5078967
15.140430450439453,hold2,drive,2.0,0.26,0.33099999999999996,7152.0,7213.0,9.22,0.142,16.7,1.5438195702168298,0.1594747372758185,-2.9208170751381317,2.0961796833893778,14.625371575887398,4.251226805851223,-2.771074748679486,1787260298.536593
15.160720825195312,hold2,drive,2.0,0.26,0.33099999999999996,7152.0,7201.0,9.64,0.141,16.7,1.4879059704983983,-0.49189860924355244,-2.5593433574840105,2.003098662941761,14.606499450725334,4.243896770034309,-2.7554446803498376,1787260298.5479293
15.180808305740356,hold2,drive,2.0,0.26,0.33099999999999996,7152.0,7196.0,9.67,0.141,16.7,1.382464498723327,0.0784429412174763,-3.39014649080562,2.080028799764938,14.550592945065413,4.220172592665359,-2.710293571413072,1787260298.5768
15.200999975204468,hold2,drive,2.0,0.26,0.33099999999999996,7152.0,7212.0,9.4,0.141,16.7,1.4485728122526367,0.4076552115781702,-3.2765871260400843,2.1501714326231625,14.514383051468457,4.211386291112769,-2.682015260433523,1787260298.5965586
15.221841812133789,hold2,drive,2.0,0.26,0.33099999999999996,7152.0,7221.0,9.03,0.139,16.7,1.4485728122526367,0.4076552115781702,-3.2765871260400843,2.043015750062403,14.496185885053789,4.202382604538285,-2.6671458338602836,1787260298.607882
15.241488218307495,hold2,drive,2.0,0.26,0.33099999999999996,7152.0,7193.0,9.69,0.142,16.7,1.4002361721515892,-0.26096680058711286,-2.91467486719327,2.0035188836776543,14.460393122016807,4.183679249360814,-2.6377948193140472,1787260298.6282952
15.261427879333496,hold2,drive,2.0,0.26,0.33099999999999996,7152.0,7195.0,9.64,0.141,16.7,1.4333690919054833,0.033579503404685296,-2.9296077795260658,2.0280493632149934,14.425314847929531,4.164009483971893,-2.6094192866826726,1787260298.6477337
15.280713319778442,hold2,drive,2.0,0.26,0.33099999999999996,7152.0,7200.0,9.55,0.141,16.7,1.5242048561561783,0.5203900458112436,-3.3559347229204377,1.994889015191827,14.390781886831643,4.143347871573303,-2.580962153575267,1787260298.667807
15.300495624542236,hold2,drive,2.0,0.26,0.33099999999999996,7152.0,7213.0,9.2,0.14,16.7,1.4882167613976107,-0.4763642011198783,-2.213097251844175,2.125061960840524,14.356935499058986,4.121750998863637,-2.55056604606092,1787260298.686566
15.320538520812988,hold2,drive,2.0,0.26,0.33099999999999996,7152.0,7193.0,9.52,0.142,16.7,1.3678486711868085,-0.595659246144649,-2.0792693902347423,1.9208253444296477,14.318219998070392,4.1018383670908865,-2.5089524271556867,1787260298.7166073
15.3404061794281,hold2,drive,2.0,0.26,0.33099999999999996,7152.0,7175.0,9.87,0.143,16.7,1.3557311550688937,0.3810535586450925,-3.649319073193027,2.003833467741998,14.285927925001854,4.077865699177276,-2.482206893759112,1787260298.73656
15.361358165740967,hold2,drive,2.0,0.26,0.33099999999999996,7152.0,7204.0,9.32,0.142,16.7,1.494756419770409,0.5084783533902097,-3.426123825532585,2.0315593338857694,14.254333546594655,4.05303561059115,-2.455115564353259,1787260298.7566586
15.380556583404541,hold2,drive,2.0,0.26,0.33099999999999996,7152.0,7210.0,9.16,0.14,16.7,1.4904868399107942,-0.4133531407497344,-3.095390676043081,1.9716775495780086,14.238631770558628,4.040166708440104,-2.4394098651005316,1787260298.7677405
15.400354385375977,hold2,drive,2.0,0.26,0.33099999999999996,7152.0,7196.0,9.55,0.139,16.7,1.3733255951266112,-0.2843825248454728,-2.9985768605401404,2.1685267036868052,14.192115880623497,4.0079445361083375,-2.3932662837060397,1787260298.7966478
15.42080545425415,hold2,drive,2.0,0.26,0.33099999999999996,7152.0,7187.0,9.6,0.141,16.7,1.4206807272079096,0.3701240888603934,-3.1279146450579844,2.0668369506087916,14.177325245546577,3.9942392377854237,-2.380114847346004,1787260298.8076692
15.440879344940186,hold2,drive,2.0,0.26,0.33099999999999996,7152.0,7193.0,9.45,0.143,16.7,1.5293516812788657,0.13951491861392817,-2.852842020827495,2.1099420459148006,14.148367580071929,3.966249417469697,-2.3518749866573363,1787260298.826615
15.460924625396729,hold2,drive,2.0,0.26,0.33099999999999996,7152.0,7202.0,9.25,0.14,16.7,1.5182387095241283,-0.26741467174328193,-2.4721771558595265,2.0644771563368427,14.106579167340431,3.922827298306548,-2.306552037370383,1787260298.8566358
15.480579137802124,hold2,drive,2.0,0.26,0.33099999999999996,7152.0,7178.0,9.8,0.141,16.7,1.4343812262777678,-0.21840674328722542,-3.1554003604904324,1.986053900760354,14.09233727339823,3.9071093521110485,-2.290648740909357,1787260298.8683994
15.501259803771973,hold2,drive,2.0,0.26,0.33099999999999996,7152.0,7192.0,9.39,0.14,16.7,1.4220489262179379,0.48007714667291523,-3.0859538542979124,1.8643823371815467,14.0535785907206,3.8692210145320844,-2.2463494666118295,1787260298.897777
15.521275997161865,hold2,drive,2.0,0.26,0.33099999999999996,7152.0,7191.0,9.42,0.141,16.7,1.4942838418349746,0.03380420094829151,-2.6469448843324415,2.012228935602147,14.028603560699148,3.837614882024347,-2.217928992548111,1787260298.9166315
15.54067850112915,hold2,drive,2.0,0.26,0.33099999999999996,7152.0,7197.0,9.33,0.143,16.7,1.4500806940618391,-0.18002009979270284,-3.089822079978262,2.0402863691599604,14.004629116474788,3.805380220871217,-2.18771784957391,1787260298.9365928
15.560516119003296,hold2,drive,2.0,0.26,0.33099999999999996,7152.0,7201.0,9.23,0.141,16.7,1.4402618854388263,0.0018075800016705834,-3.2656034233278888,1.9724402055299732,13.992962294583295,3.7889519502385363,-2.1734508578417797,1787260298.9476998
15.581676244735718,hold2,drive,2.0,0.26,0.33099999999999996,7152.0,7198.0,9.45,0.142,16.7,1.4419106484696942,0.19529332009102873,-3.8049506181815786,2.049528422720428,13.959344793995568,3.738560361476451,-2.130031891229349,1787260298.9770877
15.60057258605957,hold2,drive,2.0,0.26,0.33099999999999996,7152.0,7203.0,9.17,0.139,16.7,1.4785257845069213,0.011301846074944777,-2.7461057722986766,1.9207278999252093,13.948562110558937,3.72134031305464,-2.115485846236244,1787260298.9896278
15.620670080184937,hold2,drive,2.0,0.26,0.33099999999999996,7152.0,7187.0,9.48,0.14,16.7,1.468876086613128,-0.31244663956598373,-2.543369348359761,1.9818967407697765,13.929529201254736,3.6955903625860618,-2.084696608915663,1787260299.0065832
15.640410900115967,hold2,drive,2.0,0.26,0.33099999999999996,7152.0,7186.0,9.53,0.142,16.7,1.4345541985905685,0.27241977892058955,-3.1858298567690326,2.028396516976243,13.900660218152904,3.642656269053563,-2.040603722292111,1787260299.0366254
15.66056489944458,hold2,drive,2.0,0.26,0.33099999999999996,7152.0,7196.0,9.34,0.141,16.7,1.5062745914850018,0.27088846616590345,-3.151552892426537,1.9701619907137178,13.891566931448352,3.62476075388456,-2.026458313109275,1787260299.0475688
15.681007385253906,hold2,drive,2.0,0.26,0.33099999999999996,7152.0,7191.0,9.36,0.141,16.7,1.4713942385818526,-0.3696984480877852,-2.447515645708023,2.181295784881243,13.865416265438613,3.569444691601796,-1.9810259121561966,1787260299.0769954
15.700373411178589,hold2,drive,2.0,0.26,0.33099999999999996,7152.0,7191.0,9.34,0.139,16.7,1.4280600802724104,-0.1476139978596107,-3.223801969201162,2.100591295619359,13.847477677594503,3.5399373467347632,-1.9516522882005203,1787260299.0966535
15.720690250396729,hold2,drive,2.0,0.26,0.33099999999999996,7152.0,7181.0,9.57,0.141,16.7,1.411621984760005,0.3405431697896546,-3.525678815850654,2.023580900981824,13.840005611386017,3.521308384338707,-1.9376389346870921,1787260299.107539
15.741329908370972,hold2,drive,2.0,0.26,0.33099999999999996,7152.0,7197.0,9.2,0.143,16.7,1.4967704353447817,0.3534933277549861,-3.017164575172842,2.0125223228044806,13.81920071647548,3.4648093815400514,-1.8948521828304217,1787260299.1374843
15.760773658752441,hold2,drive,2.0,0.26,0.33099999999999996,7152.0,7199.0,9.12,0.139,16.7,1.4816581945810725,-0.3468734753610825,-2.7351752792511945,2.0364903517622186,13.806644255414094,3.426475329698173,-1.8647883642483265,1787260299.156927
15.780492305755615,hold2,drive,2.0,0.26,0.33099999999999996,7152.0,7180.0,9.68,0.14,16.7,1.3645685888302126,-0.3417322011434436,-2.841572973979254,1.9868315771939353,13.800788609571605,3.4071646695386577,-1.8500417645915788,1787260299.1677125
15.800663948059082,hold2,drive,2.0,0.26,0.33099999999999996,7152.0,7178.0,9.47,0.141,16.7,1.4184059881628184,0.3425383860360114,-3.3597664035013963,1.9740747501296567,13.790014101526074,3.3685463668968154,-1.822212796233893,1787260299.1880171
15.820430040359497,hold2,drive,2.0,0.26,0.33099999999999996,7152.0,7180.0,9.44,0.141,16.7,1.5152783396563962,0.037736757423913136,-2.7657945176858334,2.082273155252248,13.769914625138245,3.313792862866682,-1.7789927584622536,1787260299.2166662
15.840728759765625,hold2,drive,2.0,0.26,0.33099999999999996,7152.0,7183.0,9.31,0.141,16.7,1.527501450111533,-0.04434797146994818,-3.0257018027513993,2.005443470248128,13.7657985929177,3.2941940360556305,-1.7629217514911169,1787260299.2276325
15.863751411437988,hold2,drive,2.0,0.26,0.33099999999999996,7152.0,7184.0,9.4,0.141,16.7,1.4271358302160981,-0.23353513535666437,-2.9330374640137222,2.060046509840807,13.755203165688762,3.234941344087476,-1.7171924399702363,1787260299.256723
15.881205797195435,hold2,drive,2.0,0.26,0.33099999999999996,7152.0,7170.0,9.71,0.141,16.7,1.415810471364427,0.3674147813719344,-3.433600368146415,1.9932813089548467,13.752254198723545,3.215028580345696,-1.703405557409823,1787260299.267678
15.900596857070923,hold2,drive,2.0,0.26,0.33099999999999996,7152.0,7192.0,9.11,0.141,16.7,1.4751871126063434,0.10567709845826556,-2.9369366799383556,1.9276933579711317,13.747235994199082,3.175222208469242,-1.675019909024553,1787260299.2890863
15.920757532119751,hold2,drive,2.0,0.26,0.33099999999999996,7152.0,7183.0,9.31,0.14,16.7,1.4763260134465157,-0.16508919744037343,-2.4909411640516907,2.1361848521280478,13.73622643551435,3.138297714865108,-1.645530106623401,1787260299.3065584
15.940580129623413,hold2,drive,2.0,0.26,0.33099999999999996,7152.0,7183.0,9.49,0.141,16.7,1.4023576462759464,0.023916693617088036,-3.453934353808421,2.0125479230613506,13.73351166642592,3.098092500648513,-1.6159088091792762,1787260299.327708
15.962021112442017,hold2,drive,2.0,0.26,0.33099999999999996,7152.0,7180.0,9.35,0.142,16.7,1.4034649886572015,0.05332909866639701,-3.0801592633384587,2.055455155212738,13.73165170660373,3.037948368424916,-1.5735238937306462,1787260299.356694
15.980599880218506,hold2,drive,2.0,0.26,0.33099999999999996,7152.0,7182.0,9.43,0.141,16.7,1.4506680542402564,-0.07885996648290305,-2.3387577222808886,2.002719575555162,13.731573304574098,3.0095636644733137,-1.5536803772316474,1787260299.371795
16.00042748451233,hold2,drive,2.0,0.26,0.33099999999999996,7152.0,7177.0,9.39,0.138,16.7,1.456567488687,-0.22273426777672256,-2.9268701130404793,1.9472157740030545,13.72393410136223,2.979279579504296,-1.5309281793545368,1787260299.3899884
16.02125382423401,hold2,drive,2.0,0.26,0.33099999999999996,7152.0,7150.0,9.94,0.141,16.7,1.4471910311210487,0.14558401808745813,-3.2198840421856403,2.142642392604511,13.725823367709195,2.939176981106132,-1.5018167972718737,1787260299.4075546
16.040471076965332,hold2,drive,2.0,0.26,0.33099999999999996,7152.0,7173.0,9.32,0.142,16.7,1.476171017471073,0.11327751068648162,-3.400525883754284,2.0576838612696227,13.728885553191317,2.8991933607149805,-1.4727527539813328,1787260299.4276855
16.060485124588013,hold2,drive,2.0,0.26,0.33099999999999996,7152.0,7170.0,9.39,0.14,16.7,1.4953063625355105,-0.07450521589435954,-2.4405457643521515,2.024344125775145,13.733094071471518,2.85936454443977,-1.443415604963056,1787260299.447666
16.080450296401978,hold2,drive,2.0,0.26,0.33099999999999996,7152.0,7170.0,9.6,0.142,16.7,1.442827441674954,-0.138415084711478,-3.115215661560768,2.0024601642469504,13.73848564648666,2.8196075688922533,-1.413587474634575,1787260299.4677606
16.100996017456055,hold2,drive,2.0,0.26,0.33099999999999996,7152.0,7162.0,9.56,0.14,16.7,1.442827441674954,-0.138415084711478,-3.115215661560768,1.9364525960613919,13.745058182937019,2.779977730747978,-1.3843213342401854,1787260299.4885683
16.121525049209595,hold2,drive,2.0,0.26,0.33099999999999996,7152.0,7163.0,9.54,0.14,16.7,1.4629649342575883,0.18817130148639194,-3.4775676310434562,2.0841996298620913,13.74789168938639,2.721444480786067,-1.3418229993606954,1787260299.5164995
16.140480279922485,hold2,drive,2.0,0.26,0.33099999999999996,7152.0,7176.0,9.3,0.142,16.7,1.465111708412301,-0.028982118480940677,-2.588484419738478,2.075022350666887,13.757361295216707,2.682151877255847,-1.3121305445339488,1787260299.5366776
16.161231756210327,hold2,drive,2.0,0.26,0.33099999999999996,7152.0,7167.0,9.51,0.14,16.7,1.4232050044471414,-0.3944896567970275,-2.6488890836200483,2.0739496816228145,13.767874192929689,2.6435381746221958,-1.2829025365545137,1787260299.5566247
16.180508613586426,hold2,drive,2.0,0.26,0.33099999999999996,7152.0,7149.0,9.92,0.14,16.7,1.4027175724972705,0.04824402624348423,-3.380900288298875,1.9938113158204813,13.773555786180959,2.6243331490064614,-1.2688928609908101,1787260299.5677092
16.20119619369507,hold2,drive,2.0,0.26,0.33099999999999996,7152.0,7165.0,9.51,0.141,16.7,1.495324205714814,0.3426217819528219,-3.050990426808454,1.9595057360614931,13.778423760376931,2.5846042853343247,-1.2394523911017856,1787260299.5887213
16.220564365386963,hold2,drive,2.0,0.26,0.33099999999999996,7152.0,7161.0,9.5,0.141,16.7,1.4938324360302062,-0.26747084156104606,-2.7595912063347896,2.0363219932864296,13.791743842246943,2.5467682605116186,-1.209980899478379,1787260299.6077104
16.240761756896973,hold2,drive,2.0,0.26,0.33099999999999996,7152.0,7159.0,9.56,0.14,16.7,1.3846075444525139,-0.19028645874895034,-2.848981688888614,2.0885268778201054,13.813725480754007,2.4910372842475756,-1.1652691204863286,1787260299.6365414
16.26106309890747,hold2,drive,2.0,0.26,0.33099999999999996,7152.0,7157.0,9.61,0.141,16.7,1.4003759881088185,0.09654884525980556,-3.4537565984449827,2.0752367693346923,13.829772026227467,2.4543073120289707,-1.1380969454320526,1787260299.656534
16.280418872833252,hold2,drive,2.0,0.26,0.33099999999999996,7152.0,7155.0,9.71,0.142,16.7,1.438472773818511,0.07025349507727441,-2.8187176688200566,1.986189815342311,13.838457340098225,2.435508188338884,-1.123526603990199,1787260299.6681783
16.300392866134644,hold2,drive,2.0,0.26,0.33099999999999996,7152.0,7156.0,9.57,0.138,16.7,1.4870473673629567,-0.21052714477221102,-3.0301518264140554,2.158246976764798,13.85789489409302,2.382425719952595,-1.0803915560128932,1787260299.6965544
16.321725130081177,hold2,drive,2.0,0.26,0.33099999999999996,7152.0,7137.0,10.08,0.14,16.7,1.435744631597834,-0.038603218889789126,-3.0877536273527255,2.0513255807700843,13.876913256259398,2.3474474528421396,-1.0507871320884203,1787260299.717498
16.340556621551514,hold2,drive,2.0,0.26,0.33099999999999996,7152.0,7144.0,9.68,0.141,16.7,1.461191934761868,0.14629987263060595,-3.1803018988547365,2.101888519678689,13.886976787808996,2.3298715048268,-1.036232697551616,1787260299.7266216
16.36211919784546,hold2,drive,2.0,0.26,0.33099999999999996,7152.0,7150.0,9.54,0.14,16.7,1.5223921755602159,0.15802682043794292,-2.668774587822327,2.0505086634002248,13.918242758005109,2.2787711247502935,-0.9925376584939231,1787260299.7567897
16.380372762680054,hold2,drive,2.0,0.26,0.33099999999999996,7152.0,7147.0,9.82,0.14,16.7,1.4607562416075308,-0.13893519456601222,-2.7310357427529652,1.9799964040720068,13.92917437287831,2.262029363242179,-0.977015543639546,1787260299.7678032
16.400586128234863,hold2,drive,2.0,0.26,0.33099999999999996,7152.0,7148.0,9.76,0.141,16.7,1.4334254177625383,-0.023699506091406697,-3.3724381974446658,2.0517917124225566,13.945097316345304,2.233420276477487,-0.9399198354731313,1787260299.7966056
16.420536279678345,hold2,drive,2.0,0.26,0.33099999999999996,7152.0,7140.0,9.84,0.141,16.7,1.4031637851379133,-0.10233010639425633,-2.97791601550918,1.9870855424201106,13.956986812748879,2.217095819295723,-0.9257062446697963,1787260299.8076046
16.44047236442566,hold2,drive,2.0,0.26,0.33099999999999996,7152.0,7164.0,9.43,0.14,16.7,1.4769700989561516,0.40155894082324295,-3.0506574278628023,2.0350298904696587,13.993642453722543,2.1697638317744365,-0.883379891347635,1787260299.836669
16.461613178253174,hold2,drive,2.0,0.26,0.33099999999999996,7152.0,7149.0,9.63,0.14,16.7,1.4799444504196064,-0.3837866569932551,-2.768382203083519,1.9740292318390833,14.006327609475155,2.154288401176702,-0.8683596769762036,1787260299.8475933
16.481154918670654,hold2,drive,2.0,0.26,0.33099999999999996,7152.0,7149.0,9.63,0.14,16.7,1.4799444504196064,-0.3837866569932551,-2.768382203083519,2.029235340394494,14.045676258080407,2.109148131397456,-0.8239784522868121,1787260299.8766096
16.500630378723145,hold2,drive,2.0,0.26,0.33099999999999996,7152.0,7155.0,9.64,0.14,16.7,1.433717300218011,0.16050044858042867,-3.4246322007558376,1.925443357787397,14.059534771059734,2.0941519401476607,-0.8101858230829362,1787260299.8887403
16.520601511001587,hold2,drive,2.0,0.26,0.33099999999999996,7152.0,7162.0,9.54,0.141,16.7,1.4777883552010782,-0.16052423944013228,-2.3951924189254044,2.164685734895897,14.097449506181707,2.046330227928286,-0.7649142525847283,1787260299.916592
16.540526628494263,hold2,drive,2.0,0.26,0.33099999999999996,7152.0,7161.0,9.37,0.14,16.7,1.4848445336672975,-0.06030461253571229,-2.6944558524272395,2.0436903476704784,14.112023216698763,2.032342107569614,-0.7496246379302681,1787260299.9280605
16.561911821365356,hold2,drive,2.0,0.26,0.33099999999999996,7152.0,7147.0,9.79,0.14,16.7,1.4220790199382556,0.13164982850337204,-3.0558251972774997,2.0297735035451208,14.141486867231094,2.005308349653154,-0.7200025076170152,1787260299.9477808
16.581801891326904,hold2,drive,2.0,0.26,0.33099999999999996,7152.0,7157.0,9.7,0.142,16.7,1.4509803098780683,0.24688378108575648,-3.2282055074973925,2.0050495710129717,14.171714534101296,1.9791819860852278,-0.691262500955235,1787260299.9678123
16.60117769241333,hold2,drive,2.0,0.26,0.33099999999999996,7152.0,7166.0,9.39,0.142,16.7,1.466260462948507,-0.33140799129486,-2.4928286453450426,1.849130819929198,14.19718988705821,1.9500124029767791,-0.6609243786298173,1787260299.991004
16.62051010131836,hold2,drive,2.0,0.26,0.33099999999999996,7152.0,7161.0,9.62,0.141,16.7,1.4211184177330642,-0.18555291820521802,-2.9735352813549696,2.2089151716865305,14.245012267683425,1.9139202874588093,-0.617109370489832,1787260300.0165646
16.640472173690796,hold2,drive,2.0,0.26,0.33099999999999996,7152.0,7162.0,9.42,0.138,16.7,1.39905213073094,0.1505133124560789,-3.270346684868059,2.167213844080989,14.277824249651331,1.8909682137419697,-0.5889190096918135,1787260300.0365796
16.6619656085968,hold2,drive,2.0,0.26,0.33099999999999996,7152.0,7160.0,9.6,0.141,16.7,1.4380992654756275,0.2035226917523154,-2.9338753700525615,2.0635370868091556,14.294489302536656,1.8798274295607709,-0.575046593218713,1787260300.047584
16.68092656135559,hold2,drive,2.0,0.26,0.33099999999999996,7152.0,7163.0,9.52,0.142,16.7,1.429345721288646,-0.13564785324048412,-2.813908041379392,2.098516812204246,14.345423418668597,1.8478323095393006,-0.5320355220679699,1787260300.076649
16.70109534263611,hold2,drive,2.0,0.26,0.33099999999999996,7152.0,7175.0,9.28,0.14,16.7,1.4199409010570856,-0.2177325592936583,-3.0163354399578566,1.9644696496345273,14.362712356511492,1.8376499200931835,-0.5177782925753918,1787260300.0887969
16.720597982406616,hold2,drive,2.0,0.26,0.33099999999999996,7152.0,7170.0,9.49,0.141,16.7,1.4284819249890786,0.16940572185495384,-3.3625166415011734,2.1058986626084053,14.412216626384685,1.8040145309538165,-0.4747359051811114,1787260300.1166058
16.740383625030518,hold2,drive,2.0,0.26,0.33099999999999996,7152.0,7164.0,9.51,0.139,16.7,1.5015336321124428,0.17050035721701562,-2.9816585260476245,2.102560711583963,14.447834706360775,1.7860242260061805,-0.44626453633064234,1787260300.136473
16.76220989227295,hold2,drive,2.0,0.26,0.33099999999999996,7152.0,7142.0,9.78,0.139,16.7,1.5522322297842812,-0.05597880566588653,-2.765315045981822,2.0070182909189507,14.466096229494822,1.7772937780237479,-0.43073214276423993,1787260300.1478183
16.78360629081726,hold2,drive,2.0,0.26,0.33099999999999996,7152.0,7150.0,9.74,0.142,16.7,1.4424141190737736,-0.12047770839499083,-3.193234478627261,1.9998947816803248,14.502524627710239,1.7608984935874492,-0.39994253568711025,1787260300.1677039
16.800352573394775,hold2,drive,2.0,0.26,0.33099999999999996,7152.0,7151.0,9.68,0.142,16.7,1.419077237915573,0.2606639148033594,-3.446087390067163,1.9515508872146217,14.539512554024817,1.7455912839605456,-0.370516488519577,1787260300.188633
16.82119631767273,hold2,drive,2.0,0.26,0.33099999999999996,7152.0,7169.0,9.4,0.14,16.7,1.5030211407393066,0.0976851603077229,-2.693379379979575,2.095531553762139,14.593500460909842,1.7194973657778903,-0.32758785305533805,1787260300.2166047
16.84049367904663,hold2,drive,2.0,0.26,0.33099999999999996,7152.0,7156.0,9.5,0.138,16.7,1.4858195169423756,-0.0941424326913749,-2.591740149553033,2.0818960033860043,14.631333065055546,1.7069646492596902,-0.29728970092842444,1787260300.236497
16.861345529556274,hold2,drive,2.0,0.26,0.33099999999999996,7152.0,7145.0,9.9,0.142,16.7,1.404530253093233,0.016135003991479824,-3.2475513136718632,2.054866693472358,14.669994730205232,1.695431992759143,-0.2674188869693581,1787260300.2568488
16.88100028038025,hold2,drive,2.0,0.26,0.33099999999999996,7152.0,7155.0,9.54,0.141,16.7,1.4128503678128042,0.14072364777628898,-3.2379621719524323,1.983126537009257,14.689212888921784,1.690162653945057,-0.25380395030837427,1787260300.2678237
16.90074586868286,hold2,drive,2.0,0.26,0.33099999999999996,7152.0,7167.0,9.34,0.141,16.7,1.51169492325164,0.07420050742377393,-2.641679758772966,1.9723540127255557,14.72818029432406,1.680347329248062,-0.22546826071562653,1787260300.2882006
16.92069125175476,hold2,drive,2.0,0.26,0.33099999999999996,7152.0,7156.0,9.66,0.14,16.7,1.508568372131887,-0.4145618699120952,-2.7246400579987267,2.2098596320396835,14.768486501161092,1.6652116676765865,-0.19317426343895067,1787260300.3065543
16.9405198097229,hold2,drive,2.0,0.26,0.33099999999999996,7152.0,7142.0,9.91,0.138,16.7,1.4527427898874825,0.12461295998031652,-3.5018119423403107,2.111184003718095,14.827614743444569,1.654569816988581,-0.1478818403123671,1787260300.3366082
16.960570096969604,hold2,drive,2.0,0.26,0.33099999999999996,7152.0,7133.0,9.95,0.14,16.7,1.4764566414979843,0.1397124083310377,-2.969952984532256,2.0061153542566457,14.847485108222747,1.6516102793727925,-0.13352474663489047,1787260300.3480165
16.980380058288574,hold2,drive,2.0,0.26,0.33099999999999996,7152.0,7151.0,9.52,0.144,16.7,1.4582111917117968,-0.005763893075965143,-2.598232313369664,1.9904347941616707,14.886975527415682,1.6466070618562132,-0.10418107955696418,1787260300.368079
17.001134157180786,hold2,drive,2.0,0.26,0.33099999999999996,7152.0,7165.0,9.29,0.139,16.7,1.4836656854107741,-0.018657881223532513,-2.872022935513513,2.8460481646816715,14.978883223797292,1.6309782705448876,-0.04573227328804552,1787260300.3966293
17.020430326461792,hold2,drive,2.0,0.26,0.33099999999999996,7152.0,7152.0,9.81,0.14,16.7,1.409237124003839,-0.2510503244124358,-2.919388015571542,2.5222804883227776,14.998887750077307,1.6300808857222275,-0.0305952193718248,1787260300.407963
17.040719985961914,hold2,drive,2.0,0.26,0.33099999999999996,7152.0,7148.0,9.73,0.14,16.7,1.4108002664056611,0.06341413454387812,-3.309964788576764,2.2648706414900026,15.058868569155985,1.6291182551634473,0.011998552925647832,1787260300.4365914
17.060481071472168,hold2,drive,2.0,0.26,0.33099999999999996,7152.0,7150.0,9.68,0.142,16.7,1.4899229155499698,0.02145753276582374,-2.790181793411506,2.159436530545956,15.09884500895354,1.6298931791651008,0.04023410059340762,1787260300.4566054
17.080932140350342,hold2,drive,2.0,0.26,0.33099999999999996,7152.0,7158.0,9.43,0.141,16.7,1.4646941247533767,-0.3875361841907825,-2.7128587950374197,2.059745569630437,15.122098613935172,1.6308463897195238,0.057999798752625606,1787260300.469343
17.100636959075928,hold2,drive,2.0,0.26,0.33099999999999996,7152.0,7138.0,9.82,0.14,16.7,1.4453482568047686,-0.19693006545745817,-3.0218470256676255,1.8709670239644283,15.155407240492094,1.6283758004799347,0.08474387018796842,1787260300.4889936
17.120742559432983,hold2,drive,2.0,0.26,0.33099999999999996,7152.0,7152.0,9.75,0.141,16.7,1.4874549641677934,0.17680690847383929,-3.038791380270908,2.0568644666351292,15.215023531895026,1.6343143267525797,0.12823368021403056,1787260300.5165894
17.140907049179077,hold2,drive,2.0,0.26,0.33099999999999996,7152.0,7148.0,9.64,0.138,16.7,1.4946376427857915,-0.04936240678387538,-2.800622289766352,2.0554248106502806,15.254624630607607,1.6397255111578652,0.1581424106429608,1787260300.5367994
17.16057252883911,hold2,drive,2.0,0.26,0.33099999999999996,7152.0,7146.0,9.79,0.14,16.7,1.4020174274466888,-0.23132967515351055,-2.967159769495595,1.9963976385041904,15.274397485460186,1.6428798474157633,0.17315171325779338,1787260300.5475721
17.180577754974365,hold2,drive,2.0,0.26,0.33099999999999996,7152.0,7153.0,9.51,0.142,16.7,1.4107057241869634,0.1460751476781752,-3.300104043678658,1.985699071388785,15.316206658069566,1.650524495723987,0.20343239543105987,1787260300.569051
17.20048427581787,hold2,drive,2.0,0.26,0.33099999999999996,7152.0,7155.0,9.53,0.141,16.7,1.470489695917607,0.21763988092160247,-3.247480269998647,1.947052683376835,15.355450428658568,1.6588958429492984,0.23173408942998905,1787260300.5893822
17.220417022705078,hold2,drive,2.0,0.26,0.33099999999999996,7152.0,7160.0,9.54,0.139,16.7,1.5138025489383289,-0.2111595942622735,-2.847178407504259,1.8381787922499706,15.395434549288247,1.6663966154256658,0.2699644572434868,1787260300.6165211
17.240493774414062,hold2,drive,2.0,0.26,0.33099999999999996,7152.0,7154.0,9.73,0.141,16.7,1.4582580633469822,-0.0693494332722624,-3.386292006082641,1.821705842034536,15.414997774864267,1.6717997278405703,0.2854401671172726,1787260300.6279023
17.26076889038086,hold2,drive,2.0,0.26,0.33099999999999996,7152.0,7150.0,9.69,0.14,16.7,1.4872393812775515,0.027441486725909847,-2.8389060588060886,2.0118920538253167,15.472205643357103,1.6894990728259953,0.3294077898780822,1787260300.6566057
17.28126811981201,hold2,drive,2.0,0.26,0.33099999999999996,7152.0,7156.0,9.42,0.14,16.7,1.5148598238910902,-0.029333664064533416,-2.525196786056142,2.048246344960273,15.510128829924662,1.702781271934278,0.35943981227273497,1787260300.6767213
17.300445079803467,hold2,drive,2.0,0.26,0.33099999999999996,7152.0,7149.0,9.69,0.141,16.7,1.4749749918255184,0.00944793602352112,-2.842331065521023,1.8393262851363836,15.532817578441863,1.7096953016146417,0.3869977968811239,1787260300.6966138
17.32041335105896,hold2,drive,2.0,0.26,0.33099999999999996,7152.0,7155.0,9.73,0.142,16.7,1.448152565432622,-0.11814541842440018,-2.9027041544367194,1.949827921968052,15.569662624240742,1.725002493477935,0.4162358067434067,1787260300.7165582
17.340426683425903,hold2,drive,2.0,0.26,0.33099999999999996,7152.0,7146.0,9.69,0.139,16.7,1.385773076903587,-0.21051267291285214,-3.237217236646444,2.021025947197231,15.606242547827133,1.7414689195077777,0.4451337928507837,1787260300.7366037
17.360853672027588,hold2,drive,2.0,0.26,0.33099999999999996,7152.0,7174.0,9.33,0.141,16.7,1.4590285158503422,0.4797111109574139,-2.968882066939699,2.0380910244912305,15.642177576616012,1.7588959607106356,0.4725136974545338,1787260300.756619
17.38052988052368,hold2,drive,2.0,0.26,0.33099999999999996,7152.0,7164.0,9.37,0.14,16.7,1.4957330009421412,-0.2545624180992192,-2.7120261514928927,2.125906541151132,15.67775797854147,1.7773827435019145,0.5020344205191247,1787260300.7766378
17.400705099105835,hold2,drive,2.0,0.26,0.33099999999999996,7152.0,7144.0,9.81,0.141,16.7,1.4070758356211852,-0.14396235671080237,-3.2181754856989073,2.1255941443904796,15.713268515365876,1.7892169462904688,0.5298648347300527,1787260300.7966905
17.420406103134155,hold2,drive,2.0,0.26,0.33099999999999996,7152.0,7159.0,9.62,0.142,16.7,1.45572579662448,0.18619055709939403,-3.1799428797983182,2.095706668351311,15.747580328390608,1.8096165371474817,0.5575383669446938,1787260300.8166194
17.44064450263977,hold2,drive,2.0,0.26,0.33099999999999996,7152.0,7169.0,9.34,0.141,16.7,1.513927584351508,0.008549063622622644,-2.7084160803946418,2.0829369919666716,15.781337445116296,1.8310092707146564,0.5868403490824577,1787260300.836583
17.460389375686646,hold2,drive,2.0,0.26,0.33099999999999996,7152.0,7164.0,9.47,0.138,16.7,1.489484692392597,-0.20221265957444245,-2.6019344781183804,2.067958463709939,15.814585320776313,1.8534853938681382,0.6174358447096535,1787260300.8566332
17.480820894241333,hold2,drive,2.0,0.26,0.33099999999999996,7152.0,7141.0,9.87,0.14,16.7,1.4016111622223972,-0.21500874340074105,-3.013515620088839,2.006039337728501,15.83773191329346,1.8699095612591508,0.6384008500770777,1787260300.8718793
17.50065016746521,hold2,drive,2.0,0.26,0.33099999999999996,7152.0,7133.0,9.96,0.142,16.7,1.4497396762842547,0.3668946715174002,-3.3224512257759216,2.0185380840047737,15.863041441376078,1.8889040077166162,0.66069486414819,1787260300.888173
17.52044129371643,hold2,drive,2.0,0.26,0.33099999999999996,7152.0,7162.0,9.47,0.142,16.7,1.528450334407928,-0.14184202831668014,-2.680109123488677,2.081035139927965,15.910302682722728,1.9142160538783295,0.6969282038669443,1787260300.916668
17.540390491485596,hold2,drive,2.0,0.26,0.33099999999999996,7152.0,7164.0,9.31,0.139,16.7,1.4389051380214855,-0.19638272950387758,-3.097264124018267,2.132599430447072,15.940710961122857,1.9400991218140373,0.7281897202115796,1787260300.936564
17.56055521965027,hold2,drive,2.0,0.26,0.33099999999999996,7152.0,7156.0,9.68,0.141,16.7,1.4335235552487076,0.0340851162751048,-3.0444523623469877,2.035077091991857,15.955781813738398,1.9535128122490069,0.7421864163938318,1787260300.947726
17.581053972244263,hold2,drive,2.0,0.26,0.33099999999999996,7152.0,7145.0,9.76,0.141,16.7,1.4487915909361864,0.20791914029926417,-3.1303564424189005,2.0494644625837326,15.999555176831786,1.9948187551599534,0.7853476384507412,1787260300.9773166
17.600539684295654,hold2,drive,2.0,0.26,0.33099999999999996,7152.0,7145.0,9.74,0.142,16.7,1.4834648830645822,0.06064686652778484,-3.117900118381641,1.9592337988224102,16.019242114886914,2.014509325688365,0.8056268366911857,1787260300.9932394
17.620710134506226,hold2,drive,2.0,0.26,0.33099999999999996,7152.0,7165.0,9.3,0.142,16.7,1.4717644179733733,-0.2282253516857331,-2.857375659677558,2.977668953124677,16.08642368134393,2.0730065626659524,0.8588541438161003,1787260301.0167248
17.64054250717163,tr3,drive,2.4,0.26,0.33099999999999996,8582.4,7147.0,9.73,0.138,16.7,1.4235624006654297,-0.32092967076214407,-2.837504773515036,2.511916345207326,16.112193841493188,2.1033193044757543,0.8879917583251431,1787260301.036599
17.661287546157837,tr3,drive,2.4,0.26,0.33099999999999996,8582.4,7185.0,12.04,0.157,16.7,1.4657131833444954,0.4114047387756976,-3.2794201021448828,2.2794907872639896,16.137167253559003,2.134481891758702,0.9162050711135576,1787260301.056577
17.680603981018066,tr3,drive,2.4,0.26,0.33099999999999996,8582.4,7292.0,20.0,0.16,16.7,1.5015996785074768,-1.944499980684597,-2.8300364170034698,2.133585151813023,16.14948428670809,2.150524293954122,0.9311396260843723,1787260301.0678563
17.700501203536987,tr3,drive,2.4,0.26,0.33099999999999996,8582.4,7391.0,25.61,0.17,16.7,1.4003841107501434,-2.378663801372795,-2.950481755576675,2.0510594962039117,16.17351689256476,2.183235316518922,0.9608456574511722,1787260301.0880442
17.720523595809937,tr3,drive,2.4,0.26,0.33099999999999996,8582.4,7512.0,25.86,0.162,16.7,1.350688592702883,-2.571096553808985,-3.128299099503579,1.9533170706198495,16.199444858376722,2.2101600981700287,0.9949971563596403,1787260301.1166282
17.740416526794434,tr3,drive,2.4,0.26,0.33099999999999996,8582.4,7559.0,22.12,0.161,16.7,1.425331671735624,-1.3413064506690802,-2.942891776974335,2.0547373335557246,16.222199687650853,2.24550241929086,1.021761734750827,1787260301.1366014
17.76042675971985,tr3,drive,2.4,0.26,0.33099999999999996,8582.4,7637.0,21.25,0.168,16.7,1.3967670053575976,-1.7799083082273341,-3.208054247332342,2.113514492200152,16.24410211454384,2.281702367995037,1.0506392795792157,1787260301.1566048
17.781315088272095,tr3,drive,2.4,0.26,0.33099999999999996,8582.4,7740.0,20.13,0.167,16.7,1.3842221850427794,-1.8352355421799018,-3.448159058661446,2.06990994040994,16.255148681422703,2.3007629065628663,1.0644876802799395,1787260301.167798
17.800888538360596,tr3,drive,2.4,0.26,0.33099999999999996,8582.4,7844.0,18.91,0.166,16.7,1.4548528124191522,-1.0792479017827574,-3.4818931090073875,2.1696599531582965,16.289405620789147,2.348975352410967,1.104817159540442,1787260301.1968017
17.82037663459778,tr3,drive,2.4,0.26,0.33099999999999996,8582.4,7908.0,18.45,0.166,16.7,1.580619929107872,-1.3323031999830874,-3.0568867593246125,2.2152059944664364,16.308734223879405,2.387852645578999,1.1339436086848376,1787260301.21655
17.84062933921814,tr3,drive,2.4,0.26,0.33099999999999996,8582.4,7972.0,18.22,0.165,16.7,1.5143768596274043,-1.4128711108223087,-3.5463680198787415,2.2464518957667385,16.32730272388625,2.4282109782432766,1.1662960328947338,1787260301.2366693
17.86061191558838,tr3,drive,2.4,0.26,0.33099999999999996,8582.4,8054.0,17.26,0.167,16.7,1.4765976558777039,-0.7662875112095335,-3.8024608736502614,2.267034389099939,16.34465863194512,2.4692370551557175,1.1961880482861702,1787260301.2566235
17.88242769241333,tr3,drive,2.4,0.26,0.33099999999999996,8582.4,8172.0,15.53,0.168,16.7,1.4692735634058225,-0.4678087009916254,-3.6680020974449405,2.2176348942368898,16.354352890128354,2.4935301203467057,1.2127416251144865,1787260301.2690647
17.900702476501465,tr3,drive,2.4,0.26,0.33099999999999996,8582.4,8200.0,15.7,0.165,16.7,1.5904507219557902,-1.0579687136700997,-3.2934993209559025,2.2531348270299176,16.369676450684768,2.5349782207931626,1.2412336655698712,1787260301.2884464
17.92039942741394,tr3,drive,2.4,0.26,0.33099999999999996,8582.4,8220.0,16.01,0.167,16.7,1.4945399047737857,-1.0626605928005262,-3.728270813556776,2.3860692233284695,16.396432446457162,2.5974433620342774,1.2905790358983944,1787260301.3164961
17.940403699874878,tr3,drive,2.4,0.26,0.33099999999999996,8582.4,8308.0,14.66,0.168,16.7,1.5755905493892572,-0.28933899049549083,-3.644869049530371,2.373669859932672,16.40900747691186,2.6418215817236637,1.3196139795547033,1787260301.3365324
17.960644483566284,tr3,drive,2.4,0.26,0.33099999999999996,8582.4,8358.0,13.99,0.166,16.7,1.6334561130286624,-0.6425560372990802,-3.6434800433927137,2.376480976431503,16.42034117600018,2.687051343466037,1.3515942711506617,1787260301.3565817
17.980470657348633,tr3,drive,2.4,0.26,0.33099999999999996,8582.4,8393.0,14.02,0.166,16.7,1.5658477740153658,-0.6894147484599458,-3.7464255418518917,2.387448931869576,16.43025661156991,2.7328338666621232,1.3845731013385165,1787260301.3766284
18.000874042510986,tr3,drive,2.4,0.26,0.33099999999999996,8582.4,8402.0,14.31,0.168,16.7,1.5406062000455403,-0.6027359853711403,-3.709099546776997,2.3186014889257938,16.43480360435815,2.7563795544408416,1.3998893381195245,1787260301.387741
18.020509481430054,tr3,drive,2.4,0.26,0.33099999999999996,8582.4,8482.0,12.67,0.17,16.7,1.5554169709738526,-0.11605226131167523,-4.0912475580586545,2.251234391262787,16.44682702518249,2.796488455211246,1.4312344165775224,1787260301.4076567
18.040731191635132,tr3,drive,2.4,0.26,0.33099999999999996,8582.4,8498.0,12.8,0.167,16.7,1.5684574055675344,-0.4133658584443225,-3.6591190070457458,2.2924093338627722,16.45313723358446,2.8434568715272204,1.4623723716605066,1787260301.4278522
18.061163663864136,tr3,drive,2.4,0.26,0.33099999999999996,8582.4,8517.0,12.76,0.166,16.7,1.51158759785971,-0.29544976965487635,-4.20819860040848,2.4197252694065305,16.459780869569457,2.914038401682484,1.5093926367023127,1787260301.4566228
18.08040976524353,tr3,drive,2.4,0.26,0.33099999999999996,8582.4,8542.0,12.65,0.171,16.7,1.611189689470619,0.10480722459373393,-3.9404463981272215,2.4403294574642223,16.46243510367983,2.9616775586486392,1.5393611038967097,1787260301.4766316
18.100621223449707,tr3,drive,2.4,0.26,0.33099999999999996,8582.4,8581.0,11.73,0.167,16.7,1.6307319655496204,-0.2880468654163195,-4.26727565391937,2.3725306926749274,16.463533619599094,2.9951371519842382,1.5622952200405298,1787260301.4917502
18.120733737945557,tr3,drive,2.4,0.26,0.33099999999999996,8582.4,8597.0,11.85,0.17,16.7,1.598721035562977,-0.340215323703017,-3.4782985330312783,2.6933310149816547,16.466279269166918,3.0470080454369635,1.598168969149257,1787260301.5089743
18.14060688018799,tr3,drive,2.4,0.26,0.33099999999999996,8582.4,8596.0,11.86,0.166,16.7,1.5558958073378486,-0.1898658977451575,-4.020245107714459,2.7034243442907604,16.464622889147844,3.0949839793814116,1.630315768635703,1787260301.5266278
18.160587310791016,tr3,drive,2.4,0.26,0.33099999999999996,8582.4,8621.0,11.57,0.168,16.7,1.5913804314923372,0.10072060539942296,-3.8850001733310364,2.485441688688768,16.461421242677755,3.1429112348665913,1.661658767549163,1787260301.5476015
18.18086051940918,tr3,drive,2.4,0.26,0.33099999999999996,8582.4,8650.0,11.1,0.168,16.7,1.478384903285256,-0.31956686746075036,-4.0789058394530855,2.4254075841652973,16.456700463983317,3.1909327937130256,1.6933582572024803,1787260301.567853
18.200541973114014,tr3,drive,2.4,0.26,0.33099999999999996,8582.4,8647.0,11.27,0.168,16.7,1.5600621897052231,0.0661107426102987,-3.572798020479979,2.412133416320473,16.45049684669095,3.238620918654448,1.7233305809715,1787260301.5877678
18.220572471618652,tr3,drive,2.4,0.26,0.33099999999999996,8582.4,8645.0,11.35,0.166,16.7,1.5872639833954016,-0.27109352071858694,-3.907432140058887,2.323207410140611,16.440028352299105,3.2761205182593938,1.7646539997733852,1787260301.6165648
18.2404203414917,tr3,drive,2.4,0.26,0.33099999999999996,8582.4,8652.0,11.26,0.169,16.7,1.5702748798534591,-0.11005557595258875,-3.729523871924698,2.4102458739301307,16.430363226048637,3.323554304386378,1.7965705096929228,1787260301.6367266
18.261393547058105,tr3,drive,2.4,0.26,0.33099999999999996,8582.4,8688.0,10.62,0.167,16.7,1.5786027177401911,0.0948762400145986,-3.7669878612948935,2.454804448186692,16.41919751305931,3.370659399954635,1.8278973953303863,1787260301.656607
18.28620171546936,tr3,drive,2.4,0.26,0.33099999999999996,8582.4,8674.0,10.93,0.167,16.7,1.6077058752906317,0.03536279918781049,-3.842995528451695,2.4797305818804607,16.406509363039987,3.4175852533194617,1.8595133739101253,1787260301.6766548
18.300975799560547,tr3,drive,2.4,0.26,0.33099999999999996,8582.4,8661.0,11.24,0.17,16.7,1.5793771649851862,-0.3562408614174082,-3.6772640874346223,2.39834863882377,16.406722838170992,3.444069218379052,1.8755360785591417,1787260301.6886473
18.320571184158325,tr3,drive,2.4,0.26,0.33099999999999996,8582.4,8689.0,10.63,0.168,16.7,1.5172789062672636,-0.17270055492585712,-4.3007193899957485,2.478401390472997,16.39181459299557,3.4902162224742552,1.9073197439869292,1787260301.7075586
18.34059453010559,tr3,drive,2.4,0.26,0.33099999999999996,8582.4,8705.0,10.26,0.167,16.7,1.6022348103052275,0.07535309874533258,-3.8890169182953116,2.50982971987497,16.375418224684598,3.5360041665118955,1.938015481027866,1787260301.7268577
18.36152458190918,tr3,drive,2.4,0.26,0.33099999999999996,8582.4,8676.0,11.06,0.167,16.7,1.597493185142396,-0.24613372946585343,-4.189812614724417,2.4848145479625017,16.348230133325824,3.603557626252775,1.9856278230683262,1787260301.756774
18.380563974380493,tr3,drive,2.4,0.26,0.33099999999999996,8582.4,8678.0,10.78,0.17,16.7,1.5579239376659983,-0.1359142121973962,-4.041312626611443,2.5066520716990803,16.328293434687545,3.6478814164875724,2.0176045192545917,1787260301.7767274
18.400410890579224,tr3,drive,2.4,0.26,0.33099999999999996,8582.4,8721.0,9.95,0.167,16.7,1.623010529443099,0.3550246770547716,-3.841795095026896,2.4027753919849695,16.317830083018205,3.669742952209587,2.0329491871120564,1787260301.787946
18.42044949531555,tr3,drive,2.4,0.26,0.33099999999999996,8582.4,8705.0,10.4,0.167,16.7,1.628434456477209,-0.11481806021503882,-3.717742316602596,2.576350024300984,16.288777638610192,3.739852458245951,2.082449944155409,1787260301.816624
18.4403817653656,tr3,drive,2.4,0.26,0.33099999999999996,8582.4,8678.0,10.84,0.165,16.7,1.5332629328138103,-0.13970717324554993,-4.063936089660103,2.438035612875338,16.276832397510343,3.7611416694364386,2.0987765389992963,1787260301.8281643
18.46042513847351,tr3,drive,2.4,0.26,0.33099999999999996,8582.4,8712.0,10.33,0.167,16.7,1.5747722931443304,0.47577860244723524,-3.9277874680589377,2.528225865251888,16.23922771371686,3.8233571335075207,2.1451654228657078,1787260301.8567061
18.481008529663086,tr3,drive,2.4,0.26,0.33099999999999996,8582.4,8716.0,9.97,0.169,16.7,1.5316174987343047,-0.18055289079672576,-4.356705897541332,2.4455529610143234,16.22355448966831,3.847586106550763,2.163994314069745,1787260301.8695161
18.50141167640686,tr3,drive,2.4,0.26,0.33099999999999996,8582.4,8702.0,10.45,0.167,16.7,1.5316174987343047,-0.18055289079672576,-4.356705897541332,2.898312674779575,16.18486301086942,3.92071686954285,2.2122760268706054,1787260301.8965719
18.521178483963013,tr3,drive,2.4,0.26,0.33099999999999996,8582.4,8685.0,10.61,0.17,16.7,1.5338466977247556,0.28274406185937195,-4.216611867009902,2.6725140261106057,16.170248054478968,3.9402722567690964,2.2278076068642085,1787260301.90795
18.540401458740234,tr3,drive,2.4,0.26,0.33099999999999996,8582.4,8716.0,9.93,0.167,16.7,1.6149591276775168,0.056067441236322235,-3.93584785518064,2.638695038847775,16.12482816004777,3.9973040972635556,2.273844514432973,1787260301.9366164
18.560614585876465,tr3,drive,2.4,0.26,0.33099999999999996,8582.4,8706.0,10.12,0.166,16.7,1.563000322177853,-0.38106108693556706,-3.8668682491779407,2.5774896262210527,16.092972128377166,4.034257955112693,2.306578268320957,1787260301.9566448
18.58157515525818,tr3,drive,2.4,0.26,0.33099999999999996,8582.4,8703.0,10.34,0.165,16.7,1.5613779244417767,0.08691153709937716,-3.626609363709804,2.4657060467781036,16.076617143493607,4.0523293045601845,2.3219704235116057,1787260301.967699
18.600558519363403,tr3,drive,2.4,0.26,0.33099999999999996,8582.4,8673.0,10.76,0.168,16.7,1.6025689038639779,0.14908162164233296,-3.8668331658825252,2.427653726862399,16.04316052194369,4.087599019213689,2.3531663735561863,1787260301.9878898
18.620412826538086,tr3,drive,2.4,0.26,0.33099999999999996,8582.4,8701.0,10.14,0.167,16.7,1.5388387931881093,-0.13282434231642792,-4.280105615052804,2.3231041103958336,16.018681765830394,4.123478842245579,2.391079123014564,1787260302.0165818
18.64048194885254,tr3,drive,2.4,0.26,0.33099999999999996,8582.4,8698.0,10.1,0.167,16.7,1.5382263992954455,0.022033839846946623,-3.648561566372848,2.2491163746364466,16.00074181101664,4.140251624187664,2.4062335521870213,1787260302.0284092
18.661142110824585,tr3,drive,2.4,0.26,0.33099999999999996,8582.4,8683.0,10.45,0.167,16.7,1.5675018633684141,0.041768965533368174,-4.051889363096819,2.4569047123384435,15.946125706432603,4.188179585735604,2.452271264278277,1787260302.0565429
18.68074917793274,tr3,drive,2.4,0.26,0.33099999999999996,8582.4,8669.0,10.59,0.168,16.7,1.5741365965921283,-0.1921547904102212,-4.050607361010179,2.3773797227902875,15.927211891919095,4.203767697189591,2.4683530433053225,1787260302.0677252
18.700419425964355,tr3,drive,2.4,0.26,0.33099999999999996,8582.4,8692.0,10.07,0.169,16.7,1.5564168548051227,0.04615094222095806,-4.06525551392852,2.390747846671114,15.889137213220502,4.233649342429868,2.49974958773331,1787260302.0876994
18.72042226791382,tr3,drive,2.4,0.26,0.33099999999999996,8582.4,8681.0,10.26,0.165,16.7,1.6156652648405516,0.024715976054008326,-3.8576100598785956,2.745193739152607,15.827526242407455,4.294706973340003,2.5494098339980567,1787260302.1165879
18.74054765701294,tr3,drive,2.4,0.26,0.33099999999999996,8582.4,8660.0,10.71,0.164,16.7,1.5645944904063744,-0.13278266263057237,-3.8718462764365995,2.5203506065388686,15.807332250333523,4.308278738570851,2.5659133215103926,1787260302.1287794
18.760477542877197,tr3,drive,2.4,0.26,0.33099999999999996,8582.4,8667.0,10.66,0.169,16.7,1.5599031989881456,0.14603348626486934,-4.283165755495418,2.541085815112075,15.766509463854447,4.334301599848018,2.597436183215414,1787260302.1476688
18.781195878982544,tr3,drive,2.4,0.26,0.33099999999999996,8582.4,8695.0,9.76,0.167,16.7,1.5821007798320106,0.1171956204275002,-4.069133387515109,2.444950465768706,15.724785714128156,4.359098293653822,2.628694525796053,1787260302.168193
18.802827835083008,tr3,drive,2.4,0.26,0.33099999999999996,8582.4,8660.0,10.61,0.166,16.7,1.622539416246264,-0.3506374744179688,-3.3395803524017253,2.4519145393492363,15.682310339853991,4.382592673462526,2.6601620411304374,1787260302.187669
18.820586919784546,tr3,drive,2.4,0.26,0.33099999999999996,8582.4,8640.0,10.78,0.165,16.7,1.5245978055750196,-0.08784856258403995,-4.347836548099508,2.5457678555167247,15.640841917555349,4.414604381100342,2.695198033618923,1787260302.20783
18.840492725372314,hold3,drive,2.4,0.26,0.33099999999999996,8582.4,8676.0,10.17,0.167,16.7,1.6222532595871353,0.5677526408025138,-4.010096387433151,2.5754661677305983,15.596958918941745,4.435168456586808,2.7262472163982596,1787260302.2266588
18.861292123794556,hold3,drive,2.4,0.26,0.33099999999999996,8582.4,8666.0,10.21,0.164,16.7,1.65547579471171,-0.23526218366368923,-3.9404355807778018,2.4332340709890232,15.55263700784534,4.454305314933674,2.758053171051747,1787260302.247554
18.880343198776245,hold3,drive,2.4,0.26,0.33099999999999996,8582.4,8645.0,10.73,0.165,16.7,1.557263740031768,-0.4411652770099437,-3.615094149072064,2.750846959534817,15.484772404596432,4.480428937573428,2.807561663267822,1787260302.276582
18.90059494972229,hold3,drive,2.4,0.26,0.33099999999999996,8582.4,8628.0,10.95,0.167,16.7,1.5369016098111854,0.3294469081713345,-3.96670829127126,2.465946242712437,15.458991448133247,4.49825781143692,2.8366956431540937,1787260302.2966175
18.920472860336304,hold3,drive,2.4,0.26,0.33099999999999996,8582.4,8668.0,10.0,0.165,16.7,1.6012445138538816,0.12982319480050641,-4.016842612780749,2.3805874677905323,15.435937619109687,4.50552368710413,2.8519637086685425,1787260302.3076982
18.940473794937134,hold3,drive,2.4,0.26,0.33099999999999996,8582.4,8655.0,10.45,0.166,16.7,1.5681550036257559,-0.03368663307948161,-3.8695956830356977,2.393630721315454,15.389379947464432,4.519021859215696,2.8836899772985642,1787260302.3277092
18.961613178253174,hold3,drive,2.4,0.26,0.33099999999999996,8582.4,8645.0,10.54,0.167,16.7,1.547014564576598,-0.12459323476292017,-3.8924229215585626,2.4884665978775473,15.319034022210834,4.536407072202555,2.930855501408089,1787260302.356612
18.980395078659058,hold3,drive,2.4,0.26,0.33099999999999996,8582.4,8644.0,10.67,0.167,16.7,1.6163438382863038,0.2639223124101697,-4.30275451349064,2.3734633871045765,15.29524367677416,4.5415035634150644,2.9463038026571198,1787260302.3681695
19.00111699104309,hold3,drive,2.4,0.26,0.33099999999999996,8582.4,8646.0,10.32,0.164,16.7,1.6170995102456136,-0.2230423064194902,-4.097901397394992,3.685979325439358,15.21005618947649,4.568142770831276,2.9994333014717265,1787260302.3886666
19.020509243011475,hold3,drive,2.4,0.26,0.33099999999999996,8582.4,8646.0,10.5,0.168,16.7,1.5668094414849933,0.04678165581879945,-3.8606365788297694,3.1040512130014717,15.162070219742636,4.574599482918126,3.0318105419128543,1787260302.4076424
19.040371656417847,hold3,drive,2.4,0.26,0.33099999999999996,8582.4,8623.0,10.66,0.164,16.7,1.5757643206503849,0.03272237464356631,-3.83402063676283,2.734213763454898,15.089745538529945,4.581401548307035,3.0791078136446415,1787260302.436617
19.060614347457886,hold3,drive,2.4,0.26,0.33099999999999996,8582.4,8636.0,10.64,0.167,16.7,1.5834182456232724,0.15086489458477104,-4.3155888600360015,2.607400664559092,15.041640840271812,4.58400731851856,3.1106437764200487,1787260302.4566004
19.081194639205933,hold3,drive,2.4,0.26,0.33099999999999996,8582.4,8652.0,10.16,0.166,16.7,1.5245543960492511,-0.026664227279510122,-4.07395763299553,2.4682500455069083,15.017435811785736,4.584747437276385,3.126585314978004,1787260302.4678977
19.10041570663452,hold3,drive,2.4,0.26,0.33099999999999996,8582.4,8646.0,10.37,0.169,16.7,1.6082057506272396,0.23900421911584147,-3.88035631446121,2.43216587474517,14.968831253743302,4.585099438919022,-3.1256800093557864,1787260302.4880517
19.120400190353394,hold3,drive,2.4,0.26,0.33099999999999996,8582.4,8623.0,10.73,0.164,16.7,1.5802847702846856,-0.2795637976750598,-4.131211232227201,2.649879350114634,14.954477721520174,4.583194117676405,-3.0855515961985565,1787260302.516561
19.140419960021973,hold3,drive,2.4,0.26,0.33099999999999996,8582.4,8634.0,10.6,0.168,16.7,1.5747390036307043,0.13641063169125012,-4.045171204385554,2.6154160118655088,14.905896185816273,4.580121135810732,-3.053786566006796,1787260302.5367823
19.160431623458862,hold3,drive,2.4,0.26,0.33099999999999996,8582.4,8645.0,10.1,0.166,16.7,1.5859309381117623,0.10031288086179124,-3.9654265815454153,2.5617679616486004,14.857887499128026,4.5755480070926,-3.022367677679567,1787260302.5567536
19.180885314941406,hold3,drive,2.4,0.26,0.33099999999999996,8582.4,8645.0,10.1,0.166,16.7,1.5859309381117623,0.10031288086179124,-3.9654265815454153,2.454891126636666,14.832765494974572,4.572565329901857,-3.005808249362252,1787260302.5682242
19.201751232147217,hold3,drive,2.4,0.26,0.33099999999999996,8582.4,8602.0,10.94,0.167,16.7,1.523269420823288,-0.21034409036936097,-4.132912772054851,2.375598815563369,14.786269406309176,4.565874740326088,-2.974197084765799,1787260302.5878813
19.220474004745483,hold3,drive,2.4,0.26,0.33099999999999996,8582.4,8650.0,10.17,0.166,16.7,1.5401370842195228,0.3684243031975143,-4.434882881797989,2.247168472203386,14.736062349764708,4.561820157677504,-2.9287320852790364,1787260302.6165981
19.24055314064026,hold3,drive,2.4,0.26,0.33099999999999996,8582.4,8644.0,10.07,0.165,16.7,1.6170323985861437,0.022905486148798726,-3.731987596345249,2.411490755825619,14.688742517303329,4.551246859701891,-2.8977887901173918,1787260302.6367736
19.260451316833496,hold3,drive,2.4,0.26,0.33099999999999996,8582.4,8613.0,11.03,0.168,16.7,1.560193483546964,-0.33840312531441086,-3.718481989414272,2.4632756765409987,14.642168529143403,4.539273100510607,-2.8652450254109674,1787260302.6565263
19.281926155090332,hold3,drive,2.4,0.26,0.33099999999999996,8582.4,8609.0,10.73,0.17,16.7,1.578457575460782,0.07750241653954681,-4.387784434785118,2.3628469413217266,14.618688276599618,4.532627659720502,-2.849742219565956,1787260302.667991
19.30167031288147,hold3,drive,2.4,0.26,0.33099999999999996,8582.4,8643.0,10.04,0.165,16.7,1.7030606244370277,0.18685023268850287,-3.7726564447516466,1.984592707384059,14.585884719669554,4.529120956657843,-2.8181309857487387,1787260302.689055
19.32068371772766,hold3,drive,2.4,0.26,0.33099999999999996,8582.4,8627.0,10.48,0.166,16.7,1.6365710793976735,-0.21637147361193598,-3.9755244310483704,2.419254422191067,14.51791742339433,4.5051095373435786,-2.7678046570967507,1787260302.716529
19.34115195274353,hold3,drive,2.4,0.26,0.33099999999999996,8582.4,8608.0,10.8,0.165,16.7,1.5434292839590786,-0.25241305462363073,-3.83828676548535,2.4494139758234623,14.472971828052124,4.487093055769108,-2.735292012848026,1787260302.7366202
19.361228227615356,hold3,drive,2.4,0.26,0.33099999999999996,8582.4,8632.0,10.51,0.168,16.7,1.5870145783593157,0.6850379611764694,-4.347062376714007,2.4655858893039486,14.428928022408217,4.4677719713742965,-2.7049233309095744,1787260302.7566211
19.385071754455566,hold3,drive,2.4,0.26,0.33099999999999996,8582.4,8639.0,10.06,0.166,16.7,1.602400592083085,-0.3151848907731605,-4.0108413227391395,2.3783192229337375,14.406919761604978,4.457511889026618,-2.6887925073752013,1787260302.767787
19.400798082351685,hold3,drive,2.4,0.26,0.33099999999999996,8582.4,8624.0,10.54,0.165,16.7,1.563667177714809,-0.08165438750784393,-3.906833092789668,2.4909453572435543,14.36374794680958,4.436097397219891,-2.656893004742833,1787260302.7865853
19.42052459716797,hold3,drive,2.4,0.26,0.33099999999999996,8582.4,8607.0,10.74,0.168,16.7,1.5637751688970118,0.20433819564522793,-4.085488927477002,2.534749234996018,14.295592193354327,4.410653153906694,-2.6083872268944113,1787260302.8164854
19.440490007400513,hold3,drive,2.4,0.26,0.33099999999999996,8582.4,8625.0,10.5,0.167,16.7,1.6499840902278577,-0.003052758332536598,-3.9111746505973315,2.421769869351791,14.274623707405992,4.398274452264522,-2.5925593859740936,1787260302.827768
19.460500478744507,hold3,drive,2.4,0.26,0.33099999999999996,8582.4,8612.0,10.5,0.167,16.7,1.574578015542809,-0.30755727071844774,-4.012386741902191,2.417126210511677,14.233705163385041,4.372794186957979,-2.5599978119480635,1787260302.8476107
19.48161506652832,hold3,drive,2.4,0.26,0.33099999999999996,8582.4,8617.0,10.51,0.166,16.7,1.6025133769552498,0.18572665360772334,-3.768123975344764,2.504243239813999,14.193628746739158,4.345979149738612,-2.528099730848887,1787260302.8666275
19.500433921813965,hold3,drive,2.4,0.26,0.33099999999999996,8582.4,8590.0,10.89,0.165,16.7,1.6058583072843893,-0.06519213585572903,-4.185272836297656,2.383292915014952,14.154540315863185,4.317991570033713,-2.4962654925049415,1787260302.8877172
19.520404815673828,hold3,drive,2.4,0.26,0.33099999999999996,8582.4,8628.0,10.27,0.168,16.7,1.5594769600556782,-0.14703941753443406,-4.077791067741259,2.6633267512624013,14.082173730376422,4.279414908369924,-2.446286825496048,1787260302.91658
19.54090642929077,hold3,drive,2.4,0.26,0.33099999999999996,8582.4,8622.0,10.34,0.165,16.7,1.5242244303901904,0.10881042046240985,-3.6675954235789163,2.573935375714382,14.045331162850635,4.248207360866598,-2.4153106697119515,1787260302.9365988
19.561455249786377,hold3,drive,2.4,0.26,0.33099999999999996,8582.4,8612.0,10.61,0.166,16.7,1.583680966464809,0.12683289204282922,-3.1250872238082934,2.4542487688052868,14.027307710982262,4.232204733891832,-2.4002526791235357,1787260302.9476805
19.580852031707764,hold3,drive,2.4,0.26,0.33099999999999996,8582.4,8598.0,10.83,0.167,16.7,1.503630072522553,-0.6049831435326993,-4.293997138233351,2.497450186820993,13.98855569368677,4.196112605191185,-2.365727363228314,1787260302.9686308
19.60115098953247,hold3,drive,2.4,0.26,0.33099999999999996,8582.4,8634.0,10.01,0.168,16.7,1.3851553566887431,-0.46890680813812935,-3.173085264987776,2.480771571602105,13.9579028623569,4.165621546581205,-2.338686783548838,1787260302.986561
19.62123680114746,hold3,drive,2.4,0.26,0.33099999999999996,8582.4,8620.0,10.4,0.164,16.7,1.5614118797456753,0.5421187021013125,-4.077542268704605,2.3840183670796318,13.903832472099543,4.1265184833820365,-2.298496864228181,1787260303.0174806
19.640540838241577,hold3,drive,2.4,0.26,0.33099999999999996,8582.4,8610.0,10.66,0.164,16.7,1.6035441534551649,-0.13186930923404017,-4.035595511262699,2.4676294087694712,13.887671424692055,4.1083760047318965,-2.2827332304819445,1787260303.0266054
19.66040015220642,hold3,drive,2.4,0.26,0.33099999999999996,8582.4,8616.0,10.62,0.169,16.7,1.5267917176810268,0.020250617154020212,-4.560171761664094,2.46351372025067,13.841548582823597,4.053184694785069,-2.23503071846557,1787260303.0564804
19.680559396743774,hold3,drive,2.4,0.26,0.33099999999999996,8582.4,8642.0,9.8,0.166,16.7,1.54690524181385,0.003927935804617366,-3.704701855696669,2.363512255573705,13.82306979289783,4.029606727076764,-2.2164384118761427,1787260303.0705433
19.704190015792847,hold3,drive,2.4,0.26,0.33099999999999996,8582.4,8616.0,10.5,0.165,16.7,1.5943976598493423,-0.2496875211110421,-3.715316891446207,2.425150596250672,13.797589066225596,3.9953237884481227,-2.189153116553157,1787260303.0878112
19.72035264968872,hold3,drive,2.4,0.26,0.33099999999999996,8582.4,8608.0,10.68,0.164,16.7,1.5192991802701978,-0.17413399990437384,-4.2174219987732045,2.724471586559402,13.737452015117633,3.9363661276552415,-2.1399841594716125,1787260303.116532
19.740811586380005,hold3,drive,2.4,0.26,0.33099999999999996,8582.4,8623.0,10.34,0.168,16.7,1.6265267010303306,0.5652807302796994,-4.087303026210776,2.5977909239270756,13.711568280105123,3.895236670028776,-2.1096884249251677,1787260303.136835
19.76049280166626,hold3,drive,2.4,0.26,0.33099999999999996,8582.4,8623.0,10.17,0.166,16.7,1.7097627356363214,-0.1282448759117285,-4.147131154604352,2.550203330974968,13.687393157518098,3.8540030172819333,-2.0769053706637366,1787260303.1565652
19.78045630455017,hold3,drive,2.4,0.26,0.33099999999999996,8582.4,8616.0,10.44,0.164,16.7,1.6458553915899077,-0.183798570708948,-3.788933632020445,2.504218823449741,13.664307699982286,3.811453515077375,-2.042168550514497,1787260303.1768343
19.800466775894165,hold3,drive,2.4,0.26,0.33099999999999996,8582.4,8605.0,10.67,0.165,16.7,1.5912247697266217,0.1967812355401879,-4.032335103675422,2.399612689233801,13.652697084633573,3.7886841939168114,-2.025019818924018,1787260303.1886916
19.820504665374756,hold3,drive,2.4,0.26,0.33099999999999996,8582.4,8625.0,10.21,0.165,16.7,1.6779384932420924,0.4179922487566401,-4.131632231772187,2.4757697801609875,13.616514483068025,3.73303715948321,-1.975427947235911,1787260303.216609
19.840553998947144,hold3,drive,2.4,0.26,0.33099999999999996,8582.4,8628.0,10.16,0.167,16.7,1.5855280018388334,-0.29935508861110804,-3.929076779165456,2.393505732278288,13.607025571279184,3.710878800800946,-1.9582692609334427,1787260303.227558
19.860599756240845,hold3,drive,2.4,0.26,0.33099999999999996,8582.4,8615.0,10.45,0.166,16.7,1.5410251152850096,-0.0333495502189729,-4.041959328690268,2.482721865731008,13.580743140736573,3.6433977869594965,-1.9101739427464366,1787260303.2566497
19.880462646484375,hold3,drive,2.4,0.26,0.33099999999999996,8582.4,8613.0,10.4,0.165,16.7,1.6229892241543784,0.313265578698239,-4.157626030067092,2.5415792093907994,13.565054713148156,3.5979332847772616,-1.879630389829007,1787260303.2765782
19.901121377944946,hold3,drive,2.4,0.26,0.33099999999999996,8582.4,8618.0,10.36,0.163,16.7,1.6655227030820883,-0.07246822859939872,-3.8446532141600755,2.428188419939543,13.557735642682044,3.574955026853761,-1.8629254631191217,1787260303.2877243
19.92054533958435,hold3,drive,2.4,0.26,0.33099999999999996,8582.4,8623.0,10.25,0.168,16.7,1.6148288991002122,0.18808620622245975,-4.237005494274115,2.383001024146163,13.532305714239852,3.520458619447928,-1.8137929520505416,1787260303.316539
19.94059109687805,hold3,drive,2.4,0.26,0.33099999999999996,8582.4,8612.0,10.35,0.165,16.7,1.6327983122394127,-0.28471958029715694,-3.391435801912138,2.32355945015692,13.526429485178586,3.496845445268408,-1.797806915631522,1787260303.3276763
19.960456371307373,hold3,drive,2.4,0.26,0.33099999999999996,8582.4,8589.0,10.9,0.167,16.7,1.5593856136302886,-0.09613583995531183,-4.5870414729012055,2.4576282507191536,13.511327096373705,3.426284776876841,-1.7489376768575848,1787260303.3566203
19.98048710823059,hold3,drive,2.4,0.26,0.33099999999999996,8582.4,8626.0,9.95,0.165,16.7,1.5737951793403804,0.13681836536515668,-4.065335620786385,2.3021186385860246,13.507059780880006,3.4026080097703293,-1.7336692319262275,1787260303.3690262
20.000388145446777,hold3,drive,2.4,0.26,0.33099999999999996,8582.4,8611.0,10.44,0.165,16.7,1.598837282544559,0.22622257060380235,-3.91461983020713,2.3843776158666965,13.49958534838286,3.3549356750350294,-1.702271681709429,1787260303.3880448
20.020618438720703,hold3,drive,2.4,0.26,0.33099999999999996,8582.4,8598.0,10.64,0.166,16.7,1.6079024165790796,-0.2508255355060811,-4.0449916948573446,2.266465125391899,13.485066425675388,3.3211746699963554,-1.6711073989862526,1787260303.4077566
20.04106116294861,hold3,drive,2.4,0.26,0.33099999999999996,8582.4,8596.0,10.68,0.169,16.7,1.6023804852168546,-0.03277327968294941,-4.2057860391270765,2.3310218833369296,13.480628980264994,3.27332674702718,-1.6390054598340273,1787260303.4277022
20.06048583984375,hold3,drive,2.4,0.26,0.33099999999999996,8582.4,8625.0,9.88,0.166,16.7,1.6570759550526841,0.34892836975474495,-4.0278076044020565,2.3455901431401713,13.47773188292912,3.2253734878091946,-1.606942933343929,1787260303.4477818
20.0810763835907,hold3,drive,2.4,0.26,0.33099999999999996,8582.4,8610.0,10.38,0.163,16.7,1.660027802804928,-0.4316420626498143,-3.1696354076052558,2.3231261036607633,13.476256908756705,3.1717281408111075,-1.5703318114063063,1787260303.4713588
20.1006760597229,hold3,drive,2.4,0.26,0.33099999999999996,8582.4,8587.0,10.8,0.164,16.7,1.5094119284071694,-0.21680643338488892,-3.9527717445282633,2.4922128506582535,13.476583950292907,3.1289688640790736,-1.5408581656171683,1787260303.487933
20.121233701705933,hold3,drive,2.4,0.26,0.33099999999999996,8582.4,8615.0,10.33,0.168,16.7,1.5624334683398295,0.73529463567872,-4.638714489275458,2.5180758208248526,13.468826929718505,3.076369956646881,-1.5037152421347197,1787260303.5093093
20.140745401382446,hold3,drive,2.4,0.26,0.33099999999999996,8582.4,8614.0,10.05,0.164,16.7,1.6384446132245443,-0.2837500388103109,-3.6605524520242625,2.4451912844086103,13.472131719559494,3.0317933280081824,-1.4749291163017988,1787260303.5279362
20.160353422164917,hold3,drive,2.4,0.26,0.33099999999999996,8582.4,8593.0,10.82,0.166,16.7,1.5661092964344117,-0.3579969265333496,-3.8346392722053224,2.510144728084415,13.48013489359835,2.960483696085858,-1.4265081671409192,1787260303.55653
20.180468559265137,hold3,drive,2.4,0.26,0.33099999999999996,8582.4,8592.0,10.57,0.165,16.7,1.5115709531028967,0.09649271198714082,-4.172272721181457,2.2505174078256376,13.483625822841837,2.9364226593793292,-1.4110090961637638,1787260303.5713124
20.200878381729126,hold3,drive,2.4,0.26,0.33099999999999996,8582.4,8603.0,10.35,0.166,16.7,1.6433790512502977,0.3419331991900947,-3.931414496083306,5.7116599773790435,13.5120997490086,2.7767018552741534,-1.3098240508651633,1787260303.5969143
20.220393180847168,hold3,drive,2.4,0.26,0.33099999999999996,8582.4,8604.0,10.37,0.166,16.7,1.6237153350255886,-0.1911724946836877,-3.9523864130002835,4.087796527983148,13.524826336333886,2.7307923650145525,-1.2758152568840497,1787260303.6165257
20.240415811538696,hold3,drive,2.4,0.26,0.33099999999999996,8582.4,8583.0,10.78,0.167,16.7,1.5400495993777137,-0.3349055400320857,-3.7235681901671285,3.5083168361840196,13.531857432468929,2.707585585442336,-1.2595928452516174,1787260303.6277716
20.260380268096924,hold3,drive,2.4,0.26,0.33099999999999996,8582.4,8585.0,10.61,0.164,16.7,1.5378226640741894,0.4089474097475403,-4.224715231168489,2.8657399724842874,13.55492187778082,2.6395536999131797,-1.2130808333604,1787260303.6565192
20.280580759048462,hold3,drive,2.4,0.26,0.33099999999999996,8582.4,8590.0,10.6,0.166,16.7,1.6165670111856523,-0.06110555320651745,-3.68507626024126,2.8657399724842874,13.55492187778082,2.6395536999131797,-1.2130808333604,1787260303.6565192
20.30043125152588,hold3,drive,2.4,0.26,0.33099999999999996,8582.4,8590.0,10.52,0.165,16.7,1.5650983604846176,0.15860489082011142,-4.240467923170826,2.5434108396077604,13.581135073950016,2.572334414195235,-1.1657959911138056,1787260303.6878211
20.320629119873047,hold3,drive,2.4,0.26,0.33099999999999996,8582.4,8585.0,10.69,0.167,16.7,1.6145439408635736,0.17913921671697963,-3.7829057371464785,3.048881401101653,13.569784104388447,2.5980080533410024,-1.1552899910743488,1787260303.7078516
20.340617895126343,hold3,drive,2.4,0.26,0.33099999999999996,8582.4,8590.0,10.4,0.166,16.7,1.6125194058028955,-0.062102293383585305,-3.8157328843059304,2.8051151920106596,13.589438500358256,2.5543286511601075,-1.12303798356644,1787260303.7266297
20.360369443893433,hold3,drive,2.4,0.26,0.33099999999999996,8582.4,8593.0,10.5,0.166,16.7,1.580626054378379,-0.16455457918138094,-3.800690336674961,2.5729548324498532,13.621454863174145,2.4902490393029604,-1.0748019886163944,1787260303.7565157
20.38059091567993,hold3,drive,2.4,0.26,0.33099999999999996,8582.4,8598.0,10.42,0.164,16.7,1.5660622916411717,0.19897220561143314,-3.9408226664705523,2.462799564285903,13.638038952761319,2.459528448515356,-1.0520638208175812,1787260303.772343
20.400399208068848,hold3,drive,2.4,0.26,0.33099999999999996,8582.4,8581.0,10.76,0.165,16.7,1.5827042521350223,-0.2431707258974214,-3.608443233343678,2.322937474426531,13.6567726460953,2.4270188320984882,-1.027685255203842,1787260303.7880733
20.420456886291504,hold3,drive,2.4,0.26,0.33099999999999996,8582.4,8585.0,10.63,0.164,16.7,1.5228343934592234,0.004560403567229532,-4.270877538915357,2.2126434543574613,13.656668369562878,2.402713707626263,-1.0050479041448495,1787260303.8078158
20.44049906730652,hold3,drive,2.4,0.26,0.33099999999999996,8582.4,8596.0,10.37,0.165,16.7,1.528219305183364,0.08497422656300557,-3.8974898264989406,2.3970215872947005,13.682611239192346,2.3625020753482278,-0.9743887343163399,1787260303.8265564
20.460482835769653,hold3,drive,2.4,0.26,0.33099999999999996,8582.4,8577.0,10.8,0.166,16.7,1.5767494239376052,0.1256241994255678,-3.7506615574125135,2.328218038889649,13.709966149144835,2.3228220171354397,-0.9437629244345273,1787260303.847752
20.480445384979248,hold3,drive,2.4,0.26,0.33099999999999996,8582.4,8573.0,10.78,0.165,16.7,1.5443370224166324,-0.17046786862365693,-3.9111179326030765,2.3141152004213232,13.73840382617888,2.284191100157279,-0.9124663324108577,1787260303.868484
20.50039839744568,hold3,drive,2.4,0.26,0.33099999999999996,8582.4,8585.0,10.63,0.167,16.7,1.6006168067849498,0.2674053892880366,-4.004975103384879,2.3860316766091714,13.76838828115534,2.24603837107768,-0.8810400315183285,1787260303.8882434
20.520601272583008,hold3,drive,2.4,0.26,0.33099999999999996,8582.4,8588.0,10.44,0.164,16.7,1.6739630595248767,0.005163881929749703,-3.848119443747123,2.3688196618591046,13.792965460843936,2.20001649115477,-0.84033656184227,1787260303.9166164
20.540874242782593,hold3,drive,2.4,0.26,0.33099999999999996,8582.4,8567.0,10.95,0.165,16.7,1.6062733609402782,-0.359205619150611,-3.693810246634939,2.3111340174323187,13.809073826481471,2.1820127733678127,-0.8232218310392775,1787260303.9277158
20.560792207717896,hold3,drive,2.4,0.26,0.33099999999999996,8582.4,8565.0,10.95,0.164,16.7,1.5050656495081602,0.14858877443194451,-4.333074959192658,2.4548569563997025,13.858723448806245,2.1301637960807622,-0.774713864582699,1787260303.9566147
20.582029819488525,hold3,drive,2.4,0.26,0.33099999999999996,8582.4,8597.0,10.27,0.165,16.7,1.6156088058254419,0.39252689259893003,-3.887687846120656,2.365459290869925,13.875900801338041,2.113323971147491,-0.7601249811583,1787260303.9677675
20.600439071655273,hold3,drive,2.4,0.26,0.33099999999999996,8582.4,8582.0,10.62,0.165,16.7,1.5952944793464265,-0.4329052074651685,-3.957683990608018,2.3734485741672597,13.911996873601664,2.079529969345052,-0.727488857852801,1787260303.9883354
20.620442628860474,hold3,drive,2.4,0.26,0.33099999999999996,8582.4,8585.0,10.64,0.166,16.7,1.5307497076931027,0.014547553395991564,-4.1904514230617735,2.3359755374676983,13.943884797875393,2.035619959423994,-0.6850360154897491,1787260304.016558
20.64084506034851,hold3,drive,2.4,0.26,0.33099999999999996,8582.4,8574.0,10.7,0.163,16.7,1.5766777849042821,0.43708216614517426,-4.158891659949205,2.405988420844578,13.981339120383431,2.0054486737572255,-0.6546913199646502,1787260304.0366316
20.66057300567627,hold3,drive,2.4,0.26,0.33099999999999996,8582.4,8587.0,10.6,0.165,16.7,1.6704840390348517,0.16322430101844532,-3.766694038695789,2.335509028595579,14.000394873724515,1.9908149665322616,-0.6386968074019999,1787260304.0476983
20.682989835739136,hold3,drive,2.4,0.26,0.33099999999999996,8582.4,8582.0,10.59,0.165,16.7,1.5934556997717813,-0.14786763912193468,-4.016808406567719,2.3686468409676307,14.041773315221247,1.9606255918152067,-0.6035163826757345,1787260304.0690105
20.701099395751953,hold3,drive,2.4,0.26,0.33099999999999996,8582.4,8587.0,10.64,0.167,16.7,1.5674029269339176,0.228946423041819,-3.8926401456293434,2.424935616882921,14.08311954664133,1.9187550954572667,-0.5608544412080546,1787260304.0965686
20.72074794769287,hold3,drive,2.4,0.26,0.33099999999999996,8582.4,8578.0,10.56,0.166,16.7,1.5921760508679983,-0.11931239481070666,-3.9918030801211444,2.3400046270933053,14.103659298088884,1.9058287039556563,-0.5452056592315397,1787260304.1078994
20.740697145462036,hold3,drive,2.4,0.26,0.33099999999999996,8582.4,8595.0,10.51,0.166,16.7,1.5408920903885603,-0.22468603189990333,-3.7091887168195115,2.4677148151106905,14.14476141379232,1.881329190852162,-0.5135544962521631,1787260304.1265817
20.760518550872803,hold3,drive,2.4,0.26,0.33099999999999996,8582.4,8592.0,10.45,0.165,16.7,1.4961649656709521,0.055492879183695276,-3.9057425870238376,2.3611714221216613,14.186803828931485,1.8580321072749817,-0.4824713420961961,1787260304.147736
20.78134512901306,hold3,drive,2.4,0.26,0.33099999999999996,8582.4,8602.0,10.4,0.165,16.7,1.5810990317879772,0.11174619793179552,-3.591379887896778,2.3797411260852943,14.233379525289834,1.8341126818772446,-0.4496304614053279,1787260304.1696084
20.8006911277771,hold3,drive,2.4,0.26,0.33099999999999996,8582.4,8583.0,10.6,0.166,16.7,1.60895050362608,-0.12176979692906276,-4.060524531541745,2.3800478394395395,14.275134599011858,1.8143282975666444,-0.41952335770700905,1787260304.1889813
20.820721864700317,hold3,drive,2.4,0.26,0.33099999999999996,8582.4,8595.0,10.5,0.167,16.7,1.5892331247054061,0.1848984685653221,-4.334633826952285,2.595508166332208,14.340595583677722,1.778132054387366,-0.3697191905018712,1787260304.2166317
20.840497255325317,hold3,drive,2.4,0.26,0.33099999999999996,8582.4,8581.0,10.58,0.164,16.7,1.5938840692331206,-0.03361772729457968,-3.3824948240755077,2.47570729521127,14.363030748878794,1.769430701168361,-0.3539211894089083,1787260304.2275887
20.86059069633484,hold3,drive,2.4,0.26,0.33099999999999996,8582.4,8591.0,10.58,0.166,16.7,1.5381527628913045,0.11947000468810565,-4.25801775698082,2.5082801741501646,14.430919282375976,1.7455714567391032,-0.3061555939202905,1787260304.2565734
20.880574226379395,hold3,drive,2.4,0.26,0.33099999999999996,8582.4,8597.0,10.4,0.167,16.7,1.56376624730736,0.12648138300433587,-4.335945649840028,2.3004975463995674,14.457731227620023,1.7370858779178446,-0.28843467005699674,1787260304.2720623
20.9006028175354,hold3,drive,2.4,0.26,0.33099999999999996,8582.4,8602.0,10.29,0.166,16.7,1.5802359012786824,0.051109203148983706,-4.151437336755805,2.4171344583778915,14.49996301928756,1.7248135232666546,-0.2598272755130982,1787260304.28779
20.92059063911438,hold3,drive,2.4,0.26,0.33099999999999996,8582.4,8576.0,10.81,0.165,16.7,1.5831395458151958,-0.10334129102185852,-4.046322228835976,2.4389058629925295,14.552202542368532,1.7066121172074662,-0.2150916733915446,1787260304.316681
20.94110345840454,hold3,drive,2.4,0.26,0.33099999999999996,8582.4,8576.0,10.76,0.167,16.7,1.5855771371609453,0.22789348563816247,-4.099950261847255,2.4436704406968657,14.598876405939919,1.6967944038702643,-0.18359301792283972,1787260304.3366115
20.960514068603516,hold3,drive,2.4,0.26,0.33099999999999996,8582.4,8592.0,10.38,0.165,16.7,1.6701339665095607,0.18335264740617774,-3.786730401068354,2.467146523663896,14.646248626597156,1.6883834424033706,-0.1517713845958558,1787260304.356556
20.980393171310425,hold3,drive,2.4,0.26,0.33099999999999996,8582.4,8584.0,10.54,0.164,16.7,1.6688058480739383,-0.2525961090264808,-3.530669414623503,2.3686246584951958,14.670178588115018,1.6847234459812948,-0.13455432623721394,1787260304.3678749
21.000638246536255,hold3,drive,2.4,0.26,0.33099999999999996,8582.4,8573.0,10.84,0.164,16.7,1.5556542586269786,-0.304916850742341,-3.7866502942104887,2.961132432896197,14.760679461369193,1.6664100529354529,-0.07404824462169914,1787260304.3965807
21.020532846450806,hold3,drive,2.4,0.26,0.33099999999999996,8582.4,8583.0,10.73,0.166,16.7,1.4967648427064926,0.41785268302206546,-4.31588063610954,2.70978594412472,14.784611501117327,1.664609577920755,-0.059616732340144876,1787260304.4078836
21.04080581665039,hold3,drive,2.4,0.26,0.33099999999999996,8582.4,8596.0,10.28,0.166,16.7,1.6498812922097805,0.022300253621507782,-3.441431836765531,2.648973360465406,14.832509685288258,1.6621214813370921,-0.02942342876562285,1787260304.426596
21.061031818389893,hold3,drive,2.4,0.26,0.33099999999999996,8582.4,8577.0,10.79,0.166,16.7,1.5599243711188115,-0.4137318941598238,-3.934828977809616,2.4512311094764576,14.880566272244687,1.6610834165499968,0.0028294750860946775,1787260304.447732
21.080641269683838,hold3,drive,2.4,0.26,0.33099999999999996,8582.4,8583.0,10.58,0.166,16.7,1.5676937441249543,0.2893170268907568,-4.0043447735105815,2.4279532540666673,14.931783931030967,1.66167149503265,0.03657415049041295,1787260304.4690197
21.101436853408813,hold3,drive,2.4,0.26,0.33099999999999996,8582.4,8571.0,10.76,0.165,16.7,1.6494993949094632,0.030826748361187706,-3.591261481774751,3.184821990804615,14.976387249709976,1.6636297334956656,0.0657362001130478,1787260304.4865506
21.121333837509155,hold3,drive,2.4,0.26,0.33099999999999996,8582.4,8579.0,10.63,0.167,16.7,1.6495850155385092,-0.13233321272571086,-3.9675435660629432,2.5254758234455688,15.017660801190882,1.6633198318611957,0.10705564649758634,1787260304.5166116
21.141270637512207,hold3,drive,2.4,0.26,0.33099999999999996,8582.4,8568.0,10.79,0.164,16.7,1.5606655288501807,-0.19636822109941932,-3.8360218464054867,2.4850660203864363,15.065521648192293,1.6688410911277023,0.14017705235754982,1787260304.536773
21.161169052124023,hold3,drive,2.4,0.26,0.33099999999999996,8582.4,8594.0,10.47,0.167,16.7,1.5575317871954844,0.32771810569953885,-4.117091667626454,2.4067482106329594,15.11261382250507,1.6758061894949865,0.17058685583647198,1787260304.5574636
21.18048620223999,hold3,drive,2.4,0.26,0.33099999999999996,8582.4,8574.0,10.8,0.169,16.7,1.6104085843228986,-0.2635510142003561,-3.820581395732347,2.4553368810892957,15.16082919895679,1.6845080449660925,0.2024701564185962,1787260304.5769322
21.20108652114868,hold3,drive,2.4,0.26,0.33099999999999996,8582.4,8587.0,10.45,0.165,16.7,1.5642320341820146,-0.3549904342966421,-4.018166714821888,2.3515317916294434,15.185546834543311,1.6895820804137958,0.2196632434300946,1787260304.5888948
21.221197366714478,hold3,drive,2.4,0.26,0.33099999999999996,8582.4,8580.0,10.61,0.167,16.7,1.5783973880201463,0.20501234309369565,-3.821883570713851,2.6043107403083736,15.265326415403969,1.698142550875156,0.26859970050810833,1787260304.617501
21.240620136260986,hold3,drive,2.4,0.26,0.33099999999999996,8582.4,8587.0,10.53,0.164,16.7,1.613751117807057,-7.526463219598156e-05,-3.809902332968676,2.5423248001747814,15.311713267269862,1.7113072057291656,0.30032286800967717,1787260304.6367795
21.260417938232422,hold3,drive,2.4,0.26,0.33099999999999996,8582.4,8574.0,10.79,0.166,16.7,1.6211931883152289,0.15677818402704702,-4.229110875723251,2.511248319103522,15.357541316223918,1.7259118289297906,0.332825702858119,1787260304.6566312
21.280463457107544,hold3,drive,2.4,0.26,0.33099999999999996,8582.4,8590.0,10.41,0.166,16.7,1.6174719533240614,0.10036906895210507,-4.104323979342382,2.3996323142410847,15.380165651067017,1.733737367365218,0.34906155831950225,1787260304.6678221
21.30073356628418,hold3,drive,2.4,0.26,0.33099999999999996,8582.4,8579.0,10.71,0.166,16.7,1.595355066261226,-0.14434284601311287,-3.5023703514590068,2.328702425030956,15.425054892912172,1.7504520885530994,0.38131933253162054,1787260304.6881335
21.32041645050049,hold3,drive,2.4,0.26,0.33099999999999996,8582.4,8588.0,10.49,0.165,16.7,1.5180328471718652,0.0012168741513876036,-4.125747593687834,2.528756994923457,15.495799688741432,1.7659136318815156,0.42703307006979074,1787260304.7165127
21.34071946144104,hold3,drive,2.4,0.26,0.33099999999999996,8582.4,8595.0,10.5,0.165,16.7,1.6045853162833315,0.3486474841208249,-3.754840562618085,2.5078387439789918,15.539395868026968,1.7861263493574908,0.45701849042162956,1787260304.7365346
21.360572338104248,hold3,drive,2.4,0.26,0.33099999999999996,8582.4,8595.0,10.33,0.165,16.7,1.589435258632143,-0.14850008861199715,-3.7667744379144494,2.409775679368164,15.561143123402939,1.7968248394823687,0.4736109279719456,1787260304.7476473
21.380897283554077,hold3,drive,2.4,0.26,0.33099999999999996,8582.4,8578.0,10.83,0.165,16.7,1.589435258632143,-0.14850008861199715,-3.7667744379144494,2.4568566394910043,15.610152241349622,1.8224981445900688,0.5102808339263395,1787260304.769807
21.40042018890381,hold3,drive,2.4,0.26,0.33099999999999996,8582.4,8583.0,10.57,0.167,16.7,1.5539425118363301,0.17381667880636087,-4.326495671859078,2.3475486177398968,15.645434633586461,1.8425522602861475,0.5369936171524042,1787260304.787991
21.42053723335266,hold3,drive,2.4,0.26,0.33099999999999996,8582.4,8589.0,10.44,0.166,16.7,1.676328479205085,0.1385599038040901,-3.772745322433366,2.294363481957406,15.689013495773303,1.8590117397170756,0.5765927362314269,1787260304.816575
21.44333291053772,hold3,drive,2.4,0.26,0.33099999999999996,8582.4,8589.0,10.51,0.165,16.7,1.6286122224799717,-0.223393906820732,-3.814273126855852,2.1924731748604342,15.709382065047352,1.8722498815146527,0.5940746201917382,1787260304.8290026
21.461406469345093,hold3,drive,2.4,0.26,0.33099999999999996,8582.4,8585.0,10.6,0.165,16.7,1.5307916524802712,0.11348779118837804,-4.261583973959802,2.474467925242803,15.768257216578832,1.9134220898092276,0.6431079838510033,1787260304.8566043
21.480390071868896,hold3,drive,2.4,0.26,0.33099999999999996,8582.4,8568.0,10.88,0.165,16.7,1.6053906561969715,0.2001519727825265,-3.964502429072013,2.361362277442358,15.79005680696373,1.9297273573974074,0.6599484533830448,1787260304.8695834
21.50053334236145,hold3,drive,2.4,0.26,0.33099999999999996,8582.4,8584.0,10.45,0.164,16.7,1.635916740717841,-0.29500033802256453,-3.791363442588761,2.252371819553834,15.827239860670586,1.9588394476053854,0.6903703075094356,1787260304.888763
21.520448207855225,hold3,drive,2.4,0.26,0.33099999999999996,8582.4,8585.0,10.64,0.166,16.7,1.551491871001239,-0.06044413258891268,-4.138479906315695,2.5549052046223615,15.891426662414148,1.9970624303467486,0.7403327048443984,1787260304.916773
21.54049253463745,hold3,drive,2.4,0.26,0.33099999999999996,8582.4,8588.0,10.45,0.166,16.7,1.6060861407156457,0.2559014305409093,-4.052217976630544,2.5169927214377608,15.926642695880892,2.029706151257284,0.7709002702100454,1787260304.936603
21.560709476470947,hold3,drive,2.4,0.26,0.33099999999999996,8582.4,8569.0,10.85,0.167,16.7,1.6730952684836742,-0.17192853970122002,-3.710271913565464,2.4958547565375717,15.960739758462307,2.063374089387936,0.8032163675965075,1787260304.9565506
21.584388494491577,hold3,drive,2.4,0.26,0.33099999999999996,8582.4,8589.0,10.37,0.164,16.7,1.6287156862883212,-0.200273540055651,-4.112542826015044,2.3903021572607037,15.977509805284482,2.080771544545613,0.8204418908789364,1787260304.9678211
21.600598335266113,hold3,drive,2.4,0.26,0.33099999999999996,8582.4,8589.0,10.58,0.166,16.7,1.5697674145077445,-0.019500528989017774,-3.734420038160721,2.3843085490382174,16.009994503064465,2.1161908211547824,0.8532595519694726,1787260304.9878666
21.620650053024292,hold3,drive,2.4,0.26,0.33099999999999996,8582.4,8572.0,10.62,0.161,16.7,1.5562641225166067,0.1879031883647091,-4.097038933049362,2.360021011632354,16.055040422246943,2.154199873614375,0.8975452228412654,1787260305.016558
21.641517400741577,hold3,drive,2.4,0.26,0.33099999999999996,8582.4,8585.0,10.73,0.168,16.7,1.605732739238992,0.30681770754206994,-3.6815983362224074,2.30256914862619,16.070119068200064,2.1730934797604324,0.9131503349410109,1787260305.0277052
21.661463499069214,hold3,drive,2.4,0.26,0.33099999999999996,8582.4,8584.0,10.52,0.167,16.7,1.5172790394253184,-0.2895219718081421,-4.074915114599577,2.3588738401264857,16.113117310104517,2.230602312617207,0.9604890191143273,1787260305.057571
21.680404663085938,hold3,drive,2.4,0.26,0.33099999999999996,8582.4,8587.0,10.52,0.167,16.7,1.609663831324058,0.05997272364745454,-3.486886339027393,2.452599723309126,16.12697461288135,2.2504161111517464,0.9757938081481973,1787260305.0666223
21.7011935710907,hold3,drive,2.4,0.26,0.33099999999999996,8582.4,8580.0,10.61,0.163,16.7,1.621530344509233,-0.14542297297071638,-4.29626468856037,2.3155873093653323,16.153587881600508,2.290319726413553,1.0079511733934,1787260305.087886
21.720505952835083,hold3,drive,2.4,0.26,0.33099999999999996,8582.4,8590.0,10.6,0.166,16.7,1.6290736151388279,0.19817124666807828,-4.179409540551347,2.1468248735242144,16.18082104746009,2.3152374511389886,1.037840193822136,1787260305.1083598
21.74065327644348,hold3,drive,2.4,0.26,0.33099999999999996,8582.4,8588.0,10.39,0.165,16.7,1.5920953570869687,-0.23194761623911475,-3.839085495177642,2.318728224515501,16.204856461108644,2.3567195967336434,1.0703296194162002,1787260305.1275752
21.76103663444519,hold3,drive,2.4,0.26,0.33099999999999996,8582.4,8583.0,10.69,0.166,16.7,1.5463710116991805,-0.12828830976235484,-3.9714068216097758,2.454018788312231,16.23839193922073,2.4204215638343958,1.118284637530584,1787260305.1566246
21.78085446357727,hold3,drive,2.4,0.26,0.33099999999999996,8582.4,8565.0,10.76,0.167,16.7,1.5106380477730423,-0.04874438347179755,-4.170426755121014,2.3825071678846,16.254520172098168,2.4535620356081194,1.1417876891326457,1787260305.1732593
21.800457000732422,hold3,drive,2.4,0.26,0.33099999999999996,8582.4,8586.0,10.61,0.167,16.7,1.5862294784699602,0.0746227769109633,-4.090365213178956,2.863544572573706,16.293910861737167,2.5147921006157046,1.1850552265579775,1787260305.1966748
21.820727586746216,hold3,drive,2.4,0.26,0.33099999999999996,8582.4,8582.0,10.48,0.164,16.7,1.5876613270300413,-0.2454740538767446,-4.011332781235751,2.6510792449899085,16.302943954905146,2.537055330714434,1.2012327851529954,1787260305.207822
21.840648412704468,tr4,drive,2.8,0.26,0.33099999999999996,10012.8,8564.0,11.0,0.166,16.7,1.5910155784229962,0.037218447415523936,-4.00982215300732,2.6205232206643094,16.319910706012237,2.581912824773092,1.2329529746644783,1787260305.2265682
21.860538959503174,tr4,drive,2.8,0.26,0.33099999999999996,10012.8,8592.0,12.66,0.179,16.7,1.6285300639603428,0.12185847361273527,-3.6225929111063238,2.439373173920712,16.33544661171701,2.627313542843709,1.2648090650088508,1787260305.2476273
21.88038206100464,tr4,drive,2.8,0.26,0.33099999999999996,10012.8,8729.0,21.36,0.189,16.7,1.7056152617126865,-1.4105389487595659,-3.849800225958319,2.4149201994252527,16.350541368904683,2.6765435646496583,1.2995349729143089,1787260305.2691562
21.900506019592285,tr4,drive,2.8,0.26,0.33099999999999996,10012.8,8833.0,25.92,0.192,16.7,1.5603515421576604,-2.677354207716178,-3.3882575477082923,2.4301153801327877,16.36285623524138,2.7219913866631136,1.3322032318019803,1787260305.2884395
21.920804977416992,tr4,drive,2.8,0.26,0.33099999999999996,10012.8,8906.0,27.72,0.185,16.7,1.4600082928153821,-2.7070621575524,-3.713102258423106,2.5091660730244403,16.38847638425079,2.7840765791458124,1.377897419988275,1787260305.31657
21.94055700302124,tr4,drive,2.8,0.26,0.33099999999999996,10012.8,9013.0,22.78,0.19,16.7,1.4947102139254962,-1.5053924851311677,-3.695203053462933,2.449358410589409,16.39347599031569,2.8090638975489943,1.392014398160737,1787260305.3276024
21.960650205612183,tr4,drive,2.8,0.26,0.33099999999999996,10012.8,9119.0,21.36,0.191,16.7,1.4721851974256062,-1.6044722429767546,-4.062190110991594,2.5565556023876495,16.405783277298433,2.8826889924062393,1.4365509502353213,1787260305.3564951
21.981412172317505,tr4,drive,2.8,0.26,0.33099999999999996,10012.8,9190.0,20.83,0.186,16.7,1.5511460595336926,-1.0724211310361014,-4.258507753673456,2.4681502170864023,16.409477931486464,2.9089648534879236,1.4513391578838413,1787260305.3682263
22.00086998939514,tr4,drive,2.8,0.26,0.33099999999999996,10012.8,9252.0,20.68,0.191,16.7,1.63453456011209,-0.9736639933279392,-4.654306090479679,2.4996028632756464,16.415400890661893,2.9605836078027825,1.4827827196726315,1787260305.3884454
22.02073359489441,tr4,drive,2.8,0.26,0.33099999999999996,10012.8,9380.0,18.56,0.191,16.7,1.6092778061240511,-1.623786912726544,-3.963131841664449,2.373150410380016,16.42513705252723,3.012278469714327,1.5271601623671696,1787260305.4165173
22.040517807006836,tr4,drive,2.8,0.26,0.33099999999999996,10012.8,9462.0,18.27,0.191,16.7,1.4874411157301248,-0.97525143935529,-4.093139132403138,2.5309495828095523,16.42719047874897,3.0650140741053744,1.5593575428288056,1787260305.4366097
22.06054401397705,tr4,drive,2.8,0.26,0.33099999999999996,10012.8,9503.0,18.19,0.192,16.7,1.529182171075482,-1.1602251908253578,-4.258170369315877,2.6225767916935823,16.427604645343887,3.1180106622349957,1.5884798557925077,1787260305.4565752
22.083017826080322,tr4,drive,2.8,0.26,0.33099999999999996,10012.8,9600.0,16.78,0.192,16.7,1.5293588718138087,-1.102844780098799,-4.091242295564342,2.530500459704821,16.427194761913313,3.148597862438435,1.605915222668676,1787260305.4697852
22.10077476501465,tr4,drive,2.8,0.26,0.33099999999999996,10012.8,9656.0,16.37,0.195,16.7,1.511075871456251,-0.8087624184278397,-4.009383611814627,2.636304354461731,16.425181844983207,3.1993784662961837,1.6348879869452768,1787260305.4886055
22.120405673980713,tr4,drive,2.8,0.26,0.33099999999999996,10012.8,9672.0,16.42,0.192,16.7,1.5814180784865686,-0.9774279923848255,-4.4731476473860425,2.6266326650433887,16.43162310426228,3.2645815464922707,1.675867511567905,1787260305.5165339
22.14059805870056,tr4,drive,2.8,0.26,0.33099999999999996,10012.8,9756.0,15.51,0.194,16.7,1.6079029492112975,-0.6585543854595244,-4.659337619763846,2.5806708113470123,16.428795093667976,3.2922931998434404,1.6921624188814615,1787260305.5277958
22.160497188568115,tr4,drive,2.8,0.26,0.33099999999999996,10012.8,9807.0,14.71,0.193,16.7,1.5838574008870268,-0.796908576899142,-3.9300266593888296,2.6507107748292054,16.421880967873722,3.346274520551695,1.7241939366926502,1787260305.5477123
22.180537700653076,tr4,drive,2.8,0.26,0.33099999999999996,10012.8,9821.0,15.0,0.195,16.7,1.5416319165393844,-0.6427951884294956,-5.065073592357294,2.600739582296114,16.412554733655544,3.4040216460311705,1.7582146924400384,1787260305.5708005
22.20043921470642,tr4,drive,2.8,0.26,0.33099999999999996,10012.8,9872.0,14.43,0.195,16.7,1.5273697567956286,-0.5212112872847605,-4.320705466311551,2.7497286396973006,16.402738074857833,3.4542697225421115,1.787096246490578,1787260305.5896723
22.220563888549805,tr4,drive,2.8,0.26,0.33099999999999996,10012.8,9923.0,13.58,0.194,16.7,1.54658592879915,-0.4359388892558229,-4.1978803108659974,2.8927614914802957,16.39918248249414,3.528767303568458,1.8292624945937217,1787260305.6166077
22.240824222564697,tr4,drive,2.8,0.26,0.33099999999999996,10012.8,9931.0,13.69,0.193,16.7,1.5774194752678692,-0.4415567481146212,-4.611109198277802,2.918653163293791,16.384655812623173,3.582378141825249,1.8603016947608009,1787260305.6367416
22.260398864746094,tr4,drive,2.8,0.26,0.33099999999999996,10012.8,9953.0,13.7,0.195,16.7,1.5895256729511513,-0.14073111211283962,-4.891348130119013,2.81862922859663,16.376668908137937,3.609425522017111,1.876256586739923,1787260305.6476505
22.282503604888916,tr4,drive,2.8,0.26,0.33099999999999996,10012.8,10003.0,12.81,0.192,16.7,1.6548799124178049,-0.42082493250064346,-4.011996732601489,2.908898402808958,16.359616506598723,3.662241567289902,1.9079372318472012,1787260305.6665928
22.300642251968384,tr4,drive,2.8,0.26,0.33099999999999996,10012.8,10018.0,12.82,0.19,16.7,1.5978935914122894,-0.15151924372564363,-5.023549588625144,2.7643928995312925,16.340757174749527,3.714873710466549,1.9407347994567528,1787260305.6877854
22.321696043014526,tr4,drive,2.8,0.26,0.33099999999999996,10012.8,10013.0,13.19,0.194,16.7,1.5978935914122894,-0.15151924372564363,-5.023549588625144,2.680587084138343,16.334966356272556,3.765174284873634,1.9698987344034373,1787260305.708265
22.34099578857422,tr4,drive,2.8,0.26,0.33099999999999996,10012.8,10056.0,12.24,0.194,16.7,1.6135488507222655,-0.2817692578782136,-4.3413797599390875,2.768735991117807,16.31287955218443,3.816500701659477,2.0018418404319434,1787260305.7277617
22.360586881637573,tr4,drive,2.8,0.26,0.33099999999999996,10012.8,10077.0,12.02,0.193,16.7,1.5530447602328643,-0.27010947082728265,-4.967996944499532,2.891184762138668,16.27656484938821,3.8923493505710236,2.050215084537053,1787260305.7566278
22.381990432739258,tr4,drive,2.8,0.26,0.33099999999999996,10012.8,10038.0,12.73,0.196,16.7,1.5417950351561518,-0.28150112648398107,-4.593692680990387,2.7714010342103976,16.26345611189243,3.917693571216623,2.065492577969975,1787260305.7680783
22.400577306747437,tr4,drive,2.8,0.26,0.33099999999999996,10012.8,10089.0,11.98,0.192,16.7,1.642448542765424,0.10669013774966185,-4.900214848313681,2.777770890376404,16.236544570013653,3.9667146796877204,2.096281401879977,1787260305.7879431
22.420768976211548,tr4,drive,2.8,0.26,0.33099999999999996,10012.8,10087.0,12.07,0.194,16.7,1.5524861621942203,-0.5282209297087697,-4.371708391743368,2.8954223325270076,16.220504500840754,4.012995804421328,2.1277923673112973,1787260305.8067276
22.44041347503662,tr4,drive,2.8,0.26,0.33099999999999996,10012.8,10067.0,12.13,0.191,16.7,1.5191126258358378,-0.21356250763743745,-4.137741695307994,2.8814583531216558,16.1750423644133,4.083620488980243,2.174124436793871,1787260305.8365254
22.46039128303528,tr4,drive,2.8,0.26,0.33099999999999996,10012.8,10108.0,11.9,0.194,16.7,1.5995215817866548,0.05886194448773674,-4.422692021362707,2.8953846893972184,16.142724940850748,4.129816476141959,2.2043751159962017,1787260305.8565514
22.480898141860962,tr4,drive,2.8,0.26,0.33099999999999996,10012.8,10117.0,11.45,0.192,16.7,1.563099924402622,-0.16930083741970137,-4.958368918794349,2.7982276303251847,16.125809861802153,4.152875716450461,2.220871527674464,1787260305.8676724
22.50148034095764,tr4,drive,2.8,0.26,0.33099999999999996,10012.8,10089.0,11.94,0.189,16.7,1.6181413388640529,0.04768228695260612,-4.612064633356283,2.61331151031194,16.08746152035971,4.218964206189641,2.265524530720854,1787260305.897769
22.520488500595093,tr4,drive,2.8,0.26,0.33099999999999996,10012.8,10109.0,11.98,0.194,16.7,1.6181413388640529,0.04768228695260612,-4.612064633356283,2.6186845730608663,16.069189525151057,4.240903614538596,2.2821231408292673,1787260305.90862
22.542676210403442,tr4,drive,2.8,0.26,0.33099999999999996,10012.8,10120.0,11.42,0.195,16.7,1.6267088612488922,-0.21217079716242537,-4.06407554575938,2.7936326401011815,16.03199780774051,4.283380769849283,2.314921458647485,1787260305.9276545
22.560701847076416,tr4,drive,2.8,0.26,0.33099999999999996,10012.8,10092.0,11.84,0.193,16.7,1.6194003482693877,-0.1395675526933262,-4.535921018429747,2.913322286121648,15.993364637648586,4.324687408658394,2.3475542081771485,1787260305.946625
22.582399606704712,tr4,drive,2.8,0.26,0.33099999999999996,10012.8,10123.0,11.54,0.193,16.7,1.606038470132133,0.11656317093743773,-4.3460019841100745,2.7863873306362064,15.952145432367988,4.365933148271178,2.3810546428951125,1787260305.9684088
22.60042452812195,tr4,drive,2.8,0.26,0.33099999999999996,10012.8,10129.0,11.33,0.194,16.7,1.5541795331733472,-0.15224957926442517,-4.793795518886782,2.9820720104285487,15.891182050520982,4.422188278456183,2.428224941793978,1787260305.996659
22.621079444885254,tr4,drive,2.8,0.26,0.33099999999999996,10012.8,10099.0,11.72,0.189,16.7,1.6059656326763196,0.006499472836509312,-4.809111131500401,2.8742399862098993,15.871406585217994,4.449018010934462,2.452889678845817,1787260306.0166059
22.641216278076172,tr4,drive,2.8,0.26,0.33099999999999996,10012.8,10094.0,12.1,0.195,16.7,1.623057800552448,0.21133340275497758,-5.101566066805276,2.78500425998096,15.849556547762354,4.467015109340804,2.469196581348009,1787260306.0275915
22.66085720062256,tr4,drive,2.8,0.26,0.33099999999999996,10012.8,10113.0,11.31,0.191,16.7,1.6158847093143742,-0.3172218049779225,-3.6413785539973276,2.9034632466062504,15.805087167907395,4.501848848407974,2.5016031277073982,1787260306.046606
22.68082094192505,tr4,drive,2.8,0.26,0.33099999999999996,10012.8,10113.0,11.31,0.191,16.7,1.6158847093143742,-0.3172218049779225,-3.6413785539973276,2.908648634370743,15.759482616360755,4.535251063105461,2.533949539699071,1787260306.0666058
22.700482606887817,tr4,drive,2.8,0.26,0.33099999999999996,10012.8,10089.0,12.02,0.193,16.7,1.5399795582410447,-0.030372047382357437,-4.25203810163805,2.766696494562758,15.712906985803848,4.567125157239782,2.56584481416372,1787260306.0876758
22.72050380706787,tr4,drive,2.8,0.26,0.33099999999999996,10012.8,10120.0,11.19,0.193,16.7,1.6128676141154232,0.07563402092435201,-4.521235150968835,2.9538425801834407,15.64765060063023,4.620878107682919,2.6125342994639835,1787260306.116532
22.74059009552002,tr4,drive,2.8,0.26,0.33099999999999996,10012.8,10114.0,11.43,0.191,16.7,1.6166009664895509,0.0008815774326116355,-5.452261026664587,2.8387074979860594,15.622941340211971,4.6353287337225995,2.6291722836616387,1787260306.1276698
22.760862588882446,tr4,drive,2.8,0.26,0.33099999999999996,10012.8,10068.0,12.29,0.194,16.7,1.6265935463736918,-0.18777277717753194,-4.571715335298961,2.7903267484362537,15.573462111735104,4.662648460298223,2.6614674709764925,1787260306.148149
22.782226085662842,tr4,drive,2.8,0.26,0.33099999999999996,10012.8,10108.0,11.33,0.19,16.7,1.7044171055382595,0.15485364600291263,-4.717036192125704,2.9292600473227037,15.52314632717076,4.688319066446682,2.694043920553998,1787260306.1667292
22.800493240356445,tr4,drive,2.8,0.26,0.33099999999999996,10012.8,10105.0,11.41,0.194,16.7,1.6056085027741398,-0.4338040341846927,-4.61412285335399,2.772849100539396,15.472209085999657,4.712286773331069,2.7274410470016637,1787260306.1877446
22.82041025161743,tr4,drive,2.8,0.26,0.33099999999999996,10012.8,10069.0,11.84,0.193,16.7,1.514401360709433,-0.2576666319316985,-4.680339065121132,2.7775549475020425,15.410873416157825,4.749909104490174,2.772826901176818,1787260306.2167206
22.840604305267334,tr4,drive,2.8,0.26,0.33099999999999996,10012.8,10104.0,11.49,0.193,16.7,1.58293980873344,0.07907543638891301,-4.550284704294427,2.7088874053563154,15.385014906235133,4.7599153234462825,2.787287130630831,1787260306.2275996
22.8609402179718,tr4,drive,2.8,0.26,0.33099999999999996,10012.8,10106.0,11.28,0.191,16.7,1.5850508965295458,-0.04768967363082055,-5.3470339445602235,2.861600203534147,15.331592102280256,4.779219832148219,2.8187776386470857,1787260306.246741
22.880693912506104,tr4,drive,2.8,0.26,0.33099999999999996,10012.8,10106.0,11.28,0.191,16.7,1.5850508965295458,-0.04768967363082055,-5.3470339445602235,2.84349591866536,15.264079226639819,4.801105597197295,2.858599741545482,1787260306.2719517
22.90059781074524,tr4,drive,2.8,0.26,0.33099999999999996,10012.8,10091.0,11.68,0.191,16.7,1.6278762579127282,0.21495608191251847,-4.724918823883968,2.7463558632105163,15.224036646922169,4.8124952831108985,2.882102896440077,1787260306.2876801
22.921013593673706,tr4,drive,2.8,0.26,0.33099999999999996,10012.8,10095.0,11.35,0.191,16.7,1.534566550167404,-0.12929777677028564,-4.71369216935102,2.9428927879929256,15.166058034146376,4.837393906268016,2.9170053119176025,1787260306.30767
22.94037890434265,tr4,drive,2.8,0.26,0.33099999999999996,10012.8,10073.0,11.62,0.189,16.7,1.5594769600556782,-0.02360331025353446,-4.238711711874487,2.9374901419552035,15.08345932496327,4.854913150198617,2.963376027992119,1787260306.336538
22.9604971408844,tr4,drive,2.8,0.26,0.33099999999999996,10012.8,10094.0,11.59,0.193,16.7,1.6449336715366314,0.43385106772760906,-5.273511636522812,2.812417104175481,15.0555238634159,4.859933662083961,2.979235970139025,1787260306.3477986
22.98252773284912,tr4,drive,2.8,0.26,0.33099999999999996,10012.8,10099.0,11.28,0.191,16.7,1.6449336715366314,0.43385106772760906,-5.273511636522812,2.8307410762162957,14.989093218168303,4.870185611328174,3.0179944524619056,1787260306.3715997
23.001206159591675,tr4,drive,2.8,0.26,0.33099999999999996,10012.8,10076.0,11.57,0.187,16.7,1.5853704758603553,0.20692244580357055,-4.415408436873662,2.8691672700666326,14.943768659529537,4.875542906309362,3.0435402750454594,1787260306.3878107
23.02034330368042,tr4,drive,2.8,0.26,0.33099999999999996,10012.8,10077.0,11.9,0.193,16.7,1.6270659911510719,0.34180642424030694,-5.137431719708502,3.0413745794922233,14.857542847527561,4.895357614965142,3.0918124853922424,1787260306.4165227
23.04057216644287,hold4,drive,2.8,0.26,0.33099999999999996,10012.8,10082.0,11.29,0.192,16.7,1.5904407351017025,-0.37532902464117157,-4.564498701432001,2.975649815880671,14.801157885360281,4.897689548940591,3.1246076001343392,1787260306.436565
23.060839414596558,hold4,drive,2.8,0.26,0.33099999999999996,10012.8,10079.0,11.4,0.189,16.7,1.5806146027856915,0.20526432155399732,-4.6914142767622025,2.9645678373620425,14.744754059924151,4.898207773707395,-3.1269422471033685,1787260306.4565854
23.081363201141357,hold4,drive,2.8,0.26,0.33099999999999996,10012.8,10062.0,12.05,0.194,16.7,1.5918559389049707,0.1163529452531904,-4.505218457168496,3.0091250229728406,14.687538782759008,4.896935641220331,-3.094895991334522,1787260306.4768834
23.100466012954712,hold4,drive,2.8,0.26,0.33099999999999996,10012.8,10089.0,11.21,0.191,16.7,1.580910879456963,-0.10561739290213534,-4.231459409990521,2.824974453545819,14.659812163345192,4.895628363468568,-3.0791012178166737,1787260306.4884717
23.120737314224243,hold4,drive,2.8,0.26,0.33099999999999996,10012.8,10088.0,11.31,0.188,16.7,1.6247646204950796,-0.04236717226530118,-4.343601701982067,2.882254429082107,14.602892428013075,4.903327833854006,-3.0462568025662393,1787260306.5083327
23.14080286026001,hold4,drive,2.8,0.26,0.33099999999999996,10012.8,10053.0,12.06,0.193,16.7,1.6100661018067146,-0.21812574801800722,-4.999494727123533,2.8947199181438883,14.54661270514495,4.897493716076777,-3.0138831628283964,1787260306.527719
23.160444974899292,hold4,drive,2.8,0.26,0.33099999999999996,10012.8,10080.0,11.38,0.192,16.7,1.6056194217346091,-0.14588685818983738,-4.5204042615890785,2.9687143374619684,14.49094874937681,4.88987779051626,-2.9816414150773123,1787260306.5466506
23.181116342544556,hold4,drive,2.8,0.26,0.33099999999999996,10012.8,10074.0,11.4,0.191,16.7,1.5639709112371325,-0.14785311244492672,-5.215407852098906,2.807032781271051,14.435378063595492,4.880456968486116,-2.9495112985997367,1787260306.5677783
23.20058274269104,hold4,drive,2.8,0.26,0.33099999999999996,10012.8,10044.0,12.08,0.191,16.7,1.550293315352649,-0.061962681967636435,-4.608649274547588,2.789144905199728,14.380201452267958,4.869272498703343,-2.918033634185243,1787260306.5878563
23.22041130065918,hold4,drive,2.8,0.26,0.33099999999999996,10012.8,10070.0,11.54,0.194,16.7,1.589315283225035,0.03436607728329233,-4.337693967394898,3.0248888082576695,14.313010496616526,4.868261770947229,-2.8853048130933563,1787260306.6082098
23.240405082702637,hold4,drive,2.8,0.26,0.33099999999999996,10012.8,10083.0,11.07,0.191,16.7,1.5586151611269288,-0.24276295567841544,-4.596192365788738,2.989756862041878,14.23203297177274,4.845675770769281,-2.838065146557283,1787260306.6364927
23.260408878326416,hold4,drive,2.8,0.26,0.33099999999999996,10012.8,10044.0,11.89,0.191,16.7,1.5436234284025456,-0.10810200284698812,-5.097525640616595,2.9592801074826998,14.178263571082303,4.828385631640529,-2.806994973686541,1787260306.6565208
23.280654907226562,hold4,drive,2.8,0.26,0.33099999999999996,10012.8,10044.0,11.89,0.191,16.7,1.5436234284025456,-0.10810200284698812,-5.097525640616595,2.8111456258506,14.151566659489818,4.819090221500952,-2.7914934413966406,1787260306.6679866
23.300939083099365,hold4,drive,2.8,0.26,0.33099999999999996,10012.8,10077.0,11.17,0.192,16.7,1.576390829296826,-0.336112441939477,-4.990605789508436,2.7585223059165815,14.09890091794939,4.799430820783333,-2.7597432089195078,1787260306.6877818
23.320706605911255,hold4,drive,2.8,0.26,0.33099999999999996,10012.8,10040.0,11.7,0.188,16.7,1.5368523413310191,-0.1968194068965019,-3.975434968645061,2.861445594573953,14.02629888561397,4.779724673258115,-2.7115623742258195,1787260306.7167714
23.34047222137451,hold4,drive,2.8,0.26,0.33099999999999996,10012.8,10057.0,11.87,0.194,16.7,1.6222179727026915,0.22589826939180568,-4.2275423600573845,2.8802169852128,13.97598785238343,4.75619346845995,-2.681355769779885,1787260306.736483
23.360630989074707,hold4,drive,2.8,0.26,0.33099999999999996,10012.8,10073.0,11.22,0.193,16.7,1.5628796809804726,-0.490745976808757,-4.917965241629133,2.9484315763475943,13.925593616789957,4.730676871556004,-2.648350184204104,1787260306.7565908
23.385369300842285,hold4,drive,2.8,0.26,0.33099999999999996,10012.8,10074.0,11.36,0.189,16.7,1.5648392349105529,0.22807654004101252,-4.5033678133353305,2.8434038091121527,13.889117740861664,4.711095671888312,-2.6256991701184775,1787260306.7725239
23.40047550201416,hold4,drive,2.8,0.26,0.33099999999999996,10012.8,10057.0,12.0,0.195,16.7,1.675835927561475,0.08938522919578684,-5.512911858335656,2.9089611724513222,13.85120749759341,4.68933090555855,-2.601426230327484,1787260306.78815
23.42041254043579,hold4,drive,2.8,0.26,0.33099999999999996,10012.8,10076.0,11.02,0.19,16.7,1.6367995786192024,-0.5578580916874714,-4.309643410906261,2.8245410534813837,13.798845136161061,4.668552175136562,-2.56343932446484,1787260306.8087795
23.44044852256775,hold4,drive,2.8,0.26,0.33099999999999996,10012.8,10068.0,11.32,0.186,16.7,1.5785851408769966,0.2654229638264667,-4.708864123180263,2.971640516969204,13.728962113958836,4.6213026519330835,-2.5141843430809843,1787260306.836545
23.461182355880737,hold4,drive,2.8,0.26,0.33099999999999996,10012.8,10051.0,11.93,0.191,16.7,1.6302197065139434,0.11389378897006353,-4.186347262219755,2.941895097993415,13.683738596356179,4.587988593603018,-2.4829813919085866,1787260306.856538
23.48087787628174,hold4,drive,2.8,0.26,0.33099999999999996,10012.8,10075.0,11.15,0.192,16.7,1.6003912370406201,-0.14727685104517807,-5.125363650807174,2.795877275665169,13.66112190928495,4.570470576658086,-2.466113238218806,1787260306.86819
23.500619173049927,hold4,drive,2.8,0.26,0.33099999999999996,10012.8,10086.0,11.03,0.192,16.7,1.6042284526972606,0.08296627434951098,-4.454690325667968,2.813372798955479,13.617512022409418,4.534958270482798,-2.4340112025177647,1787260306.8879216
23.520400285720825,hold4,drive,2.8,0.26,0.33099999999999996,10012.8,10039.0,12.06,0.192,16.7,1.639629320435466,0.07576091007757535,-5.786869710854319,2.745428054135709,13.583106694072004,4.512068571211304,-2.3923544621058754,1787260306.916509
23.541038990020752,hold4,drive,2.8,0.26,0.33099999999999996,10012.8,10073.0,11.24,0.192,16.7,1.6348010093791525,-0.2132381698803414,-4.366091556147353,2.8188557910208205,13.542301608664312,4.473502869656081,-2.3593907390664626,1787260306.9365056
23.56046414375305,hold4,drive,2.8,0.26,0.33099999999999996,10012.8,10074.0,11.1,0.19,16.7,1.5652644085785838,-0.16671830488103012,-4.541443713849731,2.8657892820838233,13.502415733510347,4.433264577175626,-2.3265363488560356,1787260306.9566362
23.58050560951233,hold4,drive,2.8,0.26,0.33099999999999996,10012.8,10045.0,11.86,0.192,16.7,1.554427606628888,-0.1252546096991507,-4.62215458911777,2.6985646907653975,13.479244375142638,4.408730044200075,-2.3081953738818495,1787260306.9712555
23.600420475006104,hold4,drive,2.8,0.26,0.33099999999999996,10012.8,10063.0,11.4,0.192,16.7,1.5620993747810792,-0.14665887341447448,-4.828240883047272,2.8437181966865754,13.444108929873329,4.369501069076692,-2.2790516105099115,1787260306.9884226
23.620638132095337,hold4,drive,2.8,0.26,0.33099999999999996,10012.8,10078.0,11.0,0.189,16.7,1.5863285480625111,-0.12974720840259746,-4.977246655335819,3.00565451864185,13.38436397986563,4.308184813359191,-2.225995506110317,1787260307.0166414
23.640579223632812,hold4,drive,2.8,0.26,0.33099999999999996,10012.8,10026.0,12.0,0.189,16.7,1.6126103527541216,-0.12890453322828765,-4.589061685995546,2.8665896997358162,13.367184324579148,4.285851051782105,-2.210064983777673,1787260307.0277255
23.660945177078247,hold4,drive,2.8,0.26,0.33099999999999996,10012.8,10035.0,11.93,0.191,16.7,1.6679172843762333,0.13264665090691352,-4.802857534092595,2.9365484239977926,13.318203998931397,4.21769775141107,-2.1619501661662315,1787260307.0565588
23.683814525604248,hold4,drive,2.8,0.26,0.33099999999999996,10012.8,10035.0,11.93,0.191,16.7,1.6679172843762333,0.13264665090691352,-4.802857534092595,2.8051613838733145,13.302457573769612,4.194216980474441,-2.1448499148944964,1787260307.067874
23.70264744758606,hold4,drive,2.8,0.26,0.33099999999999996,10012.8,10046.0,11.44,0.187,16.7,1.575886692902474,-0.29400357043667213,-4.599551006603178,2.795974860010195,13.272356657617037,4.1468278184040095,-2.111618506610774,1787260307.087865
23.72205114364624,hold4,drive,2.8,0.26,0.33099999999999996,10012.8,10040.0,11.93,0.193,16.7,1.595896753226948,0.16380059896329335,-4.328092254161277,3.0077604664923054,13.224581195585609,4.078691893057081,-2.058730766703026,1787260307.1166084
23.74040174484253,hold4,drive,2.8,0.26,0.33099999999999996,10012.8,10055.0,11.18,0.191,16.7,1.6047142132800913,-0.14372305939998942,-5.369938073972207,2.956373242107594,13.19868550883924,4.0289370689146775,-2.026755613420045,1787260307.1365647
23.76045823097229,hold4,drive,2.8,0.26,0.33099999999999996,10012.8,10050.0,11.56,0.193,16.7,1.6130132890270508,-0.07054363575761524,-4.238091906988814,2.8271515379527807,13.186222796496638,4.003539461696485,-2.010586467422634,1787260307.147766
23.78045964241028,hold4,drive,2.8,0.26,0.33099999999999996,10012.8,10017.0,12.24,0.195,16.7,1.6228464787199501,-0.19367155821534965,-5.373001430383567,2.8405253750678594,13.15631345216389,3.9383342340911334,-1.9694461610416918,1787260307.1732104
23.800631999969482,hold4,drive,2.8,0.26,0.33099999999999996,10012.8,10047.0,11.21,0.191,16.7,1.6107159131126938,-0.46065941974284286,-4.505715470520215,2.8108255818394925,13.140830624168956,3.900940818360624,-1.9459910698962024,1787260307.1878474
23.821277379989624,hold4,drive,2.8,0.26,0.33099999999999996,10012.8,10057.0,11.33,0.192,16.7,1.5217085421083925,-0.07801717253702023,-4.824586373108161,3.5037744071604395,13.095336789771391,3.805774932612659,-1.885272871458592,1787260307.2166214
23.841640949249268,hold4,drive,2.8,0.26,0.33099999999999996,10012.8,10019.0,12.15,0.192,16.7,1.5417871788309359,-0.22329600249946324,-4.316105461560994,3.092743328401562,13.078418239740582,3.7525424618745755,-1.8557850566341654,1787260307.2375963
23.86052942276001,hold4,drive,2.8,0.26,0.33099999999999996,10012.8,10043.0,11.52,0.191,16.7,1.5922377030472334,-0.19167634196899286,-5.087338036349536,3.1082606559641652,13.070440597774693,3.7253116101468726,-1.8402135205649524,1787260307.2466202
23.880424976348877,hold4,drive,2.8,0.26,0.33099999999999996,10012.8,10048.0,11.34,0.192,16.7,1.6249861954977742,0.07615412164261137,-4.656334489676283,2.883952766708192,13.054975459225117,3.667425210022165,-1.806491389781435,1787260307.26901
23.90047550201416,hold4,drive,2.8,0.26,0.33099999999999996,10012.8,10018.0,11.99,0.192,16.7,1.6859528770685221,-0.11564622698489035,-4.820734811993134,2.9062134549809757,13.042450287013502,3.6134331800670902,-1.77507619774753,1787260307.2879498
23.920593976974487,hold4,drive,2.8,0.26,0.33099999999999996,10012.8,10043.0,11.41,0.19,16.7,1.6890501334162846,-0.30297776776864893,-4.698505780208848,2.2462987930399296,13.028332548853882,3.5937787455224606,-1.747898262294385,1787260307.309079
23.940481424331665,hold4,drive,2.8,0.26,0.33099999999999996,10012.8,10060.0,11.19,0.191,16.7,1.6125943737875812,-0.0051041352603826695,-4.5561020993959005,2.6461920993702863,13.01885781816309,3.538252650977782,-1.7140172013758042,1787260307.327639
23.960522890090942,hold4,drive,2.8,0.26,0.33099999999999996,10012.8,10022.0,12.03,0.19,16.7,1.6039388339287146,-0.303372747202868,-4.7804252750039495,2.7177203652627946,13.011272318733601,3.4825668313048137,-1.681398856092354,1787260307.3476672
23.980985403060913,hold4,drive,2.8,0.26,0.33099999999999996,10012.8,10036.0,11.6,0.19,16.7,1.6025324185570438,-0.3276711087017219,-4.525136998140624,2.749777789438741,13.005531637442804,3.4268100717305634,-1.6492744658853795,1787260307.3676736
24.001054763793945,hold4,drive,2.8,0.26,0.33099999999999996,10012.8,10065.0,11.08,0.194,16.7,1.5995061354523323,0.19008147728646563,-5.029097427073509,2.7608658857864805,13.001576246642637,3.3708825080216074,-1.6172467885822264,1787260307.3877609
24.021104335784912,hold4,drive,2.8,0.26,0.33099999999999996,10012.8,10022.0,11.77,0.19,16.7,1.6704950911533754,-0.10119196409136944,-4.980981856854385,2.3563101845821035,12.98879709426738,3.350889019360492,-1.5929055828563337,1787260307.4088016
24.04048991203308,hold4,drive,2.8,0.26,0.33099999999999996,10012.8,10023.0,11.95,0.193,16.7,1.6620637894582937,-0.15573266527856688,-5.0436751210402235,2.6325852606161213,12.987985708309237,3.294871472063773,-1.559944480247916,1787260307.4276645
24.06149125099182,hold4,drive,2.8,0.26,0.33099999999999996,10012.8,10049.0,11.19,0.192,16.7,1.6549175961472293,-0.06397065245368072,-4.624577090666207,2.740131647515521,12.99025396309479,3.210950880732696,-1.5102267316276197,1787260307.4576206
24.080939054489136,hold4,drive,2.8,0.26,0.33099999999999996,10012.8,10042.0,11.33,0.187,16.7,1.6497205704379945,0.22567362666584856,-5.429889578621328,2.8586723686691773,12.99196281630927,3.1827723374283168,-1.4935272838204914,1787260307.4666247
24.100459337234497,hold4,drive,2.8,0.26,0.33099999999999996,10012.8,10021.0,12.07,0.192,16.7,1.627002874233237,0.15431906428901954,-4.66227292214694,2.6371557205679315,12.99674801469751,3.126781373710793,-1.4604764199330766,1787260307.4896936
24.120578289031982,hold4,drive,2.8,0.26,0.33099999999999996,10012.8,10061.0,11.0,0.19,16.7,1.6010498367781967,-0.16372635759388032,-4.72866747399911,2.7976368116882075,12.988452297363123,3.077163441074558,-1.4277402635509249,1787260307.5076382
24.14124631881714,hold4,drive,2.8,0.26,0.33099999999999996,10012.8,10042.0,11.47,0.191,16.7,1.5932347905593591,0.26810859009052024,-5.166194759454868,2.8157849073278047,12.996898129154495,3.0215425752153906,-1.3955713177028666,1787260307.5275915
24.16048002243042,hold4,drive,2.8,0.26,0.33099999999999996,10012.8,10004.0,12.14,0.192,16.7,1.6185872851885865,-0.1476283966287708,-4.94711536706825,2.881106828150608,13.012897349153404,2.9388223803710525,-1.3476835903340345,1787260307.5566263
24.184840440750122,hold4,drive,2.8,0.26,0.33099999999999996,10012.8,10045.0,11.27,0.189,16.7,1.7002750910948594,0.09508824727244125,-4.603696097956515,2.7857300370534963,13.020135746069279,2.906973137952741,-1.328640357944891,1787260307.5693688
24.20135259628296,hold4,drive,2.8,0.26,0.33099999999999996,10012.8,10035.0,11.47,0.189,16.7,1.5805742558951772,-0.2959281084608065,-4.847975821440059,2.8005834247947416,13.033633045027996,2.854085101751506,-1.2958214193961033,1787260307.5889761
24.221304893493652,hold4,drive,2.8,0.26,0.33099999999999996,10012.8,9984.0,12.37,0.191,16.7,1.5286022677481172,-0.08012478323655436,-4.137900447219749,2.3467398519048226,13.031760221514828,2.8218973612348224,-1.2684413947383897,1787260307.6090229
24.240474939346313,hold4,drive,2.8,0.26,0.33099999999999996,10012.8,10022.0,11.67,0.191,16.7,1.6390843045183812,0.1594041686888943,-4.5914531972997,2.6662025365368076,13.048797143265505,2.768728928417571,-1.2376082466891,1787260307.6278243
24.261008262634277,hold4,drive,2.8,0.26,0.33099999999999996,10012.8,10032.0,11.33,0.189,16.7,1.5998779127405072,-0.12907304268158004,-5.029782720777291,2.85301093345032,13.077441138774747,2.690007361092865,-1.1890905103789946,1787260307.6565485
24.280942678451538,hold4,drive,2.8,0.26,0.33099999999999996,10012.8,10032.0,11.33,0.189,16.7,1.5998779127405072,-0.12907304268158004,-5.029782720777291,2.85301093345032,13.077441138774747,2.690007361092865,-1.1890905103789946,1787260307.6565485
24.300452709197998,hold4,drive,2.8,0.26,0.33099999999999996,10012.8,10012.0,11.8,0.19,16.7,1.6816493419050087,0.36895892145650677,-5.131509074720782,2.6948899141663167,13.10981026082619,2.61230258575254,-1.1405451440832193,1787260307.687977
24.32075023651123,hold4,drive,2.8,0.26,0.33099999999999996,10012.8,10027.0,11.53,0.192,16.7,1.6542145216194484,0.1331377804976306,-4.787276457876999,3.717415997014854,13.137087273389387,2.523442044932876,-1.0916059544493784,1787260307.709012
24.34098243713379,hold4,drive,2.8,0.26,0.33099999999999996,10012.8,10010.0,11.62,0.188,16.7,1.6119862409526617,-0.31275643237352213,-3.8297609399778025,3.29023897521178,13.177026391822292,2.449580836297357,-1.0420887953262792,1787260307.7365358
24.360737085342407,hold4,drive,2.8,0.26,0.33099999999999996,10012.8,10026.0,11.68,0.192,16.7,1.603735501579487,-0.0019291472747950955,-4.500090156461141,3.055236356553588,13.191207685702357,2.425315758815318,-1.0260848858617875,1787260307.747747
24.380953073501587,hold4,drive,2.8,0.26,0.33099999999999996,10012.8,10051.0,11.18,0.192,16.7,1.574611837688653,-0.03346187158195146,-4.8658688868235345,2.900751128620188,13.222172432051341,2.375163292699915,-0.9923169886424181,1787260307.7688477
24.40041470527649,hold4,drive,2.8,0.26,0.33099999999999996,10012.8,10024.0,11.58,0.188,16.7,1.6523511078047202,0.04049135799492998,-4.8292635611086325,2.964196078034688,13.26765378002617,2.307763760069238,-0.9465961850072,1787260307.7966506
24.420817613601685,hold4,drive,2.8,0.26,0.33099999999999996,10012.8,10004.0,12.21,0.192,16.7,1.6154155934883565,-0.07828356803903169,-5.4292873153833625,2.5882525781967507,13.252893746881758,2.3220684398666336,-0.9371221693795183,1787260307.8086634
24.440425634384155,hold4,drive,2.8,0.26,0.33099999999999996,10012.8,10028.0,11.44,0.192,16.7,1.5833663139820162,0.07455213980197772,-4.434165428406743,2.8745366925166533,13.303355167731198,2.2556338928103496,-0.8886589490179073,1787260307.8365183
24.461161851882935,hold4,drive,2.8,0.26,0.33099999999999996,10012.8,10027.0,11.35,0.187,16.7,1.6197155333843984,0.10871084420284394,-4.665439189558185,2.7171777256380767,13.321298662749808,2.2334865148518404,-0.8728136356687684,1787260307.8486476
24.48038649559021,hold4,drive,2.8,0.26,0.33099999999999996,10012.8,9993.0,12.28,0.191,16.7,1.6141086471834003,-0.02351814189940349,-5.098301566166867,2.826075082276916,13.357659616067657,2.190806424520964,-0.8405846479430795,1787260307.8677716
24.50084352493286,hold4,drive,2.8,0.26,0.33099999999999996,10012.8,10038.0,11.31,0.191,16.7,1.610668375687236,0.07455214893825257,-4.549125786102536,2.788163760978864,13.395276728974972,2.1494644062808876,-0.8082698653529892,1787260307.8879573
24.520641803741455,hold4,drive,2.8,0.26,0.33099999999999996,10012.8,10022.0,11.56,0.19,16.7,1.6528551110410177,0.18172523931264273,-5.204550741611001,2.9583532983893788,13.444007536242335,2.086102884480755,-0.7572151276404964,1787260307.9166276
24.540834188461304,hold4,drive,2.8,0.26,0.33099999999999996,10012.8,9980.0,12.28,0.191,16.7,1.6545466178073815,-0.1962285822746459,-5.016929955501837,2.933824637077986,13.48485387306246,2.048120626256165,-0.7241124914475798,1787260307.9365275
24.56057095527649,hold4,drive,2.8,0.26,0.33099999999999996,10012.8,10024.0,11.64,0.192,16.7,1.6776472765768922,0.18458862094013462,-4.404359830064948,2.805489244249797,13.505941946080394,2.0294807391119294,-0.7073972147816237,1787260307.9477584
24.581393718719482,hold4,drive,2.8,0.26,0.33099999999999996,10012.8,10024.0,11.64,0.192,16.7,1.6776472765768922,0.18458862094013462,-4.404359830064948,2.903475884073666,13.5280353482856,2.0105905916532985,-0.690184345950401,1787260307.957039
24.6005961894989,hold4,drive,2.8,0.26,0.33099999999999996,10012.8,9990.0,12.07,0.189,16.7,1.5316866077645923,-0.16508912435017464,-4.3829999503728345,2.724950939509435,13.594010855803088,1.9569838862355609,-0.6401193776336618,1787260307.989383
24.620893001556396,hold4,drive,2.8,0.26,0.33099999999999996,10012.8,10020.0,11.87,0.192,16.7,1.5994918875405002,0.5021012335464619,-5.183327686771008,3.340116705159258,13.673951439178904,1.8865043000616228,-0.5837628010332997,1787260308.0166757
24.640435934066772,hold4,drive,2.8,0.26,0.33099999999999996,10012.8,10031.0,11.24,0.19,16.7,1.612396634076643,-0.09075535978960847,-5.350715351692486,3.0864421470009873,13.697379711501547,1.8710420771021725,-0.5673957002639395,1787260308.0279286
24.66084313392639,hold4,drive,2.8,0.26,0.33099999999999996,10012.8,10011.0,11.88,0.188,16.7,1.6569185622322604,0.25319036888767954,-4.640914211898007,2.980112939261087,13.768964940620393,1.8270172928665964,-0.5191369264694426,1787260308.0566316
24.684212684631348,hold4,drive,2.8,0.26,0.33099999999999996,10012.8,10014.0,11.94,0.191,16.7,1.7236114396208424,0.15431906428901954,-4.135370941620295,2.990444470055585,13.818671308127923,1.7991742822235384,-0.4851874610429649,1787260308.0769837
24.701267957687378,hold4,drive,2.8,0.26,0.33099999999999996,10012.8,10031.0,11.39,0.191,16.7,1.6203441725597116,-0.20613062313506347,-4.998940995777559,2.83196220615206,13.846161644447555,1.7846979549189252,-0.4656794763724149,1787260308.0896022
24.72087597846985,hold4,drive,2.8,0.26,0.33099999999999996,10012.8,10020.0,11.48,0.187,16.7,1.5700763411941936,-0.19354650088523329,-4.038053096106552,2.683532144775577,13.886232933392092,1.7578716681878368,-0.42992907884447,1787260308.109246
24.74086880683899,hold4,drive,2.8,0.26,0.33099999999999996,10012.8,10021.0,11.89,0.191,16.7,1.6439887819818713,0.4348912143464787,-4.978488019271936,2.8695837022964894,13.963064439245043,1.7240978979160584,-0.38228185558127,1787260308.137501
24.760488033294678,hold4,drive,2.8,0.26,0.33099999999999996,10012.8,10033.0,11.32,0.191,16.7,1.61901991570767,-0.3631091839420719,-4.994995879208091,2.936695545535483,13.989228569420991,1.7135783210263233,-0.3657302016015072,1787260308.1466174
24.780590295791626,hold4,drive,2.8,0.26,0.33099999999999996,10012.8,10028.0,11.48,0.188,16.7,1.6247013704191906,0.2431759883917337,-4.603790822854137,2.7931669253022333,14.041948113010307,1.6938739360841844,-0.33312344575318975,1787260308.1677008
24.800400018692017,hold4,drive,2.8,0.26,0.33099999999999996,10012.8,9998.0,12.29,0.192,16.7,1.6984528231189728,0.11442838895650631,-4.849443472631606,2.720959392565358,14.09536881585385,1.6758719583887691,-0.30048771245278677,1787260308.1889043
24.8210768699646,hold4,drive,2.8,0.26,0.33099999999999996,10012.8,10019.0,11.47,0.191,16.7,1.6570896703322981,-0.4172149710376907,-4.706820521222312,2.4219324603096024,14.129694221325039,1.6614898419434525,-0.2656617015033361,1787260308.207729
24.841399908065796,hold4,drive,2.8,0.26,0.33099999999999996,10012.8,10030.0,11.3,0.189,16.7,1.6059334084271295,0.07615239488666514,-4.7094242864637295,2.6763804220956517,14.211132985369385,1.6407539979329862,-0.2160379256512481,1787260308.237505
24.860663175582886,hold4,drive,2.8,0.26,0.33099999999999996,10012.8,9985.0,12.34,0.188,16.7,1.6257844780345256,-0.026791020501847562,-4.853662238905315,2.800240750655849,14.238609526289094,1.6347239170749541,-0.19988333302521222,1787260308.2466109
24.882124423980713,hold4,drive,2.8,0.26,0.33099999999999996,10012.8,10018.0,11.72,0.192,16.7,1.5957972841602333,0.07691167414416444,-4.721025747536032,2.7162122334673953,14.293367353294204,1.62409650622792,-0.16750788530904395,1787260308.2676368
24.900787353515625,hold4,drive,2.8,0.26,0.33099999999999996,10012.8,10021.0,11.33,0.19,16.7,1.6043769239280326,0.08944136246845158,-4.444724330883616,3.764277181082088,14.411013005895063,1.5963748492349341,-0.10206856776668367,1787260308.2966332
24.92059302330017,hold4,drive,2.8,0.26,0.33099999999999996,10012.8,9989.0,12.12,0.189,16.7,1.6521501723004737,-0.018643318001425158,-4.813076713325529,3.322964226117604,14.466506642012588,1.5911555110166151,-0.07006082075118585,1787260308.3165278
24.9407057762146,hold4,drive,2.8,0.26,0.33099999999999996,10012.8,10000.0,12.1,0.194,16.7,1.6609841439523754,-0.12036531394181349,-4.21827335340862,3.077917553051725,14.494502633057024,1.5892218077052278,-0.05315915980392048,1787260308.3277254
24.960572242736816,hold4,drive,2.8,0.26,0.33099999999999996,10012.8,10042.0,10.95,0.191,16.7,1.6373565787611926,0.07814762940557163,-4.936293924597351,3.0351995332207053,14.550238425633179,1.586728872733332,-0.020067701530904758,1787260308.3465722
24.98155188560486,hold4,drive,2.8,0.26,0.33099999999999996,10012.8,9988.0,12.15,0.188,16.7,1.6268545361605196,-0.2945798501089705,-4.306394113029199,2.832394583357554,14.606472808948546,1.5860530036079752,0.012850056937916804,1787260308.3677511
25.000726461410522,hold4,drive,2.8,0.26,0.33099999999999996,10012.8,9995.0,12.22,0.194,16.7,1.646479503391368,0.1790830834443149,-4.630752335380919,2.77584542275991,14.662396791159983,1.5872407868439244,0.04548755436504749,1787260308.3878949
25.020493984222412,hold4,drive,2.8,0.26,0.33099999999999996,10012.8,10034.0,11.05,0.191,16.7,1.6392567441989638,-0.2465414265946606,-4.552849877910887,2.3464288730326985,14.685059360861088,1.585131106543565,0.07443565674138905,1787260308.4077072
25.040486097335815,hold4,drive,2.8,0.26,0.33099999999999996,10012.8,10007.0,11.88,0.191,16.7,1.631612806080164,-0.10748404348883422,-4.771662637252348,2.606699575812119,14.740928854657362,1.5897278857437669,0.10725046851141043,1787260308.4276037
25.06048011779785,hold4,drive,2.8,0.26,0.33099999999999996,10012.8,9984.0,12.4,0.193,16.7,1.6619000050512536,-0.1280201418230229,-4.688351505072433,2.6889191541800814,14.796583607891801,1.596167822194319,0.13996591352705157,1787260308.447715
25.08056354522705,hold4,drive,2.8,0.26,0.33099999999999996,10012.8,10027.0,11.26,0.193,16.7,1.6629712615997383,-0.26037597596525686,-4.928544024640075,2.7295816513050033,14.85183615587213,1.6044164476002543,0.1730740543011841,1787260308.4677742
25.101274251937866,hold4,drive,2.8,0.26,0.33099999999999996,10012.8,10022.0,11.46,0.188,16.7,1.5679524702248553,-0.3040613665106946,-4.180733057870896,2.1851042539751995,14.884218518268723,1.6031216105751,0.20374284069746595,1787260308.4893558
25.120457410812378,hold4,drive,2.8,0.26,0.33099999999999996,10012.8,9991.0,12.45,0.192,16.7,1.5835881553008195,0.09084410956347977,-4.2244608772767265,2.789023723389396,14.965906202820728,1.6213297296448017,0.2511836539182843,1787260308.5165274
25.14064121246338,hold4,drive,2.8,0.26,0.33099999999999996,10012.8,10020.0,11.36,0.192,16.7,1.6130689490938332,-0.25794579994594713,-5.120685878085112,2.7165393394611788,14.99333530275674,1.6283556375107693,0.26726879962434696,1787260308.5276425
25.160881757736206,hold4,drive,2.8,0.26,0.33099999999999996,10012.8,10017.0,11.66,0.192,16.7,1.5683620644005094,-0.08776341250245867,-4.6517841862608975,2.872904290013098,15.047112020604743,1.6435202660965373,0.29930911686716494,1787260308.5465605
25.181170225143433,hold4,drive,2.8,0.26,0.33099999999999996,10012.8,9988.0,12.03,0.192,16.7,1.621833678557393,0.0852134599198946,-4.861327354232003,2.6207298801424495,15.10314802984014,1.6613083422496626,0.3324662970430128,1787260308.571324
25.200562715530396,hold4,drive,2.8,0.26,0.33099999999999996,10012.8,10023.0,11.56,0.193,16.7,1.6832842564982085,-0.018811863999816936,-4.597564122639483,2.9891500469015724,15.153405558401541,1.6790910614156873,0.3632309238237231,1787260308.588698
25.222931623458862,hold4,drive,2.8,0.26,0.33099999999999996,10012.8,10039.0,11.19,0.189,16.7,1.6253667612175469,0.008197609401778383,-4.901229340272778,2.55617979548217,15.188694889252856,1.6834865743193435,0.39353915356150565,1787260308.6079662
25.24043869972229,hold4,drive,2.8,0.26,0.33099999999999996,10012.8,10002.0,12.08,0.189,16.7,1.6365574972761143,-0.2480600216547586,-4.141654944550794,2.79661258917592,15.265755398415648,1.7169427256782022,0.4425916376942929,1787260308.6365848
25.260401010513306,hold4,drive,2.8,0.26,0.33099999999999996,10012.8,10020.0,11.73,0.193,16.7,1.6099065784574185,-0.08817112790381554,-5.1585220427475065,2.8454639573199008,15.316113119541514,1.7413079959099902,0.47537992261145773,1787260308.6565926
25.280547380447388,hold4,drive,2.8,0.26,0.33099999999999996,10012.8,10041.0,11.13,0.19,16.7,1.5854421148936784,-0.06934936931833846,-4.866408584851342,2.882650275955307,15.365785492153547,1.7673549870639615,0.5074688897303773,1787260308.6766334
25.30124831199646,hold4,drive,2.8,0.26,0.33099999999999996,10012.8,10011.0,11.81,0.188,16.7,1.6774816279570892,0.11841883972176959,-5.0253610561117625,2.429523915433744,15.383463420087555,1.7662299715057144,0.5218202221600422,1787260308.689542
25.321031093597412,hold4,drive,2.8,0.26,0.33099999999999996,10012.8,10001.0,12.1,0.194,16.7,1.674277046217397,-0.15833142384136778,-4.5785413751436295,2.7880030746933104,15.431851444143474,1.7945646315350627,0.5549753363042359,1787260308.70763
25.34048819541931,hold4,drive,2.8,0.26,0.33099999999999996,10012.8,10054.0,10.9,0.191,16.7,1.6335690310588817,0.09688426531829197,-4.8767154723228145,2.7661026631999457,15.479205244908936,1.8244668738207988,0.5885274545111108,1787260308.7278845
25.360555171966553,hold4,drive,2.8,0.26,0.33099999999999996,10012.8,10025.0,11.47,0.186,16.7,1.6510108719861376,-0.09513910891451882,-4.351004277314729,2.7976515763176817,15.525554868049845,1.855923970192141,0.6212983512854021,1787260308.7475572
25.380420923233032,hold4,drive,2.8,0.26,0.33099999999999996,10012.8,10005.0,12.16,0.194,16.7,1.5947924734809467,-0.046553358582903215,-4.902798148299439,2.879772863740931,15.54885110362166,1.872601067390579,0.6380281667169647,1787260308.7568853
25.401405572891235,hold4,drive,2.8,0.26,0.33099999999999996,10012.8,10055.0,10.92,0.192,16.7,1.6075970851601022,0.027751421145708388,-4.943850281708251,2.7323202336707135,15.615240993828452,1.9232331895323087,0.6866570812344723,1787260308.7878606
25.420620679855347,hold4,drive,2.8,0.26,0.33099999999999996,10012.8,10022.0,11.61,0.19,16.7,1.689118709814354,-0.0029948069411771527,-5.0891074038816555,2.7494060180600095,15.675069036928058,1.9641019049006352,0.7339798957026233,1787260308.8165483
25.440948486328125,hold4,drive,2.8,0.26,0.33099999999999996,10012.8,9987.0,12.24,0.192,16.7,1.6535175723621747,-0.21604713585483992,-4.649346481951113,2.726801008852009,15.716236761726966,2.001899226338928,0.7679369933971814,1787260308.8374789
25.460683584213257,hold4,drive,2.8,0.26,0.33099999999999996,10012.8,10039.0,11.23,0.192,16.7,1.6520716090483165,0.11933043895353102,-4.581176715350921,2.836952853969129,15.736477220789409,2.021444902320898,0.7845739002787411,1787260308.846573
25.481443166732788,hold4,drive,2.8,0.26,0.33099999999999996,10012.8,10044.0,11.06,0.191,16.7,1.6194709220382748,-0.28448031953144337,-4.6809945380238105,2.8538124162998204,15.79547828974699,2.082319754546057,0.8345353593037926,1787260308.8768706
25.5003981590271,hold4,drive,2.8,0.26,0.33099999999999996,10012.8,9994.0,12.2,0.194,16.7,1.577742117233932,-0.40474315187828935,-4.373450862082336,2.6727000394051443,15.814376580834855,2.1031425218040702,0.8505411228052573,1787260308.8893678
25.52048921585083,hold4,drive,2.8,0.26,0.33099999999999996,10012.8,10034.0,11.39,0.192,16.7,1.6451910660559876,0.2539641748221868,-5.285893116196519,2.801622507275633,15.855730767754284,2.1351496602913898,0.8821893831839848,1787260308.9076154
25.540512323379517,hold4,drive,2.8,0.26,0.33099999999999996,10012.8,10015.0,11.64,0.191,16.7,1.6391980214969277,-0.11498481550356043,-4.828666560364979,2.9337620033623075,15.907994285700381,2.2007705194911145,0.9310945014991658,1787260308.9365156
25.56092596054077,hold4,drive,2.8,0.26,0.33099999999999996,10012.8,9989.0,12.0,0.191,16.7,1.645934487474283,-0.0723703151418551,-4.4710259850957925,2.9217952137528194,15.941215191479358,2.246187443118082,0.9639999735608162,1787260308.9566367
25.582247972488403,hold4,drive,2.8,0.26,0.33099999999999996,10012.8,10020.0,11.63,0.193,16.7,1.6721502457708595,0.05539329835599194,-4.175503600328426,2.798496264499089,15.957127225276224,2.269130479553232,0.9805167066145277,1787260308.967757
25.600486755371094,hold4,drive,2.8,0.26,0.33099999999999996,10012.8,10031.0,11.21,0.189,16.7,1.6409872662752973,-0.11439579986412429,-5.022726885347652,2.5954241767438027,15.99483871110977,2.3072850140094956,1.0136043734348752,1787260308.9907036
25.62052845954895,hold4,drive,2.8,0.26,0.33099999999999996,10012.8,9996.0,11.99,0.191,16.7,1.5840037415889263,-0.20693161862351772,-4.471124510683751,3.0620491719901626,16.038068048946197,2.379262311094783,1.0629368076690844,1787260309.0166068
25.641273260116577,hold4,drive,2.8,0.26,0.33099999999999996,10012.8,10004.0,12.0,0.193,16.7,1.5839819036679879,-0.11657231634856036,-4.8710425034541345,2.8726961890214318,16.064759056737696,2.4280980039678552,1.0941884213081345,1787260309.037521
25.66056799888611,hold4,drive,2.8,0.26,0.33099999999999996,10012.8,10022.0,11.36,0.192,16.7,1.5747548494391903,-0.1009817201345724,-4.874455523376469,2.943816008226473,16.077721865569938,2.4532047911291084,1.1101881892545924,1787260309.046607
25.680468797683716,hold4,drive,2.8,0.26,0.33099999999999996,10012.8,10014.0,11.65,0.191,16.7,1.6721718173756894,0.23304751409548885,-4.638943700138839,2.802231983306344,16.104331263053023,2.5079803853556726,1.1444615582606037,1787260309.0693996
25.701334476470947,hold4,drive,2.8,0.26,0.33099999999999996,10012.8,9987.0,12.21,0.192,16.7,1.6874441141209122,-0.32265668252406954,-4.759796882021249,3.2361413571304496,16.150518883013344,2.5854353373253427,1.1956364157852353,1787260309.0976946
25.720394134521484,hold4,drive,2.8,0.26,0.33099999999999996,10012.8,10033.0,11.25,0.193,16.7,1.5746162319044519,-0.14882261738667335,-5.228902641680463,3.117100199631806,16.170615955704655,2.6378254143565694,1.2296250889901332,1787260309.1165848
25.741262674331665,hold4,drive,2.8,0.26,0.33099999999999996,10012.8,10020.0,11.4,0.188,16.7,1.590122221035329,-0.02294189877220454,-4.548414764648783,2.9001710730826336,16.188974096260427,2.6907218820608567,1.2605562547387374,1787260309.1376278
25.76090407371521,hold4,drive,2.8,0.26,0.33099999999999996,10012.8,9981.0,12.5,0.192,16.7,1.6240908407392898,-0.2596474128637958,-4.258173000563033,2.8402973845918082,16.205558896733915,2.7439487514515735,1.292463447566656,1787260309.1574907
25.780417919158936,hold4,drive,2.8,0.26,0.33099999999999996,10012.8,10026.0,11.45,0.193,16.7,1.6369501803788464,-0.18528643134045808,-4.672834163510174,2.865854776114905,16.220570029384422,2.798098758269279,1.3250689630847152,1787260309.1766534
25.800373315811157,hold4,drive,2.8,0.26,0.33099999999999996,10012.8,10022.0,11.3,0.191,16.7,1.6488885989134536,-0.15133624414044267,-4.430642773186236,2.7606588800854177,16.2281998705921,2.8284976680760723,1.34341920159365,1787260309.1891143
25.820882081985474,hold4,drive,2.8,0.26,0.33099999999999996,10012.8,9976.0,12.34,0.19,16.7,1.633244125405892,-0.30755723417334835,-4.793160511239762,3.0763723277455606,16.25232052683214,2.8803869679599,1.3772258790291405,1787260309.206625
25.840593099594116,hold4,drive,2.8,0.26,0.33099999999999996,10012.8,10023.0,11.64,0.194,16.7,1.657249726313812,0.42153332270724064,-5.433307861037974,2.916012620405481,16.26704579344896,2.9627052765645576,1.4262036500947872,1787260309.2365756
25.860485553741455,hold4,drive,2.8,0.26,0.33099999999999996,10012.8,10041.0,10.95,0.188,16.7,1.6546874990290465,-0.37937566349674867,-4.834066464251009,2.666707202629944,16.27112984788439,2.990721076678728,1.4430417668835311,1787260309.2501545
25.88128113746643,hold4,drive,2.8,0.26,0.33099999999999996,10012.8,9976.0,12.35,0.189,16.7,1.5627288129047194,-0.3537000268371422,-4.430211833374216,2.8824572865744607,16.277858933511457,3.0466766777577217,1.476276988172305,1787260309.2691402
25.900411128997803,hold4,drive,2.8,0.26,0.33099999999999996,10012.8,10025.0,11.67,0.194,16.7,1.601077933127697,0.30405051261617544,-4.802000332241278,3.0285475206976473,16.282652067526904,3.1020209837182082,1.5073879549714715,1787260309.2866461
25.92048668861389,hold4,drive,2.8,0.26,0.33099999999999996,10012.8,10033.0,11.03,0.189,16.7,1.6189019376713794,-0.19603112910263576,-4.923279776162985,2.7630352542203545,16.29272630431965,3.1361037329910246,1.5369032530833724,1787260309.306614
25.940593004226685,hold4,drive,2.8,0.26,0.33099999999999996,10012.8,10011.0,11.77,0.187,16.7,1.5968353843531462,-0.08537665206122558,-4.725681885559254,2.8652756343689054,16.294206524694495,3.1926157835770095,1.5694550610812747,1787260309.3268704
25.960455894470215,hold4,drive,2.8,0.26,0.33099999999999996,10012.8,10020.0,11.95,0.195,16.7,1.6014104287897932,0.1487028773685184,-4.653581035707759,2.860461737309005,16.292981621350325,3.276570801604324,1.617487996073898,1787260309.356834
25.980629444122314,hold4,drive,2.8,0.26,0.33099999999999996,10012.8,10032.0,11.13,0.188,16.7,1.6025033901011618,-0.4665310112267136,-4.9599172615653515,2.755886740525092,16.291472383983475,3.3091052218463086,1.636095679332438,1787260309.3698
26.00050640106201,hold4,drive,2.8,0.26,0.33099999999999996,10012.8,10012.0,11.88,0.189,16.7,1.5414802495153042,-0.23479999779168992,-4.0903172660085545,2.7710353353833668,16.287775898125517,3.360165541800483,1.6653355912083412,1787260309.3884366
26.020564317703247,hold4,drive,2.8,0.26,0.33099999999999996,10012.8,10004.0,12.08,0.191,16.7,1.5690302515180106,0.02352175072796836,-4.249567652919211,2.563347536908701,16.293230465070838,3.4001356645423098,1.6937626787395124,1787260309.407661
26.040386199951172,tr5,drive,3.2,0.26,0.33099999999999996,11443.2,10039.0,11.07,0.19,16.7,1.5653112802137694,-0.3692616610598627,-4.601428547629496,2.853519781069454,16.2816750218933,3.4830969218602372,1.7406474950694548,1787260309.4366095
26.060555934906006,tr5,drive,3.2,0.26,0.33099999999999996,11443.2,10062.0,13.73,0.209,16.7,1.54426778022829,0.12243651658607924,-5.122435949804753,2.767013984742176,16.276942044755415,3.510833738318666,1.7562485611801837,1787260309.4475787
26.08083987236023,tr5,drive,3.2,0.26,0.33099999999999996,11443.2,10133.0,23.18,0.214,16.6,1.6443381887168897,-1.8008504043432083,-4.531606357815235,2.902119903539988,16.259893487410373,3.5945725131815043,1.803368334380433,1787260309.47699
26.10098433494568,tr5,drive,3.2,0.26,0.33099999999999996,11443.2,10320.0,26.42,0.223,16.6,1.568430108166361,-2.1650385457997032,-4.4937125980762005,3.6756417248136293,16.26016294882108,3.6387155197855927,1.8341208928559918,1787260309.4967134
26.120705127716064,tr5,drive,3.2,0.26,0.33099999999999996,11443.2,10469.0,26.1,0.214,16.6,1.5528538115827055,-2.534493274619649,-3.3133082266298572,3.2909539337981637,16.244961230920595,3.6939656950830178,1.8648775187101192,1787260309.516722
26.140392541885376,tr5,drive,3.2,0.26,0.33099999999999996,11443.2,10570.0,22.01,0.219,16.6,1.5553447993083114,-1.7354669823009914,-4.020956129168212,3.1256047414600916,16.23633216417314,3.72299611983519,1.8804295426543738,1787260309.527776
26.160548448562622,tr5,drive,3.2,0.26,0.33099999999999996,11443.2,10682.0,20.57,0.216,16.7,1.4967115794846908,-1.730606630262372,-4.77886114475001,3.142784184937512,16.218153025978776,3.7788141077957196,1.9114156823952544,1787260309.54654
26.180599689483643,tr5,drive,3.2,0.26,0.33099999999999996,11443.2,10704.0,21.13,0.211,16.6,1.583590685303855,-0.8956079733502662,-5.248644012010743,2.9709362827419117,16.197931285568735,3.834976760895691,1.9417274687380646,1787260309.5677707
26.200588941574097,tr5,drive,3.2,0.26,0.33099999999999996,11443.2,10769.0,20.78,0.218,16.6,1.5590135700260046,-1.3512499336722072,-4.784538791391412,2.560270174894277,16.189397830152156,3.8796661584699685,1.9716051600008273,1787260309.5882447
26.220561265945435,tr5,drive,3.2,0.26,0.33099999999999996,11443.2,10901.0,18.56,0.217,16.7,1.49087046826582,-1.0588964475632423,-4.814743169857763,2.9289615232411554,16.153326684752706,3.9615518314116103,2.0183957119850375,1787260309.6166005
26.241143465042114,tr5,drive,3.2,0.26,0.33099999999999996,11443.2,10936.0,18.68,0.215,16.7,1.5352298104368884,-1.252480078269457,-3.9268448968554424,2.9809019084082804,16.126199846303386,4.017664946903023,2.0480249694773582,1787260309.6374915
26.26056170463562,tr5,drive,3.2,0.26,0.33099999999999996,11443.2,11020.0,18.04,0.22,16.7,1.53057047695174,-0.9812063902108719,-4.918387410617299,3.080035151560163,16.11243201390211,4.044290372736405,2.06340421630925,1787260309.6465435
26.280389308929443,tr5,drive,3.2,0.26,0.33099999999999996,11443.2,11069.0,17.07,0.213,16.7,1.5067833884112614,-0.9581133957252348,-5.060788167822295,2.9999263087342616,16.080888150901867,4.102186696552055,2.096296261029222,1787260309.6690743
26.30062985420227,tr5,drive,3.2,0.26,0.33099999999999996,11443.2,11041.0,18.51,0.214,16.7,1.5457310540892344,-0.6869972170450254,-5.230379063695864,2.95184782009194,16.051803322100938,4.151785645736333,2.1244162263018045,1787260309.6884575
26.320378303527832,tr5,drive,3.2,0.26,0.33099999999999996,11443.2,11138.0,17.01,0.22,16.7,1.5463623564256375,-0.598999175868201,-4.8504638118066055,3.095547896266221,16.015123740905317,4.2293033221654,2.1690568049125494,1787260309.716796
26.340864181518555,tr5,drive,3.2,0.26,0.33099999999999996,11443.2,11209.0,15.38,0.213,16.7,1.5853895174621493,-0.7862345573591867,-4.550283534851246,3.030104677111585,15.997315427602842,4.255611994105305,2.1845440989898246,1787260309.7278368
26.360472440719604,tr5,drive,3.2,0.26,0.33099999999999996,11443.2,11216.0,16.45,0.22,16.7,1.5216237204276735,-0.8984910162412305,-4.367641360722331,3.1919420260012368,15.961035933762021,4.30643250624565,2.2159896122701923,1787260309.7465832
26.380722999572754,tr5,drive,3.2,0.26,0.33099999999999996,11443.2,11303.0,14.83,0.219,16.7,1.5174099337928955,-0.5425049107116777,-5.23608828530314,3.069696164679984,15.922028854731476,4.357546331794237,2.247656053531909,1787260309.7681758
26.400377988815308,tr5,drive,3.2,0.26,0.33099999999999996,11443.2,11272.0,15.68,0.211,16.7,1.5939367998227039,-0.4324394767185282,-5.419232442917291,3.0578297895550173,15.883165491861815,4.405339635885003,2.277289724665314,1787260309.788181
26.420466899871826,tr5,drive,3.2,0.26,0.33099999999999996,11443.2,11282.0,16.25,0.223,16.7,1.614111709818654,-0.2627355103074436,-5.235646235780905,3.364351297242365,15.8504881808922,4.4609176986172345,2.307498628484314,1787260309.8065732
26.440930128097534,tr5,drive,3.2,0.26,0.33099999999999996,11443.2,11373.0,14.01,0.219,16.7,1.5930221371463165,-0.30977712969076165,-5.509976555952562,3.1932639320803604,15.785634227181758,4.530292108710498,2.355649475727881,1787260309.8375072
26.46049213409424,tr5,drive,3.2,0.26,0.33099999999999996,11443.2,11334.0,15.06,0.216,16.7,1.539281011087117,-0.9346176742443078,-4.065366318669874,3.2371926686990093,15.74076711212387,4.574497042337084,2.3875666688134576,1787260309.8565896
26.480598211288452,tr5,drive,3.2,0.26,0.33099999999999996,11443.2,11410.0,14.26,0.221,16.7,1.5353742869260252,-0.40583778724035113,-4.462117751668217,3.121909276374145,15.71746818110303,4.596446459953877,2.402740320497076,1787260309.8678095
26.500381469726562,tr5,drive,3.2,0.26,0.33099999999999996,11443.2,11412.0,13.92,0.217,16.7,1.5169075284532523,-0.5973120348097112,-5.745412365383459,3.1135347766330272,15.670205692721963,4.638947332339441,2.433390958451399,1787260309.8877432
26.52061939239502,tr5,drive,3.2,0.26,0.33099999999999996,11443.2,11362.0,15.43,0.22,16.7,1.547772100748671,-0.43364820588088904,-5.1107526277098145,3.384925283775347,15.629780714983633,4.68935746764111,2.4624856611671935,1787260309.906574
26.54052972793579,tr5,drive,3.2,0.26,0.33099999999999996,11443.2,11434.0,13.86,0.22,16.7,1.559313575122802,-0.4304604499512017,-5.070604473879541,3.175615092271804,15.579954318394915,4.728964025303971,2.4933499918772792,1787260309.9278376
26.56076455116272,tr5,drive,3.2,0.26,0.33099999999999996,11443.2,11418.0,13.86,0.211,16.7,1.487766420857278,-0.8470963273439409,-4.578699834694589,3.2666628259665105,15.502873423300535,4.785532658742317,2.540049691548199,1787260309.956629
26.580323457717896,tr5,drive,3.2,0.26,0.33099999999999996,11443.2,11439.0,14.26,0.221,16.7,1.5190464462827493,0.0009777001802850904,-4.541436112469057,3.2532342011446316,15.448789214149357,4.822114517958231,2.5701119106077592,1787260309.977213
26.600583791732788,tr5,drive,3.2,0.26,0.33099999999999996,11443.2,11484.0,13.06,0.218,16.7,1.5235387995675496,-0.6435527683398732,-5.498544664141434,3.1358178355088535,15.422984340367996,4.8387360337074465,2.5847727786570838,1787260309.9879384
26.620405673980713,tr5,drive,3.2,0.26,0.33099999999999996,11443.2,11431.0,14.11,0.215,16.7,1.5202922730406885,-0.23753653137919528,-4.881996677726022,3.3136058730102143,15.34982807745176,4.897561072859392,2.629342239884359,1787260310.0166278
26.640726804733276,tr5,drive,3.2,0.26,0.33099999999999996,11443.2,11469.0,13.83,0.221,16.7,1.5993552673765792,0.0798764592861918,-5.480463318405896,3.177305234810953,15.321563431270016,4.913468138371176,2.644706970245689,1787260310.027971
26.66227960586548,tr5,drive,3.2,0.26,0.33099999999999996,11443.2,11504.0,12.86,0.215,16.7,1.563960524908881,-0.5848274979557218,-5.135714977119505,3.197776095885373,15.265326851404296,4.943425895754278,2.6761187585030513,1787260310.04767
26.681647777557373,tr5,drive,3.2,0.26,0.33099999999999996,11443.2,11464.0,13.98,0.219,16.7,1.563960524908881,-0.5848274979557218,-5.135714977119505,3.3185206900775874,15.207648308291892,4.971862527054268,2.70757267560986,1787260310.0666158
26.700836658477783,tr5,drive,3.2,0.26,0.33099999999999996,11443.2,11513.0,12.98,0.219,16.7,1.4553078134913922,-0.3493434855387285,-5.700365998791597,3.1526498426681293,15.149369468886858,4.9983459402221975,2.7375629598156324,1787260310.0878649
26.720766067504883,tr5,drive,3.2,0.26,0.33099999999999996,11443.2,11491.0,13.18,0.215,16.7,1.5064409058950772,0.013452959147166599,-5.203592382924569,3.167672445270382,15.098533352807545,5.032285216664951,2.76583441986635,1787260310.1076152
26.740710973739624,tr5,drive,3.2,0.26,0.33099999999999996,11443.2,11467.0,13.98,0.22,16.7,1.600191233642755,-0.26879008310396557,-5.329540828744484,3.2938823395000854,15.038467164440746,5.055480947283301,2.7957830597506823,1787260310.1266944
26.760751962661743,tr5,drive,3.2,0.26,0.33099999999999996,11443.2,11517.0,12.85,0.219,16.7,1.5253956886376074,-0.5562850444292806,-4.912825538850768,3.2738500296040063,14.947679606260921,5.086593329857845,2.843229195164584,1787260310.156587
26.781261205673218,tr5,drive,3.2,0.26,0.33099999999999996,11443.2,11487.0,13.28,0.216,16.7,1.5491903671871925,-0.35298242726549844,-4.864442750864896,3.1613505283693106,14.916735142802867,5.09614618762302,2.858137109091546,1787260310.1677587
26.80068325996399,tr5,drive,3.2,0.26,0.33099999999999996,11443.2,11494.0,13.56,0.22,16.7,1.5504231444557903,-0.2503198975109058,-4.911869519050697,3.1754215277313396,14.854910093682966,5.113644582547243,2.8890099045156257,1787260310.187775
26.820399045944214,tr5,drive,3.2,0.26,0.33099999999999996,11443.2,11538.0,12.39,0.215,16.7,1.4768787525307618,-0.34194237201004185,-4.744357308430494,3.210760878953433,14.774365162156899,5.145000899862722,2.9335000340851427,1787260310.2166173
26.840532541275024,tr5,drive,3.2,0.26,0.33099999999999996,11443.2,11471.0,13.78,0.217,16.7,1.5537683411010388,0.024928028993225215,-5.877454194895449,3.2879276363123195,14.711253912730541,5.157898365091462,2.9626133734473212,1787260310.236577
26.860625982284546,tr5,drive,3.2,0.26,0.33099999999999996,11443.2,11492.0,13.47,0.221,16.7,1.5771765949764538,-0.19680314432727286,-5.365236327664945,3.2920560399652112,14.648138343292885,5.168781558816512,2.9940236708059373,1787260310.2565422
26.881093978881836,tr5,drive,3.2,0.26,0.33099999999999996,11443.2,11532.0,12.28,0.214,16.7,1.5622101622824267,-0.20371488243001323,-5.501340218064456,3.177293944841484,14.616112819761826,5.1735436095740095,3.0100177886018264,1787260310.2676704
26.900420427322388,tr5,drive,3.2,0.26,0.33099999999999996,11443.2,11467.0,13.92,0.22,16.7,1.5044487282416434,-0.5154410353615013,-4.409694829854459,3.16603838666644,14.551399801083974,5.181606041138215,3.0417034121703126,1787260310.2881317
26.921080827713013,tr5,drive,3.2,0.26,0.33099999999999996,11443.2,11540.0,12.48,0.219,16.7,1.5123768256487549,-0.22728468082740605,-4.743331122039592,3.1500876327689973,14.506279448887264,5.196524063397012,3.069359485983162,1787260310.3065505
26.940746545791626,tr5,drive,3.2,0.26,0.33099999999999996,11443.2,11523.0,12.63,0.213,16.7,1.5167619866996793,-0.24109028647928454,-5.59542659970964,3.146918356991185,14.409954582792885,5.202082669749733,3.114577172507896,1787260310.3374417
26.960939645767212,tr5,drive,3.2,0.26,0.33099999999999996,11443.2,11461.0,14.17,0.22,16.7,1.5523334299057043,0.02105167202826097,-6.002882823221626,3.26873028067767,14.37746355276003,5.202960644159818,3.12992047414219,1787260310.3465898
26.980512857437134,tr5,drive,3.2,0.26,0.33099999999999996,11443.2,11541.0,12.19,0.218,16.7,1.63011198164785,0.11690203537154176,-5.720261735621705,3.1481744022851736,14.304950565494577,5.203174677531212,-3.118332718397311,1787260310.3704958
27.00054955482483,tr5,drive,3.2,0.26,0.33099999999999996,11443.2,11479.0,13.37,0.214,16.7,1.5545702189052617,-0.7933004061460593,-4.112717657770531,3.2103247047615815,14.24887127588621,5.201511509985687,-3.0901465456618475,1787260310.3879454
27.02038311958313,tr5,drive,3.2,0.26,0.33099999999999996,11443.2,11510.0,13.23,0.221,16.7,1.521302809516319,-0.11685499269235056,-3.8703917814808335,2.883391592974745,14.204127396587152,5.209107108166509,-3.061542768024964,1787260310.407744
27.04072093963623,tr5,drive,3.2,0.26,0.33099999999999996,11443.2,11550.0,11.9,0.215,16.7,1.544044740486996,-0.1705094934918634,-5.804283889255373,3.1657263395362225,14.139845790297956,5.203470164492032,-3.030862824709156,1787260310.4266922
27.0608012676239,tr5,drive,3.2,0.26,0.33099999999999996,11443.2,11471.0,13.71,0.216,16.7,1.4901321068535955,-0.3282184081102031,-5.383773756240885,3.248536283558839,14.07581069580836,5.195883917433479,-3.0001258402484976,1787260310.4466217
27.082607746124268,tr5,drive,3.2,0.26,0.33099999999999996,11443.2,11514.0,12.93,0.219,16.7,1.5626184248775357,0.2026401458745699,-5.933330190060474,3.1263976673220846,14.01236241634789,5.186348207578263,-2.9700625884685996,1787260310.4678164
27.10049271583557,tr5,drive,3.2,0.26,0.33099999999999996,11443.2,11522.0,12.38,0.21,16.7,1.5511575111263798,-0.3458059930078683,-4.909600214558907,3.1249065257982114,13.948703999480387,5.174830604476135,-2.939062251348047,1787260310.4882567
27.120825052261353,tr5,drive,3.2,0.26,0.33099999999999996,11443.2,11492.0,13.59,0.219,16.7,1.516557455927961,-0.22425278974662177,-3.6413306068269264,2.7825313813254873,13.925067969344317,5.1758988310957745,-2.9119977200644405,1787260310.507697
27.14054250717163,tr5,drive,3.2,0.26,0.33099999999999996,11443.2,11535.0,12.15,0.217,16.7,1.481531028639021,-0.56580825878941,-5.353494533410981,3.122334229348848,13.831694723935142,5.152590002970634,-2.8663285157329694,1787260310.5367787
27.160510063171387,tr5,drive,3.2,0.26,0.33099999999999996,11443.2,11495.0,13.09,0.213,16.7,1.4496794888436189,-0.03450030058114972,-5.548485735165343,3.226845777439098,13.7694092438626,5.134549758735382,-2.8367279118188025,1787260310.556724
27.181731939315796,tr5,drive,3.2,0.26,0.33099999999999996,11443.2,11484.0,13.63,0.22,16.7,1.5643843669963673,0.21779578231560492,-5.995420606286757,3.164487804059462,13.708801469189021,5.115025039437107,-2.8076208794817963,1787260310.5775046
27.200557708740234,tr5,drive,3.2,0.26,0.33099999999999996,11443.2,11523.0,12.24,0.215,16.7,1.5314900664761444,-0.2663182091262506,-5.649906279717129,3.28137059173235,13.678191061677804,5.104404186378024,-2.791829083812073,1787260310.586621
27.22044563293457,tr5,drive,3.2,0.26,0.33099999999999996,11443.2,11476.0,13.47,0.216,16.7,1.4936285710487605,-0.3346825418356012,-3.9011469676852073,3.150103089656302,13.617913064201563,5.081907546943154,-2.761076328954568,1787260310.6077592
27.240444660186768,hold5,drive,3.2,0.26,0.33099999999999996,11443.2,11510.0,12.82,0.219,16.7,1.5057974861757142,-0.28182542769597774,-4.6766944954490555,3.2983420756135073,13.55845698247959,5.057594727181289,-2.730993865248206,1787260310.6265993
27.261641025543213,hold5,drive,3.2,0.26,0.33099999999999996,11443.2,11516.0,12.35,0.213,16.7,1.4443238718914697,-0.2642668230621297,-5.000188206929579,3.165705230149924,13.499622136150316,5.031465866478333,-2.7009309659257124,1787260310.6476653
27.286201238632202,hold5,drive,3.2,0.26,0.33099999999999996,11443.2,11468.0,13.76,0.217,16.7,1.5104883781197795,0.19615059503254528,-6.440363915671753,3.2997252252764504,13.438463943741874,5.002054530948784,-2.670185454613283,1787260310.667698
27.30065608024597,hold5,drive,3.2,0.26,0.33099999999999996,11443.2,11506.0,12.7,0.22,16.7,1.5239831479954293,-0.21410805288114787,-5.340861038731873,3.1297171046206516,13.384369774995525,4.9739857397055225,-2.641707022945814,1787260310.688185
27.32041645050049,hold5,drive,3.2,0.26,0.33099999999999996,11443.2,11496.0,12.64,0.214,16.7,1.5116373989720944,-0.37556996648145713,-4.118383317619333,3.203637923029274,13.328426888331935,4.942889576475724,-2.6114528403327606,1787260310.7076194
27.341248989105225,hold5,drive,3.2,0.26,0.33099999999999996,11443.2,11488.0,13.32,0.219,16.7,1.5391056419293352,-0.24335370721007266,-4.488751235382864,3.059805251903152,13.302198934641275,4.939348618990397,-2.586360318557023,1787260310.7265728
27.36130714416504,hold5,drive,3.2,0.26,0.33099999999999996,11443.2,11535.0,11.98,0.217,16.7,1.5126145127760446,-0.4199405045502793,-4.633398785298425,3.1881269051976506,13.221341851359263,4.887471468582552,-2.540285535480499,1787260310.7565184
27.380649089813232,hold5,drive,3.2,0.26,0.33099999999999996,11443.2,11481.0,13.06,0.216,16.7,1.5515239620923749,0.1101188263833599,-6.00552459536641,3.1106347931163922,13.181546920817645,4.860227179640369,-2.517985202270462,1787260310.7729793
27.400474309921265,hold5,drive,3.2,0.26,0.33099999999999996,11443.2,11489.0,13.29,0.221,16.7,1.558175606389011,-0.00987760132519977,-5.4285815564239215,3.7018348321998387,13.117607911049648,4.834990715255468,-2.4816766789792357,1787260310.796624
27.42051362991333,hold5,drive,3.2,0.26,0.33099999999999996,11443.2,11540.0,11.81,0.217,16.7,1.555452524174405,-0.12254351150082154,-5.005833109161927,3.5329997180587887,13.067387679129324,4.795413949848149,-2.450637035626533,1787260310.8165128
27.440717935562134,hold5,drive,3.2,0.26,0.33099999999999996,11443.2,11483.0,13.19,0.216,16.7,1.517272914154811,-0.32164719724358903,-4.530043981726067,3.4531790481820326,13.017900396653923,4.753885598145384,-2.419517776905346,1787260310.8365989
27.460692882537842,hold5,drive,3.2,0.26,0.33099999999999996,11443.2,11534.0,12.4,0.22,16.7,1.4749321149319683,-0.25225898048459783,-4.215565507724136,3.2722369147067454,12.993500545573808,4.732406933308201,-2.4043573570054795,1787260310.8480046
27.480373859405518,hold5,drive,3.2,0.26,0.33099999999999996,11443.2,11511.0,12.25,0.213,16.7,1.5167310940310346,-0.01857087647815714,-6.298665409096657,3.4203677298210167,12.945988577270452,4.688639926387385,-2.37460079172168,1787260310.8667357
27.50050115585327,hold5,drive,3.2,0.26,0.33099999999999996,11443.2,11456.0,13.79,0.219,16.7,1.5598515336629981,0.10382502936622373,-5.959466075701812,3.1304846751027453,12.897119759572032,4.640829727274823,-2.342380565181314,1787260310.8899057
27.520483016967773,hold5,drive,3.2,0.26,0.33099999999999996,11443.2,11525.0,12.13,0.218,16.7,1.539668367867669,-0.28757017113986194,-4.442201841943245,3.7806133535544837,12.83147403639242,4.594162861441904,-2.3046890534973214,1787260310.907998
27.540438413619995,hold5,drive,3.2,0.26,0.33099999999999996,11443.2,11495.0,12.46,0.21,16.7,1.539958252952324,-0.37104666989452184,-4.890735926614013,3.4768214719915873,12.788652558455457,4.545953672405964,-2.273779412826899,1787260310.9281607
27.56076431274414,hold5,drive,3.2,0.26,0.33099999999999996,11443.2,11499.0,13.1,0.22,16.7,1.5416215302111331,-0.1278533682619516,-3.769028539644893,3.370684532034768,12.747484609531542,4.496598096257988,-2.2429922668985602,1787260310.9477315
27.58069396018982,hold5,drive,3.2,0.26,0.33099999999999996,11443.2,11520.0,12.04,0.214,16.7,1.5024007573633724,-0.47123557150662876,-5.5512660863270185,3.2770805200053426,12.707805459590134,4.445938713698397,-2.2121505427647206,1787260310.9677806
27.601353406906128,hold5,drive,3.2,0.26,0.33099999999999996,11443.2,11444.0,13.58,0.213,16.7,1.4234189894407292,0.12197263136695824,-5.399265954774762,3.2607891834436646,12.649491273587358,4.391111564353495,-2.1685456419833695,1787260310.99677
27.621089220046997,hold5,drive,3.2,0.26,0.33099999999999996,11443.2,11489.0,12.97,0.218,16.7,1.5073063000912985,0.4025846886729525,-4.862148303344725,3.2876684019884266,12.614045635324281,4.33827957423344,-2.1406378773105077,1787260311.0166607
27.641252517700195,hold5,drive,3.2,0.26,0.33099999999999996,11443.2,11512.0,12.11,0.214,16.7,1.4819423538693839,-0.3988153540315551,-5.571793907196195,3.3950693555765596,12.57983545927719,4.283967505346133,-2.1101102305068657,1787260311.036649
27.661508798599243,hold5,drive,3.2,0.26,0.33099999999999996,11443.2,11456.0,13.69,0.22,16.7,1.4093605615203644,-0.32161997114454266,-4.206910458745142,3.3576467785534945,12.547261948987703,4.228674837500761,-2.0806986398425353,1787260311.0565464
27.68110990524292,hold5,drive,3.2,0.26,0.33099999999999996,11443.2,11456.0,13.69,0.22,16.7,1.4093605615203644,-0.32161997114454266,-4.206910458745142,3.2075655080299708,12.531515893929043,4.200522599280268,-2.066848619645985,1787260311.0678353
27.70144295692444,hold5,drive,3.2,0.26,0.33099999999999996,11443.2,11469.0,12.94,0.212,16.7,1.5213086684707173,-0.02976678744624195,-5.146136470022668,3.152297180697652,12.501358292675091,4.143910035811864,-2.036920858381353,1787260311.0876544
27.72106146812439,hold5,drive,3.2,0.26,0.33099999999999996,11443.2,11454.0,13.59,0.219,16.7,1.5895140882004095,0.17479902935054348,-5.397039919680651,2.891970530473989,12.470428656994734,4.118026419622971,-2.0115512028157085,1787260311.107614
27.741019010543823,hold5,drive,3.2,0.26,0.33099999999999996,11443.2,11496.0,12.37,0.217,16.7,1.5518476693228738,-0.2866984608840859,-5.804563386175516,3.170197791675231,12.430788323486984,4.0304840474172074,-1.9641560211544582,1787260311.13663
27.76051688194275,hold5,drive,3.2,0.26,0.33099999999999996,11443.2,11445.0,13.27,0.217,16.7,1.5275505854336446,-0.618931823248694,-4.109683829799479,3.098568514337284,12.41840516356231,4.000729216269353,-1.9488611795771316,1787260311.1476243
27.780643701553345,hold5,drive,3.2,0.26,0.33099999999999996,11443.2,11469.0,13.07,0.219,16.7,1.5444346272705838,-0.2789457834992568,-4.657971710129004,3.1287515761078737,12.395213110359585,3.94099528477822,-1.9181556747819015,1787260311.1677656
27.80077815055847,hold5,drive,3.2,0.26,0.33099999999999996,11443.2,11492.0,12.44,0.216,16.7,1.5169729090580135,-0.22155265507810995,-5.20625052727388,3.281390863927658,12.37388835595845,3.8806796160878796,-1.8874262917163618,1787260311.1866775
27.820753574371338,hold5,drive,3.2,0.26,0.33099999999999996,11443.2,11441.0,13.61,0.217,16.7,1.5393310785156102,0.01194889076407657,-5.559895407556041,3.1477517981915026,12.343029414955415,3.828858038262609,-1.8550468801598285,1787260311.20776
27.84047245979309,hold5,drive,3.2,0.26,0.33099999999999996,11443.2,11473.0,12.84,0.218,16.7,1.5170698481216924,-0.4287878538422696,-5.389655470717287,3.2885044680154545,12.325574025666809,3.76736300217253,-1.8244004837486902,1787260311.2265968
27.86048412322998,hold5,drive,3.2,0.26,0.33099999999999996,11443.2,11475.0,12.62,0.214,16.7,1.4917465151064015,-0.1411967332241817,-5.154207382132995,3.157201742459065,12.309942075380876,3.7051383141051764,-1.7939426908476774,1787260311.247626
27.88065481185913,hold5,drive,3.2,0.26,0.33099999999999996,11443.2,11446.0,13.42,0.218,16.7,1.522212279028581,-0.3117868543415767,-4.712000569790405,3.2683883844696444,12.290045599886797,3.6109759121026976,-1.7490473966509457,1787260311.2766173
27.90051817893982,hold5,drive,3.2,0.26,0.33099999999999996,11443.2,11493.0,12.42,0.218,16.7,1.5180015550290569,-0.3063774487297053,-4.52943879488015,3.146357100223814,12.2843891353047,3.5795191494331875,-1.733678859490361,1787260311.2877862
27.920533895492554,hold5,drive,3.2,0.26,0.33099999999999996,11443.2,11466.0,12.85,0.214,16.7,1.568469656108549,0.03543527954024661,-6.195578408012636,2.871838861149305,12.265349026835557,3.541038974366989,-1.7055515102611576,1787260311.307614
27.94048833847046,hold5,drive,3.2,0.26,0.33099999999999996,11443.2,11441.0,13.59,0.219,16.7,1.6093703509719313,-0.23173554502734817,-5.743969272498703,3.0229194740973044,12.257188580206838,3.4772718508765283,-1.6743402614424756,1787260311.3277814
27.961163997650146,hold5,drive,3.2,0.26,0.33099999999999996,11443.2,11504.0,12.14,0.217,16.7,1.586160236281618,-0.0824970170007795,-5.166802285187146,3.221445205193157,12.248807987877843,3.381930277399494,-1.6263853379706648,1787260311.3567896
27.980406522750854,hold5,drive,3.2,0.26,0.33099999999999996,11443.2,11464.0,12.91,0.214,16.7,1.6013017718173181,-0.45337057275948567,-5.149600360723355,3.1657451188118166,12.246531065695489,3.341652927731877,-1.6066701057728452,1787260311.3700783
28.001426696777344,hold5,drive,3.2,0.26,0.33099999999999996,11443.2,11467.0,13.15,0.221,16.7,1.5536327862015538,-0.21939068354323155,-4.274295528971209,2.9630482653626746,12.244776536998534,3.285695123632209,-1.5787064621447475,1787260311.3879426
28.021366596221924,hold5,drive,3.2,0.26,0.33099999999999996,11443.2,11503.0,11.99,0.214,16.7,1.5407156559663424,-0.004063920119451669,-5.372363499128596,2.817183543372818,12.236711262551141,3.241153050455089,-1.5475496666328092,1787260311.4076216
28.040751457214355,hold5,drive,3.2,0.26,0.33099999999999996,11443.2,11432.0,13.64,0.216,16.7,1.5626571738713966,-0.1731916114263754,-6.045497332719606,3.1499802709212714,12.240399945338721,3.144956908779458,-1.5012705607273564,1787260311.4365735
28.06052803993225,hold5,drive,3.2,0.26,0.33099999999999996,11443.2,11475.0,12.88,0.219,16.7,1.6225531315258779,0.0632601517675937,-5.366016930987939,3.0711296462474893,12.242635316625991,3.1129481697713643,-1.4854684000392786,1787260311.4476871
28.080581665039062,hold5,drive,3.2,0.26,0.33099999999999996,11443.2,11493.0,12.21,0.213,16.7,1.5683463517500782,-0.5080380945778451,-5.239965574168139,3.262034001365433,12.248600125559829,3.049033086926518,-1.4532927034506473,1787260311.4666424
28.100636959075928,hold5,drive,3.2,0.26,0.33099999999999996,11443.2,11422.0,13.98,0.218,16.7,1.5756378204986061,0.06646064366441884,-4.982481083011805,3.1403365143130086,12.256594182915068,2.985489794541171,-1.4217650755284377,1787260311.4876943
28.120941400527954,hold5,drive,3.2,0.26,0.33099999999999996,11443.2,11488.0,12.29,0.217,16.7,1.6306062643461685,-0.1362095331455757,-5.031816382468207,3.6389429109760973,12.256470512121021,2.918840366883346,-1.385501884520255,1787260311.5065396
28.140804767608643,hold5,drive,3.2,0.26,0.33099999999999996,11443.2,11470.0,12.76,0.213,16.7,1.5691435690223932,-0.1885158121383519,-5.581083963822209,3.4732018121332535,12.268823562375388,2.855655133344849,-1.3530841147931592,1787260311.5265927
28.160737991333008,hold5,drive,3.2,0.26,0.33099999999999996,11443.2,11447.0,13.61,0.22,16.7,1.580669863378311,-0.03993693229206752,-5.508117726017133,3.406918764976519,12.28315020682043,2.7932348030085326,-1.3214501148684006,1787260311.5465724
28.184378385543823,hold5,drive,3.2,0.26,0.33099999999999996,11443.2,11497.0,12.07,0.218,16.7,1.6572835484596558,-0.1296492675362293,-6.355652960004761,3.2932884939024962,12.308996968483386,2.6981650280058473,-1.2728714063024802,1787260311.5773466
28.201682567596436,hold5,drive,3.2,0.26,0.33099999999999996,11443.2,11435.0,13.32,0.214,16.7,1.557557886174167,-0.5145277002375188,-4.338732725299991,3.289366738654107,12.327766141051768,2.638762364484332,-1.2403292143808526,1787260311.596776
28.220786094665527,hold5,drive,3.2,0.26,0.33099999999999996,11443.2,11464.0,13.1,0.217,16.7,1.5483697140972847,-0.2141515050043239,-4.5903340401759465,3.3741813869081296,12.3375472471951,2.5764676666920545,-1.2067025399289892,1787260311.6167932
28.240497827529907,hold5,drive,3.2,0.26,0.33099999999999996,11443.2,11480.0,12.33,0.215,16.7,1.5421032960523282,-0.14125114887717505,-5.910643577080066,3.2400686253912614,12.348977080455978,2.5464477434276422,-1.191294668804735,1787260311.627767
28.261120080947876,hold5,drive,3.2,0.26,0.33099999999999996,11443.2,11427.0,13.69,0.218,16.7,1.6208164841790373,0.10917652926810995,-5.9066470050106545,3.3322946478173128,12.385950764449346,2.4577154553163787,-1.1450535813967466,1787260311.6565764
28.29196000099182,hold5,drive,3.2,0.26,0.33099999999999996,11443.2,11459.0,12.89,0.217,16.7,1.6602544378136936,-0.23058302222785088,-5.870440459420308,3.1941068702073467,12.400284074619787,2.4261796224651095,-1.1270515412628292,1787260311.6686392
28.30117678642273,hold5,drive,3.2,0.26,0.33099999999999996,11443.2,11458.0,12.7,0.214,16.7,1.5895092945104472,-0.025794252915955163,-5.269067752436854,3.1893296438717416,12.42706612072942,2.370955952816967,-1.0954010694344893,1787260311.6878927
28.320475101470947,hold5,drive,3.2,0.26,0.33099999999999996,11443.2,11435.0,13.65,0.219,16.7,1.6108530659088327,-0.16896725375245936,-3.9675558452163386,3.4947937617233302,12.465545573589516,2.276878382660473,-1.041383412478837,1787260311.7166336
28.34045100212097,hold5,drive,3.2,0.26,0.33099999999999996,11443.2,11477.0,12.36,0.218,16.7,1.5564381600938435,-0.5622689390035802,-5.549073965085142,3.4654275332042124,12.498096009238788,2.2223089757496535,-1.0091517730395974,1787260311.7365377
28.36195969581604,hold5,drive,3.2,0.26,0.33099999999999996,11443.2,11438.0,13.07,0.212,16.7,1.5374487562571422,-0.08527703012028542,-5.322914763683684,3.2746948125612825,12.532632662555686,2.16831435781931,-0.9783979176304783,1787260311.7575173
28.38083052635193,hold5,drive,3.2,0.26,0.33099999999999996,11443.2,11438.0,13.07,0.212,16.7,1.5374487562571422,-0.08527703012028542,-5.322914763683684,3.329829668951408,12.55342837962976,2.1374159332416647,-0.9605177026675749,1787260311.7682865
28.401437520980835,hold5,drive,3.2,0.26,0.33099999999999996,11443.2,11462.0,12.53,0.217,16.7,1.5966652083594903,0.079959873475552,-5.617159531776338,3.1759731933491486,12.5875586290208,2.0893710280261173,-0.9311675007182688,1787260311.787705
28.420610666275024,hold5,drive,3.2,0.26,0.33099999999999996,11443.2,11425.0,13.32,0.216,16.7,1.5962429641686584,-0.44151676777588733,-4.3421603632620815,3.3403400657773865,12.608640785022766,2.046660402386535,-0.8982703025432154,1787260311.8065598
28.440375328063965,hold5,drive,3.2,0.26,0.33099999999999996,11443.2,11456.0,13.1,0.221,16.7,1.5127299608092992,-0.5051023171084594,-4.397346386950602,3.277601728792006,12.669643994347503,1.9725187308564556,-0.850283073020466,1787260311.8366296
28.46062731742859,hold5,drive,3.2,0.26,0.33099999999999996,11443.2,11473.0,12.31,0.214,16.7,1.5371583385402694,-0.12499917772695657,-5.433406678986728,3.1650721492635085,12.690747687507821,1.948436361685213,-0.8356221032245663,1787260311.8476617
28.480699062347412,hold5,drive,3.2,0.26,0.33099999999999996,11443.2,11415.0,13.86,0.215,16.7,1.6150234430178425,0.05356841881789709,-6.352786654769318,3.2974827256542296,12.734113054669358,1.9011819412037612,-0.8050032675335563,1787260311.8666067
28.500909328460693,hold5,drive,3.2,0.26,0.33099999999999996,11443.2,11458.0,12.98,0.22,16.7,1.6463423505952288,0.017258683571282685,-5.527343956626396,3.1411167169858842,12.778786258838716,1.855460832491019,-0.7731039742112966,1787260311.887749
28.52078104019165,hold5,drive,3.2,0.26,0.33099999999999996,11443.2,11470.0,12.33,0.214,16.7,1.6426268414004046,-0.1639093389065316,-4.8425718245028975,2.9166319043245776,12.802165674146218,1.8172386480656844,-0.7414764471878574,1787260311.9079323
28.540499210357666,hold5,drive,3.2,0.26,0.33099999999999996,11443.2,11439.0,13.54,0.219,16.7,1.5988178414686012,-0.28852695838702047,-4.442820185024942,3.1929252694547103,12.874052063607312,1.7535086627247451,-0.6921584732447604,1787260311.9365966
28.5609028339386,hold5,drive,3.2,0.26,0.33099999999999996,11443.2,11494.0,12.1,0.218,16.7,1.597248840112381,-0.1170072395764139,-5.7919246290020965,3.1011474605275384,12.899006322097064,1.7328010185258274,-0.6761949224677686,1787260311.9478288
28.58104181289673,hold5,drive,3.2,0.26,0.33099999999999996,11443.2,11457.0,12.99,0.212,16.7,1.5948800914808101,0.04435502467413066,-6.225567608933773,3.2883600207720227,12.974693687520784,1.6739856580039216,-0.6284611047656727,1787260311.9765923
28.601118087768555,hold5,drive,3.2,0.26,0.33099999999999996,11443.2,11438.0,13.71,0.219,16.7,1.6272537440079222,0.07525529949122456,-5.767825913381216,3.149150244881871,13.000662248639586,1.655103386829827,-0.6125073914346161,1787260311.9879606
28.62046194076538,hold5,drive,3.2,0.26,0.33099999999999996,11443.2,11476.0,12.29,0.216,16.7,1.6172638272848716,-0.2855476922493594,-5.457222974079514,3.3709602820241007,13.055181978619029,1.6174755548521509,-0.578806621656989,1787260312.007319
28.640464544296265,hold5,drive,3.2,0.26,0.33099999999999996,11443.2,11421.0,13.28,0.215,16.7,1.527821428916506,-0.5520026896826309,-4.16130772956015,3.3973291892416153,13.13082088815307,1.5586436612048942,-0.5262846962711132,1787260312.0366259
28.66130542755127,hold5,drive,3.2,0.26,0.33099999999999996,11443.2,11473.0,12.7,0.217,16.7,1.5504096954922855,0.23251472309146592,-5.211273870455784,3.238285301629542,13.15829127872694,1.542684346011273,-0.5115036935406568,1787260312.0477064
28.6803081035614,hold5,drive,3.2,0.26,0.33099999999999996,11443.2,11461.0,12.65,0.217,16.7,1.553551426630252,-0.31065976693125563,-5.8126489163256,3.3297562009149804,13.21454284403876,1.5116606147414093,-0.4805652704830158,1787260312.066732
28.700639486312866,hold5,drive,3.2,0.26,0.33099999999999996,11443.2,11408.0,13.87,0.219,16.7,1.59081996924093,-0.10813092829315618,-5.445008724780621,3.1786223273143333,13.271472889774241,1.482533977195496,-0.44958072979686947,1787260312.0876405
28.72051429748535,hold5,drive,3.2,0.26,0.33099999999999996,11443.2,11452.0,12.94,0.219,16.7,1.6176453251110254,-0.3707222955923264,-5.075975726407648,3.5939405255205035,13.363588881095469,1.4288258199558386,-0.39404374142000376,1787260312.116607
28.74128246307373,hold5,drive,3.2,0.26,0.33099999999999996,11443.2,11445.0,12.81,0.211,16.7,1.5270409895590582,-0.468428359696901,-4.770248780447105,3.389707859697996,13.394062846325365,1.416157218412082,-0.3772623400088533,1787260312.1279356
28.763365030288696,hold5,drive,3.2,0.26,0.33099999999999996,11443.2,11424.0,13.69,0.217,16.7,1.5616655458395055,0.039014506574611474,-5.049244009465838,3.403072648969427,13.452905824088251,1.3933680059213847,-0.34674495846006825,1787260312.1466126
28.781453371047974,hold5,drive,3.2,0.26,0.33099999999999996,11443.2,11457.0,12.67,0.217,16.7,1.5837315665255205,-0.3260835530390729,-5.919767572774447,3.1919900365169602,13.517236367839757,1.3707283408090227,-0.313583458772512,1787260312.169365
28.80115246772766,hold5,drive,3.2,0.26,0.33099999999999996,11443.2,11408.0,13.52,0.215,16.7,1.637530882654538,0.025560451074463142,-5.370664298187307,3.3440242166817438,13.604978568497009,1.34371990243611,-0.26825250648066057,1787260312.1966236
28.820662260055542,hold5,drive,3.2,0.26,0.33099999999999996,11443.2,11426.0,13.54,0.22,16.7,1.6875864600811767,-0.10136047354466182,-5.493552895925404,2.962435134829484,13.634900607252382,1.3299189865071588,-0.23783731988608428,1787260312.2165487
28.840510845184326,hold5,drive,3.2,0.26,0.33099999999999996,11443.2,11457.0,12.68,0.218,16.7,1.5798834319084105,-0.4604074412825412,-5.164485618246545,2.9284820104012583,13.66627056442608,1.322303532472996,-0.2205878915425778,1787260312.2278783
28.86044406890869,hold5,drive,3.2,0.26,0.33099999999999996,11443.2,11414.0,13.57,0.215,16.7,1.5808216635604453,-0.27991528844100344,-4.973237804113012,3.192676867158306,13.759786819065019,1.302844387410106,-0.17340043536838007,1787260312.2565014
28.881951093673706,hold5,drive,3.2,0.26,0.33099999999999996,11443.2,11448.0,13.07,0.218,16.7,1.57949434407315,-0.12405861650392769,-5.360242805284145,3.0855572242216684,13.791736799220109,1.2972457495634246,-0.15733289877672235,1787260312.2679405
28.900686264038086,hold5,drive,3.2,0.26,0.33099999999999996,11443.2,11457.0,12.63,0.214,16.7,1.5619489061794898,-0.15438437038163144,-4.813445087927391,3.141717484389604,13.858329831154625,1.287229689470603,-0.12408892569725778,1787260312.288944
28.92066240310669,hold5,drive,3.2,0.26,0.33099999999999996,11443.2,11407.0,13.84,0.218,16.7,1.5872187096568702,-0.1554100451411422,-5.823277400671714,3.4818263885514975,13.916266488346546,1.2722702782872968,-0.09044434930800234,1787260312.30659
28.940340995788574,hold5,drive,3.2,0.26,0.33099999999999996,11443.2,11452.0,12.94,0.219,16.7,1.5612225289921706,-0.3668876548583171,-4.793583264949518,3.3388213767780877,14.011776492115041,1.2651428293806568,-0.04282113404382175,1787260312.3365922
28.96091651916504,hold5,drive,3.2,0.26,0.33099999999999996,11443.2,11453.0,12.58,0.215,16.7,1.5846378402444745,-0.13366698094563834,-5.568814165972242,3.3177611348584444,14.075782267217551,1.2628750696690023,-0.011733347777859449,1787260312.3565886
28.981337308883667,hold5,drive,3.2,0.26,0.33099999999999996,11443.2,11425.0,13.62,0.219,16.7,1.5465190834557887,-0.4133675395188945,-4.890554078199443,3.185885592427657,14.109632664914114,1.262469347749707,0.005103548748352018,1787260312.3683505
29.001155853271484,hold5,drive,3.2,0.26,0.33099999999999996,11443.2,11485.0,12.35,0.217,16.7,1.572615132661366,-0.17267332882681075,-4.629029160854429,3.181867734181519,14.171799511536614,1.263262920564148,0.03535898922820538,1787260312.3878536
29.02045702934265,hold5,drive,3.2,0.26,0.33099999999999996,11443.2,11433.0,13.13,0.213,16.7,1.6033544032274967,-0.06127227194993967,-5.8306448927089605,2.9024691347894414,14.185332710545884,1.25678049884495,0.0571720234901019,1787260312.407617
29.040703773498535,hold5,drive,3.2,0.26,0.33099999999999996,11443.2,11429.0,13.62,0.219,16.7,1.6128578935774445,0.045266596497067546,-5.144310384496293,3.1640962653946123,14.280749657128116,1.2637334984085873,0.10511911732191889,1787260312.4365878
29.060919761657715,hold5,drive,3.2,0.26,0.33099999999999996,11443.2,11487.0,12.05,0.218,16.7,1.5932799311398362,-0.026185751429457227,-6.198023128981504,3.091273963612417,14.31274215869325,1.267083382623491,0.12132507917395971,1787260312.447599
29.080532789230347,hold5,drive,3.2,0.26,0.33099999999999996,11443.2,11416.0,13.55,0.217,16.7,1.5317850115668707,-0.6074422632707268,-4.3439575050697385,3.2625234714223845,14.376440618100764,1.2753266758174122,0.15330920685565066,1787260312.4666288
29.100656747817993,hold5,drive,3.2,0.26,0.33099999999999996,11443.2,11463.0,12.94,0.22,16.7,1.5783530463879965,-0.04482630113960351,-4.3696121648422945,3.127946011310729,14.439420684902828,1.2855587096417909,0.18423355436391772,1787260312.4877682
29.120656728744507,hold5,drive,3.2,0.26,0.33099999999999996,11443.2,11476.0,12.35,0.215,16.7,1.5152766086016878,-0.39594850061962106,-5.580317978538972,3.1873643486514167,14.502838141846373,1.286563401414488,0.21794633897754848,1787260312.5079195
29.14045524597168,hold5,drive,3.2,0.26,0.33099999999999996,11443.2,11402.0,13.96,0.218,16.7,1.52365411444275,-0.13719179232700984,-5.4844996515434445,3.3269367106456906,14.565439463253917,1.300912908663609,0.2486025018627207,1787260312.5266194
29.160672426223755,hold5,drive,3.2,0.26,0.33099999999999996,11443.2,11468.0,12.6,0.217,16.7,1.6020149663572414,0.09015898944891987,-5.654938393722887,3.3331797201627342,14.627010364215797,1.3170521353136915,0.2789716597670295,1787260312.5465863
29.18071413040161,hold5,drive,3.2,0.26,0.33099999999999996,11443.2,11449.0,12.76,0.211,16.7,1.523186463355332,-0.3818058395160584,-4.9772261900801595,3.2884771744825327,14.719384353688584,1.3450816340212175,0.3268700256644988,1787260312.5767512
29.200581789016724,hold5,drive,3.2,0.26,0.33099999999999996,11443.2,11427.0,13.74,0.22,16.7,1.522511352018997,-0.024587314463464516,-4.14573103875648,3.162701467583395,14.74940179760006,1.3552382043818751,0.34153299691200206,1787260312.5877957
29.220452308654785,hold5,drive,3.2,0.26,0.33099999999999996,11443.2,11476.0,12.28,0.217,16.7,1.523380607798799,-0.3228396638367208,-5.371863562168926,3.5705389352084556,14.81584148887739,1.3664379833999796,0.3743437289128577,1787260312.6076298
29.240634202957153,hold5,drive,3.2,0.26,0.33099999999999996,11443.2,11420.0,13.41,0.213,16.7,1.4830658083752337,-0.10072804232714905,-4.981972959949871,3.492515758993846,14.875557699323867,1.3904099705923967,0.40489816856674377,1787260312.6266341
29.260648250579834,hold5,drive,3.2,0.26,0.33099999999999996,11443.2,11434.0,13.48,0.218,16.7,1.6011883211548807,0.16877509961986092,-6.048366561563,3.250892060037583,14.93417551059798,1.4160670744497725,0.43480553300704605,1787260312.6477034
29.28042984008789,hold5,drive,3.2,0.26,0.33099999999999996,11443.2,11471.0,12.37,0.214,16.7,1.5579962424895941,-0.15536834718273695,-5.539558205925289,3.3737499735407543,14.992528949183525,1.4437260781000842,0.4665706351012517,1787260312.6671884
29.30050778388977,hold5,drive,3.2,0.26,0.33099999999999996,11443.2,11423.0,13.64,0.217,16.7,1.5575249961347049,-0.1822689755739333,-3.9816806723113984,3.2151801825560766,15.048911278392016,1.4726610358981669,0.49755548427479457,1787260312.6877599
29.320481777191162,hold5,drive,3.2,0.26,0.33099999999999996,11443.2,11461.0,12.71,0.217,16.7,1.5709104432476064,-0.2600116578694269,-4.993325329624724,3.4951932856286048,15.146255371795537,1.510479796231622,0.5464828661842333,1787260312.7164953
29.34049081802368,hold5,drive,3.2,0.26,0.33099999999999996,11443.2,11466.0,12.58,0.213,16.7,1.5044836156519235,-0.1694276489145885,-4.933349851390403,3.310104846960199,15.174036674327873,1.5273749775564436,0.5624740226956358,1787260312.7277923
29.3606960773468,hold5,drive,3.2,0.26,0.33099999999999996,11443.2,11419.0,13.87,0.218,16.7,1.5892250020640815,0.06314783954088998,-6.295306768282217,3.2489419914209456,15.227983234906231,1.5619582460572012,0.5928786846130734,1787260312.747715
29.380444288253784,hold5,drive,3.2,0.26,0.33099999999999996,11443.2,11460.0,12.74,0.219,16.7,1.5979099698529935,-0.36591811337147107,-5.287830883546633,3.206817514449002,15.280705505110515,1.5980931495142472,0.6242558868035961,1787260312.7677565
29.40064811706543,hold5,drive,3.2,0.26,0.33099999999999996,11443.2,11451.0,12.76,0.215,16.7,1.58388203512711,-0.03283113057528553,-5.283953009960044,3.1957258078509962,15.33235521183236,1.6359200101618103,0.6561385423989728,1787260312.787714
29.420416593551636,hold5,drive,3.2,0.26,0.33099999999999996,11443.2,11435.0,13.45,0.219,16.7,1.5965678698216477,-0.2552509277717476,-4.684575373042549,3.5076858383138623,15.387297208210292,1.663327989161456,0.6897576815957082,1787260312.806554
29.440391063690186,hold5,drive,3.2,0.26,0.33099999999999996,11443.2,11483.0,12.23,0.218,16.7,1.5496978325329072,-0.42383135164715213,-4.930174228433714,3.339645473937157,15.46027226419443,1.7255136676000098,0.7376284844517695,1787260312.8365638
29.460689306259155,hold5,drive,3.2,0.26,0.33099999999999996,11443.2,11436.0,13.18,0.214,16.7,1.6156005500260626,0.2298471135614122,-6.425956375687804,3.212753636245705,15.484208286539266,1.7472274432227917,0.7529368264124455,1787260312.847644
29.480486154556274,hold5,drive,3.2,0.26,0.33099999999999996,11443.2,11439.0,13.42,0.22,16.7,1.6380043926963541,-0.19369878431439602,-5.23629235313814,3.2821315830784497,15.55297073485216,1.8137562437232224,0.8009377003938454,1787260312.8765101
29.50038981437683,hold5,drive,3.2,0.26,0.33099999999999996,11443.2,11494.0,11.95,0.216,16.7,1.6064974659460083,-0.0785789255323106,-5.73481896433276,3.034704557354658,15.575431643705775,1.8369361375709978,0.8175870217145143,1787260312.8896449
29.520540952682495,hold5,drive,3.2,0.26,0.33099999999999996,11443.2,11430.0,13.45,0.214,16.7,1.5388656911151188,-0.3452586570542877,-4.922747679515851,3.456022821284264,15.652008063526237,1.8977679925447435,0.8680363337329456,1787260312.9165435
29.540889739990234,hold5,drive,3.2,0.26,0.33099999999999996,11443.2,11467.0,12.88,0.218,16.7,1.533611141126338,-0.16378252741164445,-4.790950263628588,3.2812225747144077,15.672872675133423,1.922398706705489,0.883261472854928,1787260312.9277778
29.560632705688477,hold5,drive,3.2,0.26,0.33099999999999996,11443.2,11465.0,12.4,0.213,16.7,1.5731321853870053,0.008677757190128421,-5.913609869707443,3.356772726561591,15.713131151729934,1.972182927151839,0.9139133423372882,1787260312.9466157
29.581727743148804,hold5,drive,3.2,0.26,0.33099999999999996,11443.2,11465.0,12.4,0.213,16.7,1.5731321853870053,0.008677757190128421,-5.913609869707443,3.1904890260314422,15.754459563231443,2.026694366009324,0.9472860145348988,1787260312.9691334
29.600399017333984,hold5,drive,3.2,0.26,0.33099999999999996,11443.2,11468.0,12.53,0.218,16.7,1.6277276535239018,-0.0573687162947536,-4.955771000768834,3.132032530530611,15.788849409468266,2.075281154274154,0.9768674129789835,1787260312.9879682
29.62074041366577,hold5,drive,3.2,0.26,0.33099999999999996,11443.2,11457.0,12.53,0.21,16.7,1.6015594326527833,-0.3048333817353317,-5.168752331690655,2.8371256081328298,15.831823778510815,2.125164792209353,1.02341352804678,1787260313.0166175
29.64134693145752,hold5,drive,3.2,0.26,0.33099999999999996,11443.2,11439.0,13.66,0.219,16.7,1.5818765416682257,-0.022030281267893415,-4.492222142742634,2.96266552179312,15.864728480129816,2.1800327647298414,1.0550880593548813,1787260313.0375957
29.660608530044556,hold5,drive,3.2,0.26,0.33099999999999996,11443.2,11466.0,12.36,0.215,16.7,1.596353085879733,-0.4088569606265473,-5.781163412854994,3.159128550350162,15.895805832612016,2.2358812124829006,1.086768075051187,1787260313.0565526
29.680822610855103,hold5,drive,3.2,0.26,0.33099999999999996,11443.2,11418.0,13.45,0.21,16.7,1.5313489189383704,0.15350538765107657,-5.478959414475753,3.0591581587056837,15.91095414774228,2.2646488354775296,1.1029684716681756,1787260313.0680578
29.700572729110718,hold5,drive,3.2,0.26,0.33099999999999996,11443.2,11439.0,13.4,0.219,16.7,1.640011617209947,0.42213679193348597,-4.991389316439381,3.136923541369328,15.939206638549752,2.321675258997489,1.133807396112152,1787260313.087749
29.720820903778076,hold5,drive,3.2,0.26,0.33099999999999996,11443.2,11468.0,12.31,0.214,16.7,1.6311510139471443,-0.44077018794042644,-6.1197856260402546,3.180412458535977,15.96858047458168,2.363965920697472,1.1689315122506572,1787260313.1065485
29.74121594429016,hold5,drive,3.2,0.26,0.33099999999999996,11443.2,11414.0,13.76,0.219,16.7,1.4789096791780563,-0.4187063399987423,-3.996442553579044,3.230309020455022,16.00468978358522,2.4528628580550182,1.2178781646124879,1787260313.136536
29.760412454605103,hold5,drive,3.2,0.26,0.33099999999999996,11443.2,11452.0,12.88,0.218,16.7,1.5058414283337005,-0.3459727848414893,-5.124790623648721,3.270770090698742,16.02634855321874,2.5128917439683556,1.246685772432202,1787260313.1565182
29.78048825263977,hold5,drive,3.2,0.26,0.33099999999999996,11443.2,11459.0,12.67,0.212,16.7,1.5384483737723036,0.0798764592861918,-5.561893985951542,3.130294523767209,16.036669830808833,2.543576688947441,1.262005775613922,1787260313.16807
29.80073094367981,hold5,drive,3.2,0.26,0.33099999999999996,11443.2,11426.0,13.69,0.217,16.7,1.6496930067207118,0.010908716736382384,-5.572308462195622,3.1946876540549325,16.056899682378166,2.608761496996261,1.2946258814489988,1787260313.1890526
29.820573568344116,hold5,drive,3.2,0.26,0.33099999999999996,11443.2,11460.0,12.65,0.218,16.7,1.6060340759163347,-0.4088569606265473,-5.6087225839505095,3.630285920136488,16.095539093943067,2.71112586929538,1.352110699274747,1787260313.2165232
29.840691089630127,hold5,drive,3.2,0.26,0.33099999999999996,11443.2,11423.0,13.13,0.213,16.7,1.5766811138556445,-0.3630964297023844,-4.876739445908015,3.406397905066558,16.102572520396144,2.7426711100578762,1.367897660272072,1787260313.2277298
29.86058807373047,hold5,drive,3.2,0.26,0.33099999999999996,11443.2,11431.0,13.49,0.219,16.7,1.6103031231437317,-0.3207755235329124,-4.867340631066213,3.422343971032416,16.11491930434771,2.805261975010331,1.399524580591865,1787260313.2465572
29.880419731140137,hold5,drive,3.2,0.26,0.33099999999999996,11443.2,11465.0,12.48,0.219,16.7,1.5593608462321507,-0.37367258146617033,-5.213366589027316,3.3417940784830202,16.12591613592742,2.872228830709373,1.4335421799974069,1787260313.2678747
29.90047836303711,hold5,drive,3.2,0.26,0.33099999999999996,11443.2,11424.0,13.39,0.214,16.7,1.6464218459537676,0.2034121793717567,-6.008695540550377,3.1603239192574972,16.133778326635273,2.932365280380979,1.4632146997485038,1787260313.288152
29.921262502670288,hold5,drive,3.2,0.26,0.33099999999999996,11443.2,11435.0,13.39,0.22,16.7,1.6759573677071826,0.005966700105036082,-6.4591960439291825,2.9544028755531437,16.140259104400624,2.99601850479652,1.4959909971880392,1787260313.308563
29.940791130065918,hold5,drive,3.2,0.26,0.33099999999999996,11443.2,11470.0,12.3,0.214,16.7,1.6134978511873905,-0.07001074425456899,-5.505129798690916,2.9140685809135576,16.14900184969516,3.0612373826948662,1.5459428528130403,1787260313.3366055
29.960790872573853,hold5,drive,3.2,0.26,0.33099999999999996,11443.2,11427.0,13.38,0.216,16.7,1.5969487018575292,-0.34177554363132145,-4.715978430768928,2.9114651142566634,16.14984729085473,3.0935317232665827,1.5617920015778068,1787260313.3477247
29.9806547164917,hold5,drive,3.2,0.26,0.33099999999999996,11443.2,11470.0,12.77,0.221,16.7,1.5577997012011464,-0.16546791430536345,-4.685955900717147,3.176562901517917,16.149182223504102,3.1894468659327613,1.6098219409036725,1787260313.3766344
30.000434160232544,hold5,drive,3.2,0.26,0.33099999999999996,11443.2,11472.0,12.25,0.214,16.7,1.539843071235178,-0.2331545546916054,-5.019903264788297,3.0938994206184462,16.14796428704601,3.2214148653510284,1.6250877653878126,1787260313.387662
30.020467281341553,hold5,drive,3.2,0.26,0.33099999999999996,11443.2,11413.0,13.84,0.217,16.7,1.527181737622669,-0.06993833014012552,-6.277004982507151,3.0594567890833373,16.147103914296252,3.272693415827154,1.667295377844531,1787260313.4165545
30.040630102157593,hold5,drive,3.2,0.26,0.33099999999999996,11443.2,11472.0,12.61,0.219,16.7,1.552891095837967,-0.013094310109879714,-5.107289321730718,3.27905070559999,16.140488929331106,3.33625092991355,1.697805442427032,1787260313.436611
30.06061029434204,hold5,drive,3.2,0.26,0.33099999999999996,11443.2,11446.0,12.73,0.211,16.7,1.555328021393444,-0.5077572454890245,-4.684258453940629,3.1632432796126646,16.136429561991623,3.3683382947826854,1.713479603518895,1787260313.4477906
30.080398321151733,hold5,drive,3.2,0.26,0.33099999999999996,11443.2,11432.0,13.56,0.22,16.7,1.5196133001207728,-0.08914240528288264,-4.128191437574316,3.0246060665402466,16.126002095862287,3.4369735636257435,1.7472220633523454,1787260313.472418
30.10040807723999,hold5,drive,3.2,0.26,0.33099999999999996,11443.2,11489.0,11.98,0.216,16.7,1.517820060600768,-0.24362012098463381,-4.820421985942346,3.452659946869766,16.115353893011168,3.4944396289222843,1.7751547068326794,1787260313.4878294
30.12052822113037,hold5,drive,3.2,0.26,0.33099999999999996,11443.2,11426.0,13.21,0.21,16.7,1.5605246476285155,-0.03805406481751383,-5.591311913878997,3.2543419389854855,16.116128446007053,3.532800879074691,1.8083392641552667,1787260313.5166776
30.140931844711304,hold5,drive,3.2,0.26,0.33099999999999996,11443.2,11458.0,13.18,0.219,16.7,1.6220639088336304,0.40435522564825277,-5.486640902006968,3.4565957440984576,16.100677173057115,3.5945927390682315,1.8398842529120762,1787260313.5366883
30.161086797714233,hold5,drive,3.2,0.26,0.33099999999999996,11443.2,11480.0,12.19,0.217,16.7,1.5792254979611065,-0.46112325014431477,-5.922570143356552,3.308473899440199,16.092118974948804,3.625778022482109,1.8564047025252683,1787260313.547603
30.181808710098267,hold5,drive,3.2,0.26,0.33099999999999996,11443.2,11422.0,13.48,0.217,16.7,1.5005735625394692,-0.3309457323326619,-3.9887063945791397,3.3656851355374977,16.073575513982963,3.6872604088550647,1.8882369907615735,1787260313.566657
30.200572729110718,hold5,drive,3.2,0.26,0.33099999999999996,11443.2,11490.0,12.29,0.219,16.7,1.5827700322139473,0.1592356226905025,-4.835783206840006,3.1848339479196452,16.05322057135377,3.747683772161384,1.9185868178972398,1787260313.587703
30.220568895339966,hold5,drive,3.2,0.26,0.33099999999999996,11443.2,11481.0,12.3,0.214,16.7,1.5289976140119392,-0.40669319838179874,-5.428400877452532,3.630242743136094,16.03044870018417,3.859999177779938,1.9695971199083306,1787260313.6165242
30.240402221679688,brake,drive,0.0,0.26,0.33099999999999996,0.0,11432.0,13.69,0.219,16.7,1.5615234661953497,0.07626652523206356,-5.628683224877136,3.4662534576276487,16.0049545775943,3.919310457630395,2.000070098883018,1787260313.6368427
30.26057004928589,brake,drive,0.0,0.26,0.33099999999999996,0.0,11442.0,10.47,0.194,16.7,1.5622256086167492,-0.4156129435156828,-5.795983766281665,3.314508511100824,15.991641338301914,3.948359770828314,2.015867261340276,1787260313.6476367
30.280395984649658,brake,drive,0.0,0.26,0.33099999999999996,0.0,11245.0,4.29,0.176,16.7,1.5322366836877481,0.8398510421190579,-4.5748383333125275,3.345058321036572,15.96124919367315,4.010715915752215,2.0497311950760313,1787260313.6683345
30.301310777664185,brake,drive,0.0,0.26,0.33099999999999996,0.0,10967.0,2.45,0.169,16.7,1.5830018603868388,1.2064676785202906,-3.852058713100689,2.890398419940782,15.9327345003672,4.0649574262569645,2.079865820970876,1787260313.6892512
30.32056427001953,brake,drive,0.0,0.26,0.33099999999999996,0.0,10716.0,-2.0,0.16,16.7,1.5836412853645665,1.717254074207645,-5.622181120793471,3.6253880365312385,15.90951414887778,4.1433800638549885,2.1162913058570276,1787260313.707734
30.34069585800171,brake,drive,0.0,0.26,0.33099999999999996,0.0,10572.0,-6.44,0.141,16.8,1.6501460104221344,2.9382099112011417,-4.929957881445318,3.3211766696010985,15.860769868759752,4.220445984089649,2.1637930754521797,1787260313.736613
30.360538959503174,brake,drive,0.0,0.26,0.33099999999999996,0.0,10373.0,-10.95,0.137,16.8,1.717663935116423,3.129783707621243,-5.628212523996979,3.0858475802403147,15.844868460864916,4.243549331481558,2.180618554715203,1787260313.7476692
30.38076686859131,brake,drive,0.0,0.26,0.33099999999999996,0.0,10165.0,-14.79,0.128,16.8,1.693556335138753,3.6402456559162033,-5.019265333533326,3.1438047535859734,15.81087459289858,4.290879416742628,2.214680563331003,1787260313.7666972
30.400489330291748,brake,drive,0.0,0.26,0.33099999999999996,0.0,9844.0,-16.56,0.114,16.8,1.8086471053334539,4.155734748083404,-3.8800677543564177,2.887503254812783,15.775999869792864,4.33603365665187,2.248670227059159,1787260313.7879694
30.42114758491516,brake,drive,0.0,0.26,0.33099999999999996,0.0,9445.0,-17.42,0.106,16.8,1.797943461438262,4.2312319532919105,-3.658892427429521,3.084065395761943,15.758918594248492,4.3859492846576815,2.2853603391193364,1787260313.8065858
30.440528392791748,brake,drive,0.0,0.26,0.33099999999999996,0.0,9058.0,-19.25,0.102,16.8,1.7784163653774738,4.532255398780421,-4.439443417841204,2.937634954423744,15.723345209651432,4.425588641849961,2.3213310643353853,1787260313.826562
30.460833311080933,brake,drive,0.0,0.26,0.33099999999999996,0.0,8710.0,-21.82,0.089,16.8,1.8290606345630749,5.207872544965255,-3.9014238333581943,2.6518156238643047,15.687651869677513,4.462455287529678,2.3570684543092475,1787260313.8477106
30.480456590652466,brake,drive,0.0,0.26,0.33099999999999996,0.0,8275.0,-23.19,0.079,16.8,1.7856174198069936,5.105320564136321,-3.126287072511502,2.629683019308194,15.647343460965725,4.501124825105953,2.3979075776991796,1787260313.8692956
30.50071668624878,brake,drive,0.0,0.26,0.33099999999999996,0.0,7800.0,-23.28,0.072,16.8,1.697214186895977,4.989847405605872,-3.3169057262139177,2.3768676422307875,15.616938608954584,4.527780739763346,2.429436190087298,1787260313.8877695
30.520387411117554,brake,drive,0.0,0.26,0.33099999999999996,0.0,7338.0,-24.28,0.066,16.8,1.6376966644323956,4.961082026973145,-3.525077722055869,2.492244814989362,15.588449835297665,4.57168647168534,2.484257766413381,1787260313.9166224
30.54062294960022,brake,drive,0.0,0.26,0.33099999999999996,0.0,6881.0,-25.62,0.056,16.8,1.6128391182917596,5.417803968072292,-3.1330183874585487,2.355012620911173,15.555301111912941,4.595906718597476,2.516825795784985,1787260313.9367604
30.56138277053833,brake,drive,0.0,0.26,0.33099999999999996,0.0,6394.0,-26.34,0.044,16.8,1.6167218740030405,5.654002254456884,-2.9064525121910663,1.9172232506612588,15.529354734744993,4.612547269516345,2.5487672644500203,1787260313.9575918
30.580390214920044,brake,drive,0.0,0.26,0.33099999999999996,0.0,5922.0,-26.91,0.034,16.8,1.5487438882304412,5.35819101722393,-2.3243916975298475,2.046637832006552,15.511538336094878,4.624549383333575,2.5650791650487417,1787260313.9667385
30.600445985794067,brake,drive,0.0,0.26,0.33099999999999996,0.0,5420.0,-27.7,0.027,16.8,1.431422853780853,5.629140477160718,-3.087584350452346,1.7469803943083535,15.482575800886886,4.642171670646741,2.5964009222272275,1787260313.9876177
30.6205792427063,brake,drive,0.0,0.26,0.33099999999999996,0.0,4949.0,-28.75,0.019,16.7,1.383956534724044,6.229653643406493,-2.593419469960253,1.5220102053293103,15.486402212501421,4.653039527705821,2.6286957261367245,1787260314.0079446
30.640500783920288,brake,drive,0.0,0.26,0.33099999999999996,0.0,4436.0,-29.31,0.007,16.7,1.3218024827812842,5.695297047325653,-1.880707001367881,1.6209457793332667,15.445488159468034,4.674539453227424,2.6704834233466865,1787260314.0366268
30.661062479019165,brake,drive,0.0,0.26,0.33099999999999996,0.0,3922.0,-29.0,0.01,16.7,1.214387076006246,5.608955887865022,-1.5491239590469377,1.1976168546192565,15.430125708680883,4.680669397235152,2.695995298464046,1787260314.057641
30.680453062057495,brake,drive,0.0,0.26,0.33099999999999996,0.0,3395.0,-28.07,0.0,16.7,1.1065689992743883,5.825237387442257,-1.3153470047676024,1.3235319648693702,15.414563659804347,4.688102401139415,2.7101598403289704,1787260314.0683043
30.70047402381897,brake,drive,0.0,0.26,0.33099999999999996,0.0,3039.0,-25.56,0.0,16.7,0.9902907921286482,5.740217114054019,-1.704159965095812,1.7650294392375137,15.426026535575577,4.698791575765302,2.7399275618757035,1787260314.0968266
30.721276998519897,brake,drive,0.0,0.26,0.33099999999999996,0.0,2809.0,-26.76,0.0,16.7,0.8776781599072935,5.747029120580521,-2.254549042459928,1.1359113276270247,15.41591004943473,4.702077853769327,2.7585343342779947,1787260314.1174908
30.74046492576599,brake,drive,0.0,0.26,0.33099999999999996,0.0,2598.0,-25.72,0.0,16.8,0.779246194700338,5.511659384689324,-2.321756357322556,1.1350210840180144,15.395627538934013,4.710147428747823,2.7761311959294486,1787260314.1366158
30.760627269744873,brake,drive,0.0,0.26,0.33099999999999996,0.0,2447.0,-26.04,0.0,16.7,0.6712874364838965,5.593196471564397,-2.3792134396676374,0.9134566084928041,15.391437390768429,4.711350596349808,2.783429685718414,1787260314.1476114
30.78052043914795,brake,drive,0.0,0.26,0.33099999999999996,0.0,2353.0,-25.99,0.0,16.7,0.5345043203936325,5.583504711205876,-2.8965613617702672,0.8494030708926039,15.377884618119255,4.716061678443783,2.797469756054747,1787260314.1669698
30.800788164138794,brake,drive,0.0,0.26,0.33099999999999996,0.0,2249.0,-23.84,0.0,16.7,0.4685380865084787,5.145900242500204,-2.676605764080648,1.433356126135481,15.401338982367179,4.729136594744282,2.8041624905087317,1787260314.196929
30.820865154266357,brake,drive,0.0,0.26,0.33099999999999996,0.0,2112.0,-20.62,0.0,16.7,0.43989282621796383,4.302390524300705,-1.6888560469139975,1.1365711349420673,15.396755344875617,4.730646415562273,2.8085236977627828,1787260314.2077963
30.840600967407227,brake,drive,0.0,0.26,0.33099999999999996,0.0,1977.0,-16.56,0.0,16.7,0.424427017530033,3.4505523241303706,-0.5582168914732932,0.8504282720598014,15.378351280404896,4.736828706938167,2.821850263014135,1787260314.2366602
30.860814094543457,brake,drive,0.0,0.26,0.33099999999999996,0.0,1826.0,-13.51,0.0,16.7,0.4229882114616041,2.628590765975048,0.6961252327003393,0.6179122112935885,15.370509831289144,4.739242558702409,2.8302096254690823,1787260314.257618
30.882035732269287,brake,drive,0.0,0.26,0.33099999999999996,0.0,1686.0,-10.12,0.0,16.7,0.4229882114616041,2.628590765975048,0.6961252327003393,0.6179122112935885,15.370509831289144,4.739242558702409,2.8302096254690823,1787260314.257618
30.900389194488525,brake,drive,0.0,0.26,0.33099999999999996,0.0,1526.0,-7.27,0.0,16.7,0.31148185635706815,1.4806896059271537,1.2665473102878764,0.9768179170019706,15.36239811917053,4.7596136184625095,2.843643754781224,1787260314.2967014
30.9210102558136,brake,drive,0.0,0.26,0.33099999999999996,0.0,1387.0,-5.62,0.0,16.7,0.24925538307741502,1.3696274408932112,0.3322905554451552,0.7171890412772404,15.354470399302608,4.761971841256749,2.8491752882790067,1787260314.3165505
30.940495252609253,brake,drive,0.0,0.26,0.33099999999999996,0.0,1254.0,-3.36,0.0,16.7,0.22388401329396174,1.2053166540698683,-0.29553188649320816,0.5705162366782377,15.352040307224446,4.762643002969577,2.851375373265914,1787260314.3275943
30.960655212402344,brake,drive,0.0,0.26,0.33099999999999996,0.0,1134.0,-2.29,0.0,16.7,0.2167421309749122,0.9999209894286594,-0.32892687140699906,0.45213179267572606,15.345130423545553,4.764645964897081,2.8559754691493406,1787260314.3475645
30.98372745513916,brake,drive,0.0,0.26,0.33099999999999996,0.0,1017.0,-1.82,0.0,16.7,0.1945788216853252,0.8656967596712306,0.09257356071078959,0.4116381206646408,15.338828684549371,4.766442761637118,2.860356494825366,1787260314.3666184
31.000874996185303,brake,drive,0.0,0.26,0.33099999999999996,0.0,925.0,-1.4,0.0,16.7,0.17008341551866943,0.6706669662919111,0.34675989319217493,1.3097600287575983,15.386817990352293,4.768221117808417,2.847207135612432,1787260314.396663
31.02055859565735,brake,drive,0.0,0.26,0.33099999999999996,0.0,820.0,-0.75,0.0,16.7,0.14217719907540832,0.5603350819791011,0.5047954479088723,0.9663064595021378,15.385077146399352,4.768757211797258,2.8487926879185146,1787260314.4077082
31.0408935546875,brake,drive,0.0,0.26,0.33099999999999996,0.0,735.0,0.4,0.0,16.7,0.11637350670087274,0.578932079067048,0.3705454904014722,0.612853594314908,15.380491876358684,4.770138267394219,2.851771898491141,1787260314.4266636
31.060980081558228,brake,drive,0.0,0.26,0.33099999999999996,0.0,99.0,0.27,0.0,16.7,0.09602354379752068,0.5752659843314305,0.19836234099279437,0.37772412658021093,15.373692253925535,4.772153970028384,2.8553946349798784,1787260314.4565802
31.080491304397583,brake,drive,0.0,0.26,0.33099999999999996,0.0,129.0,0.7,0.0,16.7,0.08217611313689582,0.5736929736183392,0.01119102306104125,0.326589547336663,15.375919906127264,4.7714821111403065,2.856249728723763,1787260314.4678056
31.101011514663696,brake,drive,0.0,0.26,0.33099999999999996,0.0,167.0,-0.68,0.0,16.7,0.06632609768863988,0.4351846349494899,0.040025654657114274,0.9668432429339339,15.411798365501962,4.773648901681752,2.8441321286649575,1787260314.4968283
31.12114715576172,brake,drive,0.0,0.26,0.33099999999999996,0.0,15.0,-0.29,0.0,16.7,0.04932838880742508,0.5937506783289486,0.24131745081709965,0.5272812440752694,15.411848021632053,4.7736549442736385,2.845383106521607,1787260314.5165527
31.14104437828064,brake,drive,0.0,0.26,0.33099999999999996,0.0,136.0,-0.31,0.0,16.7,0.02904063984385081,0.2053909503233875,0.1598091797528962,0.39011019278576786,15.412602738664967,4.7734348768903105,2.845795993399898,1787260314.5277762
31.160441160202026,brake,drive,0.0,0.26,0.33099999999999996,0.0,48.0,-0.03,0.0,16.7,0.016196963960752528,0.504656284170391,0.33755845843218424,0.2249642396600752,15.412473085910975,4.773479370283999,2.8464767037327645,1787260314.5477502
31.181886911392212,brake,drive,0.0,0.26,0.33099999999999996,0.0,2.0,0.0,0.0,16.7,-0.0030157110833920384,0.37709016952592833,0.1548463552555841,0.9843207352931702,15.4314146332409,4.7771416753311415,2.8377258757914547,1787260314.5778513
31.201168060302734,brake,drive,0.0,0.26,0.33099999999999996,0.0,0.0,0.05,0.0,16.7,-0.014728086018249015,0.24387717921375085,0.07362620575498013,0.6973056626252353,15.431679134199058,4.777065037753729,2.8376413066876607,1787260314.5878274
31.220565795898438,brake,drive,0.0,0.26,0.33099999999999996,0.0,0.0,0.05,0.0,16.7,-0.017876535396184137,0.07150378515391775,0.07364451484977508,0.35335019622680897,15.431637492062386,4.777081553387354,2.8374198114563254,1787260314.6076615
31.240746021270752,brake,drive,0.0,0.26,0.33099999999999996,0.0,0.0,0.0,0.0,16.7,-0.028503421995332977,-0.05764983033554483,0.04973711282420723,0.18173990029023854,15.431609375819944,4.777092337339244,2.837078529211897,1787260314.6276414
31.2609281539917,brake,drive,0.0,0.26,0.33099999999999996,0.0,0.0,0.03,0.0,16.7,-0.03918601027315651,-0.1351840593841116,0.1453339399723248,0.09615705683968988,15.431587985016652,4.777100200506747,2.8365728178090994,1787260314.6475677
31.28050208091736,brake,drive,0.0,0.26,0.33099999999999996,0.0,0.0,0.06,0.0,16.7,-0.03599721608530129,-0.22066848294344155,0.0640736822251391,0.05091464708956225,15.431572768232813,4.7771056967269905,2.8358463777517144,1787260314.6666207
31.301262855529785,brake,drive,0.0,0.26,0.33099999999999996,0.0,0.0,0.05,0.0,16.7,-0.03601543377163311,-0.28338414927520716,0.0017023438198364715,0.711681288945431,15.453722347654985,4.778299752377395,2.823421262857007,1787260314.6885598
31.320537090301514,brake,drive,0.0,0.26,0.33099999999999996,0.0,0.0,0.02,0.0,16.7,-0.03916778842563549,-0.3698236881433985,0.0016535561121493458,0.24507300013110458,15.453738559932033,4.778293961166041,2.822342947669255,1787260314.7165384
31.34049677848816,brake,drive,0.0,0.26,0.33099999999999996,0.0,0.0,0.02,0.0,16.7,-0.03923208296001488,-0.43558750812517744,0.040271968627010324,0.1718879223527697,15.453726675097471,4.778297633263096,2.8219327628155964,1787260314.7276177
31.36085557937622,brake,drive,0.0,0.26,0.33099999999999996,0.0,0.0,0.0,0.0,16.7,-0.03499163558601179,-0.46928402665404434,0.02586431900776276,0.059460181539771985,15.453723432258347,4.778298474779868,2.8207784132111042,1787260314.7576609
31.380598783493042,brake,drive,0.0,0.26,0.33099999999999996,0.0,0.0,0.05,0.0,16.7,-0.0296646538573646,-0.5364522748054235,-0.03163961415473793,0.041818083133918126,15.453728986805704,4.778296629040948,2.8204262083220417,1787260314.7666218
31.400466203689575,brake,drive,0.0,0.26,0.33099999999999996,0.0,0.0,0.01,0.0,16.7,-0.025358875812870503,-0.6328082898482918,-0.022185250761861397,0.554482506544227,15.470582550729699,4.779281951130179,2.8101059934421997,1787260314.787708
31.420405387878418,brake,drive,0.0,0.26,0.33099999999999996,0.0,-75.0,0.02,0.0,16.7,-0.01687095385659734,-0.6715754043725752,-0.027077104676155983,0.27577727731701573,15.470596772400912,4.7792753013961,2.8095977596054817,1787260314.8078032
31.440580129623413,brake,drive,0.0,0.26,0.33099999999999996,0.0,-110.0,-0.07,0.0,16.7,-0.013682940932015029,-0.5354972051779363,-0.045790790266458714,0.09771994894768188,15.470651478318453,4.779255431958363,2.809050192011894,1787260314.836637
31.46080493927002,brake,drive,0.0,0.26,0.33099999999999996,0.0,-11.0,-0.05,0.0,16.7,-0.010418142623362468,-0.39917992794308077,-0.032017307756945,0.0695000193387125,15.470612817117068,4.779268215091023,2.8089292947914335,1787260314.8477824
31.48252296447754,brake,drive,0.0,0.26,0.33099999999999996,0.0,0.0,-0.06,0.0,16.7,-0.009348270710585475,-0.5123351769995494,0.05940870028786449,0.035383905508342695,15.470617504936278,4.7792662743842085,2.808704993056561,1787260314.866603
31.50063395500183,brake,drive,0.0,0.26,0.33099999999999996,0.0,0.0,0.04,0.0,16.7,-0.007242883223539463,-0.5130655308108807,0.02092115577392306,0.20360975987510355,15.477110520336124,4.781390691455685,2.8018892572306164,1787260314.8889363
31.520485877990723,brake,drive,0.0,0.26,0.33099999999999996,0.0,0.0,0.04,0.0,16.7,-0.004087665671365257,-0.5127284388140971,0.025788414836327433,0.10155608407839249,15.477118585168864,4.781387247206051,2.801889257033797,1787260314.9066246
31.54055619239807,brake,drive,0.0,0.26,0.33099999999999996,0.0,0.0,0.03,0.0,16.7,0.0001730833645375082,-0.4555328732002586,-0.007807897030009059,0.05128464839914442,15.477123028563486,4.781385342221603,2.801889256922927,1787260314.9277651
31.561049222946167,brake,drive,0.0,0.26,0.33099999999999996,0.0,0.0,0.0,0.0,16.7,0.0023380759858051808,-0.4181702233906748,-0.031978094865298345,0.02631465638546134,15.477126149113573,4.781384058856469,2.801889256863114,1787260314.94767
31.581117630004883,brake,drive,0.0,0.26,0.33099999999999996,0.0,0.0,0.01,0.0,16.7,0.004465587475547566,-0.4115827864999311,0.01633394180815273,0.01359477807984759,15.47712850806211,4.781383126897834,2.80188925683055,1787260314.9666982
31.6007981300354,brake,drive,0.0,0.26,0.33099999999999996,0.0,0.0,0.01,0.0,16.7,0.003418620308591206,-0.33133745925303515,0.03522110698526504,0.14476111529190427,15.482433747274222,4.783598434340784,2.7975696249592326,1787260314.9891286
31.620779514312744,brake,drive,0.0,0.26,0.33099999999999996,0.0,0.0,0.0,0.0,16.7,0.004416653450963311,-0.32147711635102283,0.03528520708959704,0.05130633049593343,15.48246283963352,4.783587775810946,2.7975696252296363,1787260315.016602
31.64051127433777,brake,drive,0.0,0.26,0.33099999999999996,0.0,0.0,0.02,0.0,16.7,0.00015486317499030486,-0.26349499056298953,0.0641393903138443,0.03648701539986002,15.482442799307607,4.783594823632734,2.7975696253811497,1787260315.0277324
31.660412311553955,brake,drive,0.0,0.26,0.33099999999999996,0.0,0.0,0.02,0.0,16.7,0.0023255820152224267,-0.29257034472875176,-0.022157366851025984,0.018876739020254944,15.482445439404845,4.783593807651292,2.797569625461616,1787260315.0479498
31.68042016029358,brake,drive,0.0,0.26,0.33099999999999996,0.0,0.0,0.05,0.0,16.7,0.00020770137032592652,-0.23526236638918618,0.04486254474192464,0.009747914364802653,15.482447322858148,4.78359309508669,2.7975696255049742,1787260315.0667493
31.700402975082397,brake,drive,0.0,0.26,0.33099999999999996,0.0,0.0,0.04,0.0,16.7,0.00018557710755522823,-0.2780888374636348,0.04971825555292142,0.0793055500232419,15.485714543604184,4.785858174102756,2.79463833418438,1787260315.087586
31.720534801483154,brake,drive,0.0,0.26,0.33099999999999996,0.0,0.0,0.03,0.0,16.7,-0.003006080531129769,-0.30186884327272523,0.044967648447773456,0.0395182427545417,15.485719118189149,4.785856451065344,2.794638334345149,1787260315.107071
31.74059772491455,brake,drive,0.0,0.26,0.33099999999999996,0.0,0.0,0.03,0.0,16.7,-0.004071267985161204,-0.2839459570881466,0.011153637424364149,0.019870866546751853,15.485721079679976,4.785855703863722,2.794638334433662,1787260315.1265535
31.760518550872803,brake,drive,0.0,0.26,0.33099999999999996,0.0,0.0,0.04,0.0,16.7,-0.004068404566840719,-0.35072101651517684,-0.017520013008891056,0.0072993868577381545,15.485729912543938,4.785852489168256,2.7946383344823933,1787260315.1565502
31.780585289001465,brake,drive,0.0,0.26,0.33099999999999996,0.0,0.0,0.06,0.0,16.7,-0.001944797442905445,-0.35438711125079436,0.04979792386959403,0.0052775868423096915,15.485724026266423,4.785854606028538,2.7946383345092163,1787260315.1677194
31.800828456878662,brake,drive,0.0,0.26,0.33099999999999996,0.0,0.0,0.05,0.0,16.7,-0.0008421289873858844,-0.36419128433504255,0.0018465142369343823,0.07512854352375756,15.488757429100897,4.787613428677702,2.7927693340775486,1787260315.1877913
31.82067561149597,brake,drive,0.0,0.26,0.33099999999999996,0.0,0.0,0.04,0.0,16.7,-0.0008699796966860659,-0.40301456867709007,0.011311914249827026,0.03738068875833024,15.488760993947613,4.787612099395161,2.7927693341723985,1787260315.206613
31.84071111679077,brake,drive,0.0,0.26,0.33099999999999996,0.0,0.0,0.02,0.0,16.7,-0.0008642532501565827,-0.3457627601552886,0.020838636939497945,0.018727758053185734,15.488763246518936,4.78761126210933,2.7927693342246114,1787260315.2266097
31.860528469085693,brake,drive,0.0,0.26,0.33099999999999996,0.0,0.0,0.01,0.0,16.7,0.0012603948212653164,-0.40155393414462637,0.040386756784197786,0.009550101850912741,15.488764778219982,4.787610695115657,2.792769334253332,1787260315.2476563
31.880647897720337,brake,drive,0.0,0.26,0.33099999999999996,0.0,0.0,0.07,0.0,16.7,0.0012450379525107266,-0.3077259628972371,-0.007967050937857323,0.004917796494392465,15.48876581040855,4.7876103142560105,2.7927693342691304,1787260315.2666125
31.900444269180298,brake,drive,0.0,0.26,0.33099999999999996,0.0,0.0,0.04,0.0,16.7,0.0023812836938971148,-0.32576122526244333,0.025821159245381864,0.0423015707364146,15.486891068341622,4.790310009382254,2.791298457624256,1787260315.296566
31.920838594436646,brake,drive,0.0,0.26,0.33099999999999996,0.0,0.0,0.04,0.0,16.7,0.00125076439904021,-0.3019812194533529,0.035361842163020185,0.029888146601486695,15.4869008809938,4.790306444488163,2.7912984575778883,1787260315.307871
31.940681219100952,brake,drive,0.0,0.26,0.33099999999999996,0.0,0.0,0.05,0.0,16.7,-0.0008757061432155494,-0.32576122526244333,-0.012499008713348303,0.014995507051799539,15.486899441280292,4.790306981426082,2.7912984575529123,1787260315.326595
31.960631132125854,brake,drive,0.0,0.26,0.33099999999999996,0.0,0.0,0.08,0.0,16.7,0.0012603948212653164,-0.34886708362306607,0.030805033719943253,0.0076528606379113375,15.48689842442803,4.790307358882543,2.7912984575393343,1787260315.3476193
31.981446743011475,brake,drive,0.0,0.26,0.33099999999999996,0.0,0.0,0.08,0.0,16.7,0.0012603948212653164,-0.34886708362306607,0.030805033719943253,0.0039421509107116035,15.486897710308616,4.790307623040451,2.7912984575319113,1787260315.3666084
32.00182127952576,brake,drive,0.0,0.26,0.33099999999999996,0.0,0.0,0.05,0.0,16.7,-0.001925536338380907,-0.3691495406949308,0.025758155494031598,0.03719662647852893,15.488887230601017,4.792108430003298,2.790334298461259,1787260315.397604
32.020649671554565,brake,drive,0.0,0.26,0.33099999999999996,0.0,0.0,0.03,0.0,16.7,-0.0008881998537239787,-0.34993449288608147,0.020980395380036043,0.018372726661484554,15.488892380287377,4.792106542874074,2.790334298461259,1787260315.4165819
32.04090666770935,brake,drive,0.0,0.26,0.33099999999999996,0.0,0.0,0.09,0.0,16.7,0.0012450379525107266,-0.34581892997305275,-0.0031243501822437736,0.009111728924119194,15.488892263891776,4.7921065834255385,2.7903342984651602,1787260315.4367752
32.06041741371155,brake,drive,0.0,0.26,0.33099999999999996,0.0,0.0,0.0,0.0,16.7,-0.0019130426278724777,-0.34497623652619325,0.05454904260613347,0.006424257374132674,15.488890673830712,4.792107164957208,2.7903342984673025,1787260315.4478056
32.080400228500366,brake,drive,0.0,0.26,0.33099999999999996,0.0,0.0,0.0,0.0,16.7,-0.0019226731801347467,-0.36419128433504255,-0.007733527752748159,0.003203347161521899,15.488890916044049,4.792107075562203,2.7903342984684802,1787260315.4668407
32.100433111190796,brake,drive,0.0,0.26,0.33099999999999996,0.0,0.0,0.03,0.0,16.7,-0.0008603491444237971,-0.3408045037954004,0.05440728416559537,0.024626484150836972,15.490183305690756,4.793374671600507,2.7895180457432662,1787260315.4965205
32.12083673477173,brake,drive,0.0,0.26,0.33099999999999996,0.0,0.0,0.0,0.0,16.7,0.00017985066102574486,-0.33579007761774804,0.025718467516092858,0.01731956745051753,15.490180058261684,4.793375860381126,2.7895180457482023,1787260315.509324
32.14081788063049,brake,drive,0.0,0.26,0.33099999999999996,0.0,0.0,0.08,0.0,16.7,-0.0008574859861776367,-0.3446391810745091,0.040256181144073366,0.006124307877562346,15.490183041523988,4.7933747620378995,2.789518045750921,1787260315.536583
32.16097927093506,brake,drive,0.0,0.26,0.33099999999999996,0.0,0.0,0.02,0.0,16.7,-0.0008853366954778184,-0.340017980166305,0.0881176532871315,0.003108954074304441,15.490182855501144,4.7933748290871705,2.7895180457524167,1787260315.5566826
32.180514335632324,brake,drive,0.0,0.26,0.33099999999999996,0.0,0.0,0.06,0.0,16.7,-0.0019380303089636616,-0.3363518854306875,-0.007940409560401207,0.0022180320331755586,15.490181313991323,4.793375394698161,2.7895180457532396,1787260315.5684774
32.20151948928833,brake,drive,0.0,0.26,0.33099999999999996,0.0,0.0,0.05,0.0,16.7,0.0022977314359594074,-0.30705181544876936,0.044877674413072555,0.04170021811697188,15.489243242217642,4.795322800006499,2.788835903261157,1787260315.5976465
32.220595359802246,brake,drive,0.0,0.26,0.33099999999999996,0.0,0.0,0.04,0.0,16.7,-0.0008853366954778184,-0.32130860689773044,0.04011383798194501,0.029362523411756877,15.489238385622945,4.795324587989642,2.788835903261157,1787260315.6066537
32.24116587638855,settle,stop,0.0,0.0,0.5,0.0,0.0,0.03,0.0,16.7,-0.0009006935642324081,-0.344863896890665,0.01625460239737464,0.014568625560375857,15.489237426040798,4.795324944854413,2.7888359032593777,1787260315.626599
32.26137399673462,settle,stop,0.0,0.0,0.5,0.0,0.0,0.0,0.0,16.7,0.0012700253735275855,-0.3077259628972371,0.030353117020872844,0.005136933758596438,15.4892383030326,4.795324625054046,2.7888359032578562,1787260315.6576667
32.2809374332428,settle,stop,0.0,0.0,0.5,0.0,0.0,0.01,0.0,16.7,0.00014132858201383158,-0.34881091380530194,0.07392810482105006,0.003665645411266306,15.489236036872263,4.795325459353948,2.7888359032578562,1787260315.668047
32.301486015319824,settle,stop,0.0,0.0,0.5,0.0,0.0,0.05,0.0,16.7,0.03688165188331661,-0.22641326293242514,0.06385495980528333,0.054411346097562145,15.489725207936091,4.7968836355819615,2.7884142684816933,1787260315.6877906
32.32085704803467,settle,stop,0.0,0.0,0.5,0.0,0.0,0.0,0.0,16.7,-0.16847070503105832,-0.5844056213283508,1.2424947876726264,0.026743690317543135,15.489724788831285,4.796883790640818,2.7891192780154355,1787260315.7066224
32.34060049057007,settle,stop,0.0,0.0,0.5,0.0,0.0,0.04,0.0,16.7,-0.179187814534512,-0.2320456301956817,-0.2620594990589069,0.013163495747613215,15.489724515153796,4.7968838913985605,2.7867569826038254,1787260315.7265892
32.360870361328125,settle,stop,0.0,0.0,0.5,0.0,0.0,0.0,0.0,16.7,0.033808262036229685,-0.23137148274721397,-0.6403166997887908,0.006494333515971712,15.489724330868519,4.796883964908985,2.7832287108919846,1787260315.746572
32.38058352470398,settle,stop,0.0,0.0,0.5,0.0,0.0,0.0,0.0,16.7,0.10858663173294121,-0.24321253349112482,-0.9462984381822892,0.0032149050739310936,15.489724200032622,4.796884020684084,2.7828550246635544,1787260315.7666593
32.40092372894287,settle,stop,0.0,0.0,0.5,0.0,0.0,0.04,0.0,16.7,-0.006972706571248225,-0.28355269527359894,-0.09892674351443631,0.05961347868419678,15.488436086202496,4.798765851176835,2.78375260930493,1787260315.7888806
32.42052936553955,settle,stop,0.0,0.0,0.5,0.0,0.0,0.01,0.0,16.7,-0.038675590483107605,-0.3126280494393612,0.49495962676855143,0.02962326126222322,15.488433617847486,4.79876679477131,2.7843147483941335,1787260315.8068256
32.44050145149231,settle,stop,0.0,0.0,0.5,0.0,0.0,0.05,0.0,16.7,0.022600581615226597,-0.34886712016816546,0.7253582424248748,0.014810737811811012,15.488432135392118,4.798767358012205,2.7837303837886456,1787260315.8265939
32.46066117286682,settle,stop,0.0,0.0,0.5,0.0,0.0,0.01,0.0,16.7,0.021054905805085223,-0.3449200667084291,0.2078425965885895,0.00751750745949638,15.488431073574011,4.798767764510639,2.7838815132983474,1787260315.8478239
32.481345891952515,settle,stop,0.0,0.0,0.5,0.0,0.0,0.06,0.0,16.7,-0.029813539126462243,-0.35990713887852266,-0.28567077614410863,0.003852547102129252,15.488429989411198,4.79876817280117,2.784334614820708,1787260315.8678222
32.50065779685974,settle,stop,0.0,0.0,0.5,0.0,0.0,0.08,0.0,16.7,-0.028508107494375837,-0.36971127541767146,-0.35278234284633214,0.11999304068383328,15.493265884066796,4.798320076142634,2.7841451062427156,1787260315.8890083
32.520533084869385,settle,stop,0.0,0.0,0.5,0.0,0.0,0.05,0.0,16.7,0.018465809721634606,-0.3499906627038456,-0.05567280441240996,0.05977889055455344,15.493270646516887,4.79831829274425,2.783573961275158,1787260315.9067218
32.540586948394775,settle,stop,0.0,0.0,0.5,0.0,0.0,0.04,0.0,16.7,0.024691652010670175,-0.34565042051976036,0.23641538254752525,0.029958736151857596,15.493273212421181,4.798317325122804,2.78395080494779,1787260315.9266276
32.560420751571655,settle,stop,0.0,0.0,0.5,0.0,0.0,0.03,0.0,16.7,-0.0008632123026699574,-0.3129089350732812,0.22186401932492217,0.015280785159555254,15.49327503397613,4.7983166464151585,2.7844138528574436,1787260315.9476082
32.58138728141785,settle,stop,0.0,0.0,0.5,0.0,0.0,0.02,0.0,16.7,-0.015869016478455285,-0.33500355398865267,0.14085923009502999,0.007859721127077399,15.49327657874459,4.798316077082304,2.784535969382868,1787260315.967101
32.60041308403015,settle,stop,0.0,0.0,0.5,0.0,0.0,0.04,0.0,16.7,0.00011451872267240318,-0.3022059352695088,-0.12276039752943291,0.10093932326186644,15.49005025130463,4.800493133304467,2.783980358539302,1787260315.9887283
32.62054419517517,settle,stop,0.0,0.0,0.5,0.0,0.0,0.04,0.0,16.7,0.005490430119658902,-0.3022059352695088,-0.03653998307719064,0.035418328312624064,15.490035435674871,4.800498674338242,2.7839015329208716,1787260316.0166178
32.64048957824707,settle,stop,0.0,0.0,0.5,0.0,0.0,0.04,0.0,16.7,-0.002968599659678806,-0.29313211599659184,0.0495642545040873,0.02505739116164791,15.490044634157986,4.800495238860013,2.783901533322434,1787260316.0277522
32.660621881484985,settle,stop,0.0,0.0,0.5,0.0,0.0,0.04,0.0,16.7,-0.004071267985161204,-0.34396503362604136,0.10747098775207675,0.009111541039462129,15.490036916063259,4.800498125091799,2.783901533321993,1787260316.056508
32.68040704727173,settle,stop,0.0,0.0,0.5,0.0,0.0,0.03,0.0,16.7,0.0033754126004992718,-0.31251567325873353,0.08304351241707408,0.004721420784290834,15.49003744224333,4.800497929217649,2.7839015333217514,1787260316.0766695
32.70050525665283,settle,stop,0.0,0.0,0.5,0.0,0.0,0.01,0.0,16.7,-0.0008978304059862476,-0.34029890234532445,0.02578296961651816,0.04524674134574405,15.492498823344569,4.800847735338705,2.783591749401706,1787260316.0967202
32.720534324645996,settle,stop,0.0,0.0,0.5,0.0,0.0,0.05,0.0,16.7,-0.0019476606011516052,-0.3307756514400957,-0.026920435835066314,0.02251622255097228,15.49249857800035,4.800847823875525,2.783591749402138,1787260316.116743
32.74054217338562,settle,stop,0.0,0.0,0.5,0.0,0.0,0.08,0.0,16.7,0.0012642990570352647,-0.3836872177778119,0.016139960420584742,0.011290109452330598,15.492498216654871,4.8008479572763765,2.783591749402375,1787260316.1367888
32.76038932800293,settle,stop,0.0,0.0,0.5,0.0,0.0,0.0,0.0,16.7,0.0023477065380674497,-0.3594015739735461,0.04974661455004892,0.008008548152007938,15.492494593317067,4.80084931186489,2.7835917494025058,1787260316.1477916
32.78038454055786,settle,stop,0.0,0.0,0.5,0.0,0.0,0.02,0.0,16.7,-0.0008949671177029248,-0.3022059352695088,0.09758062305091464,0.0040547964815430245,15.49249515980082,4.8008490993895165,2.783591749402578,1787260316.1667814
32.80142617225647,settle,stop,0.0,0.0,0.5,0.0,0.0,0.01,0.0,16.7,-0.0019658808882266807,-0.3495412310715338,0.03065055758481705,0.02439649193435483,15.491273046124164,4.80220071269336,2.7833487874129657,1787260316.197644
32.82055330276489,settle,stop,0.0,0.0,0.5,0.0,0.0,0.04,0.0,16.7,-0.0008699796966860659,-0.33562153161935626,-0.01256307227258091,0.012299826439830087,15.4912609665554,4.802205235274638,2.7833487874129657,1787260316.2165425
32.84073519706726,settle,stop,0.0,0.0,0.5,0.0,0.0,0.01,0.0,16.7,-0.0008478554339153676,-0.31724921380246585,0.0207862312669711,0.008743675446727566,15.491265602093701,4.80220350098467,2.78334878741284,1787260316.22764
32.86041712760925,settle,stop,0.0,0.0,0.5,0.0,0.0,0.02,0.0,16.7,0.00019520762730820652,-0.30620912200190986,0.10734105165119168,0.004500564883737056,15.491264702965973,4.802203838307235,2.7833487874127707,1787260316.247612
32.880637645721436,settle,stop,0.0,0.0,0.5,0.0,0.0,0.04,0.0,16.7,0.0001741242144962615,-0.3171930439847017,0.011219053152274228,0.002336470759278556,15.491264090497872,4.8022040679946665,2.7833487874127325,1787260316.2666595
32.90109968185425,settle,stop,0.0,0.0,0.5,0.0,0.0,0.01,0.0,16.7,-0.0009006935642324081,-0.3310003672562516,0.04966844458245134,0.01716997184640069,15.490351099637657,4.8031423855221425,2.7835201330324546,1787260316.2974951
32.921005964279175,settle,stop,0.0,0.0,0.5,0.0,0.0,0.02,0.0,16.7,-0.0008603491444237971,-0.3357339077999839,0.016151289401395985,0.01225911356425738,15.490344255637286,4.803144946573645,2.7835201330324546,1787260316.3066244
32.94054102897644,settle,stop,0.0,0.0,0.5,0.0,0.0,0.04,0.0,16.7,-0.001925536338380907,-0.3640227383366508,0.03541527109832998,0.006262243277904992,15.490342742345568,4.803145511707881,2.783520133032383,1787260316.3265908
32.96075463294983,settle,stop,0.0,0.0,0.5,0.0,0.0,0.05,0.0,16.7,-0.0008574859861776367,-0.35839033452829483,0.04518827121279756,0.0032971147791870364,15.49034173104098,4.803145889511363,2.783520133032344,1787260316.3477519
32.98074436187744,settle,stop,0.0,0.0,0.5,0.0,0.0,0.04,0.0,16.7,-0.0008910630119701392,-0.31747392961862175,0.020734739221929033,0.0017619895006152552,15.490340988693116,4.8031461669537725,2.7835201330323223,1787260316.3669767
33.00041842460632,settle,stop,0.0,0.0,0.5,0.0,0.0,0.07,0.0,16.7,0.00017022014127276652,-0.330382389625548,0.05460005956488345,0.015734015106038852,15.491589813083575,4.803584737885641,2.78306629082221,1787260316.396534
33.02045726776123,settle,stop,0.0,0.0,0.5,0.0,0.0,0.01,0.0,16.7,-0.0019380303089636616,-0.30682709963261345,0.020979043211358572,0.007853870943360094,15.491589758733546,4.803584756576623,2.7830662908222337,1787260316.4166539
33.040722370147705,settle,stop,0.0,0.0,0.5,0.0,0.0,0.02,0.0,16.7,-0.0019437566254559822,-0.34987832306831734,0.020993259255021712,0.005555488507565245,15.491587753312105,4.803585507129007,2.7830662908222465,1787260316.4277718
33.0605251789093,settle,stop,0.0,0.0,0.5,0.0,0.0,0.03,0.0,16.7,0.00017022014127276652,-0.3028239129002124,0.08785898707364126,0.0020197558066954594,15.491589488269963,4.80358485649606,2.7830662908222537,1787260316.4565194
33.0807785987854,settle,stop,0.0,0.0,0.5,0.0,0.0,0.01,0.0,16.7,-0.0008757061432155494,-0.36374185270273074,0.05942978681021316,0.0014464331328610182,15.491588343169159,4.803585285310645,2.7830662908222576,1787260316.4677703
33.10065770149231,settle,stop,0.0,0.0,0.5,0.0,0.0,0.02,0.0,16.7,-0.0008574859861776367,-0.2928512303626718,0.016098445187676447,0.01835100665771459,15.491553326033465,4.804434659450178,2.782884468564947,1787260316.487543
33.12051296234131,settle,stop,0.0,0.0,0.5,0.0,0.0,0.01,0.0,16.7,-0.0030243008182048448,-0.35951391360907436,0.03535076899790468,0.009031425823078086,15.491553076678473,4.804434753239274,2.782884468564944,1787260316.5066104
33.14106869697571,settle,stop,0.0,0.0,0.5,0.0,0.0,0.05,0.0,16.7,-0.0019658808882266807,-0.3352844761676721,0.04020439673823617,0.0031367595760385175,15.491552343164514,4.804435028419247,2.782884468564942,1787260316.5366287
33.16060495376587,settle,stop,0.0,0.0,0.5,0.0,0.0,0.04,0.0,16.7,0.00018948118077872315,-0.3116168099941099,0.06887939934016885,0.0022091617627806115,15.491552808330903,4.8044348541055175,2.782884468564941,1787260316.5477252
33.180556297302246,settle,stop,0.0,0.0,0.5,0.0,0.0,0.03,0.0,16.7,0.00017985066102574486,-0.34970977706992556,0.016241884702786535,0.0011032430969823473,15.491552735167957,4.8044348815861815,2.7828844685649408,1787260316.5677578
33.20034050941467,settle,stop,0.0,0.0,0.5,0.0,0.0,0.03,0.0,16.7,0.0023102251464678365,-0.3118415258102658,0.049667823315761694,0.016672773877036976,15.492408017584067,4.804773559464862,2.782919505694038,1787260316.5965338
33.22061610221863,settle,stop,0.0,0.0,0.5,0.0,0.0,0.04,0.0,16.7,0.0023102251464678365,-0.32621065689475515,0.020928172433006154,0.011742277948357513,15.492405459337752,4.804774518631117,2.7829195056940446,1787260316.6080236
