t,phase,kind,v_cmd,delta_cmd,servo_cmd,erpm_cmd,erpm_meas,current_motor,duty,v_batt,wz,ax,ay,v_pose,x,y,yaw,pose_t
0.03320598602294922,IDLE,stop,0.0,0.0,0.5,0.0,0.0,0.0,0.0,0.0,0.0,0.0,0.0,0.0,0.0,0.0,0.0,0.0
0.04090738296508789,IDLE,stop,0.0,0.0,0.5,0.0,0.0,0.0,0.0,0.0,0.0,0.0,0.0,0.0,0.0,0.0,0.0,0.0
0.06068277359008789,IDLE,stop,0.0,0.0,0.5,0.0,0.0,0.0,0.0,0.0,0.0,0.0,0.0,0.0,0.0,0.0,0.0,0.0
0.0807945728302002,IDLE,stop,0.0,0.0,0.5,0.0,0.0,0.0,0.0,0.0,0.0,0.0,0.0,0.0,0.0,0.0,0.0,0.0
0.10066032409667969,IDLE,stop,0.0,0.0,0.5,0.0,0.0,0.0,0.0,0.0,0.0,0.0,0.0,0.0,0.0,0.0,0.0,0.0
0.12076163291931152,IDLE,stop,0.0,0.0,0.5,0.0,0.0,0.0,0.0,0.0,0.0,0.0,0.0,0.0,0.0,0.0,0.0,0.0
0.14062285423278809,IDLE,stop,0.0,0.0,0.5,0.0,0.0,0.0,0.0,0.0,0.0,0.0,0.0,0.0,0.0,0.0,0.0,0.0
0.1605546474456787,IDLE,stop,0.0,0.0,0.5,0.0,0.0,0.0,0.0,0.0,0.0,0.0,0.0,0.0,0.0,0.0,0.0,0.0
0.18102073669433594,IDLE,stop,0.0,0.0,0.5,0.0,0.0,0.0,0.0,0.0,0.0,0.0,0.0,0.0,0.0,0.0,0.0,0.0
0.20127511024475098,IDLE,stop,0.0,0.0,0.5,0.0,0.0,0.0,0.0,0.0,0.0,0.0,0.0,0.0,0.0,0.0,0.0,0.0
0.22626733779907227,IDLE,stop,0.0,0.0,0.5,0.0,0.0,0.0,0.0,0.0,0.0,0.0,0.0,0.0,0.0,0.0,0.0,0.0
0.2405250072479248,IDLE,stop,0.0,0.0,0.5,0.0,0.0,0.0,0.0,0.0,0.0,0.0,0.0,0.0,15.482791438821074,3.1005733283034336,-2.9269947999764474,1787248565.4560974
0.2611689567565918,IDLE,stop,0.0,0.0,0.5,0.0,0.0,0.0,0.0,0.0,0.0,0.0,0.0,0.03369751686965218,15.484333432183892,3.1008987044732903,-2.9268184929451166,1787248565.4861968
0.281235933303833,IDLE,stop,0.0,0.0,0.5,0.0,0.0,0.0,0.0,0.0,0.0,0.0,0.0,0.023715454306236387,15.48432864155773,3.100897661460498,-2.9268184929451166,1787248565.4977608
0.30179333686828613,IDLE,stop,0.0,0.0,0.5,0.0,0.0,0.0,0.0,0.0,0.0,0.0,0.0,0.008450379183479951,15.484334909093235,3.100899029728595,-2.9268184929451166,1787248565.5261657
0.32106542587280273,IDLE,stop,0.0,0.0,0.5,0.0,0.0,0.0,0.0,0.0,0.0,0.0,0.0,0.004308511276592192,15.484335367975756,3.1008991304127163,-2.9268184929451166,1787248565.5460517
0.3405575752258301,IDLE,stop,0.0,0.0,0.5,0.0,0.0,0.0,0.0,0.0,0.0,0.0,0.0,0.0030638426819474653,15.484333488071618,3.1008987206519953,-2.9268184929451166,1787248565.558106
0.36060643196105957,IDLE,stop,0.0,0.0,0.5,0.0,0.0,0.0,0.0,0.0,0.0,0.0,0.0,0.09427915882016168,15.48118799591747,3.1001999345610196,-2.9269719408292274,1787248565.5785582
0.38044071197509766,IDLE,stop,0.0,0.0,0.5,0.0,0.0,0.0,0.0,0.0,0.0,0.0,0.0,0.046578387837468115,15.481202713819844,3.1002031461124218,-2.9269719408292274,1787248565.597554
0.40143322944641113,IDLE,stop,0.0,0.0,0.5,0.0,0.0,0.0,0.0,0.0,0.0,0.0,0.0,0.01632829301194965,15.481195237503496,3.10020151709573,-2.9269719408292274,1787248565.6263638
0.42021846771240234,IDLE,stop,0.0,0.0,0.5,0.0,0.0,0.0,0.0,0.0,0.0,0.0,0.0,0.008182698012005605,15.481194540031609,3.1002013654220826,-2.9269719408292274,1787248565.646124
0.440568208694458,IDLE,stop,0.0,0.0,0.5,0.0,0.0,0.0,0.0,0.0,0.0,0.0,0.0,0.005837033075278018,15.481190868315283,3.1002005650691733,-2.9269719408292274,1787248565.6564531
0.4611632823944092,IDLE,stop,0.0,0.0,0.5,0.0,0.0,0.0,0.0,0.0,0.0,0.0,0.0,0.03828086642332717,15.479212057963586,3.0997604442889433,-2.9271217252176434,1787248565.6861904
0.4811360836029053,IDLE,stop,0.0,0.0,0.5,0.0,0.0,0.0,0.0,0.0,0.0,0.0,0.0,0.02697151612530269,15.479218654832827,3.099761883614747,-2.9271217252176434,1787248565.6977713
0.5011081695556641,IDLE,stop,0.0,0.0,0.5,0.0,0.0,0.0,0.0,0.0,0.0,0.0,0.0,0.013557390085385132,15.4792149532668,3.0997610786218757,-2.9271217252176434,1787248565.717649
0.521061897277832,IDLE,stop,0.0,0.0,0.5,0.0,0.0,0.0,0.0,0.0,0.0,0.0,0.0,0.006902285010429869,15.47921256881476,3.0997605599372737,-2.9271217252176434,1787248565.7373428
0.5406031608581543,IDLE,stop,0.0,0.0,0.5,0.0,0.0,0.0,0.0,0.0,0.0,0.0,0.0,0.0036255690254508527,15.47920301193635,3.0997584782486984,-2.9271217252176434,1787248565.7577422
0.561225175857544,IDLE,stop,0.0,0.0,0.5,0.0,0.0,0.0,0.0,0.0,0.0,0.0,0.0,0.12249425001913174,15.483580041793019,3.100750842405939,-2.9269556174991154,1787248565.7798252
0.5810706615447998,IDLE,stop,0.0,0.0,0.5,0.0,0.0,0.0,0.0,0.0,0.0,0.0,0.0,0.06101281998898144,15.483587580253513,3.1007524890079954,-2.926955617499116,1787248565.797454
0.6015150547027588,IDLE,stop,0.0,0.0,0.5,0.0,0.0,0.0,0.0,0.0,0.0,0.0,0.0,0.02170805202236047,15.483603336702505,3.100755925563678,-2.9269556174991163,1787248565.8261404
0.6212093830108643,IDLE,stop,0.0,0.0,0.5,0.0,0.0,0.0,0.0,0.0,0.0,0.0,0.0,0.015368756985138779,15.483596900957982,3.100754523537133,-2.9269556174991163,1787248565.8375545
0.6409754753112793,IDLE,stop,0.0,0.0,0.5,0.0,0.0,0.0,0.0,0.0,0.0,0.0,0.0,0.007849284906303846,15.483599809290954,3.1007551580473933,-2.9269556174991163,1787248565.8575106
0.6610352993011475,IDLE,stop,0.0,0.0,0.5,0.0,0.0,0.0,0.0,0.0,0.0,0.0,0.0,0.018441380848358654,15.4825688208673,3.100562569741041,-2.926912744851677,1787248565.8860638
0.681267261505127,IDLE,stop,0.0,0.0,0.5,0.0,0.0,0.0,0.0,0.0,0.0,0.0,0.0,0.012935666414824113,15.482569818647272,3.100562787148677,-2.926912744851677,1787248565.897538
0.7024197578430176,IDLE,stop,0.0,0.0,0.5,0.0,0.0,0.0,0.0,0.0,0.0,0.0,0.0,0.0045068770763396805,15.482568354253422,3.1005624677728734,-2.926912744851677,1787248565.9261746
0.7214889526367188,IDLE,stop,0.0,0.0,0.5,0.0,0.0,0.0,0.0,0.0,0.0,0.0,0.0,0.003169973120432009,15.482568915497513,3.1005625901032925,-2.926912744851677,1787248565.9375424
0.7408092021942139,IDLE,stop,0.0,0.0,0.5,0.0,0.0,0.0,0.0,0.0,0.0,0.0,0.0,0.0015908071484741295,15.482567405352194,3.1005622608313868,-2.926912744851677,1787248565.95855
0.7609207630157471,IDLE,stop,0.0,0.0,0.5,0.0,0.0,0.0,0.0,0.0,0.0,0.0,0.0,0.007639985908370515,15.482791975917115,3.100615292172522,-2.927041463720212,1787248565.9795063
0.7817833423614502,IDLE,stop,0.0,0.0,0.5,0.0,0.0,0.0,0.0,0.0,0.0,0.0,0.0,0.002653007563606619,15.482792554230802,3.1006154181132235,-2.927041463720212,1787248566.0061243
0.8007278442382812,IDLE,stop,0.0,0.0,0.5,0.0,0.0,0.0,0.0,0.0,0.0,0.0,0.0,0.0018636231394703183,15.482792308479855,3.100615364521939,-2.927041463720212,1787248566.0177014
0.8205585479736328,IDLE,stop,0.0,0.0,0.5,0.0,0.0,0.0,0.0,0.0,0.0,0.0,0.0,0.000925244226754223,15.48279241346429,3.100615387376458,-2.927041463720212,1787248566.0373518
0.8406481742858887,IDLE,stop,0.0,0.0,0.5,0.0,0.0,0.0,0.0,0.0,0.0,0.0,0.0,0.00046474238393479306,15.48279287981326,3.1006154889962523,-2.927041463720212,1787248566.0587502
0.8612277507781982,IDLE,stop,0.0,0.0,0.5,0.0,0.0,0.0,0.0,0.0,0.0,0.0,0.0,0.058916325058593295,15.47868850381069,3.099700636973098,-2.927036676685082,1787248566.086295
0.8811674118041992,IDLE,stop,0.0,0.0,0.5,0.0,0.0,0.0,0.0,0.0,0.0,0.0,0.0,0.04145895047364653,15.47869639140864,3.0997023560692547,-2.927036676685082,1787248566.0974286
0.9008548259735107,IDLE,stop,0.0,0.0,0.5,0.0,0.0,0.0,0.0,0.0,0.0,0.0,0.0,0.02069884036891899,15.478692908460209,3.0997015972670487,-2.927036676685082,1787248566.117561
0.9211995601654053,IDLE,stop,0.0,0.0,0.5,0.0,0.0,0.0,0.0,0.0,0.0,0.0,0.0,0.010426840994218343,15.478690368262598,3.0997010438236274,-2.927036676685082,1787248566.137514
0.9405813217163086,IDLE,stop,0.0,0.0,0.5,0.0,0.0,0.0,0.0,0.0,0.0,0.0,0.0,0.005301602052660798,15.478688073502509,3.0997005438219345,-2.927036676685082,1787248566.1586878
0.9619565010070801,IDLE,stop,0.0,0.0,0.5,0.0,0.0,0.0,0.0,0.0,0.0,0.0,0.0,0.07247549034205032,15.48270381155211,3.100565582714871,-2.9269471584654694,1787248566.1865075
0.9820606708526611,IDLE,stop,0.0,0.0,0.5,0.0,0.0,0.0,0.0,0.0,0.0,0.0,0.0,0.036043105400256785,15.482705997266024,3.1005660607146095,-2.9269471584654694,1787248566.2062213
1.000622272491455,IDLE,stop,0.0,0.0,0.5,0.0,0.0,0.0,0.0,0.0,0.0,0.0,0.0,0.025399740975520738,15.48269975974734,3.1005647017261033,-2.9269471584654694,1787248566.2175157
1.0215914249420166,IDLE,stop,0.0,0.0,0.5,0.0,0.0,0.0,0.0,0.0,0.0,0.0,0.0,0.009139060594086475,15.482708517462175,3.1005666113854,-2.9269471584654694,1787248566.2461085
1.040339469909668,IDLE,stop,0.0,0.0,0.5,0.0,0.0,0.0,0.0,0.0,0.0,0.0,0.0,0.0064467585808543355,15.482706162338243,3.1005660982106793,-2.9269471584654694,1787248566.2607417
1.0606982707977295,IDLE,stop,0.0,0.0,0.5,0.0,0.0,0.0,0.0,0.0,0.0,0.0,0.0,0.00554463880262294,15.482879471662336,3.1005637508579262,-2.9268179175734246,1787248566.2860963
1.0813825130462646,IDLE,stop,0.0,0.0,0.5,0.0,0.0,0.0,0.0,0.0,0.0,0.0,0.0,0.003940633756121207,15.482877271825503,3.100563271546774,-2.9268179175734246,1787248566.2974699
1.101943016052246,IDLE,stop,0.0,0.0,0.5,0.0,0.0,0.0,0.0,0.0,0.0,0.0,0.0,0.002036739721129088,15.482878239789308,3.100563482999961,-2.9268179175734246,1787248566.3180013
1.120450496673584,IDLE,stop,0.0,0.0,0.5,0.0,0.0,0.0,0.0,0.0,0.0,0.0,0.0,0.001073780054241047,15.482878857791958,3.100563617980732,-2.9268179175734246,1787248566.3412206
1.1405854225158691,IDLE,stop,0.0,0.0,0.5,0.0,0.0,0.0,0.0,0.0,0.0,0.0,0.0,0.0008108020572659944,15.482881777190777,3.100564254816109,-2.9268179175734246,1787248566.356374
1.1625943183898926,IDLE,stop,0.0,0.0,0.5,0.0,0.0,0.0,0.0,0.0,0.0,0.0,0.0,0.0005510386178267883,15.482881909313168,3.100564283723346,-2.9268179175734246,1787248566.3797088
1.1810424327850342,IDLE,stop,0.0,0.0,0.5,0.0,0.0,0.0,0.0,0.0,0.0,0.0,0.0,0.009204474111799857,15.483217776026736,3.100595277719598,-2.9267290406267876,1787248566.3974066
1.2006347179412842,IDLE,stop,0.0,0.0,0.5,0.0,0.0,0.0,0.0,0.0,0.0,0.0,0.0,0.004580326550605273,15.483217951996007,3.1005953163219364,-2.9267290406267876,1787248566.4177225
1.2207024097442627,IDLE,stop,0.0,0.0,0.5,0.0,0.0,0.0,0.0,0.0,0.0,0.0,0.0,0.0022981344531297666,15.483218084709684,3.100595345395438,-2.9267290406267876,1787248566.437514
1.240445613861084,IDLE,stop,0.0,0.0,0.5,0.0,0.0,0.0,0.0,0.0,0.0,0.0,0.0,0.0011712684155884177,15.483219709419547,3.1005956999596505,-2.9267290406267876,1787248566.4561186
1.2610764503479004,IDLE,stop,0.0,0.0,0.5,0.0,0.0,0.0,0.0,0.0,0.0,0.0,0.0,0.08862186936773175,15.480393544854508,3.100015291704394,-2.926845681445822,1787248566.478931
1.2813043594360352,IDLE,stop,0.0,0.0,0.5,0.0,0.0,0.0,0.0,0.0,0.0,0.0,0.0,0.031052984456440304,15.480406289740428,3.1000180752467896,-2.926845681445822,1787248566.5061018
1.301072597503662,IDLE,stop,0.0,0.0,0.5,0.0,0.0,0.0,0.0,0.0,0.0,0.0,0.0,0.021868310356329787,15.480411257437128,3.100019159461582,-2.926845681445822,1787248566.5177264
1.3210246562957764,IDLE,stop,0.0,0.0,0.5,0.0,0.0,0.0,0.0,0.0,0.0,0.0,0.0,0.01095650288811325,15.480409232147169,3.100018718112736,-2.926845681445822,1787248566.5377285
1.3408215045928955,IDLE,stop,0.0,0.0,0.5,0.0,0.0,0.0,0.0,0.0,0.0,0.0,0.0,0.005544775576873154,15.480407708951704,3.100018386100589,-2.926845681445822,1787248566.5578656
1.3614647388458252,IDLE,stop,0.0,0.0,0.5,0.0,0.0,0.0,0.0,0.0,0.0,0.0,0.0,0.013958732604183222,15.481133520807694,3.1001741308142075,-2.92687123413255,1787248566.5861962
1.3813226222991943,IDLE,stop,0.0,0.0,0.5,0.0,0.0,0.0,0.0,0.0,0.0,0.0,0.0,0.009788743702408632,15.481132870916792,3.1001739890154645,-2.92687123413255,1787248566.5975146
1.401639461517334,IDLE,stop,0.0,0.0,0.5,0.0,0.0,0.0,0.0,0.0,0.0,0.0,0.0,0.0034074724052687933,15.481133812337433,3.1001741942840013,-2.92687123413255,1787248566.626548
1.4229867458343506,IDLE,stop,0.0,0.0,0.5,0.0,0.0,0.0,0.0,0.0,0.0,0.0,0.0,0.0016949524409788398,15.481133859605569,3.10017420457066,-2.92687123413255,1787248566.6461632
1.4411547183990479,IDLE,stop,0.0,0.0,0.5,0.0,0.0,0.0,0.0,0.0,0.0,0.0,0.0,0.0011951472649859424,15.481133529544094,3.100174132577802,-2.92687123413255,1787248566.6578383
1.4634737968444824,IDLE,stop,0.0,0.0,0.5,0.0,0.0,0.0,0.0,0.0,0.0,0.0,0.0,0.0006005068132297663,15.481133647213046,3.1001741582328863,-2.92687123413255,1787248566.6786969
1.4814069271087646,IDLE,stop,0.0,0.0,0.5,0.0,0.0,0.0,0.0,0.0,0.0,0.0,0.0,0.04895933613429895,15.484063068523996,3.1008161319951433,-2.9267992405153533,1787248566.7061393
1.5036168098449707,IDLE,stop,0.0,0.0,0.5,0.0,0.0,0.0,0.0,0.0,0.0,0.0,0.0,0.024390795820163794,15.484064556006134,3.1008164572187433,-2.9267992405153533,1787248566.7261343
1.521064043045044,IDLE,stop,0.0,0.0,0.5,0.0,0.0,0.0,0.0,0.0,0.0,0.0,0.0,0.017203591125685924,15.484059775135844,3.100815414620575,-2.9267992405153533,1787248566.7374234
1.5409650802612305,IDLE,stop,0.0,0.0,0.5,0.0,0.0,0.0,0.0,0.0,0.0,0.0,0.0,0.008652287850214142,15.484062058096804,3.1008159128826085,-2.9267992405153533,1787248566.7594237
1.560619831085205,IDLE,stop,0.0,0.0,0.5,0.0,0.0,0.0,0.0,0.0,0.0,0.0,0.0,0.09882835939222707,15.480390188977882,3.099992470107055,-2.9269371020665784,1787248566.7789621
1.5806143283843994,IDLE,stop,0.0,0.0,0.5,0.0,0.0,0.0,0.0,0.0,0.0,0.0,0.0,0.049229773922515194,15.480362240898849,3.099986377024329,-2.9269371020665784,1787248566.7970386
1.6005003452301025,IDLE,stop,0.0,0.0,0.5,0.0,0.0,0.0,0.0,0.0,0.0,0.0,0.0,0.024720724140939766,15.480364844575572,3.099986946643159,-2.9269371020665784,1787248566.8163137
1.6214053630828857,IDLE,stop,0.0,0.0,0.5,0.0,0.0,0.0,0.0,0.0,0.0,0.0,0.0,0.012397268768949568,15.480377604101909,3.0999897300486654,-2.9269371020665784,1787248566.838347
1.6403286457061768,IDLE,stop,0.0,0.0,0.5,0.0,0.0,0.0,0.0,0.0,0.0,0.0,0.0,0.0063855409799404225,15.48036689260082,3.0999873947875485,-2.9269371020665784,1787248566.8561716
1.6615073680877686,IDLE,stop,0.0,0.0,0.5,0.0,0.0,0.0,0.0,0.0,0.0,0.0,0.0,0.05494960456328108,15.482936023325546,3.1005264664965595,-2.9268877983529262,1787248566.8860514
1.6815814971923828,IDLE,stop,0.0,0.0,0.5,0.0,0.0,0.0,0.0,0.0,0.0,0.0,0.0,0.027187907987633552,15.482937018325169,3.100526683695989,-2.9268877983529262,1787248566.9061267
1.7010045051574707,IDLE,stop,0.0,0.0,0.5,0.0,0.0,0.0,0.0,0.0,0.0,0.0,0.0,0.019115718590438403,15.482933925418369,3.100526009359044,-2.9268877983529262,1787248566.9174078
1.7212398052215576,IDLE,stop,0.0,0.0,0.5,0.0,0.0,0.0,0.0,0.0,0.0,0.0,0.0,0.009522276383521638,15.48293542921836,3.1005263373525698,-2.9268877983529262,1787248566.9376915
1.7404656410217285,IDLE,stop,0.0,0.0,0.5,0.0,0.0,0.0,0.0,0.0,0.0,0.0,0.0,0.004787767784094037,15.482936412884358,3.100526551893785,-2.9268877983529262,1787248566.9591045
1.7617707252502441,IDLE,stop,0.0,0.0,0.5,0.0,0.0,0.0,0.0,0.0,0.0,0.0,0.0,0.03558867297343798,15.48098108995242,3.1001071062012238,-2.9268693253182696,1787248566.986108
1.7807092666625977,IDLE,stop,0.0,0.0,0.5,0.0,0.0,0.0,0.0,0.0,0.0,0.0,0.0,0.02503101507167892,15.480985575150225,3.1001080841361293,-2.926869325318269,1787248566.9976864
1.8027091026306152,IDLE,stop,0.0,0.0,0.5,0.0,0.0,0.0,0.0,0.0,0.0,0.0,0.0,0.008910001562253451,15.480978737134173,3.1001065927446,-2.926869325318269,1787248567.0261853
1.821244716644287,IDLE,stop,0.0,0.0,0.5,0.0,0.0,0.0,0.0,0.0,0.0,0.0,0.0,0.006302480673896484,15.480981298996827,3.100107151383581,-2.926869325318269,1787248567.0381985
1.840998888015747,IDLE,stop,0.0,0.0,0.5,0.0,0.0,0.0,0.0,0.0,0.0,0.0,0.0,0.0032258588782263517,15.480980008895326,3.1001068699952605,-2.926869325318269,1787248567.0578077
1.8612942695617676,IDLE,stop,0.0,0.0,0.5,0.0,0.0,0.0,0.0,0.0,0.0,0.0,0.0,0.029277747273620463,15.482453788690963,3.100455192298136,-2.9268643683882067,1787248567.0863504
1.8805789947509766,IDLE,stop,0.0,0.0,0.5,0.0,0.0,0.0,0.0,0.0,0.0,0.0,0.0,0.020575677928433855,15.482450864655055,3.10045455465589,-2.9268643683882067,1787248567.0974
1.9014053344726562,IDLE,stop,0.0,0.0,0.5,0.0,0.0,0.0,0.0,0.0,0.0,0.0,0.0,0.010304633705466758,15.482459076736465,3.1004563456333054,-2.9268643683882067,1787248567.1165109
1.921163558959961,IDLE,stop,0.0,0.0,0.5,0.0,0.0,0.0,0.0,0.0,0.0,0.0,0.0,0.0036971274138167375,15.482456263442279,3.1004557321335415,-2.9268643683882067,1787248567.1460488
1.9406824111938477,IDLE,stop,0.0,0.0,0.5,0.0,0.0,0.0,0.0,0.0,0.0,0.0,0.0,0.0026565179077262147,15.482458678688737,3.100456258875989,-2.9268643683882067,1787248567.1568706
1.960984706878662,IDLE,stop,0.0,0.0,0.5,0.0,0.0,0.0,0.0,0.0,0.0,0.0,0.0,0.04590162395584242,15.483947394408625,3.100821407131659,-2.926847987471513,1787248567.179418
1.983168125152588,IDLE,stop,0.0,0.0,0.5,0.0,0.0,0.0,0.0,0.0,0.0,0.0,0.0,0.016269845639878978,15.4839578107753,3.100823679206234,-2.926847987471513,1787248567.2061934
2.0006556510925293,IDLE,stop,0.0,0.0,0.5,0.0,0.0,0.0,0.0,0.0,0.0,0.0,0.0,0.011489613453100147,15.483954053579971,3.1008228598333147,-2.926847987471513,1787248567.2176473
2.0218169689178467,IDLE,stop,0.0,0.0,0.5,0.0,0.0,0.0,0.0,0.0,0.0,0.0,0.0,0.005825072430905642,15.483956041466344,3.1008232934615334,-2.926847987471513,1787248567.2379344
2.0417633056640625,IDLE,stop,0.0,0.0,0.5,0.0,0.0,0.0,0.0,0.0,0.0,0.0,0.0,0.003055600072013263,15.483963195860317,3.1008248538900753,-2.926847987471513,1787248567.2563274
2.0613350868225098,IDLE,stop,0.0,0.0,0.5,0.0,0.0,0.0,0.0,0.0,0.0,0.0,0.0,0.052881806634845686,15.481244426533213,3.100194534816892,-2.9269908126616397,1787248567.2866168
2.0805559158325195,IDLE,stop,0.0,0.0,0.5,0.0,0.0,0.0,0.0,0.0,0.0,0.0,0.0,0.03720179179416881,15.481251204364291,3.1001960140787426,-2.9269908126616397,1787248567.2978954
2.100893020629883,IDLE,stop,0.0,0.0,0.5,0.0,0.0,0.0,0.0,0.0,0.0,0.0,0.0,0.01859008399301101,15.481247683538175,3.1001952477516284,-2.9269908126616397,1787248567.3174005
2.122119665145874,IDLE,stop,0.0,0.0,0.5,0.0,0.0,0.0,0.0,0.0,0.0,0.0,0.0,0.009376932882417992,15.481245398698874,3.100194750351708,-2.9269908126616397,1787248567.3378003
2.140310764312744,IDLE,stop,0.0,0.0,0.5,0.0,0.0,0.0,0.0,0.0,0.0,0.0,0.0,0.004870257176857634,15.481233553388869,3.1001921685704095,-2.9269908126616397,1787248567.3603761
2.1660304069519043,IDLE,stop,0.0,0.0,0.5,0.0,0.0,0.0,0.0,0.0,0.0,0.0,0.0,0.09616577124362799,15.484412728601592,3.100892235780787,-2.9270479196903825,1787248567.379038
2.18186092376709,IDLE,stop,0.0,0.0,0.5,0.0,0.0,0.0,0.0,0.0,0.0,0.0,0.0,0.03378190719705681,15.484428105616143,3.1008955850921454,-2.9270479196903825,1787248567.4060996
2.201683759689331,IDLE,stop,0.0,0.0,0.5,0.0,0.0,0.0,0.0,0.0,0.0,0.0,0.0,0.016924973522386564,15.48442937041007,3.1008958599862453,-2.9270479196903825,1787248567.426103
2.2215328216552734,IDLE,stop,0.0,0.0,0.5,0.0,0.0,0.0,0.0,0.0,0.0,0.0,0.0,0.011966831565152611,15.484424919245091,3.100894889704658,-2.9270479196903825,1787248567.4375544
2.2451794147491455,IDLE,stop,0.0,0.0,0.5,0.0,0.0,0.0,0.0,0.0,0.0,0.0,0.0,0.006147805622233365,15.484435758285324,3.100897251512923,-2.9270479196903825,1787248567.4574022
2.2638511657714844,IDLE,stop,0.0,0.0,0.5,0.0,0.0,0.0,0.0,0.0,0.0,0.0,0.0,0.039622765160553686,15.486166473290599,3.101290769703861,-2.9271019133420406,1787248567.4860702
2.2808244228363037,IDLE,stop,0.0,0.0,0.5,0.0,0.0,0.0,0.0,0.0,0.0,0.0,0.0,0.019839514238116623,15.486168797324778,3.101291275119916,-2.927101913342041,1787248567.5061524
2.3006296157836914,IDLE,stop,0.0,0.0,0.5,0.0,0.0,0.0,0.0,0.0,0.0,0.0,0.0,0.014149026886532974,15.486177368154186,3.101293142204198,-2.927101913342041,1787248567.5162208
2.3206145763397217,IDLE,stop,0.0,0.0,0.5,0.0,0.0,0.0,0.0,0.0,0.0,0.0,0.0,0.007172980546502052,15.486166766478693,3.101290831988074,-2.927101913342041,1787248567.5379035
2.3404953479766846,IDLE,stop,0.0,0.0,0.5,0.0,0.0,0.0,0.0,0.0,0.0,0.0,0.0,0.003968182852093184,15.486177722367579,3.101293218637832,-2.927101913342041,1787248567.5595067
2.3606278896331787,IDLE,stop,0.0,0.0,0.5,0.0,0.0,0.0,0.0,0.0,0.0,0.0,0.0,0.002864573307965887,15.486173836751869,3.101292372042452,-2.927101913342041,1787248567.573244
2.3809878826141357,IDLE,stop,0.0,0.0,0.5,0.0,0.0,0.0,0.0,0.0,-0.0008699796966860659,-0.33962475489685673,0.06904768952286489,0.0022019341896565674,15.486119428326365,3.101289445389736,-2.92709243715602,1787248567.5975716
2.4003801345825195,IDLE,stop,0.0,0.0,0.5,0.0,0.0,0.0,0.0,16.1,0.00019234440404346486,-0.3034418539858166,0.054187209577062134,0.0011585790708969763,15.486119953464083,3.101289559798219,-2.92709243715602,1787248567.617817
2.4248175621032715,IDLE,stop,0.0,0.0,0.5,0.0,0.0,0.0,-0.001,16.1,-0.0008449921456320446,-0.34581892997305275,0.025615812331903243,0.0006281102181204627,15.486120379167792,3.101289652541946,-2.92709243715602,1787248567.6377876
2.440889596939087,IDLE,stop,0.0,0.0,0.5,0.0,0.0,0.0,-0.001,16.1,0.0023398983266018788,-0.34475152071003734,0.0929207026099057,0.000356407622410914,15.486120689769796,3.1012897202089444,-2.92709243715602,1787248567.6578305
2.4621469974517822,IDLE,stop,0.0,0.0,0.5,0.0,0.0,0.0,-0.001,16.1,-0.0008296352768774549,-0.3312250830724075,0.08314708122874848,0.10282680486392577,15.48181150286426,3.100344150517091,-2.9272554169121183,1787248567.6790226
2.480743408203125,IDLE,stop,0.0,0.0,0.5,0.0,0.0,0.0,-0.001,16.1,0.00018948118077872315,-0.3444706350761173,0.08819505580764186,0.05137162757181435,15.481804527051652,3.1003426362398327,-2.927255416912117,1787248567.6989498
2.500603437423706,IDLE,stop,0.0,0.0,0.5,0.0,0.0,0.0,-0.001,16.1,-0.0008978304059862476,-0.2984274278081642,0.05902855816399821,0.02613513185761453,15.48177260377175,3.100335687150112,-2.927255416912117,1787248567.7162275
2.5210444927215576,IDLE,stop,0.0,0.0,0.5,0.0,0.0,0.0,-0.001,16.1,0.00020197492379644315,-0.3676888696173677,0.09315316598713252,0.013327862292174093,15.481795184087888,3.1003406059703535,-2.927255416912116,1787248567.7373934
2.540764570236206,IDLE,stop,0.0,0.0,0.5,0.0,0.0,0.0,-0.001,16.1,0.0002105645935906682,-0.32643537271091105,0.04003676436732917,0.00699825887826464,15.481778288312485,3.100336928082006,-2.927255416912116,1787248567.7561133
2.5612916946411133,IDLE,stop,0.0,0.0,0.5,0.0,0.0,0.0,-0.001,16.1,0.00019520762730820652,-0.335509191983828,0.06889303066224173,0.06664178249319964,15.483926575662949,3.100798061485192,-2.9272284555084105,1787248567.7791018
2.5819666385650635,IDLE,stop,0.0,0.0,0.5,0.0,0.0,0.0,-0.001,16.1,-0.0008699796966860659,-0.3403550721630886,0.0880403969470187,0.023190256841285166,15.483932410112583,3.1007993317124893,-2.927228455508411,1787248567.8061166
2.6011130809783936,IDLE,stop,0.0,0.0,0.5,0.0,0.0,0.0,-0.001,16.1,-0.0008910630119701392,-0.3591768581573902,0.04500806732770002,0.011509253590655636,15.483932882984577,3.1007994346686183,-2.927228455508411,1787248567.8261342
2.620858907699585,IDLE,stop,0.0,0.0,0.5,0.0,0.0,0.0,-0.001,16.1,-0.001925536338380907,-0.37270329579502004,0.06915173342083136,0.008103254085945043,15.483931158074487,3.1007990591439554,-2.927228455508411,1787248567.837456
2.6406350135803223,IDLE,stop,0.0,0.0,0.5,0.0,0.0,0.0,-0.001,16.1,0.0012632581095486394,-0.2979779961758524,0.05913154225408235,0.004054490679012496,15.48393195269605,3.10079923214261,-2.927228455508411,1787248567.85799
2.6612610816955566,IDLE,stop,0.0,0.0,0.5,0.0,0.0,0.0,-0.002,16.1,0.00019911170053170147,-0.3306071054417039,0.054548567519841384,0.03496080254347854,15.48175561868882,3.1003310048213146,-2.9269564793465253,1787248567.8861055
2.680772542953491,IDLE,stop,0.0,0.0,0.5,0.0,0.0,0.0,-0.001,16.1,-0.0008603491444237971,-0.35416239543463846,0.0642194971717096,0.024609297479093174,15.481760810749408,3.1003321339498706,-2.9269564793465244,1787248567.8977633
2.70100998878479,IDLE,stop,0.0,0.0,0.5,0.0,0.0,0.0,-0.001,16.1,0.00017985066102574486,-0.32604211089636337,0.040126884582427635,0.008836364812322691,15.481752153833426,3.100330245303638,-2.926956479346524,1787248567.9265177
2.7210140228271484,IDLE,stop,0.0,0.0,0.5,0.0,0.0,0.0,-0.002,16.1,-0.0030310679521466277,-0.33556536180159213,0.10241031375114495,0.006272570186281366,15.481755332664042,3.100330937450527,-2.9269564793465235,1787248567.9377213
2.740544319152832,IDLE,stop,0.0,0.0,0.5,0.0,0.0,0.0,-0.001,16.1,-0.001953387177718251,-0.3446953508922732,0.06898347978323471,0.003293596341496068,15.481747138493922,3.1003291511700524,-2.9269564793465235,1787248567.9570749
2.7606489658355713,IDLE,stop,0.0,0.0,0.5,0.0,0.0,0.0,-0.001,16.1,-0.0008699796966860659,-0.3406359577970086,0.06402595432533431,0.10324210852788683,15.485330689577474,3.101092454986896,-2.9270617912518726,1787248567.9793549
2.7914347648620605,IDLE,stop,0.0,0.0,0.5,0.0,0.0,0.0,-0.002,16.1,-0.0008632123026699574,-0.3267162583448311,0.05434241661417616,0.051282063147124204,15.485338152135451,3.1010940798177407,-2.927061791251873,1787248567.9982312
2.802499532699585,IDLE,stop,0.0,0.0,0.5,0.0,0.0,0.0,-0.001,16.1,0.0001730833645375082,-0.34886708362306607,0.11702542989963582,0.0361576362863213,15.48535075348841,3.1010968254478244,-2.927061791251873,1787248568.0131013
2.8207602500915527,IDLE,stop,0.0,0.0,0.5,0.0,0.0,0.0,-0.001,16.1,-0.0008728428549322264,-0.3534320781684066,0.11228706540278388,0.025733271919807312,15.485390043761385,3.101105386159982,-2.927061791251873,1787248568.0416255
2.840796709060669,IDLE,stop,0.0,0.0,0.5,0.0,0.0,0.0,-0.002,16.1,0.00021629104012015158,-0.32175803853004226,0.040010853891860876,0.025733271919807312,15.485390043761385,3.101105386159982,-2.927061791251873,1787248568.0416255
2.8603034019470215,IDLE,stop,0.0,0.0,0.5,0.0,0.0,0.0,-0.001,16.1,-0.000867116408402743,-0.3404112419808527,0.06407744637037638,0.025733271919807312,15.485390043761385,3.101105386159982,-2.927061791251873,1787248568.0416255
2.880356550216675,IDLE,stop,0.0,0.0,0.5,0.0,0.0,0.0,-0.001,16.1,0.0001866179575139815,-0.29780948672256,0.09270033566057734,0.06418326997085018,15.486682318382078,3.101410173393708,-2.926991809971221,1787248568.0961049
2.9020116329193115,IDLE,stop,0.0,0.0,0.5,0.0,0.0,0.0,-0.001,16.1,-0.001953387177718251,-0.36312387507202715,0.09310152776169289,0.022242813445389947,15.4866749723246,3.1014085730438956,-2.926991809971221,1787248568.1261766
2.9226343631744385,IDLE,stop,0.0,0.0,0.5,0.0,0.0,0.0,-0.002,16.1,-0.0008757061432155494,-0.26968920218428494,0.035077557834856776,0.010981792838051846,15.486674756194875,3.1014085260432185,-2.926991809971221,1787248568.1463673
2.9405245780944824,IDLE,stop,0.0,0.0,0.5,0.0,0.0,0.0,-0.001,16.1,-0.0008757061432155494,-0.36334859088818305,0.0643099097476032,0.007719898337066093,15.486673560743526,3.1014082655421853,-2.926991809971221,1787248568.1576116
2.961456060409546,IDLE,stop,0.0,0.0,0.5,0.0,0.0,0.0,-0.001,16.1,0.00020483814706118484,-0.33128125289017163,0.04481404939503264,0.13812086545711957,15.480375321891529,3.1000468843135636,-2.9269520007815433,1787248568.177293
2.983168363571167,IDLE,stop,0.0,0.0,0.5,0.0,0.0,0.0,-0.001,16.1,-0.0008881998537239787,-0.3403550721630886,0.044930226265996964,0.06809739005644383,15.480372473832187,3.1000462628311354,-2.9269520007815433,1787248568.1978486
3.0014946460723877,IDLE,stop,0.0,0.0,0.5,0.0,0.0,0.0,-0.001,16.1,0.0012661213978319625,-0.2975285645435406,0.10234473357028762,0.03369516107807006,15.480370530604423,3.1000458388716905,-2.9269520007815433,1787248568.217726
3.0299947261810303,IDLE,stop,0.0,0.0,0.5,0.0,0.0,0.0,-0.001,16.1,-0.0030157110833920384,-0.2981465421742442,0.083043037330782,0.016746520757586012,15.480368976100346,3.1000454998046907,-2.9269520007815433,1787248568.238532
3.0435009002685547,IDLE,stop,0.0,0.0,0.5,0.0,0.0,0.0,-0.001,16.1,-0.0008757061432155494,-0.36334859088818305,0.07388995173728574,0.008435807875518071,15.480360440804052,3.1000436391206914,-2.9269520007815433,1787248568.2576637
3.060720443725586,IDLE,stop,0.0,0.0,0.5,0.0,0.0,0.0,-0.002,16.1,0.0012603948212653164,-0.3024868209034288,0.054406078177315464,0.004331608678250275,15.480361948018277,3.1000439675891514,-2.9269520007815433,1787248568.2763338
3.080843687057495,IDLE,stop,0.0,0.0,0.5,0.0,0.0,0.0,-0.001,16.1,-0.001940893467209822,-0.32643537271091105,0.05919684834669425,0.07781619122407622,15.485048140030617,3.1010903102731335,-2.9267501511967313,1787248568.2979271
3.100461721420288,IDLE,stop,0.0,0.0,0.5,0.0,0.0,0.0,-0.001,16.1,-0.0008699796966860659,-0.3351159301692803,0.12646342108798514,0.03878559785344284,15.48504485617724,3.101089597704593,-2.926750151196731,1787248568.3164818
3.1220691204071045,IDLE,stop,0.0,0.0,0.5,0.0,0.0,0.0,-0.001,16.1,0.0012479011107568872,-0.3262668267125193,0.0352853532699946,0.013718956422317356,15.485037309127046,3.1010879541994147,-2.9267501511967304,1787248568.34609
3.140864610671997,IDLE,stop,0.0,0.0,0.5,0.0,0.0,0.0,-0.001,16.1,0.0012546685047729958,-0.335509191983828,0.09763317490383905,0.00977406946936255,15.485042909095561,3.1010891761697232,-2.9267501511967304,1787248568.3561575
3.161275625228882,IDLE,stop,0.0,0.0,0.5,0.0,0.0,0.0,-0.001,16.1,-0.0008699796966860659,-0.3549489190637338,0.08319934072087776,0.09202282496531501,15.481802447284176,3.1004035517968513,-2.927177008843533,1787248568.3792946
3.1813101768493652,IDLE,stop,0.0,0.0,0.5,0.0,0.0,0.0,-0.001,16.1,-0.0019101794696263173,-0.3685315630642272,0.04984989100092818,0.0456106729876942,15.481797629858093,3.1004025079309585,-2.9271770088435334,1787248568.3976727
3.2010815143585205,IDLE,stop,0.0,0.0,0.5,0.0,0.0,0.0,-0.001,16.1,-0.0008978304059862476,-0.3031047985341324,0.08779459460851413,0.01611358921332924,15.481787952998896,3.1004004035819928,-2.927177008843534,1787248568.4262493
3.2210190296173096,IDLE,stop,0.0,0.0,0.5,0.0,0.0,0.0,-0.001,16.1,0.00020197492379644315,-0.2887356674496431,0.01594382287215268,0.008129229177173751,15.481787125484189,3.100400224948461,-2.927177008843534,1787248568.4461248
3.240607500076294,IDLE,stop,0.0,0.0,0.5,0.0,0.0,0.0,-0.001,16.1,0.00018271388429048652,-0.33962475489685673,0.07383769224515646,0.005830351206769045,15.48178235850053,3.1003991868754674,-2.927177008843534,1787248568.4565873
3.260859251022339,IDLE,stop,0.0,0.0,0.5,0.0,0.0,0.0,-0.001,16.1,0.00021733189007890484,-0.32147711635102283,0.05923533033635309,0.059700651911522226,15.479583608659993,3.099899807203166,-2.9269485712699352,1787248568.4795597
3.2817091941833496,ARM,stop,0.0,0.0,0.5,0.0,0.0,0.0,-0.001,16.1,0.0001866179575139815,-0.34520095234234915,0.07365763454045648,0.02126026319411069,15.479567827218267,3.0998963644342905,-2.9269485712699352,1787248568.506128
3.3015716075897217,ARM,stop,0.0,0.0,0.5,0.0,0.0,0.0,-0.001,16.1,-0.0008699796966860659,-0.3028239129002124,0.05911882455949424,0.01078581154133179,15.479565879505646,3.0998959385211164,-2.9269485712699352,1787248568.526405
3.3207919597625732,ARM,stop,0.0,0.0,0.5,0.0,0.0,0.0,-0.001,16.1,-0.0009103241164946771,-0.37704357452420467,0.09799500793291038,0.0076664061225217815,15.479570120996668,3.099896862457307,-2.9269485712699352,1787248568.537599
3.3424417972564697,ARM,stop,0.0,0.0,0.5,0.0,0.0,0.0,-0.001,16.1,-0.0008546226978943137,-0.29313211599659184,0.0495642545040873,0.004048182237635791,15.479559477873035,3.099894542231328,-2.9269485712699352,1787248568.5564957
3.361528158187866,ARM,stop,0.0,0.0,0.5,0.0,0.0,0.0,-0.001,16.1,-0.0008632123026699574,-0.33984947071301264,0.06420615821043185,0.032252744219854405,15.481491674172197,3.1002972894505105,-2.9269909209962908,1787248568.5777476
3.3807685375213623,ARM,stop,0.0,0.0,0.5,0.0,0.0,0.0,-0.001,16.1,0.0012450379525107266,-0.3401865261646968,0.08328902239478353,0.0161793523183116,15.481505269770432,3.1003002527197676,-2.9269909209962908,1787248568.5965254
3.4014625549316406,ARM,stop,0.0,0.0,0.5,0.0,0.0,0.0,-0.001,16.1,-0.0008699796966860659,-0.35438711125079436,0.02584783716793737,0.00583343754679102,15.481500402093577,3.1002991917381393,-2.926990920996292,1787248568.6261334
3.420510768890381,ARM,stop,0.0,0.0,0.5,0.0,0.0,0.0,-0.001,16.1,-0.001940893467209822,-0.35416239543463846,0.0642194971717096,0.004140052257202143,15.481498280453483,3.1002987293034523,-2.9269909209962925,1787248568.6376336
3.4425692558288574,ARM,stop,0.0,0.0,0.5,0.0,0.0,0.0,-0.001,16.1,0.0023313085917890724,-0.3077821327150012,0.06866042110461734,0.002179690782093156,15.481504813245836,3.1003001531777397,-2.9269909209962925,1787248568.6603665
3.4612765312194824,ARM,stop,0.0,0.0,0.5,0.0,0.0,0.0,-0.001,16.1,0.0012575316630191562,-0.3449200667084291,0.07851202972787519,0.0169594006648914,15.482063914794319,3.1004057019000513,-2.9270193072035813,1787248568.678849
3.4817709922790527,ARM,stop,0.0,0.0,0.5,0.0,0.0,0.0,-0.001,16.1,0.00020483814706118484,-0.34007418652916854,0.06415466616538978,0.00849658700195791,15.482065845863497,3.1004061225868496,-2.9270193072035817,1787248568.6977262
3.5009021759033203,ARM,stop,0.0,0.0,0.5,0.0,0.0,0.0,-0.001,16.1,-0.0008853366954778184,-0.32215126379949055,0.04950077566644495,0.004291521883431562,15.482067041896473,3.1004063831566357,-2.9270193072035817,1787248568.7178342
3.5208091735839844,ARM,stop,0.0,0.0,0.5,0.0,0.0,0.0,-0.002,16.1,0.00018557710755522823,-0.31578854272490275,0.1408715092484254,0.0016019854603635095,15.482069705031618,3.100406963485621,-2.9270193072035817,1787248568.7461035
3.5405123233795166,ARM,stop,0.0,0.0,0.5,0.0,0.0,0.0,-0.001,16.1,-0.001968744046472841,-0.3404112419808527,0.030547281133937787,0.0011673956563639828,15.482071568343265,3.1004073695538765,-2.9270193072035817,1787248568.7585392
3.5605669021606445,ARM,stop,0.0,0.0,0.5,0.0,0.0,0.0,-0.001,16.1,0.00015199995172556318,-0.33579007761774804,0.08319871945418811,0.05578304493185799,15.483605613500574,3.1007575966793004,-2.9260184951775554,1787248568.7787564
3.580857038497925,ARM,stop,0.0,0.0,0.5,0.0,0.0,0.0,-0.001,16.1,0.0012268176654356515,-0.33133745925303515,0.06396123295431266,0.027703927595387725,15.483609577271162,3.1007584744423613,-2.9260184951775554,1787248568.7971952
3.602292060852051,ARM,stop,0.0,0.0,0.5,0.0,0.0,0.0,-0.002,16.1,0.002304498829975516,-0.3585588805266866,0.06430976356720564,0.009834935853217264,15.483617068195594,3.1007601201766657,-2.9260184951775554,1787248568.826443
3.6207594871520996,ARM,stop,0.0,0.0,0.5,0.0,0.0,0.0,-0.001,16.1,0.00016449369474328318,-0.33906294708391727,0.10270656659935895,0.006956587807583587,15.483614437077177,3.100759546993275,-2.9260184951775554,1787248568.8376424
3.6406922340393066,ARM,stop,0.0,0.0,0.5,0.0,0.0,0.0,-0.001,16.1,0.0001866179575139815,-0.31251567325873353,0.025563260478978833,0.0036017482620429152,15.483622435567193,3.1007612984772424,-2.9260184951775554,1787248568.859341
3.661226511001587,ARM,stop,0.0,0.0,0.5,0.0,0.0,0.0,-0.001,16.1,0.0023313085917890724,-0.3352282698048086,0.06416742040507728,0.04417711751341688,15.480529396971775,3.1000804787547276,-2.9263342651831943,1787248568.8861341
3.6816742420196533,ARM,stop,0.0,0.0,0.5,0.0,0.0,0.0,0.0,16.1,-0.0009006935642324081,-0.33094419743848746,0.09279151568355815,0.021838179915429537,15.480528793181005,3.1000803471986735,-2.9263342651831943,1787248568.906136
3.7009990215301514,ARM,stop,0.0,0.0,0.5,0.0,0.0,0.0,-0.001,16.1,0.00017985066102574486,-0.3591768581573902,0.049798106595090985,0.015345917260463013,15.480531091725542,3.1000808500149177,-2.9263342651831943,1787248568.9180613
3.7218222618103027,ARM,stop,0.0,0.0,0.5,0.0,0.0,0.0,-0.001,16.1,0.00017985066102574486,-0.2982027119920083,0.07824013418840536,0.007637655669464508,15.480530038490855,3.100080619865006,-2.9263342651831943,1787248568.9381754
3.741901159286499,ARM,stop,0.0,0.0,0.5,0.0,0.0,0.0,-0.001,16.1,0.0012536276873235332,-0.3585588805266866,0.09304988953625326,0.0038324342335943175,15.4805293529277,3.100080470046132,-2.9263342651831943,1787248568.9581413
3.761258602142334,ARM,stop,0.0,0.0,0.5,0.0,0.0,0.0,-0.001,16.1,-0.0009006935642324081,-0.3218703781655705,0.04477512886418111,0.001945661642762127,15.480528836360113,3.1000803571436273,-2.9263342651831943,1787248568.9777832
3.782194137573242,ARM,stop,0.0,0.0,0.5,0.0,0.0,0.0,-0.002,16.1,-0.0008949671177029248,-0.3214209465332587,0.06403819693363033,0.054630731525916895,15.48407629067491,3.1008582750619462,-2.926578695682954,1787248569.0061605
3.801764965057373,ARM,stop,0.0,0.0,0.5,0.0,0.0,0.0,-0.002,16.1,-0.0008478554339153676,-0.302037389271117,0.0880391909587388,0.027191056132839647,15.484078011082945,3.1008586475557744,-2.9265786956829536,1787248569.026117
3.821599006652832,ARM,stop,0.0,0.0,0.5,0.0,0.0,0.0,-0.002,16.1,0.0012354074002484579,-0.30231827490503704,0.08797483503871106,0.01927608186835623,15.484086150959547,3.100860425222096,-2.9265786956829536,1787248569.036431
3.842386245727539,ARM,stop,0.0,0.0,0.5,0.0,0.0,0.0,-0.001,16.1,0.0012450379525107266,-0.3585027107089225,0.0978527926786299,0.009785284858629945,15.484088154233717,3.100860860954495,-2.926578695682953,1787248569.0609694
3.8608102798461914,ARM,stop,0.0,0.0,0.5,0.0,0.0,0.0,-0.001,16.1,0.00020483814706118484,-0.32198275434619816,0.044749364569110384,0.05465865674594138,15.485939755035405,3.1012634592534685,-2.926664451476104,1787248569.079481
3.8804454803466797,ARM,stop,0.0,0.0,0.5,0.0,0.0,0.0,-0.001,16.1,0.0012575316630191562,-0.3546680334298138,0.07368365465122295,0.01954327522178533,15.48595340445164,3.101266436454894,-2.9266644514761038,1787248569.1060898
3.900969982147217,ARM,stop,0.0,0.0,0.5,0.0,0.0,0.0,-0.002,16.1,0.00018271388429048652,-0.33539681580320035,0.078498836946995,0.013844360598533242,15.485947216401456,3.1012650842873946,-2.9266644514761033,1787248569.1176717
3.922297716140747,ARM,stop,0.0,0.0,0.5,0.0,0.0,0.0,-0.001,16.1,0.001267162215281425,-0.31257184307649766,0.044710444038258856,0.005126482303156429,15.48595447689564,3.101266668563787,-2.9266644514761033,1787248569.1461613
3.9421117305755615,ARM,stop,0.0,0.0,0.5,0.0,0.0,0.0,-0.001,16.1,0.00016449369474328318,-0.33010150399162796,0.09777464098358202,0.0026925871960645116,15.485954899157932,3.1012667603742483,-2.9266644514761033,1787248569.1668158
3.9612200260162354,ARM,stop,0.0,0.0,0.5,0.0,0.0,0.0,-0.001,16.1,0.00125076439904021,-0.335509191983828,0.06889303066224173,0.12073460073728014,15.48130195710885,3.1002325540574422,-2.9268970791410305,1787248569.1788473
3.9815561771392822,ARM,stop,0.0,0.0,0.5,0.0,0.0,0.0,-0.001,16.1,0.00020770137032592652,-0.34536949834074093,0.06403896438071754,0.06003904435376883,15.481293504539954,3.100230717320291,-2.926897079141032,1787248569.1984768
4.00072979927063,ARM,stop,0.0,0.0,0.5,0.0,0.0,0.0,-0.001,16.1,0.00020483814706118484,-0.3171368376218382,0.06871220551045454,0.030073346772292203,15.48128783567719,3.1002294846117184,-2.9268970791410327,1787248569.2176647
4.021180868148804,ARM,stop,0.0,0.0,0.5,0.0,0.0,0.0,-0.002,16.1,-0.0008910630119701392,-0.29780948672256,0.011269960475726037,0.015198569444076404,15.481283828951678,3.100228612777386,-2.926897079141033,1787248569.2372146
4.040453672409058,ARM,stop,0.0,0.0,0.5,0.0,0.0,0.0,-0.001,16.1,0.00020770137032592652,-0.3486985376246743,0.10269399508516841,0.00788710232685156,15.481266498359272,3.1002248337326783,-2.926897079141033,1787248569.257715
4.061650276184082,ARM,stop,0.0,0.0,0.5,0.0,0.0,0.0,0.0,16.1,0.0012546685047729958,-0.32604211089636337,0.05449692929440175,0.00897673022059577,15.480967885454016,3.1001692686184117,-2.9268751343887405,1787248569.2861729
4.082018852233887,ARM,stop,0.0,0.0,0.5,0.0,0.0,0.0,-0.001,16.1,0.0012700253735275855,-0.33128125289017163,0.08313421735376281,0.004623042508415158,15.480966908314613,3.100169055632099,-2.92687513438874,1787248569.3061345
4.100654602050781,ARM,stop,0.0,0.0,0.5,0.0,0.0,0.0,-0.001,16.1,-0.0008881998537239787,-0.3262668267125193,0.11192568918745494,0.002433701901060647,15.480966249140732,3.100168911938307,-2.92687513438874,1787248569.3260927
4.121831893920898,ARM,stop,0.0,0.0,0.5,0.0,0.0,0.0,0.0,16.1,-0.0008603491444237971,-0.3826759783325606,0.07864194755621057,0.0017542906052716745,15.480968197914695,3.100169336957396,-2.92687513438874,1787248569.3378952
4.1437928676605225,ARM,stop,0.0,0.0,0.5,0.0,0.0,0.0,-0.001,16.1,0.00019234440404346486,-0.3171368376218382,0.07350220823274611,0.001318120761504942,15.480965722926701,3.100168797213797,-2.92687513438874,1787248569.346328
4.160433292388916,ARM,stop,0.0,0.0,0.5,0.0,0.0,0.0,-0.001,16.1,-0.0009006935642324081,-0.3397932643501491,0.06900906135280849,0.009117633733462612,15.481337410385455,3.1002589548980217,-2.9268582382927577,1787248569.3817115
4.181890249252319,ARM,stop,0.0,0.0,0.5,0.0,0.0,0.0,-0.001,16.1,0.0012728886618109084,-0.3310003672562516,0.06882852856181643,0.003227270692551185,15.481335590118988,3.100258558063563,-2.926858238292759,1787248569.4061406
4.201422691345215,ARM,stop,0.0,0.0,0.5,0.0,0.0,0.0,-0.002,16.1,0.00019520762730820652,-0.32660391870930283,0.03041809420759023,0.0022749796107587044,15.481335001242709,3.1002584296607436,-2.926858238292759,1787248569.4175196
4.221191644668579,ARM,stop,0.0,0.0,0.5,0.0,0.0,0.0,-0.001,16.1,0.00020197492379644315,-0.33556536180159213,0.049720082807890975,0.000820648097557475,15.48133584578418,3.1002586138684096,-2.926858238292759,1787248569.4460802
4.240625858306885,ARM,stop,0.0,0.0,0.5,0.0,0.0,0.0,0.0,16.1,-0.0008824734071944954,-0.3122909574425776,0.06872492320504264,0.0005910292058483272,15.481336447660638,3.100258745135847,-2.926858238292759,1787248569.4572296
4.260696887969971,ARM,stop,0.0,0.0,0.5,0.0,0.0,0.0,-0.001,16.1,-0.0008978304059862476,-0.3585588805266866,0.05951976084491406,0.0003086363563837313,15.481335634909323,3.1002585678909664,-2.926858238292759,1787248569.4780698
4.280856609344482,ARM,stop,0.0,0.0,0.5,0.0,0.0,0.0,-0.001,16.1,-0.0008910630119701392,-0.30237448126790056,0.06880185063926092,0.036547063680349025,15.483025741016393,3.1006039482002166,-2.92699868384072,1787248569.4974093
4.300697565078735,spool,drive,0.047470927238464355,0.0,0.5,169.75603580474854,0.0,0.0,-0.001,16.1,-0.0008796102489483351,-0.3457627601552886,0.05436880217593654,0.018173738589146147,15.483028394102373,3.100604525557902,-2.9269986838407203,1787248569.5175319
4.321741342544556,spool,drive,0.10008037090301514,0.0,0.5,357.88740634918213,0.0,0.0,-0.002,16.1,0.00020770137032592652,-0.32982061835770793,0.10262901789845102,0.006502142238140736,15.483033876573293,3.1006057199803867,-2.9269986838407203,1787248569.5461283
4.3406805992126465,spool,drive,0.1474285125732422,0.0,0.5,527.2043609619141,0.0,0.0,-0.001,16.1,0.0012728886618109084,-0.3453133285229768,0.02094162102958208,0.0046570635414910355,15.483038444456446,3.100606715549871,-2.9269986838407203,1787248569.5594144
4.361057996749878,spool,drive,0.1983720064163208,0.0,0.5,709.3782949447632,0.0,0.0,-0.001,16.1,0.001220050531493868,-0.3167436123523899,0.13107261693103922,0.07812937198754115,15.479039923490177,3.0997460287795464,-2.9270730711439183,1787248569.5865154
4.381800413131714,spool,drive,0.25022804737091064,0.0,0.5,894.8154973983765,0.0,0.0,-0.001,16.1,0.00018948118077872315,-0.3501592087022374,0.05924907129372414,0.03906933164750801,15.479037932311982,3.099745597296526,-2.927073071143918,1787248569.606302
4.400709390640259,spool,drive,0.29750049114227295,0.0,0.5,1063.861756324768,0.0,0.0,-0.001,16.1,0.00018271388429048652,-0.3639103987011225,0.04502107738308325,0.027612502931255077,15.479047643017147,3.0997477142650465,-2.927073071143918,1787248569.6175973
4.420419931411743,spool,drive,0.3467768430709839,0.0,0.5,1240.0739908218384,0.0,0.0,-0.002,16.1,-0.003018574501712524,-0.3631800448897913,0.08829862461931626,0.010083685534190584,15.47903622282321,3.0997452268267853,-2.927073071143918,1787248569.646168
4.440620183944702,spool,drive,0.39727747440338135,0.0,0.5,1420.6642484664917,0.0,0.05,0.0,16.1,-0.0029907236623751793,-0.30828777071017655,0.058964494604765605,0.00729911953433675,15.479028385075246,3.0997435192014446,-2.927073071143918,1787248569.6561725
4.460691213607788,spool,drive,0.4474550485610962,0.0,0.5,1600.09925365448,0.0,0.79,0.034,16.1,-0.0008728428549322264,-0.35371296380232664,0.07390252325147628,0.1701833720888276,15.484727089002059,3.1009739604485667,-2.92704275510393,1787248569.6784499
4.480591297149658,spool,drive,0.4972052574157715,0.0,0.5,1778.0060005187988,481.0,14.86,0.064,16.1,0.00022982563309662484,-0.34046744834371623,0.05927450668290035,0.14483050559793584,15.482649731874544,3.10052133478428,-2.9270416799006793,1787248569.6980753
4.500878095626831,spool,drive,0.5479222536087036,0.0,0.5,1959.3699789047241,80.0,13.21,0.063,16.1,-0.02568006344330707,-4.727167370759304,0.21763785266858626,0.08499385827720372,15.48251055208111,3.100490999382549,-2.927174396844684,1787248569.717857
4.521142244338989,spool,drive,0.5985826253890991,0.0,0.5,2140.5314683914185,166.0,22.45,0.038,16.1,-0.015621216621104519,-5.753246465249731,0.13708956654773807,0.05154075887899421,15.482410309003788,3.1004692535146066,-2.927637293055496,1787248569.7374916
4.540620565414429,spool,drive,0.6472784280776978,0.0,0.5,2314.667658805847,269.0,22.98,0.034,16.1,-0.008291672471218196,-2.1826662937615993,0.19497245411837483,0.034620670962288574,15.48205810557886,3.100392755337206,-2.9279511262134013,1787248569.756984
4.560495376586914,spool,drive,0.6969654560089111,0.0,0.5,2492.348470687866,336.0,23.42,0.047,16.1,-0.006826682119727818,-1.9488548409084387,-0.021886311848842155,0.13339380364703768,15.47749624957989,3.0993860067746533,-2.928146141752396,1787248569.778981
4.581678152084351,spool,drive,0.7499223947525024,0.0,0.5,2681.7224836349487,484.0,25.35,0.046,16.1,-0.011442200883308992,-3.6067124574365153,0.05945460093269972,0.12803838397082923,15.475219283652276,3.0988918753718595,-2.9283286208462607,1787248569.7975595
4.601857900619507,spool,drive,0.8003717660903931,0.0,0.5,2862.1294355392456,642.0,25.4,0.049,16.1,-0.01741556717862664,-2.5980080726398,0.09839969009101779,0.13577369554240712,15.471170323529593,3.0980146023087736,-2.92876186035215,1787248569.82609
4.621260643005371,spool,drive,0.8488786220550537,0.0,0.5,3035.589952468872,793.0,26.65,0.051,16.1,-0.02720944195593392,-2.126018027556242,0.22721327170319583,0.16673114671099462,15.467008139031018,3.097114108615122,-2.9292573462505964,1787248569.8461056
4.6406354904174805,spool,drive,0.8973157405853271,0.0,0.5,3208.80108833313,933.0,27.21,0.057,16.1,-0.02610208917170596,-2.2240175122638277,0.15595831299475726,0.15540337249205596,15.465704733172137,3.096833113779227,-2.929532504339208,1787248569.856444
4.660592794418335,spool,drive,0.9472090005874634,0.0,0.5,3387.219386100769,1111.0,27.47,0.06,16.1,-0.03164822617152606,-3.4154196197405327,0.2520795075014881,0.5074894741218989,15.449430927384576,3.093300970601249,-2.930127235873565,1787248569.8786042
4.681181192398071,spool,drive,0.9986799955368042,0.0,0.5,3571.279664039612,1290.0,27.89,0.06,16.1,-0.03815908703444355,-2.5765315409904304,0.2175830350194996,0.38181999446308384,15.440655411028285,3.091417248685865,-2.9311743144858826,1787248569.9061308
4.701520919799805,spool,drive,1.0495293140411377,0.0,0.5,3753.1168270111084,1462.0,28.4,0.066,16.1,-0.03923130065644467,-3.06255388097739,0.09363716928346832,0.37949285128440513,15.43294704075757,3.0897682412022203,-2.931955202801766,1787248569.926185
4.7213544845581055,spool,drive,1.0991132259368896,0.0,0.5,3930.4288959503174,1639.0,29.04,0.069,16.1,-0.03194677693269695,-2.5367950311596985,0.14495891416237328,0.405038776659431,15.424291634426936,3.087923240394609,-2.9326274553025975,1787248569.946129
4.741885423660278,spool,drive,1.1504405736923218,0.0,0.5,4113.975491523743,1848.0,28.95,0.074,16.1,-0.02566913616045934,-2.622293899169563,0.24202384931578003,0.38366859241218887,15.421026360507074,3.0872308035660385,-2.9329479663715214,1787248569.9561286
4.762230634689331,spool,drive,1.2013036012649536,0.0,0.5,4295.861678123474,2015.0,28.31,0.088,16.1,-0.027582432230761726,-3.043170652621143,0.01704770414436041,0.7641981031517925,15.394470125525382,3.0815878339205707,-2.9341841736855216,1787248569.9861364
4.780585527420044,spool,drive,1.2471908330917358,0.0,0.5,4459.954419136047,2254.0,29.54,0.085,16.1,-0.03610939758503167,-4.110980157565081,0.04000138871111858,0.7210015283447331,15.38730109991505,3.0800734549951554,-2.9345023731388795,1787248569.9979506
4.800944805145264,spool,drive,1.2980890274047852,0.0,0.5,4641.966361999512,2454.0,29.37,0.087,16.1,-0.03524488972211072,-3.434522181733456,0.13234243122703226,0.6719628206811794,15.369522465162392,3.076338883070718,-2.935573373146749,1787248570.0261276
4.8205389976501465,spool,drive,1.3470745086669922,0.0,0.5,4817.138442993164,2661.0,29.26,0.091,16.1,-0.056270134570555186,-3.161213077819184,0.21752417913693023,0.6961401652390088,15.360949760874371,3.0745408016038676,-2.9360404829720603,1787248570.037767
4.842301368713379,spool,drive,1.4014804363250732,0.0,0.5,5011.694040298462,2865.0,29.36,0.095,16.0,-0.07008111737494878,-2.8431262868837734,0.30897522057482263,0.7090241209093082,15.34630309687088,3.0714845030346396,-2.9372180284067824,1787248570.058499
4.861142158508301,spool,drive,1.448582410812378,0.0,0.5,5180.1307010650635,3087.0,29.1,0.099,16.0,-0.06705249984309421,-2.6783657760673236,0.012426466691056959,1.1654424189133725,15.303487016850042,3.062518143588202,-2.9395893832859974,1787248570.0860977
4.881147384643555,spool,drive,1.4985954761505127,0.0,0.5,5358.977422714233,3326.0,29.57,0.102,16.1,-0.06796412485136355,-3.610969230613591,0.143202721138584,1.0998492156386397,15.285571922814281,3.058843492697841,-2.940953550694461,1787248570.1060967
4.902275800704956,spool,drive,1.5514165163040161,0.0,0.5,5547.865462303162,3510.0,29.53,0.101,16.0,-0.058408748633240484,-2.3081104172099174,0.5315657930207394,1.0340041368582635,15.266589273894002,3.0549757092518024,-2.9421211626260657,1787248570.1261203
4.920915603637695,spool,drive,1.5980160236358643,0.0,0.5,5714.505300521851,3721.0,29.59,0.105,16.0,-0.07038409356083733,-2.5641702342115877,0.4411557021939032,1.0248067604940112,15.25503536248672,3.0526280153907805,-2.942765160658513,1787248570.137871
4.940765857696533,spool,drive,1.647641658782959,0.0,0.5,5891.966571807861,3917.0,29.75,0.115,16.0,-0.09022598358485111,-2.4654838478158467,0.28115025698472706,1.0393566678296837,15.234363038814651,3.048459065662166,-2.944271580664797,1787248570.1578987
4.961330413818359,spool,drive,1.6990530490875244,0.0,0.5,6075.813703536987,4132.0,29.48,0.123,16.0,-0.0859320025117482,-3.6010111295707077,0.23539736398633693,1.5711885780337165,15.178168400656775,3.0370944122994254,-2.947605418417464,1787248570.1860886
4.980821132659912,spool,drive,1.7477798461914062,0.0,0.5,6250.060729980469,4377.0,28.73,0.123,16.0,-0.0691384374116556,-3.4842892980842635,0.42480542472632266,1.4502524635805076,15.164883922727235,3.0344684216519036,-2.94829574492744,1787248570.1976817
5.002011775970459,spool,drive,1.8007564544677734,0.0,0.5,6439.505081176758,4582.0,29.23,0.122,16.0,-0.08397507845324435,-2.6460414894754933,0.1975630813965612,1.3498109860724576,15.140611397727708,3.0297119979123006,-2.9497525008712273,1787248570.217415
5.020750522613525,spool,drive,1.8476033210754395,0.0,0.5,6607.0294761657715,4788.0,29.45,0.127,16.0,-0.0963973267788917,-2.1889567286295915,0.1508198527497715,1.2635870040502528,15.118517523334651,3.025430409214942,-2.951440839996113,1787248570.2363305
5.044060945510864,spool,drive,1.9058793783187866,0.0,0.5,6815.424656867981,4999.0,29.53,0.133,16.0,-0.058872146985292674,-2.3514441342639145,0.03774396137663061,1.3012722641169614,15.090320344934076,3.0199989595331362,-2.9535661738219243,1787248570.257914
5.061018943786621,spool,drive,1.9482743740081787,0.0,0.5,6967.029161453247,5211.0,29.1,0.137,16.0,-0.03314158334981498,-3.7854083455527814,-0.11741034115897264,2.219596100556918,15.018711612668227,3.006125085615333,-2.9550194248370616,1787248570.28609
5.08114218711853,spool,drive,1.9985824823379517,0.0,0.5,7146.930956840515,5439.0,28.69,0.145,16.0,-0.057415227260262006,-2.624064143784068,0.5407949655111679,1.988381926806719,15.002432611047436,3.0030402698122756,-2.955590527573027,1787248570.2975254
5.100824594497681,spool,drive,2.0477885007858276,0.0,0.5,7322.89167881012,5635.0,29.44,0.144,16.0,-0.08793587310684312,-3.0988762014426072,0.06315998165016268,1.7510771163100975,14.972268045461952,2.997361548788163,-2.956891818712981,1787248570.3176544
5.120718240737915,spool,drive,2.0975226163864136,0.0,0.5,7500.740876197815,5823.0,29.61,0.147,16.0,-0.08745416552229662,-3.0039098138040856,0.08743699167469732,1.6712291162075812,14.941022924640526,2.99152635886551,-2.9586488072677035,1787248570.3375633
5.140810489654541,spool,drive,2.1477532386779785,0.0,0.5,7680.365581512451,6013.0,29.7,0.149,16.0,-0.07110552725538298,-2.8045402167818736,0.24826198814654354,1.6236503455612485,14.912030048041853,2.9861754259520916,-2.9603980116628343,1787248570.3561063
5.160632371902466,spool,drive,2.1973079442977905,0.0,0.5,7857.573208808899,6226.0,29.42,0.154,16.0,-0.08401272889315535,-2.822562797997591,0.30450644927617887,1.675849205556088,14.87783936597998,2.97990307734413,-2.961777420479049,1787248570.376663
5.180595636367798,spool,drive,2.2472161054611206,0.0,0.5,8036.044793128967,6482.0,28.23,0.16,16.0,-0.06994081871977204,-2.9359315435247026,0.3604574715302533,2.482470240497536,14.801595381996892,2.9655078957878542,-2.9639022102206374,1787248570.3976696
5.201678276062012,spool,drive,2.2999227046966553,0.0,0.5,8224.52359199524,6661.0,29.11,0.163,16.0,-0.06572937483451559,-2.8614406441730296,0.29519832109851585,2.1438577228227205,14.765760996498091,2.9590721567049085,-2.9652785720902695,1787248570.4176648
5.220989227294922,spool,drive,2.3482000827789307,0.0,0.5,8397.163496017456,6857.0,29.45,0.165,16.0,-0.09514994373619064,-2.783315700137905,0.31729189847855466,2.1470497991838995,14.711348642771997,2.9494034447386266,-2.967696003262061,1787248570.4461057
5.241034746170044,spool,drive,2.398313879966736,0.0,0.5,8576.370434761047,7076.0,28.83,0.172,16.0,-0.04440122870158825,-2.855387898631477,-0.12383880686736504,2.1470497991838995,14.711348642771997,2.9494034447386266,-2.967696003262061,1787248570.4461057
5.260555982589722,spool,drive,2.44711697101593,0.0,0.5,8750.890288352966,7274.0,29.12,0.172,16.0,-0.05696310573095061,-3.814989703164713,0.18895883010572057,2.2589522770832025,14.651422418475875,2.93888386413911,-2.9693764349094542,1787248570.4776716
5.281823396682739,hold,drive,2.5,0.0,0.5,8940.0,7470.0,28.97,0.179,16.0,-0.09293421035400153,-3.18175113131619,-0.20251671480137645,2.817473730874422,14.554849217038463,2.9218664583941485,-2.97238501522777,1787248570.506145
5.30135440826416,hold,drive,2.5,0.0,0.5,8940.0,7659.0,29.5,0.177,16.0,-0.08629161248269297,-3.0758539582693913,0.5972339744774118,2.5639750106035817,14.532694123666346,2.918068778151741,-2.9732800749641926,1787248570.517541
5.32136869430542,hold,drive,2.5,0.0,0.5,8940.0,7862.0,29.53,0.185,16.0,-0.07374591831814203,-2.569380688302374,0.10356250764474773,2.353839898234285,14.470018498441018,2.90745951613978,-2.975679209341859,1787248570.5460744
5.342672348022461,hold,drive,2.5,0.0,0.5,8940.0,8205.0,24.27,0.187,16.0,-0.04711307154415629,-3.163618037719914,0.6797093933244511,2.272290471256435,14.446578211314002,2.9035194953496877,-2.9762830753394143,1787248570.5574908
5.360705375671387,hold,drive,2.5,0.0,0.5,8940.0,8205.0,24.27,0.187,16.0,-0.06948673310915672,-2.5484947254591646,0.3589265607716605,2.2656256289471415,14.402150681093534,2.8961062180923594,-2.9773366203519847,1787248570.5773604
5.380493879318237,hold,drive,2.5,0.0,0.5,8940.0,8370.0,22.46,0.191,16.0,-0.05567613729535902,-1.9079095653702467,0.09517195382259658,2.793016678371012,14.30626341132923,2.87999891017856,-2.979441142164188,1787248570.6060658
5.400864839553833,hold,drive,2.5,0.0,0.5,8940.0,8510.0,20.93,0.186,16.0,-0.0689071335486038,-1.9666091810946256,0.23709731410216328,2.6136241920393095,14.281897625842056,2.876003917670902,-2.980063533347606,1787248570.6173143
5.420865535736084,hold,drive,2.5,0.0,0.5,8940.0,8644.0,19.48,0.19,16.0,-0.11143916022128189,-1.8478938875265953,-0.1121148100768039,2.464100101056239,14.23482052102783,2.8683411583721896,-2.981657556454253,1787248570.637794
5.441568374633789,hold,drive,2.5,0.0,0.5,8940.0,8734.0,18.83,0.186,16.0,-0.05975694480676868,-1.9433621124699556,0.3736509833124302,2.5514788531051584,14.21220508555516,2.8646929976086604,-2.982769022223528,1787248570.646108
5.461861610412598,hold,drive,2.5,0.0,0.5,8940.0,8870.0,17.15,0.193,16.0,-0.07824830839130044,-0.9161587445418604,0.01377472504289301,2.4788014708467827,14.138715608719037,2.852948763575132,-2.9847544915196718,1787248570.6779013
5.480977773666382,hold,drive,2.5,0.0,0.5,8940.0,8959.0,16.11,0.189,16.0,-0.03162511700728581,-1.4076032078352796,0.6667653383907179,3.199961885775449,14.056735824315767,2.8396894680751785,-2.986237837037693,1787248570.697787
5.501142978668213,hold,drive,2.5,0.0,0.5,8940.0,9042.0,15.38,0.19,16.0,-0.06426888480914854,-1.5127376115675872,0.47412486360958894,2.8480706325690655,13.983019490233776,2.828166690734658,-2.9876788996330554,1787248570.7262242
5.521619081497192,hold,drive,2.5,0.0,0.5,8940.0,9111.0,14.67,0.188,16.0,-0.034140736892380064,-0.8786564559075032,-0.00816797589430962,2.7468505586101544,13.93283559749855,2.8203881268598354,-2.9885094022578347,1787248570.7461624
5.541066408157349,hold,drive,2.5,0.0,0.5,8940.0,9178.0,13.84,0.187,16.1,-0.10618818885521583,-1.1231581543247486,0.048869057078370304,2.6106278824735787,13.907016238905166,2.8163998600177025,-2.989211551397382,1787248570.7575572
5.5606982707977295,hold,drive,2.5,0.0,0.5,8940.0,9219.0,13.42,0.19,16.0,-0.10671863228771077,-1.1963375962396725,0.6510106729530136,2.573019074727193,13.856426556682605,2.8086540747994664,-2.9913354789246456,1787248570.7776482
5.5806884765625,hold,drive,2.5,0.0,0.5,8940.0,9272.0,12.81,0.189,16.1,-0.04961187398308561,-0.6623041319276481,0.1047771388406602,3.089723498048856,13.776706483884315,2.7969907314434277,-2.993685514256038,1787248570.7987545
5.600651264190674,hold,drive,2.5,0.0,0.5,8940.0,9329.0,11.83,0.188,16.1,-0.06256728715896683,-0.5331521792402079,0.7174577766581081,2.8711788734087094,13.725379420836298,2.789352127092059,-2.9947492125655533,1787248570.8175824
5.620692253112793,hold,drive,2.5,0.0,0.5,8940.0,9357.0,11.67,0.186,16.1,-0.05883969803188575,-0.5858789735554026,0.3479199442821468,2.7400624585331586,13.673903732201577,2.781751935887793,-2.995980150617236,1787248570.837371
5.640654563903809,hold,drive,2.5,0.0,0.5,8940.0,9393.0,11.22,0.188,16.1,-0.051881657051835714,-0.5995050331339726,0.26516349362078984,2.665741945754424,13.620694606356967,2.7739624987497287,-2.9971549428749373,1787248570.8580382
5.66084098815918,hold,drive,2.5,0.0,0.5,8940.0,9405.0,10.96,0.186,16.1,-0.0759122750292454,-0.5156225548701769,0.26682180059586,2.7729971046732507,13.596413316158952,2.770430770619536,-2.9976463428435562,1787248570.8661542
5.681523323059082,hold,drive,2.5,0.0,0.5,8940.0,9427.0,10.74,0.186,16.1,-0.11387492064378198,-0.7759098358792116,-0.0182328217464115,3.1929508194567937,13.488762929625326,2.7557223277824088,-3.001286962485503,1787248570.8992207
5.701897859573364,coast,coast,0.0,0.0,0.5,0.0,9430.0,10.58,0.188,16.1,-0.049422810351635996,-0.6272030755938829,0.4212780186428944,3.066349871524415,13.436638306387819,2.7483839669280288,-3.0029174686081372,1787248570.9174402
5.721049070358276,coast,coast,0.0,0.0,0.5,0.0,9473.0,9.79,0.186,16.1,-0.08979123085927407,-0.10183910471138713,0.15596874662063342,2.904514076133537,13.358037933720617,2.7374570535021445,-3.0050104377474502,1787248570.9462585
5.740448713302612,coast,coast,0.0,0.0,0.5,0.0,9276.0,1.58,0.127,16.1,-0.05883683513371391,0.40050585723918886,0.41597923504687984,2.822808973680723,13.331986941172927,2.733876659751819,-3.0059077536285526,1787248570.9562488
5.7608482837677,coast,coast,0.0,0.0,0.5,0.0,8909.0,0.0,0.146,16.1,-0.056811176551950796,0.6656670119736177,0.22107354882509256,2.587856819494955,13.282183806306223,2.7270941067258163,-3.006919652118488,1787248570.9777784
5.780626058578491,coast,coast,0.0,0.0,0.5,0.0,8909.0,0.0,0.146,16.1,-0.07903652085017983,1.4146866713600588,0.30509407620183815,3.12138184042512,13.205444332631215,2.7178922680049005,-3.0089530932566904,1787248570.9977734
5.803463459014893,coast,coast,0.0,0.0,0.5,0.0,8970.0,0.0,0.138,16.1,-0.10368404344934956,0.7590148171601072,-0.12736522623310975,2.8228738274512293,13.155411153541815,2.7112411265126295,-3.0107807993567404,1787248571.0175881
5.820590019226074,coast,coast,0.0,0.0,0.5,0.0,8960.0,0.0,0.144,16.1,-0.0627848715812155,0.7763358786479131,0.6522879241767328,2.651252621508949,13.105577048046305,2.704711379496703,-3.0124438439242303,1787248571.0377376
5.84069299697876,coast,coast,0.0,0.0,0.5,0.0,8967.0,0.0,0.146,16.1,-0.07211061257315729,1.1014888838211903,0.24390263287547675,2.5699740329426164,13.055721004409566,2.698255059501402,-3.01374565421507,1787248571.057723
5.8606178760528564,coast,coast,0.0,0.0,0.5,0.0,8948.0,0.0,0.136,16.1,-0.03349078618656242,1.0378181844070369,0.6507346112722132,2.5156615095907093,13.00591143162549,2.6918726684122753,-3.0149941709589423,1787248571.0780602
5.881469488143921,coast,coast,0.0,0.0,0.5,0.0,8889.0,0.0,0.139,16.1,-0.059961113555026084,0.8481960424748181,0.3542098675187475,2.889533322196855,12.916531950907336,2.681718334083486,-3.0167170527609133,1787248571.1060767
5.900639772415161,coast,coast,0.0,0.0,0.5,0.0,8857.0,0.0,0.124,16.1,-0.036697814705506274,0.7749731849818176,0.0303705490332824,2.667900015742543,12.89230880511127,2.678680039769011,-3.01719791894597,1787248571.1174276
5.920575380325317,coast,coast,0.0,0.0,0.5,0.0,8779.0,0.0,0.137,16.1,-0.08608479305691309,0.9388055233639321,0.07589616805855925,2.5668639426675686,12.843338303355718,2.672568483484331,-3.0181801278299587,1787248571.1372588
5.9421374797821045,coast,coast,0.0,0.0,0.5,0.0,8710.0,0.0,0.122,16.1,-0.09865412277613848,0.6130345771050507,0.31648907573513085,2.5937785896032812,12.783481174592414,2.6651743388926454,-3.020260051502883,1787248571.1603746
5.960581541061401,coast,coast,0.0,0.0,0.5,0.0,8624.0,0.0,0.134,16.1,-0.058671640083534135,0.9975342289874263,0.44431429513427645,2.39946589045741,12.742264489844102,2.660178454979129,-3.0217559996177807,1787248571.1790664
5.980994939804077,coast,coast,0.0,0.0,0.5,0.0,8577.0,0.0,0.12,16.1,-0.08087426012752423,0.8859230103802318,0.19819805249848166,3.280692091344831,12.661946250550095,2.6519234304585573,-3.0235213400081484,1787248571.197414
6.00121545791626,coast,coast,0.0,0.0,0.5,0.0,8496.0,0.0,0.114,16.1,-0.03201815381110028,1.0073510466760638,0.6153123966049989,2.8259450867585163,12.614558272795575,2.646326252410551,-3.0248892098290567,1787248571.2172012
6.021918535232544,coast,coast,0.0,0.0,0.5,0.0,8424.0,0.0,0.123,16.1,-0.07054218546104715,0.8240789812140434,0.2631615896212445,2.5132184724875786,12.567441503030489,2.640814639906022,-3.0257237881673436,1787248571.2385697
6.040443181991577,coast,coast,0.0,0.0,0.5,0.0,8342.0,0.0,0.128,16.1,-0.04495762963233305,1.0509930581885243,0.08154563842833085,2.4694607036238563,12.52065099370529,2.6353900688733805,-3.026881942890838,1787248571.258361
6.060486555099487,coast,coast,0.0,0.0,0.5,0.0,8261.0,0.0,0.126,16.1,-0.08632295455977183,0.8142731270552233,0.11422028288802366,2.4284912342101546,12.474629518843825,2.6301058873567964,-3.028201503866159,1787248571.2774014
6.082359552383423,coast,coast,0.0,0.0,0.5,0.0,8183.0,0.0,0.13,16.1,-0.1011407578978375,0.7102188502805191,-0.08445948883808185,2.845239808254255,12.41375693905537,2.6252329337754543,-3.0311332013863903,1787248571.3062065
6.100555896759033,coast,coast,0.0,0.0,0.5,0.0,8090.0,0.0,0.112,16.1,-0.06717612461313353,0.8390805983336946,0.4585992263097687,2.7023454975139227,12.386690146732331,2.622230931344943,-3.0323058782458054,1787248571.3177023
6.121098041534424,coast,coast,0.0,0.0,0.5,0.0,8020.0,0.0,0.105,16.1,-0.08262427321408573,0.985595310467346,0.1132623810153337,2.3696837116843334,12.347009328565518,2.6178754831336177,-3.0331407083828896,1787248571.3374715
6.140814781188965,coast,coast,0.0,0.0,0.5,0.0,7969.0,0.0,0.108,16.1,-0.038693512725006,0.8535875409879878,0.5322771068352878,2.4134260526862676,12.301052253392744,2.6128909880445517,-3.0347985501885146,1787248571.3561594
6.160630226135254,coast,coast,0.0,0.0,0.5,0.0,7873.0,0.0,0.122,16.1,-0.06877849038438535,0.6882817041984239,0.14781906154856905,2.387212621931136,12.256343825711497,2.608103031458352,-3.0353612948755684,1787248571.3766599
6.18130898475647,coast,coast,0.0,0.0,0.5,0.0,7798.0,0.0,0.102,16.1,-0.054742133411554615,1.064968927458466,0.210785646532754,2.332486160160151,12.201487754785019,2.6049660994375485,-3.0376048173109895,1787248571.406163
6.200945615768433,coast,coast,0.0,0.0,0.5,0.0,7706.0,0.0,0.122,16.1,-0.05026631669264816,0.962558376164175,-0.0029852595339612265,2.193004786030415,12.180669216815165,2.602797871783002,-3.0381270959346924,1787248571.4173708
6.220617055892944,coast,coast,0.0,0.0,0.5,0.0,7634.0,0.0,0.101,16.1,-0.0861337203195649,0.8462697502859129,-0.009574523679674485,2.1457035409085554,12.137096391418902,2.5982886754748544,-3.0393310012627848,1787248571.4381437
6.243636608123779,coast,coast,0.0,0.0,0.5,0.0,7533.0,0.0,0.102,16.1,-0.09357129674339731,0.5742258011674615,0.31527998112177613,2.156498449019801,12.095560139534788,2.594048657029086,-3.041061600617365,1787248571.45735
6.26057767868042,coast,coast,0.0,0.0,0.5,0.0,7452.0,0.0,0.115,16.1,-0.0684128383667175,0.8707546014269596,0.6785142954841632,2.1126832001003377,12.048613956692789,2.5893434905064696,-3.0428720135541285,1787248571.480005
6.281652450561523,coast,coast,0.0,0.0,0.5,0.0,7404.0,0.0,0.108,16.1,-0.08032002301516511,1.0136448436932,0.02319100844220401,2.359650221217799,11.986766374490825,2.5856585224940867,-3.045240779106453,1787248571.5064232
6.300968408584595,coast,coast,0.0,0.0,0.5,0.0,7324.0,0.0,0.098,16.1,-0.03520044406023082,0.6241164034091113,0.600542073419394,2.177796041971381,11.966827695691723,2.583734110938966,-3.0456145064607116,1787248571.517847
6.322162628173828,coast,coast,0.0,0.0,0.5,0.0,7163.0,0.0,0.105,16.1,-0.0553594832805594,0.8565957142992673,0.3683092957697305,2.107152655685539,11.92683222673413,2.579895146412315,-3.0464057536513267,1787248571.5374606
6.342695713043213,coast,coast,0.0,0.0,0.5,0.0,7163.0,0.0,0.105,16.1,-0.07139531247149722,0.880558701421009,0.276203695056644,2.1990933557907004,11.90588033828199,2.5778947559068914,-3.046963958935616,1787248571.5461807
6.36070704460144,coast,coast,0.0,0.0,0.5,0.0,7075.0,0.0,0.106,16.1,-0.049186812667162946,0.8761333091553425,-0.09034887778535605,2.0994538468581188,11.84086542432164,2.571774131532435,-3.0491829695174717,1787248571.5784256
6.381901741027832,coast,coast,0.0,0.0,0.5,0.0,6999.0,0.0,0.103,16.1,-0.07824160055430479,0.8766372660759458,0.18718880476181177,2.543476958504747,11.758582317961537,2.5666421685594787,-3.051551247455547,1787248571.6060596
6.401342153549194,coast,coast,0.0,0.0,0.5,0.0,6929.0,0.0,0.088,16.1,-0.08558956160745605,0.6086943714660649,-0.10492971463061807,2.2910007237717323,11.719786063827092,2.5631615417558504,-3.05322961813528,1787248571.6261504
6.422381162643433,coast,coast,0.0,0.0,0.5,0.0,6828.0,0.0,0.107,16.1,-0.07476813109067693,0.5406850743972988,0.48442568459456226,2.16038823594025,11.681688985038827,2.5598086279037866,-3.054776162569261,1787248571.6460922
6.4422595500946045,coast,coast,0.0,0.0,0.5,0.0,6739.0,0.0,0.089,16.1,-0.0656126784444997,1.0493928213763866,0.3136945085297924,2.16038823594025,11.681688985038827,2.5598086279037866,-3.054776162569261,1787248571.6460922
6.461662530899048,coast,coast,0.0,0.0,0.5,0.0,6613.0,0.0,0.084,16.1,-0.0698094791049499,0.8620722898038196,0.041248270957243705,1.8659688772082843,11.626009813620596,2.5550120917055654,-3.0567923403360155,1787248571.6779575
6.480992555618286,coast,coast,0.0,0.0,0.5,0.0,6613.0,0.0,0.084,16.1,-0.04411143100190639,0.6367857122856222,0.5581396351331804,1.790550762559278,11.622789484513424,2.557572865999685,-3.0578076630643687,1787248571.6975768
6.5014495849609375,coast,coast,0.0,0.0,0.5,0.0,6524.0,0.0,0.098,16.1,-0.07084613536520926,0.8525090220147575,0.15551410731165838,1.8168566201490433,11.586123041760512,2.55450518232342,-3.058824359224404,1787248571.717412
6.521023511886597,coast,coast,0.0,0.0,0.5,0.0,6450.0,0.0,0.096,16.1,-0.06848580898058566,0.8692377605316324,0.22790468671112585,1.802048932756612,11.549817370572216,2.551509936018295,-3.060231298774638,1787248571.7376213
6.544314384460449,coast,coast,0.0,0.0,0.5,0.0,6380.0,0.0,0.086,16.1,-0.04978036053392516,0.7199540262171169,-0.0446071310422802,1.9001917682282863,11.511444549955156,2.548394644076593,-3.06164935967294,1787248571.7568228
6.560345888137817,coast,coast,0.0,0.0,0.5,0.0,6303.0,0.0,0.081,16.1,-0.052541405277632416,0.6543443169194703,0.18195514453291217,1.8613982504326705,11.472702675146374,2.5453029610767626,-3.0626402693907644,1787248571.7792778
6.582191467285156,coast,coast,0.0,0.0,0.5,0.0,6220.0,0.0,0.088,16.1,-0.0761998132031899,0.7206843434833488,-0.010909625795729738,2.6332419984206616,11.412385789867626,2.542747898725354,-3.0641273728156766,1787248571.7977135
6.600324630737305,coast,coast,0.0,0.0,0.5,0.0,6094.0,0.0,0.097,16.1,-0.06001507169542461,0.7229477276690375,0.5062327301228251,2.2437802965275178,11.38080844403235,2.540331011570853,-3.06593428849902,1787248571.8162236
6.622287273406982,coast,coast,0.0,0.0,0.5,0.0,6049.0,0.0,0.095,16.1,-0.051204394380682555,1.1379253711769053,0.49514604332054546,1.9591017885819797,11.33100918559842,2.5365898346842366,-3.067432965704601,1787248571.8461828
6.640432834625244,coast,coast,0.0,0.0,0.5,0.0,5967.0,0.0,0.089,16.1,-0.06917064501608873,0.6505385833590793,0.0841848524161577,1.7905870270919229,11.315044993546483,2.5354089969557108,-3.0680317458358974,1787248571.8576384
6.660542249679565,coast,coast,0.0,0.0,0.5,0.0,5901.0,0.0,0.076,16.1,-0.06733829447876255,0.6340473879882467,0.2546430000433766,1.548515582573875,11.281865716385012,2.532980195016354,-3.0693977846848313,1787248571.8827744
6.682167053222656,coast,coast,0.0,0.0,0.5,0.0,5841.0,0.0,0.09,16.1,-0.04281475451190362,0.7771351930617953,0.6892944419927503,2.1080228204002025,11.257354996539153,2.5336370226581977,-3.0701873676223954,1787248571.906432
6.701576471328735,coast,coast,0.0,0.0,0.5,0.0,5748.0,0.0,0.086,16.1,-0.06537131282595444,0.9673642760047017,0.1352302432534671,1.8872458714090712,11.242275369154287,2.532562731245537,-3.070818405361007,1787248571.91745
6.720754623413086,coast,coast,0.0,0.0,0.5,0.0,5683.0,0.0,0.086,16.1,-0.06501538550745455,0.8096392084524311,0.21634337043050422,1.7858162061752356,11.19385170617949,2.529165045223363,-3.072776550067111,1787248571.9460983
6.740427255630493,coast,coast,0.0,0.0,0.5,0.0,5601.0,0.0,0.073,16.1,-0.04905120367221827,0.942752540278569,-0.04404762557060238,1.7324453212655941,11.17155072078712,2.527627951154594,-3.0736607356035197,1787248571.9600008
6.760887861251831,coast,coast,0.0,0.0,0.5,0.0,5445.0,0.0,0.087,16.1,-0.04854380906672012,0.7690164068712662,0.18188715237549502,1.4818302845921365,11.144021821838493,2.525765913045178,-3.0745584943390836,1787248571.979961
6.781231880187988,coast,coast,0.0,0.0,0.5,0.0,5445.0,0.0,0.087,16.1,-0.0674481373901607,0.8206085854856653,-0.021741739435650942,1.4966554268814432,11.117182513293336,2.5263297577618418,-3.0754483719062904,1787248571.9977584
6.801429033279419,coast,coast,0.0,0.0,0.5,0.0,5383.0,0.0,0.077,16.1,-0.06340820524029457,0.674768057345581,0.0698784327222235,1.586541361539368,11.071291035069983,2.5233251465214117,-3.0774153934028785,1787248572.0261898
6.821265697479248,coast,coast,0.0,0.0,0.5,0.0,5291.0,0.0,0.078,16.1,-0.05251981286685676,0.5092919203928545,0.3555853519696299,1.437495467303958,11.057019434606527,2.522413054490465,-3.078000945006994,1787248572.039313
6.840863466262817,coast,coast,0.0,0.0,0.5,0.0,5198.0,0.0,0.078,16.1,-0.04959286150961596,1.176790353477358,0.43409771060339963,1.6658170941161692,11.041836404248983,2.521446236056321,-3.078519434623847,1787248572.046233
6.860903739929199,coast,coast,0.0,0.0,0.5,0.0,5126.0,0.0,0.077,16.1,-0.06736198412889664,0.7170744185654954,-0.0393792449390844,1.5152275683844438,10.999310816046007,2.518792364546795,-3.0801913093582334,1787248572.077744
6.881921768188477,coast,coast,0.0,0.0,0.5,0.0,5069.0,0.0,0.08,16.1,-0.07026862056044716,0.7616280110371676,0.03868887146648703,1.7453043763305414,10.990987406102713,2.5204257897569513,-3.08133439504461,1787248572.1061232
6.901514053344727,coast,coast,0.0,0.0,0.5,0.0,4994.0,0.0,0.08,16.1,-0.06011042534601705,0.5401360573691463,0.35826249977062474,1.6005386756080935,10.963030705219548,2.5187501746585403,-3.0825378297372352,1787248572.1261535
6.921294212341309,coast,coast,0.0,0.0,0.5,0.0,4923.0,0.0,0.067,16.1,-0.051802452976541076,0.8850820345530437,0.3804252387512612,1.532834002397605,10.935546822436773,2.517136402278874,-3.0836128079944376,1787248572.146069
6.94067645072937,coast,coast,0.0,0.0,0.5,0.0,4846.0,0.0,0.072,16.1,-0.06651283521532488,0.7800310267375465,0.15646917693914553,1.4973329780308546,10.921415531738832,2.5163161528862172,-3.0841267733853597,1787248572.1560762
6.961059331893921,coast,coast,0.0,0.0,0.5,0.0,4753.0,0.0,0.073,16.1,-0.05767265506913179,0.7657018394466917,0.21944776698848045,1.1985785313178383,10.915931645296732,2.518740912539562,-3.0850201776011494,1787248572.1788654
6.980681419372559,coast,coast,0.0,0.0,0.5,0.0,4679.0,0.0,0.073,16.1,-0.03764960767315458,0.9090560582948015,-0.07282531990182406,1.3933567998685557,10.875867184268996,2.516494159033483,-3.0863541991651293,1787248572.206178
7.001769781112671,coast,coast,0.0,0.0,0.5,0.0,4610.0,0.0,0.076,16.1,-0.037481724494749506,0.7781192064080003,0.07420164488999248,1.377167788498809,10.850061361261375,2.5150749545203537,-3.0871038264480863,1787248572.22611
7.02063775062561,coast,coast,0.0,0.0,0.5,0.0,4537.0,0.0,0.071,16.1,-0.05693916224827512,0.6268436910864708,0.07725824045796514,1.2860353773182718,10.837870563407252,2.514412762033645,-3.0875749803674575,1787248572.237484
7.040825128555298,coast,coast,0.0,0.0,0.5,0.0,4473.0,0.0,0.061,16.1,-0.053444786970090113,0.8228140822339185,-0.003174014972316286,1.3419537214539907,10.811382103077879,2.512988109740471,-3.0887172348888896,1787248572.2563376
7.0615057945251465,coast,coast,0.0,0.0,0.5,0.0,4405.0,0.0,0.064,16.1,-0.04603377141694204,0.6259014122437705,0.20008606369577464,0.9124164054303969,10.799811586904006,2.5142411604039183,-3.0889737503196817,1787248572.2788537
7.0833399295806885,coast,coast,0.0,0.0,0.5,0.0,4298.0,0.0,0.061,16.1,-0.03786825735983929,0.7406875959958654,0.32498387445329513,1.1258427081998241,10.775482899177817,2.512967231858362,-3.089852431562159,1787248572.2973492
7.1010401248931885,coast,coast,0.0,0.0,0.5,0.0,4246.0,0.0,0.059,16.1,-0.040654119435954726,0.9110802182598761,0.41182979482671556,1.2430188941013873,10.739011874409373,2.5110946285525273,-3.0910319178753416,1787248572.3261104
7.1215643882751465,coast,coast,0.0,0.0,0.5,0.0,4160.0,0.0,0.059,16.1,-0.060252375993307475,0.6406220706393029,0.20864847084781246,1.2562377371985218,10.715618501358328,2.5099194889821907,-3.092140031119933,1787248572.3461704
7.140469312667847,coast,coast,0.0,0.0,0.5,0.0,4080.0,0.0,0.062,16.1,-0.06006731126468219,0.6333315425813737,0.0043001156649538075,1.167383045699011,10.704772846808694,2.5093857212462174,-3.092737295778388,1787248572.357481
7.160565376281738,coast,coast,0.0,0.0,0.5,0.0,4023.0,0.0,0.063,16.1,-0.05735327547540404,0.6665513302886836,0.22237395136927596,0.9203647181202321,10.68820701853155,2.5106271910912414,-3.0935618782498255,1787248572.379733
7.180816650390625,coast,coast,0.0,0.0,0.5,0.0,3977.0,0.0,0.067,16.1,-0.039890603634996614,0.5656303937906735,0.40911072979671914,1.1205291941180144,10.665712750562994,2.5095538662560104,-3.0945397046727363,1787248572.397574
7.201646089553833,coast,coast,0.0,0.0,0.5,0.0,3888.0,0.0,0.06,16.1,-0.04352041729936896,0.7427807531085904,0.27646554069378126,1.1760932677887328,10.632261052999441,2.50799491768032,-3.095791641059756,1787248572.4260843
7.221500873565674,coast,coast,0.0,0.0,0.5,0.0,3819.0,0.0,0.057,16.1,-0.057018291422164094,0.8720739526051773,0.05830931406288187,1.0907958566965317,10.62206890762656,2.5075305756564905,-3.0962931006625007,1787248572.4375253
7.241106748580933,coast,coast,0.0,0.0,0.5,0.0,3715.0,0.0,0.056,16.1,-0.05556076000232054,0.6608483213483041,0.06998185535350032,1.070265709378773,10.600950084981132,2.5065824005432207,-3.0974275939460405,1787248572.4574661
7.261709213256836,coast,coast,0.0,0.0,0.5,0.0,3642.0,0.0,0.056,16.1,-0.04276940171077741,0.7752395256661799,0.09379961225026179,1.032333201826897,10.580480005143613,2.5075984392873862,-3.0984330061120953,1787248572.4861982
7.281590223312378,coast,coast,0.0,0.0,0.5,0.0,3589.0,0.0,0.059,16.1,-0.03236921878001617,0.7174821156943025,0.04104679782430054,0.9764026123019444,10.570830355633134,2.5071838795640757,-3.0988086785142106,1787248572.4976163
7.300845384597778,coast,coast,0.0,0.0,0.5,0.0,3516.0,0.0,0.055,16.1,-0.022305430545634757,0.6178261147215167,0.01511698999842892,0.9830210513623747,10.550847726728989,2.5063337658125704,-3.099405826297812,1787248572.5176957
7.321057081222534,coast,coast,0.0,0.0,0.5,0.0,3464.0,0.0,0.057,16.1,-0.02482467274593043,0.7697901397155746,0.020700533008898958,1.0497825449447868,10.520975329680365,2.5050815878254746,-3.1001138831176633,1787248572.5461903
7.341413736343384,coast,coast,0.0,0.0,0.5,0.0,3371.0,0.0,0.054,16.1,-0.04403796104533383,0.5874858250305302,0.05526645945228026,1.0269192341582887,10.502030269072918,2.5043009227050117,-3.1008997023042038,1787248572.5664005
7.360831260681152,coast,coast,0.0,0.0,0.5,0.0,3319.0,0.0,0.051,16.1,-0.04544855008977553,0.8419584518205454,-0.1026706427666575,0.952290113860118,10.493220321244062,2.5039444251541774,-3.101345229386788,1787248572.5777314
7.381381511688232,coast,coast,0.0,0.0,0.5,0.0,3229.0,0.0,0.05,16.1,-0.039039041231686965,0.4586130769024379,0.09369370455222636,0.8751365338007819,10.47559074899509,2.505265499198531,-3.1021232694709515,1787248572.6061041
7.401304006576538,coast,coast,0.0,0.0,0.5,0.0,3173.0,0.0,0.049,16.1,-0.021399805972196498,0.7526121157467855,0.3361987249191394,0.9223088033467437,10.457737752894412,2.5045650529206576,-3.1026383842059775,1787248572.6260824
7.4213807582855225,coast,coast,0.0,0.0,0.5,0.0,3078.0,0.0,0.049,16.1,-0.02022763850493874,0.7983326663322146,0.2914905101319434,0.8633720898293815,10.44957904887699,2.5042490151820482,-3.102846480050384,1787248572.637331
7.440405607223511,coast,coast,0.0,0.0,0.5,0.0,3035.0,0.0,0.05,16.1,-0.03353825287180388,0.8121527803885513,-0.1075525564139177,0.8571251322264679,10.429785186592184,2.5034838464202447,-3.103282533569498,1787248572.6608837
7.46106219291687,coast,coast,0.0,0.0,0.5,0.0,2941.0,0.0,0.045,16.1,-0.050955650973679954,0.5084202832272773,0.13245007481728877,0.9283197000648788,10.420788000842524,2.504780274582318,-3.1040066436826876,1787248572.6861002
7.482420206069946,coast,coast,0.0,0.0,0.5,0.0,2856.0,0.0,0.046,16.1,-0.05404345726076153,0.7307277407882111,0.08389906973891925,0.8524493707752148,10.413258885333516,2.504498634681726,-3.104547662126465,1787248572.6972554
7.5028300285339355,coast,coast,0.0,0.0,0.5,0.0,2778.0,0.0,0.042,16.1,-0.03453586677436376,0.5973043968839384,-0.09426742606756733,0.8519915792955237,10.389075636134423,2.503615907296907,-3.105782052649568,1787248572.7264786
7.520677328109741,coast,coast,0.0,0.0,0.5,0.0,2731.0,0.0,0.042,16.1,-0.03865684848693617,0.6822126595425431,0.05022879059141516,0.8304808494671769,10.380713685162858,2.503316332738581,-3.106127847703728,1787248572.737202
7.541961908340454,coast,coast,0.0,0.0,0.5,0.0,2664.0,0.0,0.039,16.1,-0.03718370012401283,0.51576701764807,0.23143085026117483,0.7573166557918091,10.366817123721676,2.5028315057655908,-3.106932581225403,1787248572.7575893
7.5609657764434814,coast,coast,0.0,0.0,0.5,0.0,2546.0,0.0,0.04,16.1,-0.015097953320579786,0.7003040917255134,0.29427473507415414,0.7154113655837768,10.352026266354716,2.502323583143137,-3.107567201875312,1787248572.7799037
7.581084728240967,coast,coast,0.0,0.0,0.5,0.0,2546.0,0.0,0.04,16.1,-0.017760090758115025,0.6637424008592845,0.3702209333737798,0.6066956415220074,10.346308007229442,2.503563745973953,-3.1073968602805673,1787248572.797631
7.602039098739624,coast,coast,0.0,0.0,0.5,0.0,2463.0,0.0,0.037,16.1,-0.04297538057633823,0.7894691641062934,0.03409142487288719,0.7099285884676027,10.32468831431865,2.502830122797665,-3.108318686517594,1787248572.826514
7.621880769729614,coast,coast,0.0,0.0,0.5,0.0,2403.0,0.0,0.035,16.1,-0.04524084433069537,0.7524997761112573,-0.080558920744771,0.7133692758615369,10.311288984078686,2.502388739704421,-3.1092046812843352,1787248572.846125
7.6403279304504395,coast,coast,0.0,0.0,0.5,0.0,2319.0,0.0,0.036,16.1,-0.03140824414839089,0.6910616899091053,0.04048111623082562,0.7133692758615369,10.311288984078686,2.502388739704421,-3.1092046812843352,1787248572.846125
7.661487340927124,coast,coast,0.0,0.0,0.5,0.0,2250.0,0.0,0.035,16.1,-0.024409517140906105,0.7201370440748676,0.12677783685059651,0.6977380307593133,10.286396849342685,2.5032841230611242,-3.1100928656096176,1787248572.8861396
7.680939435958862,coast,coast,0.0,0.0,0.5,0.0,2181.0,0.0,0.032,16.1,-0.022232289323009254,0.7040824895515598,0.14555216903333879,0.6327102047554923,10.280793504038849,2.503109057671732,-3.110315039918973,1787248572.8977952
7.700871706008911,coast,coast,0.0,0.0,0.5,0.0,2106.0,0.0,0.032,16.1,-0.02235332375276955,0.6460441939457624,0.0927350169598995,0.6127561612687498,10.268702475365167,2.5027335466562204,-3.1107606026575425,1787248572.9182587
7.732014894485474,coast,coast,0.0,0.0,0.5,0.0,2037.0,0.0,0.03,16.1,-0.018131096145692884,0.6650906957562199,0.05917850270679992,0.6084829695438763,10.257022649028466,2.5023760780720647,-3.1111861357408266,1787248572.937568
7.740468263626099,coast,coast,0.0,0.0,0.5,0.0,1975.0,0.0,0.029,16.1,-0.008554041172118188,0.7079172399208673,-0.007947535854782473,0.6393605126724236,10.242262515664837,2.501928681720577,-3.1116142271759064,1787248572.959677
7.76194953918457,coast,coast,0.0,0.0,0.5,0.0,1904.0,0.0,0.028,16.1,-0.009368313078382923,0.6120106565103107,0.05430002429888248,0.7142176741220021,10.242387160127162,2.5033953514677596,-3.111047307109682,1787248572.986184
7.781816005706787,coast,coast,0.0,0.0,0.5,0.0,1835.0,0.0,0.026,16.1,-0.010610234560254742,0.7221177884618655,0.015963484135625094,0.631487183641499,10.232054728798753,2.503080473929093,-3.1112588475999132,1787248573.0061371
7.800962686538696,coast,coast,0.0,0.0,0.5,0.0,1774.0,0.0,0.028,16.1,-0.018181072028023902,0.6336413719340115,0.10276608029371737,0.585218301355541,10.222077024411425,2.5027788407131792,-3.1115847598560764,1787248573.0260975
7.823432445526123,coast,coast,0.0,0.0,0.5,0.0,1701.0,0.0,0.023,16.1,-0.01285617609546484,0.5854072128673629,0.08832029586325518,0.521553731203863,10.217763225032378,2.502649907217206,-3.1117397180634354,1787248573.0376678
7.840654373168945,coast,coast,0.0,0.0,0.5,0.0,1639.0,0.0,0.025,16.1,-0.016856638325440862,0.5580878872724426,0.2025091134207031,0.5396619720263347,10.205693705355758,2.502290365863995,-3.1120341795375017,1787248573.059355
7.861239910125732,coast,coast,0.0,0.0,0.5,0.0,1569.0,0.0,0.021,16.1,-0.01996760579162772,0.5852948366867352,0.08829453156818445,0.7009343360108417,10.211763259729885,2.503776417396191,-3.1116835231706386,1787248573.0861404
7.881426811218262,coast,coast,0.0,0.0,0.5,0.0,1509.0,0.0,0.023,16.1,-0.012438414545701977,0.6210282694203642,0.006270737059420384,0.5746705817025112,10.203236215936,2.5035220350326552,-3.111969286521606,1787248573.1061537
7.900710821151733,coast,coast,0.0,0.0,0.5,0.0,1449.0,0.0,0.021,16.1,-0.017761488917687314,0.5373977330717707,0.059555903948211864,0.5076189521648236,10.195053984822323,2.503280461299022,-3.1122980244681027,1787248573.1261182
7.921894788742065,coast,coast,0.0,0.0,0.5,0.0,1395.0,0.0,0.019,16.1,-0.011241523372793114,0.5087156407205562,0.08830980741972994,0.4462075968153665,10.191507738941183,2.5031769465305556,-3.112443287373144,1787248573.1378303
7.940630674362183,coast,coast,0.0,0.0,0.5,0.0,1321.0,0.0,0.019,16.1,-0.006938347631997001,0.4974508696489437,0.030443639232064612,0.458619515971388,10.181576847418496,2.502888013356921,-3.112700238885939,1787248573.1590242
7.960314035415649,coast,coast,0.0,0.0,0.5,0.0,1260.0,0.0,0.016,16.1,-0.008232067076922209,0.5447861654509687,0.14048389365173364,0.34772516939726705,10.176632594529542,2.5027461961745128,-3.1127772745049884,1787248573.1795862
7.981875658035278,coast,coast,0.0,0.0,0.5,0.0,1196.0,0.0,0.017,16.1,-0.008167516629406813,0.4889388581889662,0.14085904736953303,0.4119418612285141,10.179663835540127,2.504099084365421,-3.1124342709561055,1787248573.1976218
8.000571966171265,coast,coast,0.0,0.0,0.5,0.0,1129.0,0.0,0.017,16.1,-0.007269433691250793,0.5784264776169721,0.09260835164540993,0.4059532693194464,10.17204165429766,2.503877082749036,-3.1125983147337153,1787248573.2164338
8.020755767822266,coast,coast,0.0,0.0,0.5,0.0,1080.0,0.0,0.012,16.1,-0.010455364460785528,0.52117470564027,0.10703173392994536,0.3271797101176681,10.166543784460831,2.5037181305098537,-3.112759402398305,1787248573.2385664
8.040385246276855,coast,coast,0.0,0.0,0.5,0.0,1020.0,0.0,0.013,16.1,-0.010550629686107406,0.6409175012227806,0.05912774156374567,0.3477837646143974,10.159844586662478,2.5035252556012844,-3.112961477999077,1787248573.2567496
8.060628652572632,coast,coast,0.0,0.0,0.5,0.0,942.0,0.0,0.014,16.1,-0.012591725239517272,0.5931888705160091,0.08311799132963316,0.3885841353906398,10.165775938954676,2.505048191594313,-3.1126614830248145,1787248573.2780006
8.082158088684082,coast,coast,0.0,0.0,0.5,0.0,875.0,0.0,0.012,16.1,-0.010492065109260882,0.5603912517968652,0.08328639114762737,0.3241324127505911,10.16059823818361,2.5048986735866268,-3.112903104724018,1787248573.2976942
8.10161018371582,coast,coast,0.0,0.0,0.5,0.0,815.0,0.0,0.008,16.1,-0.008307029339972787,0.6316750994063725,0.08794541623370122,0.29568303854432476,10.153018085171647,2.5046821097304206,-3.1131851984715624,1787248573.326142
8.12230396270752,coast,coast,0.0,0.0,0.5,0.0,760.0,0.0,0.006,16.1,-0.009518237604484074,0.6606381139366064,0.06404590794960185,0.26785129908632943,10.14867793723862,2.5045593125674146,-3.11336944372426,1787248573.3463478
8.141678810119629,coast,coast,0.0,0.0,0.5,0.0,695.0,0.0,0.006,16.1,-0.007260062173016425,0.6233316339447867,0.08343893039248584,0.26785129908632943,10.14867793723862,2.5045593125674146,-3.11336944372426,1787248573.3463478
8.160746812820435,coast,coast,0.0,0.0,0.5,0.0,305.0,0.0,0.006,16.1,-0.004124106245515407,0.6641918324915963,0.030232408557584023,0.40631177014441433,10.153746145062371,2.5059026633296924,-3.113087368121722,1787248573.3796427
8.180587768554688,coast,coast,0.0,0.0,0.5,0.0,256.0,0.0,0.007,16.1,-0.007286090931631397,0.4560850331069588,0.1362245623177003,0.3226893619793994,10.149799372947237,2.5057902103311998,-3.1131697472721642,1787248573.396088
8.201134204864502,brake,stop,0.0,0.0,0.5,0.0,222.0,0.0,0.007,16.1,-0.003095359365634123,0.7233537437232727,0.03061678991297967,0.16889232177341318,10.14886819095629,2.5057641545503166,-3.1133543944650452,1787248573.4261205
8.222754716873169,brake,stop,0.0,0.0,0.5,0.0,224.0,0.0,0.002,16.1,-0.005162483677658961,0.40571605551427936,0.07338935696582638,0.12270607863712521,10.148697151529527,2.5057594737216657,-3.113395629574025,1787248573.4375746
8.240506410598755,brake,stop,0.0,0.0,0.5,0.0,136.0,0.0,0.004,16.1,-0.0030597005749055327,0.8971877449067449,0.016563152671533743,0.12330710182188047,10.146379070449527,2.5056941533565045,-3.113498996853335,1787248573.4561498
8.260952949523926,brake,stop,0.0,0.0,0.5,0.0,131.0,0.0,-0.003,16.1,-0.005138537074091565,0.47243490857844606,0.11163016724122876,0.354718804440858,10.155267318046686,2.5071420781819533,-3.1132446574361574,1787248573.4787495
8.281919002532959,brake,stop,0.0,0.0,0.5,0.0,11.0,0.0,0.001,16.1,-0.0030339313704671133,0.37522180131955807,0.06929553838693536,0.1559677635958533,10.155842253753162,2.5071581209321696,-3.1132446606475352,1787248573.5061417
8.300642967224121,brake,stop,0.0,0.0,0.5,0.0,0.0,0.0,-0.002,16.1,0.00022592155987312992,0.38143044825511296,0.04457274210375317,0.11592278961831665,10.156101256432168,2.507165414729452,-3.1132446612977804,1787248573.5176654
8.321035385131836,brake,stop,0.0,0.0,0.5,0.0,0.0,0.0,-0.002,16.1,0.0012757519500942313,0.44960993585174336,0.09272829266161153,0.07056410051091122,10.155983019692435,2.5071620334292324,-3.1132446616673097,1787248573.5375135
8.342496395111084,brake,stop,0.0,0.0,0.5,0.0,0.0,0.0,-0.001,16.1,-0.000867116408402743,0.18262216568699863,0.0834399171101694,0.04410916276757391,10.155873365671807,2.5071589081793624,-3.113244661873139,1787248573.5586545
8.360682725906372,brake,stop,0.0,0.0,0.5,0.0,0.0,0.0,-0.001,16.1,0.0033754126004992718,0.10097239199795283,0.04028077599596358,0.2045553937025266,10.162219802630473,2.5084076671433655,-3.112784613342237,1787248573.578742
8.380624294281006,brake,stop,0.0,0.0,0.5,0.0,0.0,0.0,-0.001,16.1,0.00554613179833359,0.028284047696784054,0.0927801867027469,0.10529944255094421,10.162175566178163,2.508406324581341,-3.1127846134908124,1787248573.597377
8.401201963424683,brake,stop,0.0,0.0,0.5,0.0,0.0,0.0,-0.001,16.1,0.002344843119746964,-0.09016658169331837,0.10266011777803286,0.04056418153705242,10.162082253329405,2.508403599141015,-3.1127846135708253,1787248573.6260767
8.421708345413208,brake,stop,0.0,0.0,0.5,0.0,0.0,0.0,0.0,16.1,0.0002183727400376581,-0.17744875005444527,0.05451797927165103,0.022117152664000647,10.162074537056537,2.5084033569289543,-3.1127846136143176,1787248573.6462045
8.442925930023193,brake,stop,0.0,0.0,0.5,0.0,0.0,0.0,-0.002,16.1,0.0012853823723193377,-0.2632141049290695,0.07378378822355458,0.012594226098589047,10.162070213785686,2.508403221123568,-3.112784613638902,1787248573.666485
8.461592197418213,brake,stop,0.0,0.0,0.5,0.0,0.0,0.0,-0.001,16.1,0.0044877114782439385,-0.32136477671549457,0.04968101609664188,0.17020375448399483,10.172486981414815,2.509613736350803,-3.1122609221300555,1787248573.6860845
8.480901002883911,brake,stop,0.0,0.0,0.5,0.0,0.0,0.0,-0.001,16.1,0.00018271388429048652,-0.38780274414574123,0.1647852518487376,0.11956570016078316,10.172470995429542,2.5096132862086344,-3.1122609221080286,1787248573.6974247
8.501005172729492,brake,stop,0.0,0.0,0.5,0.0,0.0,0.0,-0.001,16.1,0.0023323496693128604,-0.4784140157447254,0.06428776341737219,0.0593493609660522,10.172478262032012,2.509613509445779,-3.1122609220963278,1787248573.7176428
8.520728588104248,brake,stop,0.0,0.0,0.5,0.0,0.0,0.0,-0.001,16.1,0.0023602002485758793,-0.489173185366262,0.06401773167797131,0.029647830453743657,10.172483495859861,2.509613668422685,-3.1122609220900124,1787248573.737681
8.540328741073608,brake,stop,0.0,0.0,0.5,0.0,0.0,0.0,-0.001,16.1,0.00022409918656714147,-0.5520011547884565,0.07347099871786611,0.015086202777181444,10.172506370802365,2.5096143395768435,-3.1122609220900124,1787248573.7585924
8.561652898788452,brake,stop,0.0,0.0,0.5,0.0,0.0,0.0,-0.001,16.1,0.00020770137032592652,-0.6120764011441153,0.12666525967192221,0.18062838224875274,10.182457547498311,2.510644315400514,-3.1117964089608545,1787248573.786126
8.580948114395142,brake,stop,0.0,0.0,0.5,0.0,0.0,0.0,-0.001,16.1,0.0023505696963136103,-0.6092529998553573,0.06394427602819519,0.09059776723520621,10.182463221451584,2.510644521923125,-3.111796408949988,1787248573.8064215
8.60122561454773,brake,stop,0.0,0.0,0.5,0.0,0.0,0.0,-0.002,16.1,0.00020197492379644315,-0.684989429284478,0.1407929921023836,0.06412354448028017,10.182436968031478,2.5106437592313218,-3.111796408944239,1787248573.8175962
8.623044729232788,brake,stop,0.0,0.0,0.5,0.0,0.0,0.0,-0.002,16.1,-0.0008796102489483351,-0.6563073734783629,0.09287900465150045,0.023637248264889697,10.182470633743971,2.5106447733014656,-3.1117964089411423,1787248573.8462124
8.640580415725708,brake,stop,0.0,0.0,0.5,0.0,0.0,0.0,-0.002,16.1,0.0012393115059812433,-0.41710281412765937,0.08322704190621621,0.017218167877036516,10.182492913729,2.510645437357882,-3.1117964089411423,1787248573.8561618
8.661518096923828,brake,stop,0.0,0.0,0.5,0.0,0.0,0.0,-0.001,16.1,0.0012479011107568872,-0.5121666675462571,0.06902733390250404,0.02269617648710733,10.182137746470028,2.5114585791867543,-3.111533347045956,1787248573.8860195
8.68155312538147,brake,stop,0.0,0.0,0.5,0.0,0.0,0.0,-0.001,16.1,-0.000876746960665012,-0.47570291754639626,0.05902128568921938,0.011522446556583922,10.18213934291953,2.5114586314108394,-3.1115333470479203,1787248573.906156
8.700780391693115,brake,stop,0.0,0.0,0.5,0.0,0.0,0.0,-0.001,16.1,-0.0019312629149475528,-0.5404554980829239,0.13140154109810886,0.00819510952955916,10.182134480110205,2.5114584874635173,-3.1115333470489763,1787248573.9174352
8.721007585525513,brake,stop,0.0,0.0,0.5,0.0,0.0,0.0,-0.002,16.1,-0.000867116408402743,-0.4746917146462444,0.0400929341850933,0.004252742368563431,10.182136828325515,2.5114585593032857,-3.11153334704955,1787248573.9377067
8.740641593933105,brake,stop,0.0,0.0,0.5,0.0,0.0,0.0,-0.001,16.1,-0.0008853366954778184,-0.43130339921375693,0.06889606390549119,0.0023232459890132518,10.182146273501235,2.5114588433042604,-3.11153334704955,1787248573.9578018
8.760773181915283,brake,stop,0.0,0.0,0.5,0.0,0.0,0.0,-0.001,16.1,-0.0019601543116600346,-0.3301576738093921,0.10255177983088792,0.13056121312516308,10.188922076911247,2.512435423749674,-3.1111967419755615,1787248573.986161
8.781477689743042,brake,stop,0.0,0.0,0.5,0.0,0.0,0.0,-0.001,16.1,0.0012450379525107266,-0.3541062256168743,0.06423236104669527,0.06532958640354364,10.188927891919892,2.512435615980233,-3.111196741986119,1787248574.0060866
8.8010573387146,brake,stop,0.0,0.0,0.5,0.0,0.0,0.0,-0.002,16.1,0.00125076439904021,-0.27870681509433837,0.09747687151374329,0.03306588090340379,10.188931299520151,2.512435728245798,-3.1111967419920443,1787248574.0261035
8.824068307876587,brake,stop,0.0,0.0,0.5,0.0,0.0,0.0,-0.001,16.1,-0.0008535818804448511,-0.2970791329112288,0.08807767294839763,0.023493642587000062,10.188917841113259,2.512435323857985,-3.1111967419953426,1787248574.0377266
8.845057725906372,brake,stop,0.0,0.0,0.5,0.0,0.0,0.0,-0.001,16.1,-0.0008728428549322264,-0.273692388916686,0.0783681516715724,0.012347886789775692,10.188951966904973,2.512436361462104,-3.1111967419953426,1787248574.058602
8.861703634262085,brake,stop,0.0,0.0,0.5,0.0,0.0,0.0,-0.001,16.1,-0.0008824734071944954,-0.2862637934719281,0.09794064709756611,0.01835267037424336,10.188754154149844,2.513004499228,-3.111183502276244,1787248574.0863163
8.880914688110352,brake,stop,0.0,0.0,0.5,0.0,0.0,0.0,-0.001,16.1,-0.000907460828211354,-0.2503618147399074,0.05427564871758861,0.013406637063499125,10.188730410721798,2.5130037781409165,-3.111183502281327,1787248574.0990472
8.901765823364258,brake,stop,0.0,0.0,0.5,0.0,0.0,0.0,-0.001,16.1,0.00018948118077872315,-0.27290590183269003,0.12644858377763235,0.0049173737933749075,10.188736614178683,2.5130039670568025,-3.1111835022822785,1787248574.1261287
8.921682357788086,brake,stop,0.0,0.0,0.5,0.0,0.0,0.0,0.0,16.1,0.00017985066102574486,-0.28727499637208,0.06417874938588852,0.003507007634268892,10.1887341455043,2.513003892080948,-3.1111835022827967,1787248574.137555
8.940591812133789,brake,stop,0.0,0.0,0.5,0.0,0.0,0.0,-0.001,16.1,0.0012393115059812433,-0.31623797435721457,0.08807825766998789,0.0018810622664529142,10.188740138989766,2.5130040743939537,-3.1111835022827967,1787248574.156209
8.960514783859253,brake,stop,0.0,0.0,0.5,0.0,0.0,0.0,-0.001,16.1,0.00019234440404346486,-0.2502494751043791,0.11657168594559586,0.0424417397364009,10.18658516105599,2.5136041768357966,-3.1109999475245864,1787248574.1863074
8.98097276687622,brake,stop,0.0,0.0,0.5,0.0,0.0,0.0,-0.001,16.1,0.00019234440404346486,-0.3486985376246743,0.1218540790645335,0.029837107165636343,10.186590029593171,2.513604324151718,-3.110999947523032,1787248574.1977332
9.001269817352295,brake,stop,0.0,0.0,0.5,0.0,0.0,0.0,-0.001,16.1,0.0023255820152224267,-0.2979779961758524,0.049551500264399806,0.0106022845541732,10.186582078434089,2.513604079908594,-3.1109999475221772,1787248574.226115
9.02129316329956,brake,stop,0.0,0.0,0.5,0.0,0.0,0.0,-0.001,16.1,0.0012421747942645664,-0.363854192338259,0.064194025237434,0.005378088770643092,10.186581221744524,2.513604053186276,-3.1109999475217074,1787248574.246121
9.040684700012207,brake,stop,0.0,0.0,0.5,0.0,0.0,0.0,-0.002,16.1,0.00019624847726695978,-0.36419128433504255,0.07848688669949411,0.0027693387800594087,10.186580639277976,2.513604035083343,-3.110999947521449,1787248574.2662024
9.06100344657898,brake,stop,0.0,0.0,0.5,0.0,0.0,0.0,-0.001,16.1,0.003385043152761541,-0.3500468690667091,0.10717504553720758,0.05495874831235646,10.190158584971176,2.5143498429883158,-3.110712824072947,1787248574.286097
9.081261157989502,brake,stop,0.0,0.0,0.5,0.0,0.0,0.0,-0.001,16.1,0.00019234440404346486,-0.41068392323530745,0.11713040569763677,0.027547235289260712,10.190160883446122,2.5143499196764934,-3.1107128240746653,1787248574.3062346
9.10111951828003,brake,stop,0.0,0.0,0.5,0.0,0.0,0.0,-0.001,16.1,-0.0008728428549322264,-0.33150596870632754,0.06392260478425627,0.013982417907035648,10.190161704551032,2.514349948265563,-3.1107128240756396,1787248574.3261442
9.120769500732422,brake,stop,0.0,0.0,0.5,0.0,0.0,0.0,-0.001,16.1,-0.0008728428549322264,-0.34948506125376966,0.0833536706756064,0.009948660080454383,10.190155448597693,2.514349756767511,-3.1107128240761672,1787248574.337809
9.142924070358276,brake,stop,0.0,0.0,0.5,0.0,0.0,0.0,-0.001,16.1,0.0012536276873235332,-0.3446953508922732,0.0881435637625998,0.007207799702821,10.190162180132043,2.5143499647022414,-3.1107128240761672,1787248574.3460984
9.160887718200684,brake,stop,0.0,0.0,0.5,0.0,0.0,0.0,-0.001,16.1,-0.0008632123026699574,-0.32085913872031924,0.04979690060681108,0.05649526514426911,10.1928504108943,2.51502381317194,-3.1105053498737125,1787248574.3835418
9.180632591247559,brake,stop,0.0,0.0,0.5,0.0,0.0,0.0,-0.001,16.1,0.00018271388429048652,-0.33032621980778387,0.08814308867630771,0.02902117928959763,10.192893507057907,2.515025153347219,-3.1105053498737125,1787248574.3997757
9.201873540878296,brake,stop,0.0,0.0,0.5,0.0,0.0,0.0,-0.001,16.1,0.0023102251464678365,-0.31167297981187403,0.05449649075320906,0.015089489923302687,10.19286176785688,2.5150241739335337,-3.1105053498752557,1787248574.4173756
9.220609903335571,brake,stop,0.0,0.0,0.5,0.0,0.0,0.0,-0.001,16.1,-0.000876746960665012,-0.31195390199089346,0.12149241048840942,0.005665397656573083,10.192871311467124,2.515024472022125,-3.1105053498755217,1787248574.4461281
9.240577697753906,brake,stop,0.0,0.0,0.5,0.0,0.0,0.0,-0.001,16.1,0.0001730833645375082,-0.32114006089933866,0.06889259212104903,0.004162085507111157,10.19287787151868,2.515024676022161,-3.1105053498755217,1787248574.4561582
9.260684251785278,brake,stop,0.0,0.0,0.5,0.0,0.0,0.0,-0.001,16.1,0.0023227191170505914,-0.30727653126492527,0.04003614310063952,0.04164362656055106,10.194316177085273,2.5156024192404955,-3.1103852972351,1787248574.4796429
9.281521797180176,brake,stop,0.0,0.0,0.5,0.0,0.0,0.0,-0.001,16.1,0.00020483814706118484,-0.35844654089115835,0.13618582451234573,0.014934139062324027,10.194328499440504,2.515602805714561,-3.1103852972355273,1787248574.5061119
9.30068588256836,brake,stop,0.0,0.0,0.5,0.0,0.0,0.0,-0.001,16.1,-0.0029907236623751793,-0.31724921380246585,0.03515631252404461,0.010580398172034133,10.194323639359016,2.515602654960836,-3.1103852972357564,1787248574.5176432
9.322339296340942,brake,stop,0.0,0.0,0.5,0.0,0.0,0.0,-0.001,16.1,0.001267162215281425,-0.3359586236161398,0.10711023280343746,0.003947635735863336,10.194330254490234,2.5156028619926314,-3.1103852972358808,1787248574.5461612
9.341323614120483,brake,stop,0.0,0.0,0.5,0.0,0.0,0.0,-0.001,16.1,-0.0008603491444237971,-0.32136477671549457,0.07363110279829854,0.0028325149047619983,10.194327586320332,2.515602778985131,-3.1103852972359487,1787248574.557739
9.360490083694458,brake,stop,0.0,0.0,0.5,0.0,0.0,0.0,-0.001,16.1,-0.001925536338380907,-0.36802596161415124,0.07870586493504561,0.001515139199026355,10.19432881489133,2.5156028174947647,-3.110385297235986,1787248574.578435
9.381760835647583,brake,stop,0.0,0.0,0.5,0.0,0.0,0.0,-0.001,16.1,-0.0008949671177029248,-0.29870834998718365,0.09728437020270064,0.07746040851618712,10.18915772499782,2.5159450538548636,-3.1104870864060055,1787248574.6061819
9.40107774734497,brake,stop,0.0,0.0,0.5,0.0,0.0,0.0,-0.001,16.1,-0.0008699796966860659,-0.36312387507202715,0.11705163273589925,0.038611253695596315,10.189154480770842,2.515944954550726,-3.1104870864056324,1787248574.6261334
9.421534776687622,brake,stop,0.0,0.0,0.5,0.0,0.0,0.0,-0.001,16.1,0.00019234440404346486,-0.3024306510856647,0.04962890278491017,0.027220220654828105,10.18916193015858,2.5159451872458423,-3.1104870864054273,1787248574.637758
9.441733837127686,brake,stop,0.0,0.0,0.5,0.0,0.0,0.0,-0.002,16.1,-0.0008728428549322264,-0.3310003672562516,0.06403848929442546,0.013719840489735926,10.189157921435799,2.5159450630085938,-3.1104870864053145,1787248574.6579745
9.460476875305176,brake,stop,0.0,0.0,0.5,0.0,0.0,0.0,-0.001,16.1,-0.0019658808882266807,-0.3687562788803831,0.035428317698812606,0.00710964311980694,10.189143600687943,2.515944617409886,-3.1104870864053145,1787248574.6767342
9.482898950576782,brake,stop,0.0,0.0,0.5,0.0,0.0,0.0,-0.001,16.1,0.00020770137032592652,-0.29764094072416825,0.09752896655292531,0.060887531104223035,10.192542100542111,2.5165396933633,-3.1104583653347526,1787248574.6975412
9.500996351242065,brake,stop,0.0,0.0,0.5,0.0,0.0,0.0,-0.001,16.1,0.00020483814706118484,-0.36825067743030715,0.1026044778642099,0.030176755977609986,10.192545804667915,2.5165398087254744,-3.110458365334874,1787248574.7182627
9.52026104927063,brake,stop,0.0,0.0,0.5,0.0,0.0,0.0,-0.001,16.1,0.00019234440404346486,-0.3263230330753828,0.07838266007603067,0.015153797559175465,10.192558786580397,2.5165402130387275,-3.110458365334874,1787248574.7361634
9.541186809539795,brake,stop,0.0,0.0,0.5,0.0,0.0,0.0,-0.001,16.1,0.00020483814706118484,-0.3405797879792445,0.09756896516420888,0.00756922540709013,10.192551418082285,2.516539983551274,-3.110458365334975,1787248574.7599926
9.560598373413086,brake,stop,0.0,0.0,0.5,0.0,0.0,0.0,-0.001,16.1,-0.001985141992751218,-0.34480769052780147,0.08811779946752907,0.06803190572277212,10.19529626338292,2.516989931753918,-3.110165294485106,1787248574.779179
9.58159875869751,brake,stop,0.0,0.0,0.5,0.0,0.0,0.0,-0.001,16.1,-0.003006080531129769,-0.354218601797502,0.07378663874130709,0.02533470444325489,10.195282282005248,2.516989507132794,-3.1101652944855034,1787248574.8061168
9.600921154022217,brake,stop,0.0,0.0,0.5,0.0,0.0,0.0,-0.001,16.1,0.0012536276873235332,-0.33066327525946804,0.10243591359326842,0.017906991911954325,10.195274978539194,2.5169892804752396,-3.110165294485582,1787248574.81881
9.621632099151611,brake,stop,0.0,0.0,0.5,0.0,0.0,0.0,-0.001,16.1,0.0012450379525107266,-0.3734336130612519,0.07856439885530264,0.00664173502558761,10.19528498846279,2.51698959674291,-3.110165294485624,1787248574.8461494
9.640474081039429,brake,stop,0.0,0.0,0.5,0.0,0.0,0.0,-0.001,16.1,0.0012575316630191562,-0.34074833397763626,0.0783702347422377,0.0034685437086778314,10.195285995107911,2.516989629226643,-3.1101652944856464,1787248574.8661203
9.66111969947815,brake,stop,0.0,0.0,0.5,0.0,0.0,0.0,-0.001,16.1,0.00017985066102574486,-0.3636294765221031,0.09298567979662309,0.059999779972955004,10.191187476784963,2.5172920100891165,-3.1103631942038454,1787248574.8860705
9.681922912597656,brake,stop,0.0,0.0,0.5,0.0,0.0,0.0,-0.001,16.1,0.0012796559257898545,-0.3075012470810812,0.04477469032298842,0.030011850495850676,10.191184606031966,2.5172919233359834,-3.110363194203785,1787248574.9062686
9.701022148132324,brake,stop,0.0,0.0,0.5,0.0,0.0,0.0,-0.001,16.1,-0.0008853366954778184,-0.33517209998704445,0.10729047323363439,0.021199642771924793,10.191191820126964,2.517292150280623,-3.1103631942037526,1787248574.9175847
9.721762418746948,brake,stop,0.0,0.0,0.5,0.0,0.0,0.0,-0.001,16.1,0.00018271388429048652,-0.33556536180159213,0.08325021149923018,0.007764097764035255,10.191181327146532,2.5172918233432933,-3.110363194203735,1787248574.9462981
9.740401983261108,brake,stop,0.0,0.0,0.5,0.0,0.0,0.0,-0.001,16.1,-0.0019323037323970157,-0.345144782524585,0.07846050113773373,0.005488403715504885,10.191183989128378,2.517291906988139,-3.1103631942037246,1787248574.9612226
9.762268781661987,brake,stop,0.0,0.0,0.5,0.0,0.0,0.0,-0.001,16.1,0.00020770137032592652,-0.30744507726331705,0.11184784812575188,0.053597985086349755,10.193016806879202,2.517817669463227,-3.1102737799371374,1787248574.9795
9.780663251876831,brake,stop,0.0,0.0,0.5,0.0,0.0,0.0,-0.002,16.1,0.00018271388429048652,-0.3679135854335236,0.09310167394209046,0.026274367130796658,10.193016437564143,2.517817657892912,-3.1102737799371374,1787248574.9961276
9.801017045974731,brake,stop,0.0,0.0,0.5,0.0,0.0,0.0,-0.001,16.1,-0.000867116408402743,-0.31274038907488944,0.06862193911495851,0.009019490954389812,10.193016587482932,2.5178176625753106,-3.1102737799371374,1787248575.026155
9.822576522827148,brake,stop,0.0,0.0,0.5,0.0,0.0,0.0,-0.001,16.1,-0.0030310679521466277,-0.35399388598134607,0.10736831429533744,0.006315255099106737,10.193016648974009,2.5178176644990256,-3.1102737799371374,1787248575.0376084
9.841487884521484,brake,stop,0.0,0.0,0.5,0.0,0.0,0.0,-0.001,16.1,0.0012239545071894911,-0.3450886127068209,0.10721352752686641,0.003097414864274623,10.193016621379565,2.517817663633013,-3.1102737799371374,1787248575.0580497
9.860524415969849,brake,stop,0.0,0.0,0.5,0.0,0.0,0.0,-0.001,16.1,0.00019234440404346486,-0.32559267926405155,0.11208018359513083,0.0015200187883726722,10.193016603612138,2.517817663075523,-3.1102737799371374,1787248575.0790594
9.882235765457153,brake,stop,0.0,0.0,0.5,0.0,0.0,0.0,-0.001,16.1,-0.0008632123026699574,-0.35010303888447325,0.03531184846705315,0.009662599610438919,10.193444446641612,2.518130298830655,-3.110313729811703,1787248575.1061034
9.901015758514404,brake,stop,0.0,0.0,0.5,0.0,0.0,0.0,-0.001,16.1,0.00019520762730820652,-0.2840582967236749,0.0781882036021706,0.004789334059313236,10.19344461626403,2.5181303040864935,-3.1103137298117045,1787248575.1261592
9.920588970184326,brake,stop,0.0,0.0,0.5,0.0,0.0,0.0,-0.001,16.1,0.00017698743776100315,-0.3634047607059472,0.09303717184166516,0.0033711427123004453,10.193443915742165,2.518130282139228,-3.1103137298117054,1787248575.137458
9.941338300704956,brake,stop,0.0,0.0,0.5,0.0,0.0,0.0,-0.001,16.1,0.0001616304714785415,-0.33066327525946804,0.09764589259842715,0.0016948662944102195,10.19344552625527,2.51813033253078,-3.1103137298117054,1787248575.1564496
9.961194038391113,brake,stop,0.0,0.0,0.5,0.0,0.0,0.0,-0.001,16.1,-0.0008757061432155494,-0.29831508817263597,0.07342436717104306,0.049453652797400695,10.190933202755096,2.5183706424126986,-3.110288623822263,1787248575.1860797
9.982127666473389,brake,stop,0.0,0.0,0.5,0.0,0.0,0.0,-0.001,16.1,-0.0008699796966860659,-0.32130860689773044,0.1407042971461614,0.024646795774470067,10.190931005727522,2.518370573411229,-3.1102886238222536,1787248575.206125
10.001769781112671,brake,stop,0.0,0.0,0.5,0.0,0.0,0.0,-0.001,16.1,0.00020770137032592652,-0.3171368376218382,0.05434212425338103,0.012383749715735994,10.190929538439217,2.5183705273527917,-3.1102886238222487,1787248575.2261758
10.021426439285278,brake,stop,0.0,0.0,0.5,0.0,0.0,0.0,-0.001,16.1,-0.0008699796966860659,-0.3169121218056823,0.08792378153486169,0.008765996250452109,10.190933183292273,2.518370641427503,-3.110288623822246,1787248575.237411
10.040539264678955,brake,stop,0.0,0.0,0.5,0.0,0.0,0.0,-0.001,16.1,-0.0019437566254559822,-0.33088802762072334,0.08322433756886127,0.004506966791808062,10.190923855303549,2.5183703493284466,-3.110288623822246,1787248575.2601776
10.061132431030273,brake,stop,0.0,0.0,0.5,0.0,0.0,0.0,-0.002,16.1,-0.0008853366954778184,-0.32705335034161465,0.05426519681916275,0.03988483435070424,10.189518624942412,2.518545790255947,-3.110216357390212,1787248575.2792277
10.081699848175049,brake,stop,0.0,0.0,0.5,0.0,0.0,0.0,-0.001,16.1,0.00020770137032592652,-0.3344417827208126,0.12661791549566104,0.014252457777711225,10.189507153329973,2.518545429369811,-3.110216357390209,1787248575.306202
10.10204815864563,brake,stop,0.0,0.0,0.5,0.0,0.0,0.0,-0.001,16.1,-0.0008449921456320446,-0.30744507726331705,0.03520751220829155,0.007256407503614509,10.189505983362242,2.518545392201714,-3.110216357390207,1787248575.326224
10.121443510055542,brake,stop,0.0,0.0,0.5,0.0,0.0,0.0,-0.001,16.1,-0.0008853366954778184,-0.34452680489388143,0.08339215266526523,0.005163960879702228,10.189509158174012,2.518545491605437,-3.110216357390206,1787248575.3375044
10.140575647354126,brake,stop,0.0,0.0,0.5,0.0,0.0,0.0,-0.001,16.1,0.00018557710755522823,-0.33066327525946804,0.06411574563453826,0.0027420995697224793,10.189500062821367,2.5185452061332723,-3.110216357390206,1787248575.3594692
10.160990715026855,brake,stop,0.0,0.0,0.5,0.0,0.0,0.0,-0.001,16.1,0.0002230583366083882,-0.3256488490818157,0.06895713076657373,0.0831071933124983,10.192223881920459,2.5189976634456905,-3.1100745854966014,1787248575.3789937
