t,phase,kind,v_cmd,delta_cmd,servo_cmd,erpm_cmd,erpm_meas,current_motor,duty,v_batt,wz,ax,ay,v_pose,x,y,yaw,pose_t
0.03145647048950195,IDLE,stop,0.0,0.0,0.5,0.0,0.0,0.0,0.0,0.0,0.0,0.0,0.0,0.0,0.0,0.0,0.0,0.0
0.04048323631286621,IDLE,stop,0.0,0.0,0.5,0.0,0.0,0.0,0.0,0.0,0.0,0.0,0.0,0.0,0.0,0.0,0.0,0.0
0.060521602630615234,IDLE,stop,0.0,0.0,0.5,0.0,0.0,0.0,0.0,0.0,0.0,0.0,0.0,0.0,0.0,0.0,0.0,0.0
0.08053803443908691,IDLE,stop,0.0,0.0,0.5,0.0,0.0,0.0,0.0,0.0,0.0,0.0,0.0,0.0,0.0,0.0,0.0,0.0
0.10052776336669922,IDLE,stop,0.0,0.0,0.5,0.0,0.0,0.0,0.0,0.0,0.0,0.0,0.0,0.0,0.0,0.0,0.0,0.0
0.12047290802001953,IDLE,stop,0.0,0.0,0.5,0.0,0.0,0.0,0.0,0.0,0.0,0.0,0.0,0.0,0.0,0.0,0.0,0.0
0.1404871940612793,IDLE,stop,0.0,0.0,0.5,0.0,0.0,0.0,0.0,0.0,0.0,0.0,0.0,0.0,0.0,0.0,0.0,0.0
0.16049528121948242,IDLE,stop,0.0,0.0,0.5,0.0,0.0,0.0,0.0,0.0,0.0,0.0,0.0,0.0,0.0,0.0,0.0,0.0
0.18047857284545898,IDLE,stop,0.0,0.0,0.5,0.0,0.0,0.0,0.0,0.0,0.0,0.0,0.0,0.0,0.0,0.0,0.0,0.0
0.2005293369293213,IDLE,stop,0.0,0.0,0.5,0.0,0.0,0.0,0.0,0.0,0.0,0.0,0.0,0.0,0.0,0.0,0.0,0.0
0.22049188613891602,IDLE,stop,0.0,0.0,0.5,0.0,0.0,0.0,0.0,0.0,0.0,0.0,0.0,0.0,0.0,0.0,0.0,0.0
0.2405250072479248,IDLE,stop,0.0,0.0,0.5,0.0,0.0,0.0,0.0,0.0,0.0,0.0,0.0,0.0,0.0,0.0,0.0,0.0
0.26050734519958496,IDLE,stop,0.0,0.0,0.5,0.0,0.0,0.0,0.0,0.0,0.0,0.0,0.0,0.0,0.0,0.0,0.0,0.0
0.28047823905944824,IDLE,stop,0.0,0.0,0.5,0.0,0.0,0.0,0.0,0.0,0.0,0.0,0.0,0.0,0.0,0.0,0.0,0.0
0.30083560943603516,IDLE,stop,0.0,0.0,0.5,0.0,0.0,0.0,0.0,0.0,0.0,0.0,0.0,0.0,0.0,0.0,0.0,0.0
0.3204681873321533,IDLE,stop,0.0,0.0,0.5,0.0,0.0,0.0,0.0,0.0,0.0,0.0,0.0,0.0,0.0,0.0,0.0,0.0
0.3406398296356201,IDLE,stop,0.0,0.0,0.5,0.0,0.0,0.0,0.0,0.0,0.0,0.0,0.0,0.0,0.0,0.0,0.0,0.0
0.3604884147644043,IDLE,stop,0.0,0.0,0.5,0.0,0.0,0.0,0.0,0.0,0.0,0.0,0.0,0.0,0.0,0.0,0.0,0.0
0.3804922103881836,IDLE,stop,0.0,0.0,0.5,0.0,0.0,0.0,0.0,0.0,0.0,0.0,0.0,0.0,0.0,0.0,0.0,0.0
0.40055418014526367,IDLE,stop,0.0,0.0,0.5,0.0,0.0,0.0,0.0,0.0,0.0,0.0,0.0,0.0,0.0,0.0,0.0,0.0
0.4204723834991455,IDLE,stop,0.0,0.0,0.5,0.0,0.0,0.0,0.0,0.0,0.0,0.0,0.0,0.0,0.0,0.0,0.0,0.0
0.4405090808868408,IDLE,stop,0.0,0.0,0.5,0.0,0.0,0.0,0.0,0.0,0.0,0.0,0.0,0.0,0.0,0.0,0.0,0.0
0.46048903465270996,IDLE,stop,0.0,0.0,0.5,0.0,0.0,0.0,0.0,0.0,0.0,0.0,0.0,0.0,0.0,0.0,0.0,0.0
0.48068928718566895,IDLE,stop,0.0,0.0,0.5,0.0,0.0,0.0,0.0,0.0,0.0,0.0,0.0,0.0,0.0,0.0,0.0,0.0
0.5005037784576416,IDLE,stop,0.0,0.0,0.5,0.0,0.0,0.0,0.0,0.0,0.0,0.0,0.0,0.0,0.0,0.0,0.0,0.0
0.5204899311065674,IDLE,stop,0.0,0.0,0.5,0.0,0.0,0.0,0.0,0.0,0.0,0.0,0.0,0.0,0.0,0.0,0.0,0.0
0.5436544418334961,IDLE,stop,0.0,0.0,0.5,0.0,0.0,0.0,0.0,0.0,0.0,0.0,0.0,0.0,0.0,0.0,0.0,0.0
0.5604987144470215,IDLE,stop,0.0,0.0,0.5,0.0,0.0,0.0,0.0,0.0,0.0,0.0,0.0,0.0,0.0,0.0,0.0,0.0
0.5804922580718994,IDLE,stop,0.0,0.0,0.5,0.0,0.0,0.0,0.0,0.0,0.0,0.0,0.0,0.0,0.0,0.0,0.0,0.0
0.6004807949066162,IDLE,stop,0.0,0.0,0.5,0.0,0.0,0.0,0.0,0.0,0.0,0.0,0.0,0.0,0.0,0.0,0.0,0.0
0.6205048561096191,IDLE,stop,0.0,0.0,0.5,0.0,0.0,0.0,0.0,0.0,0.0,0.0,0.0,0.0,0.0,0.0,0.0,0.0
0.6405258178710938,IDLE,stop,0.0,0.0,0.5,0.0,0.0,0.0,0.0,0.0,0.0,0.0,0.0,0.0,0.0,0.0,0.0,0.0
0.6604976654052734,IDLE,stop,0.0,0.0,0.5,0.0,0.0,0.0,0.0,0.0,0.0,0.0,0.0,0.0,0.0,0.0,0.0,0.0
0.6804854869842529,IDLE,stop,0.0,0.0,0.5,0.0,0.0,0.0,0.0,0.0,0.0,0.0,0.0,0.0,0.0,0.0,0.0,0.0
0.7004878520965576,IDLE,stop,0.0,0.0,0.5,0.0,0.0,0.0,0.0,0.0,0.0,0.0,0.0,0.0,0.0,0.0,0.0,0.0
0.7204704284667969,IDLE,stop,0.0,0.0,0.5,0.0,0.0,0.0,0.0,0.0,0.0,0.0,0.0,0.0,0.0,0.0,0.0,0.0
0.7405040264129639,IDLE,stop,0.0,0.0,0.5,0.0,0.0,0.0,0.0,0.0,0.0,0.0,0.0,0.0,0.0,0.0,0.0,0.0
0.7604594230651855,IDLE,stop,0.0,0.0,0.5,0.0,0.0,0.0,0.0,0.0,0.0,0.0,0.0,0.0,0.0,0.0,0.0,0.0
0.7813596725463867,IDLE,stop,0.0,0.0,0.5,0.0,0.0,0.0,0.0,0.0,0.0,0.0,0.0,0.0,0.0,0.0,0.0,0.0
0.8004794120788574,IDLE,stop,0.0,0.0,0.5,0.0,0.0,0.0,0.0,0.0,0.00017985066102574486,-0.3651463174174303,0.03994785014051061,0.0,0.0,0.0,0.0,0.0
0.8202939033508301,IDLE,stop,0.0,0.0,0.5,0.0,0.0,0.0,0.0,0.0,-0.001953387177718251,-0.3779424377888283,0.11215908446471623,0.0,0.0,0.0,0.0,0.0
0.8405096530914307,IDLE,stop,0.0,0.0,0.5,0.0,0.0,0.0,0.0,0.0,-0.0008824734071944954,-0.3598510056058579,0.030483509935500308,0.0,0.0,0.0,0.0,0.0
0.8604376316070557,IDLE,stop,0.0,0.0,0.5,0.0,0.0,0.0,0.002,17.0,0.00016735691800802484,-0.3453133285229768,0.08800195150245926,0.0,0.0,0.0,0.0,0.0
0.8803989887237549,IDLE,stop,0.0,0.0,0.5,0.0,0.0,0.0,0.001,17.0,0.0012421747942645664,-0.3595701199719379,0.08323811507133172,0.0,0.0,0.0,0.0,0.0
0.9004456996917725,IDLE,stop,0.0,0.0,0.5,0.0,0.0,0.0,0.001,17.0,0.0001616304714785415,-0.36870010906261896,0.0641813075428459,0.0,0.0,0.0,0.0,0.0
0.9202449321746826,IDLE,stop,0.0,0.0,0.5,0.0,0.0,0.0,0.001,17.0,0.00019234440404346486,-0.3124595034409694,0.08784637901435133,0.0,0.0,0.0,0.0,0.0
0.9403705596923828,IDLE,stop,0.0,0.0,0.5,0.0,0.0,0.0,0.0,17.0,-0.001950524019472091,-0.38769040451021297,0.10254070666577242,0.0,0.0,0.0,0.0,0.0
0.9604885578155518,IDLE,stop,0.0,0.0,0.5,0.0,0.0,0.0,0.001,17.0,-0.0019476606011516052,-0.3738830446935637,0.0784614147652185,0.0,0.0,0.0,0.0,0.0
0.9803488254547119,IDLE,stop,0.0,0.0,0.5,0.0,0.0,0.0,0.002,17.0,0.00018271388429048652,-0.3591768581573902,0.07853819601903922,0.0,0.0,0.0,0.0,0.0
1.0003015995025635,IDLE,stop,0.0,0.0,0.5,0.0,0.0,0.0,0.001,17.0,-0.000867116408402743,-0.3881398361425248,0.04495748891014273,0.0,0.0,0.0,0.0,0.0
1.0203635692596436,IDLE,stop,0.0,0.0,0.5,0.0,0.0,0.0,0.001,17.0,0.0002230583366083882,-0.33128125289017163,0.06876417264178869,0.0,0.0,0.0,0.0,0.0
1.0409843921661377,IDLE,stop,0.0,0.0,0.5,0.0,0.0,0.0,0.001,17.0,0.00021446866681416318,-0.3827883179680889,0.10256632478044558,0.0,0.0,0.0,0.0,0.0
1.0602474212646484,IDLE,stop,0.0,0.0,0.5,0.0,0.0,0.0,0.001,17.0,-0.0008517595396481532,-0.3312250830724075,0.06398699724938339,0.0,0.0,0.0,0.0,0.0
1.080305576324463,IDLE,stop,0.0,0.0,0.5,0.0,0.0,0.0,0.001,17.0,0.00021342781685540992,-0.35996338178648557,0.06398791087686817,0.0,0.0,0.0,0.0,0.0
1.1004741191864014,IDLE,stop,0.0,0.0,0.5,0.0,0.0,0.0,0.001,17.0,-0.0008449921456320446,-0.3446391810745091,0.07378634638051196,0.0,0.0,0.0,0.0,0.0
1.12031888961792,IDLE,stop,0.0,0.0,0.5,0.0,0.0,0.0,0.001,17.0,0.00018948118077872315,-0.35990717542362205,0.035260648782806214,0.0,0.0,0.0,0.0,0.0
1.1442689895629883,IDLE,stop,0.0,0.0,0.5,0.0,0.0,0.0,0.001,17.0,-0.0019169468636424257,-0.33094419743848746,0.10716156039553226,0.0,0.0,0.0,0.0,0.0
1.1604738235473633,IDLE,stop,0.0,0.0,0.5,0.0,0.0,0.0,0.001,17.0,0.001295012924581607,-0.3260983172592269,0.06406407086399923,0.0,0.0,0.0,0.0,0.0
1.1805384159088135,IDLE,stop,0.0,0.0,0.5,0.0,0.0,0.0,0.001,17.0,0.00018271388429048652,-0.3550612952443615,0.08317357642580703,0.0,0.0,0.0,0.0,0.0
1.2005300521850586,IDLE,stop,0.0,0.0,0.5,0.0,0.0,0.0,0.001,17.0,0.00017126099123151978,-0.36374185270273074,0.07858987078957824,0.0,0.0,0.0,0.0,0.0
1.2204272747039795,IDLE,stop,0.0,0.0,0.5,0.0,0.0,0.0,0.001,17.0,0.00019234440404346486,-0.3175300994363859,0.020721875346943364,0.0,0.0,0.0,0.0,0.0
1.2408905029296875,IDLE,stop,0.0,0.0,0.5,0.0,0.0,0.0,0.001,17.0,-0.0019572911534138744,-0.3446391810745091,0.14084665858083945,0.0,0.0,0.0,0.0,0.0
1.2604215145111084,IDLE,stop,0.0,0.0,0.5,0.0,0.0,0.0,0.001,17.0,0.00019234440404346486,-0.3354529856209645,0.04016580511327916,0.0,0.0,0.0,0.0,0.0
1.2803661823272705,IDLE,stop,0.0,0.0,0.5,0.0,0.0,0.0,0.001,17.0,0.00018948118077872315,-0.3598510056058579,0.07838371988391302,0.0,0.0,0.0,0.0,0.0
1.301133394241333,IDLE,stop,0.0,0.0,0.5,0.0,0.0,0.0,0.001,17.0,-0.0008949671177029248,-0.3359024537983757,0.06401290772485169,0.0,0.0,0.0,0.0,0.0
1.3203668594360352,IDLE,stop,0.0,0.0,0.5,0.0,0.0,0.0,0.001,17.0,-0.0019073163113801567,-0.38256360215193297,0.09303775656325541,0.0,0.0,0.0,0.0,0.0
1.3406322002410889,IDLE,stop,0.0,0.0,0.5,0.0,0.0,0.0,0.001,17.0,0.0023005945942055676,-0.29335683181274774,0.06867284643841032,0.0,0.0,0.0,0.0,0.0
1.3603835105895996,IDLE,stop,0.0,0.0,0.5,0.0,0.0,0.0,0.001,17.0,-0.0008603491444237971,-0.34069216415987214,0.03048288866881066,0.0,0.0,0.0,0.0,0.0
1.380455732345581,IDLE,stop,0.0,0.0,0.5,0.0,0.0,0.0,0.001,17.0,0.00020770137032592652,-0.35461182706695027,0.06890651580391705,0.0,0.0,0.0,0.0,0.0
1.4005012512207031,IDLE,stop,0.0,0.0,0.5,0.0,0.0,0.0,0.001,17.0,-0.0008921039594567642,-0.3548927492459697,0.09758226758038724,0.0,0.0,0.0,0.0,0.0
1.4202544689178467,IDLE,stop,0.0,0.0,0.5,0.0,0.0,0.0,0.001,17.0,0.00018557710755522823,-0.3926486608701012,0.04023195174317706,0.0,0.0,0.0,0.0,0.0
1.4403936862945557,IDLE,stop,0.0,0.0,0.5,0.0,0.0,0.0,0.0,17.0,0.00015772639825504655,-0.3453133285229768,0.07363187024538576,0.0,0.0,0.0,0.0,0.0
1.4602584838867188,IDLE,stop,0.0,0.0,0.5,0.0,0.0,0.0,0.001,17.0,-0.001944797442905445,-0.36396656851888665,0.09769844445135156,0.0,0.0,0.0,0.0,0.0
1.4804162979125977,IDLE,stop,0.0,0.0,0.5,0.0,0.0,0.0,0.001,17.0,-0.001940893467209822,-0.35010303888447325,0.054471932446418236,0.0,0.0,0.0,0.0,0.0
1.500617504119873,IDLE,stop,0.0,0.0,0.5,0.0,0.0,0.0,0.001,17.0,0.002353432854559771,-0.34097304979379217,0.06873870070751309,0.0,0.0,0.0,0.0,0.0
1.5204501152038574,IDLE,stop,0.0,0.0,0.5,0.0,0.0,0.0,0.001,17.0,0.0012632581095486394,-0.3397932643501491,0.12648931329090374,0.0,0.0,0.0,0.0,0.0
1.541320562362671,IDLE,stop,0.0,0.0,0.5,0.0,0.0,0.0,0.001,17.0,0.00017022014127276652,-0.34091687997602804,0.03522143589115956,0.0,0.0,0.0,0.0,0.0
1.5602788925170898,IDLE,stop,0.0,0.0,0.5,0.0,0.0,0.0,0.001,17.0,0.00018375473424923978,-0.3404112419808527,0.092817572339424,0.0,0.0,0.0,0.0,0.0
1.5804314613342285,IDLE,stop,0.0,0.0,0.5,0.0,0.0,0.0,0.001,17.0,-0.0008421289873858844,-0.3453133285229768,0.05926178898831225,0.0,0.0,0.0,0.0,0.0
1.6005947589874268,IDLE,stop,0.0,0.0,0.5,0.0,0.0,0.0,0.001,17.0,0.00020483814706118484,-0.3313936290707993,0.07352844761410893,0.0,0.0,0.0,0.0,0.0
1.6204125881195068,IDLE,stop,0.0,0.0,0.5,0.0,0.0,0.0,0.001,17.0,-0.003006080531129769,-0.38763423469244884,0.11213363080299033,0.0,0.0,0.0,0.0,0.0
1.6403248310089111,IDLE,stop,0.0,0.0,0.5,0.0,0.0,0.0,0.001,17.0,0.0001741242144962615,-0.3459313061536804,0.035170090026515055,0.00010677293621613737,15.677930730801902,3.979701957227516,2.758494259739702,1787259654.560914
1.6602184772491455,IDLE,stop,0.0,0.0,0.5,0.0,0.0,0.0,0.001,17.0,0.0012364482176979203,-0.3595701199719379,0.12634830402490316,0.0001816414688521718,15.67793244904674,3.979701264668075,2.758494259739702,1787259654.5766604
1.6802799701690674,IDLE,stop,0.0,0.0,0.5,0.0,0.0,0.0,0.001,17.0,0.00018271388429048652,-0.35951391360907436,0.054510852977269764,0.08267780217892337,15.673199481735386,3.9814813433714207,2.7582486480459423,1787259654.596835
1.700265645980835,IDLE,stop,0.0,0.0,0.5,0.0,0.0,0.0,0.001,17.0,0.00019520762730820652,-0.368980994696539,0.05453690963313562,0.041198282281164046,15.673203433963032,3.9814797551061196,2.7582486480459423,1787259654.6166148
1.7204616069793701,IDLE,stop,0.0,0.0,0.5,0.0,0.0,0.0,0.001,17.0,0.00022019511334364655,-0.3076136232617088,0.10701919896085421,0.020684428440775633,15.673205767536798,3.9814788168945503,2.7582486480459423,1787259654.6366162
1.740508794784546,IDLE,stop,0.0,0.0,0.5,0.0,0.0,0.0,0.001,17.0,0.00017985066102574486,-0.3870724268795094,0.0931022952087801,0.010485514853126043,15.673207262732339,3.981478215433066,2.7582486480459423,1787259654.6566534
1.7602753639221191,IDLE,stop,0.0,0.0,0.5,0.0,0.0,0.0,0.001,17.0,0.00018271388429048652,-0.3075574168988453,0.04476178990290336,0.005393784095291322,15.673208266562584,3.9814778114260005,2.7582486480459423,1787259654.6766014
1.7802677154541016,IDLE,stop,0.0,0.0,0.5,0.0,0.0,0.0,0.001,17.0,-0.0008978304059862476,-0.3260983172592269,0.05927406814170766,0.09247247530116073,15.678121575367532,3.979400744566431,2.7582985545134395,1787259654.696636
1.8002524375915527,IDLE,stop,0.0,0.0,0.5,0.0,0.0,0.0,0.001,17.0,0.00017985066102574486,-0.37438868268873904,0.04960544083110108,0.04596850739896172,15.678120974496428,3.979400987219769,2.75829855451344,1787259654.7166066
1.8202672004699707,IDLE,stop,0.0,0.0,0.5,0.0,0.0,0.0,0.001,17.0,-0.0008796102489483351,-0.3544433176136579,0.13121543517945966,0.023027332859499552,15.67812026626434,3.9794012730028014,2.7582985545134404,1787259654.736615
1.8404626846313477,IDLE,stop,0.0,0.0,0.5,0.0,0.0,0.0,0.002,17.0,-0.001935166890643176,-0.3736583288774078,0.04019273885153041,0.011654675162817513,15.6781195963157,3.9794015432595624,2.7582985545134404,1787259654.756617
1.8604331016540527,IDLE,stop,0.0,0.0,0.5,0.0,0.0,0.0,0.001,17.0,0.0012393115059812433,-0.3312250830724075,0.06877703651677436,0.02923116555531201,15.677330591074936,3.9796429819058274,2.758549328974569,1787259654.7786279
1.880223035812378,IDLE,stop,0.0,0.0,0.5,0.0,0.0,0.0,0.001,17.0,0.0012393115059812433,-0.3643036239705708,0.08804116439410592,0.01434524608979504,15.677330561457335,3.97964299361547,2.758549328974569,1787259654.7966263
1.9003877639770508,IDLE,stop,0.0,0.0,0.5,0.0,0.0,0.0,0.001,17.0,-0.001950524019472091,-0.35416239543463846,0.10253964685789008,0.007044800600254714,15.677330547442272,3.979642999141176,2.758549328974569,1787259654.8165941
1.920252799987793,IDLE,stop,0.0,0.0,0.5,0.0,0.0,0.0,0.001,17.0,-0.0008728428549322264,-0.341422481426104,0.05426567190545484,0.003463852414649741,15.677330547786399,3.9796429989339295,2.758549328974569,1787259654.836654
1.940664529800415,IDLE,stop,0.0,0.0,0.5,0.0,0.0,0.0,0.0,17.0,0.001267162215281425,-0.3687562788803831,0.12643871660079675,0.001705886380297128,15.677330549164134,3.9796429983417636,2.758549328974569,1787259654.8565564
1.960237979888916,IDLE,stop,0.0,0.0,0.5,0.0,0.0,0.0,0.001,17.0,-0.0008353617234069384,-0.34520095234234915,0.04491750857140886,0.012300535043240853,15.676955651051877,3.9797067188650126,2.7584615527188174,1787259654.8778796
1.9808349609375,IDLE,stop,0.0,0.0,0.5,0.0,0.0,0.0,0.0,17.0,-0.0008632123026699574,-0.34497623652619325,0.07849912930779013,0.006137459484181337,15.676955437485573,3.979706805115025,2.7584615527188174,1787259654.8966062
2.0004937648773193,IDLE,stop,0.0,0.0,0.5,0.0,0.0,0.0,0.002,17.0,-0.0008853366954778184,-0.3783918694211401,0.06415587215366969,0.003087261127104505,15.676955380288176,3.9797068282648835,2.7584615527188174,1787259654.9168186
2.020418405532837,IDLE,stop,0.0,0.0,0.5,0.0,0.0,0.0,0.001,17.0,0.0012700253735275855,-0.33623950925005985,0.08309573536410397,0.0015749518854448036,15.676955407823222,3.979706817220544,2.7584615527188174,1787259654.9365857
2.042149543762207,IDLE,stop,0.0,0.0,0.5,0.0,0.0,0.0,0.001,17.0,-0.001950524019472091,-0.35867125670731426,0.11218422749309731,0.0008180013626245038,15.676955454720405,3.979706798348369,2.7584615527188174,1787259654.9565775
2.060492753982544,IDLE,stop,0.0,0.0,0.5,0.0,0.0,0.0,0.001,17.0,0.0033754126004992718,-0.34565038397466097,0.03523448249164218,0.0004360349786281133,15.676955504974776,3.979706778109806,2.7584615527188174,1787259654.976774
2.0804877281188965,IDLE,stop,0.0,0.0,0.5,0.0,0.0,0.0,0.001,17.0,0.00019234440404346486,-0.3546680334298138,0.07368365465122295,0.032186047084073945,15.67505681668454,3.980370243055448,2.758377388316516,1787259654.996792
2.1005163192749023,IDLE,stop,0.0,0.0,0.5,0.0,0.0,0.0,0.001,17.0,-0.0008824734071944954,-0.3500468690667091,0.06406483831108645,0.016228916303623196,15.675056863366688,3.980370225734532,2.7583773883165157,1787259655.0167894
2.12043833732605,IDLE,stop,0.0,0.0,0.5,0.0,0.0,0.0,0.001,17.0,0.00020197492379644315,-0.378335699603376,0.06895877529604633,0.008298204295104349,15.675057226282135,3.980370080251959,2.7583773883165152,1787259655.0366056
2.141444444656372,IDLE,stop,0.0,0.0,0.5,0.0,0.0,0.0,0.001,17.0,0.0001866179575139815,-0.3218142083478064,0.10226826294981173,0.004321009038477232,15.675057616999819,3.980369923189879,2.7583773883165152,1787259655.0565584
2.160414457321167,IDLE,stop,0.0,0.0,0.5,0.0,0.0,0.0,0.002,17.0,-0.0019380303089636616,-0.37354598924187954,0.06895862911564876,0.0022952740491357657,15.675057951947105,3.980369788407269,2.7583773883165152,1787259655.0766056
2.1802570819854736,IDLE,stop,0.0,0.0,0.5,0.0,0.0,0.0,0.001,17.0,0.00018271388429048652,-0.3830692401471083,0.09292190859818561,0.060062607824938136,15.67822443777296,3.979013910389567,2.75838363907553,1787259655.096613
2.2007956504821777,IDLE,stop,0.0,0.0,0.5,0.0,0.0,0.0,0.001,17.0,-0.0008546226978943137,-0.35433094143303023,0.04502078502228812,0.030101010470526653,15.678224065312502,3.9790140602846216,2.7583836390755305,1787259655.1165586
2.2246267795562744,IDLE,stop,0.0,0.0,0.5,0.0,0.0,0.0,0.0,17.0,0.0012603948212653164,-0.35973866597032966,0.02571923496318007,0.015247359063075323,15.678223540320655,3.9790142717870656,2.7583836390755305,1787259655.1366382
2.240421772003174,IDLE,stop,0.0,0.0,0.5,0.0,0.0,0.0,0.0,17.0,0.0012546685047729958,-0.33601479343390395,0.09751730866621955,0.007846636032149057,15.678222940053782,3.9790145136996435,2.7583836390755305,1787259655.156626
2.2604215145111084,IDLE,stop,0.0,0.0,0.5,0.0,0.0,0.0,0.001,17.0,0.0012421747942645664,-0.35928919779291846,0.07372242900167691,0.004243996995906857,15.67822239569356,3.9790147331092474,2.7583836390755305,1787259655.177894
2.281934976577759,IDLE,stop,0.0,0.0,0.5,0.0,0.0,0.0,0.001,17.0,0.00019234440404346486,-0.3408606736131645,0.0735544677248754,0.0022861616332871546,15.678222625662313,3.979014640377164,2.7583836390755305,1787259655.198239
2.3004376888275146,IDLE,stop,0.0,0.0,0.5,0.0,0.0,0.0,0.001,17.0,0.00018948118077872315,-0.3313936290707993,0.06873840834671796,0.048152803447908746,15.68057684364077,3.9779868796243574,2.7583247967866336,1787259655.216593
2.3202521800994873,IDLE,stop,0.0,0.0,0.5,0.0,0.0,0.0,0.001,17.0,-0.0008699796966860659,-0.36819447106744363,0.08345727603238018,0.02401471088995446,15.680577160462411,3.977986750979263,2.7583247967866336,1787259655.2374096
2.3403916358947754,IDLE,stop,0.0,0.0,0.5,0.0,0.0,0.0,0.001,17.0,0.0012546685047729958,-0.34097304979379217,0.04478861400585643,0.012111480451077931,15.68057639470051,3.977987059237117,2.7583247967866336,1787259655.2565715
2.360487937927246,IDLE,stop,0.0,0.0,0.5,0.0,0.0,0.0,0.002,17.0,-0.0008853366954778184,-0.35461182706695027,0.11680674402487945,0.19012316478225744,15.675487502719955,3.979917603588734,2.758302815267395,1787259655.2780015
2.380524158477783,IDLE,stop,0.0,0.0,0.5,0.0,0.0,0.0,0.001,17.0,0.00017985066102574486,-0.34542566815850506,0.10234625019191235,0.0942562933983063,15.675487334881009,3.9799176729389365,2.758302815267395,1787259655.2967818
2.400421380996704,IDLE,stop,0.0,0.0,0.5,0.0,0.0,0.0,0.001,17.0,-0.0008796102489483351,-0.3551174650621256,0.07837070982852978,0.04694673618719858,15.675487443844958,3.9799176298937207,2.758302815267395,1787259655.3165858
2.4203875064849854,IDLE,stop,0.0,0.0,0.5,0.0,0.0,0.0,0.0,17.0,-0.0019169468636424257,-0.3828445243309524,0.0738133166638626,0.02357636711484637,15.675487442004178,3.9799176311193283,2.758302815267395,1787259655.3365853
2.4402809143066406,IDLE,stop,0.0,0.0,0.5,0.0,0.0,0.0,0.001,17.0,-0.001950524019472091,-0.35094573233133275,0.07343891212060072,0.011986518598488248,15.675487775777741,3.979917496803729,2.758302815267395,1787259655.3565784
2.4602625370025635,IDLE,stop,0.0,0.0,0.5,0.0,0.0,0.0,0.002,17.0,0.00015772639825504655,-0.36841918688359954,0.11693593095122701,0.11397099143677931,15.678847435256701,3.9785066555528754,2.7583440648393402,1787259655.3778746
2.48077654838562,IDLE,stop,0.0,0.0,0.5,0.0,0.0,0.0,0.001,17.0,-0.0008881998537239787,-0.364753092147982,0.05440801506758319,0.05665174224327547,15.678848405786823,3.978506265451847,2.75834406483934,1787259655.3966687
2.5003271102905273,IDLE,stop,0.0,0.0,0.5,0.0,0.0,0.0,0.001,17.0,0.0002230583366083882,-0.36948659614661494,0.08795119035940502,0.028345355029578616,15.678848331198447,3.9785062961893307,2.7583440648393394,1787259655.4166179
2.5202481746673584,IDLE,stop,0.0,0.0,0.5,0.0,0.0,0.0,0.0,17.0,0.00019520762730820652,-0.33094419743848746,0.10716156039553226,0.014339070516591718,15.678848036097953,3.978506415535869,2.7583440648393394,1787259655.4368112
2.540436267852783,IDLE,stop,0.0,0.0,0.5,0.0,0.0,0.0,0.001,17.0,-0.0008728428549322264,-0.39726982523320586,0.06422084934038708,0.007360949673712508,15.678847561777204,3.9785066069765853,2.7583440648393394,1787259655.4566112
2.5603370666503906,IDLE,stop,0.0,0.0,0.5,0.0,0.0,0.0,0.001,17.0,0.00019520762730820652,-0.32643537271091105,0.07356689305866837,0.05531980426680426,15.677254022181378,3.979042209679243,2.758416100241997,1787259655.47799
2.5802512168884277,IDLE,stop,0.0,0.0,0.5,0.0,0.0,0.0,0.0,17.0,0.0012728886618109084,-0.3164626901733705,0.07365672091297171,0.027426664016481746,15.677253789551145,3.979042302452485,2.7584161002419973,1787259655.4969075
2.6003713607788086,IDLE,stop,0.0,0.0,0.5,0.0,0.0,0.0,0.001,17.0,-0.0019380303089636616,-0.3696551421450067,0.08312255946705704,0.013671627213708229,15.677253914585727,3.9790422515001715,2.7584161002419973,1787259655.5166326
2.620436668395996,IDLE,stop,0.0,0.0,0.5,0.0,0.0,0.0,0.001,17.0,0.0012450379525107266,-0.3350597603515162,0.08815609873169095,0.0068747928299236144,15.677254099386392,3.9790421767037825,2.7584161002419973,1787259655.5365849
2.6410093307495117,IDLE,stop,0.0,0.0,0.5,0.0,0.0,0.0,0.001,17.0,0.0012700253735275855,-0.35990717542362205,0.025680606793123673,0.00349810845641768,15.677254294207863,3.9790420980042183,2.7584161002419973,1787259655.5565805
2.6604788303375244,IDLE,stop,0.0,0.0,0.5,0.0,0.0,0.0,0.001,17.0,0.00015486317499030486,-0.3212524005348669,0.11676705604694071,0.012694077627430208,15.677552621080777,3.978870191131835,2.7585117033455817,1787259655.5778313
2.680241346359253,IDLE,stop,0.0,0.0,0.5,0.0,0.0,0.0,0.001,17.0,0.00017985066102574486,-0.35945774379131024,0.0593137561196464,0.006252723020108622,15.677552641139119,3.9788701831901667,2.7585117033455817,1787259655.596934
2.7003772258758545,IDLE,stop,0.0,0.0,0.5,0.0,0.0,0.0,0.001,17.0,-0.0019323037323970157,-0.3498221167054538,0.07369640889091045,0.003088527569022377,15.677552628875787,3.9788701882101734,2.7585117033455817,1787259655.616688
2.7202584743499756,IDLE,stop,0.0,0.0,0.5,0.0,0.0,0.0,0.001,17.0,-0.0019380303089636616,-0.33156217506919106,0.06869978017666156,0.0015316557967782818,15.677552608495693,3.9788701964660644,2.7585117033455817,1787259655.6366158
2.740309715270996,IDLE,stop,0.0,0.0,0.5,0.0,0.0,0.0,0.001,17.0,0.0012325442420022975,-0.3634609670688107,0.1073943526786536,0.0007641510266183471,15.677552585728419,3.978870205664658,2.7585117033455817,1787259655.6565704
2.760387897491455,IDLE,stop,0.0,0.0,0.5,0.0,0.0,0.0,0.001,17.0,0.00021733189007890484,-0.3318430607031111,0.025525217030512692,0.00038274207541153063,15.677552584812439,3.9788702060467886,2.7585117033455817,1787259655.6776075
2.7805016040802,IDLE,stop,0.0,0.0,0.5,0.0,0.0,0.0,0.001,17.0,0.00019807085057294823,-0.35478037306534205,0.0592878821892775,0.07351549467038077,15.67385416650082,3.980267047778174,2.7581881216321564,1787259655.696561
2.8011627197265625,IDLE,stop,0.0,0.0,0.5,0.0,0.0,0.0,0.001,17.0,-0.0008824734071944954,-0.34074833397763626,0.059210150762872615,0.03677100322450874,15.673854619293689,3.9802668731993633,2.7581881216321564,1787259655.7165625
2.8204009532928467,IDLE,stop,0.0,0.0,0.5,0.0,0.0,0.0,0.001,17.0,0.0012728886618109084,-0.34108538942932043,0.08308301766951587,0.018577737212007728,15.673855317193258,3.9802665960638834,2.7581881216321564,1787259655.7365577
2.848568916320801,IDLE,stop,0.0,0.0,0.5,0.0,0.0,0.0,0.001,17.0,-0.0008728428549322264,-0.36802596161415124,0.06912582294536307,0.009518509542524102,15.673856001875858,3.980266322273826,2.7581881216321564,1787259655.7565615
2.8603262901306152,IDLE,stop,0.0,0.0,0.5,0.0,0.0,0.0,0.001,17.0,0.0012546685047729958,-0.3077821327150012,0.07345042382690892,0.19042182195446083,15.67897125291282,3.978135553961213,2.7582758661730677,1787259655.7783892
2.8804423809051514,IDLE,stop,0.0,0.0,0.5,0.0,0.0,0.0,0.001,17.0,0.0012546685047729958,-0.3594015739735461,0.06890666198431461,0.0943931021110797,15.678970416613629,3.9781358920626135,2.758275866173068,1787259655.7965953
2.900425910949707,IDLE,stop,0.0,0.0,0.5,0.0,0.0,0.0,0.001,17.0,-0.001950524019472091,-0.35951391360907436,0.0640908949669523,0.04700389869504042,15.678969510288812,3.978136258017628,2.758275866173068,1787259655.8166263
2.9202632904052734,IDLE,stop,0.0,0.0,0.5,0.0,0.0,0.0,0.001,17.0,0.0001866179575139815,-0.3792345628679996,0.030432602612048498,0.023591018326094802,15.678968607058227,3.9781366225143526,2.758275866173068,1787259655.8368192
2.9408392906188965,IDLE,stop,0.0,0.0,0.5,0.0,0.0,0.0,0.001,17.0,0.00018271388429048652,-0.34987832306831734,0.10721367370726398,0.011984509957151565,15.678967765943433,3.9781369618464635,2.758275866173068,1787259655.8566144
2.960240125656128,IDLE,stop,0.0,0.0,0.5,0.0,0.0,0.0,0.001,17.0,0.00018557710755522823,-0.4022280815930941,0.07855244860780175,0.006170098121331557,15.678967075194528,3.978137240477973,2.758275866173068,1787259655.876615
2.9804701805114746,IDLE,stop,0.0,0.0,0.5,0.0,0.0,0.0,0.001,17.0,0.00020483814706118484,-0.35906448197676255,0.09293404157118346,0.0217823739187189,15.677949981427137,3.978507907392588,2.7582508228883102,1787259655.8966722
3.0004594326019287,IDLE,stop,0.0,0.0,0.5,0.0,0.0,0.0,0.001,17.0,-0.0008978304059862476,-0.34520095234234915,0.05928755328338298,0.010736345119164947,15.677949967159755,3.978507913179451,2.7582508228883102,1787259655.9165902
3.0204010009765625,IDLE,stop,0.0,0.0,0.5,0.0,0.0,0.0,0.002,17.0,0.001220050531493868,-0.35055247051678506,0.0543689483563341,0.0053080707695317845,15.677949957064936,3.9785079172684297,2.7582508228883102,1787259655.9366274
3.0404975414276123,IDLE,stop,0.0,0.0,0.5,0.0,0.0,0.0,0.001,17.0,-0.0019226731801347467,-0.34965360725216144,0.11684520774198859,0.0026369325968687925,15.677949981854464,3.978507907281028,2.7582508228883102,1787259655.956595
3.0602524280548096,IDLE,stop,0.0,0.0,0.5,0.0,0.0,0.0,0.002,17.0,0.0023323496693128604,-0.3646968857851185,0.01131070826154712,0.0013199721897364227,15.677950016247399,3.9785078934161997,2.7582508228883102,1787259655.9765887
3.0804290771484375,IDLE,stop,0.0,0.0,0.5,0.0,0.0,0.0,0.001,17.0,0.0012632581095486394,-0.3598510056058579,0.08796376187359556,0.07087814206156874,15.67414430819212,3.979930375311594,2.7582117131141874,1787259655.9965909
3.1004340648651123,IDLE,stop,0.0,0.0,0.5,0.0,0.0,0.0,0.001,17.0,0.0012354074002484579,-0.35990717542362205,0.08316089527631831,0.03561472113975736,15.674144378020019,3.979930348329287,2.7582117131141883,1787259656.0167575
3.1204750537872314,IDLE,stop,0.0,0.0,0.5,0.0,0.0,0.0,0.001,17.0,0.0012354074002484579,-0.3828445243309524,0.059443235406789086,0.018124925386900446,15.674144743238099,3.9799302016750464,2.758211713114189,1787259656.0368474
3.1407179832458496,IDLE,stop,0.0,0.0,0.5,0.0,0.0,0.0,0.001,17.0,-0.0019226731801347467,-0.3316745147047193,0.05909401043700768,0.00939497848422022,15.67414559335321,3.9799298591500856,2.758211713114189,1787259656.0566144
3.1605024337768555,IDLE,stop,0.0,0.0,0.5,0.0,0.0,0.0,0.001,17.0,0.00018271388429048652,-0.3395685485339932,0.12175080261365423,0.12056197377665638,15.677722561745611,3.9784268190210823,2.7581996717450816,1787259656.07783
3.1804096698760986,IDLE,stop,0.0,0.0,0.5,0.0,0.0,0.0,0.0,17.0,0.0012354074002484579,-0.36419128433504255,0.0976469524063095,0.0599658157420153,15.677723137935612,3.978426586043719,2.7581996717450807,1787259656.0966277
3.200397491455078,IDLE,stop,0.0,0.0,0.5,0.0,0.0,0.0,0.002,17.0,0.00017985066102574486,-0.35461182706695027,0.07848655779359959,0.030001523581897723,15.677723367925852,3.9784264929726163,2.7581996717450803,1787259656.116588
3.2204349040985107,IDLE,stop,0.0,0.0,0.5,0.0,0.0,0.0,0.001,17.0,-0.0008949671177029248,-0.3736583288774078,0.05935282283089549,0.015166608688806931,15.677723532384864,3.978426426473122,2.75819967174508,1787259656.1366274
3.244417905807495,IDLE,stop,0.0,0.0,0.5,0.0,0.0,0.0,0.0,17.0,0.0012757519500942313,-0.326940974160987,0.11177121305232873,0.007792869494862903,15.677723301065608,3.97842651968349,2.75819967174508,1787259656.156578
3.2604780197143555,IDLE,stop,0.0,0.0,0.5,0.0,0.0,0.0,0.001,17.0,-0.0019419342846592846,-0.38718480306013703,0.09786655190855065,0.07084898796110922,15.67976206060541,3.977539224735789,2.758147486180482,1787259656.1778202
3.280250310897827,IDLE,stop,0.0,0.0,0.5,0.0,0.0,0.0,0.001,17.0,-0.0008546226978943137,-0.34114159579218395,0.04953998855809161,0.0355864995983116,15.679762989672913,3.9775388481870393,2.758147486180482,1787259656.1966193
3.300297498703003,IDLE,stop,0.0,0.0,0.5,0.0,0.0,0.0,0.0,17.0,-0.0008728428549322264,-0.36441600015119846,0.0544852348625966,0.018071622733456385,15.679762946292554,3.977538864718778,2.758147486180482,1787259656.2166233
3.3204281330108643,IDLE,stop,0.0,0.0,0.5,0.0,0.0,0.0,0.001,17.0,0.00018557710755522823,-0.34007418652916854,0.08331475014475487,0.009337593306949062,15.67976257071006,3.977539015699377,2.758147486180482,1787259656.2366288
3.340590476989746,IDLE,stop,0.0,0.0,0.5,0.0,0.0,0.0,0.001,17.0,0.0001741242144962615,-0.35500508888149795,0.030496227630088413,0.004919314593762387,15.679762357342156,3.977539101489885,2.758147486180482,1787259656.2566152
3.360496759414673,IDLE,stop,0.0,0.0,0.5,0.0,0.0,0.0,0.001,17.0,-0.0008642532501565827,-0.3356777379822198,0.11196462799085616,0.00266911079551454,15.679762309432476,3.9775391206630935,2.758147486180482,1787259656.276784
3.380443811416626,IDLE,stop,0.0,0.0,0.5,0.0,0.0,0.0,0.001,17.0,0.0002230583366083882,-0.33623950925005985,0.05435560939505635,0.08096323036996188,15.675264476381402,3.9792435751164357,2.758240528796554,1787259656.2966287
3.400439739227295,IDLE,stop,0.0,0.0,0.5,0.0,0.0,0.0,0.001,17.0,-0.001919810021888586,-0.3597948357880938,0.07360658103660711,0.040576727537076945,15.675264111154128,3.9792437196595967,2.758240528796554,1787259656.3166082
3.4204654693603516,IDLE,stop,0.0,0.0,0.5,0.0,0.0,0.0,0.001,17.0,0.00019234440404346486,-0.3730965576095677,0.08343165791770701,0.020564236304516356,15.67526445541392,3.9792435792887564,2.758240528796554,1787259656.3366253
3.440702199935913,IDLE,stop,0.0,0.0,0.5,0.0,0.0,0.0,0.001,17.0,-0.001940893467209822,-0.3267724647076946,0.059119592006581456,0.01058880523559375,15.675265048954587,3.9792433390655777,2.758240528796554,1787259656.3566315
3.4604718685150146,IDLE,stop,0.0,0.0,0.5,0.0,0.0,0.0,0.001,17.0,0.002313088564788322,-0.33043855944331213,0.14559761286443162,0.005571573684598763,15.67526564989995,3.9792430962351006,2.758240528796554,1787259656.3767269
3.4803969860076904,IDLE,stop,0.0,0.0,0.5,0.0,0.0,0.0,0.0,17.0,0.00017698743776100315,-0.359626289789702,0.04969508595990746,0.014574021620330668,15.67589461729521,3.978960353159005,2.758105407587645,1787259656.3965816
3.500446319580078,IDLE,stop,0.0,0.0,0.5,0.0,0.0,0.0,0.001,17.0,0.00019807085057294823,-0.35478037306534205,0.10718807386514051,0.007192394930219313,15.67589458860821,3.978960364946708,2.758105407587645,1787259656.4165862
3.5204434394836426,IDLE,stop,0.0,0.0,0.5,0.0,0.0,0.0,0.001,17.0,0.00019234440404346486,-0.3360709632516681,0.05918427683250371,0.0035628617740975396,15.67589457426124,3.9789603708508277,2.758105407587645,1787259656.436619
3.544919013977051,IDLE,stop,0.0,0.0,0.5,0.0,0.0,0.0,0.0,17.0,-0.0009006935642324081,-0.36312387507202715,0.09789154875653416,0.0017754136831494318,15.675894590991145,3.9789603641661877,2.758105407587645,1787259656.4565642
3.56024169921875,IDLE,stop,0.0,0.0,0.5,0.0,0.0,0.0,0.001,17.0,0.0012296809537189744,-0.32688480434322287,0.05430382498921915,0.13403583085658893,15.680009068729161,3.9772146489505786,2.7583540141047496,1787259656.4779294
3.580535888671875,IDLE,stop,0.0,0.0,0.5,0.0,0.0,0.0,0.001,17.0,0.0012642990570352647,-0.3502153785200015,0.04965616542905593,0.06702219323685109,15.680010562216351,3.977214058499463,2.7583540141047513,1787259656.496786
3.6004300117492676,IDLE,stop,0.0,0.0,0.5,0.0,0.0,0.0,0.0,17.0,-0.0019669217056761433,-0.3547242032475779,0.0545107067968722,0.033824024967864796,15.680010453524954,3.9772141087813613,2.7583540141047522,1787259656.516619
3.6204257011413574,IDLE,stop,0.0,0.0,0.5,0.0,0.0,0.0,0.001,17.0,0.00020483814706118484,-0.34536949834074093,0.08319904836008263,0.01731000178518639,15.680009994749147,3.9772142973106956,2.7583540141047527,1787259656.537157
3.6415634155273438,IDLE,stop,0.0,0.0,0.5,0.0,0.0,0.0,0.001,17.0,0.00020197492379644315,-0.3781109837872201,0.0690102673410884,0.009020682092522152,15.680009501231453,3.977214498183828,2.758354014104753,1787259656.5565627
3.660496473312378,IDLE,stop,0.0,0.0,0.5,0.0,0.0,0.0,0.001,17.0,-0.0019572911534138744,-0.3264915425286752,0.05439394520431762,0.07646561189107627,15.677921763226179,3.978003401097606,2.758375226915852,1787259656.578117
3.6804590225219727,IDLE,stop,0.0,0.0,0.5,0.0,0.0,0.0,0.001,17.0,0.0012575316630191562,-0.34475152071003734,0.0785506213528322,0.03790881796341952,15.677920793308637,3.978003791127279,2.758375226915851,1787259656.5967925
3.7002241611480713,IDLE,stop,0.0,0.0,0.5,0.0,0.0,0.0,0.0,17.0,-0.0019380303089636616,-0.35951391360907436,0.07367093695663485,0.018907567592864685,15.677920552562451,3.9780038876300634,2.7583752269158506,1787259656.6166022
3.7204132080078125,IDLE,stop,0.0,0.0,0.5,0.0,0.0,0.0,0.001,17.0,-0.0008478554339153676,-0.3359586236161398,0.06879004657215759,0.009510438791802847,15.677920570812809,3.978003879965385,2.75837522691585,1787259656.6368985
3.7426655292510986,IDLE,stop,0.0,0.0,0.5,0.0,0.0,0.0,0.001,17.0,0.0012728886618109084,-0.35912068833962607,0.11208124340301318,0.004849856209995667,15.67792079329275,3.978003790103394,2.75837522691585,1787259656.6566126
3.7606263160705566,IDLE,stop,0.0,0.0,0.5,0.0,0.0,0.0,0.001,17.0,0.00019520762730820652,-0.35500508888149795,0.05444635087684446,0.19207226311469536,15.674107620665142,3.9794174012154757,2.7582773551651276,1787259656.6780388
3.7804763317108154,IDLE,stop,0.0,0.0,0.5,0.0,0.0,0.0,0.001,17.0,0.0012575316630191562,-0.38802745996189714,0.07372334262916169,0.09481704945708484,15.674108315003828,3.979417123928548,2.758277355165128,1787259656.6983454
3.800328493118286,IDLE,stop,0.0,0.0,0.5,0.0,0.0,0.0,0.001,17.0,0.00018271388429048652,-0.33584624743551217,0.054445729610154814,0.047047455906083654,15.674109259404657,3.9794167445670747,2.758277355165128,1787259656.716576
3.8202645778656006,IDLE,stop,0.0,0.0,0.5,0.0,0.0,0.0,0.001,17.0,-0.0008574859861776367,-0.3555668966944374,0.07826768919334626,0.023455973238411233,15.674110018507335,3.9794164392595337,2.758277355165128,1787259656.736833
3.840603828430176,IDLE,stop,0.0,0.0,0.5,0.0,0.0,0.0,0.001,17.0,-0.0008699796966860659,-0.34926034543761375,0.12172534895192832,0.011800528226743946,15.674110704004345,3.979416163268877,2.758277355165128,1787259656.7565763
3.86040997505188,IDLE,stop,0.0,0.0,0.5,0.0,0.0,0.0,0.001,17.0,0.002313088564788322,-0.3408045037954004,0.02087711892915678,0.21723863731020834,15.677548657681305,3.9779895962754837,2.758330572460598,1787259656.777707
3.8804264068603516,IDLE,stop,0.0,0.0,0.5,0.0,0.0,0.0,0.001,17.0,-0.003006080531129769,-0.34024269598246093,0.11680628721113706,0.10669133164012917,15.677548185859814,3.9779897868414245,2.758330572460598,1787259656.796555
3.900303363800049,IDLE,stop,0.0,0.0,0.5,0.0,0.0,0.0,0.001,17.0,-0.0008699796966860659,-0.3597948357880938,0.08797666229368062,0.052451238597432885,15.67754780367327,3.97798994111577,2.758330572460598,1787259656.816576
3.920301675796509,IDLE,stop,0.0,0.0,0.5,0.0,0.0,0.0,0.001,17.0,0.00016735691800802484,-0.3736583288774078,0.05935282283089549,0.02582975744165236,15.67754750240623,3.9779900626828377,2.758330572460598,1787259656.8366232
3.940492868423462,IDLE,stop,0.0,0.0,0.5,0.0,0.0,0.0,0.001,17.0,0.00018271388429048652,-0.33646422506621576,0.07825424059677033,0.012752956748515457,15.677547255249388,3.977990162389075,2.758330572460598,1787259656.8565934
3.9604170322418213,IDLE,stop,0.0,0.0,0.5,0.0,0.0,0.0,0.001,17.0,0.0012450379525107266,-0.38718480306013703,0.09786655190855065,0.006320600938657673,15.677547072864202,3.9779902359556227,2.758330572460598,1787259656.8766444
3.980255603790283,IDLE,stop,0.0,0.0,0.5,0.0,0.0,0.0,0.001,17.0,0.0012700253735275855,-0.34948506125376966,0.12646385962917783,0.03971056500816191,15.679486612290868,3.9771262535902663,2.7581113608586816,1787259656.8966007
4.000456809997559,IDLE,stop,0.0,0.0,0.5,0.0,0.0,0.0,0.001,17.0,0.0012632581095486394,-0.33584624743551217,0.04486568762047227,0.01989388152158916,15.679486421903098,3.9771263271860198,2.7581113608586816,1787259656.9166026
4.020428419113159,IDLE,stop,0.0,0.0,0.5,0.0,0.0,0.0,0.001,17.0,0.00022019511334364655,-0.38379955741334015,0.059224366806535755,0.01006974952105298,15.679486057799565,3.97712647231531,2.7581113608586816,1787259656.936582
4.041464805603027,IDLE,stop,0.0,0.0,0.5,0.0,0.0,0.0,0.001,17.0,-0.0019380303089636616,-0.34052361816148036,0.09279180804435327,0.005176272214534874,15.679485668678783,3.9771266283341506,2.7581113608586816,1787259656.9565582
4.060453414916992,IDLE,stop,0.0,0.0,0.5,0.0,0.0,0.0,0.002,17.0,0.0012700253735275855,-0.373208897245096,0.05466580419868805,0.16800291372239584,15.67529847758094,3.9787107577264242,2.7584461867779386,1787259656.977719
4.080506324768066,IDLE,stop,0.0,0.0,0.5,0.0,0.0,0.0,0.001,17.0,-0.0008824734071944954,-0.3267724647076946,0.07348967326365496,0.0831867172591345,15.67529879528195,3.978710619782646,2.7584461867779386,1787259656.9965813
4.100452184677124,IDLE,stop,0.0,0.0,0.5,0.0,0.0,0.0,0.001,17.0,0.00019911170053170147,-0.35945774379131024,0.08326387936640245,0.04138628013909303,15.675299489491193,3.978710334545972,2.7584461867779386,1787259657.0165932
4.120445013046265,IDLE,stop,0.0,0.0,0.5,0.0,0.0,0.0,0.001,17.0,0.00020770137032592652,-0.3493165152553779,0.06902221758858929,0.020747080216973697,15.675300248911768,3.9787100254712127,2.7584461867779386,1787259657.0365813
4.145886659622192,IDLE,stop,0.0,0.0,0.5,0.0,0.0,0.0,0.001,17.0,0.0023380759858051808,-0.3408606736131645,0.049604381023218735,0.010515315141518263,15.675300930168982,3.978709749243137,2.7584461867779386,1787259657.0566
4.160513162612915,IDLE,stop,0.0,0.0,0.5,0.0,0.0,0.0,0.001,17.0,0.0012575316630191562,-0.33049476580617565,0.10247454176332482,0.043744784197275385,15.676471730083497,3.978199492479336,2.7581665254867076,1787259657.0777872
4.18046498298645,IDLE,stop,0.0,0.0,0.5,0.0,0.0,0.0,0.001,17.0,-0.0008728428549322264,-0.30699564563100523,0.11195083221583602,0.021617914990894282,15.676471814800372,3.9781994566796195,2.7581665254867076,1787259657.0965848
4.200444221496582,IDLE,stop,0.0,0.0,0.5,0.0,0.0,0.0,0.001,17.0,-0.0019380303089636616,-0.3498221167054538,0.06890636962351948,0.010725645748105011,15.676471747080692,3.9781994831017675,2.7581665254867076,1787259657.1165733
4.22043251991272,IDLE,stop,0.0,0.0,0.5,0.0,0.0,0.0,0.0,17.0,0.0012575316630191562,-0.3591768581573902,0.07374819329674764,0.005355098083414098,15.676471637645038,3.9781995267543144,2.7581665254867076,1787259657.1365921
4.241375923156738,IDLE,stop,0.0,0.0,0.5,0.0,0.0,0.0,0.001,17.0,0.0012518052164896727,-0.31257184307649766,0.0686605672850149,0.00269863670083206,15.676471515495455,3.978199575757176,2.7581665254867076,1787259657.156556
4.260415554046631,IDLE,stop,0.0,0.0,0.5,0.0,0.0,0.0,0.001,17.0,0.0023073619882216763,-0.3826198085147965,0.1169749976624761,0.12198492880576951,15.680173484784337,3.9766844395955525,2.758609377833622,1787259657.177843
4.280519723892212,IDLE,stop,0.0,0.0,0.5,0.0,0.0,0.0,0.001,17.0,-0.002997490796316963,-0.33156217506919106,0.05911973818697902,0.061163117859514456,15.680174975846326,3.97668386064065,2.758609377833626,1787259657.1965601
4.300397634506226,IDLE,stop,0.0,0.0,0.5,0.0,0.0,0.0,0.001,17.0,0.00018271388429048652,-0.35990717542362205,0.10711098197797497,0.030980505859219847,15.680174979628026,3.9766838711106045,2.7586093778336283,1787259657.216567
4.3204734325408936,IDLE,stop,0.0,0.0,0.5,0.0,0.0,0.0,0.001,17.0,0.00125076439904021,-0.3310003672562516,0.073618531284108,0.01594301947689349,15.680174419302878,3.9766841034561318,2.7586093778336296,1787259657.2366154
4.340491771697998,IDLE,stop,0.0,0.0,0.5,0.0,0.0,0.0,0.001,17.0,-0.0008382248816530988,-0.3971012792348141,0.06904948023273505,0.008361389111180475,15.680174074459432,3.9766842459022302,2.75860937783363,1787259657.2565908
4.3602614402771,IDLE,stop,0.0,0.0,0.5,0.0,0.0,0.0,0.001,17.0,-0.0019476606011516052,-0.2982027119920083,0.05908005020904028,0.004514164849253389,15.680173897123934,3.976684319248454,2.7586093778336305,1787259657.2765975
4.380486249923706,IDLE,stop,0.0,0.0,0.5,0.0,0.0,0.0,0.001,17.0,0.0012882456606026608,-0.3171930439847017,0.04474921838871282,0.040951896953269944,15.677992246073133,3.977505672259494,2.7584724551819573,1787259657.296538
4.40024995803833,IDLE,stop,0.0,0.0,0.5,0.0,0.0,0.0,0.001,17.0,0.0012700253735275855,-0.3738268748757996,0.08326431790759514,0.020353220552176882,15.677992163629149,3.9775057062853167,2.7584724551819564,1787259657.3165793
4.420348644256592,IDLE,stop,0.0,0.0,0.5,0.0,0.0,0.0,0.001,17.0,0.00018948118077872315,-0.3547242032475779,0.07367079077623728,0.010190229972758489,15.677992294339402,3.9775056540466984,2.758472455181956,1787259657.3366044
4.440480709075928,IDLE,stop,0.0,0.0,0.5,0.0,0.0,0.0,0.001,17.0,-0.0008728428549322264,-0.393098092502413,0.04012896765309293,0.005156740237635118,15.677992492677665,3.977505574353591,2.7584724551819555,1787259657.3565958
4.460240125656128,IDLE,stop,0.0,0.0,0.5,0.0,0.0,0.0,0.001,17.0,-0.0008853366954778184,-0.31679978217015403,0.092739548552224,0.00263951541274898,15.677992337668721,3.9775056369622526,2.7584724551819555,1787259657.3783262
4.480574131011963,IDLE,stop,0.0,0.0,0.5,0.0,0.0,0.0,0.001,17.0,-0.0009035568525157311,-0.3683630170658354,0.06904860315034966,0.10636298041660038,15.673043206826232,3.9794150293223134,2.758448027995486,1787259657.3965619
4.5004143714904785,IDLE,stop,0.0,0.0,0.5,0.0,0.0,0.0,0.001,17.0,-0.0008574859861776367,-0.34559421415689684,0.07356751432535802,0.05310112349422605,15.673043842618336,3.9794147746683453,2.7584480279954864,1787259657.4165971
4.520516872406006,IDLE,stop,0.0,0.0,0.5,0.0,0.0,0.0,0.001,17.0,0.0012603948212653164,-0.33623950925005985,0.06872569065212986,0.026764326640865015,15.67304476563707,3.9794144035252246,2.7584480279954864,1787259657.4366157
4.541352033615112,IDLE,stop,0.0,0.0,0.5,0.0,0.0,0.0,0.0,17.0,-0.0008853366954778184,-0.3587835963428425,0.07862831623413769,0.013644995173349526,15.673045238825711,3.9794142132767627,2.7584480279954864,1787259657.4567804
4.560503005981445,IDLE,stop,0.0,0.0,0.5,0.0,0.0,0.0,0.002,17.0,0.0001616304714785415,-0.33646422506621576,0.03993407263804016,0.007087561254187447,15.673044600855436,3.9794144706775185,2.7584480279954864,1787259657.478012
4.580511569976807,IDLE,stop,0.0,0.0,0.5,0.0,0.0,0.0,0.001,17.0,-0.0009131872747408374,-0.3499906627038456,0.049707657474098,0.09569692615340747,15.677546026173808,3.977565890189031,2.758564880325801,1787259657.4966228
4.600223779678345,IDLE,stop,0.0,0.0,0.5,0.0,0.0,0.0,0.001,17.0,0.00018271388429048652,-0.3503839245183933,0.08314770249543812,0.04759110268073558,15.67754621655184,3.9775658160297853,2.758564880325801,1787259657.516588
4.620406150817871,IDLE,stop,0.0,0.0,0.5,0.0,0.0,0.0,0.001,17.0,0.0012325442420022975,-0.3503839245183933,0.08314770249543812,0.02384271653119652,15.677546004002124,3.977565903093452,2.758564880325801,1787259657.5368342
4.640857696533203,IDLE,stop,0.0,0.0,0.5,0.0,0.0,0.0,0.001,17.0,0.0001730833645375082,-0.3824512625164047,0.08827348159093518,0.012085017835640746,15.67754542799539,3.9775661359698513,2.758564880325801,1787259657.5565681
4.662235260009766,IDLE,stop,0.0,0.0,0.5,0.0,0.0,0.0,0.001,17.0,-0.0008824734071944954,-0.35117044814748866,0.06380737808587611,0.006232482740947104,15.677544950371667,3.9775663288524687,2.758564880325801,1787259657.5765834
4.680474281311035,IDLE,stop,0.0,0.0,0.5,0.0,0.0,0.0,0.001,17.0,0.00017985066102574486,-0.35889597252347016,0.08818263047384889,0.04488470302751716,15.679757189159659,3.976612364535464,2.7584748881857304,1787259657.5966291
4.700399160385132,IDLE,stop,0.0,0.0,0.5,0.0,0.0,0.0,0.001,17.0,0.00022019511334364655,-0.33584624743551217,0.054445729610154814,0.02266825354506723,15.679757011755193,3.976612434315243,2.7584748881857295,1787259657.61659
4.720392465591431,IDLE,stop,0.0,0.0,0.5,0.0,0.0,0.0,0.001,17.0,0.0023352125674846952,-0.3692057105126949,0.05927542031038513,0.011613313802909465,15.679756537412276,3.9766126245433453,2.758474888185729,1787259657.6366436
4.744347095489502,IDLE,stop,0.0,0.0,0.5,0.0,0.0,0.0,0.001,17.0,0.00020770137032592652,-0.3313936290707993,0.09747853431576559,0.006077732885683504,15.679755979277745,3.976612848967978,2.758474888185729,1787259657.656581
4.760280132293701,IDLE,stop,0.0,0.0,0.5,0.0,0.0,0.0,0.001,17.0,-0.0008507185921615281,-0.39732599505097,0.06420794892030202,0.1788511938103917,15.674635317878373,3.9785670517469485,2.7584409142975552,1787259657.677696
4.7804930210113525,IDLE,stop,0.0,0.0,0.5,0.0,0.0,0.0,0.001,17.0,0.0001741242144962615,-0.37783009815330004,0.10739480949239599,0.08907970044107631,15.674634407313345,3.978567421739968,2.7584409142975583,1787259657.6966326
4.8004469871521,IDLE,stop,0.0,0.0,0.5,0.0,0.0,0.0,0.001,17.0,0.0012575316630191562,-0.34542566815850506,0.03528597453668425,0.044703897428918345,15.674634904808398,3.9785672228497164,2.75844091429756,1787259657.71659
4.820398807525635,IDLE,stop,0.0,0.0,0.5,0.0,0.0,0.0,0.001,17.0,0.00018271388429048652,-0.3501592087022374,0.07361915255079765,0.022687407857130158,15.674635734000661,3.9785668895259696,2.758440914297561,1787259657.736673
4.84116005897522,IDLE,stop,0.0,0.0,0.5,0.0,0.0,0.0,0.001,17.0,-0.0009017343816818707,-0.3399618103485409,0.07855047517243463,0.011708057401137959,15.674636669115104,3.9785665131030137,2.7584409142975614,1787259657.7566292
4.8603479862213135,IDLE,stop,0.0,0.0,0.5,0.0,0.0,0.0,0.001,17.0,0.0023102251464678365,-0.39298571632178536,0.04973473739274681,0.07973083618709786,15.676672708859824,3.977705868846244,2.7583762166112056,1787259657.7776713
4.8806188106536865,IDLE,stop,0.0,0.0,0.5,0.0,0.0,0.0,0.001,17.0,0.00019807085057294823,-0.3260983172592269,0.09280423337814625,0.03950481868574852,15.676673190288156,3.9777056735297585,2.758376216611205,1787259657.7965682
4.900476455688477,IDLE,stop,0.0,0.0,0.5,0.0,0.0,0.0,0.001,17.0,0.00021733189007890484,-0.34480769052780147,0.07374775475555495,0.019679545113773355,15.676673183858098,3.9777056754437856,2.7583762166112047,1787259657.8166144
4.92027735710144,IDLE,stop,0.0,0.0,0.5,0.0,0.0,0.0,0.001,17.0,0.00019520762730820652,-0.3546680334298138,0.07847369391861392,0.00987953541773063,15.676673001723453,3.97770574849737,2.7583762166112047,1787259657.8368044
4.940510272979736,IDLE,stop,0.0,0.0,0.5,0.0,0.0,0.0,0.001,17.0,-0.001953387177718251,-0.3411977656099481,0.054317163950496905,0.005023604651306012,15.676672750963624,3.9777058493849595,2.7583762166112047,1787259657.8566065
4.960482120513916,IDLE,stop,0.0,0.0,0.5,0.0,0.0,0.0,0.001,17.0,-0.0008517595396481532,-0.37788626797106417,0.15049213457098176,0.0026017707478416924,15.676672532962177,3.97770593715856,2.7583762166112047,1787259657.8767037
4.980600357055664,IDLE,stop,0.0,0.0,0.5,0.0,0.0,0.0,0.002,17.0,0.00019520762730820652,-0.32598594107859924,0.09282996112811759,0.024880012869397523,15.677974968651368,3.977146171670989,2.7583523468153492,1787259657.8965929
5.000478744506836,IDLE,stop,0.0,0.0,0.5,0.0,0.0,0.0,0.001,17.0,-0.0008910630119701392,-0.3403550721630886,0.06888031296765362,0.012590865054057763,15.677974803297575,3.9771462379036864,2.758352346815349,1787259657.9166267
5.020293235778809,IDLE,stop,0.0,0.0,0.5,0.0,0.0,0.0,0.001,17.0,-0.001940893467209822,-0.35027158488286503,0.06401334626604438,0.006463848677839469,15.67797450050172,3.977146359744416,2.7583523468153484,1787259657.9366384
5.044767141342163,IDLE,stop,0.0,0.0,0.5,0.0,0.0,0.0,0.001,17.0,0.0012518052164896727,-0.3361271696145316,0.054381337145027686,0.0033896117414167104,15.677974140530003,3.9771465047444496,2.7583523468153484,1787259657.9565976
5.060478210449219,IDLE,stop,0.0,0.0,0.5,0.0,0.0,0.0,0.001,17.0,-0.0008824734071944954,-0.36334859088818305,0.11221011969601591,0.07654898726579121,15.675685525448282,3.978003102587288,2.7584853679497723,1787259657.9780457
5.080983638763428,IDLE,stop,0.0,0.0,0.5,0.0,0.0,0.0,0.001,17.0,0.00020770137032592652,-0.3171930439847017,0.03995917912132185,0.03815326801529889,15.675685200922826,3.9780032301009025,2.758485367949772,1787259657.9966035
5.100302696228027,IDLE,stop,0.0,0.0,0.5,0.0,0.0,0.0,0.001,17.0,-0.0008757061432155494,-0.3641351145172784,0.07849975057447978,0.019168797331944213,15.675685416946832,3.9780031412332733,2.758485367949772,1787259658.0166736
5.1202638149261475,IDLE,stop,0.0,0.0,0.5,0.0,0.0,0.0,0.002,17.0,0.00021733189007890484,-0.33556536180159213,0.05930012479757352,0.009739853478400498,15.67568578780584,3.978002990775659,2.758485367949772,1787259658.0367665
5.141055345535278,IDLE,stop,0.0,0.0,0.5,0.0,0.0,0.0,0.001,17.0,-0.0008478554339153676,-0.35483657942820557,0.035324858522436386,0.00503994852232812,15.675686217948433,3.978002816872655,2.758485367949772,1787259658.056594
5.160506010055542,IDLE,stop,0.0,0.0,0.5,0.0,0.0,0.0,0.001,17.0,-0.0019630177299805205,-0.34046744834371623,0.0832246299296564,0.002662188452518091,15.67568659448763,3.9780026648189217,2.758485367949772,1787259658.0769944
5.18049955368042,IDLE,stop,0.0,0.0,0.5,0.0,0.0,0.0,0.001,17.0,0.00017985066102574486,-0.3361833394322957,0.06873855452711553,0.04471228381505938,15.673376020144692,3.978901905005971,2.758472419066462,1787259658.09657
5.200268030166626,IDLE,stop,0.0,0.0,0.5,0.0,0.0,0.0,0.001,17.0,0.00017022014127276652,-0.3640227383366508,0.08331551759184208,0.022657325611611337,15.673376024542733,3.9789019030686745,2.758472419066462,1787259658.1165776
5.2204978466033936,IDLE,stop,0.0,0.0,0.5,0.0,0.0,0.0,0.001,17.0,0.0012450379525107266,-0.344863896890665,0.04978473108871384,0.011638234048708933,15.67337642377135,3.9789017420747324,2.758472419066462,1787259658.1369522
5.2409467697143555,IDLE,stop,0.0,0.0,0.5,0.0,0.0,0.0,0.001,17.0,-0.0008853366954778184,-0.35032775470062916,0.05442044040137617,0.006122662395361353,15.67337704455322,3.978901491827826,2.758472419066462,1787259658.1565466
5.26050329208374,IDLE,stop,0.0,0.0,0.5,0.0,0.0,0.0,0.001,17.0,-0.0019044531531339965,-0.3258735648979716,0.1120158094025534,0.0033002264063377662,15.673377550011184,3.9789012880829735,2.758472419066462,1787259658.1766422
5.280406713485718,IDLE,stop,0.0,0.0,0.5,0.0,0.0,0.0,0.001,17.0,0.0012700253735275855,-0.3734898194241154,0.040231367021586806,0.09125503425867376,15.678204693674576,3.9769301121194887,2.75870639463754,1787259658.196542
5.300490140914917,IDLE,stop,0.0,0.0,0.5,0.0,0.0,0.0,0.001,17.0,0.00017985066102574486,-0.31172918617473755,0.06885367159019751,0.04574320698353286,15.678204309013864,3.9769302753019717,2.758706394637541,1787259658.2165937
5.32037615776062,IDLE,stop,0.0,0.0,0.5,0.0,0.0,0.0,0.002,17.0,0.0012518052164896727,-0.3550612952443615,0.07838357370351545,0.023178563257891128,15.678203399555496,3.976930646142931,2.7587063946375414,1787259658.2365825
5.3404200077056885,IDLE,stop,0.0,0.0,0.5,0.0,0.0,0.0,0.001,17.0,0.00018948118077872315,-0.344863896890665,0.07852489360286086,0.011925228613390444,15.678202516736325,3.9769310042107553,2.758706394637542,1787259658.2566206
5.360329866409302,IDLE,stop,0.0,0.0,0.5,0.0,0.0,0.0,0.001,17.0,-0.0008546226978943137,-0.32231980979788233,0.0734122707431446,0.006267194370253013,15.678201699024745,3.976931334930824,2.758706394637542,1787259658.2767816
5.380289316177368,IDLE,stop,0.0,0.0,0.5,0.0,0.0,0.0,0.001,17.0,0.0012546685047729958,-0.35393767961848255,0.12175125942739662,0.02313330083352989,15.679253447058834,3.97645774177136,2.758696320393265,1787259658.2966979
5.4002556800842285,IDLE,stop,0.0,0.0,0.5,0.0,0.0,0.0,0.001,17.0,0.0001866179575139815,-0.374107797054819,0.1167301089514563,0.011885132120123027,15.67925319525329,3.976457843645426,2.758696320393265,1787259658.3165388
5.420248508453369,IDLE,stop,0.0,0.0,0.5,0.0,0.0,0.0,0.001,17.0,-0.001919810021888586,-0.34542566815850506,0.06881610322802345,0.006190882625876708,15.679252792868558,3.976458005965458,2.758696320393265,1787259658.3365602
5.440479040145874,IDLE,stop,0.0,0.0,0.5,0.0,0.0,0.0,0.001,17.0,0.00021733189007890484,-0.35928919779291846,0.08330250753645885,0.0032949584132944175,15.679252575974933,3.9764580934577185,2.758696320393265,1787259658.356574
5.460316896438599,IDLE,stop,0.0,0.0,0.5,0.0,0.0,0.0,0.001,17.0,0.00017985066102574486,-0.3316745147047193,0.07825409441637277,0.1921857508396895,15.673382723283114,3.9787378619930944,2.7584776373646758,1787259658.377678
5.480244398117065,IDLE,stop,0.0,0.0,0.5,0.0,0.0,0.0,0.001,17.0,-0.0008478554339153676,-0.39208685305716173,0.0786808680870621,0.09612403495609943,15.673378612357066,3.978739536020945,2.758477637364688,1787259658.396605
5.500452280044556,IDLE,stop,0.0,0.0,0.5,0.0,0.0,0.0,0.001,17.0,0.0012518052164896727,-0.3408045037954004,0.04482724217591283,0.04855736057037814,15.673377684996536,3.978739919385049,2.758477637364695,1787259658.4165657
5.5204057693481445,IDLE,stop,0.0,0.0,0.5,0.0,0.0,0.0,0.001,17.0,0.00019807085057294823,-0.34024269598246093,0.054536032550750235,0.02489516622738722,15.673377988936569,3.9787398022193265,2.758477637364699,1787259658.4365635
5.540409803390503,IDLE,stop,0.0,0.0,0.5,0.0,0.0,0.0,0.001,17.0,0.00019807085057294823,-0.3787851312356878,0.07843579665054534,0.013024929803956118,15.67337881820615,3.9787394709460004,2.758477637364701,1787259658.4565487
5.560397624969482,IDLE,stop,0.0,0.0,0.5,0.0,0.0,0.0,0.0,17.0,-0.0019312629149475528,-0.3640789081544149,0.06414253319239194,0.13100509598577492,15.676862352552178,3.9773046991428793,2.7586048397784633,1787259658.4780636
5.580271244049072,IDLE,stop,0.0,0.0,0.5,0.0,0.0,0.0,0.001,17.0,-0.0008574859861776367,-0.3024306510856647,0.04962890278491017,0.06477298359758225,15.676862290658368,3.9773047259791685,2.758604839778463,1787259658.4965885
5.600277900695801,IDLE,stop,0.0,0.0,0.5,0.0,0.0,0.0,0.001,17.0,-0.001944797442905445,-0.33150596870632754,0.05913260206196469,0.03214994875955465,15.676862000348823,3.9773048439842937,2.7586048397784624,1787259658.5165675
5.62039852142334,IDLE,stop,0.0,0.0,0.5,0.0,0.0,0.0,0.001,17.0,0.0023323496693128604,-0.34497623652619325,0.07370912658549855,0.01606271489035541,15.67686160998352,3.977305001830194,2.7586048397784624,1787259658.536569
5.640408277511597,IDLE,stop,0.0,0.0,0.5,0.0,0.0,0.0,0.001,17.0,-0.0008824734071944954,-0.34926034543761375,0.08340516272064846,0.008101030732389927,15.676861223610342,3.977305157809156,2.7586048397784624,1787259658.5565846
5.663333415985107,IDLE,stop,0.0,0.0,0.5,0.0,0.0,0.0,0.002,17.0,-0.0008574859861776367,-0.3598510056058579,0.030483509935500308,0.06231388114154673,15.677970878340801,3.9767953670150735,2.758843620240944,1787259658.5777988
5.680455684661865,IDLE,stop,0.0,0.0,0.5,0.0,0.0,0.0,0.001,17.0,-0.0008796102489483351,-0.34029890234532445,0.10242336035162758,0.030845593907987356,15.677970420697665,3.976795554424182,2.7588436202409437,1787259658.596604
5.700577974319458,IDLE,stop,0.0,0.0,0.5,0.0,0.0,0.0,0.001,17.0,-0.0008814325897450328,-0.3595701199719379,0.04491794711260155,0.015335006837369625,15.677969983133192,3.9767957323047733,2.758843620240943,1787259658.616628
5.720244407653809,IDLE,stop,0.0,0.0,0.5,0.0,0.0,0.0,0.001,17.0,0.0012632581095486394,-0.3548927492459697,0.08321220459586343,0.007678304862842633,15.677969608632122,3.976795884016818,2.758843620240943,1787259658.6365552
5.740285634994507,IDLE,stop,0.0,0.0,0.5,0.0,0.0,0.0,0.001,17.0,0.00015199995172556318,-0.32198275434619816,0.07348949053815801,0.003884864027331691,15.67796932576563,3.976795998413084,2.758843620240943,1787259658.6565864
5.7604546546936035,IDLE,stop,0.0,0.0,0.5,0.0,0.0,0.0,0.001,17.0,0.0012700253735275855,-0.3871285966972735,0.09787943405608601,0.15243763974633015,15.674167070819097,3.978243729559041,2.7585966576551257,1787259658.6776874
5.780389785766602,IDLE,stop,0.0,0.0,0.5,0.0,0.0,0.0,0.001,17.0,0.00018948118077872315,-0.3075012470810812,0.04477469032298842,0.07553216311547127,15.674167548360021,3.978243543914327,2.758596657655129,1787259658.6966045
5.800397872924805,IDLE,stop,0.0,0.0,0.5,0.0,0.0,0.0,0.001,17.0,-0.0019380303089636616,-0.34052361816148036,0.02573147757147609,0.037614797135487814,15.67416834510129,3.978243226614787,2.7585966576551306,1787259658.716555
5.82043981552124,IDLE,stop,0.0,0.0,0.5,0.0,0.0,0.0,0.001,17.0,-0.0008699796966860659,-0.36931808669332256,0.08319977926207045,0.018882169671890967,15.674169111373942,3.978242919921627,2.7585966576551315,1787259658.7365448
5.84040093421936,IDLE,stop,0.0,0.0,0.5,0.0,0.0,0.0,0.001,17.0,-0.0008853366954778184,-0.3600195516042497,0.0975051939657714,0.009589165879653135,15.67416977618761,3.978242653190497,2.758596657655132,1787259658.7565641
5.860452890396118,IDLE,stop,0.0,0.0,0.5,0.0,0.0,0.0,0.001,17.0,-0.0019572911534138744,-0.3827883179680889,0.07861621980623923,0.004950956397295615,15.67417037251845,3.9782424135479357,2.7585966576551324,1787259658.7764997
5.880403280258179,IDLE,stop,0.0,0.0,0.5,0.0,0.0,0.0,0.001,17.0,0.0012757519500942313,-0.32192654798333464,0.054342270433778594,0.030717498190548878,15.675697821489216,3.977603705755425,2.758523847128282,1787259658.7965848
5.900353193283081,IDLE,stop,0.0,0.0,0.5,0.0,0.0,0.0,0.001,17.0,0.0023323496693128604,-0.35923302797515433,0.09289541340112706,0.015309587883816889,15.67569782815777,3.977603702099396,2.7585238471282807,1787259658.8165882
5.920273542404175,IDLE,stop,0.0,0.0,0.5,0.0,0.0,0.0,0.001,17.0,0.0012825190840360147,-0.3308318212578598,0.06407711746448186,0.007695941219915338,15.675697683586161,3.977603759825057,2.75852384712828,1787259658.8365798
5.9404988288879395,IDLE,stop,0.0,0.0,0.5,0.0,0.0,0.0,0.001,17.0,0.0002105645935906682,-0.3359024537983757,0.054432829190069754,0.003917312329774058,15.675697497187237,3.9776038346458837,2.7585238471282794,1787259658.856588
5.960256099700928,IDLE,stop,0.0,0.0,0.5,0.0,0.0,0.0,0.001,17.0,0.00020770137032592652,-0.35923302797515433,0.10726547638565087,0.0020292476777005212,15.67569730663525,3.97760391127228,2.7585238471282794,1787259658.8766022
5.980456352233887,IDLE,stop,0.0,0.0,0.5,0.0,0.0,0.0,0.0,17.0,-0.0008728428549322264,-0.38318157978263656,0.030625853097628664,0.0901498353446977,15.680492439211317,3.975650273864112,2.7584109077388295,1787259658.8965845
6.00027060508728,IDLE,stop,0.0,0.0,0.5,0.0,0.0,0.0,0.001,17.0,0.0012479011107568872,-0.38785895050860475,0.06897193153182712,0.04536448277793487,15.680491990480187,3.975650449395956,2.7584109077388264,1787259658.9165845
6.020279169082642,IDLE,stop,0.0,0.0,0.5,0.0,0.0,0.0,0.001,17.0,0.00018557710755522823,-0.34542566815850506,0.07360614249541442,0.023122492612352514,15.680491022327638,3.9756508367167114,2.7584109077388246,1787259658.9365788
6.0416200160980225,IDLE,stop,0.0,0.0,0.5,0.0,0.0,0.0,0.001,17.0,0.0012757519500942313,-0.3551174650621256,0.06879066783884724,0.011999758631222717,15.68048995812098,3.9756512640832233,2.7584109077388237,1787259658.95656
6.060386657714844,IDLE,stop,0.0,0.0,0.5,0.0,0.0,0.0,0.002,17.0,0.00016735691800802484,-0.3538253399829543,0.10740694246539384,0.06689716946376424,15.678568115407542,3.976362227972383,2.758338182707087,1787259658.9778485
6.080466032028198,IDLE,stop,0.0,0.0,0.5,0.0,0.0,0.0,0.001,17.0,0.00018948118077872315,-0.3694304263288508,0.030483802296295437,0.03304463742908266,15.678567994102995,3.9763622778337124,2.7583381827070865,1787259658.9965754
6.100402355194092,IDLE,stop,0.0,0.0,0.5,0.0,0.0,0.0,0.001,17.0,-0.0008853366954778184,-0.34536949834074093,0.11672919532397152,0.016383115959525664,15.678568083254726,3.9763622424131366,2.7583381827070865,1787259659.0165951
6.120450258255005,IDLE,stop,0.0,0.0,0.5,0.0,0.0,0.0,0.0,17.0,-0.0008853366954778184,-0.35483657942820557,0.05448494250180147,0.008173879614501112,15.678568243466065,3.976362178106104,2.7583381827070865,1787259659.036584
6.140429258346558,IDLE,stop,0.0,0.0,0.5,0.0,0.0,0.0,0.001,17.0,0.0012632581095486394,-0.3834624654165566,0.09283178838308714,0.004113327800580456,15.678568416826845,3.976362108367466,2.7583381827070865,1787259659.0565526
6.160320043563843,IDLE,stop,0.0,0.0,0.5,0.0,0.0,0.0,0.001,17.0,0.00017698743776100315,-0.3363518854306875,0.0734899656244501,0.1683980475411819,15.67346119515304,3.978356349846638,2.758313906768284,1787259659.077829
6.180251359939575,IDLE,stop,0.0,0.0,0.5,0.0,0.0,0.0,0.001,17.0,-0.003006080531129769,-0.3918621372410058,0.10747250437370148,0.08447091875409982,15.673459133539755,3.9783571832695284,2.7583139067682834,1787259659.0966303
6.200355529785156,IDLE,stop,0.0,0.0,0.5,0.0,0.0,0.0,0.001,17.0,-0.001935166890643176,-0.3352282698048086,0.1455977590448292,0.04281156594827846,15.673459213600697,3.978357152166776,2.7583139067682834,1787259659.1166267
6.22040319442749,IDLE,stop,0.0,0.0,0.5,0.0,0.0,0.0,0.001,17.0,0.00019520762730820652,-0.3359586236161398,0.04483992332540154,0.02205020117954762,15.673460084386065,3.978356801698352,2.7583139067682834,1787259659.1366107
6.240891933441162,IDLE,stop,0.0,0.0,0.5,0.0,0.0,0.0,0.001,17.0,0.0001587672482137998,-0.34965360725216144,0.049784877269111405,0.011618018598431342,15.673461214834248,3.9783563462368354,2.7583139067682834,1787259659.1565804
6.260496377944946,IDLE,stop,0.0,0.0,0.5,0.0,0.0,0.0,0.001,17.0,0.001214323954927222,-0.32660391870930283,0.0831083434233939,0.10562394213612608,15.676324582099037,3.9771738991985384,2.75844239392834,1787259659.1776803
6.280394792556763,IDLE,stop,0.0,0.0,0.5,0.0,0.0,0.0,0.001,17.0,0.0012603948212653164,-0.37766155215490826,0.10743343766245239,0.052274588541967155,15.67632486077386,3.9771737895721078,2.758442393928338,1787259659.1966202
6.3002917766571045,IDLE,stop,0.0,0.0,0.5,0.0,0.0,0.0,0.001,17.0,0.00020483814706118484,-0.3165750663539981,0.08321099860758352,0.025993830980830173,15.676324650264188,3.977173875908989,2.758442393928337,1787259659.2165442
6.3202924728393555,IDLE,stop,0.0,0.0,0.5,0.0,0.0,0.0,0.001,17.0,-0.0008757061432155494,-0.363854192338259,0.0977241904738726,0.013021904748403947,15.676324342990101,3.9771740005804714,2.7584423939283367,1787259659.236549
6.3403050899505615,IDLE,stop,0.0,0.0,0.5,0.0,0.0,0.0,0.001,17.0,0.00017985066102574486,-0.36351713688657483,0.0642712815775468,0.006594030381082003,15.67632402045889,3.9771741310337574,2.7584423939283362,1787259659.2566066
6.360354900360107,IDLE,stop,0.0,0.0,0.5,0.0,0.0,0.0,0.001,17.0,-0.0008910630119701392,-0.3500468690667091,0.044904754331721364,0.0442275460325935,15.677545468758435,3.976641920900563,2.758442872239346,1787259659.2776783
6.380369186401367,IDLE,stop,0.0,0.0,0.5,0.0,0.0,0.0,0.001,17.0,-0.0008796102489483351,-0.36886861851591135,0.0976728446092281,0.022203343402191728,15.677545688982873,3.9766418326974273,2.758442872239346,1787259659.2965696
6.400250196456909,IDLE,stop,0.0,0.0,0.5,0.0,0.0,0.0,0.001,17.0,-0.001935166890643176,-0.335509191983828,0.08326311191931524,0.011265993386848305,15.677545523183499,3.9766418998361077,2.758442872239346,1787259659.3165822
6.420257568359375,IDLE,stop,0.0,0.0,0.5,0.0,0.0,0.0,0.001,17.0,0.0012450379525107266,-0.37315272742733185,0.08341879404272134,0.0058109584869580405,15.677545198482363,3.9766420308839194,2.758442872239346,1787259659.3365788
6.442742109298706,IDLE,stop,0.0,0.0,0.5,0.0,0.0,0.0,0.001,17.0,-0.0008881998537239787,-0.36379802252049487,0.0737869676472016,0.0030649163402621756,15.677544844948269,3.976642173476664,2.758442872239346,1787259659.3565686
6.4604856967926025,IDLE,stop,0.0,0.0,0.5,0.0,0.0,0.0,0.001,17.0,0.0012393115059812433,-0.3454818745213686,0.06401320008564682,0.14086727867935592,15.673307874624468,3.978266811329577,2.7583570362838046,1787259659.3779366
6.480411052703857,IDLE,stop,0.0,0.0,0.5,0.0,0.0,0.0,0.001,17.0,0.0023380759858051808,-0.37743683633875236,0.12664501368685954,0.07031976801956692,15.673307328358216,3.978267035749296,2.7583570362838086,1787259659.3966064
6.500377893447876,IDLE,stop,0.0,0.0,0.5,0.0,0.0,0.0,0.001,17.0,-0.001935166890643176,-0.3310003672562516,0.03050836060308626,0.03538490027348155,15.673307828176677,3.9782668365409237,2.758357036283811,1787259659.416596
6.520355939865112,IDLE,stop,0.0,0.0,0.5,0.0,0.0,0.0,0.001,17.0,-0.0008699796966860659,-0.354218601797502,0.10731682225029537,0.0180410916311045,15.673308581691229,3.9782665340149075,2.758357036283812,1787259659.4365702
6.540952682495117,IDLE,stop,0.0,0.0,0.5,0.0,0.0,0.0,0.002,17.0,0.00016449369474328318,-0.35478037306534205,0.0928180108806167,0.009366454320550882,15.673309422946017,3.97826619554465,2.758357036283813,1787259659.4565635
6.560498237609863,IDLE,stop,0.0,0.0,0.5,0.0,0.0,0.0,0.001,17.0,-0.0008910630119701392,-0.36334859088818305,0.07388995173728574,0.005050118537391168,15.673309569857784,3.9782661366983563,2.7583570362838135,1787259659.4775438
6.580732345581055,IDLE,stop,0.0,0.0,0.5,0.0,0.0,0.0,0.001,17.0,-0.0008881998537239787,-0.3361833394322957,0.06873855452711553,0.04076101709184038,15.675297320211302,3.977436187746202,2.758474303723883,1787259659.4965365
6.600429534912109,IDLE,stop,0.0,0.0,0.5,0.0,0.0,0.0,0.001,17.0,0.00017985066102574486,-0.33579007761774804,0.040088548773166366,0.020188286922784654,15.675297206387514,3.9774362344128082,2.7584743037238826,1787259659.516652
6.620352506637573,IDLE,stop,0.0,0.0,0.5,0.0,0.0,0.0,0.001,17.0,0.00020770137032592652,-0.34970977706992556,0.09767224161508814,0.010054473410889941,15.675296994681007,3.977436320174937,2.7584743037238826,1787259659.5366244
6.6438233852386475,IDLE,stop,0.0,0.0,0.5,0.0,0.0,0.0,0.001,17.0,0.0012728886618109084,-0.35906448197676255,0.0689839183244274,0.005048811855940461,15.675296782757355,3.977436405828273,2.7584743037238826,1787259659.556565
6.660449981689453,IDLE,stop,0.0,0.0,0.5,0.0,0.0,0.0,0.001,17.0,0.0002105645935906682,-0.36847539324646306,0.045072715608522884,0.043441683557047805,15.676568742643818,3.9768964018687507,2.758549519653888,1787259659.578
6.6803858280181885,IDLE,stop,0.0,0.0,0.5,0.0,0.0,0.0,0.0,17.0,-0.0008546226978943137,-0.3024306510856647,0.08315906802134876,0.021779699350792034,15.67656897329083,3.9768963107951527,2.7585495196538874,1787259659.5965962
6.700277805328369,IDLE,stop,0.0,0.0,0.5,0.0,0.0,0.0,0.001,17.0,0.00017985066102574486,-0.36295532907363537,0.06919006923009263,0.011025010843532164,15.676568806704397,3.9768963789477385,2.758549519653887,1787259659.616595
6.720238447189331,IDLE,stop,0.0,0.0,0.5,0.0,0.0,0.0,0.001,17.0,0.0012632581095486394,-0.3406359577970086,0.09276608029438194,0.005668749011273503,15.676568511559863,3.9768964984404986,2.758549519653887,1787259659.6365793
6.740370512008667,IDLE,stop,0.0,0.0,0.5,0.0,0.0,0.0,0.001,17.0,0.00019234440404346486,-0.34536949834074093,0.06403896438071754,0.0029771783978177774,15.676568194582446,3.9768966264764285,2.758549519653887,1787259659.6565824
6.7604148387908936,IDLE,stop,0.0,0.0,0.5,0.0,0.0,0.0,0.001,17.0,0.0012479011107568872,-0.3587274265250784,0.09780130063358783,0.02177985291046308,15.677143072616117,3.976639106436298,2.75854697777372,1787259659.6777766
6.780434846878052,IDLE,stop,0.0,0.0,0.5,0.0,0.0,0.0,0.001,17.0,0.00022019511334364655,-0.3643036239705708,0.04972099643537575,0.010974642988344507,15.677143194298223,3.97663905752173,2.7585469777737193,1787259659.696571
6.800464391708374,IDLE,stop,0.0,0.0,0.5,0.0,0.0,0.0,0.001,17.0,-0.000893926300253462,-0.3877465743279771,0.04025753331275084,0.005596959866387926,15.677143094481933,3.9766390978070336,2.758546977773719,1787259659.7165904
6.820353984832764,IDLE,stop,0.0,0.0,0.5,0.0,0.0,0.0,0.001,17.0,-0.0008949671177029248,-0.33094419743848746,0.0832114736938756,0.0029072019670327263,15.677142912094126,3.9766391713354268,2.7585469777737184,1787259659.7366207
6.8404457569122314,IDLE,stop,0.0,0.0,0.5,0.0,0.0,0.0,0.001,17.0,0.0012296809537189744,-0.3546680334298138,0.0832636966409055,0.0015477510667937548,15.677142703383835,3.976639255454466,2.7585469777737184,1787259659.7565413
6.860438823699951,IDLE,stop,0.0,0.0,0.5,0.0,0.0,0.0,0.001,17.0,0.00018557710755522823,-0.36802596161415124,0.08828590692472815,0.1655637575353248,15.672123755438575,3.9785705123986252,2.7583744072354004,1787259659.7778478
6.880488634109497,IDLE,stop,0.0,0.0,0.5,0.0,0.0,0.0,0.001,17.0,0.001238270558494618,-0.3220950939817264,0.025563552839773962,0.08272217926601945,15.672123043500783,3.9785708103673425,2.7583744072354057,1787259659.7965744
6.900265216827393,IDLE,stop,0.0,0.0,0.5,0.0,0.0,0.0,0.001,17.0,-0.0008574859861776367,-0.3585588805266866,0.1361600784898247,0.0416829920621709,15.672123554462303,3.978570610406118,2.7583744072354084,1787259659.816607
6.9202961921691895,IDLE,stop,0.0,0.0,0.5,0.0,0.0,0.0,0.001,17.0,0.0023102251464678365,-0.35461182706695027,0.04495642910226039,0.021293288860961754,15.672124514479778,3.9785702266960103,2.75837440723541,1787259659.836616
6.940544128417969,IDLE,stop,0.0,0.0,0.5,0.0,0.0,0.0,0.001,17.0,-0.0008574859861776367,-0.359345404155782,0.08328960711637379,0.01108840030689968,15.672125606285874,3.9785697883618547,2.758374407235411,1787259659.8565614
6.960453748703003,IDLE,stop,0.0,0.0,0.5,0.0,0.0,0.0,0.001,17.0,-0.0008728428549322264,-0.33579007761774804,0.10714886097349385,0.1392072382039645,15.675958114487806,3.9770062314397245,2.7584265872107716,1787259659.8776965
6.980481386184692,IDLE,stop,0.0,0.0,0.5,0.0,0.0,0.0,0.001,17.0,0.0001616304714785415,-0.38194566106632877,0.06443924285434832,0.0691328318917762,15.675958461837956,3.977006092200424,2.7584265872107703,1787259659.896553
7.000245809555054,IDLE,stop,0.0,0.0,0.5,0.0,0.0,0.0,0.001,17.0,0.0001616304714785415,-0.3821703768824847,0.10749793976287769,0.03454216899069868,15.675958137804594,3.977006223240597,2.7584265872107694,1787259659.9165463
7.020262956619263,IDLE,stop,0.0,0.0,0.5,0.0,0.0,0.0,0.002,17.0,-0.0008757061432155494,-0.3401865261646968,0.05933889914802748,0.01742713403274732,15.675957589997166,3.9770064442900197,2.758426587210769,1787259659.9365811
7.040629863739014,IDLE,stop,0.0,0.0,0.5,0.0,0.0,0.0,0.001,17.0,0.0012421747942645664,-0.3547242032475779,0.06888075150884632,0.0089146922179823,15.675956988503351,3.9770066868743243,2.758426587210769,1787259659.9565887
7.060240030288696,IDLE,stop,0.0,0.0,0.5,0.0,0.0,0.0,0.001,17.0,0.00017698743776100315,-0.33562153161935626,0.11197749186584183,0.06319905102038698,15.677761881057895,3.976214773651847,2.7582375854268926,1787259659.9777741
7.080244541168213,IDLE,stop,0.0,0.0,0.5,0.0,0.0,0.0,0.001,17.0,0.00018271388429048652,-0.3924801148717094,0.06422070315998951,0.031782058810821044,15.677762294319889,3.976214601199641,2.7582375854268912,1787259659.99662
7.100333213806152,IDLE,stop,0.0,0.0,0.5,0.0,0.0,0.0,0.001,17.0,0.001238270558494618,-0.31685595198791816,0.07356660069787324,0.01616819150726312,15.677761990051756,3.976214720729535,2.7582375854268903,1787259660.0165796
7.120399236679077,IDLE,stop,0.0,0.0,0.5,0.0,0.0,0.0,0.001,17.0,-0.0008478554339153676,-0.36903716451430313,0.08805417444948915,0.008366273950913944,15.677761487717211,3.9762149215728204,2.75823758542689,1787259660.0365684
7.140379905700684,IDLE,stop,0.0,0.0,0.5,0.0,0.0,0.0,0.001,17.0,-0.0019226731801347467,-0.3591768581573902,0.0641681513070651,0.004432604151540737,15.67776095140151,3.9762151369089858,2.75823758542689,1787259660.0565476
7.160458564758301,IDLE,stop,0.0,0.0,0.5,0.0,0.0,0.0,0.0,17.0,-0.0008824734071944954,-0.3459874759714445,0.04473726814121193,0.1523807699268608,15.673167403918939,3.9780157840633037,2.7583297783264698,1787259660.0778077
7.180399656295776,IDLE,stop,0.0,0.0,0.5,0.0,0.0,0.0,0.0,17.0,0.00017985066102574486,-0.363854192338259,0.15041442141712658,0.07600190211553448,15.673166359207979,3.9780162018236584,2.758329778326471,1787259660.0968144
7.200506687164307,IDLE,stop,0.0,0.0,0.5,0.0,0.0,0.0,0.001,17.0,0.0023284454335429122,-0.34024269598246093,0.12159630820597833,0.038225939688276304,15.673167219253672,3.9780158531444365,2.758329778326472,1787259660.1165924
7.220414161682129,IDLE,stop,0.0,0.0,0.5,0.0,0.0,0.0,0.001,17.0,0.001276792767543694,-0.34480769052780147,0.06895771548816398,0.019458982104737507,15.673168016575968,3.9780155306139253,2.7583297783264724,1787259660.1366136
7.240448951721191,IDLE,stop,0.0,0.0,0.5,0.0,0.0,0.0,0.001,17.0,-0.0008574859861776367,-0.3595701199719379,0.07365807308164918,0.010055792306551835,15.673168427359656,3.97801536442619,2.758329778326473,1787259660.156611
7.260373115539551,IDLE,stop,0.0,0.0,0.5,0.0,0.0,0.0,0.0,17.0,0.00018948118077872315,-0.3459313061536804,0.05433017400588014,0.005767756291907658,15.673167911343327,3.9780155721818655,2.758329778326473,1787259660.1776717
7.280239105224609,IDLE,stop,0.0,0.0,0.5,0.0,0.0,0.0,0.001,17.0,-0.0029849973458828585,-0.36819447106744363,0.09303731802206272,0.04730261034986798,15.675355794235648,3.9770937261535804,2.758339069685075,1787259660.196577
7.300442934036255,IDLE,stop,0.0,0.0,0.5,0.0,0.0,0.0,0.001,17.0,0.00018948118077872315,-0.3361833394322957,0.05436847327004202,0.023423549883932478,15.675355815051528,3.97709371796914,2.758339069685075,1787259660.2165685
7.3204405307769775,IDLE,stop,0.0,0.0,0.5,0.0,0.0,0.0,0.002,17.0,0.00017985066102574486,-0.37872896141792367,0.1119788440345193,0.01166292597075921,15.675355694620924,3.9770937666416204,2.758339069685075,1787259660.2365906
7.3407182693481445,IDLE,stop,0.0,0.0,0.5,0.0,0.0,0.0,0.001,17.0,0.00019234440404346486,-0.35010303888447325,0.07363201642578332,0.005855238142216856,15.675355512453839,3.977093840153881,2.758339069685075,1787259660.2565935
7.360430002212524,IDLE,stop,0.0,0.0,0.5,0.0,0.0,0.0,0.001,17.0,-0.0008949671177029248,-0.38295686396648065,0.049837429122035815,0.0029736983054397276,15.675355334617734,3.9770939118911475,2.758339069685075,1787259660.2765954
7.38040018081665,IDLE,stop,0.0,0.0,0.5,0.0,0.0,0.0,0.001,17.0,-0.0008921039594567642,-0.3220950939817264,0.08304380477786921,0.020406362107389265,15.676376763630547,3.976643515145264,2.758329936522206,1787259660.296554
7.400275468826294,IDLE,stop,0.0,0.0,0.5,0.0,0.0,0.0,0.002,17.0,-0.0019323037323970157,-0.3173615534379941,0.0638706741980215,0.010297889831369969,15.676376683597944,3.9766435473789454,2.7583299365222063,1787259660.316558
7.420263767242432,IDLE,stop,0.0,0.0,0.5,0.0,0.0,0.0,0.001,17.0,-0.0009006935642324081,-0.3636856828849666,0.097762818643929,0.005270736976150226,15.676376473124574,3.976643632222418,2.7583299365222063,1787259660.3365908
7.441608667373657,IDLE,stop,0.0,0.0,0.5,0.0,0.0,0.0,0.001,17.0,0.00018375473424923978,-0.3452571587052127,0.04011456888393283,0.0027515049073127047,15.676376214450112,3.9766437365094145,2.7583299365222063,1787259660.356552
7.463868856430054,IDLE,stop,0.0,0.0,0.5,0.0,0.0,0.0,0.001,17.0,-0.0008757061432155494,-0.3646968857851185,0.06879096019964237,0.0019297713534042796,15.676375984144757,3.9766438293628075,2.7583299365222063,1787259660.3765888
7.480839729309082,IDLE,stop,0.0,0.0,0.5,0.0,0.0,0.0,0.001,17.0,0.00015486317499030486,-0.31679978217015403,0.1071096298092975,0.028474267738868814,15.67740378303229,3.976185590287281,2.758304491682282,1787259660.399114
7.500462532043457,IDLE,stop,0.0,0.0,0.5,0.0,0.0,0.0,0.001,17.0,0.00020770137032592652,-0.37360215905964367,0.04499560544880765,0.014295974360420202,15.677404163814744,3.9761854364118716,2.758304491682282,1787259660.4176924
7.5205864906311035,IDLE,stop,0.0,0.0,0.5,0.0,0.0,0.0,0.001,17.0,0.00017985066102574486,-0.33562153161935626,0.06886730291227039,0.007260950054034478,15.677403371541539,3.976185755699776,2.758304491682282,1787259660.436597
7.541530132293701,IDLE,stop,0.0,0.0,0.5,0.0,0.0,0.0,0.001,17.0,0.00019807085057294823,-0.3597948357880938,0.06881654176921614,0.003732552447447933,15.677403125869118,3.976185854663613,2.758304491682282,1787259660.456612
7.560481786727905,IDLE,stop,0.0,0.0,0.5,0.0,0.0,0.0,0.001,17.0,0.0023102251464678365,-0.36847539324646306,0.07381284157757051,0.0019598153663384853,15.677402893804102,3.9761859481848436,2.758304491682282,1787259660.4767125
7.580253839492798,IDLE,stop,0.0,0.0,0.5,0.0,0.0,0.0,0.001,17.0,-0.0008853366954778184,-0.3220950939817264,0.025563552839773962,0.07995478905910354,15.673091626146434,3.977854097520086,2.758305449221438,1787259660.496578
7.600234270095825,IDLE,stop,0.0,0.0,0.5,0.0,0.0,0.0,0.001,17.0,0.00018948118077872315,-0.3359586236161398,0.020889836623744884,0.040132844439110665,15.673092008333695,3.9778539435442704,2.758305449221438,1787259660.5165818
7.620262622833252,IDLE,stop,0.0,0.0,0.5,0.0,0.0,0.0,0.001,17.0,0.00017022014127276652,-0.3403550721630886,0.10241047820409221,0.020377122230405387,15.67309278581807,3.977853630113184,2.758305449221438,1787259660.5366268
7.640496492385864,IDLE,stop,0.0,0.0,0.5,0.0,0.0,0.0,0.001,17.0,0.00019520762730820652,-0.3452571587052127,0.06406469213068888,0.010518028352679733,15.67309362445181,3.9778532919918645,2.758305449221438,1787259660.5565965
7.660232067108154,IDLE,stop,0.0,0.0,0.5,0.0,0.0,0.0,0.001,17.0,-0.0008978304059862476,-0.3877465743279771,0.07378769854918943,0.12215955145832877,15.676455632582268,3.976488590983927,2.7584454212467477,1787259660.5779226
7.680355787277222,IDLE,stop,0.0,0.0,0.5,0.0,0.0,0.0,0.001,17.0,0.00016735691800802484,-0.32215126379949055,0.07345086236810161,0.06069090908867947,15.676455999213335,3.976488447752309,2.7584454212467477,1787259660.5965583
7.700258016586304,IDLE,stop,0.0,0.0,0.5,0.0,0.0,0.0,0.001,17.0,-0.0008824734071944954,-0.3730403877918036,0.09781460304976619,0.030337850038961285,15.676455711944136,3.9764885660448277,2.7584454212467477,1787259660.616558
7.720356464385986,IDLE,stop,0.0,0.0,0.5,0.0,0.0,0.0,0.001,17.0,0.00017985066102574486,-0.33623950925005985,0.044775567405373806,0.015315054564627997,15.67645520528644,3.976488771640017,2.7584454212467477,1787259660.6365561
7.7450666427612305,IDLE,stop,0.0,0.0,0.5,0.0,0.0,0.0,0.001,17.0,-0.0008546226978943137,-0.3591768581573902,0.07374819329674764,0.00784225563200399,15.67645467012088,3.976488988105961,2.7584454212467477,1787259660.6565573
7.760345458984375,IDLE,stop,0.0,0.0,0.5,0.0,0.0,0.0,0.001,17.0,0.0001730833645375082,-0.3498221167054538,0.08327645088059299,0.004078965458919556,15.676454206774288,3.976489175282884,2.7584454212467477,1787259660.676609
7.780431509017944,IDLE,stop,0.0,0.0,0.5,0.0,0.0,0.0,0.001,17.0,-0.0019283997567013926,-0.3830692401471083,0.040231659382381935,0.0047825201061640005,15.676302109588114,3.976520095915213,2.758577016100676,1787259660.696561
7.800408601760864,IDLE,stop,0.0,0.0,0.5,0.0,0.0,0.0,0.001,17.0,0.0001741242144962615,-0.38740951887629294,0.09302503886866731,0.0024411141844295765,15.67630206000718,3.976520116402288,2.758577016100676,1787259660.7165554
7.82041335105896,IDLE,stop,0.0,0.0,0.5,0.0,0.0,0.0,0.001,17.0,-0.0009064200107618914,-0.32688480434322287,0.03514374100985407,0.0012691192619850287,15.676301977532788,3.976520149908715,2.758577016100676,1787259660.736551
7.840866327285767,IDLE,stop,0.0,0.0,0.5,0.0,0.0,0.0,0.001,17.0,-0.0009006935642324081,-0.3640227383366508,0.05936539434508603,0.0006762869389846693,15.676301890090906,3.9765201852909895,2.758577016100676,1787259660.7565534
7.860247373580933,IDLE,stop,0.0,0.0,0.5,0.0,0.0,0.0,0.001,17.0,0.00017022014127276652,-0.36886861851591135,0.07372275790757143,0.10515033469902293,15.673688896773717,3.9775228830636995,2.7584591068681745,1787259660.7777317
7.880472183227539,IDLE,stop,0.0,0.0,0.5,0.0,0.0,0.0,0.001,17.0,0.0012700253735275855,-0.36464071596735437,0.030483656115897872,0.05232127013974656,15.673688611828108,3.977523000874153,2.7584591068681763,1787259660.7965748
7.900429964065552,IDLE,stop,0.0,0.0,0.5,0.0,0.0,0.0,0.001,17.0,0.00020483814706118484,-0.3353406459854362,0.09288178207905418,0.02621658170575316,15.673688701758273,3.9775229662571747,2.758459106868177,1787259660.8168538
7.920383930206299,IDLE,stop,0.0,0.0,0.5,0.0,0.0,0.0,0.0,17.0,-0.0008603491444237971,-0.3688124486981472,0.07852562450484868,0.01329298533723185,15.673689441720533,3.9775226689094865,2.7584591068681776,1787259660.8365817
7.943471908569336,IDLE,stop,0.0,0.0,0.5,0.0,0.0,0.0,0.001,17.0,-0.0008478554339153676,-0.36441600015119846,0.07843535810935265,0.006842241608795735,15.673689948264942,3.9775224652379784,2.758459106868178,1787259660.856606
7.960406541824341,IDLE,stop,0.0,0.0,0.5,0.0,0.0,0.0,0.001,17.0,0.0012546685047729958,-0.33623950925005985,0.059145648662447314,0.07754968052472964,15.675981116545193,3.9765952953676855,2.758582505210901,1787259660.877749
7.980404615402222,IDLE,stop,0.0,0.0,0.5,0.0,0.0,0.0,0.002,17.0,-0.002994627898145128,-0.35883976616060664,0.10735559660074934,0.038675529650662316,15.675981785173418,3.9765950285972953,2.7585825052109016,1787259660.8965795
8.000482082366943,IDLE,stop,0.0,0.0,0.5,0.0,0.0,0.0,0.001,17.0,0.00017022014127276652,-0.37332127342572363,0.10254024985203003,0.01944312048762193,15.675981756175611,3.9765950417278657,2.7585825052109016,1787259660.9165592
8.020350217819214,IDLE,stop,0.0,0.0,0.5,0.0,0.0,0.0,0.001,17.0,-0.0008824734071944954,-0.36419128433504255,0.04974676073044648,0.009898572419044191,15.675981466715735,3.97659515915049,2.7585825052109016,1787259660.936587
8.040427207946777,IDLE,stop,0.0,0.0,0.5,0.0,0.0,0.0,0.001,17.0,-0.0008824734071944954,-0.3450324063439574,0.09285634668987797,0.005128954941981602,15.675981083025887,3.9765953141807526,2.7585825052109016,1787259660.9565535
8.060471773147583,IDLE,stop,0.0,0.0,0.5,0.0,0.0,0.0,0.001,17.0,0.00020770137032592652,-0.33116891325464337,0.09274002363851608,0.013022936986981223,15.675645761678627,3.9766594896583958,2.758546491105789,1787259660.977737
8.080437660217285,IDLE,stop,0.0,0.0,0.5,0.0,0.0,0.0,0.001,17.0,-0.0019380303089636616,-0.3730965576095677,0.0690616132057329,0.006430634834744188,15.675645786022338,3.9766594798060217,2.758546491105789,1787259660.996595
8.1004159450531,IDLE,stop,0.0,0.0,0.5,0.0,0.0,0.0,0.002,17.0,0.00018948118077872315,-0.3077259628972371,0.08304336623667652,0.0031868235979159074,15.675645769342887,3.9766594865032525,2.758546491105789,1787259661.016581
8.120421886444092,IDLE,stop,0.0,0.0,0.5,0.0,0.0,0.0,0.002,17.0,0.00019234440404346486,-0.3683630170658354,0.10257873184168886,0.0015885012365788734,15.675645739769342,3.97665949840682,2.758546491105789,1787259661.0365715
8.142794847488403,IDLE,stop,0.0,0.0,0.5,0.0,0.0,0.0,0.0,17.0,-0.000867116408402743,-0.3499906627038456,0.07844778344314562,0.0007983531076693133,15.675645722186182,3.9766595054847484,2.758546491105789,1787259661.0571132
8.160460233688354,IDLE,stop,0.0,0.0,0.5,0.0,0.0,0.0,0.001,17.0,0.00020197492379644315,-0.3598510056058579,0.06880367789423047,0.00041380610746536475,15.675645743294373,3.976659496975275,2.758546491105789,1787259661.080543
8.18151068687439,IDLE,stop,0.0,0.0,0.5,0.0,0.0,0.0,0.002,17.0,0.002279511408958657,-0.3352844761676721,0.08810460668664888,0.0002983795314164096,15.675646165404325,3.976659326886427,2.758546491105789,1787259661.0962083
8.20049500465393,IDLE,stop,0.0,0.0,0.5,0.0,0.0,0.0,0.001,17.0,0.00019234440404346486,-0.3073327010826894,0.07355344446209244,0.0038556865293669,15.675464632478548,3.9767112840235175,2.758635295311102,1787259661.1179562
8.22073769569397,IDLE,stop,0.0,0.0,0.5,0.0,0.0,0.0,0.0,17.0,0.00017985066102574486,-0.3681383012496795,0.09784020289188966,0.0018990547920044818,15.675464582206901,3.976711304303287,2.758635295311102,1787259661.1369338
8.240302562713623,IDLE,stop,0.0,0.0,0.5,0.0,0.0,0.0,0.001,17.0,-0.0008728428549322264,-0.345144782524585,0.06888045914805119,0.0009379985711192489,15.675464549411732,3.976711317529488,2.758635295311102,1787259661.1565785
8.260499238967896,IDLE,stop,0.0,0.0,0.5,0.0,0.0,0.0,0.001,17.0,0.00020770137032592652,-0.3550612952443615,0.05922348972415037,0.13557930167405838,15.671347917924075,3.97832780802055,2.758669832436776,1787259661.1778276
8.28044843673706,IDLE,stop,0.0,0.0,0.5,0.0,0.0,0.0,0.001,17.0,-0.0008660755909532803,-0.3493165152553779,0.09297234083534534,0.06749070765114103,15.671348481635132,3.9783275787268346,2.758669832436777,1787259661.1965642
8.300321817398071,IDLE,stop,0.0,0.0,0.5,0.0,0.0,0.0,0.001,17.0,0.0002230583366083882,-0.35945774379131024,0.06410375884193797,0.03382691917577571,15.671349373152383,3.978327218399845,2.7586698324367775,1787259661.2166197
8.32046914100647,IDLE,stop,0.0,0.0,0.5,0.0,0.0,0.0,0.001,17.0,0.00017698743776100315,-0.33094419743848746,0.10716156039553226,0.017143118883311128,15.671350341901475,3.9783268275139343,2.758669832436778,1787259661.2365758
8.340539693832397,IDLE,stop,0.0,0.0,0.5,0.0,0.0,0.0,0.001,17.0,-0.0008757061432155494,-0.36458454614959024,0.07839676648439564,0.008823498835565798,15.671351174424895,3.978326491801806,2.758669832436778,1787259661.2565699
8.360267400741577,IDLE,stop,0.0,0.0,0.5,0.0,0.0,0.0,0.0,17.0,-0.0019380303089636616,-0.3352844761676721,0.05936448071760125,0.004637974935674283,15.671351920346513,3.978326191138633,2.758669832436778,1787259661.2765322
8.380414247512817,IDLE,stop,0.0,0.0,0.5,0.0,0.0,0.0,0.0,17.0,0.00019520762730820652,-0.31747392961862175,0.09258507241709779,0.11032006180266357,15.677215917354296,3.9759560839518717,2.758684917554803,1787259661.296585
8.400343179702759,IDLE,stop,0.0,0.0,0.5,0.0,0.0,0.0,0.001,17.0,0.0012575316630191562,-0.32660391870930283,0.020838052217907688,0.05535252602928381,15.677215849727377,3.9759561119392712,2.758684917554803,1787259661.3165562
8.420416831970215,IDLE,stop,0.0,0.0,0.5,0.0,0.0,0.0,0.001,17.0,-0.001950524019472091,-0.3688124486981472,0.12163583173096981,0.028095107810902218,15.677215087356144,3.975956419425206,2.758684917554803,1787259661.3365765
8.445235013961792,IDLE,stop,0.0,0.0,0.5,0.0,0.0,0.0,0.001,17.0,-0.0008728428549322264,-0.35478037306534205,0.05449784292188653,0.014500326060863407,15.677214060955867,3.9759568330737576,2.758684917554803,1787259661.35654
8.460269927978516,IDLE,stop,0.0,0.0,0.5,0.0,0.0,0.0,0.001,17.0,0.0001616304714785415,-0.35455565724918614,0.06891937967890271,0.0421799536996954,15.676270082766392,3.976298648520082,2.7584707736559047,1787259661.377871
8.480429649353027,IDLE,stop,0.0,0.0,0.5,0.0,0.0,0.0,0.0,17.0,-0.0008921039594567642,-0.3267724647076946,0.068699633996264,0.020809973508745305,15.676270066529543,3.9762986538745366,2.7584707736559047,1787259661.396591
8.50048542022705,IDLE,stop,0.0,0.0,0.5,0.0,0.0,0.0,0.001,17.0,-0.0008642532501565827,-0.3775491759742806,0.09787914169529088,0.01029889818630472,15.676269981153443,3.9762986876310125,2.7584707736559047,1787259661.4165916
8.520237445831299,IDLE,stop,0.0,0.0,0.5,0.0,0.0,0.0,0.001,17.0,0.00018557710755522823,-0.32215126379949055,0.06387082037841907,0.005122665026655386,15.676269883672903,3.97629872656026,2.7584707736559047,1787259661.4367998
8.541037321090698,IDLE,stop,0.0,0.0,0.5,0.0,0.0,0.0,0.001,17.0,0.0012450379525107266,-0.3640227383366508,0.10247560157120716,0.0025678487707305304,15.6762697732487,3.9762987708680053,2.7584707736559047,1787259661.4565926
8.560369729995728,IDLE,stop,0.0,0.0,0.5,0.0,0.0,0.0,0.001,17.0,0.0012632581095486394,-0.34993449288608147,0.05930056333876621,0.0013009170993888992,15.676269860176346,3.976298735724449,2.7584707736559047,1787259661.4790654
8.580354690551758,IDLE,stop,0.0,0.0,0.5,0.0,0.0,0.0,0.001,17.0,0.00020770137032592652,-0.3591768581573902,0.0306380226157259,0.016640766855544786,15.675564787412837,3.976548715568287,2.758447779275711,1787259661.4966433
8.600286483764648,IDLE,stop,0.0,0.0,0.5,0.0,0.0,0.0,0.001,17.0,-0.0009064200107618914,-0.39726982523320586,0.0594308466180955,0.008243937694118476,15.675564863316673,3.976548685157362,2.758447779275711,1787259661.516577
8.62023401260376,IDLE,stop,0.0,0.0,0.5,0.0,0.0,0.0,0.001,17.0,0.0012642990570352647,-0.3262668267125193,0.05923547651675065,0.004107029564153958,15.67556496037975,3.976548646136236,2.758447779275711,1787259661.5365741
8.640446424484253,IDLE,stop,0.0,0.0,0.5,0.0,0.0,0.0,0.001,17.0,0.00017698743776100315,-0.3734336130612519,0.10730454309689996,0.00206311913515719,15.675565045991526,3.976548611685289,2.758447779275711,1787259661.556594
8.660445213317871,IDLE,stop,0.0,0.0,0.5,0.0,0.0,0.0,0.001,17.0,-0.0019476606011516052,-0.35945774379131024,0.06889379810932894,0.0010456168602536106,15.675565124487763,3.976548580077201,2.758447779275711,1787259661.5780568
8.680378198623657,IDLE,stop,0.0,0.0,0.5,0.0,0.0,0.0,0.001,17.0,-0.0009045976699651937,-0.33601479343390395,0.04961709871780684,0.03459036253002264,15.677222453152988,3.975859922531945,2.7585602150246094,1787259661.5966008
8.700395345687866,IDLE,stop,0.0,0.0,0.5,0.0,0.0,0.0,0.002,17.0,0.00015486317499030486,-0.36351713688657483,0.12175155178819175,0.01730804758065183,15.677222320912668,3.9758599771760386,2.7585602150246085,1787259661.616585
8.720409870147705,IDLE,stop,0.0,0.0,0.5,0.0,0.0,0.0,0.001,17.0,-0.0009035568525157311,-0.35032775470062916,0.035260356422011085,0.008749718491755905,15.677222046041875,3.975860088679616,2.758560215024608,1787259661.636601
8.740806102752686,IDLE,stop,0.0,0.0,0.5,0.0,0.0,0.0,0.001,17.0,-0.000867116408402743,-0.359626289789702,0.08801525391863763,0.004489299457640389,15.677221729280555,3.975860216725539,2.7585602150246076,1787259661.6565669
8.760354995727539,IDLE,stop,0.0,0.0,0.5,0.0,0.0,0.0,0.001,17.0,-0.0009103241164946771,-0.3457627601552886,0.05915880489822811,0.0023491854603780726,15.677221440200931,3.975860333432199,2.7585602150246076,1787259661.6766915
8.780252456665039,IDLE,stop,0.0,0.0,0.5,0.0,0.0,0.0,0.001,17.0,0.0023227191170505914,-0.3873533125134294,0.09303790274365298,0.006105122078809386,15.677475874443383,3.9757290748983465,2.758581649745641,1787259661.6965714
8.800251245498657,IDLE,stop,0.0,0.0,0.5,0.0,0.0,0.0,0.001,17.0,0.00021915424713024793,-0.3729841814289401,0.15051773441310523,0.0031402428615311144,15.677475874632847,3.975729075051715,2.7585816497456404,1787259661.7165642
8.820271968841553,IDLE,stop,0.0,0.0,0.5,0.0,0.0,0.0,0.001,17.0,-0.001925536338380907,-0.3506086403345492,0.02082591924490984,0.0016522043933470008,15.677475795125119,3.975729107212528,2.75858164974564,1787259661.7366064
8.840410947799683,IDLE,stop,0.0,0.0,0.5,0.0,0.0,0.0,0.001,17.0,-0.0008824734071944954,-0.3642474541528067,0.1024241095261651,0.0008941232473326061,15.677475675166967,3.975729155614268,2.75858164974564,1787259661.7565694
8.860419034957886,IDLE,stop,0.0,0.0,0.5,0.0,0.0,0.0,0.001,17.0,0.00019234440404346486,-0.3357339077999839,0.0784215806068822,0.005617301043102909,15.677630641048259,3.9756374962363217,2.7585693365945905,1787259661.7784243
8.88040566444397,IDLE,stop,0.0,0.0,0.5,0.0,0.0,0.0,0.0,17.0,-0.0008574859861776367,-0.37360215905964367,0.04978564471619862,0.0028628412034383487,15.677630759767299,3.9756374483807977,2.7585693365945905,1787259661.796606
8.900368452072144,IDLE,stop,0.0,0.0,0.5,0.0,0.0,0.0,0.001,17.0,0.00017698743776100315,-0.3220389241639623,0.08784670792024585,0.0014814281694462271,15.677630754593283,3.975637450453986,2.7585693365945905,1787259661.8165853
8.920430421829224,IDLE,stop,0.0,0.0,0.5,0.0,0.0,0.0,0.001,17.0,0.00016735691800802484,-0.37315272742733185,0.1073689172894774,0.0007851864220554718,15.677630714644291,3.9756374665439838,2.7585693365945905,1787259661.8367584
8.940596580505371,IDLE,stop,0.0,0.0,0.5,0.0,0.0,0.0,0.0,17.0,0.0012546685047729958,-0.3263792028931469,0.044839630964606414,0.00042875008480955867,15.677630653795843,3.975637491057703,2.7585693365945905,1787259661.8570635
8.960251808166504,IDLE,stop,0.0,0.0,0.5,0.0,0.0,0.0,0.001,17.0,-0.0008699796966860659,-0.3548927492459697,0.05926211789420677,0.12151205015490214,15.674017414320964,3.977056847781681,2.7587091465312934,1787259661.878454
8.980427265167236,IDLE,stop,0.0,0.0,0.5,0.0,0.0,0.0,0.001,17.0,-0.0008603491444237971,-0.3209715149009469,0.06414118102371447,0.06076132130105045,15.674016867253618,3.977057061717067,2.758709146531293,1787259661.8967655
9.000435829162598,IDLE,stop,0.0,0.0,0.5,0.0,0.0,0.0,0.001,17.0,0.00018271388429048652,-0.34542566815850506,0.10713627118675362,0.030644660380326157,15.67401730372611,3.97705688239622,2.7587091465312925,1787259661.9165952
9.020485639572144,IDLE,stop,0.0,0.0,0.5,0.0,0.0,0.0,0.0,17.0,0.00019807085057294823,-0.38740951887629294,0.049914831642546176,0.015664884971893955,15.674017990398077,3.9770566038897557,2.7587091465312925,1787259661.936606
9.040531635284424,IDLE,stop,0.0,0.0,0.5,0.0,0.0,0.0,0.0,17.0,0.00018271388429048652,-0.2976971105419324,0.05440589545181851,0.008166506299860998,15.674018760341614,3.9770562927178887,2.7587091465312925,1787259661.9566019
9.060418367385864,IDLE,stop,0.0,0.0,0.5,0.0,0.0,0.0,0.001,17.0,0.00018948118077872315,-0.3403550721630886,0.06888031296765362,0.25718058779080366,15.679142123489715,3.9749714015110316,2.7585359575658748,1787259661.9783077
9.080244302749634,IDLE,stop,0.0,0.0,0.5,0.0,0.0,0.0,0.001,17.0,-0.003003217632957934,-0.373208897245096,0.112146074409333,0.12751463367513552,15.67914273964911,3.97497114446626,2.7585359575658757,1787259661.9965541
9.100265979766846,IDLE,stop,0.0,0.0,0.5,0.0,0.0,0.0,0.001,17.0,-0.001953387177718251,-0.34114159579218395,0.039959946568409066,0.06354193417293877,15.679142294349727,3.9749713190798066,2.758535957565876,1787259662.0165818
9.120509386062622,IDLE,stop,0.0,0.0,0.5,0.0,0.0,0.0,0.001,17.0,0.0012632581095486394,-0.3351159301692803,0.14562350506735022,0.03193423165245456,15.679141407934418,3.9749716736146232,2.7585359575658766,1787259662.036579
9.145730257034302,IDLE,stop,0.0,0.0,0.5,0.0,0.0,0.0,0.001,17.0,-0.0008757061432155494,-0.35951391360907436,0.02577072700822214,0.016246708310007654,15.679140443601868,3.974972060741765,2.7585359575658766,1787259662.056561
9.160410404205322,IDLE,stop,0.0,0.0,0.5,0.0,0.0,0.0,0.001,17.0,0.00018948118077872315,-0.3502153785200015,0.09755637537746864,0.06720887061229973,15.677372885679137,3.975644438253443,2.758414648145031,1787259662.0780866
9.180583715438843,IDLE,stop,0.0,0.0,0.5,0.0,0.0,0.0,0.001,17.0,-0.0008603491444237971,-0.34604364578920865,0.06388448824559134,0.03319436181872091,15.677372832756767,3.9756444611063646,2.7584146481450307,1787259662.0965846
9.200268507003784,IDLE,stop,0.0,0.0,0.5,0.0,0.0,0.0,0.001,17.0,0.00018948118077872315,-0.30316096835189654,0.05425160204218926,0.016449299326596986,15.677372926305921,3.9756444242330504,2.7584146481450302,1787259662.1168246
9.220269203186035,IDLE,stop,0.0,0.0,0.5,0.0,0.0,0.0,0.001,17.0,0.0002105645935906682,-0.3589521423412343,0.13127993727988496,0.00820136927741875,15.67737308529641,3.975644360604205,2.7584146481450302,1787259662.136586
9.240283966064453,IDLE,stop,0.0,0.0,0.5,0.0,0.0,0.0,0.001,17.0,0.0023313085917890724,-0.34046744834371623,0.03532441998124369,0.004123763504514425,15.67737325781606,3.975644291314634,2.7584146481450302,1787259662.1565402
9.260255098342896,IDLE,stop,0.0,0.0,0.5,0.0,0.0,0.0,0.001,17.0,-0.0009006935642324081,-0.3450886127068209,0.07847340155781879,0.061005660227000776,15.675527300286376,3.9763507853062308,2.758710564308228,1787259662.17806
9.280247688293457,IDLE,stop,0.0,0.0,0.5,0.0,0.0,0.0,0.0,17.0,0.0001866179575139815,-0.34046744834371623,0.10238473218157118,0.0306447390613372,15.675526576522087,3.976351068781114,2.758710564308225,1787259662.1965857
9.300432920455933,IDLE,stop,0.0,0.0,0.5,0.0,0.0,0.0,0.001,17.0,0.00017698743776100315,-0.38256360215193297,0.0786677118512813,0.015558817853275392,15.675526605817245,3.9763510525587513,2.758710564308223,1787259662.216553
9.320246458053589,IDLE,stop,0.0,0.0,0.5,0.0,0.0,0.0,0.001,17.0,0.0012575316630191562,-0.3508333561507051,0.07346467641567145,0.008030221674467507,15.675526908850546,3.9763509280732285,2.758710564308222,1787259662.236586
9.346271276473999,IDLE,stop,0.0,0.0,0.5,0.0,0.0,0.0,0.001,17.0,0.00020770137032592652,-0.35923302797515433,0.09768543439596833,0.004240515172813044,15.675527328074692,3.976350757886082,2.7587105643082217,1787259662.256576
9.360279321670532,IDLE,stop,0.0,0.0,0.5,0.0,0.0,0.0,0.002,17.0,0.0023102251464678365,-0.34029890234532445,0.04973309286327421,0.002306095487020346,15.675527607949048,3.9763506444263954,2.7587105643082213,1787259662.2770202
9.380298614501953,IDLE,stop,0.0,0.0,0.5,0.0,0.0,0.0,0.001,17.0,0.00018271388429048652,-0.3552860110605174,0.0591719976791083,0.03582485658647623,15.677359988269973,3.975603871213312,2.7585139858151964,1787259662.2965803
9.40028166770935,IDLE,stop,0.0,0.0,0.5,0.0,0.0,0.0,0.001,17.0,0.00017022014127276652,-0.38825217577805304,0.06888181131672866,0.017876920943420874,15.67735985751969,3.9756039221547446,2.758513985815196,1787259662.3165393
9.420268058776855,IDLE,stop,0.0,0.0,0.5,0.0,0.0,0.0,0.001,17.0,-0.0008728428549322264,-0.3359024537983757,0.09275303369389931,0.00900265114815692,15.677359605209281,3.9756040228680494,2.758513985815196,1787259662.3365502
9.440292835235596,IDLE,stop,0.0,0.0,0.5,0.0,0.0,0.0,0.001,17.0,0.0001741242144962615,-0.35912068833962607,0.08334109916141585,0.004593379043594731,15.677359329883846,3.9756041332893255,2.758513985815196,1787259662.3565748
9.460261583328247,IDLE,stop,0.0,0.0,0.5,0.0,0.0,0.0,0.001,17.0,0.0012825190840360147,-0.33088802762072334,0.07364429557917873,0.008358207917323234,15.677499508440743,3.9754916973021763,2.7584413904237612,1787259662.377828
9.480422258377075,IDLE,stop,0.0,0.0,0.5,0.0,0.0,0.0,0.001,17.0,-0.0008978304059862476,-0.3361833394322957,0.06394855180482395,0.004250653553970835,15.677499577038562,3.975491668993299,2.7584413904237612,1787259662.396623
9.500773191452026,IDLE,stop,0.0,0.0,0.5,0.0,0.0,0.0,0.001,17.0,0.00017985066102574486,-0.3395123787162291,0.11218362449895736,0.0021948750838267626,15.677499507559082,3.9754916966357134,2.7584413904237612,1787259662.41655
9.520594835281372,IDLE,stop,0.0,0.0,0.5,0.0,0.0,0.0,0.0,17.0,0.0023477065380674497,-0.33116891325464337,0.05441981913468652,0.0011596647716017564,15.677499417817582,3.9754917326082952,2.7584413904237612,1787259662.436597
9.540482997894287,IDLE,stop,0.0,0.0,0.5,0.0,0.0,0.0,0.002,17.0,-0.0008853366954778184,-0.33049476580617565,0.08331445778395974,0.0006319801747539804,15.67749931513419,3.9754917738871636,2.7584413904237612,1787259662.4566078
9.560253620147705,IDLE,stop,0.0,0.0,0.5,0.0,0.0,0.0,0.001,17.0,0.0012728886618109084,-0.3598510056058579,0.07359368061652205,0.04085677669520281,15.676260932182624,3.975990809756991,2.758657636992418,1787259662.477788
9.580307960510254,IDLE,stop,0.0,0.0,0.5,0.0,0.0,0.0,0.001,17.0,-0.0008507185921615281,-0.35889597252347016,0.0546524652374103,0.020399313976152893,15.67626076325386,3.975990874819956,2.758657636992417,1787259662.4966438
9.600404262542725,IDLE,stop,0.0,0.0,0.5,0.0,0.0,0.0,0.001,17.0,0.00017022014127276652,-0.3728156719756477,0.09307609237251668,0.010272676451204507,15.67626090614053,3.975990815618477,2.7586576369924165,1787259662.5165906
9.620358228683472,IDLE,stop,0.0,0.0,0.5,0.0,0.0,0.0,0.001,17.0,0.0012853823723193377,-0.34136631160833986,0.07343861975980559,0.00524102250756646,15.676261133596578,3.975990723089849,2.758657636992416,1787259662.5366127
9.64039945602417,IDLE,stop,0.0,0.0,0.5,0.0,0.0,0.0,0.001,17.0,-0.001950524019472091,-0.36374185270273074,0.08816991277926078,0.0027229708658114207,15.67626138695366,3.9759906205346716,2.758657636992416,1787259662.5566125
9.660379409790039,IDLE,stop,0.0,0.0,0.5,0.0,0.0,0.0,0.001,17.0,-0.000867116408402743,-0.3354529856209645,0.059325889092644246,0.0735833283702529,15.674018934016635,3.976836706882054,2.7584980198864155,1787259662.577887
9.680318832397461,IDLE,stop,0.0,0.0,0.5,0.0,0.0,0.0,0.0,17.0,0.0012575316630191562,-0.35483657942820557,0.059274981769192436,0.036884308988415285,15.674018549393432,3.9768368658737487,2.7584980198864146,1787259662.5966046
9.700405836105347,IDLE,stop,0.0,0.0,0.5,0.0,0.0,0.0,0.0,17.0,-0.0008949671177029248,-0.3263792028931469,0.08794983819072755,0.018669286251347283,15.67401883649096,3.9768367523678907,2.758498019886414,1787259662.6166358
9.720280885696411,IDLE,stop,0.0,0.0,0.5,0.0,0.0,0.0,0.002,17.0,-0.0008853366954778184,-0.36825067743030715,0.08823441487968608,0.009621549604516345,15.674019351441686,3.9768365460487276,2.7584980198864137,1787259662.6365852
9.740457773208618,IDLE,stop,0.0,0.0,0.5,0.0,0.0,0.0,0.001,17.0,-0.0008728428549322264,-0.31195390199089346,0.05443209828808193,0.005053392128727434,15.674019876326877,3.9768363351823863,2.7584980198864137,1787259662.6565993
9.760403871536255,IDLE,stop,0.0,0.0,0.5,0.0,0.0,0.0,0.001,17.0,0.0012728886618109084,-0.3595701199719379,0.054497989102284095,0.12591023195733125,15.67779682687312,3.9752979166632296,2.7585185758164084,1787259662.6776662
9.780289649963379,IDLE,stop,0.0,0.0,0.5,0.0,0.0,0.0,0.001,17.0,-0.002994627898145128,-0.36379802252049487,0.06420688911241967,0.06293145482156631,15.677798118874414,3.9752973958960167,2.7585185758164097,1787259662.6965733
9.80027174949646,IDLE,stop,0.0,0.0,0.5,0.0,0.0,0.0,0.001,17.0,0.0023313085917890724,-0.3399618103485409,0.09771057742434941,0.031710361957995,15.677798147635025,3.9752973842429173,2.7585185758164106,1787259662.7168255
9.820504665374756,IDLE,stop,0.0,0.0,0.5,0.0,0.0,0.0,0.001,17.0,0.00019234440404346486,-0.3547242032475779,0.03056058355011615,0.016211457934282997,15.677797551525297,3.975297624429431,2.758518575816411,1787259662.736648
9.840319633483887,IDLE,stop,0.0,0.0,0.5,0.0,0.0,0.0,0.001,17.0,-0.0008632123026699574,-0.3117853559925017,0.10237093640655104,0.008443740819707776,15.677796891063458,3.975297890564283,2.7585185758164115,1787259662.7567835
9.860525369644165,IDLE,stop,0.0,0.0,0.5,0.0,0.0,0.0,0.001,17.0,-0.0008921039594567642,-0.345144782524585,0.07367049841544215,0.0044958293902357185,15.677796201703385,3.9752981683531914,2.7585185758164115,1787259662.7767458
9.880547285079956,IDLE,stop,0.0,0.0,0.5,0.0,0.0,0.0,0.001,17.0,0.0002105645935906682,-0.34475152071003734,0.06897057936314965,0.04371308311979058,15.675536121943848,3.9761642476613153,2.758536425586743,1787259662.7965527
9.900446891784668,IDLE,stop,0.0,0.0,0.5,0.0,0.0,0.0,0.0,17.0,0.00019911170053170147,-0.33150596870632754,0.05434256279457372,0.021780493897534264,15.67553625934453,3.9761641920632194,2.758536425586743,1787259662.8166358
9.920532703399658,IDLE,stop,0.0,0.0,0.5,0.0,0.0,0.0,0.001,17.0,0.0012546685047729958,-0.37337744324348776,0.11689746723411787,0.01093181378896776,15.675536569289761,3.9761640670403904,2.758536425586743,1787259662.8365984
9.94040322303772,IDLE,stop,0.0,0.0,0.5,0.0,0.0,0.0,0.001,17.0,0.00019234440404346486,-0.3455380443391327,0.054420294220978604,0.005551526594280714,15.675536885983503,3.976163939355357,2.758536425586743,1787259662.8565586
9.960246324539185,IDLE,stop,0.0,0.0,0.5,0.0,0.0,0.0,0.001,17.0,0.00019234440404346486,-0.3739392510564272,0.1023986375918895,0.0680731638976173,15.673391792277913,3.9769952986025916,2.758545256398857,1787259662.8782299
9.980496168136597,IDLE,stop,0.0,0.0,0.5,0.0,0.0,0.0,0.002,17.0,-0.0008796102489483351,-0.34993449288608147,0.11678083354941116,0.03419437099020207,15.67339143690082,3.976995441358394,2.7585452563988566,1787259662.896576
10.000256538391113,IDLE,stop,0.0,0.0,0.5,0.0,0.0,0.0,0.001,17.0,0.00016735691800802484,-0.31251567325873353,0.08304351241707408,0.017360103338305777,15.67339172991114,3.976995323045355,2.7585452563988566,1787259662.9165833
10.020317792892456,IDLE,stop,0.0,0.0,0.5,0.0,0.0,0.0,0.0,17.0,-0.0008603491444237971,-0.3777738917904365,0.12177775462445517,0.008953916933045664,15.673392256575749,3.9769951106910413,2.7585452563988566,1787259662.9365935
10.040364503860474,IDLE,stop,0.0,0.0,0.5,0.0,0.0,0.0,0.0,17.0,0.0034004000215161305,-0.32682863452545874,0.05431668886420482,0.004723156866533781,15.673392802139615,3.976994890781741,2.7585452563988566,1787259662.9565465
10.060253381729126,IDLE,stop,0.0,0.0,0.5,0.0,0.0,0.0,0.001,17.0,-0.0009035568525157311,-0.34987832306831734,0.07368350847082539,0.08232699076771438,15.67591089671669,3.975960211701325,2.75842912260594,1787259662.9780855
10.081570863723755,IDLE,stop,0.0,0.0,0.5,0.0,0.0,0.0,0.001,17.0,0.00020483814706118484,-0.3544433176136579,0.06415510470658248,0.04110707421249418,15.675911648957088,3.975959905102627,2.7584291226059405,1787259662.9966216
10.100359678268433,IDLE,stop,0.0,0.0,0.5,0.0,0.0,0.0,0.001,17.0,0.00018948118077872315,-0.3829006941487165,0.059430371531803416,0.02070227984210917,15.67591156128958,3.9759599385772413,2.7584291226059405,1787259663.01655
10.120287656784058,IDLE,stop,0.0,0.0,0.5,0.0,0.0,0.0,0.0,17.0,0.00019234440404346486,-0.33111274343687924,0.08796284824611078,0.010556792680928156,15.675911258137418,3.9759600597476465,2.7584291226059405,1787259663.0366275
10.140382051467896,IDLE,stop,0.0,0.0,0.5,0.0,0.0,0.0,0.001,17.0,0.00017698743776100315,-0.36847539324646306,0.09297292555693559,0.005485788644972227,15.675910814385599,3.9759602380529153,2.7584291226059405,1787259663.0565724
10.160533666610718,IDLE,stop,0.0,0.0,0.5,0.0,0.0,0.0,0.001,17.0,0.00020770137032592652,-0.3307756514400957,0.09762014657590612,0.002903585586371625,15.675910721229796,3.975960275291967,2.7584291226059405,1787259663.07738
10.180504322052002,IDLE,stop,0.0,0.0,0.5,0.0,0.0,0.0,0.001,17.0,0.00017698743776100315,-0.3314497988885634,0.05914550248204975,0.06515538815557133,15.679220636087207,3.9745911880350313,2.7582265258828036,1787259663.0966527
10.200390100479126,IDLE,stop,0.0,0.0,0.5,0.0,0.0,0.0,0.001,17.0,0.00017022014127276652,-0.3444144652583532,0.10257798266715135,0.032845897170839584,15.67922031009374,3.9745913124252223,2.7582265258828036,1787259663.1167107
10.220325708389282,IDLE,stop,0.0,0.0,0.5,0.0,0.0,0.0,0.001,17.0,-0.0019323037323970157,-0.3305509356239398,0.1264117645899958,0.016799119196240803,15.67921958509836,3.974591600917905,2.7582265258828036,1787259663.1366358
10.24062204360962,IDLE,stop,0.0,0.0,0.5,0.0,0.0,0.0,0.001,17.0,-0.0008478554339153676,-0.3352844761676721,0.035414357470845204,0.008757602696700874,15.679218750381311,3.9745919354205625,2.7582265258828036,1787259663.1565711
10.260249376296997,IDLE,stop,0.0,0.0,0.5,0.0,0.0,0.0,0.001,17.0,0.0012632581095486394,-0.3357339077999839,0.0784215806068822,0.14325310798248256,15.675235418308743,3.976158154922071,2.7583669943252804,1787259663.1780794
10.280251502990723,IDLE,stop,0.0,0.0,0.5,0.0,0.0,0.0,0.001,17.0,-0.0008949671177029248,-0.34581892997305275,0.08309606426999849,0.07109793746013986,15.675235393547787,3.976158161399389,2.758366994325279,1787259663.1966264
10.300329208374023,IDLE,stop,0.0,0.0,0.5,0.0,0.0,0.0,0.0,17.0,-0.000867116408402743,-0.3922553990555535,0.11696244442083525,0.03548515278170405,15.675235993832233,3.976157917460588,2.758366994325278,1787259663.216576
10.320248365402222,IDLE,stop,0.0,0.0,0.5,0.0,0.0,0.0,0.001,17.0,-0.0009092832990452145,-0.326940974160987,0.04471088257945155,0.01788311337868582,15.67523663367459,3.976157658441562,2.7583669943252778,1787259663.2366235
10.340489864349365,IDLE,stop,0.0,0.0,0.5,0.0,0.0,0.0,0.001,17.0,-0.0008824734071944954,-0.35438711125079436,0.11685823606992152,0.00912563637956272,15.6752373155667,3.9761573829474024,2.7583669943252773,1787259663.2565804
10.360222101211548,IDLE,stop,0.0,0.0,0.5,0.0,0.0,0.0,0.001,17.0,0.0001730833645375082,-0.34046744834371623,0.05448450396060878,0.049921154548998516,15.67389801811546,3.976665280475635,2.7581997511759515,1787259663.2776878
10.380437135696411,IDLE,stop,0.0,0.0,0.5,0.0,0.0,0.0,0.001,17.0,0.00020197492379644315,-0.3836872177778119,0.07841021508097157,0.0250935142848271,15.673897695735228,3.976665414026991,2.7581997511759524,1787259663.2967114
10.40024447441101,IDLE,stop,0.0,0.0,0.5,0.0,0.0,0.0,0.001,17.0,0.00021733189007890484,-0.3408045037954004,0.10709751510884935,0.012762424104858066,15.673897981827873,3.9766653005686954,2.758199751175953,1787259663.316552
10.420364618301392,IDLE,stop,0.0,0.0,0.5,0.0,0.0,0.0,0.001,17.0,0.00019520762730820652,-0.32666008852706696,0.06393535902394376,0.006600709065016148,15.673898368311965,3.976665145746173,2.7581997511759533,1787259663.3365467
10.440364360809326,IDLE,stop,0.0,0.0,0.5,0.0,0.0,0.0,0.001,17.0,0.00018271388429048652,-0.38273214815032475,0.10257918865543125,0.003493510444418185,15.673898757820004,3.976664989224501,2.7581997511759533,1787259663.3566024
10.460346460342407,IDLE,stop,0.0,0.0,0.5,0.0,0.0,0.0,0.001,17.0,-0.0008978304059862476,-0.3503839245183933,0.04003749526931699,0.07520757826833024,15.676163351748976,3.975713198435523,2.7582172403923653,1787259663.3778274
10.480370998382568,IDLE,stop,0.0,0.0,0.5,0.0,0.0,0.0,0.001,17.0,-0.001953387177718251,-0.36480926196574615,0.07834527443935357,0.03746031611968869,15.676163657066594,3.975713075249185,2.758217240392366,1787259663.3966
10.500421047210693,IDLE,stop,0.0,0.0,0.5,0.0,0.0,0.0,0.0,17.0,0.0001741242144962615,-0.3687562788803831,0.09290856963690786,0.01880146835624374,15.676163449593087,3.9757131589067343,2.7582172403923666,1787259663.4166167
10.520418882369995,IDLE,stop,0.0,0.0,0.5,0.0,0.0,0.0,0.001,17.0,-0.0019601543116600346,-0.37867275505506015,0.03535139026459433,0.009545042158549913,15.676163077669452,3.9757133089026704,2.7582172403923666,1787259663.4365819
10.54096007347107,IDLE,stop,0.0,0.0,0.5,0.0,0.0,0.0,0.001,17.0,-0.001940893467209822,-0.3356777379822198,0.0736444417595763,0.004925126601111548,15.676162680191602,3.975713469211164,2.7582172403923666,1787259663.4565685
10.56043553352356,IDLE,stop,0.0,0.0,0.5,0.0,0.0,0.0,0.001,17.0,0.0012700253735275855,-0.36864390269975544,0.04982412670585745,0.023190518753896897,15.675531522939938,3.975953544660399,2.7585122986048733,1787259663.4778252
10.580246448516846,IDLE,stop,0.0,0.0,0.5,0.0,0.0,0.0,0.001,17.0,-0.0009006935642324081,-0.368980994696539,0.08806707486957421,0.011434303985347746,15.675531489746751,3.975953557200932,2.7585122986048733,1787259663.496585
10.60034990310669,IDLE,stop,0.0,0.0,0.5,0.0,0.0,0.0,0.001,17.0,-0.0008449921456320446,-0.3173615534379941,0.05429063220833896,0.0056540359850040375,15.67553151311153,3.9759535473247083,2.7585122986048733,1787259663.5165925
10.620346546173096,IDLE,stop,0.0,0.0,0.5,0.0,0.0,0.0,0.001,17.0,0.0012393115059812433,-0.35055247051678506,0.011258741130212968,0.0028091516360993405,15.675531555736407,3.9759535298938924,2.7585122986048733,1787259663.5365834
10.640645980834961,IDLE,stop,0.0,0.0,0.5,0.0,0.0,0.0,0.001,17.0,0.00017022014127276652,-0.354499487431422,0.11204246905255921,0.0014054615419278034,15.675531601312233,3.9759535113878695,2.7585122986048733,1787259663.5565856
10.660523891448975,IDLE,stop,0.0,0.0,0.5,0.0,0.0,0.0,0.001,17.0,0.0012479011107568872,-0.3595701199719379,0.054497989102284095,0.09904737174765575,15.672414550646973,3.977170767391746,2.758642700264321,1787259663.5779767
10.680644750595093,IDLE,stop,0.0,0.0,0.5,0.0,0.0,0.0,0.001,17.0,-0.0008699796966860659,-0.3405797879792445,0.06882882092261156,0.049735332630059734,15.672413491886749,3.9771711857722765,2.75864270026432,1787259663.5965471
10.700470685958862,IDLE,stop,0.0,0.0,0.5,0.0,0.0,0.0,0.001,17.0,-0.0008699796966860659,-0.3312250830724075,0.10230718348066326,0.02522102771386539,15.672413408503298,3.977171214881428,2.7586427002643195,1787259663.6166532
10.720351934432983,IDLE,stop,0.0,0.0,0.5,0.0,0.0,0.0,0.001,17.0,-0.001925536338380907,-0.37743683633875236,0.09790488771781192,0.013001096810605644,15.672413956087757,3.977170991826369,2.758642700264319,1787259663.6365829
10.743561744689941,IDLE,stop,0.0,0.0,0.5,0.0,0.0,0.0,0.0,17.0,0.0012296809537189744,-0.3368013170629993,0.05901690027729245,0.006857195846438084,15.672414643074468,3.9771707137246994,2.758642700264319,1787259663.6565423
10.760313272476196,IDLE,stop,0.0,0.0,0.5,0.0,0.0,0.0,0.001,17.0,-0.0008853366954778184,-0.33517209998704445,0.10729047323363439,0.11456008138616375,15.675881598815016,3.9757640273182986,2.758697889125103,1787259663.6779435
10.78025197982788,IDLE,stop,0.0,0.0,0.5,0.0,0.0,0.0,0.001,17.0,-0.0008699796966860659,-0.344863896890665,0.07373485433546989,0.057040695819880166,15.67588195818273,3.9757638851824777,2.758697889125104,1787259663.6965318
10.80044412612915,IDLE,stop,0.0,0.0,0.5,0.0,0.0,0.0,0.001,17.0,0.00018271388429048652,-0.3310565370740157,0.10234579337816996,0.02858593193118521,15.67588223535415,3.9757637749347237,2.7586978891251044,1787259663.716599
10.820313930511475,IDLE,stop,0.0,0.0,0.5,0.0,0.0,0.0,0.001,17.0,0.00017022014127276652,-0.37783009815330004,0.05949458127143359,0.01447320212650231,15.675882380625348,3.9757637171750795,2.758697889125105,1787259663.7366755
10.840290069580078,IDLE,stop,0.0,0.0,0.5,0.0,0.0,0.0,0.001,17.0,0.0001655345447020364,-0.31724921380246585,0.07347648048277478,0.007450552340070849,15.675882125822334,3.9757638202268564,2.758697889125105,1787259663.756541
10.8602454662323,IDLE,stop,0.0,0.0,0.5,0.0,0.0,0.0,0.001,17.0,-0.001940893467209822,-0.363854192338259,0.08814414848419005,0.07767595787059699,15.677937061378996,3.9749305564827053,2.7587796733734917,1787259663.778129
10.880253314971924,IDLE,stop,0.0,0.0,0.5,0.0,0.0,0.0,0.001,17.0,-0.0009045976699651937,-0.3591768581573902,0.03542802533801748,0.03895168241438111,15.677938019719802,3.974930173373352,2.75877967337349,1787259663.796549
10.90045690536499,IDLE,stop,0.0,0.0,0.5,0.0,0.0,0.0,0.002,17.0,-0.0008699796966860659,-0.3598510056058579,0.020903431400718375,0.019736910875865127,15.677937959108743,3.974930199325845,2.758779673373489,1787259663.8165457
10.920343399047852,IDLE,stop,0.0,0.0,0.5,0.0,0.0,0.0,0.001,17.0,-0.0008824734071944954,-0.34013035634693267,0.1168320332336581,0.010151895779834684,15.677937591647563,3.97493034814716,2.7587796733734886,1787259663.8366349
10.940402030944824,IDLE,stop,0.0,0.0,0.5,0.0,0.0,0.0,0.001,17.0,0.00019234440404346486,-0.38340629559879247,0.054524484299342646,0.005338295923108958,15.677937059246428,3.9749305630031397,2.758779673373488,1787259663.8565843
10.960508584976196,IDLE,stop,0.0,0.0,0.5,0.0,0.0,0.0,0.001,17.0,-0.0008910630119701392,-0.33584624743551217,0.04965572688786324,0.0028880398463859546,15.677936567926887,3.974930761105287,2.758779673373488,1787259663.876567
10.980461835861206,IDLE,stop,0.0,0.0,0.5,0.0,0.0,0.0,0.001,17.0,0.00017022014127276652,-0.33601479343390395,0.054407101440098415,0.07079400624091585,15.674155466374648,3.976428450746661,2.7588046653104796,1787259663.8966033
11.00038194656372,IDLE,stop,0.0,0.0,0.5,0.0,0.0,0.0,0.001,17.0,-0.0008881998537239787,-0.33601479343390395,0.06398717997488035,0.035555779720872115,15.674155485785512,3.976428442175703,2.758804665310482,1787259663.9165552
11.0204918384552,IDLE,stop,0.0,0.0,0.5,0.0,0.0,0.0,0.001,17.0,0.00016735691800802484,-0.34948506125376966,0.09772373366013021,0.018077649353668065,15.67415595282037,3.9764282537086104,2.758804665310483,1787259663.9366176
11.044583797454834,IDLE,stop,0.0,0.0,0.5,0.0,0.0,0.0,0.002,17.0,0.0023255820152224267,-0.34097304979379217,0.03520857201617389,0.009349205469895485,15.674156627187214,3.976427981946473,2.758804665310484,1787259663.9565754
11.06042742729187,IDLE,stop,0.0,0.0,0.5,0.0,0.0,0.0,0.001,17.0,0.00019520762730820652,-0.3211962307171028,0.09761985421511099,0.06569464600142358,15.67232666719547,3.9771445388728117,2.7586122631317465,1787259663.9776835
11.080264568328857,IDLE,stop,0.0,0.0,0.5,0.0,0.0,0.0,0.001,17.0,0.0001616304714785415,-0.3551174650621256,0.06879066783884724,0.0331328546760276,15.672325580300274,3.977144984135224,2.7586122631317456,1787259663.9967902
11.100343942642212,IDLE,stop,0.0,0.0,0.5,0.0,0.0,0.0,0.001,17.0,0.0012700253735275855,-0.38802745996189714,0.06893333990687012,0.01693338064936735,15.672325689321594,3.977144944281354,2.758612263131745,1787259664.0165489
11.120304346084595,IDLE,stop,0.0,0.0,0.5,0.0,0.0,0.0,0.002,17.0,-0.0008949671177029248,-0.3220389241639623,0.10221677090476966,0.008821223134671633,15.672326017546565,3.9771448142880934,2.7586122631317447,1787259664.0366685
11.140356540679932,IDLE,stop,0.0,0.0,0.5,0.0,0.0,0.0,0.0,17.0,-0.0008853366954778184,-0.37760538233714414,0.07391615457354916,0.004717391878423679,15.672326603303746,3.977144579534763,2.7586122631317447,1787259664.0566478
11.160476684570312,IDLE,stop,0.0,0.0,0.5,0.0,0.0,0.0,0.001,17.0,0.0023505696963136103,-0.34052361816148036,0.035311556106258024,0.20712529323797493,15.678485785955848,3.9746455656344657,2.758484263492319,1787259664.0776572
11.18048882484436,IDLE,stop,0.0,0.0,0.5,0.0,0.0,0.0,0.001,17.0,0.0012921496362982838,-0.3692057105126949,0.07843550428975021,0.10336468545705652,15.678486780617842,3.9746451526573945,2.7584842634923206,1787259664.0965931
11.200278282165527,IDLE,stop,0.0,0.0,0.5,0.0,0.0,0.0,0.001,17.0,-0.0008853366954778184,-0.3548927492459697,0.07842220187357185,0.05200779924684466,15.678486114215938,3.9746454145597383,2.7584842634923215,1787259664.1165636
11.220229625701904,IDLE,stop,0.0,0.0,0.5,0.0,0.0,0.0,0.001,17.0,0.00017985066102574486,-0.32604211089636337,0.10239713924281446,0.0265034474267886,15.678485027241829,3.974645848960321,2.758484263492322,1787259664.136618
11.240631341934204,IDLE,stop,0.0,0.0,0.5,0.0,0.0,0.0,0.001,17.0,-0.0008910630119701392,-0.3877465743279771,0.0785777378165804,0.013756296145327545,15.678483827314428,3.974646330535245,2.7584842634923223,1787259664.1565988
11.261014938354492,IDLE,stop,0.0,0.0,0.5,0.0,0.0,0.0,0.001,17.0,-0.000876746960665012,-0.35055247051678506,0.06394899034601664,0.059891077285182975,15.676845742732196,3.9752849834398853,2.7585029363852853,1787259664.1777275
11.280365467071533,IDLE,stop,0.0,0.0,0.5,0.0,0.0,0.0,0.001,17.0,-0.0008728428549322264,-0.3502153785200015,0.07839629139810356,0.029474547572042483,15.676845679294365,3.9752850090224334,2.7585029363852853,1787259664.1966078
11.30025315284729,IDLE,stop,0.0,0.0,0.5,0.0,0.0,0.0,0.001,17.0,0.0012421747942645664,-0.38746568869405706,0.09301217499368164,0.014535271904874353,15.676845727336191,3.9752849896710174,2.7585029363852853,1787259664.2166057
11.32044768333435,IDLE,stop,0.0,0.0,0.5,0.0,0.0,0.0,0.002,17.0,0.00019807085057294823,-0.3411977656099481,0.030367040703740855,0.0071922750280292245,15.676845802847302,3.975284959245247,2.7585029363852853,1787259664.2366302
11.340445518493652,IDLE,stop,0.0,0.0,0.5,0.0,0.0,0.0,0.001,17.0,0.00018271388429048652,-0.33071948162233156,0.12158313369764784,0.0035767316287902222,15.67684588895711,3.9752849245458695,2.7585029363852853,1787259664.2566004
11.360750913619995,IDLE,stop,0.0,0.0,0.5,0.0,0.0,0.0,0.001,17.0,0.00022982563309662484,-0.3827883179680889,0.07861621980623923,0.1607222898270522,15.671889152252293,3.9772317654007265,2.7584713274004002,1787259664.2777808
11.380389213562012,IDLE,stop,0.0,0.0,0.5,0.0,0.0,0.0,0.001,17.0,0.00021446866681416318,-0.3549489190637338,0.06403925674151267,0.08044452522287719,15.671888348203753,3.9772320910333434,2.7584713274003945,1787259664.2966042
11.400275230407715,IDLE,stop,0.0,0.0,0.5,0.0,0.0,0.0,0.001,17.0,0.0012825190840360147,-0.3174177598008576,0.07343785231271838,0.04063525313102561,15.671888947417383,3.9772318503942086,2.7584713274003914,1787259664.3165944
11.420451641082764,IDLE,stop,0.0,0.0,0.5,0.0,0.0,0.0,0.001,17.0,0.00020197492379644315,-0.34091687997602804,0.03522143589115956,0.0208255057722142,15.671890009090943,3.9772314229776065,2.7584713274003896,1787259664.336553
11.44046688079834,IDLE,stop,0.0,0.0,0.5,0.0,0.0,0.0,0.001,17.0,0.00019234440404346486,-0.34418974944219727,0.11220951670187596,0.010875339600635222,15.671890941081614,3.977231047613668,2.7584713274003887,1787259664.3568976
11.460474252700806,IDLE,stop,0.0,0.0,0.5,0.0,0.0,0.0,0.001,17.0,-0.0008728428549322264,-0.3455380443391327,0.03526021024161352,0.14283754535716947,15.67640153535908,3.975400001800444,2.758428410973437,1787259664.3782797
11.480377197265625,IDLE,stop,0.0,0.0,0.5,0.0,0.0,0.0,0.0,17.0,-0.0008728428549322264,-0.34536949834074093,0.09277909034976517,0.07135412240928495,15.676402697787895,3.9753995311834522,2.758428410973438,1787259664.3966546
11.50024938583374,IDLE,stop,0.0,0.0,0.5,0.0,0.0,0.0,0.001,17.0,0.001267162215281425,-0.3356777379822198,0.09280452573894138,0.035915506287236235,15.676402641723634,3.9753995526481205,2.7584284109734383,1787259664.4166148
11.520419836044312,IDLE,stop,0.0,0.0,0.5,0.0,0.0,0.0,0.001,17.0,0.0012575316630191562,-0.3871285966972735,0.09787943405608601,0.018316152925763197,15.67640211492301,3.975399764369591,2.7584284109734387,1787259664.4367313
11.540506362915039,IDLE,stop,0.0,0.0,0.5,0.0,0.0,0.0,0.001,17.0,-0.0008574859861776367,-0.3269971805238505,0.06864814195122193,0.009519706050787724,15.676401363963466,3.9754000667273384,2.7584284109734387,1787259664.4567127
11.560242891311646,IDLE,stop,0.0,0.0,0.5,0.0,0.0,0.0,0.0,17.0,0.0012325442420022975,-0.36351713688657483,0.0642712815775468,0.04216336262271099,15.675208684784819,3.9758413484951625,2.7583104321899374,1787259664.4779763
11.580511808395386,IDLE,stop,0.0,0.0,0.5,0.0,0.0,0.0,0.001,17.0,0.00017985066102574486,-0.3450886127068209,0.06410332030074528,0.020759810410670133,15.675208629267186,3.9758413713479808,2.7583104321899374,1787259664.4966033
11.60045838356018,IDLE,stop,0.0,0.0,0.5,0.0,0.0,0.0,0.001,17.0,-0.001925536338380907,-0.35010303888447325,0.04968189317902727,0.010244571125409897,15.675208657259526,3.9758413603181086,2.7583104321899374,1787259664.5166094
11.62049412727356,IDLE,stop,0.0,0.0,0.5,0.0,0.0,0.0,0.001,17.0,-0.0008757061432155494,-0.36903716451430313,0.040153964501076445,0.005074007412420182,15.675208718596553,3.975841335727214,2.7583104321899374,1787259664.536587
11.64146113395691,IDLE,stop,0.0,0.0,0.5,0.0,0.0,0.0,0.001,17.0,0.0023380759858051808,-0.3264915425286752,0.09271411316304778,0.002526775184547917,15.675208784380764,3.9758413092794123,2.7583104321899374,1787259664.556542
11.660253524780273,IDLE,stop,0.0,0.0,0.5,0.0,0.0,0.0,0.001,17.0,-0.001935166890643176,-0.36864390269975544,0.09293433393197859,0.0012683908576150134,15.675208839260307,3.9758412871935866,2.7583104321899374,1787259664.576727
11.680500507354736,IDLE,stop,0.0,0.0,0.5,0.0,0.0,0.0,0.001,17.0,0.00017698743776100315,-0.33556536180159213,0.05930012479757352,0.011526066846766186,15.675792508035155,3.975599530910172,2.758514958376594,1787259664.5965798
11.700486183166504,IDLE,stop,0.0,0.0,0.5,0.0,0.0,0.0,0.0,17.0,0.00017698743776100315,-0.3459874759714445,0.06868735484286859,0.005775810497840703,15.675792456820561,3.9755995523996184,2.758514958376594,1787259664.6166153
11.720245361328125,IDLE,stop,0.0,0.0,0.5,0.0,0.0,0.0,0.0,17.0,-0.0019544279951677138,-0.35376917016519016,0.10262976707298854,0.002925369319842867,15.675792347601545,3.975599596881621,2.758514958376594,1787259664.6366
11.743093729019165,IDLE,stop,0.0,0.0,0.5,0.0,0.0,0.0,0.001,17.0,0.00017985066102574486,-0.33623950925005985,0.025615483426008723,0.00150503731209833,15.675792231587083,3.975599643891476,2.758514958376594,1787259664.6565776
11.760473012924194,IDLE,stop,0.0,0.0,0.5,0.0,0.0,0.0,0.002,17.0,0.0023005945942055676,-0.35483657942820557,0.08801510773824006,0.12201426895394796,15.672069685288136,3.9770594243405233,2.7583405748924346,1787259664.6778038
11.780474662780762,IDLE,stop,0.0,0.0,0.5,0.0,0.0,0.0,0.001,17.0,-0.0008603491444237971,-0.3740515906919555,0.06884274460547957,0.060987770906251265,15.672069198227627,3.977059626843339,2.7583405748924354,1787259664.6966295
11.800381183624268,IDLE,stop,0.0,0.0,0.5,0.0,0.0,0.0,0.001,17.0,0.00020483814706118484,-0.35889597252347016,0.06423250722709284,0.0307564854789799,15.672069663816986,3.977059442496771,2.758340574892436,1787259664.716557
11.820404291152954,IDLE,stop,0.0,0.0,0.5,0.0,0.0,0.0,0.001,17.0,0.0023227191170505914,-0.38273214815032475,0.1121592306451138,0.015722242316036347,15.672070344472768,3.977059169921571,2.7583405748924363,1787259664.7366273
11.840353727340698,IDLE,stop,0.0,0.0,0.5,0.0,0.0,0.0,0.001,17.0,-0.0008824734071944954,-0.3365203948839799,0.0399211722179551,0.008197658324053798,15.672071129663577,3.9770588543637793,2.7583405748924363,1787259664.7566156
11.860463380813599,IDLE,stop,0.0,0.0,0.5,0.0,0.0,0.0,0.001,17.0,0.0012632581095486394,-0.3544433176136579,0.1072653302052533,0.17125617838958596,15.676213978079474,3.9753622819114383,2.7581110974994556,1787259664.7778
11.880329608917236,IDLE,stop,0.0,0.0,0.5,0.0,0.0,0.0,0.001,17.0,-0.0008728428549322264,-0.34046744834371623,0.04969446469321781,0.0850612135913433,15.676214474120297,3.975362070754235,2.7581110974994556,1787259664.7966156
11.900329113006592,IDLE,stop,0.0,0.0,0.5,0.0,0.0,0.0,0.001,17.0,-0.0008699796966860659,-0.36903716451430313,0.06889409047012407,0.04248749778064647,15.676213997471525,3.9753622569901705,2.7581110974994556,1787259664.8165603
11.920587539672852,IDLE,stop,0.0,0.0,0.5,0.0,0.0,0.0,0.001,17.0,-0.0008699796966860659,-0.29273885418204415,0.08318450341052497,0.021427099247904695,15.676213348254915,3.9753625155792895,2.7581110974994556,1787259664.8366072
11.940941572189331,IDLE,stop,0.0,0.0,0.5,0.0,0.0,0.0,0.001,17.0,-0.0008853366954778184,-0.406680699957807,0.0977899168351275,0.010963850379598952,15.676212619481722,3.975362807768502,2.7581110974994556,1787259664.8566463
11.960248947143555,IDLE,stop,0.0,0.0,0.5,0.0,0.0,0.0,0.001,17.0,0.0012796559257898545,-0.3263792028931469,0.06878975421136246,0.1091894066134625,15.679391888410283,3.9740675489022,2.758077625401447,1787259664.8778312
11.98046350479126,IDLE,stop,0.0,0.0,0.5,0.0,0.0,0.0,0.001,17.0,0.00021733189007890484,-0.3548927492459697,0.07842220187357185,0.054808822447403385,15.67939248818705,3.9740673033311573,2.7580776254014463,1787259664.8967152
12.000424861907959,IDLE,stop,0.0,0.0,0.5,0.0,0.0,0.0,0.001,17.0,0.00017985066102574486,-0.359345404155782,0.08328960711637379,0.027811840285185664,15.679392007368872,3.974067495374489,2.758077625401446,1787259664.9165537
12.020313024520874,IDLE,stop,0.0,0.0,0.5,0.0,0.0,0.0,0.001,17.0,0.0002009340738376899,-0.35945774379131024,0.1072139843406088,0.014348442733675857,15.67939120356594,3.9740678186229643,2.7580776254014454,1787259664.9365447
12.042184829711914,IDLE,stop,0.0,0.0,0.5,0.0,0.0,0.0,0.001,17.0,-0.001953387177718251,-0.3975507108671259,0.04978641216328583,0.007557700090135556,15.679390453718307,3.9740681205868995,2.7580776254014454,1787259664.9568236
12.06028699874878,IDLE,stop,0.0,0.0,0.5,0.0,0.0,0.0,0.001,17.0,0.0012354074002484579,-0.3214209465332587,0.1023583831649102,0.1697682349615451,15.674140460575655,3.9761319684530534,2.758110824517475,1787259664.9778097
12.080400705337524,IDLE,stop,0.0,0.0,0.5,0.0,0.0,0.0,0.001,17.0,-0.0008728428549322264,-0.3591768581573902,0.05458810931738256,0.08463503053352615,15.674139744180103,3.976132255570136,2.758110824517469,1787259664.9966307
12.100528955459595,IDLE,stop,0.0,0.0,0.5,0.0,0.0,0.0,0.001,17.0,0.0012546685047729958,-0.3640227383366508,0.07373547560215954,0.04251167816963097,15.674140194068295,3.9761320730040737,2.7581108245174653,1787259665.0168357
12.120415687561035,IDLE,stop,0.0,0.0,0.5,0.0,0.0,0.0,0.001,17.0,0.0012632581095486394,-0.34131010524547634,0.06866144436740029,0.021628866772140813,15.674141094831766,3.9761317090046586,2.7581108245174635,1787259665.0366077
12.142372369766235,IDLE,stop,0.0,0.0,0.5,0.0,0.0,0.0,0.001,17.0,0.0012325442420022975,-0.3491479692569861,0.12175109497444936,0.011193334673499152,15.674142073663342,3.976131313769675,2.7581108245174626,1787259665.056553
12.160486221313477,IDLE,stop,0.0,0.0,0.5,0.0,0.0,0.0,0.001,17.0,0.00020770137032592652,-0.35032775470062916,0.04005035914430266,0.006082818137166361,15.674141460388777,3.976131561022722,2.758110824517462,1787259665.0784898
12.18027377128601,IDLE,stop,0.0,0.0,0.5,0.0,0.0,0.0,0.001,17.0,0.00020197492379644315,-0.32114006089933866,0.09284271536780508,0.053015167156860464,15.676433821949148,3.9751927323831047,2.758125905886741,1787259665.0965736
