t,phase,kind,v_cmd,delta_cmd,servo_cmd,erpm_cmd,erpm_meas,current_motor,duty,v_batt,wz,ax,ay,v_pose,x,y,yaw,pose_t
0.033286333084106445,IDLE,stop,0.0,0.0,0.5,0.0,0.0,0.0,0.0,0.0,0.0,0.0,0.0,0.0,0.0,0.0,0.0,0.0
0.04045677185058594,IDLE,stop,0.0,0.0,0.5,0.0,0.0,0.0,-0.001,16.5,-0.0009103241164946771,-0.3674641538012118,0.10278471829440683,0.0,0.0,0.0,0.0,0.0
0.06055593490600586,IDLE,stop,0.0,0.0,0.5,0.0,0.0,0.0,-0.001,16.5,0.0023255820152224267,-0.28806152000117535,0.006518257017596341,0.0,0.0,0.0,0.0,0.0
0.0805659294128418,IDLE,stop,0.0,0.0,0.5,0.0,0.0,0.0,-0.001,16.5,0.00016449369474328318,-0.32130860689773044,0.07843400594067518,0.0,0.0,0.0,0.0,0.0
0.10063743591308594,IDLE,stop,0.0,0.0,0.5,0.0,0.0,0.0,-0.001,16.5,0.00018271388429048652,-0.32136477671549457,0.09758122604505459,0.0,0.0,0.0,0.0,0.0
0.1204369068145752,IDLE,stop,0.0,0.0,0.5,0.0,0.0,0.0,-0.001,16.5,0.00017985066102574486,-0.3634047607059472,0.04992696461554402,0.0,0.0,0.0,0.0,0.0
0.14061594009399414,IDLE,stop,0.0,0.0,0.5,0.0,0.0,0.0,-0.001,16.5,-0.001940893467209822,-0.2789877007282584,0.06867237135211823,0.0,0.0,0.0,0.0,0.0
0.16068387031555176,IDLE,stop,0.0,0.0,0.5,0.0,0.0,0.0,-0.001,16.5,0.0012825190840360147,-0.3350597603515162,0.04504589150556981,0.0,0.0,0.0,0.0,0.0
0.18064665794372559,IDLE,stop,0.0,0.0,0.5,0.0,0.0,0.0,-0.001,16.5,-0.0019601543116600346,-0.326154487076991,0.0736312855237955,0.0,0.0,0.0,0.0,0.0
0.20046663284301758,IDLE,stop,0.0,0.0,0.5,0.0,0.0,0.0,-0.001,16.5,-0.0008881998537239787,-0.32576122526244333,0.068931366471503,0.0,0.0,0.0,0.0,0.0
0.22058963775634766,IDLE,stop,0.0,0.0,0.5,0.0,0.0,0.0,-0.001,16.5,0.00017698743776100315,-0.29780948672256,0.02085000246540858,0.0,0.0,0.0,0.0,0.0
0.24051809310913086,IDLE,stop,0.0,0.0,0.5,0.0,0.0,0.0,-0.001,16.5,-0.0008796102489483351,-0.31623797435721457,0.09286829693737886,0.0,0.0,0.0,0.0,0.0
0.26061105728149414,IDLE,stop,0.0,0.0,0.5,0.0,0.0,0.0,-0.001,16.5,-0.0008603491444237971,-0.311392094177954,0.054560846673236796,0.0,0.0,0.0,0.0,0.0
0.28055500984191895,IDLE,stop,0.0,0.0,0.5,0.0,0.0,0.0,-0.002,16.5,0.00015772639825504655,-0.3120100718086576,0.06878931567016977,0.0,0.0,0.0,0.0,0.0
0.30074596405029297,IDLE,stop,0.0,0.0,0.5,0.0,0.0,0.0,-0.001,16.5,0.0012603948212653164,-0.2791562467266502,0.044683656480405176,0.0,0.0,0.0,0.0,0.0
0.32053184509277344,IDLE,stop,0.0,0.0,0.5,0.0,0.0,0.0,-0.002,16.5,0.00020483814706118484,-0.3437964876276496,0.11229963691697442,0.0,0.0,0.0,0.0,0.0
0.3405947685241699,IDLE,stop,0.0,0.0,0.5,0.0,0.0,0.0,-0.001,16.5,-0.001950524019472091,-0.26506803782118027,0.006298620970255797,0.0,0.0,0.0,0.0,0.0
0.36072874069213867,IDLE,stop,0.0,0.0,0.5,0.0,0.0,0.0,-0.001,16.5,0.0012479011107568872,-0.3156762030893745,0.06904692207577767,0.0,0.0,0.0,0.0,0.0
0.38045525550842285,IDLE,stop,0.0,0.0,0.5,0.0,0.0,0.0,-0.001,16.5,0.00019911170053170147,-0.30237448126790056,0.0544318059272868,0.0,0.0,0.0,0.0,0.0
0.40059447288513184,IDLE,stop,0.0,0.0,0.5,0.0,0.0,0.0,-0.001,16.5,0.0012450379525107266,-0.30766979307947295,0.07826619084427122,0.0,0.0,0.0,0.0,0.0
0.4203622341156006,IDLE,stop,0.0,0.0,0.5,0.0,0.0,0.0,-0.001,16.5,0.00020197492379644315,-0.3536567939845625,0.08828546838353546,0.0,0.0,0.0,0.0,0.0
0.4405825138092041,IDLE,stop,0.0,0.0,0.5,0.0,0.0,0.0,-0.001,16.5,-0.0008728428549322264,-0.26546126309062856,0.025368621279621806,0.0,0.0,0.0,0.0,0.0
0.4606966972351074,IDLE,stop,0.0,0.0,0.5,0.0,0.0,0.0,-0.001,16.5,0.00019520762730820652,-0.3391753232645449,0.06915067361294902,0.0,0.0,0.0,0.0,0.0
0.48048996925354004,IDLE,stop,0.0,0.0,0.5,0.0,0.0,0.0,-0.001,16.5,0.0012575316630191562,-0.3116168099941099,0.059299357350486304,0.0,0.0,0.0,0.0,0.0
0.5006880760192871,IDLE,stop,0.0,0.0,0.5,0.0,0.0,0.0,-0.002,16.5,0.00016449369474328318,-0.32147711635102283,0.04486524907927958,0.0,0.0,0.0,0.0,0.0
0.5207507610321045,IDLE,stop,0.0,0.0,0.5,0.0,0.0,0.0,-0.001,16.5,0.0012728886618109084,-0.33111274343687924,0.0688027642667457,0.0,0.0,0.0,0.0,0.0
0.5405638217926025,IDLE,stop,0.0,0.0,0.5,0.0,0.0,0.0,-0.001,16.5,0.0001741242144962615,-0.36802596161415124,0.07870586493504561,0.0,0.0,0.0,0.0,0.0
0.560701847076416,IDLE,stop,0.0,0.0,0.5,0.0,0.0,0.0,-0.001,16.5,0.0012286401362695118,-0.30271153671958473,0.07351463356653909,0.0,0.0,0.0,0.0,0.0
0.5804488658905029,IDLE,stop,0.0,0.0,0.5,0.0,0.0,0.0,-0.001,16.5,0.002344843119746964,-0.3216456623494146,0.06398670488858826,0.0,0.0,0.0,0.0,0.0
0.6007101535797119,IDLE,stop,0.0,0.0,0.5,0.0,0.0,0.0,-0.001,16.5,0.0023409391440513414,-0.3171930439847017,0.04474921838871282,0.0,0.0,0.0,0.0,0.0
0.6203732490539551,IDLE,stop,0.0,0.0,0.5,0.0,0.0,0.0,0.0,16.5,0.00018557710755522823,-0.33500355398865267,0.09774902286890885,0.0,0.0,0.0,0.0,0.0
0.6405534744262695,IDLE,stop,0.0,0.0,0.5,0.0,0.0,0.0,-0.001,16.5,-0.0008785693014617098,-0.3073327010826894,0.016073192523997193,0.0,0.0,0.0,0.0,0.0
0.6606764793395996,IDLE,stop,0.0,0.0,0.5,0.0,0.0,0.0,-0.001,16.5,0.001267162215281425,-0.2877806343672553,0.07843294613279284,0.0,0.0,0.0,0.0,0.0
0.6804933547973633,IDLE,stop,0.0,0.0,0.5,0.0,0.0,0.0,-0.001,16.5,0.0001587672482137998,-0.3069394758132411,0.07843356739948248,0.0,0.0,0.0,0.0,0.0
0.7005295753479004,IDLE,stop,0.0,0.0,0.5,0.0,0.0,0.0,-0.002,16.5,0.00018271388429048652,-0.340017980166305,0.05937752731808388,0.0,0.0,0.0,0.0,0.0
0.7204165458679199,IDLE,stop,0.0,0.0,0.5,0.0,0.0,0.0,0.0,16.5,0.00017698743776100315,-0.28929743871748315,0.04455520045604544,0.0,0.0,0.0,0.0,0.0
0.7405407428741455,IDLE,stop,0.0,0.0,0.5,0.0,0.0,0.0,-0.001,16.5,-0.0009103241164946771,-0.3581094488943748,0.11231297587825217,0.0,0.0,0.0,0.0,0.0
0.7605478763580322,IDLE,stop,0.0,0.0,0.5,0.0,0.0,0.0,-0.001,16.5,0.0023323496693128604,-0.2789877007282584,0.020772161403705525,0.0,0.0,0.0,0.0,0.0
0.7806394100189209,IDLE,stop,0.0,0.0,0.5,0.0,0.0,0.0,-0.001,16.5,-0.0008881998537239787,-0.3120100718086576,0.05441923441309626,0.0,0.0,0.0,0.0,0.0
0.8006548881530762,IDLE,stop,0.0,0.0,0.5,0.0,0.0,0.0,-0.001,16.5,0.00018948118077872315,-0.321027684718711,0.03538819117968117,0.0,0.0,0.0,0.0,0.0
0.8211359977722168,IDLE,stop,0.0,0.0,0.5,0.0,0.0,0.0,-0.001,16.5,0.0022977314359594074,-0.2696330323665208,0.07820062893596358,0.0,0.0,0.0,0.0,0.0
0.8406147956848145,IDLE,stop,0.0,0.0,0.5,0.0,0.0,0.0,-0.001,16.5,-0.001935166890643176,-0.37738066652098823,0.08354768860827377,0.0,0.0,0.0,0.0,0.0
0.8606712818145752,IDLE,stop,0.0,0.0,0.5,0.0,0.0,0.0,-0.001,16.5,-0.0019380303089636616,-0.26991391800044084,0.015865981810449625,0.0,0.0,0.0,0.0,0.0
0.8806743621826172,IDLE,stop,0.0,0.0,0.5,0.0,0.0,0.0,-0.001,16.5,0.00017985066102574486,-0.335509191983828,0.059312988672559186,0.0,0.0,0.0,0.0,0.0
0.9007165431976318,IDLE,stop,0.0,0.0,0.5,0.0,0.0,0.0,-0.001,16.5,0.00018557710755522823,-0.31595708872329453,0.08335261086772405,0.0,0.0,0.0,0.0,0.0
0.9214873313903809,IDLE,stop,0.0,0.0,0.5,0.0,0.0,0.0,-0.001,16.5,-0.0008757061432155494,-0.32621065689475515,0.02571817515529773,0.0,0.0,0.0,0.0,0.0
0.9405746459960938,IDLE,stop,0.0,0.0,0.5,0.0,0.0,0.0,-0.001,16.5,0.0023102251464678365,-0.31195390199089346,0.0927522662468121,0.0,0.0,0.0,0.0,0.0
0.9609181880950928,IDLE,stop,0.0,0.0,0.5,0.0,0.0,0.0,-0.001,16.5,-0.0008382248816530988,-0.34029890234532445,0.016202927626835617,0.0,0.0,0.0,0.0,0.0
0.9804420471191406,IDLE,stop,0.0,0.0,0.5,0.0,0.0,0.0,-0.001,16.5,-0.0019476606011516052,-0.30727653126492527,0.07356630833707811,0.0,0.0,0.0,0.0,0.0
1.0005016326904297,IDLE,stop,0.0,0.0,0.5,0.0,0.0,0.0,-0.001,16.5,-0.0009131872747408374,-0.3449200667084291,0.07372199046048422,0.0,0.0,0.0,0.0,0.0
1.0219378471374512,IDLE,stop,0.0,0.0,0.5,0.0,0.0,0.0,-0.001,16.5,0.0012575316630191562,-0.31730538362023,0.039933451371350515,0.0,0.0,0.0,0.0,0.0
1.0405182838439941,IDLE,stop,0.0,0.0,0.5,0.0,0.0,0.0,-0.001,16.5,0.00018557710755522823,-0.32987678817547206,0.10740617501830663,0.0,0.0,0.0,0.0,0.0
1.0605192184448242,IDLE,stop,0.0,0.0,0.5,0.0,0.0,0.0,0.0,16.5,0.00018948118077872315,-0.3117853559925017,0.04489068446845579,0.0,0.0,0.0,0.0,0.0
1.0806102752685547,IDLE,stop,0.0,0.0,0.5,0.0,0.0,0.0,-0.001,16.5,0.00018948118077872315,-0.3211962307171028,0.07366973096835494,0.0,0.0,0.0,0.0,0.0
1.100583553314209,IDLE,stop,0.0,0.0,0.5,0.0,0.0,0.0,-0.001,16.5,-0.0019562503359644118,-0.31251567325873353,0.08304351241707408,0.0,0.0,0.0,0.0,0.0
1.1208302974700928,IDLE,stop,0.0,0.0,0.5,0.0,0.0,0.0,-0.001,16.5,0.00018948118077872315,-0.34881091380530194,0.09308818880041514,0.0,0.0,0.0,0.0,0.0
1.140740156173706,IDLE,stop,0.0,0.0,0.5,0.0,0.0,0.0,-0.001,16.5,0.00017022014127276652,-0.27971801799449025,0.04934491081754189,0.0,0.0,0.0,0.0,0.0
1.1604280471801758,IDLE,stop,0.0,0.0,0.5,0.0,0.0,0.0,-0.001,16.5,0.00017985066102574486,-0.3344979525385767,0.07870480512716327,0.0,0.0,0.0,0.0,0.0
1.180408239364624,IDLE,stop,0.0,0.0,0.5,0.0,0.0,0.0,0.0,16.5,-0.0008853366954778184,-0.3024868209034288,0.0496160389099245,0.0,0.0,0.0,0.0,0.0
1.2005956172943115,IDLE,stop,0.0,0.0,0.5,0.0,0.0,0.0,-0.001,16.5,0.00017985066102574486,-0.30259919708405647,0.054380313882244735,0.0,0.0,0.0,0.0,0.0
1.2205743789672852,IDLE,stop,0.0,0.0,0.5,0.0,0.0,0.0,-0.002,16.5,0.00125076439904021,-0.3395123787162291,0.05949337528315368,0.0,0.0,0.0,0.0,0.0
1.2405500411987305,IDLE,stop,0.0,0.0,0.5,0.0,0.0,0.0,-0.001,16.5,-0.003028205053974793,-0.2886232912690154,0.04470967659117164,0.0,0.0,0.0,0.0,0.0
1.260744333267212,IDLE,stop,0.0,0.0,0.5,0.0,0.0,0.0,-0.001,16.5,0.00019234440404346486,-0.36357330670433896,0.09778856466645003,0.0,0.0,0.0,0.0,0.0
1.280571699142456,IDLE,stop,0.0,0.0,0.5,0.0,0.0,0.0,-0.001,16.5,0.0023227191170505914,-0.3024868209034288,0.054406078177315464,0.0,0.0,0.0,0.0,0.0
1.3006303310394287,IDLE,stop,0.0,0.0,0.5,0.0,0.0,0.0,-0.001,16.5,0.00021342781685540992,-0.30744507726331705,0.049577556920265664,0.0,0.0,0.0,0.0,0.0
1.3206944465637207,IDLE,stop,0.0,0.0,0.5,0.0,0.0,0.0,-0.001,16.5,0.00019234440404346486,-0.3305509356239398,0.10246165961578946,0.0,0.0,0.0,0.0,0.0
1.3404130935668945,IDLE,stop,0.0,0.0,0.5,0.0,0.0,0.0,-0.001,16.5,0.0001866179575139815,-0.3120662416264217,0.020876205301672,0.0,0.0,0.0,0.0,0.0
1.3607935905456543,IDLE,stop,0.0,0.0,0.5,0.0,0.0,0.0,-0.001,16.5,0.00020770137032592652,-0.3024306510856647,0.09752913100587257,0.0,0.0,0.0,0.0,0.0
1.3804426193237305,IDLE,stop,0.0,0.0,0.5,0.0,0.0,0.0,-0.001,16.5,0.00020770137032592652,-0.33094419743848746,0.044891269190046046,0.0,0.0,0.0,0.0,0.0
1.4005742073059082,IDLE,stop,0.0,0.0,0.5,0.0,0.0,0.0,-0.001,16.5,0.002313088564788322,-0.3075574168988453,0.03997175063551239,0.0,0.0,0.0,0.0,0.0
1.4205713272094727,IDLE,stop,0.0,0.0,0.5,0.0,0.0,0.0,-0.002,16.5,-0.0008728428549322264,-0.32982061835770793,0.09783899690360975,0.0,0.0,0.0,0.0,0.0
1.440619945526123,IDLE,stop,0.0,0.0,0.5,0.0,0.0,0.0,-0.001,16.5,-0.0008574859861776367,-0.28422684272206666,0.0015092029695544795,0.0,0.0,0.0,0.0,0.0
1.4606173038482666,IDLE,stop,0.0,0.0,0.5,0.0,0.0,0.0,-0.001,16.5,0.00019807085057294823,-0.33962475489685673,0.08820777350222997,0.0,0.0,0.0,0.0,0.0
1.4804110527038574,IDLE,stop,0.0,0.0,0.5,0.0,0.0,0.0,0.0,16.5,0.00019234440404346486,-0.29724767890962056,0.054508879541902644,0.0,0.0,0.0,0.0,0.0
1.5008749961853027,IDLE,stop,0.0,0.0,0.5,0.0,0.0,0.0,-0.001,16.5,0.0023198556987301055,-0.3356777379822198,0.05927436050250279,0.0,0.0,0.0,0.0,0.0
1.520616054534912,IDLE,stop,0.0,0.0,0.5,0.0,0.0,0.0,-0.001,16.5,0.0012479011107568872,-0.2837212412719907,0.08784550193196594,0.0,0.0,0.0,0.0,0.0
1.540632724761963,ARM,stop,0.0,0.0,0.5,0.0,0.0,0.0,-0.001,16.5,0.0012393115059812433,-0.35805327907661066,0.07879569278934895,0.0,0.0,0.0,0.0,0.0
1.560558795928955,ARM,stop,0.0,0.0,0.5,0.0,0.0,0.0,-0.001,16.5,-0.003021437399884359,-0.2505865305560633,0.039854111960572425,0.0,0.0,0.0,0.0,0.0
1.5810983180999756,ARM,stop,0.0,0.0,0.5,0.0,0.0,0.0,0.0,16.5,0.0012296809537189744,-0.35433094143303023,0.0641808690016532,0.0,0.0,0.0,0.0,0.0
1.6006653308868408,ARM,stop,0.0,0.0,0.5,0.0,0.0,0.0,-0.001,16.5,0.00020483814706118484,-0.31679978217015403,0.04004929933642032,0.0,0.0,0.0,0.0,0.0
1.620711326599121,ARM,stop,0.0,0.0,0.5,0.0,0.0,0.0,-0.001,16.5,0.00018557710755522823,-0.31189769562802994,0.07839508540982365,0.0,0.0,0.0,0.0,0.0
1.640486478805542,ARM,stop,0.0,0.0,0.5,0.0,0.0,0.0,-0.001,16.5,0.00021733189007890484,-0.3444144652583532,0.05467779099128833,0.0,0.0,0.0,0.0,0.0
1.6610760688781738,ARM,stop,0.0,0.0,0.5,0.0,0.0,0.0,0.0,16.5,0.0012728886618109084,-0.2693521101875014,0.05910490087662623,0.0,0.0,0.0,0.0,0.0
1.6812424659729004,ARM,stop,0.0,0.0,0.5,0.0,0.0,0.0,0.0,16.5,-0.0008603491444237971,-0.330382389625548,0.064180101554566,0.0,0.0,0.0,0.0,0.0
1.7009766101837158,ARM,stop,0.0,0.0,0.5,0.0,0.0,0.0,-0.001,16.5,0.00021733189007890484,-0.31601325854105866,0.05459962102369076,0.0,0.0,0.0,0.0,0.0
1.7207181453704834,ARM,stop,0.0,0.0,0.5,0.0,0.0,0.0,0.0,16.5,0.00019911170053170147,-0.2788191547298666,0.01123071103897999,0.0,0.0,0.0,0.0,0.0
1.740565299987793,ARM,stop,0.0,0.0,0.5,0.0,0.0,0.0,-0.001,16.5,0.0012575316630191562,-0.33049476580617565,0.08331445778395974,0.0,0.0,0.0,0.0,0.0
1.7606103420257568,ARM,stop,0.0,0.0,0.5,0.0,0.0,0.0,-0.001,16.5,-0.0008699796966860659,-0.3214209465332587,0.04487811295426525,0.0,0.0,0.0,0.0,0.0
1.7814221382141113,ARM,stop,0.0,0.0,0.5,0.0,0.0,0.0,-0.001,16.5,-0.0019562503359644118,-0.3118415258102658,0.07840794928480932,0.0,0.0,0.0,0.0,0.0
1.8010950088500977,ARM,stop,0.0,0.0,0.5,0.0,0.0,0.0,-0.001,16.5,-0.0008796102489483351,-0.32598594107859924,0.049719790447095846,0.0,0.0,0.0,0.0,0.0
1.8210337162017822,ARM,stop,0.0,0.0,0.5,0.0,0.0,0.0,-0.001,16.5,-0.0008478554339153676,-0.2936939238095313,0.04464546685154147,0.0,0.0,0.0,0.0,0.0
1.8411216735839844,ARM,stop,0.0,0.0,0.5,0.0,0.0,0.0,-0.001,16.5,-0.000876746960665012,-0.3440212034438055,0.08350800063033503,0.0,0.0,0.0,0.0,0.0
1.8607733249664307,ARM,stop,0.0,0.0,0.5,0.0,0.0,0.0,-0.001,16.5,0.00019520762730820652,-0.26974537200204907,0.025484651970188565,0.0,0.0,0.0,0.0,0.0
1.8818867206573486,ARM,stop,0.0,0.0,0.5,0.0,0.0,0.0,-0.002,16.5,0.0012479011107568872,-0.3351159301692803,0.0833532321344137,0.0,0.0,0.0,0.0,0.0
1.9006314277648926,ARM,stop,0.0,0.0,0.5,0.0,0.0,0.0,-0.001,16.5,-0.0008699796966860659,-0.3069394758132411,0.07364352813209152,0.0,0.0,0.0,0.0,0.0
1.9206194877624512,ARM,stop,0.0,0.0,0.5,0.0,0.0,0.0,-0.001,16.5,0.0012518052164896727,-0.3256488490818157,0.04979704678720864,0.0,0.0,0.0,0.0,0.0
1.9404716491699219,ARM,stop,0.0,0.0,0.5,0.0,0.0,0.0,-0.001,16.5,0.00125076439904021,-0.27481596799746555,0.04458052620992348,0.0,0.0,0.0,0.0,0.0
1.9606759548187256,ARM,stop,0.0,0.0,0.5,0.0,0.0,0.0,-0.001,16.5,0.002304498829975516,-0.35376917016519016,0.07867966209878219,0.0,0.0,0.0,0.0,0.0
1.9807312488555908,ARM,stop,0.0,0.0,0.5,0.0,0.0,0.0,-0.001,16.5,0.00017985066102574486,-0.29318828581435596,0.04955135408400224,0.0,0.0,0.0,0.0,0.0
2.000767469406128,ARM,stop,0.0,0.0,0.5,0.0,0.0,0.0,-0.001,16.5,0.001267162215281425,-0.31623797435721457,0.06891817369062281,0.0,0.0,0.0,0.0,0.0
2.0207979679107666,ARM,stop,0.0,0.0,0.5,0.0,0.0,0.0,-0.001,16.5,-0.0008324984351236154,-0.3165750663539981,0.0017806234227322193,0.0,0.0,0.0,0.0,0.0
2.0406744480133057,ARM,stop,0.0,0.0,0.5,0.0,0.0,0.0,-0.001,16.5,0.00019520762730820652,-0.30237448126790056,0.0879619711637254,0.0,0.0,0.0,0.0,0.0
2.060593843460083,ARM,stop,0.0,0.0,0.5,0.0,0.0,0.0,-0.001,16.5,0.00021342781685540992,-0.3779424377888283,0.06425889278885322,0.0,0.0,0.0,0.0,0.0
2.0812606811523438,ARM,stop,0.0,0.0,0.5,0.0,0.0,0.0,-0.001,16.5,-0.0019476606011516052,-0.2979779961758524,0.016021335027961214,0.0,0.0,0.0,0.0,0.0
2.1006603240966797,ARM,stop,0.0,0.0,0.5,0.0,0.0,0.0,-0.001,16.5,0.00021446866681416318,-0.32170183216717874,0.05439379902392005,0.0,0.0,0.0,0.0,0.0
2.120701313018799,ARM,stop,0.0,0.0,0.5,0.0,0.0,0.0,-0.001,16.5,0.00019234440404346486,-0.3590083121589984,0.08336686345648658,0.0,0.0,0.0,0.0,0.0
2.140421152114868,ARM,stop,0.0,0.0,0.5,0.0,0.0,0.0,0.0,16.5,0.00019234440404346486,-0.2982027119920083,0.05908005020904028,0.0,0.0,0.0,0.0,0.0
2.160632848739624,ARM,stop,0.0,0.0,0.5,0.0,0.0,0.0,0.0,16.5,0.0012479011107568872,-0.3352282698048086,0.09769753082386678,0.0,0.0,0.0,0.0,0.0
2.180600881576538,ARM,stop,0.0,0.0,0.5,0.0,0.0,0.0,-0.001,16.5,0.00019520762730820652,-0.3163503505378422,0.0641024066732605,0.0,0.0,0.0,0.0,0.0
2.200313091278076,ARM,stop,0.0,0.0,0.5,0.0,0.0,0.0,-0.001,16.5,-0.0008642532501565827,-0.3169683281685458,0.06875083368051094,0.0,0.0,0.0,0.0,0.0
2.2207229137420654,ARM,stop,0.0,0.0,0.5,0.0,0.0,0.0,-0.001,16.5,0.00020483814706118484,-0.3348912143531244,0.06903464292238226,0.0,0.0,0.0,0.0,0.0
2.2414815425872803,ARM,stop,0.0,0.0,0.5,0.0,0.0,0.0,-0.001,16.5,0.00018557710755522823,-0.2793809625428061,0.03505212244568057,0.0,0.0,0.0,0.0,0.0
2.2607476711273193,ARM,stop,0.0,0.0,0.5,0.0,0.0,0.0,-0.001,16.5,0.0012632581095486394,-0.3391753232645449,0.11705088356136173,0.0,0.0,0.0,0.0,0.0
2.280688524246216,ARM,stop,0.0,0.0,0.5,0.0,0.0,0.0,-0.001,16.5,0.00016735691800802484,-0.3120662416264217,0.025666244569062968,0.0,0.0,0.0,0.0,0.0
2.3007874488830566,ARM,stop,0.0,0.0,0.5,0.0,0.0,0.0,-0.001,16.5,-0.0008892406711734413,-0.326154487076991,0.08321132751347804,0.0,0.0,0.0,0.0,0.0
2.3207550048828125,ARM,stop,0.0,0.0,0.5,0.0,0.0,0.0,-0.001,16.5,0.00015486317499030486,-0.3120662416264217,0.08314649650715822,0.0,0.0,0.0,0.0,0.0
2.3405637741088867,ARM,stop,0.0,0.0,0.5,0.0,0.0,0.0,-0.002,16.5,-0.0008478554339153676,-0.34903562962145784,0.05950653151893448,0.0,0.0,0.0,0.0,0.0
2.3607213497161865,ARM,stop,0.0,0.0,0.5,0.0,0.0,0.0,-0.001,16.5,0.0012632581095486394,-0.2696330323665208,0.059040544956598495,0.0,0.0,0.0,0.0,0.0
2.3807427883148193,ARM,stop,0.0,0.0,0.5,0.0,0.0,0.0,-0.001,16.5,0.00022019511334364655,-0.36334859088818305,0.059519907025311625,0.0,0.0,0.0,0.0,0.0
2.400775909423828,ARM,stop,0.0,0.0,0.5,0.0,0.0,0.0,-0.001,16.5,0.00019234440404346486,-0.31189769562802994,0.04486495671848445,0.0,0.0,0.0,0.0,0.0
2.420576333999634,ARM,stop,0.0,0.0,0.5,0.0,0.0,0.0,-0.001,16.5,-0.0008853366954778184,-0.3209715149009469,0.07851126228078797,0.0,0.0,0.0,0.0,0.0
2.4407665729522705,ARM,stop,0.0,0.0,0.5,0.0,0.0,0.0,-0.001,16.5,0.00018948118077872315,-0.30705181544876936,0.02571759043370747,0.0,0.0,0.0,0.0,0.0
2.4607183933258057,ARM,stop,0.0,0.0,0.5,0.0,0.0,0.0,-0.001,16.5,-0.0008824734071944954,-0.3024868209034288,0.07835616487897212,0.0,0.0,0.0,0.0,0.0
2.4805665016174316,ARM,stop,0.0,0.0,0.5,0.0,0.0,0.0,-0.001,16.5,0.00019520762730820652,-0.3301576738093921,0.0738116355892906,0.0,0.0,0.0,0.0,0.0
2.500636577606201,ARM,stop,0.0,0.0,0.5,0.0,0.0,0.0,-0.001,16.5,0.00015772639825504655,-0.3167436123523899,0.05922228373587046,0.0,0.0,0.0,0.0,0.0
2.5211446285247803,ARM,stop,0.0,0.0,0.5,0.0,0.0,0.0,-0.001,16.5,0.0012603948212653164,-0.31730538362023,0.049513493361033056,0.0,0.0,0.0,0.0,0.0
2.540775775909424,spool,drive,0.000286102294921875,0.0,0.5,1.023101806640625,0.0,0.0,-0.001,16.5,-0.0008949671177029248,-0.3538253399829543,0.10261690319800287,0.0,0.0,0.0,0.0,0.0
2.56108021736145,spool,drive,0.04089498519897461,0.0,0.5,146.2404670715332,0.0,0.0,-0.001,16.5,-0.0008785693014617098,-0.27380476509731366,0.035232216695479934,0.0,0.0,0.0,0.0,0.0
2.5804078578948975,spool,drive,0.07955026626586914,0.0,0.5,284.47175216674805,0.0,0.0,-0.001,16.5,0.00017985066102574486,-0.32576122526244333,0.0833014477285765,0.0,0.0,0.0,0.0,0.0
2.600602626800537,spool,drive,0.11993980407714844,0.0,0.5,428.9047393798828,0.0,0.0,-0.001,16.5,0.00016449369474328318,-0.30231827490503704,0.08797483503871106,0.0,0.0,0.0,0.0,0.0
2.6206531524658203,spool,drive,0.16004085540771484,0.0,0.5,572.3060989379883,0.0,0.0,-0.001,16.5,0.00018557710755522823,-0.3077821327150012,0.04471029785786129,0.0,0.0,0.0,0.0,0.0
2.6414191722869873,spool,drive,0.20157289505004883,0.0,0.5,720.8246726989746,0.0,0.0,-0.001,16.5,0.0012603948212653164,-0.35348824798617073,0.11227420152779821,0.0,0.0,0.0,0.0,0.0
2.6607253551483154,spool,drive,0.24018526077270508,0.0,0.5,858.9024925231934,0.0,0.0,-0.001,16.5,-0.000876746960665012,-0.2704195194505168,0.025330175835062363,0.0,0.0,0.0,0.0,0.0
2.6805455684661865,spool,drive,0.27982568740844727,0.0,0.5,1000.6566581726074,0.0,0.0,-0.001,16.5,0.0012325442420022975,-0.3587835963428425,0.07383831351184611,0.0,0.0,0.0,0.0,0.0
2.7007782459259033,spool,drive,0.32029104232788086,0.0,0.5,1145.360767364502,0.0,0.0,-0.001,16.5,0.00019234440404346486,-0.32604211089636337,0.04491688730471921,0.0,0.0,0.0,0.0,0.0
2.720574378967285,spool,drive,0.35988330841064453,0.0,0.5,1286.9427108764648,0.0,0.02,0.0,16.5,-0.0008632123026699574,-0.3406359577970086,0.035285828356286686,0.0,0.0,0.0,0.0,0.0
2.740471839904785,spool,drive,0.39967823028564453,0.0,0.5,1429.2493515014648,0.0,0.05,-0.01,16.5,0.00016735691800802484,-0.2881176898189395,0.07356568707038846,0.0,0.0,0.0,0.0,0.0
2.760730743408203,spool,drive,0.44019603729248047,0.0,0.5,1574.1410293579102,407.0,13.29,0.052,16.5,0.00027771887274070765,-0.43541896212678566,0.11695091444197736,0.0,0.0,0.0,0.0,0.0
2.7807111740112305,spool,drive,0.48015689849853516,0.0,0.5,1717.0410690307617,483.0,4.47,0.031,16.5,0.020311436533113767,-3.357816064637092,0.12167844331685984,0.0,0.0,0.0,0.0,0.0
2.8006513118743896,spool,drive,0.5200371742248535,0.0,0.5,1859.6529350280762,108.0,26.86,0.027,16.5,-0.007724761416843286,-6.157617697651517,0.037542195882892315,0.0,0.0,0.0,0.0,0.0
2.8205742835998535,spool,drive,0.5598831176757812,0.0,0.5,2002.1420288085938,159.0,21.06,0.03,16.5,0.000951692578958775,-0.034165191156008134,-0.06423276304278858,0.0,0.0,0.0,0.0,0.0
2.8404719829559326,spool,drive,0.5996785163879395,0.0,0.5,2144.4503746032715,252.0,21.17,0.035,16.5,0.010749994341429658,-0.8635009108292167,-0.0702584652107916,0.0,0.0,0.0,0.0,0.0
2.860708713531494,spool,drive,0.6401519775390625,0.0,0.5,2289.1834716796875,351.0,22.24,0.039,16.5,0.015197889480782309,-1.280093263008581,-0.012739365832043603,0.0,0.0,0.0,0.0,0.0
2.8804216384887695,spool,drive,0.6795778274536133,0.0,0.5,2430.170310974121,532.0,21.65,0.041,16.5,0.007555213762756912,-1.613856147418005,0.030729019913209754,0.0,0.0,0.0,0.0,0.0
2.9010961055755615,spool,drive,0.7209267616271973,0.0,0.5,2578.0340995788574,766.0,23.63,0.048,16.5,0.024644541107105594,-1.487975383122162,0.03103402531272792,0.0,0.0,0.0,0.0,0.0
2.9207420349121094,spool,drive,0.760218620300293,0.0,0.5,2718.5417861938477,766.0,23.63,0.048,16.5,0.031944939767663716,-1.5565626409377984,-0.07359748130685873,0.0,0.0,0.0,0.0,0.0
2.9410037994384766,spool,drive,0.8007421493530273,0.0,0.5,2863.453926086426,1050.0,24.49,0.053,16.5,0.02791766803594846,-1.9174761953084527,0.05056818492946036,0.0,0.0,0.0,0.0,0.0
2.960766553878784,spool,drive,0.8402676582336426,0.0,0.5,3004.797145843506,1050.0,24.49,0.053,16.5,0.010936099367355758,-2.469262318732092,0.16642161349162343,0.0,0.0,0.0,0.0,0.0
2.980778217315674,spool,drive,0.8802909851074219,0.0,0.5,3147.9205627441406,1186.0,24.62,0.056,16.5,0.0015688343885034027,-2.3959414472825245,0.1321294829328803,0.0,0.0,0.0,0.0,0.0
3.000647783279419,spool,drive,0.9200301170349121,0.0,0.5,3290.0276985168457,1362.0,24.63,0.061,16.5,-0.002921487715816924,-2.317156937293589,0.17463205479142552,0.0,0.0,0.0,0.0,0.0
3.0204861164093018,spool,drive,0.9597067832946777,0.0,0.5,3431.9114570617676,1533.0,24.58,0.064,16.5,-0.007352463459869166,-2.473419689238824,0.08882860165068607,0.0,0.0,0.0,0.0,0.0
3.0405330657958984,spool,drive,0.9998006820678711,0.0,0.5,3575.287239074707,1688.0,24.96,0.065,16.5,-0.002316227661893523,-2.2428249360340686,0.07830138377498486,0.0,0.0,0.0,0.0,0.0
3.060574531555176,spool,drive,1.0398836135864258,0.0,0.5,3718.6238021850586,1860.0,24.95,0.07,16.5,-0.0026582446450355997,-2.3497154048823177,0.2839280317168953,0.0,0.0,0.0,0.0,0.0
3.0807406902313232,spool,drive,1.0802159309387207,0.0,0.5,3862.8521690368652,2018.0,25.0,0.072,16.5,-0.013447119057785811,-2.0044485617257664,0.20148250676115786,0.0,0.0,0.0,0.0,0.0
3.101003646850586,spool,drive,1.120741844177246,0.0,0.5,4007.772834777832,2187.0,25.28,0.076,16.5,-0.02568943860258199,-2.1311591921385826,0.1851204069539243,0.0,0.0,0.0,0.0,0.0
3.1207785606384277,spool,drive,1.1602916717529297,0.0,0.5,4149.203018188477,2374.0,24.95,0.079,16.5,-0.05056079989137287,-2.3376368109923646,0.05677482188454874,0.0,0.0,0.0,0.0,0.0
3.1402952671051025,spool,drive,1.1993250846862793,0.0,0.5,4288.786502838135,2540.0,25.07,0.083,16.5,-0.05725150943224938,-2.0640888483084723,0.08822341480476936,0.0,0.0,0.0,0.0,0.0
3.161355495452881,spool,drive,1.241445541381836,0.0,0.5,4439.409255981445,2733.0,24.72,0.083,16.5,-0.04720306974424415,-2.1114659151591013,0.010606009109988435,0.0,0.0,0.0,0.0,0.0
3.1806743144989014,spool,drive,1.280083179473877,0.0,0.5,4577.577449798584,2893.0,25.06,0.088,16.5,-0.04735117479036619,-2.2131732656509087,-0.07107864687642618,0.0,0.0,0.0,0.0,0.0
3.2007699012756348,spool,drive,1.3202743530273438,0.0,0.5,4721.301086425781,3073.0,24.94,0.088,16.5,-0.02166399363292696,-2.230548852427006,0.069338953965012,0.0,0.0,0.0,0.0,0.0
3.220543622970581,spool,drive,1.3598217964172363,0.0,0.5,4862.722743988037,3257.0,24.89,0.091,16.5,0.0007681940179198603,-2.107618300914808,0.190913974650595,0.0,0.0,0.0,0.0,0.0
3.2406020164489746,spool,drive,1.3999385833740234,0.0,0.5,5006.180374145508,3392.0,25.03,0.095,16.5,0.002136357137691191,-2.217430185008382,0.10846989322628353,0.0,0.0,0.0,0.0,0.0
3.260725736618042,spool,drive,1.4401860237121582,0.0,0.5,5150.105220794678,3575.0,25.03,0.095,16.5,-0.009492990629290664,-2.0238465543021675,0.10672559563234607,0.0,0.0,0.0,0.0,0.0
3.2806549072265625,spool,drive,1.4800443649291992,0.0,0.5,5292.638648986816,3737.0,25.42,0.099,16.5,-0.006062910925782361,-1.9818628132196778,-0.04202394069181992,0.0,0.0,0.0,0.0,0.0
3.300877332687378,spool,drive,1.52048921585083,0.0,0.5,5437.269435882568,3908.0,24.91,0.108,16.5,-0.013317336768022985,-2.192162172387384,-0.0231536593506263,0.0,0.0,0.0,0.0,0.0
3.3206639289855957,spool,drive,1.5600624084472656,0.0,0.5,5578.783172607422,4085.0,24.61,0.107,16.5,-0.007710881250107198,-2.5021996859113074,0.2410029071466404,0.0,0.0,0.0,0.0,0.0
3.3402762413024902,spool,drive,1.5992870330810547,0.0,0.5,5719.050430297852,4264.0,24.89,0.109,16.5,0.011419545288691903,-1.6769198327312722,0.40606575557035285,0.0,0.0,0.0,0.0,0.0
3.3605451583862305,spool,drive,1.6398248672485352,0.0,0.5,5864.013725280762,4438.0,24.71,0.117,16.5,-0.03000207428688304,-2.0297054646365496,-0.03282893786932206,0.0,0.0,0.0,0.0,0.0
3.38055682182312,spool,drive,1.6798481941223145,0.0,0.5,6007.1371421813965,4607.0,24.6,0.118,16.5,-0.03674362523744484,-2.6761622527544375,0.27488586050005104,0.0,0.0,0.0,0.0,0.0
3.400754690170288,spool,drive,1.7202439308166504,0.0,0.5,6151.592296600342,4758.0,24.89,0.121,16.5,-0.029023050497088674,-2.3616253065934814,0.1901883717021846,0.0,0.0,0.0,0.0,0.0
3.420579195022583,spool,drive,1.7598929405212402,0.0,0.5,6293.377155303955,4939.0,24.55,0.122,16.5,-0.04754066286311453,-2.1322539371359426,0.3742749543394339,0.0,0.0,0.0,0.0,0.0
3.440528631210327,spool,drive,1.7997918128967285,0.0,0.5,6436.055522918701,5104.0,24.56,0.125,16.5,-0.07099256761327159,-2.145682506997403,-0.0363532010742027,0.0,0.0,0.0,0.0,0.0
3.4605441093444824,spool,drive,1.839822769165039,0.0,0.5,6579.20622253418,5271.0,24.55,0.129,16.5,-0.056300490445792876,-2.0311788168636014,0.14077099195255016,0.0,0.0,0.0,0.0,0.0
3.4808807373046875,spool,drive,1.8804960250854492,0.0,0.5,6724.653785705566,5430.0,24.76,0.131,16.5,-0.017990797490516148,-2.1339265332448747,-0.04912702893497212,0.0,0.0,0.0,0.0,0.0
3.5005123615264893,spool,drive,1.9197592735290527,0.0,0.5,6865.059162139893,5581.0,24.91,0.136,16.5,-0.019951986767953327,-2.2337094188027464,0.13677277535366628,0.0,0.0,0.0,0.0,0.0
3.5205883979797363,spool,drive,1.9599113464355469,0.0,0.5,7008.642974853516,5759.0,24.69,0.137,16.5,-0.012349499295104257,-2.203693466868856,-0.2258792659401223,0.0,0.0,0.0,0.0,0.0
3.540910243988037,L0,drive,2.0,0.35,0.2725,7152.0,5926.0,24.33,0.136,16.5,-0.015831279693868324,-2.278697897957173,-0.033503194953087956,0.0,0.0,0.0,0.0,0.0
3.5607028007507324,L0,drive,2.0,0.35,0.2725,7152.0,6089.0,24.68,0.142,16.5,0.0012377519702901631,-1.6030246184996741,0.1692275827679719,0.0,0.0,0.0,0.0,0.0
3.5808074474334717,L0,drive,2.0,0.35,0.2725,7152.0,6262.0,24.33,0.149,16.4,-0.030128740886229934,-2.267842541634039,0.1159782483491334,0.0,0.0,0.0,0.0,0.0
3.600857973098755,L0,drive,2.0,0.35,0.2725,7152.0,6495.0,20.87,0.148,16.4,-0.0823152799486093,-2.2125135535167004,0.35648220525378704,0.0,0.0,0.0,0.0,0.0
3.6206510066986084,L0,drive,2.0,0.35,0.2725,7152.0,6495.0,20.87,0.148,16.4,0.15376734271846043,-1.6978796166752517,-3.0727002623723365,0.0,0.0,0.0,0.0,0.0
3.6412322521209717,L0,drive,2.0,0.35,0.2725,7152.0,6580.0,20.72,0.152,16.4,0.7332987429922282,1.0420881138198936,-5.968097151095606,0.0,0.0,0.0,0.0,0.0
3.660658359527588,L0,drive,2.0,0.35,0.2725,7152.0,6746.0,17.8,0.148,16.5,1.2430615977792383,-0.21124288054378582,-6.427539217032631,0.0,0.0,0.0,0.0,0.0
3.6806106567382812,L0,drive,2.0,0.35,0.2725,7152.0,6792.0,18.05,0.146,16.5,1.5648019506552917,-0.00902217191120247,-5.243071030533997,0.0,0.0,0.0,0.0,0.0
3.700610399246216,L0,drive,2.0,0.35,0.2725,7152.0,6823.0,18.26,0.146,16.5,1.6657615886318686,-0.873362752080304,-3.797358885414468,0.0,0.0,0.0,0.0,0.0
3.720583438873291,L0,drive,2.0,0.35,0.2725,7152.0,6880.0,17.48,0.147,16.5,1.653236475709117,-0.3363934006635958,-4.329647321230567,0.0,0.0,0.0,0.0,0.0
3.740621566772461,L0,drive,2.0,0.35,0.2725,7152.0,6935.0,16.97,0.152,16.5,1.8659845641286965,-0.24131503884053984,-4.029140769627844,0.0,0.0,0.0,0.0,0.0
3.760650396347046,L0,drive,2.0,0.35,0.2725,7152.0,7014.0,15.72,0.147,16.5,1.878612475069525,-0.7567371072954572,-3.6326217634616285,0.0,0.0,0.0,0.0,0.0
3.780667304992676,L0,drive,2.0,0.35,0.2725,7152.0,7038.0,15.93,0.146,16.5,1.895593189654034,-0.4587910515364726,-3.500480531279294,0.0,0.0,0.0,0.0,0.0
3.8007256984710693,L0,drive,2.0,0.35,0.2725,7152.0,7048.0,15.95,0.147,16.5,1.8421004033664843,-0.25494109841910984,-4.107107254112009,0.0,0.0,0.0,0.0,0.0
3.8207457065582275,L0,drive,2.0,0.35,0.2725,7152.0,7091.0,15.3,0.149,16.5,1.9747290214457385,0.24129311178090518,-4.079914776557075,0.0,0.0,0.0,0.0,0.0
3.8407678604125977,L0,drive,2.0,0.35,0.2725,7152.0,7134.0,14.7,0.15,16.5,2.0187582647996916,-0.400486342156114,-4.083577180237654,0.0,0.0,0.0,0.0,0.0
3.8607687950134277,L0,drive,2.0,0.35,0.2725,7152.0,7179.0,14.16,0.149,16.5,1.9261293941870459,-0.5116753186849436,-3.939010614262344,0.0,0.0,0.0,0.0,0.0
3.880643844604492,L0,drive,2.0,0.35,0.2725,7152.0,7217.0,13.85,0.15,16.5,1.9059543510330417,0.05000010049570047,-4.468930635277104,0.0,0.0,0.0,0.0,0.0
3.9006006717681885,L0,drive,2.0,0.35,0.2725,7152.0,7230.0,13.72,0.147,16.5,1.9121941374670974,0.2174696538486387,-4.292142986070644,0.0,0.0,0.0,0.0,0.0
3.920618772506714,L0,drive,2.0,0.35,0.2725,7152.0,7258.0,13.4,0.151,16.5,2.004602232025375,0.2719286858749719,-3.9199136071245277,0.0,0.0,0.0,0.0,0.0
3.940584897994995,L0,drive,2.0,0.35,0.2725,7152.0,7305.0,12.59,0.15,16.5,1.9388206883618184,-0.2693663993213633,-4.4280509947374185,0.0,0.0,0.0,0.0,0.0
3.960737943649292,R0,drive,2.0,0.15,0.40249999999999997,7152.0,7306.0,12.82,0.147,16.5,1.9661033089910809,0.20697861562133468,-3.605881860417554,0.0,0.0,0.0,0.0,0.0
3.980700969696045,R0,drive,2.0,0.15,0.40249999999999997,7152.0,7300.0,13.02,0.146,16.5,1.9557092575726105,0.048102742889238215,-4.039760190789309,0.0,0.0,0.0,0.0,0.0
4.000717401504517,R0,drive,2.0,0.15,0.40249999999999997,7152.0,7307.0,12.89,0.15,16.4,1.990563245180968,0.38310150946987065,-4.092525467094163,0.0,0.0,0.0,0.0,0.0
4.020750999450684,R0,drive,2.0,0.15,0.40249999999999997,7152.0,7349.0,12.0,0.15,16.5,1.994569038934611,0.4081047163006808,-4.545839650765288,0.0,0.0,0.0,0.0,0.0
4.0407304763793945,R0,drive,2.0,0.15,0.40249999999999997,7152.0,7353.0,12.12,0.148,16.5,1.8491235586351868,-0.7698558478042798,-1.640783453731757,0.0,0.0,0.0,0.0,0.0
4.060771942138672,R0,drive,2.0,0.15,0.40249999999999997,7152.0,7385.0,11.7,0.151,16.5,1.1802837003511275,-0.9768954571964983,1.9861194402163562,0.0,0.0,0.0,0.0,0.0
4.080531358718872,R0,drive,2.0,0.15,0.40249999999999997,7152.0,7424.0,10.82,0.148,16.5,0.8079162556785042,-0.7412734870293036,-0.11908991738188845,0.0,0.0,0.0,0.0,0.0
4.100721597671509,R0,drive,2.0,0.15,0.40249999999999997,7152.0,7431.0,11.06,0.151,16.5,0.8282368405860814,-0.29703568078805276,-0.8253097470713371,0.0,0.0,0.0,0.0,0.0
4.1206955909729,R0,drive,2.0,0.15,0.40249999999999997,7152.0,7457.0,10.54,0.149,16.5,0.8603852562640002,-0.4827541848386119,-1.8803579225784972,0.0,0.0,0.0,0.0,0.0
4.140651702880859,R0,drive,2.0,0.15,0.40249999999999997,7152.0,7460.0,10.59,0.148,16.5,0.8798952415147844,-0.7274370738586384,-1.3955535576640443,0.0,0.0,0.0,0.0,0.0
4.1605775356292725,R0,drive,2.0,0.15,0.40249999999999997,7152.0,7475.0,10.25,0.149,16.5,0.8189608507722537,-0.03670590696470111,-2.281098326265578,0.0,0.0,0.0,0.0,0.0
4.18056321144104,R0,drive,2.0,0.15,0.40249999999999997,7152.0,7499.0,9.81,0.149,16.5,0.8850519869125322,-0.013067221054956057,-1.9436730381755751,0.0,0.0,0.0,0.0,0.0
4.200515270233154,R0,drive,2.0,0.15,0.40249999999999997,7152.0,7504.0,9.85,0.149,16.5,0.8875736009906736,-0.38114455594257635,-2.096774785203877,0.0,0.0,0.0,0.0,0.0
4.22068452835083,R0,drive,2.0,0.15,0.40249999999999997,7152.0,7519.0,9.45,0.148,16.5,0.8489641567711408,-0.40703219072375063,-1.6591308477908626,0.0,0.0,0.0,0.0,0.0
4.24069881439209,R0,drive,2.0,0.15,0.40249999999999997,7152.0,7528.0,9.38,0.151,16.5,0.8059544380614974,-0.3876213708174632,-1.7814189364557649,0.0,0.0,0.0,0.0,0.0
4.2607409954071045,R0,drive,2.0,0.15,0.40249999999999997,7152.0,7529.0,9.17,0.149,16.5,0.8975553284933723,0.1760365012335754,-1.4493792265728302,0.0,0.0,0.0,0.0,0.0
4.280633211135864,R0,drive,2.0,0.15,0.40249999999999997,7152.0,7523.0,9.38,0.149,16.5,0.9120452550893572,-0.29825880871957366,-2.1203925673167703,0.0,0.0,0.0,0.0,0.0
4.300434589385986,R0,drive,2.0,0.15,0.40249999999999997,7152.0,7535.0,9.01,0.148,16.5,0.8399563472790841,-0.3694448250980109,-1.1659271765029544,0.0,0.0,0.0,0.0,0.0
4.320774078369141,R0,drive,2.0,0.15,0.40249999999999997,7152.0,7523.0,9.13,0.147,16.5,0.7778855856994166,-0.07239765087619965,-1.9776260667570682,0.0,0.0,0.0,0.0,0.0
4.340557098388672,R0,drive,2.0,0.15,0.40249999999999997,7152.0,7535.0,8.88,0.149,16.5,0.8447814625420895,0.14443140392521236,-1.8192662108283741,0.0,0.0,0.0,0.0,0.0
4.360704183578491,L1,drive,2.0,0.35,0.2725,7152.0,7535.0,8.81,0.149,16.5,0.8699450724710032,-0.35955553847728083,-2.1212664337334104,0.0,0.0,0.0,0.0,0.0
4.380699157714844,L1,drive,2.0,0.35,0.2725,7152.0,7538.0,8.61,0.147,16.5,0.8102508492690949,-0.5434056377763703,-1.7447677100960277,0.0,0.0,0.0,0.0,0.0
4.400949478149414,L1,drive,2.0,0.35,0.2725,7152.0,7535.0,8.61,0.148,16.4,0.832836053209621,-0.09384709347064568,-1.9125871919119106,0.0,0.0,0.0,0.0,0.0
4.420663833618164,L1,drive,2.0,0.35,0.2725,7152.0,7517.0,8.75,0.146,16.5,0.8295437868910377,-0.06109117270990705,-1.4779706505324555,0.0,0.0,0.0,0.0,0.0
4.4408509731292725,L1,drive,2.0,0.35,0.2725,7152.0,7497.0,9.25,0.152,16.5,1.1509355319803998,0.6586720606795637,-4.985087771861174,0.0,0.0,0.0,0.0,0.0
4.46064829826355,L1,drive,2.0,0.35,0.2725,7152.0,7501.0,8.53,0.145,16.5,1.461535216226379,1.0972612736334284,-6.1506478162956455,0.0,0.0,0.0,0.0,0.0
4.480567932128906,L1,drive,2.0,0.35,0.2725,7152.0,7434.0,9.84,0.144,16.5,1.718489914528511,1.4119069049199737,-5.455344848331606,0.0,0.0,0.0,0.0,0.0
4.500762224197388,L1,drive,2.0,0.35,0.2725,7152.0,7350.0,10.89,0.143,16.5,1.9010152524753807,1.4606884730304017,-5.703126469419203,0.0,0.0,0.0,0.0,0.0
4.520685434341431,L1,drive,2.0,0.35,0.2725,7152.0,7338.0,11.27,0.149,16.5,2.0961673029405885,1.3043277802187987,-4.750615583611022,0.0,0.0,0.0,0.0,0.0
4.54079794883728,L1,drive,2.0,0.35,0.2725,7152.0,7324.0,10.52,0.146,16.5,2.0444909256745274,-0.1852719229359998,-4.673928177605546,0.0,0.0,0.0,0.0,0.0
4.560831546783447,L1,drive,2.0,0.35,0.2725,7152.0,7294.0,11.14,0.143,16.5,2.054783776971575,0.37589609494842335,-3.9924883738249264,0.0,0.0,0.0,0.0,0.0
4.580672740936279,L1,drive,2.0,0.35,0.2725,7152.0,7263.0,11.52,0.146,16.5,2.1003478000617406,0.41650267050545864,-4.120198001074698,0.0,0.0,0.0,0.0,0.0
4.600682735443115,L1,drive,2.0,0.35,0.2725,7152.0,7254.0,11.47,0.145,16.5,2.023937713645732,0.3049910372941049,-4.1205035181056076,0.0,0.0,0.0,0.0,0.0
4.620600700378418,L1,drive,2.0,0.35,0.2725,7152.0,7243.0,11.69,0.148,16.5,2.06965673271134,0.6017590252291178,-5.027668367506919,0.0,0.0,0.0,0.0,0.0
4.640733003616333,L1,drive,2.0,0.35,0.2725,7152.0,7255.0,11.21,0.143,16.5,2.0904729318977813,0.43761503023939596,-4.372125298237222,0.0,0.0,0.0,0.0,0.0
4.660594701766968,L1,drive,2.0,0.35,0.2725,7152.0,7240.0,11.63,0.145,16.5,2.073011783052622,0.46972399310561386,-3.791761053270136,0.0,0.0,0.0,0.0,0.0
4.680614471435547,L1,drive,2.0,0.35,0.2725,7152.0,7224.0,11.6,0.147,16.5,1.9551437353151322,0.010234487061441033,-3.828894967302631,0.0,0.0,0.0,0.0,0.0
4.700517416000366,L1,drive,2.0,0.35,0.2725,7152.0,7214.0,11.72,0.145,16.5,2.0081370457402374,0.5057383845633616,-4.309612713022773,0.0,0.0,0.0,0.0,0.0
4.727057456970215,L1,drive,2.0,0.35,0.2725,7152.0,7207.0,12.0,0.147,16.5,2.1225609603979825,0.3761498275734958,-4.377827503185415,0.0,0.0,0.0,0.0,0.0
4.740705251693726,R1,drive,2.0,0.15,0.40249999999999997,7152.0,7217.0,11.67,0.146,16.5,2.0758284753795446,-0.007070421492433976,-4.149401043817733,0.0,0.0,0.0,0.0,0.0
4.7606284618377686,R1,drive,2.0,0.15,0.40249999999999997,7152.0,7219.0,11.5,0.146,16.5,2.01435219793421,0.5658135943739211,-4.449027297066323,0.0,0.0,0.0,0.0,0.0
4.780619382858276,R1,drive,2.0,0.15,0.40249999999999997,7152.0,7224.0,11.48,0.145,16.4,2.0074205222489514,0.5903366716889309,-4.297112242505449,0.0,0.0,0.0,0.0,0.0
4.800421953201294,R1,drive,2.0,0.15,0.40249999999999997,7152.0,7230.0,11.43,0.147,16.5,2.076163634202731,0.6535325040815962,-3.9681861750906364,0.0,0.0,0.0,0.0,0.0
4.820575475692749,R1,drive,2.0,0.15,0.40249999999999997,7152.0,7230.0,11.43,0.147,16.5,2.0003789911687275,-0.6871803079929748,-2.4654809242078954,0.0,0.0,0.0,0.0,0.0
4.841199636459351,R1,drive,2.0,0.15,0.40249999999999997,7152.0,7232.0,11.28,0.145,16.5,1.2552265181645568,-1.2915412346634412,2.416471607038062,0.0,0.0,0.0,0.0,0.0
4.860661029815674,R1,drive,2.0,0.15,0.40249999999999997,7152.0,7246.0,11.18,0.146,16.5,0.8109649759153997,-0.6085371544484843,0.8268194982173824,0.0,0.0,0.0,0.0,0.0
4.880651950836182,R1,drive,2.0,0.15,0.40249999999999997,7152.0,7271.0,10.59,0.147,16.5,0.7814293875829577,-0.46738832271332953,-1.045568522905505,0.0,0.0,0.0,0.0,0.0
4.901431083679199,R1,drive,2.0,0.15,0.40249999999999997,7152.0,7291.0,10.44,0.146,16.5,0.8740784982198878,-0.42197581077066815,-1.743985644969058,0.0,0.0,0.0,0.0,0.0
4.921012878417969,R1,drive,2.0,0.15,0.40249999999999997,7152.0,7311.0,10.29,0.145,16.5,0.8789271824585406,-0.31060549745865984,-2.095978686758741,0.0,0.0,0.0,0.0,0.0
4.94083309173584,R1,drive,2.0,0.15,0.40249999999999997,7152.0,7311.0,10.3,0.146,16.5,0.9020906918297773,-0.1712399934835922,-2.101764506894341,0.0,0.0,0.0,0.0,0.0
4.960845232009888,R1,drive,2.0,0.15,0.40249999999999997,7152.0,7323.0,10.04,0.146,16.5,0.8888662328047707,-0.3706680261197306,-1.4694758152691918,0.0,0.0,0.0,0.0,0.0
4.980579137802124,R1,drive,2.0,0.15,0.40249999999999997,7152.0,7333.0,9.83,0.147,16.5,0.920205446985469,-0.4253048865997009,-1.7532309703934175,0.0,0.0,0.0,0.0,0.0
5.000748634338379,R1,drive,2.0,0.15,0.40249999999999997,7152.0,7340.0,9.72,0.146,16.5,0.8951859140715288,-0.39476886135637557,-1.786349893626408,0.0,0.0,0.0,0.0,0.0
5.020749568939209,R1,drive,2.0,0.15,0.40249999999999997,7152.0,7346.0,9.8,0.146,16.5,0.9037731438484348,-0.2061724672738663,-1.3883720070924994,0.0,0.0,0.0,0.0,0.0
5.040930509567261,R1,drive,2.0,0.15,0.40249999999999997,7152.0,7347.0,9.61,0.145,16.5,0.8584573273718645,-0.5363270712949095,-1.723985242974294,0.0,0.0,0.0,0.0,0.0
5.060893774032593,R1,drive,2.0,0.15,0.40249999999999997,7152.0,7358.0,9.36,0.146,16.5,0.8513671936017466,0.12393875771419971,-1.9308395687125994,0.0,0.0,0.0,0.0,0.0
5.08239221572876,R1,drive,2.0,0.15,0.40249999999999997,7152.0,7356.0,9.56,0.146,16.5,0.8523819245560941,-0.31318974761700247,-1.9720302811383021,0.0,0.0,0.0,0.0,0.0
5.100243091583252,R1,drive,2.0,0.15,0.40249999999999997,7152.0,7372.0,9.1,0.146,16.5,0.8523819245560941,-0.31318974761700247,-1.9720302811383021,0.0,0.0,0.0,0.0,0.0
5.120707273483276,R1,drive,2.0,0.15,0.40249999999999997,7152.0,7372.0,9.1,0.146,16.5,0.8826068055576758,-0.1017973153902334,-1.8116230225613208,0.0,0.0,0.0,0.0,0.0
5.140640020370483,L2,drive,2.0,0.35,0.2725,7152.0,7367.0,9.03,0.146,16.5,0.8403324522040306,-0.5128696856232438,-1.1887140692360916,0.0,0.0,0.0,0.0,0.0
5.160642623901367,L2,drive,2.0,0.35,0.2725,7152.0,7375.0,9.04,0.146,16.5,0.8983966876607556,-0.09429478921073642,-2.0847312746093394,0.0,0.0,0.0,0.0,0.0
5.180687427520752,L2,drive,2.0,0.35,0.2725,7152.0,7374.0,9.05,0.146,16.4,0.9227884469267369,-0.3330934147336784,-1.2669694792760424,0.0,0.0,0.0,0.0,0.0
5.200441122055054,L2,drive,2.0,0.35,0.2725,7152.0,7374.0,9.0,0.146,16.5,0.8189836207995738,-0.4132680272132525,-1.7755205574140405,0.0,0.0,0.0,0.0,0.0
5.220574140548706,L2,drive,2.0,0.35,0.2725,7152.0,7361.0,8.95,0.142,16.5,0.9687489481241881,0.6251712411579362,-4.7194335506457605,0.0,0.0,0.0,0.0,0.0
5.240504503250122,L2,drive,2.0,0.35,0.2725,7152.0,7165.0,12.45,0.145,16.5,1.4313693242429426,1.716088870258659,-6.6246605595403025,0.0,0.0,0.0,0.0,0.0
5.260550022125244,L2,drive,2.0,0.35,0.2725,7152.0,7315.0,9.45,0.147,16.5,1.805157565357123,2.1997515662681337,-6.534785342788155,0.0,0.0,0.0,0.0,0.0
5.280539035797119,L2,drive,2.0,0.35,0.2725,7152.0,7261.0,10.09,0.144,16.5,1.9641540082311972,-0.12438295426102375,-4.801381112077195,0.0,0.0,0.0,0.0,0.0
5.3006110191345215,L2,drive,2.0,0.35,0.2725,7152.0,7227.0,10.86,0.142,16.5,1.9197916034248752,-0.008377022999101591,-4.129442741777467,0.0,0.0,0.0,0.0,0.0
5.320770740509033,L2,drive,2.0,0.35,0.2725,7152.0,7179.0,11.42,0.141,16.5,1.9498046299617413,0.3126603187621235,-3.3114277619955885,0.0,0.0,0.0,0.0,0.0
5.34079384803772,L2,drive,2.0,0.35,0.2725,7152.0,7155.0,11.7,0.145,16.5,2.0194560130052923,0.44236304264248716,-4.406762743440112,0.0,0.0,0.0,0.0,0.0
5.36072301864624,L2,drive,2.0,0.35,0.2725,7152.0,7178.0,10.92,0.144,16.5,1.9887536272202593,0.09823425042607425,-3.855732226491483,0.0,0.0,0.0,0.0,0.0
5.380691766738892,L2,drive,2.0,0.35,0.2725,7152.0,7181.0,11.05,0.142,16.5,1.9041364772729537,0.31347582265503604,-3.86907878914991,0.0,0.0,0.0,0.0,0.0
5.400551080703735,L2,drive,2.0,0.35,0.2725,7152.0,7169.0,11.35,0.143,16.5,1.865772842822035,0.711273688029344,-4.00574869004879,0.0,0.0,0.0,0.0,0.0
5.420565605163574,L2,drive,2.0,0.35,0.2725,7152.0,7150.0,11.55,0.145,16.5,1.9409858383280527,0.38671147093282343,-3.733544125218515,0.0,0.0,0.0,0.0,0.0
5.440749883651733,L2,drive,2.0,0.35,0.2725,7152.0,7149.0,11.39,0.145,16.5,1.9201595191294698,-0.006311133098659827,-4.33344333379452,0.0,0.0,0.0,0.0,0.0
5.460501432418823,L2,drive,2.0,0.35,0.2725,7152.0,7161.0,11.15,0.144,16.5,1.9010000724571674,0.3483520900824466,-4.127432176589366,0.0,0.0,0.0,0.0,0.0
5.480759859085083,L2,drive,2.0,0.35,0.2725,7152.0,7172.0,11.16,0.146,16.5,1.9926346518768316,0.33138423698025576,-3.834738090154076,0.0,0.0,0.0,0.0,0.0
5.50194787979126,L2,drive,2.0,0.35,0.2725,7152.0,7163.0,11.29,0.143,16.5,1.9375562194762488,-0.2302205313869905,-3.8663323518404695,0.0,0.0,0.0,0.0,0.0
5.520768165588379,L2,drive,2.0,0.35,0.2725,7152.0,7154.0,11.37,0.143,16.5,1.9124407461840387,0.5070032835434866,-4.637239236703238,0.0,0.0,0.0,0.0,0.0
5.540968179702759,R2,drive,2.0,0.15,0.40249999999999997,7152.0,7154.0,11.3,0.145,16.5,1.9771563596212913,0.6594457935238722,-4.202639944610695,0.0,0.0,0.0,0.0,0.0
5.560739517211914,R2,drive,2.0,0.15,0.40249999999999997,7152.0,7162.0,11.23,0.145,16.5,1.9574456386033423,0.17293053323632535,-3.561792098347354,0.0,0.0,0.0,0.0,0.0
5.5808093547821045,R2,drive,2.0,0.15,0.40249999999999997,7152.0,7176.0,10.99,0.145,16.4,1.8725724257172254,-0.09064481086395038,-3.3967596919914342,0.0,0.0,0.0,0.0,0.0
5.600640058517456,R2,drive,2.0,0.15,0.40249999999999997,7152.0,7168.0,11.26,0.144,16.5,1.8879093041188828,0.5572726026501265,-3.790360645061469,0.0,0.0,0.0,0.0,0.0
5.620532512664795,R2,drive,2.0,0.15,0.40249999999999997,7152.0,7162.0,11.29,0.143,16.5,1.922025729263343,-0.09801709030921746,-2.165916943808668,0.0,0.0,0.0,0.0,0.0
5.640652418136597,R2,drive,2.0,0.15,0.40249999999999997,7152.0,7163.0,11.26,0.146,16.5,1.2903994193134514,-1.0840522667291097,1.36670339440073,0.0,0.0,0.0,0.0,0.0
5.660992622375488,R2,drive,2.0,0.15,0.40249999999999997,7152.0,7232.0,10.16,0.145,16.5,0.8429974109278455,-0.8228798634128225,-0.1128420575546869,0.0,0.0,0.0,0.0,0.0
5.680612087249756,R2,drive,2.0,0.15,0.40249999999999997,7152.0,7232.0,10.16,0.145,16.5,0.799665849200466,-0.3963998325971012,-1.1165196639301556,0.0,0.0,0.0,0.0,0.0
5.700657844543457,R2,drive,2.0,0.15,0.40249999999999997,7152.0,7239.0,10.24,0.145,16.5,0.8435068070653505,-0.12637661734065642,-1.2498374290422873,0.0,0.0,0.0,0.0,0.0
5.7207770347595215,R2,drive,2.0,0.15,0.40249999999999997,7152.0,7256.0,9.88,0.146,16.5,0.8972969352886074,-0.243759832899606,-1.517534082772471,0.0,0.0,0.0,0.0,0.0
5.740893602371216,R2,drive,2.0,0.15,0.40249999999999997,7152.0,7267.0,9.72,0.145,16.5,0.8239867018024238,-0.6508434425781999,-1.320023023324893,0.0,0.0,0.0,0.0,0.0
5.760549783706665,R2,drive,2.0,0.15,0.40249999999999997,7152.0,7277.0,9.74,0.145,16.5,0.7868051779803644,-0.1372625984570801,-1.8525816005156912,0.0,0.0,0.0,0.0,0.0
5.781642913818359,R2,drive,2.0,0.15,0.40249999999999997,7152.0,7274.0,9.76,0.145,16.5,0.8474896976336185,-0.33050916457533575,-1.3717577278269175,0.0,0.0,0.0,0.0,0.0
5.8005757331848145,R2,drive,2.0,0.15,0.40249999999999997,7152.0,7274.0,9.76,0.145,16.5,0.861665903853192,-0.33588787230371864,-1.9441004696580535,0.0,0.0,0.0,0.0,0.0
5.820531368255615,R2,drive,2.0,0.15,0.40249999999999997,7152.0,7289.0,9.35,0.145,16.5,0.8359773182943967,-0.2777934068801571,-1.8960606208848674,0.0,0.0,0.0,0.0,0.0
5.840486288070679,R2,drive,2.0,0.15,0.40249999999999997,7152.0,7310.0,9.16,0.147,16.5,0.8354221823651697,0.0615312213879502,-2.0436349947204633,0.0,0.0,0.0,0.0,0.0
5.8605945110321045,R2,drive,2.0,0.15,0.40249999999999997,7152.0,7315.0,8.95,0.144,16.5,0.8503426755303931,-0.3767209178416806,-1.4288502362604731,0.0,0.0,0.0,0.0,0.0
5.880729913711548,R2,drive,2.0,0.15,0.40249999999999997,7152.0,7314.0,9.22,0.147,16.5,0.8580551900472626,-0.22697496111006643,-1.8714426724918383,0.0,0.0,0.0,0.0,0.0
5.900640964508057,R2,drive,2.0,0.15,0.40249999999999997,7152.0,7320.0,8.87,0.143,16.5,0.8555769189158622,-0.33104199212445806,-1.594416201067503,0.0,0.0,0.0,0.0,0.0
5.920618534088135,R2,drive,2.0,0.15,0.40249999999999997,7152.0,7303.0,9.24,0.144,16.5,0.8027029846866196,-0.09592400628669129,-1.8072835112792234,0.0,0.0,0.0,0.0,0.0
5.940628290176392,R2,drive,2.0,0.15,0.40249999999999997,7152.0,7305.0,9.15,0.145,16.5,0.8355734499150862,-0.34258940299476137,-1.6096362117011154,0.0,0.0,0.0,0.0,0.0
5.960551977157593,L3,drive,2.0,0.35,0.2725,7152.0,7296.0,9.22,0.145,16.5,0.8327284615015818,-0.3974799595547047,-1.7619234415541882,0.0,0.0,0.0,0.0,0.0
5.980798006057739,L3,drive,2.0,0.35,0.2725,7152.0,7301.0,9.13,0.146,16.5,0.8301690971149884,-0.24624617873667987,-1.8187773835789187,0.0,0.0,0.0,0.0,0.0
6.000529766082764,L3,drive,2.0,0.35,0.2725,7152.0,7305.0,8.96,0.146,16.4,0.8504804275377774,0.18113435987313764,-2.103346471156783,0.0,0.0,0.0,0.0,0.0
6.020501613616943,L3,drive,2.0,0.35,0.2725,7152.0,7306.0,8.8,0.144,16.5,0.8456573762246167,-0.2521739400383147,-2.0047513013291223,0.0,0.0,0.0,0.0,0.0
6.040769338607788,L3,drive,2.0,0.35,0.2725,7152.0,7286.0,9.27,0.14,16.5,1.0126084149586487,0.2674164259080527,-3.6859366780613243,0.0,0.0,0.0,0.0,0.0
6.060596704483032,L3,drive,2.0,0.35,0.2725,7152.0,7157.0,11.68,0.147,16.5,1.4516568859530028,1.7541255944265117,-7.113308299467519,0.0,0.0,0.0,0.0,0.0
6.080654144287109,L3,drive,2.0,0.35,0.2725,7152.0,7243.0,9.38,0.141,16.5,1.8334418008723643,1.7171146181083685,-6.170471047648562,0.0,0.0,0.0,0.0,0.0
6.100626707077026,L3,drive,2.0,0.35,0.2725,7152.0,7180.0,10.56,0.141,16.5,2.0180478665789128,0.6341054946962785,-4.9469083756252985,0.0,0.0,0.0,0.0,0.0
6.12054705619812,L3,drive,2.0,0.35,0.2725,7152.0,7148.0,11.0,0.14,16.5,1.9847391781930737,0.1865965914261789,-3.962119980952508,0.0,0.0,0.0,0.0,0.0
6.140531778335571,L3,drive,2.0,0.35,0.2725,7152.0,7119.0,11.46,0.143,16.5,1.9369337055714428,0.3452894645730744,-3.9103873229760495,0.0,0.0,0.0,0.0,0.0
6.160834550857544,L3,drive,2.0,0.35,0.2725,7152.0,7088.0,11.71,0.142,16.5,1.9329071391612975,0.43685748687411774,-4.249953861529576,0.0,0.0,0.0,0.0,0.0
6.180774927139282,L3,drive,2.0,0.35,0.2725,7152.0,7100.0,11.43,0.143,16.5,1.9744917337926122,0.2705225035406009,-3.882314547066983,0.0,0.0,0.0,0.0,0.0
6.200725317001343,L3,drive,2.0,0.35,0.2725,7152.0,7120.0,10.93,0.142,16.5,1.9288127953014098,0.031794556239881366,-3.841617924385048,0.0,0.0,0.0,0.0,0.0
6.220721006393433,L3,drive,2.0,0.35,0.2725,7152.0,7073.0,11.8,0.142,16.5,1.9256537536163578,0.20982927955423847,-3.8148917622983447,0.0,0.0,0.0,0.0,0.0
6.2406322956085205,L3,drive,2.0,0.35,0.2725,7152.0,7069.0,11.95,0.144,16.5,2.0066047960070605,0.782698892083296,-4.132583573799536,0.0,0.0,0.0,0.0,0.0
6.261022567749023,L3,drive,2.0,0.35,0.2725,7152.0,7077.0,11.67,0.144,16.5,2.085660466649953,0.2521373949389236,-3.9237499654782084,0.0,0.0,0.0,0.0,0.0
6.280794382095337,L3,drive,2.0,0.35,0.2725,7152.0,7095.0,11.36,0.142,16.5,1.9558320292988634,-0.13847123625669244,-3.7044013087992766,0.0,0.0,0.0,0.0,0.0
6.300556182861328,L3,drive,2.0,0.35,0.2725,7152.0,7109.0,11.31,0.146,16.5,1.88050505049819,0.6758228950944059,-4.18192238158548,0.0,0.0,0.0,0.0,0.0
6.32076621055603,L3,drive,2.0,0.35,0.2725,7152.0,7096.0,11.38,0.143,16.5,1.9346955849913403,0.40209184146256405,-3.5848225276228334,0.0,0.0,0.0,0.0,0.0
6.340724229812622,R3,drive,2.0,0.15,0.40249999999999997,7152.0,7096.0,11.58,0.145,16.5,1.9395334834275784,0.10333208165681196,-3.7624559766096013,0.0,0.0,0.0,0.0,0.0
6.360630989074707,R3,drive,2.0,0.15,0.40249999999999997,7152.0,7095.0,11.48,0.144,16.5,1.902988521685075,0.07203854045703295,-4.258608033426185,0.0,0.0,0.0,0.0,0.0
6.380750417709351,R3,drive,2.0,0.15,0.40249999999999997,7152.0,7112.0,11.37,0.146,16.4,1.9668782888682939,0.5451234401732492,-4.151298465378119,0.0,0.0,0.0,0.0,0.0
6.400865316390991,R3,drive,2.0,0.15,0.40249999999999997,7152.0,7122.0,11.01,0.142,16.5,2.0589343135304636,0.27241809784601756,-3.607751215341608,0.0,0.0,0.0,0.0,0.0
6.4208924770355225,R3,drive,2.0,0.15,0.40249999999999997,7152.0,7111.0,11.59,0.145,16.5,1.902754696141366,-0.903041612017411,-2.198804024931121,0.0,0.0,0.0,0.0,0.0
6.440964937210083,R3,drive,2.0,0.15,0.40249999999999997,7152.0,7130.0,10.93,0.143,16.5,1.205053362175791,-1.0246928657803238,2.0882311256878268,0.0,0.0,0.0,0.0,0.0
6.460821151733398,R3,drive,2.0,0.15,0.40249999999999997,7152.0,7139.0,10.91,0.145,16.5,0.7683442784619896,-0.6604357271761785,0.19032795570930894,0.0,0.0,0.0,0.0,0.0
6.480817079544067,R3,drive,2.0,0.15,0.40249999999999997,7152.0,7178.0,10.37,0.145,16.5,0.7143959584699819,-0.34435825889548966,-0.5632221813760978,0.0,0.0,0.0,0.0,0.0
6.500504493713379,R3,drive,2.0,0.15,0.40249999999999997,7152.0,7203.0,10.06,0.145,16.5,0.7485065246600439,-0.6842045867299547,-1.0425615921276048,0.0,0.0,0.0,0.0,0.0
6.520458698272705,R3,drive,2.0,0.15,0.40249999999999997,7152.0,7202.0,10.23,0.144,16.5,0.7839877532841423,-0.22058329631676088,-1.9642815506242073,0.0,0.0,0.0,0.0,0.0
6.540776014328003,R3,drive,2.0,0.15,0.40249999999999997,7152.0,7217.0,9.95,0.145,16.5,0.8738593200621743,-0.09532050051534657,-1.8156274883722006,0.0,0.0,0.0,0.0,0.0
6.560751438140869,R3,drive,2.0,0.15,0.40249999999999997,7152.0,7232.0,9.74,0.145,16.5,0.8909421002954604,-0.508851953941285,-1.8270617190696896,0.0,0.0,0.0,0.0,0.0
6.580637454986572,R3,drive,2.0,0.15,0.40249999999999997,7152.0,7246.0,9.56,0.146,16.5,0.8652443934099314,-0.5305533841323076,-1.6062050654094833,0.0,0.0,0.0,0.0,0.0
6.6007163524627686,R3,drive,2.0,0.15,0.40249999999999997,7152.0,7250.0,9.65,0.143,16.5,0.8019902561998872,-0.26232964043360596,-2.051685441575131,0.0,0.0,0.0,0.0,0.0
6.6208343505859375,R3,drive,2.0,0.15,0.40249999999999997,7152.0,7243.0,9.75,0.144,16.5,0.863263401033076,0.00957645600180479,-1.9855861741260412,0.0,0.0,0.0,0.0,0.0
6.64077091217041,R3,drive,2.0,0.15,0.40249999999999997,7152.0,7255.0,9.43,0.145,16.5,0.8672099394524644,-0.37478187141308794,-1.4401815559580768,0.0,0.0,0.0,0.0,0.0
6.66067361831665,R3,drive,2.0,0.15,0.40249999999999997,7152.0,7260.0,9.31,0.145,16.5,0.8105533843689281,-0.5492628304910809,-1.438450780050914,0.0,0.0,0.0,0.0,0.0
6.680776119232178,R3,drive,2.0,0.15,0.40249999999999997,7152.0,7278.0,9.11,0.144,16.5,0.7992673737223629,-0.08345221453611451,-1.7613153311003202,0.0,0.0,0.0,0.0,0.0
6.70073938369751,R3,drive,2.0,0.15,0.40249999999999997,7152.0,7262.0,9.43,0.143,16.5,0.8683228078929813,-0.14976336133519919,-1.6903897716452434,0.0,0.0,0.0,0.0,0.0
6.720581293106079,R3,drive,2.0,0.15,0.40249999999999997,7152.0,7265.0,9.36,0.145,16.5,0.8801059641360369,-0.22774697633470353,-2.0164179588587388,0.0,0.0,0.0,0.0,0.0
6.740710020065308,L4,drive,2.0,0.35,0.2725,7152.0,7285.0,8.8,0.144,16.5,0.8601788612795189,-0.30262803116747605,-1.9264997650697069,0.0,0.0,0.0,0.0,0.0
6.760681629180908,L4,drive,2.0,0.35,0.2725,7152.0,7276.0,9.13,0.146,16.5,0.8436679283113002,-0.21677759930146934,-1.6605403191841788,0.0,0.0,0.0,0.0,0.0
6.781389236450195,L4,drive,2.0,0.35,0.2725,7152.0,7278.0,9.1,0.143,16.4,0.8333201493167702,-0.059391304820554325,-1.8906209559307001,0.0,0.0,0.0,0.0,0.0
6.80037784576416,L4,drive,2.0,0.35,0.2725,7152.0,7278.0,8.9,0.144,16.5,0.8493151614028133,-0.3091865608846014,-1.2968177622939265,0.0,0.0,0.0,0.0,0.0
6.820642948150635,L4,drive,2.0,0.35,0.2725,7152.0,7278.0,8.9,0.144,16.5,1.0438030194921555,0.6516062118926911,-4.772652570904654,0.0,0.0,0.0,0.0,0.0
6.84069299697876,L4,drive,2.0,0.35,0.2725,7152.0,7253.0,9.23,0.141,16.5,1.4001244525438605,1.8792054363240993,-5.962483823829132,0.0,0.0,0.0,0.0,0.0
6.860552787780762,L4,drive,2.0,0.35,0.2725,7152.0,7096.0,12.21,0.141,16.5,1.7638688479229163,1.3480949221515743,-6.229485243588499,0.0,0.0,0.0,0.0,0.0
6.8805766105651855,L4,drive,2.0,0.35,0.2725,7152.0,7093.0,11.9,0.147,16.5,2.087361960270405,1.3701623149678994,-6.452453034550331,0.0,0.0,0.0,0.0,0.0
6.900658369064331,L4,drive,2.0,0.35,0.2725,7152.0,7117.0,10.43,0.141,16.5,2.137658820091805,0.18201886091370056,-4.4683166776073335,0.0,0.0,0.0,0.0,0.0
6.920690059661865,L4,drive,2.0,0.35,0.2725,7152.0,7116.0,11.02,0.143,16.5,2.0255076471083338,0.7367535160464129,-3.8244756415234633,0.0,0.0,0.0,0.0,0.0
6.94076132774353,L4,drive,2.0,0.35,0.2725,7152.0,7080.0,11.43,0.142,16.5,2.049183149199138,0.3379572020116406,-3.5745708963416405,0.0,0.0,0.0,0.0,0.0
6.960465669631958,L4,drive,2.0,0.35,0.2725,7152.0,7049.0,12.08,0.146,16.5,1.979206727344543,-0.07416978669959828,-4.103005432156351,0.0,0.0,0.0,0.0,0.0
6.980722188949585,L4,drive,2.0,0.35,0.2725,7152.0,7040.0,11.95,0.144,16.5,2.031450091606682,0.36554641316556413,-4.640016079535371,0.0,0.0,0.0,0.0,0.0
7.001085042953491,L4,drive,2.0,0.35,0.2725,7152.0,7043.0,12.02,0.144,16.5,2.06013926076567,0.34647100418148824,-4.3695598322599665,0.0,0.0,0.0,0.0,0.0
7.0208141803741455,L4,drive,2.0,0.35,0.2725,7152.0,7068.0,11.46,0.143,16.5,2.0614009333320946,0.411952147819477,-3.8577895694068047,0.0,0.0,0.0,0.0,0.0
7.040822505950928,L4,drive,2.0,0.35,0.2725,7152.0,7057.0,11.67,0.141,16.5,2.00103599300965,-0.17846156093897036,-3.347028828379223,0.0,0.0,0.0,0.0,0.0
7.060750246047974,L4,drive,2.0,0.35,0.2725,7152.0,7026.0,12.36,0.144,16.5,1.9320557265607992,0.48068072553445873,-4.483404248800753,0.0,0.0,0.0,0.0,0.0
7.080601453781128,L4,drive,2.0,0.35,0.2725,7152.0,7030.0,12.11,0.144,16.5,1.9999073453396745,0.6420430171938278,-4.610486469784178,0.0,0.0,0.0,0.0,0.0
7.100997447967529,L4,drive,2.0,0.35,0.2725,7152.0,7045.0,11.91,0.144,16.5,2.0357821225938597,0.06963556769608248,-3.8966139135567346,0.0,0.0,0.0,0.0,0.0
7.1204540729522705,L4,drive,2.0,0.35,0.2725,7152.0,7076.0,11.41,0.142,16.5,1.9828486001352266,-0.07318581903476762,-3.5493331430629382,0.0,0.0,0.0,0.0,0.0
7.1407694816589355,R4,drive,2.0,0.15,0.40249999999999997,7152.0,7061.0,11.93,0.143,16.5,1.9858152284315203,0.3194308100557173,-3.9730946204800546,0.0,0.0,0.0,0.0,0.0
7.160709857940674,R4,drive,2.0,0.15,0.40249999999999997,7152.0,7048.0,12.06,0.143,16.5,2.0568968621384984,0.5520334972014176,-4.317365828948795,0.0,0.0,0.0,0.0,0.0
7.180833101272583,R4,drive,2.0,0.15,0.40249999999999997,7152.0,7054.0,11.99,0.146,16.4,2.1081544573231445,0.35718847584461955,-4.303336603833742,0.0,0.0,0.0,0.0,0.0
7.2007293701171875,R4,drive,2.0,0.15,0.40249999999999997,7152.0,7071.0,11.57,0.144,16.5,1.999984044379069,0.12892432239960794,-4.074529198350007,0.0,0.0,0.0,0.0,0.0
7.220506191253662,R4,drive,2.0,0.15,0.40249999999999997,7152.0,7109.0,11.14,0.145,16.5,1.8523803383322446,-0.3330082646520971,-1.8056278720964087,0.0,0.0,0.0,0.0,0.0
7.2407848834991455,R4,drive,2.0,0.15,0.40249999999999997,7152.0,7117.0,11.11,0.142,16.5,1.3311816035083253,-1.0934359518997638,2.235938231324411,0.0,0.0,0.0,0.0,0.0
7.2607598304748535,R4,drive,2.0,0.15,0.40249999999999997,7152.0,7123.0,11.22,0.145,16.5,0.8310165149738515,-0.7787195693007973,0.8800301131034161,0.0,0.0,0.0,0.0,0.0
7.280489921569824,R4,drive,2.0,0.15,0.40249999999999997,7152.0,7159.0,10.43,0.146,16.5,0.7653424964393067,-0.4089133131698084,-1.0198945673204705,0.0,0.0,0.0,0.0,0.0
7.300533771514893,R4,drive,2.0,0.15,0.40249999999999997,7152.0,7191.0,10.09,0.146,16.5,0.8911974974439989,-0.27797638819280834,-1.8423144741123565,0.0,0.0,0.0,0.0,0.0
7.320467948913574,R4,drive,2.0,0.15,0.40249999999999997,7152.0,7202.0,10.08,0.144,16.5,0.9477977932495075,-0.44204802388573583,-1.8101568331737496,0.0,0.0,0.0,0.0,0.0
7.340713024139404,R4,drive,2.0,0.15,0.40249999999999997,7152.0,7216.0,10.06,0.144,16.5,0.8520454341523626,-0.522478013519855,-1.9002381642864634,0.0,0.0,0.0,0.0,0.0
7.360541820526123,R4,drive,2.0,0.15,0.40249999999999997,7152.0,7221.0,9.9,0.145,16.5,0.8971242292919157,-0.05759184239908599,-1.9041794801655954,0.0,0.0,0.0,0.0,0.0
7.380745887756348,R4,drive,2.0,0.15,0.40249999999999997,7152.0,7245.0,9.44,0.145,16.5,0.8566441807227114,-0.18080494234722622,-1.9495778491547924,0.0,0.0,0.0,0.0,0.0
7.400671005249023,R4,drive,2.0,0.15,0.40249999999999997,7152.0,7247.0,9.54,0.146,16.5,0.8592803107277263,-0.4530753614466043,-1.285082984699045,0.0,0.0,0.0,0.0,0.0
7.420299530029297,R4,drive,2.0,0.15,0.40249999999999997,7152.0,7249.0,9.66,0.143,16.5,0.810990142787701,-0.5541793158023651,-1.2745211586142204,0.0,0.0,0.0,0.0,0.0
7.440794229507446,R4,drive,2.0,0.15,0.40249999999999997,7152.0,7250.0,9.55,0.145,16.5,0.8277771124029065,-0.20288512594833819,-1.7778062341103578,0.0,0.0,0.0,0.0,0.0
7.460846424102783,R4,drive,2.0,0.15,0.40249999999999997,7152.0,7261.0,9.3,0.145,16.5,0.8895350857125442,-0.08856451762621109,-1.939717688978277,0.0,0.0,0.0,0.0,0.0
7.480744361877441,R4,drive,2.0,0.15,0.40249999999999997,7152.0,7272.0,8.99,0.143,16.5,0.9125653038712225,-0.2657421121794492,-1.8619643355137612,0.0,0.0,0.0,0.0,0.0
7.50065279006958,R4,drive,2.0,0.15,0.40249999999999997,7152.0,7265.0,9.51,0.146,16.5,0.8617011241586082,-0.4810560802503048,-1.6659144953202372,0.0,0.0,0.0,0.0,0.0
7.521667957305908,R4,drive,2.0,0.15,0.40249999999999997,7152.0,7266.0,9.22,0.143,16.5,0.7977596250712146,-0.18864280635873598,-1.9395986981346596,0.0,0.0,0.0,0.0,0.0
7.54075026512146,L5,drive,2.0,0.35,0.2725,7152.0,7266.0,9.22,0.143,16.5,0.8802477108850564,-0.06960144827766346,-1.8605279669272932,0.0,0.0,0.0,0.0,0.0
7.560608386993408,L5,drive,2.0,0.35,0.2725,7152.0,7282.0,8.94,0.144,16.5,0.8635164013366335,-0.23106333446914817,-1.4858845648957981,0.0,0.0,0.0,0.0,0.0
7.580740928649902,L5,drive,2.0,0.35,0.2725,7152.0,7279.0,8.95,0.147,16.4,0.8427952770011086,-0.5797570846858022,-1.2605238008258368,0.0,0.0,0.0,0.0,0.0
7.600706338882446,L5,drive,2.0,0.35,0.2725,7152.0,7263.0,9.32,0.143,16.5,0.7633037134667966,-0.31880764302090014,-2.0978582743106244,0.0,0.0,0.0,0.0,0.0
7.621433734893799,L5,drive,2.0,0.35,0.2725,7152.0,7214.0,10.1,0.144,16.5,1.1683085301934772,0.9013742784027912,-5.531518284059246,0.0,0.0,0.0,0.0,0.0
7.640925645828247,L5,drive,2.0,0.35,0.2725,7152.0,7258.0,8.91,0.141,16.5,1.5331558737379891,1.391273103262563,-6.503599216771761,0.0,0.0,0.0,0.0,0.0
7.660789251327515,L5,drive,2.0,0.35,0.2725,7152.0,7223.0,9.66,0.142,16.5,1.7333097402045294,0.9991619477143061,-4.642715154396001,0.0,0.0,0.0,0.0,0.0
7.6806323528289795,L5,drive,2.0,0.35,0.2725,7152.0,7192.0,10.23,0.14,16.5,1.8459458748225044,1.0577910313968601,-5.727193025352619,0.0,0.0,0.0,0.0,0.0
7.700642108917236,L5,drive,2.0,0.35,0.2725,7152.0,7130.0,11.35,0.143,16.5,1.9444780414654739,0.8198784874900298,-4.404779075445163,0.0,0.0,0.0,0.0,0.0
7.720288515090942,L5,drive,2.0,0.35,0.2725,7152.0,7122.0,11.01,0.143,16.5,2.0186699810095554,0.2761838510676746,-4.186081798617778,0.0,0.0,0.0,0.0,0.0
7.740690469741821,L5,drive,2.0,0.35,0.2725,7152.0,7115.0,10.86,0.144,16.5,1.9651162083330431,0.08535300738191953,-4.049586144752794,0.0,0.0,0.0,0.0,0.0
7.760572195053101,L5,drive,2.0,0.35,0.2725,7152.0,7106.0,10.96,0.142,16.5,2.008086179363417,0.5911104045332394,-3.744585715368146,0.0,0.0,0.0,0.0,0.0
7.780712127685547,L5,drive,2.0,0.35,0.2725,7152.0,7071.0,11.55,0.141,16.5,2.0361915836114592,0.3236170511909684,-3.940801031771713,0.0,0.0,0.0,0.0,0.0
7.800595760345459,L5,drive,2.0,0.35,0.2725,7152.0,7053.0,12.03,0.146,16.5,2.052813037764916,0.4087081855269261,-4.190142105340527,0.0,0.0,0.0,0.0,0.0
7.820624828338623,L5,drive,2.0,0.35,0.2725,7152.0,7067.0,11.41,0.144,16.5,2.0206380570551237,0.48013338958087814,-4.6187480011329285,0.0,0.0,0.0,0.0,0.0
7.840738296508789,L5,drive,2.0,0.35,0.2725,7152.0,7093.0,11.03,0.142,16.5,2.016878738860368,0.7153620613884257,-4.204496143298968,0.0,0.0,0.0,0.0,0.0
7.8606860637664795,L5,drive,2.0,0.35,0.2725,7152.0,7087.0,11.21,0.142,16.5,2.015336502273103,0.3446153171246067,-3.5608705771211078,0.0,0.0,0.0,0.0,0.0
7.880807399749756,L5,drive,2.0,0.35,0.2725,7152.0,7081.0,11.39,0.142,16.5,1.9795239098303716,0.051781619273367774,-3.921761034988947,0.0,0.0,0.0,0.0,0.0
7.900790691375732,L5,drive,2.0,0.35,0.2725,7152.0,7054.0,11.97,0.146,16.5,2.0000823150232927,0.749228770445157,-4.357301144120214,0.0,0.0,0.0,0.0,0.0
7.920694351196289,L5,drive,2.0,0.35,0.2725,7152.0,7075.0,11.49,0.144,16.5,2.03804088267241,0.4021352570406407,-4.225178330667973,0.0,0.0,0.0,0.0,0.0
7.94074821472168,R5,drive,2.0,0.15,0.40249999999999997,7152.0,7088.0,11.19,0.142,16.5,2.038866995242553,0.0894396083036808,-3.707460572159505,0.0,0.0,0.0,0.0,0.0
7.960604190826416,R5,drive,2.0,0.15,0.40249999999999997,7152.0,7085.0,11.44,0.142,16.5,1.9743411320329682,0.04780734885085991,-3.6459484455859865,0.0,0.0,0.0,0.0,0.0
7.980529069900513,R5,drive,2.0,0.15,0.40249999999999997,7152.0,7064.0,11.74,0.141,16.4,1.9103514963088712,0.7087890598119415,-4.455083258576622,0.0,0.0,0.0,0.0,0.0
8.000504732131958,R5,drive,2.0,0.15,0.40249999999999997,7152.0,7065.0,11.86,0.145,16.5,2.020276932411309,0.6260718585873306,-4.27335617373646,0.0,0.0,0.0,0.0,0.0
8.020557880401611,R5,drive,2.0,0.15,0.40249999999999997,7152.0,7096.0,11.08,0.146,16.5,1.8968687106581272,-0.968031662609782,-1.5932891502022812,0.0,0.0,0.0,0.0,0.0
8.040567636489868,R5,drive,2.0,0.15,0.40249999999999997,7152.0,7113.0,10.92,0.143,16.5,1.290942837333882,-1.3678539803099596,2.216464663482469,0.0,0.0,0.0,0.0,0.0
8.060654878616333,R5,drive,2.0,0.15,0.40249999999999997,7152.0,7132.0,10.92,0.144,16.5,0.8493482511793574,-0.6628675842700602,0.3102199101149843,0.0,0.0,0.0,0.0,0.0
8.080681085586548,R5,drive,2.0,0.15,0.40249999999999997,7152.0,7127.0,10.86,0.144,16.5,0.8128509600203666,-0.4576114488183265,-0.4729163171727251,0.0,0.0,0.0,0.0,0.0
8.100577116012573,R5,drive,2.0,0.15,0.40249999999999997,7152.0,7145.0,10.72,0.145,16.5,0.8983664607823832,-0.45933849712535135,-1.2456034600072314,0.0,0.0,0.0,0.0,0.0
8.120718002319336,R5,drive,2.0,0.15,0.40249999999999997,7152.0,7179.0,10.07,0.146,16.5,0.8480391077665018,-0.3363518123404887,-1.8760488168190932,0.0,0.0,0.0,0.0,0.0
8.140630960464478,R5,drive,2.0,0.15,0.40249999999999997,7152.0,7196.0,10.04,0.143,16.5,0.8456500525316191,-0.2328882870974418,-1.8860700677937245,0.0,0.0,0.0,0.0,0.0
8.160582304000854,R5,drive,2.0,0.15,0.40249999999999997,7152.0,7188.0,10.29,0.144,16.5,0.8213668170800585,-0.5085855767118233,-1.5480816928123033,0.0,0.0,0.0,0.0,0.0
8.180676460266113,R5,drive,2.0,0.15,0.40249999999999997,7152.0,7200.0,10.03,0.144,16.5,0.8682150164478605,-0.3389922323165955,-1.5940425639713283,0.0,0.0,0.0,0.0,0.0
8.200634002685547,R5,drive,2.0,0.15,0.40249999999999997,7152.0,7232.0,9.46,0.146,16.5,0.8834324520746277,-0.14282434231576335,-2.2178975237393956,0.0,0.0,0.0,0.0,0.0
8.220539331436157,R5,drive,2.0,0.15,0.40249999999999997,7152.0,7233.0,9.51,0.144,16.5,0.8929513221798706,-0.4055987092001345,-1.7855385924199254,0.0,0.0,0.0,0.0,0.0
8.240665912628174,R5,drive,2.0,0.15,0.40249999999999997,7152.0,7228.0,9.81,0.144,16.5,0.8670376995089636,-0.41284757584475784,-2.1276901851239813,0.0,0.0,0.0,0.0,0.0
8.260631084442139,R5,drive,2.0,0.15,0.40249999999999997,7152.0,7224.0,9.77,0.143,16.5,0.8280545472094654,-0.49410414253690504,-1.1744345832804086,0.0,0.0,0.0,0.0,0.0
8.28078556060791,R5,drive,2.0,0.15,0.40249999999999997,7152.0,7230.0,9.62,0.144,16.5,0.8565046976606184,0.17345228762033216,-2.1301544942661224,0.0,0.0,0.0,0.0,0.0
8.300618648529053,R5,drive,2.0,0.15,0.40249999999999997,7152.0,7256.0,9.16,0.144,16.5,0.8493461872295127,-0.034839265514277074,-1.8223251818278072,0.0,0.0,0.0,0.0,0.0
8.32115626335144,R5,drive,2.0,0.15,0.40249999999999997,7152.0,7240.0,9.42,0.143,16.5,0.8706446848893669,-0.6176815423083255,-1.2700123704317434,0.0,0.0,0.0,0.0,0.0
8.340669870376587,brake,stop,0.0,0.0,0.5,0.0,7248.0,9.54,0.144,16.5,0.8402209323333834,-0.29495874969945746,-1.3665054661424278,0.0,0.0,0.0,0.0,0.0
8.360676527023315,brake,stop,0.0,0.0,0.5,0.0,7262.0,9.03,0.145,16.5,0.8817432089951904,-0.14297841645479625,-1.9364192744876334,0.0,0.0,0.0,0.0,0.0
8.381102085113525,brake,stop,0.0,0.0,0.5,0.0,6933.0,0.11,0.101,16.5,0.9071268626091716,-0.09471699474400186,-1.9772521373000984,0.0,0.0,0.0,0.0,0.0
8.400659799575806,brake,stop,0.0,0.0,0.5,0.0,6933.0,0.11,0.101,16.5,0.9517872751414734,1.0063254450067518,-1.9991768580484006,0.0,0.0,0.0,0.0,0.0
8.420737981796265,brake,stop,0.0,0.0,0.5,0.0,6671.0,-2.32,0.093,16.5,0.746795443659668,0.7527644357210477,0.8494646690550809,0.0,0.0,0.0,0.0,0.0
8.44074273109436,brake,stop,0.0,0.0,0.5,0.0,6591.0,-9.36,0.087,16.5,0.28099355543416393,2.8300829023698952,3.0974909959952868,0.0,0.0,0.0,0.0,0.0
8.460696697235107,brake,stop,0.0,0.0,0.5,0.0,6532.0,-15.9,0.077,16.5,-0.1527540598579557,3.9743742836803335,2.42195863444104,0.0,0.0,0.0,0.0,0.0
8.48075819015503,brake,stop,0.0,0.0,0.5,0.0,6379.0,-19.8,0.066,16.5,-0.23454449733473762,3.920027335473833,1.1348606260517684,0.0,0.0,0.0,0.0,0.0
8.500317573547363,brake,stop,0.0,0.0,0.5,0.0,5921.0,-25.92,0.049,16.5,-0.1939195561574761,4.529163391011139,0.27283069201814314,0.0,0.0,0.0,0.0,0.0
8.520722150802612,brake,stop,0.0,0.0,0.5,0.0,5921.0,-25.92,0.049,16.5,-0.13655013110677422,5.349624845926655,-0.043709656491433435,0.0,0.0,0.0,0.0,0.0
8.540706634521484,brake,stop,0.0,0.0,0.5,0.0,5667.0,-28.93,0.04,16.5,-0.07893084328917412,5.933238973492394,-0.22112621031331514,0.0,0.0,0.0,0.0,0.0
8.560568809509277,brake,stop,0.0,0.0,0.5,0.0,5319.0,-31.64,0.029,16.5,-0.06541475980242556,5.753729445283284,0.0307288371877128,0.0,0.0,0.0,0.0,0.0
8.5807363986969,brake,stop,0.0,0.0,0.5,0.0,4945.0,-33.33,0.021,16.5,-0.06086239384693615,5.98283388933487,-0.09769480821396215,0.0,0.0,0.0,0.0,0.0
8.600757598876953,brake,stop,0.0,0.0,0.5,0.0,4560.0,-35.15,0.014,16.5,-0.06471094458296646,6.816216521951901,0.08688805687301837,0.0,0.0,0.0,0.0,0.0
8.62062668800354,brake,stop,0.0,0.0,0.5,0.0,4148.0,-37.74,0.0,16.5,-0.042257417313588085,6.630414804710028,-0.055480577189612745,0.0,0.0,0.0,0.0,0.0
8.640656232833862,brake,stop,0.0,0.0,0.5,0.0,3742.0,-37.15,0.0,16.5,-0.03804664337979336,7.150793046454169,0.09370189065448997,0.0,0.0,0.0,0.0,0.0
8.66063404083252,brake,stop,0.0,0.0,0.5,0.0,3408.0,-33.06,0.0,16.5,-0.047442017711862315,6.172583062032572,-0.18544050547949098,0.0,0.0,0.0,0.0,0.0
8.680543899536133,brake,stop,0.0,0.0,0.5,0.0,3043.0,-27.82,0.0,16.5,-0.023230585660598463,5.239727592480904,0.09636323269999814,0.0,0.0,0.0,0.0,0.0
8.700598955154419,brake,stop,0.0,0.0,0.5,0.0,2711.0,-21.87,0.0,16.5,-0.008110511458214207,4.206161430388022,0.2451182142439734,0.0,0.0,0.0,0.0,0.0
8.720597505569458,brake,stop,0.0,0.0,0.5,0.0,2413.0,-16.35,0.0,16.5,-0.006990400988037741,3.3775270294446784,0.2270786212844893,0.0,0.0,0.0,0.0,0.0
8.740622758865356,brake,stop,0.0,0.0,0.5,0.0,2130.0,-12.53,0.0,16.5,-0.016784276285493668,2.8395065678792832,0.1309346226357384,0.0,0.0,0.0,0.0,0.0
8.760650873184204,brake,stop,0.0,0.0,0.5,0.0,1891.0,-8.92,0.0,16.5,-0.021040861791524257,2.1583566398270335,-0.008186321534203955,0.0,0.0,0.0,0.0,0.0
8.780595541000366,brake,stop,0.0,0.0,0.5,0.0,1654.0,-5.77,0.0,16.5,-0.020019142119909957,1.575023178624619,-0.022306251585945347,0.0,0.0,0.0,0.0,0.0
8.800523281097412,brake,stop,0.0,0.0,0.5,0.0,1442.0,-3.66,0.0,16.5,-0.008324986951979406,1.0930602682780233,-0.007509031207188599,0.0,0.0,0.0,0.0,0.0
8.820533514022827,brake,stop,0.0,0.0,0.5,0.0,1267.0,-2.26,0.0,16.5,-0.0040236343322029655,0.9822227825151373,0.07377033962697865,0.0,0.0,0.0,0.0,0.0
8.840559244155884,brake,stop,0.0,0.0,0.5,0.0,1119.0,-1.29,0.0,16.5,-0.011420339035532422,0.8221399713305502,0.0637318028203353,0.0,0.0,0.0,0.0,0.0
8.860594034194946,brake,stop,0.0,0.0,0.5,0.0,1001.0,-1.42,0.0,16.5,-0.010400181890463944,0.7564884544392001,0.05926573585904649,0.0,0.0,0.0,0.0,0.0
8.880573987960815,brake,stop,0.0,0.0,0.5,0.0,873.0,-1.08,0.0,16.5,-0.007239238541946068,0.6227136563140832,0.04018714745132357,0.0,0.0,0.0,0.0,0.0
8.90061068534851,brake,stop,0.0,0.0,0.5,0.0,781.0,-1.25,0.0,16.5,-0.00397626283416453,0.6409736344954453,0.006450392768027058,0.0,0.0,0.0,0.0,0.0
8.920658349990845,brake,stop,0.0,0.0,0.5,0.0,476.0,-0.22,0.0,16.5,-0.006145159431127826,0.5601103661629452,0.08801203794989121,0.0,0.0,0.0,0.0,0.0
8.94066834449768,brake,stop,0.0,0.0,0.5,0.0,244.0,0.38,0.0,16.5,-0.00719004496318526,0.6464374923054095,0.02576484324722017,0.0,0.0,0.0,0.0,0.0
8.960731029510498,brake,stop,0.0,0.0,0.5,0.0,122.0,0.18,0.0,16.5,-0.002945693873560873,0.5929079848820891,0.04473343090577586,0.0,0.0,0.0,0.0,0.0
8.980711698532104,brake,stop,0.0,0.0,0.5,0.0,190.0,0.42,0.0,16.5,-0.005038586869875479,0.4292713455072139,0.025398259355227992,0.0,0.0,0.0,0.0,0.0
9.000768184661865,brake,stop,0.0,0.0,0.5,0.0,52.0,0.34,0.0,16.5,-0.0029610507423154624,0.42244468439585603,0.10745975013401399,0.0,0.0,0.0,0.0,0.0
9.020488262176514,brake,stop,0.0,0.0,0.5,0.0,6.0,0.32,0.0,16.5,-0.0019291812800486276,0.7504627522711971,0.035032570817506326,0.0,0.0,0.0,0.0,0.0
9.040538787841797,brake,stop,0.0,0.0,0.5,0.0,124.0,-0.16,0.0,16.5,-0.0007970989384972526,0.2327247477776666,0.01578576531728615,0.0,0.0,0.0,0.0,0.0
9.060518026351929,brake,stop,0.0,0.0,0.5,0.0,31.0,-0.09,0.0,16.5,-0.0009006935642324081,0.3835652667811438,0.04027189553681154,0.0,0.0,0.0,0.0,0.0
9.080538988113403,brake,stop,0.0,0.0,0.5,0.0,1.0,0.03,0.0,16.5,0.0022977314359594074,0.2766186281151306,0.06865490279460928,0.0,0.0,0.0,0.0,0.0
9.1005539894104,brake,stop,0.0,0.0,0.5,0.0,0.0,0.06,0.0,16.5,-0.000833539252573078,0.08688414654738352,0.06429573024903945,0.0,0.0,0.0,0.0,0.0
9.120526313781738,brake,stop,0.0,0.0,0.5,0.0,0.0,0.06,0.0,16.5,0.0012575316630191562,0.08959522647316298,0.0829793392225433,0.0,0.0,0.0,0.0,0.0
9.140507698059082,brake,stop,0.0,0.0,0.5,0.0,0.0,0.06,0.0,16.5,0.0001730833645375082,-0.05252304624981452,0.08813435439755324,0.0,0.0,0.0,0.0,0.0
9.160656929016113,brake,stop,0.0,0.0,0.5,0.0,0.0,0.03,0.0,16.5,0.0012939719770949816,-0.10605253540058523,0.020882600694065445,0.0,0.0,0.0,0.0,0.0
9.18051791191101,brake,stop,0.0,0.0,0.5,0.0,0.0,0.04,0.0,16.5,0.002304498829975516,-0.2020152794926311,0.035217050479232626,0.0,0.0,0.0,0.0,0.0
9.20048189163208,brake,stop,0.0,0.0,0.5,0.0,0.0,0.03,0.0,16.5,0.004430969502268438,-0.25881765638212073,0.08327356381774109,0.0,0.0,0.0,0.0,0.0
9.220432996749878,brake,stop,0.0,0.0,0.5,0.0,0.0,0.06,0.0,16.5,-0.0008892406711734413,-0.3404112419808527,0.030547281133937787,0.0,0.0,0.0,0.0,0.0
9.240464448928833,brake,stop,0.0,0.0,0.5,0.0,0.0,0.02,0.0,16.5,-0.0008949671177029248,-0.3730403877918036,0.07865451907040111,0.0,0.0,0.0,0.0,0.0
9.26059103012085,brake,stop,0.0,0.0,0.5,0.0,0.0,0.08,0.0,16.5,0.0002009340738376899,-0.3838557272311043,0.04484145821957597,0.0,0.0,0.0,0.0,0.0
9.280388355255127,brake,stop,0.0,0.0,0.5,0.0,0.0,0.05,0.0,16.5,0.00020770137032592652,-0.4369358030221129,0.05912306379102361,0.0,0.0,0.0,0.0,0.0
9.300637245178223,brake,stop,0.0,0.0,0.5,0.0,0.0,0.04,0.0,16.5,-0.0008699796966860659,-0.4883304919194025,0.05942079671576295,0.0,0.0,0.0,0.0,0.0
9.320528030395508,brake,stop,0.0,0.0,0.5,0.0,0.0,0.01,0.0,16.5,-0.002969640477128269,-0.48979116299696557,0.020765912191709646,0.0,0.0,0.0,0.0,0.0
9.340689659118652,brake,stop,0.0,0.0,0.5,0.0,0.0,0.07,0.0,16.5,0.001268984556078123,-0.5125037229979412,0.05937007211780809,0.0,0.0,0.0,0.0,0.0
9.361715316772461,brake,stop,0.0,0.0,0.5,0.0,0.0,0.05,0.0,16.5,0.00015486317499030486,-0.5227011213516377,0.025698586982024096,0.0,0.0,0.0,0.0,0.0
9.380615472793579,brake,stop,0.0,0.0,0.5,0.0,0.0,0.05,0.0,16.5,0.0012296809537189744,-0.517799071354613,0.04009428635377077,0.0,0.0,0.0,0.0,0.0
9.400546789169312,brake,stop,0.0,0.0,0.5,0.0,0.0,0.04,0.0,16.5,0.00021629104012015158,-0.4327079004735559,0.0733642139374453,0.0,0.0,0.0,0.0,0.0
9.420769691467285,brake,stop,0.0,0.0,0.5,0.0,0.0,0.03,0.0,16.5,-0.0008699796966860659,-0.4922213390162753,0.06441698688881914,0.0,0.0,0.0,0.0,0.0
9.440572023391724,brake,stop,0.0,0.0,0.5,0.0,0.0,0.05,0.0,16.5,-0.0008699796966860659,-0.4547463495711632,0.07859272130733075,0.0,0.0,0.0,0.0,0.0
9.460687637329102,brake,stop,0.0,0.0,0.5,0.0,0.0,0.02,0.0,16.5,0.0012661213978319625,-0.38402427322949606,0.025642746070154487,0.0,0.0,0.0,0.0,0.0
9.480709552764893,brake,stop,0.0,0.0,0.5,0.0,0.0,0.06,0.0,16.5,0.0012700253735275855,-0.34052361816148036,0.011361432859501974,0.0,0.0,0.0,0.0,0.0
9.500651597976685,brake,stop,0.0,0.0,0.5,0.0,0.0,0.04,0.0,16.5,-0.001935166890643176,-0.2932444921772195,0.0782786161780642,0.0,0.0,0.0,0.0,0.0
9.520563840866089,brake,stop,0.0,0.0,0.5,0.0,0.0,0.06,0.0,16.5,0.00019234440404346486,-0.33004533417386384,0.059467355172387215,0.0,0.0,0.0,0.0,0.0
9.540693044662476,brake,stop,0.0,0.0,0.5,0.0,0.0,0.03,0.0,16.5,-0.001935166890643176,-0.2361050232909463,0.030299359179668528,0.0,0.0,0.0,0.0,0.0
9.560803651809692,brake,stop,0.0,0.0,0.5,0.0,0.0,0.08,0.0,16.5,0.00020770137032592652,-0.2920085369158123,0.04982171472929764,0.0,0.0,0.0,0.0,0.0
9.580913543701172,brake,stop,0.0,0.0,0.5,0.0,0.0,0.03,0.0,16.5,-0.0008517595396481532,-0.25419649201901606,0.05928470276563047,0.0,0.0,0.0,0.0,0.0
9.600870370864868,brake,stop,0.0,0.0,0.5,0.0,0.0,0.04,0.0,16.5,0.0012603948212653164,-0.211594700215624,0.0016871776035891628,0.0,0.0,0.0,0.0,0.0
9.620720624923706,brake,stop,0.0,0.0,0.5,0.0,0.0,0.05,0.0,16.5,-0.000867116408402743,-0.21092055276715627,0.10722217044287241,0.0,0.0,0.0,0.0,0.0
9.640543937683105,brake,stop,0.0,0.0,0.5,0.0,0.0,0.02,0.0,16.5,-0.0008699796966860659,-0.20658027403797163,0.06879885394111085,0.0,0.0,0.0,0.0,0.0
9.66087293624878,brake,stop,0.0,0.0,0.5,0.0,0.0,0.06,0.0,16.5,0.00020197492379644315,-0.2589862023805125,0.064074888213419,0.0,0.0,0.0,0.0,0.0
9.681236982345581,IDLE,stop,0.0,0.0,0.5,0.0,0.0,0.06,0.0,16.5,-0.0008853366954778184,-0.2446732411137873,0.030531347470603265,0.0,0.0,0.0,0.0,0.0
9.700668096542358,IDLE,stop,0.0,0.0,0.5,0.0,0.0,0.05,0.0,16.5,0.00018557710755522823,-0.2502494751043791,0.035141329033294255,0.0,0.0,0.0,0.0,0.0
9.720540046691895,IDLE,stop,0.0,0.0,0.5,0.0,0.0,0.04,0.0,16.5,0.00017698743776100315,-0.29167144491902874,0.10737922300750569,0.0,0.0,0.0,0.0,0.0
9.740544080734253,IDLE,stop,0.0,0.0,0.5,0.0,0.0,0.06,0.0,16.5,-0.0008881998537239787,-0.26478711564216084,0.006363013435382925,0.0,0.0,0.0,0.0,0.0
9.761183500289917,IDLE,stop,0.0,0.0,0.5,0.0,0.0,0.06,0.0,16.5,0.00016449369474328318,-0.307164191629397,0.06401199409736691,0.0,0.0,0.0,0.0,0.0
9.780762910842896,IDLE,stop,0.0,0.0,0.5,0.0,0.0,0.04,0.0,16.5,0.00020483814706118484,-0.29290740018043593,0.054405749271420945,0.0,0.0,0.0,0.0,0.0
9.800605297088623,IDLE,stop,0.0,0.0,0.5,0.0,0.0,0.05,0.0,16.5,0.00017985066102574486,-0.3348912143531244,0.030714474963652094,0.0,0.0,0.0,0.0,0.0
9.820431470870972,IDLE,stop,0.0,0.0,0.5,0.0,0.0,0.05,0.0,16.5,0.00017985066102574486,-0.2796618481767261,0.049357774692527556,0.0,0.0,0.0,0.0,0.0
9.840505361557007,IDLE,stop,0.0,0.0,0.5,0.0,0.0,0.04,0.0,16.5,0.0012393115059812433,-0.269970087818205,-0.008097005311292094,0.0,0.0,0.0,0.0,0.0
9.860699892044067,IDLE,stop,0.0,0.0,0.5,0.0,0.0,0.04,0.0,16.5,-0.001935166890643176,-0.3353406459854362,0.05456157757522462,0.0,0.0,0.0,0.0,0.0
9.880573511123657,IDLE,stop,0.0,0.0,0.5,0.0,0.0,0.04,0.0,16.5,-0.001950524019472091,-0.31172918617473755,0.059273593055415574,0.0,0.0,0.0,0.0,0.0
9.900618314743042,IDLE,stop,0.0,0.0,0.5,0.0,0.0,0.06,0.0,16.5,0.0023438023022975016,-0.344863896890665,0.025834644387057182,0.0,0.0,0.0,0.0,0.0
9.920394659042358,IDLE,stop,0.0,0.0,0.5,0.0,0.0,0.09,0.0,16.5,0.00014236943197258484,-0.2550953552836397,0.07823878201972789,0.0,0.0,0.0,0.0,0.0
9.940659999847412,IDLE,stop,0.0,0.0,0.5,0.0,0.0,0.07,0.0,16.5,0.00018948118077872315,-0.315619996726511,0.05947978050618019,0.0,0.0,0.0,0.0,0.0
9.960593700408936,IDLE,stop,0.0,0.0,0.5,0.0,0.0,0.08,0.0,16.5,-0.0008881998537239787,-0.26907122455358135,0.05916925679665397,0.0,0.0,0.0,0.0,0.0
9.980688333511353,IDLE,stop,0.0,0.0,0.5,0.0,0.0,0.06,0.0,16.5,0.00017985066102574486,-0.2783697230975548,0.06881398361225877,0.0,0.0,0.0,0.0,0.0
10.000575065612793,IDLE,stop,0.0,0.0,0.5,0.0,0.0,0.07,0.0,16.5,0.00020483814706118484,-0.27318678746661007,0.07369399691435063,0.0,0.0,0.0,0.0,0.0
10.020538806915283,IDLE,stop,0.0,0.0,0.5,0.0,0.0,0.02,0.0,16.5,0.0012882456606026608,-0.2789877007282584,0.030352203393388066,0.0,0.0,0.0,0.0,0.0
10.040700197219849,IDLE,stop,0.0,0.0,0.5,0.0,0.0,0.07,0.0,16.5,0.0012450379525107266,-0.30209355908888114,0.03054607514565788,0.0,0.0,0.0,0.0,0.0
10.06072449684143,IDLE,stop,0.0,0.0,0.5,0.0,0.0,0.01,0.0,16.5,0.00017022014127276652,-0.2930197763610636,0.06875006623342372,0.0,0.0,0.0,0.0,0.0
10.080958366394043,IDLE,stop,0.0,0.0,0.5,0.0,0.0,0.03,0.0,16.5,-0.0019380303089636616,-0.29786565654032415,0.025627141312714485,0.0,0.0,0.0,0.0,0.0
10.101197242736816,IDLE,stop,0.0,0.0,0.5,0.0,0.0,0.07,0.0,16.5,0.00018271388429048652,-0.31578854272490275,0.06423115505841537,0.0,0.0,0.0,0.0,0.0
10.120573997497559,IDLE,stop,0.0,0.0,0.5,0.0,0.0,0.05,0.0,16.5,0.00019807085057294823,-0.2554886170981874,0.030248451856216718,0.0,0.0,0.0,0.0,0.0
10.140598058700562,IDLE,stop,0.0,0.0,0.5,0.0,0.0,0.02,0.0,16.5,0.00019234440404346486,-0.32519941744950387,0.0786401568463404,0.0,0.0,0.0,0.0,0.0
10.160710573196411,IDLE,stop,0.0,0.0,0.5,0.0,0.0,0.05,0.0,16.5,0.0001884403308199699,-0.2834403556380707,0.011269485389433953,0.0,0.0,0.0,0.0,0.0
10.180723428726196,IDLE,stop,0.0,0.0,0.5,0.0,0.0,0.03,0.0,16.5,0.00020483814706118484,-0.30259919708405647,0.04959027461485377,0.0,0.0,0.0,0.0,0.0
10.200480461120605,IDLE,stop,0.0,0.0,0.5,0.0,0.0,0.05,0.0,16.5,0.00018948118077872315,-0.26416917455655664,0.08793500088037476,0.0,0.0,0.0,0.0,0.0
10.220512628555298,IDLE,stop,0.0,0.0,0.5,0.0,0.0,0.02,0.0,16.5,0.0001616304714785415,-0.3392876629000732,0.0834949905749518,0.0,0.0,0.0,0.0,0.0
10.240573644638062,IDLE,stop,0.0,0.0,0.5,0.0,0.0,0.07,0.0,16.5,0.0023284454335429122,-0.32982061835770793,0.07867893119679437,0.0,0.0,0.0,0.0,0.0
10.260784149169922,IDLE,stop,0.0,0.0,0.5,0.0,0.0,0.02,0.0,16.5,-0.0008796102489483351,-0.2791562467266502,0.020733533233649126,0.0,0.0,0.0,0.0,0.0
10.280747413635254,IDLE,stop,0.0,0.0,0.5,0.0,0.0,0.04,0.0,16.5,0.00017985066102574486,-0.31212241144418584,0.04960346739573396,0.0,0.0,0.0,0.0,0.0
10.300574541091919,IDLE,stop,0.0,0.0,0.5,0.0,0.0,0.01,0.0,16.5,0.00015199995172556318,-0.283047093823523,0.07362989681001864,0.0,0.0,0.0,0.0,0.0
10.32026195526123,IDLE,stop,0.0,0.0,0.5,0.0,0.0,0.03,0.0,16.5,-0.0008881998537239787,-0.33049476580617565,0.025834169300765097,0.0,0.0,0.0,0.0,0.0
10.340560674667358,IDLE,stop,0.0,0.0,0.5,0.0,0.0,0.02,0.0,16.5,-0.0008728428549322264,-0.2696330323665208,0.07820062893596358,0.0,0.0,0.0,0.0,0.0
10.360344886779785,IDLE,stop,0.0,0.0,0.5,0.0,0.0,0.04,0.0,16.5,0.0012364482176979203,-0.2969667932757005,0.06415331399671231,0.0,0.0,0.0,0.0,0.0
10.380462646484375,IDLE,stop,0.0,0.0,0.5,0.0,0.0,0.04,0.0,16.5,0.00016058962151978823,-0.307164191629397,0.044851910118001825,0.0,0.0,0.0,0.0,0.0
10.400686264038086,IDLE,stop,0.0,0.0,0.5,0.0,0.0,0.05,0.0,16.5,-0.001925536338380907,-0.29318828581435596,0.030391270104637158,0.0,0.0,0.0,0.0,0.0
10.420641422271729,IDLE,stop,0.0,0.0,0.5,0.0,0.0,0.04,0.0,16.5,-0.0008853366954778184,-0.3009699800081016,0.09307382657635443,0.0,0.0,0.0,0.0,0.0
10.440574407577515,IDLE,stop,0.0,0.0,0.5,0.0,0.0,0.08,0.0,16.5,-0.0008699796966860659,-0.29234559236749647,0.06411453964625835,0.0,0.0,0.0,0.0,0.0
10.46066951751709,IDLE,stop,0.0,0.0,0.5,0.0,0.0,0.03,0.0,16.5,-0.0008881998537239787,-0.31167297981187403,0.04012640949613555,0.0,0.0,0.0,0.0,0.0
10.4806547164917,IDLE,stop,0.0,0.0,0.5,0.0,0.0,0.08,0.0,16.5,0.0012479011107568872,-0.2880053501834112,0.06880141209806823,0.0,0.0,0.0,0.0,0.0
10.500730514526367,IDLE,stop,0.0,0.0,0.5,0.0,0.0,0.07,0.0,16.5,-0.0008910630119701392,-0.2601659512790562,0.02069432034200247,0.0,0.0,0.0,0.0,0.0
10.520855188369751,IDLE,stop,0.0,0.0,0.5,0.0,0.0,0.05,0.0,16.5,-0.001935166890643176,-0.3246376461816638,0.10271899193315193,0.0,0.0,0.0,0.0,0.0
10.540713548660278,IDLE,stop,0.0,0.0,0.5,0.0,0.0,0.05,0.0,16.5,0.00017985066102574486,-0.24106327965083452,0.006310790488353035,0.0,0.0,0.0,0.0,0.0
10.5607590675354,IDLE,stop,0.0,0.0,0.5,0.0,0.0,0.05,0.0,16.5,-0.0008892406711734413,-0.3205782530863992,0.06902130396110451,0.0,0.0,0.0,0.0,0.0
10.580726146697998,IDLE,stop,0.0,0.0,0.5,0.0,0.0,0.04,0.0,16.5,-0.0030339313704671133,-0.28823006599956713,0.049589836073661075,0.0,0.0,0.0,0.0,0.0
10.600616693496704,IDLE,stop,0.0,0.0,0.5,0.0,0.0,0.05,0.0,16.5,0.0012421747942645664,-0.3116168099941099,0.020979189391756137,0.0,0.0,0.0,0.0,0.0
10.620540142059326,IDLE,stop,0.0,0.0,0.5,0.0,0.0,0.04,0.0,16.5,-0.0008824734071944954,-0.27887536109273015,0.08306818035916308,0.0,0.0,0.0,0.0,0.0
10.64061188697815,IDLE,stop,0.0,0.0,0.5,0.0,0.0,0.05,0.0,16.5,-0.0008978304059862476,-0.33962475489685673,0.059467647533182344,0.0,0.0,0.0,0.0,0.0
10.660668134689331,IDLE,stop,0.0,0.0,0.5,0.0,0.0,0.04,0.0,16.5,0.00015590404120370343,-0.32052208326863507,0.05466412312411606,0.0,0.0,0.0,0.0,0.0
10.680679082870483,IDLE,stop,0.0,0.0,0.5,0.0,0.0,0.04,0.0,16.5,0.0012853823723193377,-0.28299092400575887,0.05927271597303019,0.0,0.0,0.0,0.0,0.0
10.70070481300354,IDLE,stop,0.0,0.0,0.5,0.0,0.0,0.05,0.0,16.5,0.0012728886618109084,-0.2928512303626718,0.030468526444749955,0.0,0.0,0.0,0.0,0.0
10.720590114593506,IDLE,stop,0.0,0.0,0.5,0.0,0.0,0.07,0.0,16.5,0.0022977314359594074,-0.2785382690959466,0.06877535544220237,0.0,0.0,0.0,0.0,0.0
10.740480184555054,IDLE,stop,0.0,0.0,0.5,0.0,0.0,0.04,0.0,16.5,-0.0019630177299805205,-0.3162941441749787,0.030585141856906972,0.0,0.0,0.0,0.0,0.0
10.760554790496826,IDLE,stop,0.0,0.0,0.5,0.0,0.0,0.06,0.0,16.5,-0.001950524019472091,-0.28806152000117535,0.059208506233400016,0.0,0.0,0.0,0.0,0.0
10.780538082122803,IDLE,stop,0.0,0.0,0.5,0.0,0.0,0.08,0.0,16.5,0.00020770137032592652,-0.2975285645435406,0.04965452089958333,0.0,0.0,0.0,0.0,0.0
10.80046796798706,IDLE,stop,0.0,0.0,0.5,0.0,0.0,0.12,0.0,16.5,-0.0009160505630241603,-0.29702296309346465,0.049770368864653136,0.0,0.0,0.0,0.0,0.0
10.820562839508057,IDLE,stop,0.0,0.0,0.5,0.0,0.0,0.07,0.0,16.5,0.00019234440404346486,-0.2461339121913504,0.03019663090528013,0.0,0.0,0.0,0.0,0.0
10.840529918670654,IDLE,stop,0.0,0.0,0.5,0.0,0.0,0.06,0.0,16.5,-0.0019380303089636616,-0.2645062300082408,0.025587453334775745,0.0,0.0,0.0,0.0,0.0
10.860620975494385,IDLE,stop,0.0,0.0,0.5,0.0,0.0,0.07,0.0,16.5,0.002294868277713247,-0.2924579685481241,0.06887881461857859,0.0,0.0,0.0,0.0,0.0
10.880423069000244,IDLE,stop,0.0,0.0,0.5,0.0,0.0,0.07,0.0,16.5,-0.0008603491444237971,-0.3120100718086576,0.07357931839246135,0.0,0.0,0.0,0.0,0.0
10.900543212890625,IDLE,stop,0.0,0.0,0.5,0.0,0.0,0.05,0.0,16.5,0.0012393115059812433,-0.3018126734549611,0.06893059902441578,0.0,0.0,0.0,0.0,0.0
10.92067551612854,IDLE,stop,0.0,0.0,0.5,0.0,0.0,0.02,0.0,16.5,0.00020770137032592652,-0.2508112463722192,0.05896270389489544,0.0,0.0,0.0,0.0,0.0
10.940551042556763,IDLE,stop,0.0,0.0,0.5,0.0,0.0,0.05,0.0,16.5,-0.0008824734071944954,-0.33410469072402904,0.07879492534226173,0.0,0.0,0.0,0.0,0.0
10.960776090621948,IDLE,stop,0.0,0.0,0.5,0.0,0.0,0.02,0.0,16.5,0.00017698743776100315,-0.27419802691186135,0.011191973233625419,0.0,0.0,0.0,0.0,0.0
10.98065972328186,IDLE,stop,0.0,0.0,0.5,0.0,0.0,0.06,0.0,16.5,-0.0008757061432155494,-0.3306071054417039,0.054548567519841384,0.0,0.0,0.0,0.0,0.0
11.000772714614868,IDLE,stop,0.0,0.0,0.5,0.0,0.0,0.08,0.0,16.5,0.00018271388429048652,-0.29273885418204415,0.05923441670886831,0.0,0.0,0.0,0.0,0.0
11.020500659942627,IDLE,stop,0.0,0.0,0.5,0.0,0.0,0.08,0.0,16.5,0.00020483814706118484,-0.3161256347216863,0.04020377547154652,0.0,0.0,0.0,0.0,0.0
11.040544748306274,IDLE,stop,0.0,0.0,0.5,0.0,0.0,0.05,0.0,16.5,0.0001587672482137998,-0.34903562962145784,0.05950653151893448,0.0,0.0,0.0,0.0,0.0
11.060713052749634,IDLE,stop,0.0,0.0,0.5,0.0,0.0,0.06,0.0,16.5,0.001220050531493868,-0.2741418205489978,0.02078487909829363,0.0,0.0,0.0,0.0,0.0
11.08056092262268,IDLE,stop,0.0,0.0,0.5,0.0,0.0,0.06,0.0,16.5,0.00016449369474328318,-0.28276617164450357,0.05453420529578068,0.0,0.0,0.0,0.0,0.0
11.101003646850586,IDLE,stop,0.0,0.0,0.5,0.0,0.0,0.08,0.0,16.5,-0.0008632123026699574,-0.28248528601058354,0.06417860320549096,0.0,0.0,0.0,0.0,0.0
11.120587825775146,IDLE,stop,0.0,0.0,0.5,0.0,0.0,0.04,0.0,16.5,0.0012632581095486394,-0.3122347876248135,0.03999766111098069,0.0,0.0,0.0,0.0,0.0
11.140499591827393,IDLE,stop,0.0,0.0,0.5,0.0,0.0,0.03,0.0,16.5,0.0012546685047729958,-0.27803266764587065,0.0784712819420541,0.0,0.0,0.0,0.0,0.0
11.160535335540771,IDLE,stop,0.0,0.0,0.5,0.0,0.0,0.02,0.0,16.5,0.0001741242144962615,-0.29719150909185643,0.06889182467396182,0.0,0.0,0.0,0.0,0.0
11.180407047271729,IDLE,stop,0.0,0.0,0.5,0.0,0.0,0.1,0.0,16.5,0.0012325442420022975,-0.29296356999820006,0.044812843406752734,0.0,0.0,0.0,0.0,0.0
11.200951337814331,IDLE,stop,0.0,0.0,0.5,0.0,0.0,0.02,0.0,16.5,-0.0008728428549322264,-0.2886232912690154,0.03991967386888007,0.0,0.0,0.0,0.0,0.0
11.220621824264526,IDLE,stop,0.0,0.0,0.5,0.0,0.0,0.15,0.0,16.5,-0.0008478554339153676,-0.31083028636501453,0.08821972374973086,0.0,0.0,0.0,0.0,0.0
11.240514039993286,IDLE,stop,0.0,0.0,0.5,0.0,0.0,0.05,0.0,16.5,-0.0008449921456320446,-0.3154514872732186,0.06909841412081974,0.0,0.0,0.0,0.0,0.0
11.260718822479248,IDLE,stop,0.0,0.0,0.5,0.0,0.0,0.01,0.0,16.5,0.00018271388429048652,-0.2783697230975548,0.0304938156535286,0.0,0.0,0.0,0.0,0.0
11.28054666519165,IDLE,stop,0.0,0.0,0.5,0.0,0.0,0.05,0.0,16.5,0.0012603948212653164,-0.2783697230975548,0.04007385764321114,0.0,0.0,0.0,0.0,0.0
11.300520896911621,IDLE,stop,0.0,0.0,0.5,0.0,0.0,0.04,0.0,16.5,0.00019807085057294823,-0.28332797945744304,0.07835554361228247,0.0,0.0,0.0,0.0,0.0
11.321644067764282,IDLE,stop,0.0,0.0,0.5,0.0,0.0,0.09,0.0,16.5,0.00019911170053170147,-0.32029736745247916,0.06429565715884067,0.0,0.0,0.0,0.0,0.0
11.340582370758057,IDLE,stop,0.0,0.0,0.5,0.0,0.0,0.09,0.0,16.5,0.00019520762730820652,-0.26010978146129204,0.03028722620667068,0.0,0.0,0.0,0.0,0.0
11.36073350906372,IDLE,stop,0.0,0.0,0.5,0.0,0.0,0.04,0.0,16.5,0.00018948118077872315,-0.3395685485339932,0.06427055067555898,0.0,0.0,0.0,0.0,0.0
11.380361557006836,IDLE,stop,0.0,0.0,0.5,0.0,0.0,0.05,0.0,16.5,0.00020483814706118484,-0.29786565654032415,0.02083713859042291,0.0,0.0,0.0,0.0,0.0
11.400572061538696,IDLE,stop,0.0,0.0,0.5,0.0,0.0,0.04,0.0,16.5,-0.0008574859861776367,-0.31217861780704936,0.0495905669756489,0.0,0.0,0.0,0.0,0.0
11.420645475387573,IDLE,stop,0.0,0.0,0.5,0.0,0.0,0.04,0.0,16.5,0.0012479011107568872,-0.2781450072813989,0.08323555691437434,0.0,0.0,0.0,0.0,0.0
11.440731525421143,IDLE,stop,0.0,0.0,0.5,0.0,0.0,0.03,0.0,16.5,0.0012546685047729958,-0.31150443381348225,0.044955076933582916,0.0,0.0,0.0,0.0,0.0
11.460571765899658,IDLE,stop,0.0,0.0,0.5,0.0,0.0,0.05,0.0,16.5,-0.0008785693014617098,-0.33010150399162796,0.0690344967419847,0.0,0.0,0.0,0.0,0.0
11.480537414550781,IDLE,stop,0.0,0.0,0.5,0.0,0.0,0.02,0.0,16.5,0.00018948118077872315,-0.28332797945744304,0.0400354121986517,0.0,0.0,0.0,0.0,0.0
11.500639915466309,IDLE,stop,0.0,0.0,0.5,0.0,0.0,0.04,0.0,16.5,0.00017022014127276652,-0.30254299072119295,0.054393214302329795,0.0,0.0,0.0,0.0,0.0
11.520824193954468,IDLE,stop,0.0,0.0,0.5,0.0,0.0,0.03,0.0,16.5,0.0001730833645375082,-0.28727499637208,0.07375879137557106,0.0,0.0,0.0,0.0,0.0
11.540495157241821,IDLE,stop,0.0,0.0,0.5,0.0,0.0,0.02,0.0,16.5,0.00017985066102574486,-0.3028800827179765,0.01599575345838744,0.0,0.0,0.0,0.0,0.0
11.560726881027222,IDLE,stop,0.0,0.0,0.5,0.0,0.0,0.04,0.0,16.5,0.0012632581095486394,-0.29724767890962056,0.0784590027886587,0.0,0.0,0.0,0.0,0.0
11.580620050430298,IDLE,stop,0.0,0.0,0.5,0.0,0.0,0.05,0.0,16.5,-0.0009006935642324081,-0.28299092400575887,0.025742550736591596,0.0,0.0,0.0,0.0,0.0
11.60073208808899,IDLE,stop,0.0,0.0,0.5,0.0,0.0,0.05,0.0,16.5,-0.0019323037323970157,-0.32604211089636337,0.0640769712840843,0.0,0.0,0.0,0.0,0.0
11.620520114898682,IDLE,stop,0.0,0.0,0.5,0.0,0.0,0.05,0.0,16.5,0.0001741242144962615,-0.26968920218428494,0.025497515845174235,0.0,0.0,0.0,0.0,0.0
11.640648603439331,IDLE,stop,0.0,0.0,0.5,0.0,0.0,0.08,0.0,16.5,-0.001974470623039487,-0.3342170669046567,0.09792926329910578,0.0,0.0,0.0,0.0,0.0
11.660704851150513,IDLE,stop,0.0,0.0,0.5,0.0,0.0,0.1,0.0,16.5,-0.0009131872747408374,-0.29228942254973234,0.09765756875768261,0.0,0.0,0.0,0.0,0.0
11.680820941925049,IDLE,stop,0.0,0.0,0.5,0.0,0.0,0.07,0.0,16.5,-0.0008535818804448511,-0.2975285645435406,0.025704397652827282,0.0,0.0,0.0,0.0,0.0
11.700629234313965,IDLE,stop,0.0,0.0,0.5,0.0,0.0,0.05,0.0,16.5,-0.0008853366954778184,-0.30682709963261345,0.0497191691804062,0.0,0.0,0.0,0.0,0.0
11.72056794166565,IDLE,stop,0.0,0.0,0.5,0.0,0.0,0.05,0.0,16.5,0.00018271388429048652,-0.26952065618589316,0.07343635396364334,0.0,0.0,0.0,0.0,0.0
11.740575790405273,IDLE,stop,0.0,0.0,0.5,0.0,0.0,0.05,0.0,16.5,0.0012642990570352647,-0.3489794598036937,0.06909947392870208,0.0,0.0,0.0,0.0,0.0
11.760715961456299,IDLE,stop,0.0,0.0,0.5,0.0,0.0,0.05,0.0,16.5,-0.0008421289873858844,-0.24134420182985394,0.0062463980232259075,0.0,0.0,0.0,0.0,0.0
11.780458927154541,IDLE,stop,0.0,0.0,0.5,0.0,0.0,0.04,0.0,16.5,-0.0008785693014617098,-0.31618180453945044,0.06893107411070787,0.0,0.0,0.0,0.0,0.0
11.800890684127808,IDLE,stop,0.0,0.0,0.5,0.0,0.0,0.04,0.0,16.5,-0.0019380303089636616,-0.3067709298148493,0.040151991065709325,0.0,0.0,0.0,0.0,0.0
11.820590496063232,IDLE,stop,0.0,0.0,0.5,0.0,0.0,0.04,0.0,16.5,-0.0008574859861776367,-0.28823006599956713,-0.012680455131825141,0.0,0.0,0.0,0.0,0.0
11.840443849563599,IDLE,stop,0.0,0.0,0.5,0.0,0.0,0.07,0.0,16.5,0.0012229136897400283,-0.2924579685481241,0.0832488593305527,0.0,0.0,0.0,0.0,0.0
11.860676765441895,IDLE,stop,0.0,0.0,0.5,0.0,0.0,0.03,0.0,16.5,0.00018948118077872315,-0.2645062300082408,0.049537576581531795,0.0,0.0,0.0,0.0,0.0
11.88086223602295,IDLE,stop,0.0,0.0,0.5,0.0,0.0,0.04,0.0,16.5,-0.000893926300253462,-0.3163503505378422,0.05931240395096893,0.0,0.0,0.0,0.0,0.0
11.900948286056519,IDLE,stop,0.0,0.0,0.5,0.0,0.0,0.05,0.0,16.5,0.0001616304714785415,-0.326154487076991,0.04968116227703945,0.0,0.0,0.0,0.0,0.0
11.920739889144897,IDLE,stop,0.0,0.0,0.5,0.0,0.0,0.05,0.0,16.5,0.00016449369474328318,-0.28377741108975485,0.049512470098250105,0.0,0.0,0.0,0.0,0.0
11.940767288208008,IDLE,stop,0.0,0.0,0.5,0.0,0.0,0.05,0.0,16.5,0.00018271388429048652,-0.3016441274565693,0.09291935044122823,0.0,0.0,0.0,0.0,0.0
11.960684061050415,IDLE,stop,0.0,0.0,0.5,0.0,0.0,0.06,0.0,16.5,-0.0009035568525157311,-0.27380476509731366,0.011282093448723884,0.0,0.0,0.0,0.0,0.0
11.9805326461792,IDLE,stop,0.0,0.0,0.5,0.0,0.0,0.06,0.0,16.5,0.0012728886618109084,-0.29234559236749647,0.07848462090333186,0.0,0.0,0.0,0.0,0.0
12.000683307647705,IDLE,stop,0.0,0.0,0.5,0.0,0.0,0.02,0.0,16.5,0.0001741242144962615,-0.3122909574425776,0.054354878493068526,0.0,0.0,0.0,0.0,0.0
12.02069616317749,IDLE,stop,0.0,0.0,0.5,0.0,0.0,0.05,0.0,16.5,0.00023268885636136652,-0.3256488490818157,0.06895713076657373,0.0,0.0,0.0,0.0,0.0
12.040585994720459,ARM,stop,0.0,0.0,0.5,0.0,0.0,0.05,0.0,16.5,-0.003018574501712524,-0.2704195194505168,0.025330175835062363,0.0,0.0,0.0,0.0,0.0
12.060675382614136,ARM,stop,0.0,0.0,0.5,0.0,0.0,0.07,0.0,16.5,0.00013664298544310147,-0.26484332200502436,0.03509031207454427,0.0,0.0,0.0,0.0,0.0
12.080481052398682,ARM,stop,0.0,0.0,0.5,0.0,0.0,0.04,0.0,16.5,0.00017985066102574486,-0.32108385453647514,0.05932545055145155,0.0,0.0,0.0,0.0,0.0
12.101563215255737,ARM,stop,0.0,0.0,0.5,0.0,0.0,0.04,0.0,16.5,0.0012518052164896727,-0.32581739508020746,0.025808295370396195,0.0,0.0,0.0,0.0,0.0
12.12065601348877,ARM,stop,0.0,0.0,0.5,0.0,0.0,0.04,0.0,16.5,0.0012518052164896727,-0.32581739508020746,0.025808295370396195,0.0,0.0,0.0,0.0,0.0
12.140429735183716,ARM,stop,0.0,0.0,0.5,0.0,0.0,0.04,0.0,16.5,0.0012786151083403919,-0.2553762409175597,0.06859438411001761,0.0,0.0,0.0,0.0,0.0
12.160718202590942,ARM,stop,0.0,0.0,0.5,0.0,0.0,0.05,0.0,16.5,0.00020770137032592652,-0.32982061835770793,0.06430884993972086,0.0,0.0,0.0,0.0,0.0
12.180702924728394,ARM,stop,0.0,0.0,0.5,0.0,0.0,0.07,0.0,16.5,0.00017698743776100315,-0.28355269527359894,0.044773922875901206,0.0,0.0,0.0,0.0,0.0
12.200475931167603,ARM,stop,0.0,0.0,0.5,0.0,0.0,0.06,0.0,16.5,0.0001730833645375082,-0.3024306510856647,0.030468818805545084,0.0,0.0,0.0,0.0,0.0
12.220543622970581,ARM,stop,0.0,0.0,0.5,0.0,0.0,0.05,0.0,16.5,0.00013664298544310147,-0.3160694283588228,0.0689568018606792,0.0,0.0,0.0,0.0,0.0
12.240921974182129,ARM,stop,0.0,0.0,0.5,0.0,0.0,0.1,0.0,16.5,-0.0008757061432155494,-0.2881176898189395,0.016085435132293213,0.0,0.0,0.0,0.0,0.0
12.26066780090332,ARM,stop,0.0,0.0,0.5,0.0,0.0,0.1,0.0,16.5,0.00022019511334364655,-0.3159009189055304,0.0546253487736621,0.0,0.0,0.0,0.0,0.0
12.280766725540161,ARM,stop,0.0,0.0,0.5,0.0,0.0,0.06,0.0,16.5,0.00017698743776100315,-0.26907122455358135,0.04958921480697143,0.0,0.0,0.0,0.0,0.0
12.300804615020752,ARM,stop,0.0,0.0,0.5,0.0,0.0,0.09,0.0,16.5,0.00019807085057294823,-0.3022621050872729,0.02092740498591894,0.0,0.0,0.0,0.0,0.0
12.320756912231445,ARM,stop,0.0,0.0,0.5,0.0,0.0,0.08,0.0,16.5,-0.0008757061432155494,-0.3208029689025551,0.04980976448179675,0.0,0.0,0.0,0.0,0.0
12.340611457824707,ARM,stop,0.0,0.0,0.5,0.0,0.0,0.06,0.0,16.5,-0.00297536679362059,-0.2936377174466678,0.02070824402487048,0.0,0.0,0.0,0.0,0.0
12.360656499862671,ARM,stop,0.0,0.0,0.5,0.0,0.0,0.09,0.0,16.5,0.00019520762730820652,-0.3014194116404134,0.0929708424862703,0.0,0.0,0.0,0.0,0.0
12.380682945251465,ARM,stop,0.0,0.0,0.5,0.0,0.0,0.05,0.0,16.5,0.0012296809537189744,-0.29764094072416825,0.03046867262514752,0.0,0.0,0.0,0.0,0.0
12.400625228881836,ARM,stop,0.0,0.0,0.5,0.0,0.0,0.05,0.0,16.5,-0.0008574859861776367,-0.34565038397466097,0.054394566471007266,0.0,0.0,0.0,0.0,0.0
12.420636653900146,ARM,stop,0.0,0.0,0.5,0.0,0.0,0.05,0.0,16.5,0.0012325442420022975,-0.26456239982600493,0.04473470998425455,0.0,0.0,0.0,0.0,0.0
12.440569877624512,ARM,stop,0.0,0.0,0.5,0.0,0.0,0.09,0.0,16.5,0.00016735691800802484,-0.35331973853287835,0.08836268817854886,0.0,0.0,0.0,0.0,0.0
12.460772037506104,ARM,stop,0.0,0.0,0.5,0.0,0.0,0.06,0.0,16.5,-0.003021437399884359,-0.32514324763173974,0.08344305998871704,0.0,0.0,0.0,0.0,0.0
12.480745792388916,ARM,stop,0.0,0.0,0.5,0.0,0.0,0.11,0.0,16.5,0.0012325442420022975,-0.2887356674496431,0.020733862139543646,0.0,0.0,0.0,0.0,0.0
12.50062084197998,ARM,stop,0.0,0.0,0.5,0.0,0.0,0.1,0.0,16.5,-0.0008881998537239787,-0.30237448126790056,0.0544318059272868,0.0,0.0,0.0,0.0,0.0
12.520524740219116,ARM,stop,0.0,0.0,0.5,0.0,0.0,0.1,0.0,16.5,0.0012728886618109084,-0.29764094072416825,0.07357887985126865,0.0,0.0,0.0,0.0,0.0
12.540477514266968,ARM,stop,0.0,0.0,0.5,0.0,0.0,0.04,0.0,16.5,0.00018557710755522823,-0.3254241332656598,0.04026849684256817,0.0,0.0,0.0,0.0,0.0
12.560645818710327,ARM,stop,0.0,0.0,0.5,0.0,0.0,0.03,0.0,16.5,0.00018271388429048652,-0.2599974052806644,0.05426307720339807,0.0,0.0,0.0,0.0,0.0
12.580520868301392,ARM,stop,0.0,0.0,0.5,0.0,0.0,0.05,0.0,16.5,0.00019520762730820652,-0.3257050554446792,0.05457414908941516,0.0,0.0,0.0,0.0,0.0
12.600639581680298,ARM,stop,0.0,0.0,0.5,0.0,0.0,0.07,0.0,16.5,0.0002105645935906682,-0.3024306510856647,0.040048860795227625,0.0,0.0,0.0,0.0,0.0
12.620766401290894,ARM,stop,0.0,0.0,0.5,0.0,0.0,0.04,0.0,16.5,0.0023477065380674497,-0.2933006619949836,0.03994558434434836,0.0,0.0,0.0,0.0,0.0
12.64049482345581,ARM,stop,0.0,0.0,0.5,0.0,0.0,0.04,0.0,16.5,0.0012450379525107266,-0.29206470673357643,0.06896893483367705,0.0,0.0,0.0,0.0,0.0
12.660740852355957,ARM,stop,0.0,0.0,0.5,0.0,0.0,0.03,0.0,16.5,0.0023102251464678365,-0.2685656231035054,0.08802526727587079,0.0,0.0,0.0,0.0,0.0
12.680643320083618,ARM,stop,0.0,0.0,0.5,0.0,0.0,0.05,0.0,16.5,0.00021733189007890484,-0.30186884327272523,0.06412773242713854,0.0,0.0,0.0,0.0,0.0
12.700787544250488,ARM,stop,0.0,0.0,0.5,0.0,0.0,0.08,0.0,16.5,0.00018271388429048652,-0.29747239472577647,0.03529730351749549,0.0,0.0,0.0,0.0,0.0
12.720703363418579,ARM,stop,0.0,0.0,0.5,0.0,0.0,0.08,0.0,16.5,-0.0008949671177029248,-0.27904387054602253,0.044709384230376514,0.0,0.0,0.0,0.0,0.0
12.740681886672974,ARM,stop,0.0,0.0,0.5,0.0,0.0,0.04,0.0,16.5,-0.0019323037323970157,-0.31071794672948627,0.1026155510293254,0.0,0.0,0.0,0.0,0.0
12.760666608810425,ARM,stop,0.0,0.0,0.5,0.0,0.0,0.05,0.0,16.5,0.0023255820152224267,-0.2553762409175597,0.01590413489421394,0.0,0.0,0.0,0.0,0.0
12.78066086769104,ARM,stop,0.0,0.0,0.5,0.0,0.0,0.07,0.0,16.5,0.0012393115059812433,-0.30186884327272523,0.08328781640650362,0.0,0.0,0.0,0.0,0.0
12.800781726837158,ARM,stop,0.0,0.0,0.5,0.0,0.0,0.06,0.0,16.5,0.0012853823723193377,-0.28310326364128713,0.040086904243693766,0.0,0.0,0.0,0.0,0.0
12.820602655410767,ARM,stop,0.0,0.0,0.5,0.0,0.0,0.06,0.0,16.5,-0.0008978304059862476,-0.3162941441749787,0.04495522311398048,0.0,0.0,0.0,0.0,0.0
12.840622901916504,ARM,stop,0.0,0.0,0.5,0.0,0.0,0.08,0.0,16.5,-0.000867116408402743,-0.26033449727744795,0.0493958181409937,0.0,0.0,0.0,0.0,0.0
12.860599040985107,ARM,stop,0.0,0.0,0.5,0.0,0.0,0.06,0.0,16.5,0.0012603948212653164,-0.24602153601072274,0.04459247645742437,0.0,0.0,0.0,0.0,0.0
12.880494356155396,ARM,stop,0.0,0.0,0.5,0.0,0.0,0.01,0.0,16.5,0.00019520762730820652,-0.34475152071003734,0.07376061863054062,0.0,0.0,0.0,0.0,0.0
12.900766372680664,ARM,stop,0.0,0.0,0.5,0.0,0.0,0.06,0.0,16.5,-0.000867116408402743,-0.2973600550902482,0.0401130705348578,0.0,0.0,0.0,0.0,0.0
12.920736074447632,ARM,stop,0.0,0.0,0.5,0.0,0.0,0.05,0.0,16.5,0.00019520762730820652,-0.29741622490801234,0.054470251371846246,0.0,0.0,0.0,0.0,0.0
12.940510511398315,ARM,stop,0.0,0.0,0.5,0.0,0.0,0.06,0.0,16.5,0.0001913035540847116,-0.2641129681936931,0.08315786203306885,0.0,0.0,0.0,0.0,0.0
12.960676908493042,ARM,stop,0.0,0.0,0.5,0.0,0.0,0.1,0.0,16.5,0.00019807085057294823,-0.3352282698048086,0.04021729715832123,0.0,0.0,0.0,0.0,0.0
12.980528354644775,ARM,stop,0.0,0.0,0.5,0.0,0.0,0.07,0.0,16.5,0.00020770137032592652,-0.2885671214512513,0.04951261627864767,0.0,0.0,0.0,0.0,0.0
13.000573873519897,ARM,stop,0.0,0.0,0.5,0.0,0.0,0.0,0.0,16.5,0.00018271388429048652,-0.33088802762072334,0.05448417505471426,0.0,0.0,0.0,0.0,0.0
13.020583868026733,ARM,stop,0.0,0.0,0.5,0.0,0.0,0.05,0.0,16.5,-0.0008921039594567642,-0.3160694283588228,0.05458675714870509,0.0,0.0,0.0,0.0,0.0
13.040473222732544,ARM,stop,0.0,0.0,0.5,0.0,0.0,0.04,0.0,16.5,0.00017985066102574486,-0.2984274278081642,0.006338308948194538,0.0,0.0,0.0,0.0,0.0
13.060612201690674,spool,drive,0.04005241394042969,0.0,0.5,143.22743225097656,0.0,0.04,0.0,16.5,0.00020483814706118484,-0.30271153671958473,0.02561442361812638,0.0,0.0,0.0,0.0,0.0
13.080682277679443,spool,drive,0.08019256591796875,0.0,0.5,286.76861572265625,0.0,0.06,0.0,16.5,-0.0030435619227293827,-0.2783135532797907,0.06882684748724444,0.0,0.0,0.0,0.0,0.0
13.100570678710938,spool,drive,0.11996936798095703,0.0,0.5,429.01045989990234,0.0,0.06,0.0,16.5,0.0012450379525107266,-0.3071079852665335,0.030494729281013377,0.0,0.0,0.0,0.0,0.0
13.120723009109497,spool,drive,0.16027402877807617,0.0,0.5,573.1399269104004,0.0,0.08,0.0,16.5,0.0012239545071894911,-0.30192501309048936,0.059324829284761904,0.0,0.0,0.0,0.0,0.0
13.141735315322876,spool,drive,0.20229864120483398,0.0,0.5,723.4199409484863,0.0,0.04,0.0,16.5,0.00019520762730820652,-0.2700262576359691,0.030210298772452404,0.0,0.0,0.0,0.0,0.0
13.1606764793396,spool,drive,0.24018096923828125,0.0,0.5,858.8871459960938,0.0,0.04,0.0,16.5,-0.0008824734071944954,-0.31539528091035507,0.10743148249963497,0.0,0.0,0.0,0.0,0.0
13.180583477020264,spool,drive,0.2799949645996094,0.0,0.5,1001.2619934082031,0.0,0.04,0.0,16.5,-0.001940893467209822,-0.2693521101875014,0.01599473019560449,0.0,0.0,0.0,0.0,0.0
13.200599193572998,spool,drive,0.3200263977050781,0.0,0.5,1144.4143981933594,0.0,0.07,0.0,16.5,0.0023073619882216763,-0.3067709298148493,0.05931207504507441,0.0,0.0,0.0,0.0,0.0
13.220700979232788,spool,drive,0.3602299690246582,0.0,0.5,1288.1823692321777,40.0,8.15,0.035,16.5,-0.0019179876810918885,-0.4700705137380403,0.05442420454661345,0.0,0.0,0.0,0.0,0.0
13.240653991699219,spool,drive,0.40013599395751953,0.0,0.5,1430.8863143920898,116.0,13.07,0.027,16.5,0.010871294047001661,-3.0128028444703148,0.07011038446805884,0.0,0.0,0.0,0.0,0.0
13.260668277740479,spool,drive,0.44016456604003906,0.0,0.5,1574.0284881591797,155.0,16.29,0.024,16.5,0.0004659065088444522,-1.3518972204726225,0.041060465691472814,0.0,0.0,0.0,0.0,0.0
13.281344652175903,spool,drive,0.48151731491088867,0.0,0.5,1721.905918121338,195.0,16.19,0.03,16.5,-0.0029173208049785206,-0.958958026062362,0.02083216845690572,0.0,0.0,0.0,0.0,0.0
13.300715923309326,spool,drive,0.5202598571777344,0.0,0.5,1860.4492492675781,248.0,17.14,0.038,16.5,-0.004082457943077391,-1.093870838582518,0.10318099507965428,0.0,0.0,0.0,0.0,0.0
13.320632457733154,spool,drive,0.5600929260253906,0.0,0.5,2002.8923034667969,314.0,19.12,0.038,16.5,-0.014562281353850966,-1.617128980339075,0.10771708245137646,0.0,0.0,0.0,0.0,0.0
13.3406343460083,spool,drive,0.6000967025756836,0.0,0.5,2145.9458084106445,450.0,19.61,0.039,16.5,-0.018795962634209573,-1.6911656971955153,0.08805717114763922,0.0,0.0,0.0,0.0,0.0
13.360614776611328,spool,drive,0.6400575637817383,0.0,0.5,2288.845848083496,526.0,20.4,0.04,16.5,-0.011527056893838943,-1.5509718254525495,0.08355887140868745,0.0,0.0,0.0,0.0,0.0
13.380683183670044,spool,drive,0.6801943778991699,0.0,0.5,2432.3750953674316,601.0,20.82,0.048,16.5,-0.0072064426493893136,-1.274306858151391,0.05564693048204106,0.0,0.0,0.0,0.0,0.0
13.400720357894897,spool,drive,0.720268726348877,0.0,0.5,2575.680965423584,703.0,21.81,0.053,16.5,-0.016584898106306506,-2.037050298712174,0.0410305352550715,0.0,0.0,0.0,0.0,0.0
13.42084550857544,spool,drive,0.7605190277099609,0.0,0.5,2719.6160430908203,849.0,22.84,0.052,16.5,-0.02303068213127439,-2.5032252875806194,0.0694247984034817,0.0,0.0,0.0,0.0,0.0
13.440848112106323,spool,drive,0.8005242347717285,0.0,0.5,2862.674663543701,995.0,22.81,0.051,16.5,-0.023150674183139274,-2.336147232741183,0.136351099724342,0.0,0.0,0.0,0.0,0.0
13.460754632949829,spool,drive,0.8403372764587402,0.0,0.5,3005.046100616455,1145.0,23.34,0.055,16.5,-0.02224582359089282,-2.1678333688207374,0.2658308802258702,0.0,0.0,0.0,0.0,0.0
13.480745792388916,spool,drive,0.8803195953369141,0.0,0.5,3148.0228729248047,1296.0,23.76,0.056,16.5,-0.027780508998025574,-2.1233775710350358,0.16075801844093718,0.0,0.0,0.0,0.0,0.0
13.500622987747192,spool,drive,0.9200739860534668,0.0,0.5,3290.1845741271973,1428.0,24.38,0.058,16.5,-0.031877540986138694,-2.0751994356057537,0.16561091527928085,0.0,0.0,0.0,0.0,0.0
13.520627737045288,spool,drive,0.9600834846496582,0.0,0.5,3433.2585411071777,1583.0,24.15,0.062,16.5,-0.044337558345589334,-2.071982882137746,0.03591970310522541,0.0,0.0,0.0,0.0,0.0
13.540567398071289,spool,drive,0.9999628067016602,0.0,0.5,3575.8669967651367,1724.0,24.54,0.067,16.5,-0.05387530776624744,-2.3873170961870187,0.06964004903889531,0.0,0.0,0.0,0.0,0.0
13.56072449684143,spool,drive,1.0402770042419434,0.0,0.5,3720.0305671691895,1891.0,24.85,0.069,16.4,-0.05427823155560882,-2.093501367561217,0.18387029046650305,0.0,0.0,0.0,0.0,0.0
13.58071756362915,spool,drive,1.0802631378173828,0.0,0.5,3863.020980834961,2065.0,24.8,0.071,16.5,-0.040318353079144574,-2.156722489162661,0.3034039384451983,0.0,0.0,0.0,0.0,0.0
13.60068416595459,spool,drive,1.1201963424682617,0.0,0.5,4005.822120666504,2209.0,24.93,0.076,16.5,-0.0406845751797333,-2.003002252872264,0.2077016604127877,0.0,0.0,0.0,0.0,0.0
13.620774745941162,spool,drive,1.1603775024414062,0.0,0.5,4149.509948730469,2386.0,24.83,0.079,16.5,-0.03700930468450467,-2.0506747503063707,0.06405402096166668,0.0,0.0,0.0,0.0,0.0
13.640950202941895,spool,drive,1.200728416442871,0.0,0.5,4293.804817199707,2552.0,24.97,0.081,16.5,-0.03181715380842114,-2.4217440416174156,-0.04073539703238893,0.0,0.0,0.0,0.0,0.0
13.661497592926025,spool,drive,1.2418231964111328,0.0,0.5,4440.759750366211,2904.0,24.85,0.088,16.4,0.0044859856250218915,-2.3684392134651517,0.1701655310163943,0.0,0.0,0.0,0.0,0.0
13.680793523788452,spool,drive,1.2804150581359863,0.0,0.5,4578.764247894287,2904.0,24.85,0.088,16.4,0.0044859856250218915,-2.3684392134651517,0.1701655310163943,0.0,0.0,0.0,0.0,0.0
13.700374364852905,spool,drive,1.3195767402648926,0.0,0.5,4718.806423187256,3077.0,24.77,0.094,16.4,-0.01897868461331343,-2.039620296281754,0.29321505509965995,0.0,0.0,0.0,0.0,0.0
13.720516443252563,spool,drive,1.359860897064209,0.0,0.5,4862.862567901611,3236.0,25.15,0.096,16.4,-0.03481775821455944,-2.396784323454881,-0.040504432004237145,0.0,0.0,0.0,0.0,0.0
13.740767478942871,spool,drive,1.4003629684448242,0.0,0.5,5007.697975158691,3438.0,24.73,0.094,16.5,-0.026987417544805374,-2.6130243077992077,-0.2444341630735707,0.0,0.0,0.0,0.0,0.0
13.76094365119934,spool,drive,1.4407153129577637,0.0,0.5,5151.997959136963,3597.0,24.85,0.097,16.4,-0.015575592302382797,-2.0872508399417598,-0.00739599721477191,0.0,0.0,0.0,0.0,0.0
13.780595064163208,spool,drive,1.480018138885498,0.0,0.5,5292.544864654541,3756.0,25.15,0.101,16.4,-0.025062151813759842,-1.6256809721377863,0.2892749634813576,0.0,0.0,0.0,0.0,0.0
13.800519227981567,spool,drive,1.5198664665222168,0.0,0.5,5435.042484283447,3942.0,24.47,0.105,16.4,-0.04462230436157845,-2.222515216318058,0.2053005377474939,0.0,0.0,0.0,0.0,0.0
13.820975303649902,spool,drive,1.5607786178588867,0.0,0.5,5581.344337463379,4118.0,24.55,0.109,16.4,-0.06703428215676238,-2.134627906792389,0.18322780934665772,0.0,0.0,0.0,0.0,0.0
13.840625762939453,spool,drive,1.6000795364379883,0.0,0.5,5721.884422302246,4289.0,24.45,0.114,16.4,-0.06703548890163133,-2.005249484124022,0.44668778970443057,0.0,0.0,0.0,0.0,0.0
13.860658407211304,spool,drive,1.6401448249816895,0.0,0.5,5865.1578941345215,4432.0,24.92,0.117,16.4,-0.040224555713314146,-2.56088468359593,0.20460303798051527,0.0,0.0,0.0,0.0,0.0
13.880971193313599,spool,drive,1.6807703971862793,0.0,0.5,6010.434940338135,4590.0,24.84,0.119,16.4,-0.06539351277035377,-2.367049330245109,0.40629288336306857,0.0,0.0,0.0,0.0,0.0
13.900572538375854,spool,drive,1.719973087310791,0.0,0.5,6150.623760223389,4763.0,24.78,0.12,16.4,-0.07925827894519936,-2.1532521665244815,0.20510553309714297,0.0,0.0,0.0,0.0,0.0
13.92065978050232,spool,drive,1.7601475715637207,0.0,0.5,6294.287715911865,4946.0,24.59,0.121,16.4,-0.06962822602563479,-1.8115119254591718,0.15388521914159803,0.0,0.0,0.0,0.0,0.0
13.940964460372925,spool,drive,1.8007569313049316,0.0,0.5,6439.506786346436,5121.0,24.45,0.123,16.4,-0.02442919956583747,-1.9421132933335628,0.05629889505517838,0.0,0.0,0.0,0.0,0.0
13.960813760757446,spool,drive,1.8404555320739746,0.0,0.5,6581.468982696533,5287.0,24.41,0.128,16.4,-0.033764288669324356,-2.0013875442007674,0.23311954448638872,0.0,0.0,0.0,0.0,0.0
13.980701684951782,spool,drive,1.8802313804626465,0.0,0.5,6723.707416534424,5447.0,24.63,0.132,16.4,-0.06031884266845097,-2.0111500558717097,-0.38373713838358015,0.0,0.0,0.0,0.0,0.0
14.000603675842285,spool,drive,1.9200353622436523,0.0,0.5,6866.046455383301,5609.0,24.63,0.134,16.4,-0.056477757105851276,-2.2285264466267023,0.1656028570848651,0.0,0.0,0.0,0.0,0.0
14.02062702178955,spool,drive,1.9600820541381836,0.0,0.5,7009.2534255981445,5788.0,24.41,0.136,16.4,-0.06390613730154451,-1.42735115628345,0.14711315640873046,0.0,0.0,0.0,0.0,0.0
14.040677785873413,L0,drive,2.0,0.35,0.2725,7152.0,5963.0,24.18,0.137,16.4,-0.08905390142197199,-1.9094409512151316,0.15818906240668973,0.0,0.0,0.0,0.0,0.0
14.06076192855835,L0,drive,2.0,0.35,0.2725,7152.0,6118.0,24.16,0.14,16.4,-0.10345122491342777,-1.9020541633654062,0.636289429835891,0.0,0.0,0.0,0.0,0.0
14.080601692199707,L0,drive,2.0,0.35,0.2725,7152.0,6266.0,24.45,0.147,16.3,-0.09070084185196904,-2.063907438435095,0.47475994434680757,0.0,0.0,0.0,0.0,0.0
14.100689888000488,L0,drive,2.0,0.35,0.2725,7152.0,6387.0,22.02,0.149,16.3,-0.1462681640496631,-1.9881548560720432,0.6702475016411,0.0,0.0,0.0,0.0,0.0
14.120707988739014,L0,drive,2.0,0.35,0.2725,7152.0,6532.0,20.47,0.155,16.4,0.19320349871938103,-1.4154681517654382,-3.8568174697630013,0.0,0.0,0.0,0.0,0.0
14.140728235244751,L0,drive,2.0,0.35,0.2725,7152.0,6729.0,17.55,0.151,16.4,0.7951499269400186,-0.306362940325247,-5.761568807643869,0.0,0.0,0.0,0.0,0.0
14.160522222518921,L0,drive,2.0,0.35,0.2725,7152.0,6777.0,17.95,0.142,16.4,1.1626301381172104,0.6855691807412185,-6.371323498623667,0.0,0.0,0.0,0.0,0.0
14.180551767349243,L0,drive,2.0,0.35,0.2725,7152.0,6683.0,20.72,0.145,16.4,1.404652092713104,0.9731202753391983,-5.370179563988984,0.0,0.0,0.0,0.0,0.0
14.200337648391724,L0,drive,2.0,0.35,0.2725,7152.0,6887.0,17.01,0.147,16.4,1.790402321337539,0.8844498043335776,-6.57852368718261,0.0,0.0,0.0,0.0,0.0
14.220611095428467,L0,drive,2.0,0.35,0.2725,7152.0,6929.0,16.35,0.147,16.4,1.839200220939388,-0.6483842497499737,-3.3776720403990623,0.0,0.0,0.0,0.0,0.0
14.240599870681763,L0,drive,2.0,0.35,0.2725,7152.0,6947.0,16.74,0.146,16.4,1.857774837436309,-1.141894607511972,-2.889512542999711,0.0,0.0,0.0,0.0,0.0
14.260615825653076,L0,drive,2.0,0.35,0.2725,7152.0,6958.0,17.05,0.147,16.4,1.8689522576894262,-0.3159441517581101,-4.243530987221391,0.0,0.0,0.0,0.0,0.0
14.28058934211731,L0,drive,2.0,0.35,0.2725,7152.0,6959.0,17.13,0.151,16.4,2.0075985545678234,0.06212208255490559,-4.991558300978966,0.0,0.0,0.0,0.0,0.0
14.300326824188232,L0,drive,2.0,0.35,0.2725,7152.0,7027.0,15.91,0.148,16.4,2.1924917090398823,-0.03951476330390147,-4.681543006875472,0.0,0.0,0.0,0.0,0.0
14.320627212524414,L0,drive,2.0,0.35,0.2725,7152.0,7064.0,15.45,0.149,16.4,2.1419200109939864,-0.5826782806605308,-3.7136843487662077,0.0,0.0,0.0,0.0,0.0
14.340713739395142,L0,drive,2.0,0.35,0.2725,7152.0,7104.0,15.13,0.149,16.4,2.004677200010061,-0.05315533128692973,-3.781250390324459,0.0,0.0,0.0,0.0,0.0
14.360731840133667,L0,drive,2.0,0.35,0.2725,7152.0,7145.0,14.51,0.15,16.4,1.9974063707599812,-0.022773380182637304,-4.16996424034312,0.0,0.0,0.0,0.0,0.0
14.380558967590332,L0,drive,2.0,0.35,0.2725,7152.0,7152.0,14.84,0.149,16.4,2.0073906948447426,-0.11956431845335924,-4.166497133673687,0.0,0.0,0.0,0.0,0.0
14.400288105010986,L0,drive,2.0,0.35,0.2725,7152.0,7190.0,14.25,0.151,16.4,1.9627573133975054,-0.23385768240389027,-4.519706104010311,0.0,0.0,0.0,0.0,0.0
14.42072343826294,L0,drive,2.0,0.35,0.2725,7152.0,7237.0,13.39,0.148,16.4,1.9871235063170218,-0.03448761943166101,-3.9070017849684575,0.0,0.0,0.0,0.0,0.0
14.440770864486694,R0,drive,2.0,0.15,0.40249999999999997,7152.0,7249.0,13.43,0.149,16.4,2.0357199377824062,0.04141741081350059,-4.041292161355784,0.0,0.0,0.0,0.0,0.0
14.460766315460205,R0,drive,2.0,0.15,0.40249999999999997,7152.0,7231.0,13.9,0.148,16.4,2.0416024611562276,-0.19306812553420372,-3.901228243986253,0.0,0.0,0.0,0.0,0.0
14.480551958084106,R0,drive,2.0,0.15,0.40249999999999997,7152.0,7272.0,13.32,0.149,16.4,2.054433970762393,0.4403967701148481,-4.613184375201627,0.0,0.0,0.0,0.0,0.0
14.50050687789917,R0,drive,2.0,0.15,0.40249999999999997,7152.0,7314.0,12.53,0.15,16.4,2.0984016950951654,0.4422506664618595,-4.651080181466227,0.0,0.0,0.0,0.0,0.0
14.520732402801514,R0,drive,2.0,0.15,0.40249999999999997,7152.0,7323.0,12.44,0.15,16.4,1.9720976851306855,-0.8547223394142804,-1.8129126260286341,0.0,0.0,0.0,0.0,0.0
14.540598630905151,R0,drive,2.0,0.15,0.40249999999999997,7152.0,7343.0,12.26,0.151,16.4,1.2844259489884036,-1.4187155492973318,1.8310884043009992,0.0,0.0,0.0,0.0,0.0
14.56059718132019,R0,drive,2.0,0.15,0.40249999999999997,7152.0,7365.0,11.95,0.149,16.4,0.837728146974042,-1.0587409116202338,0.6330440057393645,0.0,0.0,0.0,0.0,0.0
14.580743312835693,R0,drive,2.0,0.15,0.40249999999999997,7152.0,7414.0,11.21,0.15,16.4,0.7816115478015192,-0.1322899250554821,-0.9818534577406908,0.0,0.0,0.0,0.0,0.0
14.600563049316406,R0,drive,2.0,0.15,0.40249999999999997,7152.0,7440.0,10.74,0.149,16.4,0.8732093090191131,-0.3925923814170389,-1.2003709326790712,0.0,0.0,0.0,0.0,0.0
14.620559453964233,R0,drive,2.0,0.15,0.40249999999999997,7152.0,7450.0,10.72,0.15,16.4,0.8453142944971873,-0.8040307782292757,-1.5764649558857968,0.0,0.0,0.0,0.0,0.0
14.640573024749756,R0,drive,2.0,0.15,0.40249999999999997,7152.0,7468.0,10.53,0.151,16.4,0.8448963779431266,-0.1638932590627995,-2.1895946598845626,0.0,0.0,0.0,0.0,0.0
14.66053056716919,R0,drive,2.0,0.15,0.40249999999999997,7152.0,7505.0,9.88,0.15,16.4,0.9035393848837531,0.1461602246695577,-2.3394857006607594,0.0,0.0,0.0,0.0,0.0
14.680577993392944,R0,drive,2.0,0.15,0.40249999999999997,7152.0,7503.0,9.85,0.149,16.5,0.9105405690734625,-0.5234603457914879,-1.3230662068413892,0.0,0.0,0.0,0.0,0.0
14.700258016586304,R0,drive,2.0,0.15,0.40249999999999997,7152.0,7513.0,9.84,0.152,16.5,0.8503312239377058,-0.4004591891472664,-2.0551964023638334,0.0,0.0,0.0,0.0,0.0
14.72058653831482,R0,drive,2.0,0.15,0.40249999999999997,7152.0,7515.0,9.64,0.149,16.4,0.8270495367930967,-0.6389607304209832,-1.606896791050758,0.0,0.0,0.0,0.0,0.0
14.740568161010742,R0,drive,2.0,0.15,0.40249999999999997,7152.0,7530.0,9.54,0.151,16.4,0.8983711878933182,0.19068655449708416,-2.1342887682700393,0.0,0.0,0.0,0.0,0.0
14.760603904724121,R0,drive,2.0,0.15,0.40249999999999997,7152.0,7540.0,9.02,0.148,16.5,0.9050948041184139,-0.5037396965325627,-1.610339047052605,0.0,0.0,0.0,0.0,0.0
14.780581951141357,R0,drive,2.0,0.15,0.40249999999999997,7152.0,7531.0,9.26,0.148,16.4,0.8509958823667623,-0.5091184042609456,-1.8904908553768678,0.0,0.0,0.0,0.0,0.0
14.801176071166992,R0,drive,2.0,0.15,0.40249999999999997,7152.0,7541.0,9.1,0.148,16.5,0.8268005978102017,-0.1050267510057763,-1.972629036046726,0.0,0.0,0.0,0.0,0.0
14.820570230484009,R0,drive,2.0,0.15,0.40249999999999997,7152.0,7538.0,9.0,0.148,16.4,0.8908420985965279,0.0793000334334959,-1.9875715962857612,0.0,0.0,0.0,0.0,0.0
14.840557336807251,R0,drive,2.0,0.15,0.40249999999999997,7152.0,7544.0,8.76,0.148,16.5,0.9006192953275085,-0.23937785621201613,-1.583590373184677,0.0,0.0,0.0,0.0,0.0
14.86024522781372,L1,drive,2.0,0.35,0.2725,7152.0,7524.0,8.98,0.147,16.5,0.8599679389211848,-0.5104394730588346,-1.970028486774055,0.0,0.0,0.0,0.0,0.0
14.88060212135315,L1,drive,2.0,0.35,0.2725,7152.0,7524.0,8.98,0.147,16.5,0.8532418592720806,-0.30414490860790266,-1.7735667102201944,0.0,0.0,0.0,0.0,0.0
14.900598764419556,L1,drive,2.0,0.35,0.2725,7152.0,7520.0,8.92,0.148,16.4,0.8818830249524195,0.05828727279981161,-1.8107649436276176,0.0,0.0,0.0,0.0,0.0
14.920607089996338,L1,drive,2.0,0.35,0.2725,7152.0,7522.0,8.69,0.149,16.4,0.8473831046109881,-0.22066840985324276,-1.9525254306912814,0.0,0.0,0.0,0.0,0.0
14.940613746643066,L1,drive,2.0,0.35,0.2725,7152.0,7541.0,8.28,0.148,16.5,1.0713937678595398,0.8883950670834437,-4.87386904762144,0.0,0.0,0.0,0.0,0.0
14.960780620574951,L1,drive,2.0,0.35,0.2725,7152.0,7463.0,9.55,0.138,16.5,1.4003352417441401,1.6521644747645325,-6.196530919483166,0.0,0.0,0.0,0.0,0.0
14.980607748031616,L1,drive,2.0,0.35,0.2725,7152.0,7243.0,13.34,0.138,16.4,1.7818001778585286,1.9229162988038127,-6.411511413522078,0.0,0.0,0.0,0.0,0.0
15.000630140304565,L1,drive,2.0,0.35,0.2725,7152.0,7298.0,12.03,0.157,16.4,2.158660242132061,1.4799179196084111,-6.470612732978964,0.0,0.0,0.0,0.0,0.0
15.020675420761108,L1,drive,2.0,0.35,0.2725,7152.0,7370.0,8.87,0.145,16.4,2.1245817670331344,-0.25102130760351926,-4.114292313013095,0.0,0.0,0.0,0.0,0.0
15.041145086288452,L1,drive,2.0,0.35,0.2725,7152.0,7346.0,10.66,0.145,16.4,2.0860342413089463,0.5158088983319722,-3.9204106204762468,0.0,0.0,0.0,0.0,0.0
15.060993194580078,L1,drive,2.0,0.35,0.2725,7152.0,7279.0,11.68,0.143,16.4,2.0355574849559113,-0.31566330266928944,-3.481853055578455,0.0,0.0,0.0,0.0,0.0
15.08064079284668,L1,drive,2.0,0.35,0.2725,7152.0,7266.0,11.72,0.147,16.4,1.926029525646168,0.5646627891940952,-4.6718272729317505,0.0,0.0,0.0,0.0,0.0
15.10069489479065,L1,drive,2.0,0.35,0.2725,7152.0,7275.0,11.13,0.145,16.4,1.9441259715693655,0.7722912132277031,-4.445222221317721,0.0,0.0,0.0,0.0,0.0
15.12070631980896,L1,drive,2.0,0.35,0.2725,7152.0,7268.0,11.22,0.147,16.4,1.9656376552744805,0.09052148028978024,-3.5550295007952286,0.0,0.0,0.0,0.0,0.0
15.14081859588623,L1,drive,2.0,0.35,0.2725,7152.0,7247.0,11.75,0.146,16.4,1.9354158369081524,-0.13869595207284835,-3.8002532572862435,0.0,0.0,0.0,0.0,0.0
15.16041088104248,L1,drive,2.0,0.35,0.2725,7152.0,7217.0,12.05,0.145,16.4,1.9277801545887314,0.07302080877474193,-4.107696945835784,0.0,0.0,0.0,0.0,0.0
15.180556058883667,L1,drive,2.0,0.35,0.2725,7152.0,7236.0,11.56,0.146,16.4,2.0063334198919813,0.6983252476836839,-4.499493740439078,0.0,0.0,0.0,0.0,0.0
15.200608491897583,L1,drive,2.0,0.35,0.2725,7152.0,7238.0,11.37,0.144,16.4,2.092373629967771,0.18555814415443095,-4.036403596500435,0.0,0.0,0.0,0.0,0.0
15.22045373916626,L1,drive,2.0,0.35,0.2725,7152.0,7250.0,11.17,0.147,16.4,1.998785888204642,0.3956167442073486,-4.126480834562017,0.0,0.0,0.0,0.0,0.0
15.240740299224854,R1,drive,2.0,0.15,0.40249999999999997,7152.0,7250.0,11.17,0.147,16.4,1.9733664150739993,0.15079424377137318,-4.027105938493747,0.0,0.0,0.0,0.0,0.0
15.260481357574463,R1,drive,2.0,0.15,0.40249999999999997,7152.0,7226.0,11.76,0.144,16.4,1.9154646324437692,0.17128691739121038,-4.020913152131328,0.0,0.0,0.0,0.0,0.0
15.280528783798218,R1,drive,2.0,0.15,0.40249999999999997,7152.0,7224.0,11.77,0.145,16.4,1.9420748048977863,0.339783908804705,-4.189470552594116,0.0,0.0,0.0,0.0,0.0
15.300758600234985,R1,drive,2.0,0.15,0.40249999999999997,7152.0,7239.0,11.25,0.147,16.4,1.9806572180322548,0.13117145315234247,-3.590221846787273,0.0,0.0,0.0,0.0,0.0
15.320558071136475,R1,drive,2.0,0.15,0.40249999999999997,7152.0,7245.0,11.25,0.146,16.4,1.8637059635000244,-0.47872201784239365,-2.241978697712568,0.0,0.0,0.0,0.0,0.0
15.340456008911133,R1,drive,2.0,0.15,0.40249999999999997,7152.0,7250.0,11.2,0.146,16.4,1.2637897794916522,-1.0654697415005216,2.09096177551433,0.0,0.0,0.0,0.0,0.0
15.360366106033325,R1,drive,2.0,0.15,0.40249999999999997,7152.0,7267.0,11.0,0.148,16.5,0.8785428883132422,-0.4975166508278477,0.1648917259958136,0.0,0.0,0.0,0.0,0.0
15.380558729171753,R1,drive,2.0,0.15,0.40249999999999997,7152.0,7302.0,10.27,0.146,16.5,0.8086117401971784,-0.2864177945207622,-1.2252385571911404,0.0,0.0,0.0,0.0,0.0
15.400667428970337,R1,drive,2.0,0.15,0.40249999999999997,7152.0,7327.0,9.93,0.146,16.5,0.8399006872123014,-0.3674640441659136,-1.7892737939384915,0.0,0.0,0.0,0.0,0.0
15.42069411277771,R1,drive,2.0,0.15,0.40249999999999997,7152.0,7336.0,9.95,0.146,16.5,0.8174136873369722,-0.5776784725226349,-1.2121470793264635,0.0,0.0,0.0,0.0,0.0
15.44048547744751,R1,drive,2.0,0.15,0.40249999999999997,7152.0,7335.0,10.13,0.147,16.5,0.7709670926615542,-0.5189932190223168,-1.381718167756162,0.0,0.0,0.0,0.0,0.0
15.460496187210083,R1,drive,2.0,0.15,0.40249999999999997,7152.0,7352.0,9.69,0.146,16.5,0.805099297035473,-0.1878562827296406,-1.934628272256674,0.0,0.0,0.0,0.0,0.0
15.480773448944092,R1,drive,2.0,0.15,0.40249999999999997,7152.0,7368.0,9.36,0.145,16.5,0.8410578307059409,-0.1152096775001139,-1.8876444306754934,0.0,0.0,0.0,0.0,0.0
15.500630855560303,R1,drive,2.0,0.15,0.40249999999999997,7152.0,7350.0,9.77,0.146,16.5,0.8486453098096312,-0.5310028157646194,-1.4865572870853896,0.0,0.0,0.0,0.0,0.0
15.520549535751343,R1,drive,2.0,0.15,0.40249999999999997,7152.0,7357.0,9.71,0.147,16.5,0.805339780481907,-0.31472106037168857,-1.741362583915162,0.0,0.0,0.0,0.0,0.0
15.540613889694214,R1,drive,2.0,0.15,0.40249999999999997,7152.0,7366.0,9.37,0.147,16.5,0.8544069922489903,-0.005088032575963464,-2.319857181597399,0.0,0.0,0.0,0.0,0.0
15.560420274734497,R1,drive,2.0,0.15,0.40249999999999997,7152.0,7388.0,8.89,0.146,16.5,0.8769920630314617,-0.23507927544123675,-1.8722019334767879,0.0,0.0,0.0,0.0,0.0
15.580765724182129,R1,drive,2.0,0.15,0.40249999999999997,7152.0,7382.0,9.07,0.146,16.5,0.8305291564943671,-0.4981779709464291,-1.6234347641488114,0.0,0.0,0.0,0.0,0.0
15.600968599319458,R1,drive,2.0,0.15,0.40249999999999997,7152.0,7372.0,9.37,0.148,16.5,0.8041470172086878,-0.5387428119999598,-1.3173870983960114,0.0,0.0,0.0,0.0,0.0
15.620645523071289,R1,drive,2.0,0.15,0.40249999999999997,7152.0,7381.0,9.07,0.147,16.5,0.7983377973438708,-0.09012305647994356,-2.1231933837341046,0.0,0.0,0.0,0.0,0.0
15.640769720077515,L2,drive,2.0,0.35,0.2725,7152.0,7384.0,8.82,0.144,16.5,0.8502490654180769,-0.04448761029472159,-1.8543740645506261,0.0,0.0,0.0,0.0,0.0
15.660781621932983,L2,drive,2.0,0.35,0.2725,7152.0,7374.0,9.02,0.144,16.5,0.85438155906058,-0.4980511229064426,-1.2796219774068334,0.0,0.0,0.0,0.0,0.0
15.680588483810425,L2,drive,2.0,0.35,0.2725,7152.0,7367.0,9.22,0.147,16.4,0.7889940966593277,-0.2687485678710573,-1.654486988921036,0.0,0.0,0.0,0.0,0.0
15.700614213943481,L2,drive,2.0,0.35,0.2725,7152.0,7362.0,9.16,0.146,16.4,0.7639850832316935,-0.1385819679078475,-1.740118881092684,0.0,0.0,0.0,0.0,0.0
15.720564365386963,L2,drive,2.0,0.35,0.2725,7152.0,7347.0,9.2,0.146,16.5,1.0658145785338784,0.6902754586408051,-4.725770763240973,0.0,0.0,0.0,0.0,0.0
15.740630865097046,L2,drive,2.0,0.35,0.2725,7152.0,7363.0,8.73,0.145,16.5,1.4314601380361145,1.0485759653147966,-6.156015560494211,0.0,0.0,0.0,0.0,0.0
15.76042366027832,L2,drive,2.0,0.35,0.2725,7152.0,7309.0,9.72,0.143,16.5,1.650607536239045,1.0684939946555332,-5.051542550037141,0.0,0.0,0.0,0.0,0.0
15.780616760253906,L2,drive,2.0,0.35,0.2725,7152.0,7235.0,11.1,0.142,16.4,1.8593871151602432,0.69097858635309,-6.02590097334371,0.0,0.0,0.0,0.0,0.0
15.8007493019104,L2,drive,2.0,0.35,0.2725,7152.0,7203.0,11.28,0.144,16.4,2.0822982257737284,0.9511958469516912,-5.441165934489447,0.0,0.0,0.0,0.0,0.0
15.820762634277344,L2,drive,2.0,0.35,0.2725,7152.0,7202.0,10.78,0.144,16.4,2.122342581188596,0.285846667707478,-3.8006657783681703,0.0,0.0,0.0,0.0,0.0
15.840614557266235,L2,drive,2.0,0.35,0.2725,7152.0,7178.0,11.2,0.144,16.4,2.0306813701580304,0.5046147689374827,-4.099108847478874,0.0,0.0,0.0,0.0,0.0
15.860286712646484,L2,drive,2.0,0.35,0.2725,7152.0,7170.0,11.13,0.143,16.5,1.9971170183075442,0.4847817800430292,-4.0178325464330555,0.0,0.0,0.0,0.0,0.0
15.880797386169434,L2,drive,2.0,0.35,0.2725,7152.0,7140.0,11.68,0.144,16.4,1.9822489894157953,0.29357215553836014,-4.074122232123187,0.0,0.0,0.0,0.0,0.0
15.900767803192139,L2,drive,2.0,0.35,0.2725,7152.0,7154.0,11.39,0.146,16.4,2.048435599881153,0.4776325718844454,-4.502165333384966,0.0,0.0,0.0,0.0,0.0
15.920708894729614,L2,drive,2.0,0.35,0.2725,7152.0,7157.0,11.2,0.144,16.4,2.079142779356148,0.2046608157826526,-4.266338345210187,0.0,0.0,0.0,0.0,0.0
15.94079065322876,L2,drive,2.0,0.35,0.2725,7152.0,7165.0,11.08,0.142,16.5,2.0734662514926443,0.4493147610839614,-4.17415113929016,0.0,0.0,0.0,0.0,0.0
15.960401773452759,L2,drive,2.0,0.35,0.2725,7152.0,7136.0,11.68,0.144,16.4,2.080236006983626,0.2817311047944493,-3.6759706832769723,0.0,0.0,0.0,0.0,0.0
15.98058533668518,L2,drive,2.0,0.35,0.2725,7152.0,7114.0,12.02,0.147,16.4,1.9735620242560656,0.44736299696078063,-4.578057810388486,0.0,0.0,0.0,0.0,0.0
16.00130820274353,L2,drive,2.0,0.35,0.2725,7152.0,7142.0,11.32,0.142,16.4,2.022381894936908,0.48502100426364336,-4.536198176463529,0.0,0.0,0.0,0.0,0.0
16.020694732666016,L2,drive,2.0,0.35,0.2725,7152.0,7142.0,11.32,0.142,16.4,1.999280703535179,0.014518586836586689,-3.953551470768872,0.0,0.0,0.0,0.0,0.0
16.0407612323761,R2,drive,2.0,0.15,0.40249999999999997,7152.0,7124.0,11.87,0.145,16.4,1.9757812363924285,0.25113894627845923,-3.7434548638125875,0.0,0.0,0.0,0.0,0.0
16.060530185699463,R2,drive,2.0,0.15,0.40249999999999997,7152.0,7129.0,11.56,0.144,16.4,1.9578822638640607,0.003576390221024628,-3.8809156006622914,0.0,0.0,0.0,0.0,0.0
16.080628633499146,R2,drive,2.0,0.15,0.40249999999999997,7152.0,7120.0,11.75,0.145,16.4,1.9970750735203755,0.8671593676390614,-4.6488138005823885,0.0,0.0,0.0,0.0,0.0
16.10075807571411,R2,drive,2.0,0.15,0.40249999999999997,7152.0,7133.0,11.59,0.145,16.4,2.1616340609632982,0.5622743111331907,-3.9564660155355114,0.0,0.0,0.0,0.0,0.0
16.12051010131836,R2,drive,2.0,0.15,0.40249999999999997,7152.0,7147.0,11.39,0.147,16.4,2.0291866709962236,-0.6525433013312778,-2.2821090175343386,0.0,0.0,0.0,0.0,0.0
16.140747547149658,R2,drive,2.0,0.15,0.40249999999999997,7152.0,7160.0,11.09,0.143,16.4,1.3086559212181625,-1.2576760605008843,2.2872171453468297,0.0,0.0,0.0,0.0,0.0
16.160540342330933,R2,drive,2.0,0.15,0.40249999999999997,7152.0,7176.0,10.96,0.145,16.4,0.789217402716731,-0.6128918684919284,0.6124661180840221,0.0,0.0,0.0,0.0,0.0
16.180599689483643,R2,drive,2.0,0.15,0.40249999999999997,7152.0,7197.0,10.63,0.147,16.5,0.7300052116721272,-0.3384449329081143,-0.8407861581222775,0.0,0.0,0.0,0.0,0.0
16.20074224472046,R2,drive,2.0,0.15,0.40249999999999997,7152.0,7219.0,10.44,0.148,16.5,0.8302928675266499,-0.34107088102486216,-1.3166977116410976,0.0,0.0,0.0,0.0,0.0
16.22045874595642,R2,drive,2.0,0.15,0.40249999999999997,7152.0,7238.0,10.08,0.143,16.5,0.8638385106704787,-0.5223494844052965,-1.6709863703941323,0.0,0.0,0.0,0.0,0.0
16.240672826766968,R2,drive,2.0,0.15,0.40249999999999997,7152.0,7245.0,10.15,0.146,16.5,0.8751926316619225,-0.20274552366866416,-1.6366678908187282,0.0,0.0,0.0,0.0,0.0
16.260722160339355,R2,drive,2.0,0.15,0.40249999999999997,7152.0,7260.0,9.82,0.145,16.5,0.9362550538738589,-0.3755828303564428,-1.6021280941214116,0.0,0.0,0.0,0.0,0.0
16.280734300613403,R2,drive,2.0,0.15,0.40249999999999997,7152.0,7258.0,9.95,0.146,16.5,0.938633922517572,-0.40236753769237055,-1.9642245402691572,0.0,0.0,0.0,0.0,0.0
16.30078673362732,R2,drive,2.0,0.15,0.40249999999999997,7152.0,7287.0,9.47,0.146,16.5,0.9082104362776976,-0.1853282023890621,-2.489691321652515,0.0,0.0,0.0,0.0,0.0
16.320460557937622,R2,drive,2.0,0.15,0.40249999999999997,7152.0,7280.0,9.63,0.143,16.5,0.8823181854745386,-0.4720656934392977,-1.5437047593484294,0.0,0.0,0.0,0.0,0.0
16.34072971343994,R2,drive,2.0,0.15,0.40249999999999997,7152.0,7280.0,9.78,0.146,16.5,0.8044096048921697,-0.28247245868069726,-1.5228123645677272,0.0,0.0,0.0,0.0,0.0
16.360596895217896,R2,drive,2.0,0.15,0.40249999999999997,7152.0,7287.0,9.38,0.145,16.5,0.8662155151014289,-0.2092206209238796,-1.8334448323097376,0.0,0.0,0.0,0.0,0.0
16.380730390548706,R2,drive,2.0,0.15,0.40249999999999997,7152.0,7303.0,9.18,0.145,16.5,0.8736338834758991,-0.25123166119561446,-2.1946393454045108,0.0,0.0,0.0,0.0,0.0
16.400912046432495,R2,drive,2.0,0.15,0.40249999999999997,7152.0,7305.0,9.23,0.145,16.5,0.8713506223153197,-0.3023598997732435,-1.718970670616244,0.0,0.0,0.0,0.0,0.0
16.42048168182373,R2,drive,2.0,0.15,0.40249999999999997,7152.0,7294.0,9.43,0.144,16.5,0.8851951318211237,-0.1739800354006391,-1.5195066410572053,0.0,0.0,0.0,0.0,0.0
16.44086265563965,L3,drive,2.0,0.35,0.2725,7152.0,7309.0,9.03,0.145,16.5,0.9258605364021978,0.0008107667344039449,-1.90177364318248,0.0,0.0,0.0,0.0,0.0
16.46064043045044,L3,drive,2.0,0.35,0.2725,7152.0,7321.0,8.84,0.147,16.5,0.9243102437526354,-0.0717090224320982,-2.0935266567699955,0.0,0.0,0.0,0.0,0.0
16.4807186126709,L3,drive,2.0,0.35,0.2725,7152.0,7318.0,8.92,0.144,16.4,0.8698394781337814,-0.2717405151582071,-1.7450852139195376,0.0,0.0,0.0,0.0,0.0
16.501140832901,L3,drive,2.0,0.35,0.2725,7152.0,7299.0,9.33,0.145,16.4,0.8172849234982666,-0.5687586908436515,-1.5965980896815495,0.0,0.0,0.0,0.0,0.0
16.52045178413391,L3,drive,2.0,0.35,0.2725,7152.0,7228.0,10.1,0.14,16.5,0.9853404417153817,0.5938197851118971,-4.420854826126117,0.0,0.0,0.0,0.0,0.0
16.540664434432983,L3,drive,2.0,0.35,0.2725,7152.0,7274.0,9.68,0.15,16.5,1.4785421629476252,1.897438078771117,-6.712134909442852,0.0,0.0,0.0,0.0,0.0
16.560632467269897,L3,drive,2.0,0.35,0.2725,7152.0,7256.0,9.17,0.142,16.5,1.8087277991144832,0.7056847728892635,-5.800693698691191,0.0,0.0,0.0,0.0,0.0
16.58055305480957,L3,drive,2.0,0.35,0.2725,7152.0,7204.0,10.66,0.142,16.5,1.9680566044925993,0.7385385979712709,-4.962595286448732,0.0,0.0,0.0,0.0,0.0
16.600595712661743,L3,drive,2.0,0.35,0.2725,7152.0,7167.0,11.02,0.142,16.5,1.94841712303381,0.33644036111631337,-4.211991397003686,0.0,0.0,0.0,0.0,0.0
16.620431900024414,L3,drive,2.0,0.35,0.2725,7152.0,7150.0,10.99,0.142,16.5,2.0032370956506007,0.7685544037247638,-4.156481729914958,0.0,0.0,0.0,0.0,0.0
16.640629529953003,L3,drive,2.0,0.35,0.2725,7152.0,7135.0,11.08,0.144,16.5,2.0399772671010066,0.401600711871847,-4.261425806769637,0.0,0.0,0.0,0.0,0.0
16.660717487335205,L3,drive,2.0,0.35,0.2725,7152.0,7122.0,11.1,0.144,16.4,2.054625718360879,-0.06533347402762413,-3.6705775036892305,0.0,0.0,0.0,0.0,0.0
16.680738925933838,L3,drive,2.0,0.35,0.2725,7152.0,7115.0,11.38,0.143,16.4,1.9857457199270692,0.17159674674384817,-4.056567720540471,0.0,0.0,0.0,0.0,0.0
16.700576066970825,L3,drive,2.0,0.35,0.2725,7152.0,7110.0,11.36,0.142,16.4,1.9450466263582058,0.3339684871385984,-4.111967167609436,0.0,0.0,0.0,0.0,0.0
16.720539808273315,L3,drive,2.0,0.35,0.2725,7152.0,7103.0,11.48,0.143,16.4,2.056988741196106,0.673434380488402,-4.1754843045159475,0.0,0.0,0.0,0.0,0.0
16.74063539505005,L3,drive,2.0,0.35,0.2725,7152.0,7098.0,11.46,0.144,16.4,2.005232602255397,0.07421506607774386,-4.367182061913184,0.0,0.0,0.0,0.0,0.0
16.760735988616943,L3,drive,2.0,0.35,0.2725,7152.0,7103.0,11.33,0.144,16.4,1.9422119576939256,0.321145140668154,-4.051537653060279,0.0,0.0,0.0,0.0,0.0
16.780771493911743,L3,drive,2.0,0.35,0.2725,7152.0,7102.0,11.42,0.144,16.4,1.9256878420783108,0.18301559195449357,-3.8682379595031193,0.0,0.0,0.0,0.0,0.0
16.80074906349182,L3,drive,2.0,0.35,0.2725,7152.0,7094.0,11.58,0.142,16.5,1.9776341307208514,0.19619046573598098,-3.891364575480196,0.0,0.0,0.0,0.0,0.0
16.82099485397339,L3,drive,2.0,0.35,0.2725,7152.0,7116.0,11.19,0.144,16.4,2.0152882990573726,0.14815379638644188,-3.922330553817858,0.0,0.0,0.0,0.0,0.0
16.84080410003662,R3,drive,2.0,0.15,0.40249999999999997,7152.0,7116.0,11.19,0.144,16.4,2.001604178428219,0.6415500968932406,-4.889917901109243,0.0,0.0,0.0,0.0,0.0
16.860594511032104,R3,drive,2.0,0.15,0.40249999999999997,7152.0,7099.0,11.36,0.144,16.4,2.0639715495742936,0.3773150680675812,-3.600479032923573,0.0,0.0,0.0,0.0,0.0
16.880850553512573,R3,drive,2.0,0.15,0.40249999999999997,7152.0,7096.0,11.6,0.146,16.4,2.0076680630722743,0.37489936390763035,-4.089615015378655,0.0,0.0,0.0,0.0,0.0
16.90076208114624,R3,drive,2.0,0.15,0.40249999999999997,7152.0,7104.0,11.49,0.144,16.4,1.9429255517080122,0.3854465719526985,-3.865759324682017,0.0,0.0,0.0,0.0,0.0
16.920403480529785,R3,drive,2.0,0.15,0.40249999999999997,7152.0,7116.0,11.31,0.144,16.4,1.880082806307358,-0.6092945881784644,-1.8579619162284473,0.0,0.0,0.0,0.0,0.0
16.94074034690857,R3,drive,2.0,0.15,0.40249999999999997,7152.0,7127.0,11.12,0.144,16.4,1.155010168448221,-0.9218201651591329,2.104220045212628,0.0,0.0,0.0,0.0,0.0
16.960737943649292,R3,drive,2.0,0.15,0.40249999999999997,7152.0,7128.0,11.11,0.144,16.5,0.7903061695493826,-0.7913743332277505,0.7057871722577573,0.0,0.0,0.0,0.0,0.0
16.98074984550476,R3,drive,2.0,0.15,0.40249999999999997,7152.0,7174.0,10.41,0.147,16.5,0.749495289793763,-0.40325368326240607,-0.9791796720888399,0.0,0.0,0.0,0.0,0.0
17.000697374343872,R3,drive,2.0,0.15,0.40249999999999997,7152.0,7189.0,10.34,0.145,16.5,0.863025580747732,-0.28908544059591534,-1.525026412869238,0.0,0.0,0.0,0.0,0.0
17.020508289337158,R3,drive,2.0,0.15,0.40249999999999997,7152.0,7206.0,10.17,0.145,16.5,0.9114816636236692,-0.48591467812415345,-2.162595725176004,0.0,0.0,0.0,0.0,0.0
17.04071307182312,R3,drive,2.0,0.15,0.40249999999999997,7152.0,7221.0,9.92,0.142,16.5,0.872771152440768,-0.24693479804450646,-1.8034673258204066,0.0,0.0,0.0,0.0,0.0
17.060948610305786,R3,drive,2.0,0.15,0.40249999999999997,7152.0,7247.0,9.55,0.145,16.5,0.8413760784562053,-0.3804142021312451,-1.7804658402636448,0.0,0.0,0.0,0.0,0.0
17.080817937850952,R3,drive,2.0,0.15,0.40249999999999997,7152.0,7247.0,9.55,0.145,16.5,0.8070268264534451,-0.1652577799838646,-1.6287759035150202,0.0,0.0,0.0,0.0,0.0
17.100738048553467,R3,drive,2.0,0.15,0.40249999999999997,7152.0,7251.0,9.58,0.145,16.5,0.8681688771819748,-0.28608070252397866,-1.397601837394717,0.0,0.0,0.0,0.0,0.0
17.120473623275757,R3,drive,2.0,0.15,0.40249999999999997,7152.0,7249.0,9.79,0.144,16.5,0.850524968907009,-0.48039468704152455,-1.6738462436920827,0.0,0.0,0.0,0.0,0.0
17.14064884185791,R3,drive,2.0,0.15,0.40249999999999997,7152.0,7253.0,9.49,0.144,16.4,0.8353036051176338,-0.4213016633222004,-1.748621317736621,0.0,0.0,0.0,0.0,0.0
17.160681009292603,R3,drive,2.0,0.15,0.40249999999999997,7152.0,7255.0,9.49,0.145,16.5,0.8428903518520243,-0.12521130375637224,-1.8376451798533537,0.0,0.0,0.0,0.0,0.0
17.180696964263916,R3,drive,2.0,0.15,0.40249999999999997,7152.0,7266.0,9.28,0.144,16.5,0.9236862651092298,-0.2168048254005157,-1.6531620097975122,0.0,0.0,0.0,0.0,0.0
17.20073175430298,R3,drive,2.0,0.15,0.40249999999999997,7152.0,7274.0,9.29,0.145,16.5,0.8771804816785849,-0.2934128919952137,-2.3455109642875698,0.0,0.0,0.0,0.0,0.0
17.220603466033936,R3,drive,2.0,0.15,0.40249999999999997,7152.0,7279.0,9.12,0.143,16.5,0.8483114825669896,-0.4318651339364976,-1.6029502126773139,0.0,0.0,0.0,0.0,0.0
17.240466594696045,R3,drive,2.0,0.15,0.40249999999999997,7152.0,7271.0,9.22,0.144,16.5,0.796304407272568,-0.1595130365399804,-1.7962080072773574,0.0,0.0,0.0,0.0,0.0
17.26059651374817,L4,drive,2.0,0.35,0.2725,7152.0,7271.0,9.22,0.144,16.5,0.8207255944685946,-0.19334912080342193,-1.5014916612221612,0.0,0.0,0.0,0.0,0.0
17.280606985092163,L4,drive,2.0,0.35,0.2725,7152.0,7281.0,9.09,0.146,16.4,0.8633015508156915,-0.43581215085113456,-1.574017018948183,0.0,0.0,0.0,0.0,0.0
17.300699710845947,L4,drive,2.0,0.35,0.2725,7152.0,7276.0,9.07,0.144,16.4,0.8188196366554521,-0.34139346461718745,-1.8304016487932415,0.0,0.0,0.0,0.0,0.0
17.320446252822876,L4,drive,2.0,0.35,0.2725,7152.0,7278.0,9.03,0.144,16.4,0.7959436821029168,-0.32768572674147833,-1.4632190018926394,0.0,0.0,0.0,0.0,0.0
17.34063220024109,L4,drive,2.0,0.35,0.2725,7152.0,7173.0,10.4,0.135,16.4,1.0881527077042723,0.8511447934544876,-4.634121501183984,0.0,0.0,0.0,0.0,0.0
17.360661506652832,L4,drive,2.0,0.35,0.2725,7152.0,7148.0,11.65,0.151,16.4,1.5532179988617743,2.017559627763717,-6.8067551418999415,0.0,0.0,0.0,0.0,0.0
17.380743980407715,L4,drive,2.0,0.35,0.2725,7152.0,7244.0,8.37,0.141,16.5,1.8012501754057588,1.287374508611265,-5.694841549206842,0.0,0.0,0.0,0.0,0.0
17.400792837142944,L4,drive,2.0,0.35,0.2725,7152.0,7177.0,10.52,0.142,16.4,1.941196893844442,0.6569304674229812,-5.014226787590076,0.0,0.0,0.0,0.0,0.0
17.42221450805664,L4,drive,2.0,0.35,0.2725,7152.0,7136.0,11.13,0.143,16.4,1.9666651028230329,0.13243464364907087,-3.9757287912441654,0.0,0.0,0.0,0.0,0.0
17.440611362457275,L4,drive,2.0,0.35,0.2725,7152.0,7110.0,11.2,0.142,16.4,1.9758197190701803,0.3757692834535362,-4.020159738362281,0.0,0.0,0.0,0.0,0.0
17.4606192111969,L4,drive,2.0,0.35,0.2725,7152.0,7100.0,11.26,0.144,16.4,2.009942668959311,0.45584778232171175,-4.724204878822263,0.0,0.0,0.0,0.0,0.0
17.48070001602173,L4,drive,2.0,0.35,0.2725,7152.0,7091.0,11.24,0.141,16.4,2.069693617492438,0.6016031969253142,-4.143045997214017,0.0,0.0,0.0,0.0,0.0
17.500693798065186,L4,drive,2.0,0.35,0.2725,7152.0,7076.0,11.7,0.144,16.4,2.077049534739346,0.2562802204960981,-4.051033623049477,0.0,0.0,0.0,0.0,0.0
17.52072501182556,L4,drive,2.0,0.35,0.2725,7152.0,7079.0,11.39,0.14,16.4,2.0184649176056193,0.06943809625152264,-3.985474053628195,0.0,0.0,0.0,0.0,0.0
17.540560245513916,L4,drive,2.0,0.35,0.2725,7152.0,7070.0,11.68,0.142,16.4,2.0296280899469044,0.7027489588747784,-4.35847175674391,0.0,0.0,0.0,0.0,0.0
17.56065082550049,L4,drive,2.0,0.35,0.2725,7152.0,7071.0,11.56,0.144,16.4,2.0804019219195373,0.7910985639077452,-4.60706584848117,0.0,0.0,0.0,0.0,0.0
17.58075737953186,L4,drive,2.0,0.35,0.2725,7152.0,7069.0,11.49,0.145,16.4,2.093336362701834,-0.028869705755213637,-3.7380637307504117,0.0,0.0,0.0,0.0,0.0
17.60073709487915,L4,drive,2.0,0.35,0.2725,7152.0,7082.0,11.39,0.143,16.4,2.006328892518128,0.15666584439151876,-4.214766778031844,0.0,0.0,0.0,0.0,0.0
17.62066102027893,L4,drive,2.0,0.35,0.2725,7152.0,7081.0,11.54,0.141,16.4,2.0251270813885616,0.48490687391824494,-4.00493066454402,0.0,0.0,0.0,0.0,0.0
17.640764474868774,R4,drive,2.0,0.15,0.40249999999999997,7152.0,7054.0,12.04,0.141,16.4,2.06816696039755,0.5873464785665519,-4.013689501605285,0.0,0.0,0.0,0.0,0.0
17.66053009033203,R4,drive,2.0,0.15,0.40249999999999997,7152.0,7051.0,12.02,0.144,16.4,2.041949737362374,0.23092716742881692,-4.324385996361428,0.0,0.0,0.0,0.0,0.0
17.68048644065857,R4,drive,2.0,0.15,0.40249999999999997,7152.0,7064.0,11.54,0.143,16.4,1.9977858712153174,0.1875805864998341,-3.873079454270453,0.0,0.0,0.0,0.0,0.0
17.70089101791382,R4,drive,2.0,0.15,0.40249999999999997,7152.0,7085.0,11.42,0.144,16.4,1.9852804656846326,0.43647694275415816,-3.825225839323764,0.0,0.0,0.0,0.0,0.0
17.72082495689392,R4,drive,2.0,0.15,0.40249999999999997,7152.0,7085.0,11.42,0.144,16.4,1.9443994782133167,-0.5616511075532742,-1.750445649098225,0.0,0.0,0.0,0.0,0.0
17.74113702774048,R4,drive,2.0,0.15,0.40249999999999997,7152.0,7103.0,11.27,0.143,16.4,1.298949098518987,-1.0713685590834388,2.252470941928152,0.0,0.0,0.0,0.0,0.0
17.76077437400818,R4,drive,2.0,0.15,0.40249999999999997,7152.0,7127.0,10.88,0.145,16.4,0.8058957153594611,-0.80145931885572,0.3703700739243949,0.0,0.0,0.0,0.0,0.0
17.780582904815674,R4,drive,2.0,0.15,0.40249999999999997,7152.0,7142.0,10.65,0.144,16.4,0.7821472426547885,-0.5427587895171477,-0.8606608449751363,0.0,0.0,0.0,0.0,0.0
17.800575494766235,R4,drive,2.0,0.15,0.40249999999999997,7152.0,7156.0,10.58,0.145,16.4,0.8157432861222471,-0.4459533793870669,-1.545405422093694,0.0,0.0,0.0,0.0,0.0
17.820615530014038,R4,drive,2.0,0.15,0.40249999999999997,7152.0,7175.0,10.35,0.145,16.4,0.7775779240144851,-0.6566027309716418,-1.2664572631629767,0.0,0.0,0.0,0.0,0.0
17.840619325637817,R4,drive,2.0,0.15,0.40249999999999997,7152.0,7191.0,10.21,0.143,16.4,0.7837778961902441,-0.46737385085397065,-1.5783553607871,0.0,0.0,0.0,0.0,0.0
17.860589742660522,R4,drive,2.0,0.15,0.40249999999999997,7152.0,7202.0,10.11,0.146,16.4,0.7959419510482083,-0.3096921988797767,-1.4502142090037182,0.0,0.0,0.0,0.0,0.0
17.880709648132324,R4,drive,2.0,0.15,0.40249999999999997,7152.0,7225.0,9.62,0.144,16.4,0.8403565538118958,-0.28846918058488313,-1.6162947288101748,0.0,0.0,0.0,0.0,0.0
17.900622606277466,R4,drive,2.0,0.15,0.40249999999999997,7152.0,7236.0,9.58,0.147,16.4,0.8197153243090731,-0.37285729684385416,-1.359407823119085,0.0,0.0,0.0,0.0,0.0
17.92077112197876,R4,drive,2.0,0.15,0.40249999999999997,7152.0,7256.0,9.37,0.145,16.4,0.8134445786273452,-0.33994726539898323,-2.0541035577116418,0.0,0.0,0.0,0.0,0.0
17.941092014312744,R4,drive,2.0,0.15,0.40249999999999997,7152.0,7251.0,9.43,0.143,16.4,0.8566458451983926,-0.18937312362496783,-1.9397659285094733,0.0,0.0,0.0,0.0,0.0
17.961024045944214,R4,drive,2.0,0.15,0.40249999999999997,7152.0,7252.0,9.48,0.143,16.5,0.8280831096121566,-0.2872604514225223,-1.8433444611935954,0.0,0.0,0.0,0.0,0.0
17.980475902557373,R4,drive,2.0,0.15,0.40249999999999997,7152.0,7258.0,9.3,0.143,16.5,0.770668752040438,-0.3885202706271862,-1.7049844225380753,0.0,0.0,0.0,0.0,0.0
18.00063395500183,R4,drive,2.0,0.15,0.40249999999999997,7152.0,7260.0,9.38,0.145,16.4,0.7726004093580997,-0.16545355208130275,-1.5256359851270815,0.0,0.0,0.0,0.0,0.0
18.020546674728394,R4,drive,2.0,0.15,0.40249999999999997,7152.0,7257.0,9.31,0.145,16.5,0.7913528584368109,-0.3484031070411966,-1.4311429296158735,0.0,0.0,0.0,0.0,0.0
18.040689706802368,L5,drive,2.0,0.35,0.2725,7152.0,7263.0,9.21,0.144,16.5,0.8278313077310896,-0.2656859058165857,-1.5553901279689342,0.0,0.0,0.0,0.0,0.0
18.060552835464478,L5,drive,2.0,0.35,0.2725,7152.0,7285.0,8.8,0.143,16.5,0.8189682410442787,-0.24968759420124087,-1.6124975468030414,0.0,0.0,0.0,0.0,0.0
18.08058500289917,L5,drive,2.0,0.35,0.2725,7152.0,7274.0,9.0,0.146,16.4,0.8329670141562256,-0.25199095872566346,-1.5076446865164428,0.0,0.0,0.0,0.0,0.0
18.10074496269226,L5,drive,2.0,0.35,0.2725,7152.0,7272.0,9.09,0.143,16.4,0.8178453857496739,-0.14108278560428023,-2.0067376005712276,0.0,0.0,0.0,0.0,0.0
18.120700359344482,L5,drive,2.0,0.35,0.2725,7152.0,7276.0,9.1,0.145,16.4,1.0435039465017395,0.4960321158003822,-4.457034182162516,0.0,0.0,0.0,0.0,0.0
18.140517711639404,L5,drive,2.0,0.35,0.2725,7152.0,7088.0,11.75,0.131,16.4,1.3703981152983415,1.300141758354144,-5.9516752452332184,0.0,0.0,0.0,0.0,0.0
18.160714387893677,L5,drive,2.0,0.35,0.2725,7152.0,7088.0,11.75,0.131,16.4,1.665843081361225,1.2189267799851038,-6.055907131190963,0.0,0.0,0.0,0.0,0.0
18.180290937423706,L5,drive,2.0,0.35,0.2725,7152.0,7033.0,13.28,0.15,16.4,1.977473408949065,1.5123078411987478,-5.89497420790434,0.0,0.0,0.0,0.0,0.0
18.20052981376648,L5,drive,2.0,0.35,0.2725,7152.0,7132.0,9.57,0.141,16.4,2.041024155725517,0.3046974339655968,-4.559756024613421,0.0,0.0,0.0,0.0,0.0
18.22072720527649,L5,drive,2.0,0.35,0.2725,7152.0,7115.0,10.94,0.142,16.4,2.018562921933734,0.5157816722329258,-3.683111303337199,0.0,0.0,0.0,0.0,0.0
18.240763187408447,L5,drive,2.0,0.35,0.2725,7152.0,7092.0,11.33,0.14,16.4,2.0282608230432575,0.4526854983263,-3.794966789388724,0.0,0.0,0.0,0.0,0.0
18.260725021362305,L5,drive,2.0,0.35,0.2725,7152.0,7058.0,11.87,0.141,16.4,2.1119824850740243,0.7788642148041873,-4.333545660072815,0.0,0.0,0.0,0.0,0.0
18.28048038482666,L5,drive,2.0,0.35,0.2725,7152.0,7049.0,11.91,0.142,16.4,2.1438160485320683,0.5442807832714891,-4.884364800166566,0.0,0.0,0.0,0.0,0.0
18.300543308258057,L5,drive,2.0,0.35,0.2725,7152.0,7041.0,11.85,0.143,16.4,2.0998935979378275,0.2182995930558107,-4.094065331402106,0.0,0.0,0.0,0.0,0.0
18.321013689041138,L5,drive,2.0,0.35,0.2725,7152.0,7045.0,11.73,0.144,16.4,2.041312709229627,0.37298929774285483,-4.305603861799966,0.0,0.0,0.0,0.0,0.0
18.340823650360107,L5,drive,2.0,0.35,0.2725,7152.0,7058.0,11.66,0.144,16.4,2.0825296544724563,0.21499776159837403,-3.904717862436911,0.0,0.0,0.0,0.0,0.0
18.36077356338501,L5,drive,2.0,0.35,0.2725,7152.0,7045.0,11.91,0.143,16.4,2.029935818210863,-0.04985522658543928,-3.8464567879052254,0.0,0.0,0.0,0.0,0.0
18.380584716796875,L5,drive,2.0,0.35,0.2725,7152.0,7033.0,12.16,0.143,16.4,2.0202120844387657,0.3947468612065421,-4.488127337446059,0.0,0.0,0.0,0.0,0.0
18.40064287185669,L5,drive,2.0,0.35,0.2725,7152.0,7039.0,12.0,0.145,16.4,2.072475022934917,0.8828767570753868,-4.562284945491285,0.0,0.0,0.0,0.0,0.0
18.4206063747406,L5,drive,2.0,0.35,0.2725,7152.0,7059.0,11.59,0.144,16.4,2.122240848434955,0.4943612007660221,-3.893292402563276,0.0,0.0,0.0,0.0,0.0
18.440552711486816,L5,drive,2.0,0.35,0.2725,7152.0,7057.0,11.73,0.143,16.4,2.017693932470041,-0.14357081251592607,-3.3238650825811646,0.0,0.0,0.0,0.0,0.0
18.46054768562317,R5,drive,2.0,0.15,0.40249999999999997,7152.0,7051.0,12.05,0.144,16.4,1.9945043241201217,0.4498348709384956,-4.227819810451962,0.0,0.0,0.0,0.0,0.0
18.48054528236389,R5,drive,2.0,0.15,0.40249999999999997,7152.0,7055.0,11.9,0.141,16.4,2.097078769823668,0.5419774187470665,-4.563960757568964,0.0,0.0,0.0,0.0,0.0
18.500738859176636,R5,drive,2.0,0.15,0.40249999999999997,7152.0,7059.0,11.95,0.144,16.4,2.118513754489389,0.1251603142064468,-4.017911191486945,0.0,0.0,0.0,0.0,0.0
18.52073907852173,R5,drive,2.0,0.15,0.40249999999999997,7152.0,7068.0,11.57,0.143,16.4,2.0059175672877654,0.21158532639763017,-4.088618357428061,0.0,0.0,0.0,0.0,0.0
18.540862321853638,R5,drive,2.0,0.15,0.40249999999999997,7152.0,7091.0,11.4,0.146,16.4,1.9430347413127054,-0.3787433236419844,-2.052016393995217,0.0,0.0,0.0,0.0,0.0
18.560784101486206,R5,drive,2.0,0.15,0.40249999999999997,7152.0,7120.0,10.96,0.144,16.4,1.2989995654216442,-1.0686302347860632,2.4984872885347613,0.0,0.0,0.0,0.0,0.0
18.580503225326538,R5,drive,2.0,0.15,0.40249999999999997,7152.0,7123.0,11.08,0.144,16.4,0.8072196393163669,-0.9675116989356454,0.5325021515573383,0.0,0.0,0.0,0.0,0.0
18.600666761398315,R5,drive,2.0,0.15,0.40249999999999997,7152.0,7155.0,10.67,0.144,16.4,0.7241372691052738,-0.42814286938311596,-0.8607416827349894,0.0,0.0,0.0,0.0,0.0
18.620787620544434,R5,drive,2.0,0.15,0.40249999999999997,7152.0,7183.0,10.12,0.144,16.5,0.8313902230538169,-0.32469374290922914,-1.6648120027618063,0.0,0.0,0.0,0.0,0.0
18.64106559753418,R5,drive,2.0,0.15,0.40249999999999997,7152.0,7186.0,10.32,0.145,16.4,0.8988872419335482,-0.3811028945292705,-1.626245228472385,0.0,0.0,0.0,0.0,0.0
18.66067361831665,R5,drive,2.0,0.15,0.40249999999999997,7152.0,7208.0,10.05,0.146,16.5,0.9023559426743493,-0.3796694130056544,-2.274765206721497,0.0,0.0,0.0,0.0,0.0
18.681520700454712,R5,drive,2.0,0.15,0.40249999999999997,7152.0,7215.0,9.87,0.143,16.5,0.9113762690235294,-0.5727184254528765,-1.9589526904113939,0.0,0.0,0.0,0.0,0.0
18.70046901702881,R5,drive,2.0,0.15,0.40249999999999997,7152.0,7237.0,9.72,0.146,16.5,0.8809527827836549,0.0941186235591216,-2.2413398893752117,0.0,0.0,0.0,0.0,0.0
18.720699548721313,R5,drive,2.0,0.15,0.40249999999999997,7152.0,7246.0,9.42,0.143,16.5,0.9126477287069603,-0.3381929544478126,-1.6911569263716615,0.0,0.0,0.0,0.0,0.0
18.741134643554688,R5,drive,2.0,0.15,0.40249999999999997,7152.0,7240.0,9.72,0.145,16.5,0.8348943438371159,-0.5652194441480205,-1.4472961559075372,0.0,0.0,0.0,0.0,0.0
18.76073932647705,R5,drive,2.0,0.15,0.40249999999999997,7152.0,7248.0,9.57,0.145,16.5,0.8193024011820562,-0.29023796339541263,-1.6811657885589284,0.0,0.0,0.0,0.0,0.0
18.78202223777771,R5,drive,2.0,0.15,0.40249999999999997,7152.0,7255.0,9.43,0.146,16.5,0.8629964191337955,-0.13859643976720637,-1.7246541644735487,0.0,0.0,0.0,0.0,0.0
18.800637006759644,R5,drive,2.0,0.15,0.40249999999999997,7152.0,7263.0,9.21,0.143,16.5,0.9075035001663362,-0.33417529585605266,-1.170319312728175,0.0,0.0,0.0,0.0,0.0
18.820566654205322,R5,drive,2.0,0.15,0.40249999999999997,7152.0,7252.0,9.46,0.146,16.5,0.865337803785166,-0.4042087528898932,-1.6356314717999965,0.0,0.0,0.0,0.0,0.0
18.840659141540527,brake,stop,0.0,0.0,0.5,0.0,7268.0,9.14,0.144,16.5,0.8676588152541973,-0.16069106781885267,-1.9445697087342353,0.0,0.0,0.0,0.0,0.0
18.86076784133911,brake,stop,0.0,0.0,0.5,0.0,7271.0,9.18,0.145,16.5,0.8820180472196866,-0.03827893595034215,-2.161708117801993,0.0,0.0,0.0,0.0,0.0
18.880638122558594,brake,stop,0.0,0.0,0.5,0.0,7190.0,5.5,0.112,16.4,0.8809314109159071,-0.2802942245765898,-1.942338411145812,0.0,0.0,0.0,0.0,0.0
18.900548696517944,brake,stop,0.0,0.0,0.5,0.0,6933.0,0.41,0.1,16.5,0.8754160042983529,0.6776459839226305,-1.4493958911381526,0.0,0.0,0.0,0.0,0.0
18.920583724975586,brake,stop,0.0,0.0,0.5,0.0,6662.0,-2.13,0.095,16.5,0.6974599849917865,1.0285469119621098,0.91166216242258,0.0,0.0,0.0,0.0,0.0
18.940536737442017,brake,stop,0.0,0.0,0.5,0.0,6620.0,-9.77,0.085,16.5,0.22467683635047833,2.9051307490362888,2.5904800745260275,0.0,0.0,0.0,0.0,0.0
18.96063780784607,brake,stop,0.0,0.0,0.5,0.0,6534.0,-15.97,0.076,16.5,-0.011538772722040689,3.8031371041693944,1.7453477539135633,0.0,0.0,0.0,0.0,0.0
18.98057222366333,brake,stop,0.0,0.0,0.5,0.0,6387.0,-19.79,0.066,16.5,-0.1000711325355208,4.105619137664803,1.0461623076804116,0.0,0.0,0.0,0.0,0.0
19.000614881515503,brake,stop,0.0,0.0,0.5,0.0,6185.0,-23.05,0.056,16.5,-0.10742775718459321,4.512969234208157,0.2654274406011421,0.0,0.0,0.0,0.0,0.0
19.02069354057312,brake,stop,0.0,0.0,0.5,0.0,5957.0,-26.08,0.048,16.5,-0.07508672005845606,5.500001205622766,0.020088073688203423,0.0,0.0,0.0,0.0,0.0
19.040395975112915,brake,stop,0.0,0.0,0.5,0.0,5667.0,-29.08,0.04,16.5,-0.07982424228873322,5.631880482532665,0.16696514875486734,0.0,0.0,0.0,0.0,0.0
19.060601472854614,brake,stop,0.0,0.0,0.5,0.0,5324.0,-31.48,0.03,16.5,-0.05361388521574254,5.846643460140001,-0.14606714430140855,0.0,0.0,0.0,0.0,0.0
19.080804109573364,brake,stop,0.0,0.0,0.5,0.0,4960.0,-33.14,0.021,16.5,-0.04718121101735949,6.150754820346663,-0.09284571206595515,0.0,0.0,0.0,0.0,0.0
19.100778579711914,brake,stop,0.0,0.0,0.5,0.0,4581.0,-35.05,0.014,16.5,-0.04558295650104047,6.847988539001733,-0.3866298291807837,0.0,0.0,0.0,0.0,0.0
19.12059712409973,brake,stop,0.0,0.0,0.5,0.0,4190.0,-37.73,0.0,16.5,-0.06355926889194011,6.889986751943582,0.0047987370010460495,0.0,0.0,0.0,0.0,0.0
19.140596389770508,brake,stop,0.0,0.0,0.5,0.0,3753.0,-36.05,0.0,16.5,0.02079044766705655,6.878495218530247,0.4015336516144643,0.0,0.0,0.0,0.0,0.0
19.160717725753784,brake,stop,0.0,0.0,0.5,0.0,3363.0,-32.77,0.0,16.5,0.030222174148005078,6.41090330306821,0.5843806975705661,0.0,0.0,0.0,0.0,0.0
19.180703163146973,brake,stop,0.0,0.0,0.5,0.0,3036.0,-27.72,0.0,16.5,-0.028544540786444885,5.271499609530736,0.23117812262633564,0.0,0.0,0.0,0.0,0.0
19.200751543045044,brake,stop,0.0,0.0,0.5,0.0,2723.0,-22.11,0.0,16.5,-0.07319885509596932,4.023112290032287,0.0459001332038369,0.0,0.0,0.0,0.0,0.0
19.220722436904907,brake,stop,0.0,0.0,0.5,0.0,2409.0,-16.68,0.0,16.5,-0.04977879592678473,3.1650944597353146,-0.13255258382108082,0.0,0.0,0.0,0.0,0.0
19.240415811538696,brake,stop,0.0,0.0,0.5,0.0,2137.0,-12.3,0.0,16.5,-0.010306477111093285,2.5082863453050948,-0.003342962966801366,0.0,0.0,0.0,0.0,0.0
19.260579586029053,brake,stop,0.0,0.0,0.5,0.0,1880.0,-9.28,0.0,16.5,-0.002854070729089139,1.980013631190488,0.04425198576639744,0.0,0.0,0.0,0.0,0.0
19.280595541000366,brake,stop,0.0,0.0,0.5,0.0,1667.0,-6.36,0.0,16.5,-0.018843333612099354,1.5743491408114494,0.17872017233481152,0.0,0.0,0.0,0.0,0.0
19.30072855949402,brake,stop,0.0,0.0,0.5,0.0,1460.0,-4.09,0.0,16.5,-0.02954882507529757,1.1361114917137272,0.13617740086693608,0.0,0.0,0.0,0.0,0.0
19.320616722106934,brake,stop,0.0,0.0,0.5,0.0,1288.0,-2.72,0.0,16.5,-0.015723515296477187,1.0245436155944105,0.07837878629549522,0.0,0.0,0.0,0.0,0.0
19.340490579605103,brake,stop,0.0,0.0,0.5,0.0,1137.0,-1.81,0.0,16.5,-0.012549036639778443,0.6325739626709961,0.10731150493833397,0.0,0.0,0.0,0.0,0.0
19.360707998275757,brake,stop,0.0,0.0,0.5,0.0,1004.0,-0.96,0.0,16.5,-0.015702172557053723,0.7124260281033443,0.03509813272581397,0.0,0.0,0.0,0.0,0.0
19.38076114654541,brake,stop,0.0,0.0,0.5,0.0,894.0,-0.72,0.0,16.5,-0.011518208124998234,0.7269075353684613,0.01596333795522753,0.0,0.0,0.0,0.0,0.0
19.40063238143921,brake,stop,0.0,0.0,0.5,0.0,800.0,-1.1,0.0,16.5,-0.0029035269829184016,0.7228481057280973,0.10235125687052893,0.0,0.0,0.0,0.0,0.0
19.420626878738403,brake,stop,0.0,0.0,0.5,0.0,638.0,-0.9,0.0,16.5,-0.005041450288195965,0.6129095197749344,0.09282616043778091,0.0,0.0,0.0,0.0,0.0
19.440449476242065,brake,stop,0.0,0.0,0.5,0.0,211.0,-0.88,0.0,16.5,-0.007213209783331096,0.7275255129991649,0.12627546964181668,0.0,0.0,0.0,0.0,0.0
19.46048331260681,IDLE,stop,0.0,0.0,0.5,0.0,206.0,-0.8,0.0,16.5,-0.006167283953972849,0.554927393986901,0.10708218443965478,0.0,0.0,0.0,0.0,0.0
19.48117232322693,IDLE,stop,0.0,0.0,0.5,0.0,227.0,-0.38,0.0,16.5,-0.0029810931101129107,0.5831600181607044,0.06864525488837003,0.0,0.0,0.0,0.0,0.0
19.500380754470825,IDLE,stop,0.0,0.0,0.5,0.0,76.0,0.0,0.0,16.5,-0.004068664121017271,0.4603129356555158,0.11693560204533249,0.0,0.0,0.0,0.0,0.0
19.520805835723877,IDLE,stop,0.0,0.0,0.5,0.0,92.0,0.09,0.0,16.5,-0.004048102644866719,0.7268513290055978,0.020740513347632827,0.0,0.0,0.0,0.0,0.0
19.54069685935974,IDLE,stop,0.0,0.0,0.5,0.0,10.0,0.02,0.0,16.5,-0.004034046147738144,0.3298672133594316,0.10710213806392233,0.0,0.0,0.0,0.0,0.0
19.56059503555298,IDLE,stop,0.0,0.0,0.5,0.0,10.0,0.02,0.0,16.5,0.00021550951677291644,0.44510111112416695,0.0975828340294278,0.0,0.0,0.0,0.0,0.0
19.580589771270752,IDLE,stop,0.0,0.0,0.5,0.0,0.0,0.02,0.0,16.5,-0.001939071126413124,0.3821607655213448,0.07827021080520424,0.0,0.0,0.0,0.0,0.0
19.6005539894104,IDLE,stop,0.0,0.0,0.5,0.0,0.0,-0.11,0.0,16.5,0.00020379729710243158,0.219029764141645,0.0877910497338732,0.0,0.0,0.0,0.0,0.0
19.620564460754395,IDLE,stop,0.0,0.0,0.5,0.0,0.0,0.0,0.0,16.5,0.0002009340738376899,0.005796153262452641,0.1362258596687287,0.0,0.0,0.0,0.0,0.0
19.64058494567871,IDLE,stop,0.0,0.0,0.5,0.0,0.0,0.04,0.0,16.5,0.00017698743776100315,-0.0111010398900655,0.07816675162882802,0.0,0.0,0.0,0.0,0.0
19.660663843154907,IDLE,stop,0.0,0.0,0.5,0.0,0.0,0.05,0.0,16.5,0.0023505696963136103,-0.16296727933442767,0.12160361722585655,0.0,0.0,0.0,0.0,0.0
19.680626153945923,IDLE,stop,0.0,0.0,0.5,0.0,0.0,0.04,0.0,16.5,0.00019234440404346486,-0.2161035249432004,0.10234217541333024,0.0,0.0,0.0,0.0,0.0
19.70086693763733,IDLE,stop,0.0,0.0,0.5,0.0,0.0,0.05,0.0,16.5,-0.0008881998537239787,-0.2593232578321967,0.15021800978044908,0.0,0.0,0.0,0.0,0.0
19.72069501876831,IDLE,stop,0.0,0.0,0.5,0.0,0.0,0.04,0.0,16.5,0.0012536276873235332,-0.4115827864999311,0.10734437725523627,0.0,0.0,0.0,0.0,0.0
19.740633487701416,IDLE,stop,0.0,0.0,0.5,0.0,0.0,0.05,0.0,16.5,0.00018271388429048652,-0.3894319612216961,0.10693165517526282,0.0,0.0,0.0,0.0,0.0
19.760456800460815,IDLE,stop,0.0,0.0,0.5,0.0,0.0,0.04,0.0,16.5,-0.0008699796966860659,-0.5025310770055,0.11215013091536541,0.0,0.0,0.0,0.0,0.0
19.780653476715088,IDLE,stop,0.0,0.0,0.5,0.0,0.0,0.02,0.0,16.5,-0.0019226731801347467,-0.5607379186096892,0.0784544346512348,0.0,0.0,0.0,0.0,0.0
19.801565170288086,IDLE,stop,0.0,0.0,0.5,0.0,0.0,0.04,0.0,16.5,-0.0008921039594567642,-0.5562291304272122,0.06880985401602757,0.0,0.0,0.0,0.0,0.0
19.820535898208618,IDLE,stop,0.0,0.0,0.5,0.0,0.0,0.07,0.0,16.5,-0.001929440574150855,-0.5846864338720721,0.11677535178450249,0.0,0.0,0.0,0.0,0.0
19.840674877166748,IDLE,stop,0.0,0.0,0.5,0.0,0.0,0.06,0.0,16.5,0.00019234440404346486,-0.5704296789682104,0.0784289992620586,0.0,0.0,0.0,0.0,0.0
19.860575914382935,IDLE,stop,0.0,0.0,0.5,0.0,0.0,0.03,0.0,16.5,0.00020770137032592652,-0.5658646844228699,0.1071174687331169,0.0,0.0,0.0,0.0,0.0
19.880585193634033,IDLE,stop,0.0,0.0,0.5,0.0,0.0,0.05,0.0,16.5,-0.000867116408402743,-0.5608502582452175,0.11195881732005297,0.0,0.0,0.0,0.0,0.0
19.900952577590942,IDLE,stop,0.0,0.0,0.5,0.0,0.0,0.02,0.0,16.5,-0.0008699796966860659,-0.5138520178948767,0.09259124853889489,0.0,0.0,0.0,0.0,0.0
19.92053461074829,IDLE,stop,0.0,0.0,0.5,0.0,0.0,0.02,0.0,16.5,-0.00197837459873511,-0.5167878319093617,0.13133641773099392,0.0,0.0,0.0,0.0,0.0
19.940579175949097,IDLE,stop,0.0,0.0,0.5,0.0,0.0,0.04,0.0,16.5,0.0012354074002484579,-0.4320899228428523,0.05434574221822075,0.0,0.0,0.0,0.0,0.0
19.960660457611084,IDLE,stop,0.0,0.0,0.5,0.0,0.0,0.09,0.0,16.5,0.00019807085057294823,-0.39783159650104594,0.0976222661916708,0.0,0.0,0.0,0.0,0.0
19.980668306350708,IDLE,stop,0.0,0.0,0.5,0.0,0.0,0.09,0.0,16.5,-0.0008603491444237971,-0.3455380443391327,0.1214805881487564,0.0,0.0,0.0,0.0,0.0
20.001182794570923,IDLE,stop,0.0,0.0,0.5,0.0,0.0,0.04,0.0,16.5,-0.001919810021888586,-0.3687562788803831,0.07374848565754277,0.0,0.0,0.0,0.0,0.0
20.020714282989502,IDLE,stop,0.0,0.0,0.5,0.0,0.0,0.05,0.0,16.5,0.0012268176654356515,-0.25582567254987154,0.12118163096318746,0.0,0.0,0.0,0.0,0.0
20.040682315826416,IDLE,stop,0.0,0.0,0.5,0.0,0.0,0.1,0.0,16.5,0.0012632581095486394,-0.3155076570909827,0.12656582045647902,0.0,0.0,0.0,0.0,0.0
20.060600996017456,IDLE,stop,0.0,0.0,0.5,0.0,0.0,0.07,0.0,16.5,0.00020770137032592652,-0.22585145511948568,0.06877371091272977,0.0,0.0,0.0,0.0,0.0
20.08075523376465,IDLE,stop,0.0,0.0,0.5,0.0,0.0,0.05,0.0,16.5,0.00017022014127276652,-0.23993970057005498,0.10715869160523006,0.0,0.0,0.0,0.0,0.0
20.100569009780884,IDLE,stop,0.0,0.0,0.5,0.0,0.0,0.09,0.0,16.5,-0.0008728428549322264,-0.2587052802014931,0.07371928612312928,0.0,0.0,0.0,0.0,0.0
20.120540142059326,IDLE,stop,0.0,0.0,0.5,0.0,0.0,0.04,0.0,16.5,-0.0019380303089636616,-0.211594700215624,0.1262277782871113,0.0,0.0,0.0,0.0,0.0
20.14060115814209,IDLE,stop,0.0,0.0,0.5,0.0,0.0,0.11,0.0,16.5,-0.0008535818804448511,-0.2724002638375147,0.09303428477881326,0.0,0.0,0.0,0.0,0.0
20.160457849502563,IDLE,stop,0.0,0.0,0.5,0.0,0.0,0.07,0.0,16.5,-0.0030128481852202027,-0.2120441318479358,0.07822456597606475,0.0,0.0,0.0,0.0,0.0
20.180586099624634,IDLE,stop,0.0,0.0,0.5,0.0,0.0,0.07,0.0,16.5,0.00019234440404346486,-0.25008092910598734,0.10224025113112845,0.0,0.0,0.0,0.0,0.0
20.200724840164185,IDLE,stop,0.0,0.0,0.5,0.0,0.0,0.03,0.0,16.5,0.0023409391440513414,-0.3013632418226493,0.11693382960801202,0.0,0.0,0.0,0.0,0.0
20.220553398132324,IDLE,stop,0.0,0.0,0.5,0.0,0.0,0.05,0.0,16.5,-0.0008949671177029248,-0.29335683181274774,0.059092804448727776,0.0,0.0,0.0,0.0,0.0
20.240546703338623,IDLE,stop,0.0,0.0,0.5,0.0,0.0,0.06,0.0,16.5,-0.0008910630119701392,-0.3350597603515162,0.1264763032355205,0.0,0.0,0.0,0.0,0.0
20.26099991798401,IDLE,stop,0.0,0.0,0.5,0.0,0.0,0.05,0.0,16.5,0.00018948118077872315,-0.35500508888149795,0.11192660281493971,0.0,0.0,0.0,0.0,0.0
20.280556201934814,IDLE,stop,0.0,0.0,0.5,0.0,0.0,0.05,0.0,16.5,0.00018948118077872315,-0.35500508888149795,0.11192660281493971,0.0,0.0,0.0,0.0,0.0
20.300537109375,IDLE,stop,0.0,0.0,0.5,0.0,0.0,0.07,0.0,16.5,0.00020197492379644315,-0.36886861851591135,0.0641426793727895,0.0,0.0,0.0,0.0,0.0
20.32053232192993,IDLE,stop,0.0,0.0,0.5,0.0,0.0,0.07,0.0,16.5,-0.0019169468636424257,-0.32243218597851,0.08775658770514738,0.0,0.0,0.0,0.0,0.0
20.34049677848816,IDLE,stop,0.0,0.0,0.5,0.0,0.0,0.07,0.0,16.5,0.00018948118077872315,-0.363854192338259,0.14083437942744403,0.0,0.0,0.0,0.0,0.0
20.36045742034912,IDLE,stop,0.0,0.0,0.5,0.0,0.0,0.08,0.0,16.5,0.00021446866681416318,-0.33601479343390395,0.08314722740914604,0.0,0.0,0.0,0.0,0.0
20.380810499191284,IDLE,stop,0.0,0.0,0.5,0.0,0.0,0.07,0.0,16.5,0.0012479011107568872,-0.35483657942820557,0.11675525197983738,0.0,0.0,0.0,0.0,0.0
20.400591373443604,IDLE,stop,0.0,0.0,0.5,0.0,0.0,0.06,0.0,16.5,-0.0008824734071944954,-0.32705335034161465,0.09258536477789292,0.0,0.0,0.0,0.0,0.0
20.42087984085083,IDLE,stop,0.0,0.0,0.5,0.0,0.0,0.07,0.0,16.5,-0.0008978304059862476,-0.39214302287492586,0.11219816944851502,0.0,0.0,0.0,0.0,0.0
20.440650701522827,IDLE,stop,0.0,0.0,0.5,0.0,0.0,0.08,0.0,16.5,-0.0008853366954778184,-0.288960383265799,0.09253266674457095,0.0,0.0,0.0,0.0,0.0
20.46066451072693,IDLE,stop,0.0,0.0,0.5,0.0,0.0,0.05,0.0,16.5,0.0023198556987301055,-0.34942889143600553,0.10731665779734811,0.0,0.0,0.0,0.0,0.0
20.480642557144165,IDLE,stop,0.0,0.0,0.5,0.0,0.0,0.05,0.0,16.5,-0.0008728428549322264,-0.33556536180159213,0.11199037401337719,0.0,0.0,0.0,0.0,0.0
20.500682592391968,IDLE,stop,0.0,0.0,0.5,0.0,0.0,0.04,0.0,16.5,-0.001953387177718251,-0.3117853559925017,0.11195097839623358,0.0,0.0,0.0,0.0,0.0
20.520610809326172,IDLE,stop,0.0,0.0,0.5,0.0,0.0,0.05,0.0,16.5,-0.0008881998537239787,-0.3117853559925017,0.09758091541170977,0.0,0.0,0.0,0.0,0.0
20.540594816207886,IDLE,stop,0.0,0.0,0.5,0.0,0.0,0.04,0.0,16.5,0.0012450379525107266,-0.25498297910301204,0.12137473526837006,0.0,0.0,0.0,0.0,0.0
20.560361862182617,IDLE,stop,0.0,0.0,0.5,0.0,0.0,0.05,0.0,16.5,-0.0008757061432155494,-0.3159009189055304,0.10731561626201547,0.0,0.0,0.0,0.0,0.0
20.58071780204773,IDLE,stop,0.0,0.0,0.5,0.0,0.0,0.05,0.0,16.5,0.00125076439904021,-0.2735238794633936,0.09277682455360292,0.0,0.0,0.0,0.0,0.0
20.600548267364502,IDLE,stop,0.0,0.0,0.5,0.0,0.0,0.04,0.0,16.5,0.0012603948212653164,-0.2695768260036573,0.08300353207834021,0.0,0.0,0.0,0.0,0.0
20.620569229125977,IDLE,stop,0.0,0.0,0.5,0.0,0.0,0.05,0.0,16.5,0.001238270558494618,-0.3159009189055304,0.14084576322590436,0.0,0.0,0.0,0.0,0.0
20.6405189037323,IDLE,stop,0.0,0.0,0.5,0.0,0.0,0.07,0.0,16.5,-0.0008603491444237971,-0.2979779961758524,0.039971458274717264,0.0,0.0,0.0,0.0,0.0
20.660366535186768,IDLE,stop,0.0,0.0,0.5,0.0,0.0,0.02,0.0,16.5,0.001267162215281425,-0.33094419743848746,0.12153162338005608,0.0,0.0,0.0,0.0,0.0
20.680433988571167,IDLE,stop,0.0,0.0,0.5,0.0,0.0,0.0,0.0,16.5,0.00016449369474328318,-0.31217861780704936,0.09270077420177003,0.0,0.0,0.0,0.0,0.0
20.700480699539185,IDLE,stop,0.0,0.0,0.5,0.0,0.0,0.07,0.0,16.5,0.00019234440404346486,-0.2887356674496431,0.13569436601573415,0.0,0.0,0.0,0.0,0.0
20.72055149078369,IDLE,stop,0.0,0.0,0.5,0.0,0.0,0.02,0.0,16.5,-0.0008853366954778184,-0.3589521423412343,0.13127993727988496,0.0,0.0,0.0,0.0,0.0
20.74058723449707,IDLE,stop,0.0,0.0,0.5,0.0,0.0,0.06,0.0,16.5,0.00017022014127276652,-0.2984274278081642,0.0781886421433633,0.0,0.0,0.0,0.0,0.0
20.76047706604004,IDLE,stop,0.0,0.0,0.5,0.0,0.0,0.04,0.0,16.5,-0.001925536338380907,-0.320746799084791,0.1025128593000364,0.0,0.0,0.0,0.0,0.0
20.780572175979614,IDLE,stop,0.0,0.0,0.5,0.0,0.0,0.05,0.0,16.5,0.00016449369474328318,-0.2973038487273847,0.0832361416359646,0.0,0.0,0.0,0.0,0.0
20.800554752349854,IDLE,stop,0.0,0.0,0.5,0.0,0.0,0.05,0.0,16.5,0.0012603948212653164,-0.326154487076991,0.07842128824608707,0.0,0.0,0.0,0.0,0.0
20.820568799972534,IDLE,stop,0.0,0.0,0.5,0.0,0.0,0.0,0.0,16.5,0.00019520762730820652,-0.2886232912690154,0.13572011203825518,0.0,0.0,0.0,0.0,0.0
20.840521335601807,IDLE,stop,0.0,0.0,0.5,0.0,0.0,0.01,0.0,16.5,0.00019520762730820652,-0.36802596161415124,0.11702603289377578,0.0,0.0,0.0,0.0,0.0
20.860321521759033,IDLE,stop,0.0,0.0,0.5,0.0,0.0,0.02,0.0,16.5,0.0012728886618109084,-0.26416917455655664,0.10709510313228954,0.0,0.0,0.0,0.0,0.0
20.880472898483276,IDLE,stop,0.0,0.0,0.5,0.0,0.0,0.06,0.0,16.5,0.00020770137032592652,-0.3167436123523899,0.09275241242720966,0.0,0.0,0.0,0.0,0.0
20.900537967681885,IDLE,stop,0.0,0.0,0.5,0.0,0.0,-0.02,0.0,16.5,0.00012987568895486486,-0.307164191629397,0.06880203336475788,0.0,0.0,0.0,0.0,0.0
20.92056918144226,IDLE,stop,0.0,0.0,0.5,0.0,0.0,0.0,0.0,16.5,0.0012354074002484579,-0.2973038487273847,0.12155632786724446,0.0,0.0,0.0,0.0,0.0
20.94059705734253,IDLE,stop,0.0,0.0,0.5,0.0,0.0,0.02,0.0,16.5,0.0001741242144962615,-0.3306071054417039,0.08328869348888901,0.0,0.0,0.0,0.0,0.0
20.960535287857056,IDLE,stop,0.0,0.0,0.5,0.0,0.0,0.02,0.0,16.5,0.0012700253735275855,-0.29290740018043593,0.11667604047690716,0.0,0.0,0.0,0.0,0.0
20.98065209388733,IDLE,stop,0.0,0.0,0.5,0.0,0.0,0.01,0.0,16.5,0.00020770137032592652,-0.3312250830724075,0.10709720447550453,0.0,0.0,0.0,0.0,0.0
21.000694036483765,IDLE,stop,0.0,0.0,0.5,0.0,0.0,0.0,0.0,16.5,-0.0009131872747408374,-0.30209355908888114,0.10239639006827694,0.0,0.0,0.0,0.0,0.0
21.020692586898804,IDLE,stop,0.0,0.0,0.5,0.0,0.0,0.05,0.0,16.5,-0.0008546226978943137,-0.29865214362432013,0.10687727606736885,0.0,0.0,0.0,0.0,0.0
21.04070782661438,IDLE,stop,0.0,0.0,0.5,0.0,0.0,0.02,0.0,16.5,0.0012546685047729958,-0.33455412235634086,0.14096223245766382,0.0,0.0,0.0,0.0,0.0
21.060417413711548,IDLE,stop,0.0,0.0,0.5,0.0,0.0,0.02,0.0,16.5,0.00020770137032592652,-0.3073327010826894,0.08313348645177498,0.0,0.0,0.0,0.0,0.0
21.080690622329712,IDLE,stop,0.0,0.0,0.5,0.0,0.0,-0.01,0.0,16.5,-0.0030157110833920384,-0.3263230330753828,0.10233278332278672,0.0,0.0,0.0,0.0,0.0
21.100669384002686,IDLE,stop,0.0,0.0,0.5,0.0,0.0,0.0,0.0,16.5,-0.0008853366954778184,-0.3162941441749787,0.09285543306239319,0.0,0.0,0.0,0.0,0.0
21.120591163635254,IDLE,stop,0.0,0.0,0.5,0.0,0.0,0.03,0.0,16.5,-0.001950524019472091,-0.28422684272206666,0.09251965668918771,0.0,0.0,0.0,0.0,0.0
21.14072036743164,IDLE,stop,0.0,0.0,0.5,0.0,0.0,0.02,0.0,16.5,0.00016735691800802484,-0.35822182507500244,0.1362373165573878,0.0,0.0,0.0,0.0,0.0
21.160457134246826,IDLE,stop,0.0,0.0,0.5,0.0,0.0,0.04,0.0,16.5,-0.0008632123026699574,-0.29335683181274774,0.07346284916070189,0.0,0.0,0.0,0.0,0.0
21.180474042892456,IDLE,stop,0.0,0.0,0.5,0.0,0.0,0.01,0.0,16.5,0.0012642990570352647,-0.3258735648979716,0.09764574641802959,0.0,0.0,0.0,0.0,0.0
21.20084285736084,IDLE,stop,0.0,0.0,0.5,0.0,0.0,0.08,0.0,16.5,0.00018271388429048652,-0.3167436123523899,0.11191253295167414,0.0,0.0,0.0,0.0,0.0
21.22049617767334,IDLE,stop,0.0,0.0,0.5,0.0,0.0,0.08,0.0,16.5,0.0012575316630191562,-0.34497623652619325,0.10723927354938745,0.0,0.0,0.0,0.0,0.0
21.240509271621704,IDLE,stop,0.0,0.0,0.5,0.0,0.0,0.08,0.0,16.5,-0.0009006935642324081,-0.2742541967296255,0.11655957124514771,0.0,0.0,0.0,0.0,0.0
21.260987758636475,IDLE,stop,0.0,0.0,0.5,0.0,0.0,0.04,0.0,16.5,0.00020197492379644315,-0.3442459192599614,0.11698667382173156,0.0,0.0,0.0,0.0,0.0
21.280679941177368,IDLE,stop,0.0,0.0,0.5,0.0,0.0,0.04,0.0,16.5,0.00017698743776100315,-0.33562153161935626,0.07365730563456196,0.0,0.0,0.0,0.0,0.0
21.300575017929077,IDLE,stop,0.0,0.0,0.5,0.0,0.0,0.04,0.0,16.5,-0.0008642532501565827,-0.35478037306534205,0.11197809485998178,0.0,0.0,0.0,0.0,0.0
21.320574522018433,IDLE,stop,0.0,0.0,0.5,0.0,0.0,0.05,0.0,16.5,0.0012575316630191562,-0.3028239129002124,0.03995874058012916,0.0,0.0,0.0,0.0,0.0
21.34054970741272,IDLE,stop,0.0,0.0,0.5,0.0,0.0,0.04,0.0,16.5,-0.0008699796966860659,-0.30660238381645755,0.12162099442061702,0.0,0.0,0.0,0.0,0.0
21.360228538513184,IDLE,stop,0.0,0.0,0.5,0.0,0.0,0.02,0.0,16.5,0.00016449369474328318,-0.3353406459854362,0.09288178207905418,0.0,0.0,0.0,0.0,0.0
21.38065457344055,IDLE,stop,0.0,0.0,0.5,0.0,0.0,0.02,0.0,16.5,0.00019520762730820652,-0.3026553669018206,0.11663772294019559,0.0,0.0,0.0,0.0,0.0
21.40057897567749,IDLE,stop,0.0,0.0,0.5,0.0,0.0,0.04,0.0,16.5,0.00019234440404346486,-0.3122909574425776,0.09267504645179869,0.0,0.0,0.0,0.0,0.0
21.420696258544922,IDLE,stop,0.0,0.0,0.5,0.0,0.0,0.08,0.0,16.5,-0.0019380303089636616,-0.3442459192599614,0.1265667158114141,0.0,0.0,0.0,0.0,0.0
21.44069814682007,IDLE,stop,0.0,0.0,0.5,0.0,0.0,0.0,0.0,16.5,-0.0008574859861776367,-0.2651803774567085,0.08770326840513576,0.0,0.0,0.0,0.0,0.0
21.46249532699585,IDLE,stop,0.0,0.0,0.5,0.0,0.0,-0.01,0.0,16.5,0.00016735691800802484,-0.31556382690874685,0.11218287532441984,0.0,0.0,0.0,0.0,0.0
21.480520009994507,IDLE,stop,0.0,0.0,0.5,0.0,0.0,0.03,0.0,16.5,0.0001730833645375082,-0.3071079852665335,0.09755502320879117,0.0,0.0,0.0,0.0,0.0
21.500528573989868,IDLE,stop,0.0,0.0,0.5,0.0,0.0,0.0,0.0,16.5,0.0012450379525107266,-0.3073327010826894,0.10229355215859037,0.0,0.0,0.0,0.0,0.0
21.520466327667236,IDLE,stop,0.0,0.0,0.5,0.0,0.0,0.04,0.0,16.5,0.0012450379525107266,-0.3344417827208126,0.13619795748534358,0.0,0.0,0.0,0.0,0.0
21.540724515914917,IDLE,stop,0.0,0.0,0.5,0.0,0.0,0.0,0.0,16.5,-0.0019476606011516052,-0.269970087818205,0.07812337259585078,0.0,0.0,0.0,0.0,0.0
21.561447143554688,IDLE,stop,0.0,0.0,0.5,0.0,0.0,0.04,0.0,16.5,-0.001940893467209822,-0.34418974944219727,0.11220951670187596,0.0,0.0,0.0,0.0,0.0
21.58077311515808,IDLE,stop,0.0,0.0,0.5,0.0,0.0,0.02,0.0,16.5,0.0012728886618109084,-0.31679978217015403,0.07357946457285891,0.0,0.0,0.0,0.0,0.0
21.60073709487915,IDLE,stop,0.0,0.0,0.5,0.0,0.0,0.07,0.0,16.5,-0.0008574859861776367,-0.33088802762072334,0.0784342983014703,0.0,0.0,0.0,0.0,0.0
21.620755195617676,IDLE,stop,0.0,0.0,0.5,0.0,0.0,0.07,0.0,16.5,0.0012421747942645664,-0.29747239472577647,0.11193767598005522,0.0,0.0,0.0,0.0,0.0
21.640835762023926,IDLE,stop,0.0,0.0,0.5,0.0,0.0,0.08,0.0,16.5,0.0001866179575139815,-0.3640227383366508,0.0976855805763659,0.0,0.0,0.0,0.0,0.0
21.660714864730835,IDLE,stop,0.0,0.0,0.5,0.0,0.0,0.04,0.0,16.5,0.00017698743776100315,-0.2645062300082408,0.08785778108536135,0.0,0.0,0.0,0.0,0.0
21.680681467056274,IDLE,stop,0.0,0.0,0.5,0.0,0.0,0.0,0.0,16.5,0.00020483814706118484,-0.2739171047328419,0.09268670433850446,0.0,0.0,0.0,0.0,0.0
21.700548887252808,IDLE,stop,0.0,0.0,0.5,0.0,0.0,0.03,0.0,16.5,0.00015199995172556318,-0.3264915425286752,0.07834406845107367,0.0,0.0,0.0,0.0,0.0
21.720590114593506,IDLE,stop,0.0,0.0,0.5,0.0,0.0,0.0,0.0,16.5,0.00020770137032592652,-0.32108385453647514,0.12159570521183838,0.0,0.0,0.0,0.0,0.0
21.740653038024902,IDLE,stop,0.0,0.0,0.5,0.0,0.0,0.02,0.0,16.5,0.001291108818848821,-0.3218142083478064,0.05915807399624029,0.0,0.0,0.0,0.0,0.0
21.760658025741577,IDLE,stop,0.0,0.0,0.5,0.0,0.0,0.0,0.0,16.5,0.00013950620870784315,-0.3259297712608351,0.116792966522409,0.0,0.0,0.0,0.0,0.0
21.780897617340088,IDLE,stop,0.0,0.0,0.5,0.0,0.0,0.09,0.0,16.5,0.00020770137032592652,-0.3307756514400957,0.09283010730851515,0.0,0.0,0.0,0.0,0.0
21.800618410110474,IDLE,stop,0.0,0.0,0.5,0.0,0.0,0.0,0.0,16.5,0.0012632581095486394,-0.31195390199089346,0.08796226352452052,0.0,0.0,0.0,0.0,0.0
21.820485830307007,IDLE,stop,0.0,0.0,0.5,0.0,0.0,0.04,0.0,16.5,0.0012518052164896727,-0.28377741108975485,0.10699270376379566,0.0,0.0,0.0,0.0,0.0
21.840633630752563,IDLE,stop,0.0,0.0,0.5,0.0,0.0,0.03,0.0,16.5,0.0001741242144962615,-0.35354445434903425,0.15537150833383429,0.0,0.0,0.0,0.0,0.0
21.86068367958069,IDLE,stop,0.0,0.0,0.5,0.0,0.0,0.0,0.0,16.5,0.0023284454335429122,-0.2793809625428061,0.07337229040441073,0.0,0.0,0.0,0.0,0.0
