t,phase,kind,v_cmd,delta_cmd,servo_cmd,erpm_cmd,erpm_meas,current_motor,duty,v_batt,wz,ax,ay,v_pose,x,y,yaw,pose_t
0.036170244216918945,IDLE,stop,0.0,0.0,0.5,0.0,0.0,0.0,0.0,0.0,0.0,0.0,0.0,0.0,0.0,0.0,0.0,0.0
0.04035186767578125,IDLE,stop,0.0,0.0,0.5,0.0,0.0,0.0,0.0,0.0,0.0,0.0,0.0,0.0,0.0,0.0,0.0,0.0
0.060614585876464844,IDLE,stop,0.0,0.0,0.5,0.0,0.0,0.0,0.0,0.0,0.0,0.0,0.0,0.0,0.0,0.0,0.0,0.0
0.08076620101928711,IDLE,stop,0.0,0.0,0.5,0.0,0.0,0.0,0.0,0.0,0.0,0.0,0.0,0.0,0.0,0.0,0.0,0.0
0.10066962242126465,IDLE,stop,0.0,0.0,0.5,0.0,0.0,0.0,0.0,0.0,0.0,0.0,0.0,0.0,0.0,0.0,0.0,0.0
0.12063741683959961,IDLE,stop,0.0,0.0,0.5,0.0,0.0,0.0,0.0,0.0,0.0,0.0,0.0,0.0,0.0,0.0,0.0,0.0
0.14063405990600586,IDLE,stop,0.0,0.0,0.5,0.0,0.0,0.0,0.0,0.0,0.0,0.0,0.0,0.0,0.0,0.0,0.0,0.0
0.1606588363647461,IDLE,stop,0.0,0.0,0.5,0.0,0.0,0.0,0.0,0.0,0.0,0.0,0.0,0.0,0.0,0.0,0.0,0.0
0.1808760166168213,IDLE,stop,0.0,0.0,0.5,0.0,0.0,0.0,0.0,0.0,0.0,0.0,0.0,0.0,0.0,0.0,0.0,0.0
0.20058035850524902,IDLE,stop,0.0,0.0,0.5,0.0,0.0,0.0,0.0,0.0,0.0,0.0,0.0,0.0,0.0,0.0,0.0,0.0
0.22058391571044922,IDLE,stop,0.0,0.0,0.5,0.0,0.0,0.0,0.0,0.0,0.0,0.0,0.0,0.0,0.0,0.0,0.0,0.0
0.2413175106048584,IDLE,stop,0.0,0.0,0.5,0.0,0.0,0.0,0.0,0.0,0.0,0.0,0.0,0.0,0.0,0.0,0.0,0.0
0.2615392208099365,IDLE,stop,0.0,0.0,0.5,0.0,0.0,0.0,0.0,0.0,0.0,0.0,0.0,0.0,0.0,0.0,0.0,0.0
0.280606746673584,IDLE,stop,0.0,0.0,0.5,0.0,0.0,0.0,0.0,0.0,0.0,0.0,0.0,0.0,0.0,0.0,0.0,0.0
0.30075669288635254,IDLE,stop,0.0,0.0,0.5,0.0,0.0,0.0,0.0,0.0,0.0,0.0,0.0,0.0,0.0,0.0,0.0,0.0
0.32073283195495605,IDLE,stop,0.0,0.0,0.5,0.0,0.0,0.0,0.0,0.0,0.0,0.0,0.0,0.0,0.0,0.0,0.0,0.0
0.3406405448913574,IDLE,stop,0.0,0.0,0.5,0.0,0.0,0.0,0.0,0.0,0.0,0.0,0.0,0.0,0.0,0.0,0.0,0.0
0.3613584041595459,IDLE,stop,0.0,0.0,0.5,0.0,0.0,0.0,0.0,0.0,0.0,0.0,0.0,0.0,0.0,0.0,0.0,0.0
0.3806614875793457,IDLE,stop,0.0,0.0,0.5,0.0,0.0,0.0,0.0,0.0,0.0,0.0,0.0,0.0,0.0,0.0,0.0,0.0
0.40067005157470703,IDLE,stop,0.0,0.0,0.5,0.0,0.0,0.0,0.0,0.0,0.0,0.0,0.0,0.0,0.0,0.0,0.0,0.0
0.4213075637817383,IDLE,stop,0.0,0.0,0.5,0.0,0.0,0.0,0.0,0.0,0.0,0.0,0.0,3.370575985206393e-10,15.630910699990475,4.3750868776281,-2.907407965741011,1787248697.477794
0.4406740665435791,IDLE,stop,0.0,0.0,0.5,0.0,0.0,0.0,0.0,0.0,0.0,0.0,0.0,6.662632140847355e-10,15.630910699994756,4.37508687762912,-2.907407965741011,1787248697.497717
0.4603915214538574,IDLE,stop,0.0,0.0,0.5,0.0,0.0,0.0,0.0,0.0,0.0,0.0,0.0,6.925081623673117e-10,15.630910699998015,4.375086877629898,-2.907407965741011,1787248697.517972
0.4806029796600342,IDLE,stop,0.0,0.0,0.5,0.0,0.0,0.0,0.0,0.0,0.0,0.0,0.0,6.159615562356735e-10,15.630910700000436,4.375086877630475,-2.907407965741011,1787248697.5379438
0.5005247592926025,IDLE,stop,0.0,0.0,0.5,0.0,0.0,0.0,0.0,0.0,0.0,0.0,0.0,5.746473583595757e-10,15.630910700010197,4.375086877632803,-2.907407965741011,1787248697.5565584
0.5205903053283691,IDLE,stop,0.0,0.0,0.5,0.0,0.0,0.0,0.0,0.0,0.0,0.0,0.0,5.127142266572459e-10,15.630910700009553,4.37508687763265,-2.907407965741011,1787248697.5767643
0.54119873046875,IDLE,stop,0.0,0.0,0.5,0.0,0.0,0.0,0.0,0.0,0.0,0.0,0.0,3.662725016351468e-10,15.630910700004677,4.375086877631487,-2.907407965741011,1787248697.5975049
0.560760498046875,IDLE,stop,0.0,0.0,0.5,0.0,0.0,0.0,0.0,0.0,0.0,0.0,0.0,2.8765677004996037e-10,15.630910700008549,4.375086877632411,-2.907407965741011,1787248697.6161122
0.5806341171264648,IDLE,stop,0.0,0.0,0.5,0.0,0.0,0.0,0.0,0.0,0.0,0.0,0.0,2.214354507383499e-10,15.630910700008315,4.375086877632355,-2.907407965741011,1787248697.6362324
0.6005983352661133,IDLE,stop,0.0,0.0,0.5,0.0,0.0,0.0,0.0,0.0,0.0,0.0,0.0,1.6796150190590364e-10,15.630910700008364,4.375086877632366,-2.907407965741011,1787248697.6583753
0.620699405670166,IDLE,stop,0.0,0.0,0.5,0.0,0.0,0.0,0.0,0.0,0.0,0.0,0.0,1.4001727320431666e-10,15.63091070000798,4.375086877632275,-2.907407965741011,1787248697.6760676
0.6406271457672119,IDLE,stop,0.0,0.0,0.5,0.0,0.0,0.0,0.0,0.0,0.0,0.0,0.0,1.0522394134579701e-10,15.630910700007819,4.375086877632237,-2.907407965741011,1787248697.696086
0.6605453491210938,IDLE,stop,0.0,0.0,0.5,0.0,0.0,0.0,0.0,0.0,0.0,0.0,0.0,0.29542374178235187,15.627557035402246,4.375852071332962,-2.907241393599567,1787248697.7189393
0.6807501316070557,IDLE,stop,0.0,0.0,0.5,0.0,0.0,0.0,0.0,0.0,0.0,0.0,0.0,0.23969323229242373,15.630638727991089,4.378101687250709,-2.9072365521518018,1787248697.7387755
0.7024080753326416,IDLE,stop,0.0,0.0,0.5,0.0,0.0,0.0,0.0,0.0,0.0,0.0,0.0,0.18783940144667838,15.627507651193012,4.378077304683961,-2.907344313754027,1787248697.7623136
0.7205984592437744,IDLE,stop,0.0,0.0,0.5,0.0,0.0,0.0,0.0,0.0,0.0,0.0,0.0,0.13150685737305653,15.627507346719122,4.378077232027631,-2.907344313754027,1787248697.7671852
0.7405624389648438,IDLE,stop,0.0,0.0,0.5,0.0,0.0,0.0,0.0,0.0,0.0,0.0,0.0,0.056740276133749185,15.628218602003765,4.3789564264277745,-2.9070185405556193,1787248697.797502
0.7605879306793213,IDLE,stop,0.0,0.0,0.5,0.0,0.0,0.0,0.0,0.0,0.0,0.0,0.0,0.027802897880771543,15.628218602059222,4.378956426439844,-2.9070185405556193,1787248697.817453
0.7806301116943359,IDLE,stop,0.0,0.0,0.5,0.0,0.0,0.0,0.0,0.0,0.0,0.0,0.0,0.013623526428358911,15.628218601875774,4.378956426395407,-2.9070185405556193,1787248697.8377945
0.8005764484405518,IDLE,stop,0.0,0.0,0.5,0.0,0.0,0.0,0.0,0.0,0.0,0.0,0.0,0.006675615676059976,15.628218598750902,4.378956425648645,-2.9070185405556193,1787248697.8562887
0.8205521106719971,IDLE,stop,0.0,0.0,0.5,0.0,0.0,0.0,0.0,0.0,0.0,0.0,0.0,0.0032711372830952737,15.628218599346585,4.378956425790682,-2.9070185405556193,1787248697.8764327
0.8410148620605469,IDLE,stop,0.0,0.0,0.5,0.0,0.0,0.0,0.0,0.0,0.0,0.0,0.0,0.001602899635487398,15.62821860116026,4.378956426223842,-2.9070185405556193,1787248697.8975546
0.8616454601287842,IDLE,stop,0.0,0.0,0.5,0.0,0.0,0.0,0.0,0.0,0.0,0.0,0.0,0.0007854481642057894,15.62821860098,4.378956426180714,-2.9070185405556193,1787248697.917657
0.8805394172668457,IDLE,stop,0.0,0.0,0.5,0.0,0.0,0.0,0.0,0.0,0.0,0.0,0.0,0.0003848896593369256,15.628218600835991,4.378956426146273,-2.9070185405556193,1787248697.93763
0.9006450176239014,IDLE,stop,0.0,0.0,0.5,0.0,0.0,0.0,0.0,0.0,0.0,0.0,0.0,0.0002694350236751165,15.628218600496947,4.37895642606525,-2.9070185405556193,1787248697.9461584
0.9207930564880371,IDLE,stop,0.0,0.0,0.5,0.0,0.0,0.0,0.0,0.0,0.0,0.0,0.0,9.244892952536273e-05,15.628218600618842,4.378956426094357,-2.9070185405556193,1787248697.9786644
0.940535306930542,IDLE,stop,0.0,0.0,0.5,0.0,0.0,0.0,0.0,0.0,0.0,0.0,0.0,4.530853872310861e-05,15.62821860056008,4.37895642608031,-2.9070185405556193,1787248697.997777
0.9612023830413818,IDLE,stop,0.0,0.0,0.5,0.0,0.0,0.0,0.0,0.0,0.0,0.0,0.0,2.2207326683607316e-05,15.628218600514082,4.3789564260693155,-2.9070185405556193,1787248698.017759
0.9838323593139648,IDLE,stop,0.0,0.0,0.5,0.0,0.0,0.0,0.0,0.0,0.0,0.0,0.0,1.088607933271255e-05,15.628218600478892,4.378956426060904,-2.9070185405556193,1787248698.0376132
1.0026583671569824,IDLE,stop,0.0,0.0,0.5,0.0,0.0,0.0,0.0,0.0,0.0,0.0,0.0,5.338378640113951e-06,15.6282186003266,4.37895642602451,-2.9070185405556193,1787248698.0564783
1.0243902206420898,IDLE,stop,0.0,0.0,0.5,0.0,0.0,0.0,0.0,0.0,0.0,0.0,0.0,2.618214659920586e-06,15.628218600431675,4.37895642604962,-2.9070185405556193,1787248698.0779724
1.0407018661499023,IDLE,stop,0.0,0.0,0.5,0.0,0.0,0.0,0.0,0.0,0.0,0.0,0.0,1.2847191433972197e-06,15.628218600415934,4.378956426045858,-2.9070185405556193,1787248698.097593
1.060401439666748,IDLE,stop,0.0,0.0,0.5,0.0,0.0,0.0,0.0,0.0,0.0,0.0,0.0,6.307670930788533e-07,15.628218600404999,4.378956426043245,-2.9070185405556193,1787248698.1184871
1.080474615097046,IDLE,stop,0.0,0.0,0.5,0.0,0.0,0.0,0.0,0.0,0.0,0.0,0.0,3.10094776855432e-07,15.628218600396407,4.378956426041191,-2.9070185405556193,1787248698.1378927
1.1009559631347656,IDLE,stop,0.0,0.0,0.5,0.0,0.0,0.0,0.0,0.0,0.0,0.0,0.0,1.5290077230150034e-07,15.628218600362539,4.378956426033098,-2.9070185405556193,1787248698.1563535
1.1209142208099365,IDLE,stop,0.0,0.0,0.5,0.0,0.0,0.0,0.0,0.0,0.0,0.0,0.0,7.553376802347673e-08,15.628218600385244,4.378956426038523,-2.9070185405556193,1787248698.1775656
1.140801191329956,IDLE,stop,0.0,0.0,0.5,0.0,0.0,0.0,0.0,0.0,0.0,0.0,0.0,3.73993922433733e-08,15.628218600381706,4.378956426037678,-2.9070185405556193,1787248698.1977258
1.16062593460083,IDLE,stop,0.0,0.0,0.5,0.0,0.0,0.0,0.0,0.0,0.0,0.0,0.0,1.861399736856826e-08,15.62821860037907,4.378956426037048,-2.9070185405556193,1787248698.217792
1.180626392364502,IDLE,stop,0.0,0.0,0.5,0.0,0.0,0.0,0.0,0.0,0.0,0.0,0.0,9.345723200521292e-09,15.628218600377394,4.378956426036647,-2.9070185405556193,1787248698.237632
1.2025303840637207,IDLE,stop,0.0,0.0,0.5,0.0,0.0,0.0,0.0,0.0,0.0,0.0,0.0,4.782678599577756e-09,15.628218600369587,4.378956426034781,-2.9070185405556193,1787248698.2576818
1.220611333847046,IDLE,stop,0.0,0.0,0.5,0.0,0.0,0.0,0.0,0.0,0.0,0.0,0.0,2.4887589788327733e-09,15.628218600375083,4.378956426036095,-2.9070185405556193,1787248698.2778962
1.240626573562622,IDLE,stop,0.0,0.0,0.5,0.0,0.0,0.0,0.0,0.0,0.0,0.0,0.0,1.3119361631873626e-09,15.628218600374337,4.3789564260359155,-2.9070185405556193,1787248698.2975285
1.2611167430877686,IDLE,stop,0.0,0.0,0.5,0.0,0.0,0.0,0.0,0.0,0.0,0.0,0.0,7.084827972915653e-10,15.628218600373772,4.3789564260357805,-2.9070185405556193,1787248698.3176942
1.2809383869171143,IDLE,stop,0.0,0.0,0.5,0.0,0.0,0.0,0.0,0.0,0.0,0.0,0.0,4.119572105053796e-10,15.62821860037147,4.378956426035231,-2.9070185405556193,1787248698.336179
1.3004896640777588,IDLE,stop,0.0,0.0,0.5,0.0,0.0,0.0,0.0,0.0,0.0,0.0,0.0,2.369047280944608e-10,15.628218600373016,4.378956426035601,-2.9070185405556193,1787248698.3578796
1.320457935333252,IDLE,stop,0.0,0.0,0.5,0.0,0.0,0.0,0.0,0.0,0.0,0.0,0.0,1.4306520942744527e-10,15.628218600372788,4.378956426035547,-2.9070185405556193,1787248698.3774192
1.3407623767852783,IDLE,stop,0.0,0.0,0.5,0.0,0.0,0.0,0.0,0.0,0.0,0.0,0.0,8.948825912714268e-11,15.62821860037261,4.378956426035504,-2.9070185405556193,1787248698.3975863
1.360673189163208,IDLE,stop,0.0,0.0,0.5,0.0,0.0,0.0,0.0,0.0,0.0,0.0,0.0,5.837020134140025e-11,15.628218600372477,4.378956426035473,-2.9070185405556193,1787248698.417707
1.3888304233551025,IDLE,stop,0.0,0.0,0.5,0.0,0.0,0.0,0.0,0.0,0.0,0.0,0.0,4.312436492505675e-11,15.628218600371962,4.37895642603535,-2.9070185405556193,1787248698.4361749
1.4004418849945068,IDLE,stop,0.0,0.0,0.5,0.0,0.0,0.0,0.0,0.0,0.0,0.0,0.0,2.936166875975084e-11,15.628218600372316,4.378956426035434,-2.9070185405556193,1787248698.457573
1.42063307762146,IDLE,stop,0.0,0.0,0.5,0.0,0.0,0.0,0.0,0.0,0.0,0.0,0.0,2.2555042198252017e-11,15.628218600372023,4.378956426035364,-2.9070185405556193,1787248698.4762564
1.4405996799468994,IDLE,stop,0.0,0.0,0.5,0.0,0.0,0.0,0.0,0.0,0.0,0.0,0.0,1.5770149318897296e-11,15.62821860037223,4.378956426035414,-2.9070185405556193,1787248698.497867
1.460582971572876,IDLE,stop,0.0,0.0,0.5,0.0,0.0,0.0,0.0,0.0,0.0,0.0,0.0,1.1268267658466953e-11,15.628218600372207,4.378956426035408,-2.9070185405556193,1787248698.5174673
1.4816598892211914,IDLE,stop,0.0,0.0,0.5,0.0,0.0,0.0,0.0,0.0,0.0,0.0,0.0,7.969478940880961e-12,15.628218600372188,4.378956426035404,-2.9070185405556193,1787248698.5394793
1.5013096332550049,IDLE,stop,0.0,0.0,0.5,0.0,0.0,0.0,0.0,0.0,0.0,0.0,0.0,6.707623483036564e-12,15.628218600372099,4.378956426035383,-2.9070185405556193,1787248698.5562077
1.5210061073303223,IDLE,stop,0.0,0.0,0.5,0.0,0.0,0.0,0.0,0.0,0.0,0.0,0.0,4.7149847502710205e-12,15.628218600372161,4.378956426035397,-2.9070185405556193,1787248698.577627
1.5405633449554443,IDLE,stop,0.0,0.0,0.5,0.0,0.0,0.0,0.0,0.0,0.0,0.0,0.0,3.342251903352273e-12,15.628218600372154,4.378956426035396,-2.9070185405556193,1787248698.5973144
1.560837984085083,IDLE,stop,0.0,0.0,0.5,0.0,0.0,0.0,0.0,0.0,0.0,0.0,0.0,2.3650774460418406e-12,15.628218600372147,4.378956426035394,-2.9070185405556193,1787248698.6174011
1.580395221710205,IDLE,stop,0.0,0.0,0.5,0.0,0.0,0.0,0.0,0.0,0.0,0.0,0.0,1.7109606506443894e-12,15.628218600372143,4.378956426035393,-2.9070185405556193,1787248698.6376436
1.6005682945251465,IDLE,stop,0.0,0.0,0.5,0.0,0.0,0.0,0.0,0.0,0.0,0.0,0.0,1.255199704181049e-12,15.628218600372142,4.3789564260353915,-2.9070185405556193,1787248698.6576002
1.6211316585540771,IDLE,stop,0.0,0.0,0.5,0.0,0.0,0.0,0.0,0.0,0.0,0.0,0.0,9.323508957260917e-13,15.62821860037214,4.378956426035391,-2.9070185405556193,1787248698.6779413
1.6405861377716064,IDLE,stop,0.0,0.0,0.5,0.0,0.0,0.0,0.0,0.0,0.0,0.0,0.0,6.891228459207813e-13,15.628218600372138,4.378956426035391,-2.9070185405556193,1787248698.6978345
1.6606082916259766,IDLE,stop,0.0,0.0,0.5,0.0,0.0,0.0,0.0,0.0,0.0,0.0,0.0,5.273992036180484e-13,15.628218600372138,4.378956426035391,-2.9070185405556193,1787248698.717443
1.6805346012115479,IDLE,stop,0.0,0.0,0.5,0.0,0.0,0.0,0.0,0.0,0.0,0.0,0.0,3.9355714448639043e-13,15.628218600372136,4.37895642603539,-2.9070185405556193,1787248698.737613
1.7005529403686523,IDLE,stop,0.0,0.0,0.5,0.0,0.0,0.0,0.0,0.0,0.0,0.0,0.0,2.9878708273178533e-13,15.628218600372133,4.378956426035388,-2.9070185405556193,1787248698.7565885
1.720611810684204,IDLE,stop,0.0,0.0,0.5,0.0,0.0,0.0,0.0,0.0,0.0,0.0,0.0,2.0687554153693444e-13,15.628218600372135,4.378956426035389,-2.9070185405556193,1787248698.777595
1.7407047748565674,IDLE,stop,0.0,0.0,0.5,0.0,0.0,0.0,0.0,0.0,0.0,0.0,0.0,1.9620909333083431e-13,15.628218600372131,4.378956426035389,-2.9070185405556193,1787248698.7965498
1.761059284210205,IDLE,stop,0.0,0.0,0.5,0.0,0.0,0.0,0.0,0.0,0.0,0.0,0.0,1.6775080434557507e-13,15.628218600372133,4.37895642603539,-2.9070185405556193,1787248698.8174222
1.7805557250976562,IDLE,stop,0.0,0.0,0.5,0.0,0.0,0.0,0.0,0.0,0.0,0.0,0.0,1.2958540640623874e-13,15.628218600372135,4.37895642603539,-2.9070185405556193,1787248698.8374019
1.801159381866455,IDLE,stop,0.0,0.0,0.5,0.0,0.0,0.0,0.0,0.0,0.0,0.0,0.0,6.349684913905697e-14,15.628218600372135,4.37895642603539,-2.9070185405556193,1787248698.8644888
1.8206336498260498,IDLE,stop,0.0,0.0,0.5,0.0,0.0,0.0,0.0,0.0,0.0,0.0,0.0,3.111345607813791e-14,15.628218600372135,4.37895642603539,-2.9070185405556193,1787248698.8761759
1.8405652046203613,IDLE,stop,0.0,0.0,0.5,0.0,0.0,0.0,0.0,0.0,0.0,0.0,0.0,1.5245593478287575e-14,15.628218600372135,4.37895642603539,-2.9070185405556193,1787248698.897515
1.861109733581543,IDLE,stop,0.0,0.0,0.5,0.0,0.0,0.0,0.0,0.0,0.0,0.0,0.0,7.47034080436091e-15,15.628218600372135,4.37895642603539,-2.9070185405556193,1787248698.917811
1.880676031112671,IDLE,stop,0.0,0.0,0.5,0.0,0.0,0.0,0.0,0.0,0.0,0.0,0.0,3.6604669941368456e-15,15.628218600372135,4.37895642603539,-2.9070185405556193,1787248698.938235
1.9005951881408691,IDLE,stop,0.0,0.0,0.5,0.0,0.0,0.0,0.0,0.0,0.0,0.0,0.0,1.7936288271270543e-15,15.628218600372135,4.37895642603539,-2.9070185405556193,1787248698.9561603
1.920642375946045,IDLE,stop,0.0,0.0,0.5,0.0,0.0,0.0,0.0,0.0,0.0,0.0,0.0,8.788781252922565e-16,15.628218600372135,4.37895642603539,-2.9070185405556193,1787248698.9761305
1.9407329559326172,IDLE,stop,0.0,0.0,0.5,0.0,0.0,0.0,0.0,0.0,0.0,0.0,0.0,4.3065028139320567e-16,15.628218600372135,4.37895642603539,-2.9070185405556193,1787248698.9975624
1.9605379104614258,IDLE,stop,0.0,0.0,0.5,0.0,0.0,0.0,0.0,0.0,0.0,0.0,0.0,2.1101863788267075e-16,15.628218600372135,4.37895642603539,-2.9070185405556193,1787248699.0180583
1.9808759689331055,IDLE,stop,0.0,0.0,0.5,0.0,0.0,0.0,0.0,0.0,0.0,0.0,0.0,1.0339913256250865e-16,15.628218600372135,4.37895642603539,-2.9070185405556193,1787248699.038269
2.0009822845458984,IDLE,stop,0.0,0.0,0.5,0.0,0.0,0.0,0.0,0.0,0.0,0.0,0.0,5.066557495562923e-17,15.628218600372135,4.37895642603539,-2.9070185405556193,1787248699.0590959
2.0208544731140137,IDLE,stop,0.0,0.0,0.5,0.0,0.0,0.0,0.0,0.0,0.0,0.0,0.0,2.482613172825832e-17,15.628218600372135,4.37895642603539,-2.9070185405556193,1787248699.0794725
2.0411431789398193,IDLE,stop,0.0,0.0,0.5,0.0,0.0,0.0,0.0,0.0,0.0,0.0,0.0,1.2164804546846574e-17,15.628218600372135,4.37895642603539,-2.9070185405556193,1787248699.0974915
2.060555934906006,IDLE,stop,0.0,0.0,0.5,0.0,0.0,0.0,0.0,0.0,0.0,0.0,0.0,5.9607542279548216e-18,15.628218600372135,4.37895642603539,-2.9070185405556193,1787248699.1170728
2.0805933475494385,IDLE,stop,0.0,0.0,0.5,0.0,0.0,0.0,0.0,0.0,0.0,0.0,0.0,2.9207695716978622e-18,15.628218600372135,4.37895642603539,-2.9070185405556193,1787248699.1380332
2.100578784942627,IDLE,stop,0.0,0.0,0.5,0.0,0.0,0.0,0.0,0.0,0.0,0.0,0.0,1.4311770901319523e-18,15.628218600372135,4.37895642603539,-2.9070185405556193,1787248699.157736
2.1206448078155518,IDLE,stop,0.0,0.0,0.5,0.0,0.0,0.0,0.0,0.0,0.0,0.0,0.0,7.012767741646566e-19,15.628218600372135,4.37895642603539,-2.9070185405556193,1787248699.1766415
2.1404829025268555,IDLE,stop,0.0,0.0,0.5,0.0,0.0,0.0,0.0,0.0,0.0,0.0,0.0,3.4362561934068163e-19,15.628218600372135,4.37895642603539,-2.9070185405556193,1787248699.1979678
2.161498546600342,IDLE,stop,0.0,0.0,0.5,0.0,0.0,0.0,0.0,0.0,0.0,0.0,0.0,1.1786358743385379e-19,15.628218600372135,4.37895642603539,-2.9070185405556193,1787248699.2260966
2.1806442737579346,IDLE,stop,0.0,0.0,0.5,0.0,0.0,0.0,0.0,0.0,0.0,0.0,0.0,8.250451120369764e-20,15.628218600372135,4.37895642603539,-2.9070185405556193,1787248699.2380745
2.2007312774658203,IDLE,stop,0.0,0.0,0.5,0.0,0.0,0.0,0.0,0.0,0.0,0.0,0.0,4.042721048981184e-20,15.628218600372135,4.37895642603539,-2.9070185405556193,1787248699.256707
2.2206408977508545,IDLE,stop,0.0,0.0,0.5,0.0,0.0,0.0,0.0,0.0,0.0,0.0,0.0,1.98093331400078e-20,15.628218600372135,4.37895642603539,-2.9070185405556193,1787248699.2776203
2.2406508922576904,IDLE,stop,0.0,0.0,0.5,0.0,0.0,0.0,0.0,0.0,0.0,0.0,0.0,9.70657323860382e-21,15.628218600372135,4.37895642603539,-2.9070185405556193,1787248699.2968156
2.2609755992889404,IDLE,stop,0.0,0.0,0.5,0.0,0.0,0.0,0.0,0.0,0.0,0.0,0.0,4.756220886915871e-21,15.628218600372135,4.37895642603539,-2.9070185405556193,1787248699.3195875
2.280787706375122,IDLE,stop,0.0,0.0,0.5,0.0,0.0,0.0,0.0,0.0,0.0,0.0,0.0,2.3305482345887766e-21,15.628218600372135,4.37895642603539,-2.9070185405556193,1787248699.3378348
2.300546884536743,IDLE,stop,0.0,0.0,0.5,0.0,0.0,0.0,0.0,0.0,0.0,0.0,0.0,1.1419686349485005e-21,15.628218600372135,4.37895642603539,-2.9070185405556193,1787248699.3561788
2.32084321975708,IDLE,stop,0.0,0.0,0.5,0.0,0.0,0.0,0.0,0.0,0.0,0.0,0.0,5.595646311247652e-22,15.628218600372135,4.37895642603539,-2.9070185405556193,1787248699.3777382
2.341956377029419,IDLE,stop,0.0,0.0,0.5,0.0,0.0,0.0,0.0,0.0,0.0,0.0,0.0,2.741866692511349e-22,15.628218600372135,4.37895642603539,-2.9070185405556193,1787248699.3976398
2.3607194423675537,IDLE,stop,0.0,0.0,0.5,0.0,0.0,0.0,0.0,0.0,0.0,0.0,0.0,1.343514679330561e-22,15.628218600372135,4.37895642603539,-2.9070185405556193,1787248699.4176252
2.3838186264038086,IDLE,stop,0.0,0.0,0.5,0.0,0.0,0.0,0.0,0.0,0.0,0.0,0.0,6.583221928719748e-23,15.628218600372135,4.37895642603539,-2.9070185405556193,1787248699.4361444
2.4011921882629395,IDLE,stop,0.0,0.0,0.5,0.0,0.0,0.0,0.0,0.0,0.0,0.0,0.0,4.6082553501038235e-23,15.628218600372135,4.37895642603539,-2.9070185405556193,1787248699.448314
2.420553207397461,IDLE,stop,0.0,0.0,0.5,0.0,0.0,0.0,0.0,0.0,0.0,0.0,0.0,1.5806315850856112e-23,15.628218600372135,4.37895642603539,-2.9070185405556193,1787248699.478896
2.440601348876953,IDLE,stop,0.0,0.0,0.5,0.0,0.0,0.0,0.0,0.0,0.0,0.0,0.0,7.745094766919494e-24,15.628218600372135,4.37895642603539,-2.9070185405556193,1787248699.4964318
2.4642465114593506,IDLE,stop,0.0,0.0,0.5,0.0,0.0,0.0,0.0,0.0,0.0,0.0,0.0,5.421566336843645e-24,15.628218600372135,4.37895642603539,-2.9070185405556193,1787248699.5077646
2.4810495376586914,IDLE,stop,0.0,0.0,0.5,0.0,0.0,0.0,0.0,0.0,0.0,0.0,0.0,1.8595972535373703e-24,15.628218600372135,4.37895642603539,-2.9070185405556193,1787248699.5362704
2.5045931339263916,IDLE,stop,0.0,0.0,0.5,0.0,0.0,0.0,0.0,0.0,0.0,0.0,0.0,9.112026542333114e-25,15.628218600372135,4.37895642603539,-2.9070185405556193,1787248699.5590317
2.5208117961883545,IDLE,stop,0.0,0.0,0.5,0.0,0.0,0.0,0.0,0.0,0.00018948118077872315,-0.335509191983828,0.09763317490383905,4.464893005743226e-25,15.628218600372135,4.37895642603539,-2.9070185405556193,1787248699.5770547
2.5414185523986816,IDLE,stop,0.0,0.0,0.5,0.0,0.0,0.0,0.0,0.0,0.001220050531493868,-0.35968245960746614,0.07363230878657845,2.18779757281418e-25,15.628218600372135,4.37895642603539,-2.9070185405556193,1787248699.5971003
2.5617308616638184,IDLE,stop,0.0,0.0,0.5,0.0,0.0,0.0,0.0,0.0,0.00018271388429048652,-0.36870010906261896,0.08813143078960195,1.0720208106789483e-25,15.628218600372135,4.37895642603539,-2.9070185405556193,1787248699.619262
2.5826258659362793,IDLE,stop,0.0,0.0,0.5,0.0,0.0,0.0,0.0,0.0,0.00017698743776100315,-0.3224883557962741,0.04463351660404058,0.3043135626152814,15.617149709400536,4.376988399731493,-2.907594888586337,1787248699.638933
2.6005630493164062,IDLE,stop,0.0,0.0,0.5,0.0,0.0,0.0,0.001,16.1,-0.0008757061432155494,-0.3169121218056823,0.04481361085383995,0.44884626929678395,15.626480708178066,4.379900933161662,-2.9070744320443027,1787248699.651368
2.622406482696533,IDLE,stop,0.0,0.0,0.5,0.0,0.0,0.0,0.001,16.1,-0.0008978304059862476,-0.34926034543761375,0.10256526497256324,0.3297897890204395,15.623078032049927,4.380335566629123,-2.907262242067829,1787248699.6806612
2.6404848098754883,IDLE,stop,0.0,0.0,0.5,0.0,0.0,0.0,0.0,16.1,-0.001940893467209822,-0.3452571587052127,0.06885473139807985,0.1621774129474595,15.623075118432833,4.380334872678265,-2.907262242067829,1787248699.6976745
2.660757303237915,IDLE,stop,0.0,0.0,0.5,0.0,0.0,0.0,0.001,16.1,0.0012268176654356515,-0.3594015739735461,0.05932665653973146,0.07986296145415989,15.623060988254883,4.380331499580891,-2.907262242067829,1787248699.7162344
2.680398464202881,IDLE,stop,0.0,0.0,0.5,0.0,0.0,0.0,0.001,16.1,-0.0008785693014617098,-0.30316096835189654,0.06862164675416338,0.03944112351000672,15.623071845650985,4.380334092687536,-2.907262242067829,1787248699.7376778
2.702209949493408,IDLE,stop,0.0,0.0,0.5,0.0,0.0,0.0,0.002,16.1,-0.0008853366954778184,-0.391412705608694,0.10278546746894435,0.027745670438273275,15.623068059679483,4.380333188916149,-2.907262242067829,1787248699.7462084
2.7204976081848145,IDLE,stop,0.0,0.0,0.5,0.0,0.0,0.0,0.001,16.1,0.00017698743776100315,-0.3171368376218382,0.04476208226369849,0.1802725428335114,15.627208744244312,4.381946449565566,-2.9070753003416745,1787248699.7813833
2.740670680999756,IDLE,stop,0.0,0.0,0.5,0.0,0.0,0.0,0.002,16.1,-0.0019658808882266807,-0.34013035634693267,0.09288192825945174,0.08833620464657026,15.62720866580776,4.381946430848956,-2.9070753003416745,1787248699.7974713
2.7604990005493164,IDLE,stop,0.0,0.0,0.5,0.0,0.0,0.0,0.001,16.1,0.00018271388429048652,-0.3546680334298138,0.08805373590829646,0.04328590489781245,15.627208676163912,4.381946433327551,-2.9070753003416745,1787248699.817801
2.7803471088409424,IDLE,stop,0.0,0.0,0.5,0.0,0.0,0.0,0.001,16.1,-0.0008603491444237971,-0.3925924545072377,0.06898497813230975,0.021211268097613215,15.627208717500599,4.381946443203441,-2.9070753003416745,1787248699.8360996
2.8006136417388916,IDLE,stop,0.0,0.0,0.5,0.0,0.0,0.0,0.001,16.1,0.002313088564788322,-0.39208685305716173,0.0595208206527964,0.010394286477344283,15.62720871456346,4.381946442504115,-2.9070753003416745,1787248699.858775
2.8205678462982178,IDLE,stop,0.0,0.0,0.5,0.0,0.0,0.0,0.001,16.1,0.00017985066102574486,-0.3075012470810812,0.05914473503496254,0.06875548809649074,15.629374005319596,4.383063032938161,-2.907503896477323,1787248699.8791814
2.8405232429504395,IDLE,stop,0.0,0.0,0.5,0.0,0.0,0.0,0.001,16.1,0.0001866179575139815,-0.330382389625548,0.064180101554566,0.03412160115820699,15.629378144357842,4.383064015869675,-2.9075038964773228,1787248699.89767
2.8606672286987305,IDLE,stop,0.0,0.0,0.5,0.0,0.0,0.0,0.001,16.1,-0.0009064200107618914,-0.35912068833962607,0.08334109916141585,0.01708968601216319,15.629391384108745,4.383067173026434,-2.9075038964773228,1787248699.9162767
2.880788803100586,IDLE,stop,0.0,0.0,0.5,0.0,0.0,0.0,0.001,16.1,0.00020483814706118484,-0.34565038397466097,0.03523448249164218,0.008561963718783167,15.62938330111953,4.3830652420888585,-2.9075038964773228,1787248699.9374702
2.9003753662109375,IDLE,stop,0.0,0.0,0.5,0.0,0.0,0.0,0.001,16.1,-0.000907460828211354,-0.3256488490818157,0.12643736443211928,0.004397450153563577,15.629391616336495,4.383067224939113,-2.9075038964773228,1787248699.9590642
2.923081398010254,IDLE,stop,0.0,0.0,0.5,0.0,0.0,0.0,0.001,16.1,0.0012546685047729958,-0.35010303888447325,0.08321205841546586,0.12208554211384792,15.622345344849775,4.3819843716748235,-2.907400022317787,1787248699.9860606
2.9405245780944824,IDLE,stop,0.0,0.0,0.5,0.0,0.0,0.0,0.002,16.1,0.0023409391440513414,-0.34565038397466097,0.07355465045037235,0.08588600618181373,15.622361274798754,4.3819881706805415,-2.9074000223177867,1787248699.99759
2.9606521129608154,IDLE,stop,0.0,0.0,0.5,0.0,0.0,0.0,0.001,16.1,-0.0009035568525157311,-0.3412539354277122,0.08783442876685044,0.04327379004617341,15.622315925900462,4.381977351783972,-2.9074000223177867,1787248700.017524
2.984814405441284,IDLE,stop,0.0,0.0,0.5,0.0,0.0,0.0,0.001,16.1,0.0012564908455696936,-0.3679697552512877,0.1074588730516286,0.04327379004617341,15.622315925900462,4.381977351783972,-2.9074000223177867,1787248700.017524
3.004020929336548,IDLE,stop,0.0,0.0,0.5,0.0,0.0,0.0,0.001,16.0,-0.0008853366954778184,-0.3587274265250784,0.10738134262327037,0.030464444950829204,15.622290467658711,4.381971277452313,-2.9074000223177867,1787248700.0629652
3.0299835205078125,IDLE,stop,0.0,0.0,0.5,0.0,0.0,0.0,0.001,16.1,0.0023352125674846952,-0.3075574168988453,0.02081166665614731,0.030464444950829204,15.622290467658711,4.381971277452313,-2.9074000223177867,1787248700.0629652
3.0455124378204346,IDLE,stop,0.0,0.0,0.5,0.0,0.0,0.0,0.002,16.1,-0.001940893467209822,-0.3836872177778119,0.07841021508097157,0.030464444950829204,15.622290467658711,4.381971277452313,-2.9074000223177867,1787248700.0629652
3.061129570007324,IDLE,stop,0.0,0.0,0.5,0.0,0.0,0.0,0.001,16.1,-0.0008699796966860659,-0.32170183216717874,0.07355388300328514,0.030464444950829204,15.622290467658711,4.381971277452313,-2.9074000223177867,1787248700.0629652
3.082322359085083,IDLE,stop,0.0,0.0,0.5,0.0,0.0,0.0,0.001,16.1,0.002294868277713247,-0.36847539324646306,0.09297292555693559,0.1170651239012484,15.625547490272721,4.383336016501564,-2.90739730208202,1787248700.139849
3.1002047061920166,IDLE,stop,0.0,0.0,0.5,0.0,0.0,0.0,0.001,16.1,-0.0008796102489483351,-0.31296510489104534,0.07815048905959898,0.057460806345925916,15.625543615077326,4.383335091984211,-2.90739730208202,1787248700.161711
3.1220569610595703,IDLE,stop,0.0,0.0,0.5,0.0,0.0,0.0,0.001,16.1,0.0001730833645375082,-0.38228271651801293,0.08831210976099158,0.07108791403976175,15.626859988087311,4.384218787710868,-2.9073864789580273,1787248700.1779587
3.1404850482940674,IDLE,stop,0.0,0.0,0.5,0.0,0.0,0.0,0.001,16.1,-0.0009006935642324081,-0.32643537271091105,0.05440680907930329,0.034865624876869936,15.626859957662509,4.384218780440608,-2.9073864789580273,1787248700.1977868
3.1604225635528564,IDLE,stop,0.0,0.0,0.5,0.0,0.0,0.0,0.001,16.1,0.00016735691800802484,-0.35945774379131024,0.0593137561196464,0.017106009690569145,15.626859900685345,4.384218766841045,-2.9073864789580273,1787248700.2173915
3.1804893016815186,IDLE,stop,0.0,0.0,0.5,0.0,0.0,0.0,0.001,16.1,0.0012882456606026608,-0.33579007761774804,0.10235882170610289,0.008396630527810117,15.6268598378559,4.384218751847932,-2.9073864789580273,1787248700.2375855
3.2005057334899902,IDLE,stop,0.0,0.0,0.5,0.0,0.0,0.0,0.001,16.1,0.00017698743776100315,-0.3318992305208752,0.09736266807814609,0.004127273748380032,15.626859378815569,4.384218642328009,-2.9073864789580273,1787248700.2561445
3.220606803894043,IDLE,stop,0.0,0.0,0.5,0.0,0.0,0.0,0.001,16.1,0.0012393115059812433,-0.3726471259772559,0.08832468127518212,0.06895116026203671,15.622703865555314,4.383791229255338,-2.9072783069808508,1787248700.2775695
3.2403404712677,IDLE,stop,0.0,0.0,0.5,0.0,0.0,0.0,0.001,16.1,0.0012450379525107266,-0.32175803853004226,0.05917093787122596,0.03432175905727044,15.622684758763947,4.383786668485925,-2.9072783069808508,1787248700.2961144
3.2604122161865234,IDLE,stop,0.0,0.0,0.5,0.0,0.0,0.0,0.001,16.1,0.0012546685047729958,-0.3552860110605174,0.06875203966879084,0.017093097299371373,15.622696741831525,4.383789527090681,-2.907278306980852,1787248700.3175743
3.280456066131592,IDLE,stop,0.0,0.0,0.5,0.0,0.0,0.0,0.001,16.1,-0.0008660755909532803,-0.33968092471462086,0.11214501460145065,0.008591071255987516,15.622694576004664,4.383789009772094,-2.9072783069808525,1787248700.3376145
3.3018887042999268,IDLE,stop,0.0,0.0,0.5,0.0,0.0,0.0,0.001,16.1,0.00019911170053170147,-0.34559421415689684,0.02566730437694531,0.004426493484432869,15.622685439190201,4.383786828824852,-2.9072783069808525,1787248700.359758
3.3205511569976807,ARM,stop,0.0,0.0,0.5,0.0,0.0,0.0,0.001,16.1,0.00017022014127276652,-0.3162941441749787,0.11201551704175827,0.11442460657215739,15.626163179144092,4.385192507930939,-2.9074694704209096,1787248700.3778965
3.340932607650757,ARM,stop,0.0,0.0,0.5,0.0,0.0,0.0,0.001,16.1,0.0012546685047729958,-0.34536949834074093,0.07840900909269166,0.05649708344124191,15.62614620693264,4.385188453497735,-2.907469470420908,1787248700.3975513
3.36139178276062,ARM,stop,0.0,0.0,0.5,0.0,0.0,0.0,0.001,16.1,0.00019520762730820652,-0.35461182706695027,0.08327659706099055,0.028038468114684266,15.62614997175698,4.385189350047762,-2.9074694704209074,1787248700.4177344
3.380561113357544,ARM,stop,0.0,0.0,0.5,0.0,0.0,0.0,0.001,16.1,0.0023198556987301055,-0.31257184307649766,0.05908048875023297,0.01401738099474614,15.626152667232258,4.3851899921517905,-2.9074694704209074,1787248700.4377475
3.400484561920166,ARM,stop,0.0,0.0,0.5,0.0,0.0,0.0,0.001,16.1,-0.0008699796966860659,-0.32243218597851,0.05901646173609976,0.0071385339599868355,15.626162553983217,4.385192350110443,-2.9074694704209074,1787248700.4567492
3.420597791671753,ARM,stop,0.0,0.0,0.5,0.0,0.0,0.0,0.001,16.1,0.001220050531493868,-0.3829006941487165,0.10733058148021613,0.00365108057739352,15.626156053066994,4.3851907990326335,-2.9074694704209074,1787248700.4782336
3.4402849674224854,ARM,stop,0.0,0.0,0.5,0.0,0.0,0.0,0.001,16.1,0.0012700253735275855,-0.35027158488286503,0.08317343024540946,0.09368413087781498,15.63011192522532,4.38669709195227,-2.907289558544847,1787248700.4979644
3.4611921310424805,ARM,stop,0.0,0.0,0.5,0.0,0.0,0.0,0.001,16.1,0.0012518052164896727,-0.35483657942820557,0.0832250684708491,0.046558031229173895,15.630118823924192,4.386698741022286,-2.9072895585448477,1787248700.5173516
3.4805383682250977,ARM,stop,0.0,0.0,0.5,0.0,0.0,0.0,0.001,16.1,0.0012393115059812433,-0.34114159579218395,0.08786019306192117,0.02328038101052544,15.6301237542878,4.38669991917628,-2.907289558544848,1787248700.537375
3.501035213470459,ARM,stop,0.0,0.0,0.5,0.0,0.0,0.0,0.002,16.1,-0.0008978304059862476,-0.3964833016041105,0.07877117102765752,0.011749741132562736,15.63012729735526,4.386700765597216,-2.9072895585448486,1787248700.5577397
3.5205392837524414,ARM,stop,0.0,0.0,0.5,0.0,0.0,0.0,0.001,16.1,0.00020483814706118484,-0.30316096835189654,0.06862164675416338,0.04981258400106215,15.631917576003696,4.38771878975683,-2.90717608321204,1787248700.580434
3.541538715362549,ARM,stop,0.0,0.0,0.5,0.0,0.0,0.0,0.001,16.1,0.00016735691800802484,-0.3781109837872201,0.05943022535140585,0.025176522905955893,15.63192376351604,4.38772026995867,-2.907176083212039,1787248700.5977614
3.560525894165039,ARM,stop,0.0,0.0,0.5,0.0,0.0,0.0,0.001,16.1,-0.0008603491444237971,-0.35923302797515433,0.07852533214405355,0.01277090019766254,15.63192819127652,4.387721328728684,-2.907176083212038,1787248700.6182115
3.5810585021972656,ARM,stop,0.0,0.0,0.5,0.0,0.0,0.0,0.001,16.1,-0.0008785693014617098,-0.3549489190637338,0.030509091505074082,0.00660685103475313,15.631931406327617,4.387722097261053,-2.9071760832120375,1787248700.6374013
3.600922107696533,ARM,stop,0.0,0.0,0.5,0.0,0.0,0.0,0.001,16.1,0.0012603948212653164,-0.3779424377888283,0.06425889278885322,0.003480961364584214,15.631933450763432,4.387722585913554,-2.907176083212037,1787248700.6578486
3.6205666065216064,ARM,stop,0.0,0.0,0.5,0.0,0.0,0.0,0.001,16.1,-0.001915905786118638,-0.3271095201593788,0.08778249818061568,0.19579678771170927,15.624635494911526,4.3865009026600275,-2.907360489905708,1787248700.6777766
3.640568733215332,ARM,stop,0.0,0.0,0.5,0.0,0.0,0.0,0.001,16.1,0.00018948118077872315,-0.36351713688657483,0.07864136283462031,0.09726589383524391,15.624690848720915,4.386514129109485,-2.90736048990571,1787248700.698592
3.6605734825134277,ARM,stop,0.0,0.0,0.5,0.0,0.0,0.0,0.001,16.1,0.00017698743776100315,-0.33556536180159213,0.06409016406496448,0.04909172729644018,15.624642750336845,4.386502652257806,-2.90736048990571,1787248700.7161248
3.681385040283203,ARM,stop,0.0,0.0,0.5,0.0,0.0,0.0,0.001,16.1,-0.0008757061432155494,-0.3411977656099481,0.04952712468310594,0.024756658309980393,15.62467348962514,4.386509992418234,-2.9073604899057104,1787248700.7377462
3.700824737548828,ARM,stop,0.0,0.0,0.5,0.0,0.0,0.0,0.002,16.1,0.00021733189007890484,-0.3397932643501491,0.1169092713012212,0.012875026265699321,15.624640636412218,4.386502153247353,-2.9073604899057104,1787248700.761086
3.7202866077423096,ARM,stop,0.0,0.0,0.5,0.0,0.0,0.0,0.002,16.1,0.0001741242144962615,-0.3312250830724075,0.05919699452709182,0.05780404045856101,15.626441804745186,4.387444494175096,-2.9073420290061502,1787248700.7761831
3.7405707836151123,ARM,stop,0.0,0.0,0.5,0.0,0.0,0.0,0.001,16.1,-0.0008728428549322264,-0.34497623652619325,0.08807917129747267,0.028616559431276167,15.626454417441863,4.387447504384467,-2.9073420290061502,1787248700.7972932
3.7605841159820557,ARM,stop,0.0,0.0,0.5,0.0,0.0,0.0,0.0,16.1,0.00019807085057294823,-0.33133745925303515,0.06875127222170363,0.014203670573131388,15.626452930578523,4.387447149648251,-2.9073420290061502,1787248700.8186524
3.7805891036987305,ARM,stop,0.0,0.0,0.5,0.0,0.0,0.0,0.001,16.1,0.0012661213978319625,-0.3538253399829543,0.0834568009460881,0.007110762281741961,15.62645180651838,4.387446881453216,-2.9073420290061502,1787248700.8375983
3.8012969493865967,ARM,stop,0.0,0.0,0.5,0.0,0.0,0.0,0.001,16.1,0.002313088564788322,-0.39191830705876995,0.10745964049871581,0.003617773769901042,15.626447027509506,4.3874457410310965,-2.9073420290061502,1787248700.8562243
3.8203506469726562,ARM,stop,0.0,0.0,0.5,0.0,0.0,0.0,0.001,16.1,-0.0008574859861776367,-0.3316745147047193,0.05909401043700768,0.06771387241969427,15.628665604983139,4.388472920697494,-2.9073478394045003,1787248700.8794348
3.8407962322235107,ARM,stop,0.0,0.0,0.5,0.0,0.0,0.0,0.001,16.1,0.00018271388429048652,-0.3591768581573902,0.07853819601903922,0.03356696306173652,15.628669413487545,4.388473829437852,-2.907347839404501,1787248700.8974614
3.8605380058288574,ARM,stop,0.0,0.0,0.5,0.0,0.0,0.0,0.002,16.1,0.00017698743776100315,-0.3548927492459697,0.10237228857522851,0.01669446719445408,15.628672122036994,4.388474475730518,-2.9073478394045016,1787248700.9177763
3.880601406097412,ARM,stop,0.0,0.0,0.5,0.0,0.0,0.0,0.001,16.1,-0.0008728428549322264,-0.35912068833962607,0.04023092848039411,0.00836671267408563,15.628674068719073,4.388474940238486,-2.907347839404502,1787248700.9380023
3.900458574295044,ARM,stop,0.0,0.0,0.5,0.0,0.0,0.0,0.001,16.1,0.0012479011107568872,-0.3077821327150012,0.08303046581659146,0.004242715156209496,15.62867547451229,4.388475275685544,-2.907347839404502,1787248700.9575217
3.921036720275879,ARM,stop,0.0,0.0,0.5,0.0,0.0,0.0,0.001,16.1,-0.001925536338380907,-0.37738066652098823,0.08833772787566474,0.11916417501078629,15.623477900941046,4.387739388192407,-2.907148415339915,1787248700.9802513
3.9405088424682617,ARM,stop,0.0,0.0,0.5,0.0,0.0,0.0,0.001,16.1,0.00017698743776100315,-0.30259919708405647,0.06396035587192728,0.059850036734590356,15.623434632423601,4.387729054105775,-2.907148415339915,1787248700.9962323
3.9608635902404785,ARM,stop,0.0,0.0,0.5,0.0,0.0,0.0,0.002,16.1,0.00018948118077872315,-0.3406359577970086,0.0831860383046994,0.02992505899337742,15.623460222629202,4.387735158178262,-2.9071484153399143,1787248701.0173206
3.9806432723999023,ARM,stop,0.0,0.0,0.5,0.0,0.0,0.0,0.001,16.1,-0.0008757061432155494,-0.3685877328819913,0.07857711654989075,0.015136418616231866,15.623455016899088,4.387733913338895,-2.9071484153399143,1787248701.0374644
4.000670671463013,ARM,stop,0.0,0.0,0.5,0.0,0.0,0.0,0.002,16.1,-0.0008824734071944954,-0.32621065689475515,0.11672859232983157,0.010893262906165381,15.623446153648752,4.387731796474204,-2.9071484153399143,1787248701.0466452
4.02205491065979,ARM,stop,0.0,0.0,0.5,0.0,0.0,0.0,0.0,16.1,0.00019234440404346486,-0.35861505034445074,0.06908690241451154,0.0822200306066005,15.626329976209325,4.388935404473995,-2.907401799624386,1787248701.080319
4.040611505508423,ARM,stop,0.0,0.0,0.5,0.0,0.0,0.0,0.0,16.1,0.00019234440404346486,-0.34565038397466097,0.054394566471007266,0.04077824069436721,15.62633457173421,4.388936498383819,-2.907401799624386,1787248701.097562
4.060755252838135,ARM,stop,0.0,0.0,0.5,0.0,0.0,0.0,0.002,16.1,-0.0008632123026699574,-0.35478037306534205,0.08323796889093416,0.02026565752252273,15.626337829023456,4.388937274128655,-2.907401799624386,1787248701.1177714
4.081260442733765,ARM,stop,0.0,0.0,0.5,0.0,0.0,0.0,0.001,16.1,0.0001866179575139815,-0.3639103987011225,0.0689712006298393,0.010144807579925239,15.626340129756054,4.388937822272714,-2.907401799624386,1787248701.1374686
4.104501247406006,ARM,stop,0.0,0.0,0.5,0.0,0.0,0.0,0.001,16.1,0.00019234440404346486,-0.33173068452248344,0.05908111001692262,0.005128081723130433,15.626341819100547,4.388938224891117,-2.907401799624386,1787248701.157499
4.1206560134887695,ARM,stop,0.0,0.0,0.5,0.0,0.0,0.0,0.001,16.1,0.00015772639825504655,-0.36379802252049487,0.12168717759561432,0.028406375486191647,15.62710958853916,4.389612128062251,-2.907513317193201,1787248701.1782918
4.140511751174927,ARM,stop,0.0,0.0,0.5,0.0,0.0,0.0,0.001,16.1,0.0023323496693128604,-0.33094419743848746,0.0832114736938756,0.014173012314971901,15.627099867727049,4.3896098069163205,-2.9075133171932017,1787248701.1972437
4.161077260971069,ARM,stop,0.0,0.0,0.5,0.0,0.0,0.0,0.001,16.1,-0.0008728428549322264,-0.3693742565110867,0.0783969126647932,0.0071301149438464315,15.62710204408076,4.38961032524032,-2.9075133171932017,1787248701.2176383
4.181482791900635,ARM,stop,0.0,0.0,0.5,0.0,0.0,0.0,0.0,16.1,-0.0009006935642324081,-0.33173068452248344,0.08303123326367867,0.0036374630174590725,15.627103584156893,4.389610692126261,-2.9075133171932017,1787248701.2374334
4.200559616088867,ARM,stop,0.0,0.0,0.5,0.0,0.0,0.0,0.001,16.1,-0.0008535818804448511,-0.31279655889265356,0.08776915921933792,0.001927424416829166,15.62710888753736,4.389611956719871,-2.9075133171932017,1787248701.2564769
4.221354722976685,ARM,stop,0.0,0.0,0.5,0.0,0.0,0.0,0.002,16.1,0.001267162215281425,-0.36763269979960356,0.09795606912950916,0.08801182387309854,15.62999511322119,4.39079666589081,-2.9074935529827566,1787248701.2794871
4.240743398666382,ARM,stop,0.0,0.0,0.5,0.0,0.0,0.0,0.001,16.1,0.0012642990570352647,-0.32175803853004226,0.05438089860383499,0.043885474610037195,15.630002857279074,4.390798512596318,-2.907493552982755,1787248701.2975762
4.260671377182007,ARM,stop,0.0,0.0,0.5,0.0,0.0,0.0,0.001,16.1,-0.0019601543116600346,-0.35478037306534205,0.08323796889093416,0.02218017548311197,15.63002725218283,4.390804330082354,-2.907493552982755,1787248701.3163495
4.280581712722778,ARM,stop,0.0,0.0,0.5,0.0,0.0,0.0,0.001,16.1,-0.001925536338380907,-0.3452571587052127,0.09759485736712747,0.011239270503699146,15.630011913981278,4.390800672334103,-2.9074935529827535,1787248701.3372698
4.301093101501465,ARM,stop,0.0,0.0,0.5,0.0,0.0,0.0,0.001,16.1,0.00019234440404346486,-0.39231156887331764,0.0498892500729724,0.005846274403730394,15.630025995392536,4.390804030347489,-2.9074935529827535,1787248701.359055
4.320567607879639,spool,drive,3.2901763916015625e-05,0.0,0.5,0.11765670776367188,0.0,0.0,0.001,16.1,-0.001935166890643176,-0.3124595034409694,0.08784637901435133,0.21458543390180365,15.623562873775324,4.389726498563741,-2.9073103268607214,1787248701.3779337
4.341084003448486,spool,drive,0.04106569290161133,0.0,0.5,146.8509178161621,0.0,0.0,0.002,16.1,-0.001935166890643176,-0.3730403877918036,0.06907447708071857,0.1062896390627144,15.623607456810493,4.3897371212747505,-2.9073103268607317,1787248701.397336
4.360453128814697,spool,drive,0.0798039436340332,0.0,0.5,285.37890243530273,0.0,0.0,0.001,16.1,0.0012421747942645664,-0.33088802762072334,0.05448417505471426,0.052895786200908644,15.62359846655578,4.389734972190898,-2.9073103268607334,1787248701.4176898
4.381881952285767,spool,drive,0.12266159057617188,0.0,0.5,438.6378479003906,0.0,0.0,0.001,16.1,0.00019234440404346486,-0.3408606736131645,0.06397446228029224,0.026554266972741287,15.623592019959228,4.389733431734212,-2.9073103268607343,1787248701.4376664
4.400567293167114,spool,drive,0.1600322723388672,0.0,0.5,572.2754058837891,0.0,0.0,0.001,16.1,-0.0008517595396481532,-0.38853309795707247,0.04965737141733584,0.013486447599650387,15.623587877211483,4.389732441937513,-2.9073103268607348,1787248701.4576056
4.420569181442261,spool,drive,0.20003604888916016,0.0,0.5,715.3289108276367,0.0,0.0,0.001,16.1,-0.0008949671177029248,-0.31189769562802994,0.11192523237371255,0.10252063134810235,15.627009559473251,4.390995871096178,-2.907296956551463,1787248701.4776688
4.440337657928467,spool,drive,0.23957300186157227,0.0,0.5,856.7130546569824,0.0,0.0,0.001,16.1,0.0012354074002484579,-0.36870010906261896,0.07855138879991941,0.05095425194798142,15.627008546603323,4.390995630600664,-2.907296956551462,1787248701.4961665
4.460375785827637,spool,drive,0.2796492576599121,0.0,0.5,1000.0257453918457,0.0,0.0,0.001,16.1,0.003360055731744682,-0.3357339077999839,0.05926149662751712,0.025307859661155074,15.626993206269402,4.390991970269131,-2.9072969565514613,1787248701.5185714
4.480809926986694,spool,drive,0.32051753997802734,0.0,0.5,1146.1707229614258,0.0,0.0,0.0,16.1,0.00017698743776100315,-0.3503839245183933,0.04482753453670796,0.01269440376251948,15.6269956060296,4.390992543248913,-2.9072969565514613,1787248701.5373695
4.500605583190918,spool,drive,0.3601088523864746,0.0,0.5,1287.7492561340332,0.0,0.04,0.0,16.1,0.00015486317499030486,-0.37275946561278417,0.11224905849941713,0.0064812288951883205,15.627005032610903,4.390994793177353,-2.9072969565514613,1787248701.5561848
4.521324634552002,spool,drive,0.4015469551086426,0.0,0.5,1435.9319114685059,0.0,1.5,0.039,16.1,0.00016735691800802484,-0.32688480434322287,0.05909386425661012,0.04002283783459357,15.628798926492758,4.391893077426416,-2.90730228529891,1787248701.5860727
4.541136980056763,spool,drive,0.44117164611816406,0.0,0.5,1577.6298065185547,341.0,12.39,-0.008,16.1,0.005965455354493623,-1.3009375644384846,-0.03228507370018363,0.06646046839180875,15.627359050110908,4.391549415933041,-2.907272394436304,1787248701.5976243
4.560499906539917,spool,drive,0.47989749908447266,0.0,0.5,1716.1134567260742,224.0,14.42,0.013,16.1,0.0008959946713618019,0.7172991709267507,0.11395293721342803,0.04559900780141988,15.626895959201992,4.39143885915444,-2.907152997327922,1787248701.6160994
4.582442283630371,spool,drive,0.5237822532653809,0.0,0.5,1873.045337677002,122.0,17.91,0.018,16.1,-0.0030596932928244266,-1.5061935537098208,0.003607805302088707,0.045507888788001605,15.62616620490955,4.391264610880953,-2.907165084764005,1787248701.6377368
4.6019299030303955,spool,drive,0.5627574920654297,0.0,0.5,2012.4207916259766,171.0,20.44,0.03,16.1,0.023029793717379496,-2.8371150565751293,-0.1542793763110808,0.03605614814259618,15.62567460289095,4.391147207203847,-2.907165084673609,1787248701.6563287
4.620529890060425,spool,drive,0.5999574661254883,0.0,0.5,2145.447898864746,282.0,21.12,0.038,16.1,0.0176861589095409,-1.3179197797647362,0.21839320332790102,0.23425505293572613,15.620558873304375,4.390366464412836,-2.9065970340217344,1787248701.677883
4.640561103820801,spool,drive,0.6400198936462402,0.0,0.5,2288.711139678955,447.0,20.66,0.043,16.1,0.020448603893415056,-2.056419493750255,0.15484573398889445,0.19491283734870393,15.617615458014635,4.389662802252039,-2.9062586626679163,1787248701.6976597
4.660306692123413,spool,drive,0.6795110702514648,0.0,0.5,2429.9315872192383,600.0,22.02,0.042,16.0,0.027716986364243378,-2.113615205544491,0.04474139773744312,0.12746495408718456,15.616466424424832,4.38938716597325,-2.9058484893889247,1787248701.7163723
4.683818578720093,spool,drive,0.7265348434448242,0.0,0.5,2598.0886001586914,737.0,22.94,0.042,16.1,0.04057757852175017,-1.3055169577529853,-0.055089106084935224,0.19332544504484733,15.611263068234047,4.3881398238102225,-2.9051959933780545,1787248701.737644
4.700502157211304,spool,drive,0.7599020004272461,0.0,0.5,2717.409553527832,837.0,23.24,0.044,16.0,0.04061271560338239,-1.4534361711464356,0.007314611278427918,0.1590706763580468,15.608960758901057,4.387584699070883,-2.904381053867739,1787248701.7562687
4.7203209400177,spool,drive,0.7995395660400391,0.0,0.5,2859.1534881591797,1005.0,23.49,0.049,16.0,0.04184630846506391,-1.5687261656387363,-0.021499153065892784,0.3466766925040935,15.599371611271449,4.385708463890802,-2.902903412100043,1787248701.778034
4.74050498008728,spool,drive,0.8399076461791992,0.0,0.5,3003.5097427368164,1116.0,23.7,0.056,16.0,0.05479149759907275,-1.9804726376388402,0.04082270327483428,0.36353180093698956,15.591988732757777,4.383919859077557,-2.901988809914673,1787248701.7979949
4.760511875152588,spool,drive,0.8799214363098145,0.0,0.5,3146.5990562438965,1250.0,24.15,0.058,16.0,0.062315739110441234,-2.499502949937039,0.08355010058483359,0.2986462987032958,15.5877908441289,4.382893117670816,-2.900900373094335,1787248701.8161576
4.780589818954468,spool,drive,0.9200773239135742,0.0,0.5,3290.1965103149414,1395.0,24.67,0.062,16.0,0.06627976284686171,-2.302450604577018,0.0980684818552362,0.31904025422603915,15.58094881209939,4.38121823539156,-2.899623369080134,1787248701.836005
4.80092978477478,spool,drive,0.9607572555541992,0.0,0.5,3435.6679458618164,1541.0,24.76,0.065,16.0,0.07075317439840868,-2.1100758857586612,0.11261275532855741,0.34924775486491405,15.573253368379453,4.3793243974287135,-2.8982735856579684,1787248701.85634
4.8219873905181885,spool,drive,1.0028724670410156,0.0,0.5,3586.271942138672,1704.0,24.85,0.068,16.0,0.057947755448547765,-2.1886775240702434,0.078634419265736,0.7381668389742528,15.550638686507835,4.374224223079845,-2.8959709072550335,1787248701.8793874
4.840658903121948,spool,drive,1.0402154922485352,0.0,0.5,3719.8106002807617,1884.0,24.78,0.073,16.0,0.05739907352377499,-2.9742316847689665,0.2212525284493605,0.5868846584975237,15.543465733768349,4.372423867253548,-2.8948084366744884,1787248701.896169
4.8609938621521,spool,drive,1.080885410308838,0.0,0.5,3865.2462272644043,2061.0,25.17,0.074,16.0,0.06870878214285255,-1.844099336766618,0.25100000181057425,0.6040770854758841,15.530717548844404,4.369229614646564,-2.8936147317564385,1787248701.917859
4.880310535430908,spool,drive,1.119518756866455,0.0,0.5,4003.3990745544434,2206.0,25.13,0.077,16.0,0.060723996855225296,-2.409805196187534,0.27594645410203,0.5971830301108768,15.519435243171042,4.366378121157547,-2.892279227209624,1787248701.9375794
4.901439905166626,spool,drive,1.1617774963378906,0.0,0.5,4154.516326904297,2383.0,25.03,0.081,16.0,0.04180856647899045,-2.459836899057933,0.10780800665866153,0.5898550767054827,15.514594870839554,4.3651457105146845,-2.891666417598561,1787248701.9463
4.921977519989014,spool,drive,1.202852725982666,0.0,0.5,4301.401348114014,2552.0,24.77,0.085,16.0,0.036470397393170324,-2.1911076269993544,0.036065079510603226,1.048931949822781,15.475325732149036,4.355749276124625,-2.8895803036259187,1787248701.9793484
4.940872669219971,spool,drive,1.24064302444458,0.0,0.5,4436.539455413818,2722.0,25.3,0.085,16.0,0.03295979763828186,-2.368930379600968,-0.2573567294888619,0.9159712171191325,15.461358790570396,4.352158294977477,-2.8888681832205427,1787248701.997836
4.9605937004089355,spool,drive,1.2800850868225098,0.0,0.5,4577.584270477295,2880.0,25.39,0.09,16.0,0.03809659429498916,-2.320288559950612,-0.03315426234410168,0.8385282373353076,15.446525502287011,4.34833239987866,-2.8881841403851074,1787248702.0178833
4.980789422988892,spool,drive,1.3204765319824219,0.0,0.5,4722.024078369141,3053.0,25.15,0.094,16.0,0.048898296613755686,-2.2356049400179643,0.3124714536884703,0.7888598332395274,15.433300798856203,4.3449048219206485,-2.887419074619126,1787248702.0361707
5.000669717788696,spool,drive,1.3602371215820312,0.0,0.5,4864.207946777344,3215.0,25.55,0.097,16.0,0.05313155345281557,-2.2219245013315003,0.3325710025378825,0.8261933813934803,15.415277794286915,4.340225999088809,-2.886291851962086,1787248702.05816
5.0206053256988525,spool,drive,1.4001083374023438,0.0,0.5,5006.787414550781,3413.0,25.23,0.095,16.0,0.0500362029297085,-2.387781072768888,0.3819829005226083,0.910328162212562,15.39638581451668,4.33530797775281,-2.8853303759552325,1787248702.0782347
5.040649890899658,spool,drive,1.440197467803955,0.0,0.5,5150.146144866943,3589.0,25.06,0.1,16.0,0.04958044452103347,-2.14384311905485,0.2669374292903335,1.5312562469254503,15.352211590143476,4.32456149157813,-2.88420153436806,1787248702.0978174
5.061672210693359,spool,drive,1.4822421073913574,0.0,0.5,5300.497776031494,3743.0,25.26,0.109,16.0,0.042438042053333506,-2.238653239848375,0.07815958878934737,1.1899969394061796,15.335137444533686,4.320062498870995,-2.8832011895556193,1787248702.1182024
5.080665349960327,spool,drive,1.520228385925293,0.0,0.5,5436.336708068848,3927.0,24.8,0.111,16.0,0.04146134436830376,-2.3057943349909067,-0.020252782451159135,1.2093402038155532,15.312285336530481,4.314034081010122,-2.88240101935352,1787248702.1375105
5.101208448410034,spool,drive,1.561314582824707,0.0,0.5,5583.260948181152,4088.0,25.24,0.11,16.0,0.0289330398134332,-2.008141955650629,-0.24114364232439556,1.109480005247835,15.293396681355862,4.30902141822181,-2.881561695491529,1787248702.1565735
5.1221020221710205,spool,drive,1.6031017303466797,0.0,0.5,5732.691787719727,4244.0,25.42,0.116,16.0,0.07641289105753145,-1.8417089949056447,-0.061600127172852126,1.7288582764402434,15.245698373441188,4.297087835115774,-2.880609780534215,1787248702.179282
5.1407387256622314,spool,drive,1.6403751373291016,0.0,0.5,5865.981491088867,4423.0,25.09,0.119,16.0,0.08666502927941412,-2.3546191724990138,0.13501230655324825,1.523467955074139,15.222620085456535,4.290920095272376,-2.8790327330447956,1787248702.197522
5.1604461669921875,spool,drive,1.6797900199890137,0.0,0.5,6006.929111480713,4592.0,25.11,0.12,16.0,0.06928245200879082,-2.723553937644823,0.47139414069288677,1.3510978626092454,15.20116912999365,4.285144879568571,-2.8773006562437335,1787248702.2161064
5.180858135223389,spool,drive,1.720613956451416,0.0,0.5,6152.915508270264,4749.0,25.06,0.126,16.0,0.08671503845125875,-2.524799760096357,0.4281234639353393,1.342441688137891,15.17369324476844,4.277721689012459,-2.875914811808242,1787248702.2377844
5.201055526733398,spool,drive,1.7610087394714355,0.0,0.5,6297.3672523498535,4930.0,24.94,0.128,16.0,0.07039778387331601,-2.112196232425333,-0.023091459591462637,1.3202780795127453,15.15043091107117,4.271380884579072,-2.8741731007354243,1787248702.2561965
5.220714807510376,spool,drive,1.8003273010253906,0.0,0.5,6437.970428466797,5106.0,25.06,0.128,16.0,0.030505363879232177,-1.8309515794488789,0.005330760557981762,1.3869373687440287,15.121060858934296,4.26335080485726,-2.8730539005598597,1787248702.2776368
5.240800142288208,spool,drive,1.8404979705810547,0.0,0.5,6581.620742797852,5255.0,25.25,0.128,16.0,0.02920071038952678,-2.1213117496566554,-0.0911428931598266,1.9410480651802453,15.071634760807248,4.250633598766461,-2.8723624813905424,1787248702.2974923
5.260565996170044,spool,drive,1.8800296783447266,0.0,0.5,6722.986129760742,5417.0,25.24,0.136,16.0,0.029759379168387355,-2.0097728903462553,0.40952657648269053,1.684862645969674,15.045495051969644,4.243416750148576,-2.8717750404370923,1787248702.3161976
5.280897617340088,spool,drive,1.9206929206848145,0.0,0.5,6868.3978843688965,5599.0,24.78,0.137,16.0,0.04614698489159482,-2.102843172047969,0.3500789556639745,1.6195795013230427,15.013607613082762,4.23460713349445,-2.871016142960626,1787248702.3378031
5.3004889488220215,spool,drive,1.9598755836486816,0.0,0.5,7008.515087127686,5770.0,24.75,0.14,16.0,0.0525990169421514,-2.44014552242362,-0.028785661162888942,1.5843784534118819,14.986045163247615,4.226955049666929,-2.8700942194369463,1787248702.3561003
5.320642471313477,L0,drive,2.0,0.35,0.2725,7152.0,5936.0,24.57,0.139,16.0,0.021014361258083366,-2.0556602327653053,-0.3453380330101652,1.6111761990348805,14.954660207913173,4.218216819756221,-2.868976625849471,1787248702.3764434
5.340784549713135,L0,drive,2.0,0.35,0.2725,7152.0,6076.0,25.27,0.145,16.0,0.0808771812823449,-1.5817581480816045,-0.5509887824451241,2.2912292631779865,14.886903402681991,4.200532426259459,-2.868693950430066,1787248702.397492
5.360607624053955,L0,drive,2.0,0.35,0.2725,7152.0,6243.0,24.94,0.153,15.9,0.05938063182236207,-2.189395123641887,0.31647427496987746,1.9921649991674855,14.853960530791703,4.1913026602308765,-2.8671847106301005,1787248702.4175048
5.381274461746216,L0,drive,2.0,0.35,0.2725,7152.0,6399.0,21.77,0.155,15.9,0.05607977680926336,-2.097169033736108,0.7010508542864713,1.8625576779677089,14.82018840759912,4.181790916051533,-2.866014264426355,1787248702.4376397
5.400521278381348,L0,drive,2.0,0.35,0.2725,7152.0,6562.0,19.99,0.157,16.0,0.15984099783476557,-1.8314026921557627,-2.6392636891620214,1.8265082326429516,14.78586865144346,4.17207513855308,-2.8648157802469667,1787248702.4574828
5.420518159866333,L0,drive,2.0,0.35,0.2725,7152.0,6638.0,19.42,0.145,16.0,0.6940671843420528,-0.3165169231008669,-5.468011672141358,1.8247701579019526,14.75041687781277,4.16197770641567,-2.85901288285298,1787248702.4779284
5.440372705459595,L0,drive,2.0,0.35,0.2725,7152.0,6625.0,21.03,0.147,16.0,1.2585931532565804,0.7589351488434346,-6.571360262980363,2.5701496897222174,14.68216157239985,4.14374752249511,-2.842804003600168,1787248702.4974518
5.46086311340332,L0,drive,2.0,0.35,0.2725,7152.0,6698.0,20.08,0.16,16.0,1.7848525599419227,0.42605493821960394,-6.359340214352926,2.180902390806282,14.647020596983497,4.132709439254825,-2.8151707160006803,1787248702.5177584
5.481378555297852,L0,drive,2.0,0.35,0.2725,7152.0,6869.0,16.47,0.152,16.0,1.9436178404333782,-1.5236958788906065,-3.8785240893581374,2.036475346315947,14.611083828694811,4.1202504465129,-2.7785697338812168,1787248702.5377822
5.502961874008179,L0,drive,2.0,0.35,0.2725,7152.0,6912.0,17.12,0.152,16.0,1.6971542657714502,-0.6385818308304962,-3.9767731040043657,1.9651340616982722,14.575055356560975,4.10624761452009,-2.7418411611259703,1787248702.5582118
5.521398305892944,L0,drive,2.0,0.35,0.2725,7152.0,6938.0,17.13,0.153,16.0,1.8646354067204622,0.033483410349905096,-4.467925498863451,1.9472706130345405,14.540000260471185,4.091168519712055,-2.70652463408335,1787248702.578063
5.541215181350708,L0,drive,2.0,0.35,0.2725,7152.0,6985.0,16.45,0.146,16.0,1.9635241706333937,-0.32062152248407827,-4.075854469834326,2.8106590746524454,14.467595500978833,4.058065750107361,-2.6568375199693124,1787248702.598204
5.560505151748657,L0,drive,2.0,0.35,0.2725,7152.0,7017.0,16.71,0.154,16.0,2.053476164876346,-0.0814441435510469,-3.9535874311466728,2.3987939996834435,14.433203953349091,4.039590376788046,-2.6171160012298076,1787248702.6177483
5.580451250076294,L0,drive,2.0,0.35,0.2725,7152.0,7083.0,15.29,0.155,16.0,2.0059222278196733,-0.5074184724176689,-4.415540291592265,2.181190520546666,14.39929187384779,4.0195936754104675,-2.576304792980661,1787248702.6376352
5.6022279262542725,L0,drive,2.0,0.35,0.2725,7152.0,7127.0,14.73,0.15,16.0,2.013880285789048,-0.07180855301028988,-3.733233930414883,2.0241626520986378,14.364102472311268,3.99683995942143,-2.5338144085455263,1787248702.6602654
5.620362997055054,L0,drive,2.0,0.35,0.2725,7152.0,7149.0,14.87,0.154,16.0,2.0223688454475663,-0.20736661494157005,-3.6963382904304183,2.1926636818054757,14.334026071094094,3.9754933966611747,-2.4958259328862193,1787248702.6761491
5.640551328659058,L0,drive,2.0,0.35,0.2725,7152.0,7186.0,14.34,0.154,16.0,1.92507198607623,-0.14637800605310414,-4.349173806376427,2.082031856280071,14.301737888039424,3.9508599550423527,-2.45591540434801,1787248702.6980474
5.6607139110565186,L0,drive,2.0,0.35,0.2725,7152.0,7225.0,13.89,0.153,16.0,1.965465748226116,0.26925935872524676,-4.732633640545828,2.659697399113418,14.255730878471109,3.902634678615135,-2.3905865175104446,1787248702.7174337
5.680999755859375,L0,drive,2.0,0.35,0.2725,7152.0,7281.0,13.07,0.153,16.0,2.008167538934719,-0.24089630509171656,-4.084728789409667,2.3348924397366524,14.22625763117707,3.874681360318735,-2.350785582143165,1787248702.7373664
5.700942516326904,L0,drive,2.0,0.35,0.2725,7152.0,7273.0,13.32,0.151,16.0,2.024527204353021,0.001301992256006912,-3.7638818202074447,2.3209544063991823,14.212193181721107,3.860463935312512,-2.3307454859781624,1787248702.7461054
5.7204320430755615,L0,drive,2.0,0.35,0.2725,7152.0,7287.0,13.34,0.154,16.0,1.9925955034088076,0.17582468583750455,-4.674609378258197,2.124813012690854,14.170085959185663,3.8143689023860796,-2.268315371786627,1787248702.7777154
5.741503953933716,R0,drive,2.0,0.15,0.40249999999999997,7152.0,7311.0,12.86,0.155,16.0,2.05952846476966,0.5082392022597944,-4.253754551866251,2.221468605750383,14.147250505485632,3.7715448042644164,-2.20820993493836,1787248702.7995257
5.760495901107788,R0,drive,2.0,0.15,0.40249999999999997,7152.0,7333.0,12.55,0.154,16.0,2.1676048681272557,0.0727816119629523,-3.9294232267076836,2.341267781234676,14.123463100261267,3.7387199243543674,-2.166938839641516,1787248702.8161643
5.780601501464844,R0,drive,2.0,0.15,0.40249999999999997,7152.0,7366.0,11.99,0.153,16.0,2.0702904318927247,-0.07909908106821906,-4.181873264971898,2.255907232037442,14.100759259155115,3.7044954686648435,-2.122477367598352,1787248702.8361528
5.800534963607788,R0,drive,2.0,0.15,0.40249999999999997,7152.0,7359.0,12.19,0.151,16.0,1.9961807840263266,0.41088645617613295,-4.57613816940767,2.2802632023530185,14.078033744683356,3.6668273999834535,-2.0787496928534313,1787248702.8574984
5.823382616043091,R0,drive,2.0,0.15,0.40249999999999997,7152.0,7382.0,11.95,0.155,16.0,1.9738629614592447,-0.03332063390907969,-3.311274857299736,2.2119732599103115,14.059624273330302,3.633158144329225,-2.041935822126895,1787248702.8761747
5.841498851776123,R0,drive,2.0,0.15,0.40249999999999997,7152.0,7421.0,11.09,0.151,16.0,1.453356382202637,-0.9037721485542392,1.8198567796345344,2.1087143600419114,14.04534026757331,3.5906341228916068,-1.989261205360524,1787248702.899184
5.860722780227661,R0,drive,2.0,0.15,0.40249999999999997,7152.0,7439.0,11.07,0.153,16.0,0.9651955588607226,-0.9816723402281085,-0.3050047417063766,2.2091773872569376,14.028716364516738,3.552633121020358,-1.9626294367458605,1787248702.9174423
5.881601572036743,R0,drive,2.0,0.15,0.40249999999999997,7152.0,7458.0,10.67,0.153,16.0,0.7895568891766889,-0.25470033930432123,-0.9319661811030855,2.136254113151094,14.012949592180101,3.514058772408522,-1.945045960439779,1787248702.937499
5.9007368087768555,R0,drive,2.0,0.15,0.40249999999999997,7152.0,7478.0,10.46,0.155,16.0,0.9311337950976365,-0.1539350849297172,-1.455536929639834,2.1665275706068674,13.997253568556813,3.4736039953764273,-1.92845119884,1787248702.9571786
5.921309232711792,R0,drive,2.0,0.15,0.40249999999999997,7152.0,7498.0,10.02,0.153,16.0,0.9385603526924586,-0.4598313443357398,-1.3478034384388309,2.1833912591816964,13.983532087369408,3.4363231050191145,-1.90938103659835,1787248702.976225
5.940592288970947,R0,drive,2.0,0.15,0.40249999999999997,7152.0,7509.0,9.92,0.152,16.0,0.8854447365942916,-0.40724239813544827,-2.2494496854712906,2.442112761969735,13.968878509026846,3.394148575810218,-1.8893656457110015,1787248702.9973638
5.960516929626465,R0,drive,2.0,0.15,0.40249999999999997,7152.0,7523.0,9.68,0.153,16.0,0.8545514021590999,-0.11954995622929854,-1.7151006907711235,2.540794293863219,13.952466156800146,3.3391479538889284,-1.854986162969889,1787248703.0181956
5.981108903884888,R0,drive,2.0,0.15,0.40249999999999997,7152.0,7528.0,9.58,0.154,16.0,0.8867443592062502,-0.33036788122108973,-1.3787109446174668,2.3427144627778285,13.940837629625534,3.298751143825084,-1.837737597264296,1787248703.0378003
6.001011610031128,R0,drive,2.0,0.15,0.40249999999999997,7152.0,7526.0,9.59,0.152,16.0,0.8608966497723226,-0.40793101744327487,-1.7551374551384527,2.2966086795756713,13.929841556089187,3.2578206564320578,-1.819792927358465,1787248703.0564873
6.020636081695557,R0,drive,2.0,0.15,0.40249999999999997,7152.0,7535.0,9.3,0.153,16.0,0.8529758094791816,-0.027829595681443386,-2.1114135825767733,2.2594929647734,13.919550188467666,3.2166756412298665,-1.8025790994339235,1787248703.0766938
6.041198253631592,R0,drive,2.0,0.15,0.40249999999999997,7152.0,7537.0,9.14,0.153,16.0,0.8455077065713542,-0.0217622503726842,-1.9088420501263101,2.364875364366044,13.89819711004186,3.1768810153786253,-1.7911307027593577,1787248703.0988395
6.060504198074341,R0,drive,2.0,0.15,0.40249999999999997,7152.0,7541.0,9.19,0.153,16.0,0.9490219818235897,-0.2901962654370074,-1.5603079289037964,2.2766934391039837,13.889160100006237,3.1357872809258107,-1.7738260214849775,1787248703.1179023
6.08058500289917,R0,drive,2.0,0.15,0.40249999999999997,7152.0,7518.0,9.44,0.15,16.0,0.9042881326242289,-0.45934017819992334,-1.878285669262624,2.283719936538721,13.880858731411692,3.0944695565833333,-1.7548095124029137,1787248703.136154
6.100416660308838,R0,drive,2.0,0.15,0.40249999999999997,7152.0,7523.0,9.17,0.153,16.0,0.8996422481025856,0.24429949438231446,-2.4959241614438668,2.2928819578214763,13.873354675293013,3.0531620599328684,-1.736975358037922,1787248703.1562815
6.12077260017395,L1,drive,2.0,0.35,0.2725,7152.0,7538.0,8.65,0.152,16.0,0.8984209224266754,-0.043238928202451454,-1.6735638231639882,2.2433126127258167,13.866203388939775,3.0092610803955275,-1.7179774041452245,1787248703.177318
6.140367746353149,L1,drive,2.0,0.35,0.2725,7152.0,7525.0,9.04,0.15,16.0,0.8839650842926434,-0.523670589748285,-1.1853013416745526,1.6928911940526001,13.856539635912371,2.995257982766296,-1.7104556238050859,1787248703.199007
6.16109299659729,L1,drive,2.0,0.35,0.2725,7152.0,7507.0,9.28,0.15,16.0,0.8548982788910826,-0.07803004554828075,-2.0927796749384413,1.996095709932299,13.850865491738798,2.953575820387436,-1.6930226218118172,1787248703.2174327
6.181631803512573,L1,drive,2.0,0.35,0.2725,7152.0,7487.0,9.32,0.151,16.0,0.8073423444635922,0.05434026958958693,-1.9255323431986255,2.029250933685714,13.84594650902591,2.9120909672291755,-1.6764417767093402,1787248703.2375963
6.200281858444214,L1,drive,2.0,0.35,0.2725,7152.0,7520.0,8.66,0.153,16.0,1.0073789652631417,0.4835441071619506,-4.16221580218982,2.0546014828911376,13.84167957694881,2.8702927291979585,-1.6592967067696522,1787248703.2577443
6.220570087432861,L1,drive,2.0,0.35,0.2725,7152.0,7472.0,9.34,0.147,16.0,1.3869776246646297,1.0842821354042798,-5.6319085491689975,2.1633882537190456,13.838181185631335,2.8284731265891714,-1.6391352517057587,1787248703.276104
6.240984201431274,L1,drive,2.0,0.35,0.2725,7152.0,7345.0,11.65,0.146,16.0,1.806515644355009,1.5063673622025249,-7.387129911855652,2.7707069111004783,13.83569077536119,2.7865756000826973,-1.6093678704303198,1787248703.2964041
6.2609169483184814,L1,drive,2.0,0.35,0.2725,7152.0,7303.0,11.97,0.152,16.0,2.0936760488988737,1.5919913606327043,-6.130086666295824,2.1877685375580045,13.82449717697098,2.759899575734498,-1.57651200760451,1787248703.3193517
6.2805469036102295,L1,drive,2.0,0.35,0.2725,7152.0,7364.0,10.0,0.15,16.0,2.2319348558386647,0.926922957387113,-4.729022984725987,2.3402033391981947,13.824717554089103,2.7169683372104734,-1.5330649287150875,1787248703.336819
6.301138401031494,L1,drive,2.0,0.35,0.2725,7152.0,7345.0,10.44,0.15,16.0,2.1199081856361546,-0.08376197993482837,-3.6991496318363772,2.24745672193069,13.82669475188554,2.677155369490444,-1.4891524768612983,1787248703.3563836
6.320528745651245,L1,drive,2.0,0.35,0.2725,7152.0,7313.0,11.14,0.147,16.0,2.0264145866175602,0.520937454855023,-4.628857252706894,2.1977365641594724,13.830613926852063,2.6349599216598145,-1.445928450282119,1787248703.3768692
6.34071159362793,L1,drive,2.0,0.35,0.2725,7152.0,7295.0,11.4,0.149,16.0,2.0717831336837143,0.9675729485222249,-5.03245665260954,1.6748137087009838,13.831060056007356,2.606971037725765,-1.4027424601803595,1787248703.3994312
6.36160135269165,L1,drive,2.0,0.35,0.2725,7152.0,7254.0,11.67,0.15,16.0,2.178337540478329,0.3833679963346306,-4.249437552365379,1.964001497113991,13.838194087586333,2.567534427970049,-1.3613770228907767,1787248703.4177165
6.380638360977173,L1,drive,2.0,0.35,0.2725,7152.0,7272.0,11.2,0.151,16.0,2.1340269341552096,0.0016808096200202627,-4.768602204448939,1.9950993222143172,13.847107900470117,2.5277972650112486,-1.3180173272593725,1787248703.4377947
6.400492429733276,L1,drive,2.0,0.35,0.2725,7152.0,7264.0,11.38,0.15,16.0,2.0378336887396022,0.6248215045567633,-4.4641458585040255,2.0906090158544517,13.858551668540997,2.485490449596718,-1.2721748494626732,1787248703.4576156
6.420669078826904,L1,drive,2.0,0.35,0.2725,7152.0,7258.0,11.53,0.151,16.0,2.12850899753462,0.5427222444177566,-4.60320844015024,1.9775102543021434,13.869941722290985,2.449741012552179,-1.2345347347684932,1787248703.477882
6.440592527389526,L1,drive,2.0,0.35,0.2725,7152.0,7239.0,11.71,0.149,16.0,2.1393461989584797,0.08177028115428797,-3.821982973384195,2.093592019635249,13.883704080916862,2.4116640000295795,-1.1922013895788321,1787248703.4960315
6.464045763015747,L1,drive,2.0,0.35,0.2725,7152.0,7222.0,11.92,0.148,16.0,2.1298352517574792,0.4127676151672901,-4.520821168082932,2.0031390822171167,13.901562058734424,2.3805060385954344,-1.1342427653927605,1787248703.5175867
6.480809926986694,L1,drive,2.0,0.35,0.2725,7152.0,7227.0,11.66,0.15,16.0,2.118270208407701,0.30305374503028304,-4.223733483618446,2.0129977564056416,13.919067316448492,2.3440287076450987,-1.0916839620435712,1787248703.5374982
6.501002788543701,L1,drive,2.0,0.35,0.2725,7152.0,7221.0,11.82,0.149,16.0,2.121254280409135,0.4283164586052237,-4.05591897193608,2.0877398964755574,13.938481630649019,2.3076219741977937,-1.0485176027217864,1787248703.55648
6.5207297801971436,R1,drive,2.0,0.15,0.40249999999999997,7152.0,7216.0,11.91,0.151,16.0,2.0931141219088674,0.0729229318622977,-4.305208005283362,2.1361860402537376,13.959192754414406,2.272538056033492,-1.0056986197739137,1787248703.5766742
6.541133642196655,R1,drive,2.0,0.15,0.40249999999999997,7152.0,7209.0,11.85,0.148,16.0,2.0408298781239957,0.4455507620270751,-4.586955518827438,1.7785244068393098,13.979641442769477,2.2465989745182147,-0.9531269229277294,1787248703.5992672
6.560587167739868,R1,drive,2.0,0.15,0.40249999999999997,7152.0,7211.0,11.8,0.149,16.0,2.0895196533855875,0.5757572966476445,-4.283887886659386,2.0174058562581343,14.003312349587997,2.2139833416029018,-0.9120875990196602,1787248703.6175673
6.580968856811523,R1,drive,2.0,0.15,0.40249999999999997,7152.0,7217.0,11.68,0.15,16.0,2.107411035904849,0.32183204235630924,-3.7127856316819816,2.0198261452034307,14.028332181496099,2.182339921694509,-0.8702162611072928,1787248703.6374176
6.601104736328125,R1,drive,2.0,0.15,0.40249999999999997,7152.0,7229.0,11.48,0.151,16.0,2.0472880437674377,-0.22056875136720322,-2.827579709242002,2.0828855143915717,14.05854153626463,2.14736899738986,-0.8219074119334452,1787248703.6590097
6.622119665145874,R1,drive,2.0,0.15,0.40249999999999997,7152.0,7241.0,11.36,0.151,16.0,1.4248163500646935,-1.1913649776557236,1.2343373367669415,1.9837420919142859,14.082269136625845,2.122124997746017,-0.79430350917584,1787248703.6776764
6.6404993534088135,R1,drive,2.0,0.15,0.40249999999999997,7152.0,7266.0,10.95,0.149,16.0,0.930361611539568,-0.506043134147184,0.29077159493672156,1.7745942587138113,14.10547976356562,2.0998980110921304,-0.7563572417251174,1787248703.6975567
6.660585641860962,R1,drive,2.0,0.15,0.40249999999999997,7152.0,7277.0,10.7,0.149,16.0,0.9132629854977959,-0.4765038764897511,-0.8166385451584119,1.9018482099661687,14.135178311414519,2.071907434040588,-0.7403828796220677,1787248703.7176821
6.6806089878082275,R1,drive,2.0,0.15,0.40249999999999997,7152.0,7306.0,10.35,0.151,16.0,0.8826622658873767,-0.4348843438677932,-1.5185193386520552,2.0309896980567106,14.165284139781507,2.044649360115259,-0.7220322217005426,1787248703.7363787
6.700416326522827,R1,drive,2.0,0.15,0.40249999999999997,7152.0,7322.0,10.17,0.151,16.0,0.854766518996151,-0.08398505122151168,-1.9121235076908363,2.079352489107664,14.196038008207617,2.017753141876046,-0.7045442180704508,1787248703.7563252
6.721538543701172,R1,drive,2.0,0.15,0.40249999999999997,7152.0,7346.0,9.89,0.152,16.0,0.883589778316024,-0.11738791160422135,-1.7028297234779757,2.1365031539008,14.230178806376527,1.9889559163234625,-0.686034636405241,1787248703.7780569
6.740454435348511,R1,drive,2.0,0.15,0.40249999999999997,7152.0,7355.0,9.64,0.15,16.0,0.9222132041312798,-0.48248773451895133,-1.9079392399909523,1.8268856591453162,14.249286715245093,1.9640562054403221,-0.6728177674271839,1787248703.7988963
6.760676145553589,R1,drive,2.0,0.15,0.40249999999999997,7152.0,7365.0,9.53,0.15,16.0,0.822415636496359,-0.5374779130198348,-1.5540037530784332,2.0306598584036992,14.281538779512676,1.938580375119118,-0.654875644453134,1787248703.81743
6.7809412479400635,R1,drive,2.0,0.15,0.40249999999999997,7152.0,7374.0,9.5,0.151,16.0,0.8821154523365563,0.07526962060204845,-2.1764036331691443,2.044255089680054,14.314262549912657,1.9136481972616994,-0.6381369837802053,1787248703.837298
6.800477743148804,R1,drive,2.0,0.15,0.40249999999999997,7152.0,7372.0,9.47,0.15,16.0,0.9359306142740599,-0.3461848925983553,-1.538609787771719,2.097673227295715,14.347763495470538,1.889033721556083,-0.6202393859992432,1787248703.856505
6.820704936981201,R1,drive,2.0,0.15,0.40249999999999997,7152.0,7372.0,9.49,0.149,16.0,0.9294824354847054,-0.36427632478132566,-1.7108053259690905,2.0158518698829164,14.381060643801925,1.8654575580229895,-0.601568107153983,1787248703.8779004
6.840446472167969,R1,drive,2.0,0.15,0.40249999999999997,7152.0,7378.0,9.2,0.149,16.0,0.8890687662056714,-0.3722248108086923,-2.236934304553415,1.980825940512776,14.398849480459548,1.8367646632601484,-0.5949896859982023,1787248703.8975387
6.860558271408081,R1,drive,2.0,0.15,0.40249999999999997,7152.0,7374.0,9.32,0.15,16.0,0.859783315278615,-0.1206590634507192,-1.855363121120547,2.0192117737772777,14.433050557489318,1.8138318714775286,-0.577365206432583,1787248703.9174428
6.880802392959595,R1,drive,2.0,0.15,0.40249999999999997,7152.0,7397.0,8.93,0.149,16.0,0.8828318426697875,0.09150542054578636,-2.033772495657587,2.1070425784170643,14.467661709239602,1.7914976653523331,-0.5601299166544208,1787248703.9360886
6.900611877441406,R1,drive,2.0,0.15,0.40249999999999997,7152.0,7380.0,9.15,0.15,16.0,0.905197335820382,-0.4022424438171548,-1.7932516549170145,2.130643925316474,14.503854984111065,1.7690200158964453,-0.5418330643590282,1787248703.956683
6.921981573104858,L2,drive,2.0,0.35,0.2725,7152.0,7387.0,8.93,0.149,16.0,0.8752171327439513,-0.2736361460087231,-1.962168366797016,1.8541651416672416,14.53885249004932,1.7481594705962948,-0.5240531737520125,1787248703.9819434
6.9405694007873535,L2,drive,2.0,0.35,0.2725,7152.0,7378.0,9.05,0.149,16.0,0.8791448292986273,-0.049235622697812786,-1.7814163052086087,2.2856787814103106,14.559869683929477,1.7222578050803643,-0.5154989288292984,1787248703.999078
6.960574388504028,L2,drive,2.0,0.35,0.2725,7152.0,7372.0,9.18,0.152,16.0,0.9832187678539428,0.01623282151813754,-1.8525348227884706,2.266982285558342,14.595854822080334,1.7020750924495969,-0.49737570032532935,1787248704.0177295
6.98083233833313,L2,drive,2.0,0.35,0.2725,7152.0,7342.0,9.47,0.144,16.0,0.8841275371191384,-0.631278585077979,-1.5273983360001182,2.162693615308361,14.63199580101189,1.6826869578073065,-0.47824432283437124,1787248704.0375254
7.0005738735198975,L2,drive,2.0,0.35,0.2725,7152.0,7324.0,9.83,0.151,16.0,1.0333027079461912,0.556332077972197,-4.591607563799528,2.179944183166992,14.66929748858823,1.6635630440187206,-0.4602297800281427,1787248704.056486
7.020645380020142,L2,drive,2.0,0.35,0.2725,7152.0,7342.0,8.91,0.148,16.0,1.4315252523247668,1.3521270160575938,-5.795962131582826,2.188085673075245,14.70537140197649,1.645950201599524,-0.4392231107656085,1787248704.0761292
7.040577173233032,L2,drive,2.0,0.35,0.2725,7152.0,7295.0,10.11,0.146,16.0,1.7899153623322182,1.7016781143059632,-6.141974640947353,2.0866069756730026,14.733366663483654,1.6217029001693228,-0.41338249247757103,1787248704.097687
7.0619354248046875,L2,drive,2.0,0.35,0.2725,7152.0,7214.0,11.49,0.147,16.0,2.0078174664094277,0.6646832909882079,-5.64952328707551,2.061860660943884,14.770582463478446,1.6058000137221273,-0.376501537301684,1787248704.1174324
7.080534219741821,L2,drive,2.0,0.35,0.2725,7152.0,7185.0,11.49,0.146,16.0,2.0985624168669514,0.47324887757718415,-5.246022705121618,2.0095234049385295,14.808182582627456,1.5914024412110714,-0.33594797482309474,1787248704.1379035
7.100550413131714,L2,drive,2.0,0.35,0.2725,7152.0,7193.0,10.96,0.148,16.0,2.1356523945265393,0.7179463115467684,-4.333234588186798,2.1184008072684457,14.846880473305772,1.5783458302248696,-0.2937747993630529,1787248704.1561368
7.1211183071136475,L2,drive,2.0,0.35,0.2725,7152.0,7180.0,11.09,0.149,16.0,2.1334648740071485,0.4454945556642116,-3.9738454030019454,2.096498188731015,14.887723089333234,1.5665392230590491,-0.24844812951912154,1787248704.1773503
7.141180038452148,L2,drive,2.0,0.35,0.2725,7152.0,7168.0,11.29,0.147,16.0,2.11753637436933,0.3975141292226354,-4.253879682286566,2.285775138614007,14.937058022314478,1.551782996769233,-0.19885143969997585,1787248704.197943
7.160900354385376,L2,drive,2.0,0.35,0.2725,7152.0,7145.0,11.77,0.148,16.0,2.0349056762791142,0.08273981350485915,-4.086309584228928,2.164161801146398,14.976397334104698,1.5443258614202249,-0.15693170883577848,1787248704.2174459
7.1812050342559814,L2,drive,2.0,0.35,0.2725,7152.0,7151.0,11.51,0.148,16.0,2.070601222791937,0.48673358071130934,-4.356379038172378,2.06983499872036,15.016016442837559,1.5384951882989897,-0.11606467282595082,1787248704.2375708
7.200711965560913,L2,drive,2.0,0.35,0.2725,7152.0,7132.0,11.76,0.148,16.0,2.1025971059184214,0.1997732010998874,-4.224348026009807,2.0925152780230603,15.05874173387859,1.5339904266708508,-0.07182793178496931,1787248704.2578573
7.220681428909302,L2,drive,2.0,0.35,0.2725,7152.0,7141.0,11.46,0.147,16.0,2.008296835405642,0.2514488121761964,-4.215001543750333,2.0837516014099804,15.096581032633145,1.5316907021184,-0.031666316484373694,1787248704.276871
7.240616321563721,L2,drive,2.0,0.35,0.2725,7152.0,7145.0,11.56,0.149,16.0,1.9822425978291789,0.5732999310743878,-4.180167924453912,2.5032567590330435,15.137434056401656,1.5308234123883504,0.009036550018221626,1787248704.2970512
7.260537147521973,L2,drive,2.0,0.35,0.2725,7152.0,7142.0,11.52,0.148,16.0,2.113311136141865,0.47433068560935965,-3.766755142101971,2.54992927871077,15.191273893941293,1.5406554092806117,0.07322631268896326,1787248704.317869
7.280323028564453,L2,drive,2.0,0.35,0.2725,7152.0,7144.0,11.6,0.146,16.0,2.103274214625574,0.09335942652809592,-4.423568519026503,2.348542834790037,15.231481779895605,1.5440355647728736,0.11580015575372676,1787248704.336451
7.3041582107543945,L2,drive,2.0,0.35,0.2725,7152.0,7138.0,11.64,0.147,16.0,2.0337669085969963,0.19414083383663083,-4.569422641943561,2.22604733145038,15.273657838790463,1.5494290918438205,0.16051513386676824,1787248704.3575544
7.320819854736328,R2,drive,2.0,0.15,0.40249999999999997,7152.0,7156.0,11.29,0.148,16.0,2.0614294291557584,0.759368281361418,-4.371942280379471,2.2419653643188675,15.310166800318738,1.5556952614417627,0.19793304962400046,1787248704.3761146
7.341374635696411,R2,drive,2.0,0.15,0.40249999999999997,7152.0,7146.0,11.47,0.148,16.0,2.1751615877203556,0.6245822803361492,-4.003260699682244,1.7739114700978753,15.338839546995786,1.5675610717394388,0.24824942098102917,1787248704.3992522
7.361378908157349,R2,drive,2.0,0.15,0.40249999999999997,7152.0,7134.0,11.77,0.149,16.0,2.076242197454888,-0.08283587229860867,-4.0033033843583326,2.015080028909667,15.377388486394755,1.5777716489690927,0.2907506593633089,1787248704.4173243
7.380580186843872,R2,drive,2.0,0.15,0.40249999999999997,7152.0,7138.0,11.65,0.147,16.0,2.043561748770199,0.4776325718844454,-4.233924011493457,2.0617919402740066,15.415585929766108,1.589636100250936,0.3323909863988469,1787248704.4361708
7.40060567855835,R2,drive,2.0,0.15,0.40249999999999997,7152.0,7140.0,11.65,0.15,16.0,2.0254000554002944,-0.2631705797156947,-2.7316622719369263,2.0819398734970997,15.453244776179453,1.6030575879099955,0.3731577489979452,1787248704.4562345
7.42483925819397,R2,drive,2.0,0.15,0.40249999999999997,7152.0,7169.0,11.06,0.148,16.0,1.3547119633197202,-1.0802738689030633,2.0131245145016123,2.1160482451832996,15.49563646258053,1.6201292697503802,0.41264133154817045,1787248704.4807243
7.440502882003784,R2,drive,2.0,0.15,0.40249999999999997,7152.0,7186.0,10.77,0.15,16.0,0.842996212505355,-0.7269315820438607,0.2714897244136356,1.8640714459426935,15.514709471131235,1.6346679442695775,0.4428136467732581,1787248704.4979184
7.462159872055054,R2,drive,2.0,0.15,0.40249999999999997,7152.0,7212.0,10.52,0.149,16.0,0.7793724951150349,-0.37254914856578836,-1.012260149877271,1.9772262847065525,15.551174644588592,1.6519981949823153,0.4575710101542838,1787248704.5173268
7.480605125427246,R2,drive,2.0,0.15,0.40249999999999997,7152.0,7232.0,10.32,0.15,16.0,0.9071069554800232,-0.22858970632666242,-1.207097423672998,1.984542628825341,15.5872453494567,1.6699060470916083,0.4737724173401161,1787248704.5373974
7.500489234924316,R2,drive,2.0,0.15,0.40249999999999997,7152.0,7252.0,10.05,0.15,16.0,0.926330650913624,-0.4381716851933213,-1.6799381655801824,2.0601151249630996,15.626362695604103,1.6902074091397075,0.49370151131774487,1787248704.5580206
7.520587921142578,R2,drive,2.0,0.15,0.40249999999999997,7152.0,7255.0,9.99,0.147,16.0,0.9610102680496085,-0.2748721012701303,-1.8762312499552536,2.108067457404323,15.658592357565144,1.7076959125251798,0.5105188712398834,1787248704.5760844
7.5406410694122314,R2,drive,2.0,0.15,0.40249999999999997,7152.0,7254.0,10.19,0.15,16.0,0.8863110628968943,-0.23850793666611025,-1.6913659643401786,2.1745676991932354,15.692289656247992,1.7157157568399182,0.5216140281997322,1787248704.5961773
7.5606911182403564,R2,drive,2.0,0.15,0.40249999999999997,7152.0,7264.0,9.92,0.15,16.0,0.9319722247878205,-0.26416910146635786,-1.6412629254357682,2.162034681048519,15.727546691792574,1.7361528544311202,0.5390380207613558,1787248704.616249
7.580588102340698,R2,drive,2.0,0.15,0.40249999999999997,7152.0,7280.0,9.65,0.148,16.0,0.9038707487023863,-0.4251363406013091,-1.8729427757316444,2.146838650491919,15.76213634372638,1.757054571694807,0.5578084381430923,1787248704.6361217
7.60052227973938,R2,drive,2.0,0.15,0.40249999999999997,7152.0,7290.0,9.57,0.147,16.0,0.8172643505788458,-0.34715267992043053,-2.1983578823577545,2.1052241041242983,15.796575243898438,1.77873297725517,0.5757322230229577,1787248704.6563864
7.620755910873413,R2,drive,2.0,0.15,0.40249999999999997,7152.0,7295.0,9.42,0.149,16.0,0.8400103428701854,-0.02881360902764829,-1.7789318231716038,1.9527646632136935,15.834526765371663,1.7858483546213542,0.5769521229864392,1787248704.67944
7.641519546508789,R2,drive,2.0,0.15,0.40249999999999997,7152.0,7294.0,9.48,0.149,16.0,0.888807909576898,-0.0854891378771514,-1.7606844165044322,2.1440244962084254,15.868512057538107,1.8081648100877756,0.5939622290471649,1787248704.6972241
7.661216497421265,R2,drive,2.0,0.15,0.40249999999999997,7152.0,7308.0,9.25,0.149,16.0,0.9065170652985708,-0.3545411122996285,-1.6805331197982696,2.0608996824420003,15.902259757129567,1.8311669589022062,0.6118385135039973,1787248704.7177057
7.681267023086548,R2,drive,2.0,0.15,0.40249999999999997,7152.0,7304.0,9.28,0.148,16.0,0.8734975962071143,-0.2910389223387675,-1.862272483791827,2.04668875586872,15.935542813553026,1.8547405069895784,0.6297899425321406,1787248704.737688
7.700446128845215,R2,drive,2.0,0.15,0.40249999999999997,7152.0,7298.0,9.43,0.148,16.0,0.9581236011650445,-0.07569948233363633,-1.79785896868745,2.1138348547479606,15.968424980602856,1.8789258643464308,0.6472973271418421,1787248704.756271
7.7205939292907715,L3,drive,2.0,0.35,0.2725,7152.0,7282.0,9.51,0.149,16.0,0.9247330871547127,-0.2770647706884972,-1.7621722405908429,2.1148465332189854,16.00407088983378,1.906185691332594,0.6687925606288121,1787248704.7781656
7.740598917007446,L3,drive,2.0,0.35,0.2725,7152.0,7302.0,9.24,0.15,16.0,0.9174344278712415,-0.05975561378010941,-1.8018894546090962,3.003968052284252,16.055955148380814,1.927304640757079,0.6787210021258124,1787248704.7981424
7.760844945907593,L3,drive,2.0,0.35,0.2725,7152.0,7308.0,9.07,0.148,16.0,0.8411116265599604,-0.3755955480510309,-1.8832455701519848,2.6670750301453174,16.0872587993418,1.952787498064877,0.6964438908571534,1787248704.8176405
7.780756711959839,L3,drive,2.0,0.35,0.2725,7152.0,7300.0,9.16,0.145,16.0,0.8144627716911098,-0.1476012984375723,-2.0325805406958466,2.270956544803189,16.118544752116623,1.9791762258860566,0.7131707915244904,1787248704.839554
7.800282001495361,L3,drive,2.0,0.35,0.2725,7152.0,7197.0,10.82,0.143,16.0,1.0358166654361984,0.5076611684227252,-4.143017930577685,2.373294486721411,16.150082660006763,2.0066889642238657,0.7298565993823269,1787248704.8567557
7.820656061172485,L3,drive,2.0,0.35,0.2725,7152.0,7202.0,10.87,0.153,16.0,1.4829005592295943,1.3780274050784556,-6.225520246484962,2.273988363233997,16.17920373141036,2.0331062967866065,0.7512126760614048,1787248704.8764966
7.841031551361084,L3,drive,2.0,0.35,0.2725,7152.0,7256.0,8.95,0.146,16.0,1.7749610470211508,1.2971368741018097,-6.213220043112301,2.104828245141734,16.211263442394486,2.0464065395289994,0.7750815653510477,1787248704.897742
7.861010313034058,L3,drive,2.0,0.35,0.2725,7152.0,7218.0,10.33,0.146,16.0,2.0338221691896154,1.2122705286722066,-5.163893879997204,2.0407607429944754,16.239896053144758,2.07496585921275,0.8119156040155534,1787248704.918159
7.8806633949279785,L3,drive,2.0,0.35,0.2725,7152.0,7173.0,10.94,0.145,16.0,2.1421691497139634,0.19398502380537685,-4.350613975653232,2.138041853701302,16.267574043061977,2.1047556320887186,0.8527687890676707,1787248704.9362462
7.900764226913452,L3,drive,2.0,0.35,0.2725,7152.0,7150.0,11.13,0.144,16.0,2.0111185877386357,0.3333633002926817,-4.458484291706355,2.122236303821496,16.294551773031966,2.136419475966689,0.8977422526843561,1787248704.9570096
7.920601844787598,L3,drive,2.0,0.35,0.2725,7152.0,7114.0,11.64,0.148,16.0,2.0201190069586676,0.6679578049838497,-4.978868088305603,2.141880299706887,16.31930291203014,2.168137528176641,0.9375801874817915,1787248704.9771292
7.9416704177856445,L3,drive,2.0,0.35,0.2725,7152.0,7121.0,11.2,0.15,16.0,2.0769358177607993,0.579312842457604,-4.293351605597707,2.4511519233844026,16.35949476279101,2.211194469450429,0.9832061674015835,1787248704.9984548
7.960491418838501,L3,drive,2.0,0.35,0.2725,7152.0,7125.0,11.18,0.148,16.0,2.094281918046867,0.3302317141807585,-3.8567569510784097,2.273196208902691,16.38124878287317,2.2446474921255986,1.024811435522593,1787248705.0175233
7.9805006980896,L3,drive,2.0,0.35,0.2725,7152.0,7097.0,11.66,0.145,16.0,2.0302025337940344,-0.14802343088063896,-3.6878291294881933,2.2035224143469474,16.40171898083119,2.2791474194178596,1.0667181825080725,1787248705.0361645
8.002298355102539,L3,drive,2.0,0.35,0.2725,7152.0,7086.0,11.9,0.146,16.0,1.998722105496535,0.4578974507661613,-4.5395193950961925,2.0223668169665516,16.42031671928286,2.3138182468275184,1.1067901928960535,1787248705.0578322
8.020636558532715,L3,drive,2.0,0.35,0.2725,7152.0,7070.0,11.92,0.146,16.0,2.1298978360430962,0.800833739844343,-4.514523716555857,2.131490314373166,16.42932342306615,2.3318155203245654,1.1269529193334407,1787248705.0662665
8.040608167648315,L3,drive,2.0,0.35,0.2725,7152.0,7098.0,11.43,0.148,16.0,2.1248290415403486,0.2598049953323702,-3.982067758004149,2.1070661443966388,16.45390999403473,2.386480149068428,1.191357021778314,1787248705.0964463
8.065203189849854,L3,drive,2.0,0.35,0.2725,7152.0,7080.0,11.77,0.148,16.0,2.0591589511684116,0.24095601978412162,-3.9506614843090233,1.945223861063794,16.450393680079998,2.411093027055286,1.244449351524509,1787248705.1177194
8.080714702606201,L3,drive,2.0,0.35,0.2725,7152.0,7083.0,11.9,0.148,16.0,2.079616555714073,0.41167129873065633,-4.538037125864889,1.9755746698636025,16.4627317885586,2.4488241855393422,1.2859259345738248,1787248705.1374218
8.100579023361206,L3,drive,2.0,0.35,0.2725,7152.0,7086.0,11.73,0.146,16.0,2.132419716437347,0.4552280505262374,-4.1738935694296515,2.035585768418785,16.473421329364253,2.4867803202088306,1.3273339244694713,1787248705.1561131
8.12059235572815,R3,drive,2.0,0.15,0.40249999999999997,7152.0,7074.0,11.98,0.145,16.0,2.1230963889351426,0.11112825684619132,-4.247754723628617,2.0569320411789653,16.482589152937468,2.525551531840499,1.3707348260479946,1787248705.1761947
8.1405770778656,R3,drive,2.0,0.15,0.40249999999999997,7152.0,7079.0,11.87,0.149,16.0,2.0088803340004784,0.4607208886000187,-4.458539547896635,2.073076059849525,16.490035162980078,2.564409430181639,1.4131571528323543,1787248705.1962419
8.160496950149536,R3,drive,2.0,0.15,0.40249999999999997,7152.0,7096.0,11.49,0.148,16.0,2.079627607832597,0.6397234266452756,-4.18879753804373,1.991257571677683,16.48374577472488,2.5886015159453235,1.4613920944860086,1787248705.2163165
8.18119740486145,R3,drive,2.0,0.15,0.40249999999999997,7152.0,7092.0,11.8,0.149,16.0,2.13217590403955,0.1725083642481593,-3.674653890255712,1.9533034473586146,16.48769306223826,2.6279905608188088,1.5033420113783458,1787248705.2374363
8.201525211334229,R3,drive,2.0,0.15,0.40249999999999997,7152.0,7089.0,11.87,0.147,16.0,2.024998051233747,-0.6758592940133994,-2.6327329337204333,1.9481423432949965,16.489951997572216,2.6675485499779947,1.545447586574717,1787248705.2577047
8.220590829849243,R3,drive,2.0,0.15,0.40249999999999997,7152.0,7100.0,11.65,0.147,16.0,1.3039001813015534,-1.1029012788224577,1.9250122333440913,1.8678179042553624,16.490559735286723,2.7077159726677924,1.586571585930766,1787248705.2798817
8.240560054779053,R3,drive,2.0,0.15,0.40249999999999997,7152.0,7143.0,10.91,0.15,16.0,0.8609612980077843,-0.3875218585118212,0.7588123573094805,1.6557525188074596,16.480725986519403,2.729892834616726,1.6159492626600864,1787248705.2993512
8.260391473770142,R3,drive,2.0,0.15,0.40249999999999997,7152.0,7166.0,10.55,0.149,16.0,0.8600765958936599,-0.45831453998551197,-0.3080212473003172,1.920353593279046,16.478919922979237,2.7700154908230608,1.630914360558304,1787248705.3176794
8.28055191040039,R3,drive,2.0,0.15,0.40249999999999997,7152.0,7177.0,10.71,0.149,16.0,0.7898122197462001,-0.7880613737875493,-1.00389059121472,1.9514228466524506,16.47637130634575,2.8099731131422976,1.6477653535829568,1787248705.3378193
8.300652265548706,R3,drive,2.0,0.15,0.40249999999999997,7152.0,7196.0,10.44,0.147,16.0,0.8428030001682698,-0.0939287900403345,-1.6653210029061256,1.955716510903835,16.473161985783047,2.849863868405841,1.6637784080215758,1787248705.3582606
8.320587158203125,R3,drive,2.0,0.15,0.40249999999999997,7152.0,7209.0,10.26,0.147,16.0,0.897354126673017,-0.042619214679526785,-2.003534495699796,2.0849840672958964,16.469269486603086,2.889776735354672,1.6807202810812853,1787248705.3762922
8.341358423233032,R3,drive,2.0,0.15,0.40249999999999997,7152.0,7229.0,9.91,0.148,16.0,0.8482823209530533,-0.3699649349525451,-1.5577304761339406,1.830711224323281,16.472791438228956,2.9131228310471777,1.6920252670037237,1787248705.3977492
8.360405445098877,R3,drive,2.0,0.15,0.40249999999999997,7152.0,7229.0,10.01,0.149,16.0,0.7775330497501173,-0.7850549546410406,-1.7047403012741427,1.9331936457379633,16.46776043408881,2.953129792927601,1.7086366993856552,1787248705.4175417
8.38097596168518,R3,drive,2.0,0.15,0.40249999999999997,7152.0,7244.0,9.89,0.15,16.0,0.7725863611833496,-0.1849622032186602,-1.984060927857854,2.0298270861107333,16.462051236263168,2.9931333101561575,1.7243157047863962,1787248705.4364336
8.400344371795654,R3,drive,2.0,0.15,0.40249999999999997,7152.0,7274.0,9.37,0.15,16.0,0.8647246775232025,0.006135049673518633,-2.0427573276134865,1.9572490656470687,16.455730070299612,3.0332099022199905,1.740066653273022,1787248705.4583793
8.420389890670776,R3,drive,2.0,0.15,0.40249999999999997,7152.0,7271.0,9.34,0.147,16.0,0.8793318497861781,-0.3451592178388445,-1.3766115017476466,2.0015800516335247,16.44868667817503,3.073440405506952,1.7576111641260719,1787248705.4782298
8.440404891967773,R3,drive,2.0,0.15,0.40249999999999997,7152.0,7273.0,9.47,0.149,16.0,0.853723358797167,-0.3242732549956351,-1.6146200861756768,1.9713786806657012,16.45766403433155,3.1035463329386146,1.7605394434076185,1787248705.4976277
8.460358619689941,R3,drive,2.0,0.15,0.40249999999999997,7152.0,7267.0,9.54,0.148,16.0,0.7897166122630662,-0.4573594703580248,-1.5867382218658292,1.9996145199471722,16.449859910186174,3.143299333798025,1.7772616843748745,1787248705.5175068
8.480587482452393,R3,drive,2.0,0.15,0.40249999999999997,7152.0,7272.0,9.55,0.148,16.0,0.8918979753897169,-0.12745674429825993,-1.8760809765065574,2.003587891515841,16.441366001632584,3.183097055860395,1.7935985489043647,1787248705.5376835
8.500656127929688,R3,drive,2.0,0.15,0.40249999999999997,7152.0,7279.0,9.23,0.147,16.0,0.8616845459808226,-0.45497099229712035,-1.6267065738070983,2.08810218436842,16.43218088056908,3.222810158503287,1.811551119541032,1787248705.5563335
8.521068334579468,L4,drive,2.0,0.35,0.2725,7152.0,7259.0,9.55,0.149,16.0,0.7870065795378015,-0.5217187890800048,-1.466367727656177,2.0097009192722424,16.42228016054519,3.2624652071299214,1.8283115024387258,1787248705.5779288
8.54046368598938,L4,drive,2.0,0.35,0.2725,7152.0,7265.0,9.4,0.147,16.0,0.773247024870771,-0.09151478522750534,-1.9142480935890376,2.122577830318165,16.426537448739207,3.298597172418313,1.8337787630426674,1787248705.5961316
8.56055760383606,L4,drive,2.0,0.35,0.2725,7152.0,7269.0,9.46,0.15,16.0,0.8690495179754366,-0.011169881721043495,-1.821991013438975,2.12312933339352,16.41583271147199,3.337783180721994,1.8491708305932661,1787248705.6161764
8.580599308013916,L4,drive,2.0,0.35,0.2725,7152.0,7292.0,8.92,0.148,16.0,0.849102641147825,-0.5193447828784592,-1.5052414807804837,2.0334683926841337,16.40447251210648,3.376858561416592,1.8668716913429406,1787248705.637707
8.600543975830078,L4,drive,2.0,0.35,0.2725,7152.0,7274.0,9.18,0.146,16.0,0.9831222948434547,0.2774469958830288,-3.8626655627479636,2.11418127064599,16.39145703776358,3.418837557190569,1.8852471806630497,1787248705.6577463
8.620570659637451,L4,drive,2.0,0.35,0.2725,7152.0,7124.0,11.73,0.139,16.0,1.4154405582890153,1.4695793109906674,-6.669771830228683,2.0812815635522384,16.378629320604837,3.4575605161914873,1.9056318071020057,1787248705.6789925
8.6416597366333,L4,drive,2.0,0.35,0.2725,7152.0,7080.0,12.81,0.153,16.0,1.8193668613532408,1.622681496560162,-6.243503358993337,2.570596652468538,16.36996195917056,3.5171108487879255,1.9396014120316647,1787248705.6975489
8.660375356674194,L4,drive,2.0,0.35,0.2725,7152.0,7191.0,9.39,0.147,16.0,2.00662903077298,0.7806346786892888,-5.355610056124533,2.2692473330292295,16.35510524354966,3.5545192667818495,1.976939759079266,1787248705.7177927
8.681530237197876,L4,drive,2.0,0.35,0.2725,7152.0,7159.0,10.59,0.144,16.0,1.97375816607035,-0.04807020861450528,-4.553473775847692,2.1470806641515345,16.33888562755977,3.5911780773988666,2.0169022249309765,1787248705.7374523
8.701188325881958,L4,drive,2.0,0.35,0.2725,7152.0,7143.0,10.96,0.145,16.0,1.9925383786034252,0.48398078455457494,-3.509175926048016,2.0511182827910877,16.3212971767189,3.626999760056416,2.0563746914243537,1787248705.7576997
8.720693588256836,L4,drive,2.0,0.35,0.2725,7152.0,7104.0,11.53,0.146,16.0,1.9818296747021622,0.19634453987501388,-3.660310377285896,2.0775484781076594,16.3117431647971,3.6451040162345847,2.076685514857616,1787248705.767269
8.740521430969238,L4,drive,2.0,0.35,0.2725,7152.0,7092.0,11.57,0.148,16.0,1.9333689312943174,0.21373459851047016,-3.8401426718128278,1.6774401555977103,16.28434476122568,3.6847459595132257,2.1382229135746513,1787248705.7991288
8.760395765304565,L4,drive,2.0,0.35,0.2725,7152.0,7093.0,11.39,0.149,16.0,1.938144378602993,0.47951541195017455,-4.633259621559944,2.018562079101889,16.262563598233417,3.718201791196837,2.176947090115016,1787248705.8161082
8.78154730796814,L4,drive,2.0,0.35,0.2725,7152.0,7108.0,11.18,0.147,16.0,2.0613274300860085,0.60620988942906,-3.926439684793394,1.924638035848359,16.239703733173155,3.750462998790557,2.2162809627539795,1787248705.8380566
8.80064582824707,L4,drive,2.0,0.35,0.2725,7152.0,7100.0,11.4,0.146,16.0,2.144295683844392,0.28343096354752717,-3.714999095261902,2.091698825185956,16.227676820322365,3.766432791439838,2.236990736010754,1787248705.846113
8.820277452468872,L4,drive,2.0,0.35,0.2725,7152.0,7083.0,11.65,0.147,16.0,1.9994921585257313,-0.40916861723415465,-3.9448598766904865,2.1713492210089176,16.186553203854167,3.816447909507282,2.3061852284634083,1787248705.8788035
8.840449094772339,L4,drive,2.0,0.35,0.2725,7152.0,7078.0,11.72,0.148,16.0,1.912703467025575,0.6676062411277073,-4.50363912415321,3.0700248821758764,16.13011177512331,3.8743063012988004,2.3747422186773517,1787248705.897269
8.86038613319397,L4,drive,2.0,0.35,0.2725,7152.0,7087.0,11.54,0.149,16.0,1.9826533904273238,0.8460903869381013,-4.424119911486116,2.4899984621343467,16.1031025064219,3.89981097804145,2.410626465468392,1787248705.9175475
8.88062047958374,L4,drive,2.0,0.35,0.2725,7152.0,7105.0,11.11,0.147,16.0,2.0132632313644767,-0.0042342659639884594,-3.413682411895877,2.2216196846368144,16.073217844696202,3.9260714252546935,2.4504716127327972,1787248705.937676
8.90037989616394,L4,drive,2.0,0.35,0.2725,7152.0,7106.0,11.42,0.147,16.0,1.9251978204377362,-0.17459790339604453,-3.924239085088459,2.1634480731663084,16.041257598475195,3.9519546287907152,2.4921112504915794,1787248705.957097
8.92069149017334,R4,drive,2.0,0.15,0.40249999999999997,7152.0,7082.0,11.85,0.147,16.0,1.9425090333135238,0.5406435957094899,-4.421664080807034,2.1306866504801145,16.008573023176606,3.976290537424933,2.5311531894274024,1787248705.9772742
8.940936088562012,R4,drive,2.0,0.15,0.40249999999999997,7152.0,7083.0,11.69,0.148,16.0,2.0707725972080837,0.666932130224339,-4.2211820509593565,1.601364463482483,15.99149666272777,3.978577938645391,2.5715205265469163,1787248705.999602
8.960626602172852,R4,drive,2.0,0.15,0.40249999999999997,7152.0,7094.0,11.4,0.148,16.0,2.0828797269977475,0.02909795274159821,-3.837445643477764,2.0183783775990554,15.953130886600208,4.002546093022663,2.618945083089305,1787248706.0189853
8.980663776397705,R4,drive,2.0,0.15,0.40249999999999997,7152.0,7097.0,11.47,0.147,16.0,2.0008374543503846,0.12310889159722649,-3.901225320378302,1.9315431759208144,15.923471126555345,4.019329831636952,2.6538668019697713,1787248706.0376043
9.001580953598022,R4,drive,2.0,0.15,0.40249999999999997,7152.0,7110.0,11.36,0.149,16.0,2.0146684483136568,0.004476952832769943,-3.3342476914985753,1.957947135679098,15.887933029334409,4.037723660964486,2.6943204771690596,1787248706.057644
9.021719455718994,R4,drive,2.0,0.15,0.40249999999999997,7152.0,7115.0,11.31,0.148,16.0,1.4283437069285037,-1.1571773295361396,1.8726580163171889,1.9574962426689866,15.852267049274197,4.054462124487912,2.7309898278043985,1787248706.0777817
9.040434122085571,R4,drive,2.0,0.15,0.40249999999999997,7152.0,7138.0,10.86,0.146,16.0,0.9476635033515403,-0.8787272072199244,0.6539366197906631,1.572231053849209,15.82910549669293,4.0629963698716995,2.7592157598361964,1787248706.099759
9.06030797958374,R4,drive,2.0,0.15,0.40249999999999997,7152.0,7153.0,10.77,0.149,16.0,0.7794531223170371,-0.2851256694415909,-1.24410247968504,2.011107464650788,15.792153919644374,4.077653353443999,2.778250167834721,1787248706.1161366
9.080598831176758,R4,drive,2.0,0.15,0.40249999999999997,7152.0,7184.0,10.17,0.149,16.0,0.8951643424666993,-0.1112209808996214,-1.158647100343451,1.9749661308816964,15.754547393346346,4.091885408728589,2.7935009956941683,1787248706.137391
9.10033893585205,R4,drive,2.0,0.15,0.40249999999999997,7152.0,7191.0,10.32,0.148,16.0,0.9043598382365793,-0.574447301014871,-1.3237725505224205,1.9915272621877258,15.7159131647792,4.105703336148204,2.8119492501375998,1787248706.1577427
9.120582342147827,R4,drive,2.0,0.15,0.40249999999999997,7152.0,7203.0,10.27,0.148,16.0,0.8836516302323412,-0.48285208915988065,-1.512646394999507,2.109963521191255,15.67889715334203,4.118212553706583,2.8295541972439495,1787248706.1763163
9.140429019927979,R4,drive,2.0,0.15,0.40249999999999997,7152.0,7208.0,10.02,0.146,16.0,0.9035885867848923,-0.12866543691552135,-2.2813143808931784,1.8996119648715388,15.665012489266044,4.129172436978268,2.839895649851834,1787248706.197608
9.160693407058716,R4,drive,2.0,0.15,0.40249999999999997,7152.0,7213.0,10.02,0.148,16.0,0.9186457666930641,-0.060571071991647685,-1.8429909969922846,1.9257050862542373,15.62650123656656,4.140981675134352,2.8580638806965677,1787248706.2182486
9.181322813034058,R4,drive,2.0,0.15,0.40249999999999997,7152.0,7224.0,9.86,0.147,16.0,0.9069763940075821,-0.6311245840291448,-1.5885356560342814,2.014541964509924,15.587799999215147,4.152080418386648,2.8763547005132195,1787248706.2374704
9.20229458808899,R4,drive,2.0,0.15,0.40249999999999997,7152.0,7220.0,10.06,0.148,16.0,0.818991876598953,-0.6618707801390684,-1.3314315262724108,2.109423514014768,15.56831172054794,4.157374176380117,2.885489709296352,1787248706.2461345
9.220483541488647,R4,drive,2.0,0.15,0.40249999999999997,7152.0,7218.0,10.11,0.149,16.0,0.8454839378586253,-0.20820766385895695,-2.0627346331054355,2.1794776296078417,15.497616992608169,4.175137873464611,2.9155720498236106,1787248706.2823937
9.240843534469604,R4,drive,2.0,0.15,0.40249999999999997,7152.0,7246.0,9.4,0.148,16.0,0.9338484217757814,0.04352491187773655,-2.203636456513806,4.045656571004162,15.401671223838669,4.200311318189585,2.9744222140684,1787248706.2973294
9.261859893798828,R4,drive,2.0,0.15,0.40249999999999997,7152.0,7243.0,9.6,0.148,16.0,0.9340932994380142,-0.4667286471242207,-1.3460907889009661,2.9856333318520334,15.361721153484508,4.2068776811243715,2.993110072028169,1787248706.3178005
9.280629396438599,R4,drive,2.0,0.15,0.40249999999999997,7152.0,7246.0,9.61,0.148,16.0,0.8486242708370194,-0.5017589521455648,-1.5103925856298588,2.5097794484987923,15.321669320286011,4.212689783516707,3.0113535261469226,1787248706.337445
9.303121328353882,R4,drive,2.0,0.15,0.40249999999999997,7152.0,7238.0,9.79,0.147,16.0,0.8760028318445517,-0.04124195779132389,-2.173064872888773,2.3261217657856506,15.27914499523833,4.218065384854034,3.029372672238579,1787248706.3573031
9.32058572769165,L5,drive,2.0,0.35,0.2725,7152.0,7255.0,9.39,0.148,16.0,0.948034415112361,0.137057461677923,-1.9635588347386488,2.184090479016719,15.24112331990158,4.2221919434048605,3.0469012771417803,1787248706.3779461
9.340527772903442,L5,drive,2.0,0.35,0.2725,7152.0,7243.0,9.53,0.146,16.0,0.9094581272483997,-0.4154045999040541,-1.6327084485702983,2.566226736560327,15.260679210442248,4.235421362932468,3.0353059585353614,1787248706.3975866
9.360452651977539,L5,drive,2.0,0.35,0.2725,7152.0,7231.0,9.89,0.149,16.0,0.8571677581930209,-0.4321893986033949,-1.7434322059838792,2.2781134402200873,15.220505160530577,4.239529933988149,3.0532371903750284,1787248706.4177015
9.380687952041626,L5,drive,2.0,0.35,0.2725,7152.0,7195.0,10.28,0.145,16.0,0.8107436006497868,-0.4210063058289215,-2.070582766289874,2.144480164559079,15.180442485361427,4.242907209499831,3.0701358188195322,1787248706.4375732
9.400537252426147,L5,drive,2.0,0.35,0.2725,7152.0,7227.0,10.0,0.153,16.0,1.0740914834647628,0.6861615768023483,-4.255794353133865,2.1393439745649654,15.140150455407635,4.245626421812997,3.0864215220621656,1787248706.4563503
9.420412540435791,L5,drive,2.0,0.35,0.2725,7152.0,7242.0,9.05,0.145,16.0,1.4340328848071853,0.23381956586522534,-5.121461803635384,2.0946206154658205,15.088541765550216,4.248080078692505,3.115218294027783,1787248706.4817662
9.44156527519226,L5,drive,2.0,0.35,0.2725,7152.0,7182.0,10.51,0.138,16.0,1.6059180952508616,0.8151867545400009,-5.529313298942384,1.8209281563858466,15.076946130269683,4.266441990627723,3.1270645122467404,1787248706.4998033
9.460410356521606,L5,drive,2.0,0.35,0.2725,7152.0,7063.0,12.7,0.146,16.0,1.801216353259915,1.391189488075156,-6.247152606438135,2.076343210062458,15.037363025187503,4.266677787449805,-3.1230563649921046,1787248706.5175812
9.480658769607544,L5,drive,2.0,0.35,0.2725,7152.0,7121.0,11.1,0.15,16.0,2.0807834197456914,1.2089558881574334,-5.030532918577592,2.112633493201289,14.99728530287373,4.2655725777607465,-3.086922774152729,1787248706.5361032
9.501454591751099,L5,drive,2.0,0.35,0.2725,7152.0,7118.0,10.76,0.147,16.0,2.1380254042158544,-0.2622316995672378,-3.382191353570164,1.9966869786225319,14.977446876583647,4.264448995033932,-3.064687434136347,1787248706.5476146
9.520515203475952,L5,drive,2.0,0.35,0.2725,7152.0,7099.0,11.37,0.145,16.0,2.036276005818015,0.031008046315198268,-3.769947721984778,1.9793609278954762,14.910038157468598,4.257739190157173,-2.99253223847762,1787248706.5818324
9.54055643081665,L5,drive,2.0,0.35,0.2725,7152.0,7087.0,11.54,0.146,16.0,2.0663276481906867,0.735321825232667,-4.794583138868859,3.4274354855125804,14.82879566110881,4.262622340547019,-2.9456283612658596,1787248706.5973632
9.56092619895935,L5,drive,2.0,0.35,0.2725,7152.0,7069.0,11.81,0.148,16.0,2.0804252245790757,0.42745929329900534,-4.1220781733481715,2.672727455137705,14.790051268551542,4.254485306231532,-2.904224954218879,1787248706.6175673
9.581763982772827,L5,drive,2.0,0.35,0.2725,7152.0,7076.0,11.56,0.148,16.0,2.0421221770429567,0.13896765575054637,-4.2144314401998315,2.314019865598656,14.751667805398842,4.244757705610554,-2.862817593589976,1787248706.6375597
9.600483655929565,L5,drive,2.0,0.35,0.2725,7152.0,7074.0,11.59,0.148,16.0,1.9758213169668346,0.16662405506970046,-4.515354021214023,2.1510835979157683,14.708013176548109,4.231699613257063,-2.816678899823828,1787248706.6606348
9.620460748672485,L5,drive,2.0,0.35,0.2725,7152.0,7094.0,11.34,0.147,16.0,2.0148311674562605,0.5351507576357086,-3.9166771731224514,2.1266580354019524,14.674164814788854,4.219995068458287,-2.78101056526733,1787248706.677157
9.640501022338867,L5,drive,2.0,0.35,0.2725,7152.0,7078.0,11.62,0.144,16.0,2.046151140298083,0.05310267436684457,-3.669782574687275,2.5113207831248383,14.690351685240715,4.206269794634437,-2.7317611952494394,1787248706.697504
9.660491943359375,L5,drive,2.0,0.35,0.2725,7152.0,7054.0,12.13,0.146,16.0,2.0102189719224066,0.15839289269854362,-3.992932177511932,2.167098777016479,14.656644509028062,4.191291411574214,-2.693717448851815,1787248706.7178326
9.680612087249756,L5,drive,2.0,0.35,0.2725,7152.0,7057.0,11.89,0.146,16.0,2.0207344634865847,0.5896787502645928,-4.585362737215576,2.1341100751585724,14.621191216053372,4.1738157443381185,-2.653344785788833,1787248706.7364876
9.701546430587769,L5,drive,2.0,0.35,0.2725,7152.0,7075.0,11.6,0.15,16.0,2.1311247543572955,0.6280236592556108,-3.9412997992882026,2.0179179838071644,14.603464207706502,4.16441206412866,-2.632789563250884,1787248706.7479753
9.72054648399353,L5,drive,2.0,0.35,0.2725,7152.0,7090.0,11.4,0.147,16.0,2.144857211360235,0.13711199610248936,-3.822473847159216,2.1192511671183567,14.550251294977429,4.133267317560556,-2.5671384386707596,1787248706.7777352
9.74062442779541,R5,drive,2.0,0.15,0.40249999999999997,7152.0,7083.0,11.68,0.145,16.0,2.0575302950037737,-0.14821918470552742,-4.149911505766028,1.6122218779085193,14.539330474570699,4.118744423473191,-2.5215671086554967,1787248706.7976482
9.760279655456543,R5,drive,2.0,0.15,0.40249999999999997,7152.0,7067.0,12.07,0.147,16.0,1.9737873276842866,0.7435112896454186,-4.714569836457997,1.8001834145604234,14.507089896595222,4.095301243965892,-2.4810941585503423,1787248706.8178535
9.780609369277954,R5,drive,2.0,0.15,0.40249999999999997,7152.0,7086.0,11.5,0.149,16.0,2.0642618341331125,0.699996162718044,-4.301622200131106,1.9749924420499665,14.476179333277287,4.070793167434291,-2.4415737487025937,1787248706.8361182
9.803164005279541,R5,drive,2.0,0.15,0.40249999999999997,7152.0,7090.0,11.37,0.147,16.0,2.1041175045847478,0.21470236755999572,-3.304935013457367,1.9393676905007746,14.446096197437836,4.044951520428775,-2.399766584174702,1787248706.8576531
9.820464372634888,R5,drive,2.0,0.15,0.40249999999999997,7152.0,7098.0,11.54,0.149,16.0,1.953002686956763,-0.43696460056043307,-2.6546301725539934,1.903971510879809,14.417082412241157,4.017816060079051,-2.358372493572238,1787248706.87903
9.84036660194397,R5,drive,2.0,0.15,0.40249999999999997,7152.0,7112.0,11.32,0.148,16.0,1.3116519774445017,-1.0518998882848152,2.068324863869094,1.6325176616679515,14.399808915040296,4.001946910395825,-2.3219889051841984,1787248706.897582
9.86123251914978,R5,drive,2.0,0.15,0.40249999999999997,7152.0,7145.0,10.85,0.15,16.0,0.8743559330264469,-0.6071309721141134,1.244272633667805,1.8131226064877715,14.372808413302986,3.972703324671783,-2.2979762397606334,1787248706.9175231
9.88182783126831,R5,drive,2.0,0.15,0.40249999999999997,7152.0,7168.0,10.36,0.146,16.0,0.8421601130811246,-0.7883133157027515,-0.4888214022395232,1.8952878438341578,14.346293086253311,3.9426910284065775,-2.280619403756046,1787248706.9377255
9.901180744171143,R5,drive,2.0,0.15,0.40249999999999997,7152.0,7183.0,10.44,0.15,16.0,0.8264079147074694,-0.4016951078635742,-1.7920287097109906,2.0193175665710257,14.318872292315811,3.9104874028287475,-2.262681384035899,1787248706.9574432
9.92071008682251,R5,drive,2.0,0.15,0.40249999999999997,7152.0,7200.0,10.14,0.148,16.0,0.8775916071718658,-0.1994998803015413,-2.166119549839692,2.5123005923482635,14.29501625516803,3.8815232959844383,-2.247341090914829,1787248706.976133
9.940736532211304,R5,drive,2.0,0.15,0.40249999999999997,7152.0,7207.0,10.16,0.148,16.0,0.8439224599324845,-0.5856142408554135,-1.31345835403107,2.2989437331327496,14.267456988618083,3.8468924682046173,-2.2278221619820053,1787248706.9980512
9.960283279418945,R5,drive,2.0,0.15,0.40249999999999997,7152.0,7225.0,9.93,0.148,16.0,0.8190735690653912,-0.37591992235322635,-1.6453156307778443,3.05131388542089,14.21401928221763,3.7990043762699157,-2.1975969259498376,1787248707.0162463
9.980677843093872,R5,drive,2.0,0.15,0.40249999999999997,7152.0,7235.0,9.7,0.148,16.0,0.8378768179418957,-0.3073326279924906,-1.9622057889787925,2.593274358586155,14.19061990760946,3.7664648108813896,-2.1816170839724127,1787248707.0360665
10.002210855484009,R5,drive,2.0,0.15,0.40249999999999997,7152.0,7239.0,9.7,0.149,16.0,0.8566434483534116,-0.10529318305288715,-1.9115177361233293,2.331407133453491,14.178862018531479,3.749690977522633,-2.173082050354679,1787248707.0479734
10.020541429519653,R5,drive,2.0,0.15,0.40249999999999997,7152.0,7248.0,9.55,0.149,16.0,0.8830208605281559,-0.32422983941755845,-1.354452015280856,2.1093975398015936,14.14453007071192,3.6988658767885165,-2.146882015804331,1787248707.078136
10.040304899215698,R5,drive,2.0,0.15,0.40249999999999997,7152.0,7258.0,9.45,0.146,16.0,0.8821651868699135,-0.27268111292633535,-1.4781571767197477,2.2895798047619857,14.108451817334117,3.6879953633328406,-2.152087303898025,1787248707.0968206
10.060391187667847,R5,drive,2.0,0.15,0.40249999999999997,7152.0,7267.0,9.4,0.149,16.0,0.890099409547532,-0.1713940676226251,-2.0406271868601777,2.2202171025402526,14.086904077536056,3.654908316567607,-2.134940788322293,1787248707.1163664
10.080334424972534,R5,drive,2.0,0.15,0.40249999999999997,7152.0,7274.0,9.09,0.145,16.0,0.8746944208009959,-0.014444477943158951,-1.9801134724020244,2.0752840372728008,14.065261285028424,3.6203931212116203,-2.117226175225426,1787248707.1376815
10.100435972213745,R5,drive,2.0,0.15,0.40249999999999997,7152.0,7270.0,9.33,0.149,16.0,0.868418082480979,-0.2536218934212897,-1.3407668988216699,2.1278800362888024,14.044248236982012,3.5854990318428803,-2.0996345722636103,1787248707.1562352
10.120601654052734,brake,stop,0.0,0.0,0.5,0.0,7260.0,9.45,0.147,16.0,0.7847728531734978,-0.5696575541082751,-1.3573028253941573,2.146837536866861,14.024035215427046,3.5505804829271748,-2.0824356843353726,1787248707.1760635
10.140546560287476,brake,stop,0.0,0.0,0.5,0.0,7269.0,9.34,0.149,16.0,0.8396223202993609,0.06557785110725245,-2.3967699977759196,2.0963526870436278,13.99261896595641,3.537305054349448,-2.0851492239797467,1787248707.1977594
10.16123652458191,brake,stop,0.0,0.0,0.5,0.0,7167.0,3.49,0.112,16.0,0.8901656556796477,0.10751820402049006,-1.794992955812802,2.0548468207778496,13.973021286895918,3.502266446953502,-2.0681118228100517,1787248707.2175772
10.180700302124023,brake,stop,0.0,0.0,0.5,0.0,6883.0,-0.53,0.101,16.1,0.9270214749003907,0.7807451910698475,-1.351525191360821,2.1081407545522834,13.95385458618951,3.466577864492013,-2.0502484686491544,1787248707.236193
10.200506210327148,brake,stop,0.0,0.0,0.5,0.0,6624.0,-2.62,0.098,16.1,0.8386222367310089,1.004190626480721,0.0648333817512814,2.151729657575296,13.936349865516833,3.432350133735769,-2.0315099511166124,1787248707.2563112
10.221360206604004,brake,stop,0.0,0.0,0.5,0.0,6598.0,-11.51,0.086,16.1,0.3437481502027366,2.961498202697925,2.464586007814006,1.9210903202928282,13.928673588635643,3.4166514144870144,-2.02350407664794,1787248707.2689474
10.240502834320068,brake,stop,0.0,0.0,0.5,0.0,6508.0,-16.49,0.075,16.1,0.02486786380926555,3.778627036909768,1.7739599354896427,2.116668368022981,13.889213516532505,3.3753759378099275,-2.0245044722386933,1787248707.2976232
10.260502338409424,brake,stop,0.0,0.0,0.5,0.0,6326.0,-20.07,0.067,16.1,-0.06524400540347025,4.107373302435576,0.7911963585937158,1.9094431084385852,13.873540966260162,3.3431515128412985,-2.0249127796435085,1787248707.3186274
10.28048825263977,brake,stop,0.0,0.0,0.5,0.0,6127.0,-23.7,0.058,16.1,-0.0680761149363906,5.1221617153789225,0.3183045266375828,1.8804268210938289,13.858293902334339,3.3118718754926504,-2.0262283792437614,1787248707.3375971
10.304739475250244,brake,stop,0.0,0.0,0.5,0.0,5904.0,-26.79,0.047,16.1,-0.0847661704550524,5.237691007182036,0.10178422310837654,1.9199089449418794,13.842169167081089,3.278977385621076,-2.027593770090908,1787248707.3561635
10.321717023849487,brake,stop,0.0,0.0,0.5,0.0,5607.0,-29.48,0.039,16.1,-0.05354205060652685,5.925063980939001,-0.23517414651925606,1.8525503045267393,13.827696907726168,3.2495248819915434,-2.0293737127033737,1787248707.3761685
10.340619802474976,brake,stop,0.0,0.0,0.5,0.0,5226.0,-31.96,0.029,16.1,-0.06671116997631932,5.887713719918111,-0.13585750333941604,1.7514252416661256,13.798821210497461,3.234622855303481,-2.0475735658969625,1787248707.4000435
10.36154317855835,brake,stop,0.0,0.0,0.5,0.0,4895.0,-33.77,0.023,16.1,-0.03822962335262782,6.493928506390489,0.24205874988569853,1.565129470648778,13.78741924020943,3.2128831177973805,-2.048832872448836,1787248707.41766
10.380788326263428,brake,stop,0.0,0.0,0.5,0.0,4524.0,-35.76,0.014,16.1,-0.036368219392284545,6.6818650421583925,0.24121591025844147,1.436682012799735,13.775132941073839,3.189303568760314,-2.0495860187456794,1787248707.43775
10.401008129119873,brake,stop,0.0,0.0,0.5,0.0,4108.0,-38.62,0.0,16.1,-0.021641864428744082,7.0693968774823475,0.2974865376792408,1.5319516853422595,13.761255108878647,3.16257972693336,-2.0503163963552415,1787248707.4561546
10.420529842376709,brake,stop,0.0,0.0,0.5,0.0,3703.0,-37.87,0.0,16.1,-0.03190929918213789,7.554898815253978,0.05836932111608206,1.3869100326607562,13.74999211812363,3.141036411553476,-2.0507007941894244,1787248707.4777431
10.441924333572388,brake,stop,0.0,0.0,0.5,0.0,3316.0,-32.18,0.0,16.1,-0.023721483231500324,6.169493393149651,0.01503235154823912,1.3327207459839676,13.72659249506181,3.1450599640739645,-2.074340088174932,1787248707.4974465
10.461721420288086,brake,stop,0.0,0.0,0.5,0.0,2972.0,-25.84,0.0,16.1,-0.034641802329100066,5.047155383945437,-0.045361385348613226,1.1039299946690897,13.717751612227747,3.129264497121527,-2.0748671013362103,1787248707.5176413
10.480459451675415,brake,stop,0.0,0.0,0.5,0.0,2656.0,-21.17,0.0,16.1,-0.029382762417168917,4.24880488360472,-0.12272341388884911,0.9532129469429316,13.709769725672473,3.1149818621841194,-2.0755342766944183,1787248707.5377207
10.500293016433716,brake,stop,0.0,0.0,0.5,0.0,2328.0,-15.33,0.0,16.1,-0.005859622269041445,3.187975492644483,0.0013226767822622776,1.0270947608369443,13.69990890904472,3.0971394902372933,-2.0761238684100887,1787248707.556141
10.520461559295654,brake,stop,0.0,0.0,0.5,0.0,2067.0,-10.92,0.0,16.1,-0.010249212905872777,2.46190593640506,0.14070681875801938,0.9008179932382672,13.693455306137704,3.085614055849443,-2.0761267795100378,1787248707.5768876
10.540507793426514,brake,stop,0.0,0.0,0.5,0.0,1812.0,-7.95,0.0,16.1,-0.01678609784606739,1.883418647742701,0.20323994231832643,1.250394599629532,13.696415539690896,3.1233024083458893,-2.092902641299255,1787248707.5980096
10.560807228088379,brake,stop,0.0,0.0,0.5,0.0,1594.0,-5.48,0.0,16.1,-0.014592213828087234,1.5262834181078944,0.06372248381999057,0.8778387034315257,13.691271720567812,3.1144989986705824,-2.093227148889465,1787248707.6173546
10.580621004104614,brake,stop,0.0,0.0,0.5,0.0,1402.0,-3.21,0.0,16.1,-0.006189926544873677,1.1597229149793264,0.1313093926299942,0.6498144225084848,13.686749519893974,3.1067413165684328,-2.093476336437971,1787248707.6375997
10.600353240966797,brake,stop,0.0,0.0,0.5,0.0,1222.0,-1.91,0.0,16.1,-0.006200338880557506,0.9480206625361944,0.0736169232997348,0.6263102536013898,13.680820759726878,3.096451319156469,-2.0936007197400324,1787248707.6571453
10.620370149612427,brake,stop,0.0,0.0,0.5,0.0,1060.0,-1.53,0.0,16.1,-0.0072509507291072615,0.8573532211194461,0.040166864921161505,0.5105699351832029,13.677001407653535,3.0898919044016777,-2.093736463841358,1787248707.6782033
10.640519142150879,brake,stop,0.0,0.0,0.5,0.0,926.0,-1.24,0.0,16.1,-0.00836897592334425,0.7612219949829324,0.020932557844933086,0.9825834265270457,13.685811683055135,3.1265060460168987,-2.1049851926348158,1787248707.6979082
10.660857439041138,brake,stop,0.0,0.0,0.5,0.0,818.0,-1.07,0.0,16.1,-0.004037950383508092,0.7748046389834258,0.06865208882195617,0.6162959775631432,13.68310309298237,3.1219843557873497,-2.105130815614733,1787248707.7175891
10.680583953857422,brake,stop,0.0,0.0,0.5,0.0,11.0,0.08,0.0,16.1,-0.0019489609727776206,0.67590607174062,0.09299156355762506,0.4472346922726408,13.682361629938988,3.120816797192283,-2.1051911908375187,1787248707.7379537
10.700477123260498,brake,stop,0.0,0.0,0.5,0.0,93.0,0.36,0.0,16.1,-0.005078149896374018,0.5598294439839258,0.09273772129725444,0.36686362885320467,13.679650629017539,3.1162361340607023,-2.105191191242258,1787248707.756194
10.720371723175049,brake,stop,0.0,0.0,0.5,0.0,183.0,0.37,0.0,16.1,-0.004122283644644384,0.7331017104446573,0.08813537766033619,0.2894719610133938,13.679798402983783,3.1165326566330696,-2.105191119897082,1787248707.7772212
10.741840600967407,brake,stop,0.0,0.0,0.5,0.0,128.0,0.49,0.0,16.1,-0.0040926107245846674,0.5838341656091721,0.06879973102349624,1.206181136701399,13.705116337909242,3.1735020170817996,-2.1136348815026236,1787248707.7975366
10.760372161865234,brake,stop,0.0,0.0,0.5,0.0,29.0,0.3,0.0,16.1,-0.0008814325897450328,0.7285367158993168,0.049866847927045654,0.6288327315912535,13.704905155835013,3.173171640864272,-2.113634916244828,1787248707.8186624
10.781346797943115,brake,stop,0.0,0.0,0.5,0.0,125.0,-0.29,0.0,16.1,-0.0018729576322032567,0.280228553032984,0.04922431198955124,0.3409943943778982,13.704755604265001,3.172934789219629,-2.113634935622757,1787248707.837501
10.800492525100708,brake,stop,0.0,0.0,0.5,0.0,24.0,-0.09,0.0,16.1,0.0002009340738376899,0.5377909948863184,0.040485940183945246,0.19679457412982088,13.704190638217993,3.171998321560392,-2.113634935622757,1787248707.8561327
10.820435523986816,brake,stop,0.0,0.0,0.5,0.0,1.0,0.04,0.0,16.1,0.00017698743776100315,0.41112370696138,0.06874078377817838,0.9721069031366109,13.717352808781982,3.2028968796215502,-2.1195170360393627,1787248707.8792217
10.840487957000732,brake,stop,0.0,0.0,0.5,0.0,0.0,-0.04,0.0,16.1,0.00022201747039498964,0.23936835448617444,0.07369070785540544,0.4826220580223339,13.71731856307397,3.202842983539658,-2.1195170460078505,1787248707.89765
10.860759973526001,brake,stop,0.0,0.0,0.5,0.0,0.0,0.0,0.0,16.1,0.0001730833645375082,0.10458233518835591,0.020850221736004926,0.24075217401754145,13.71729689689354,3.20280874668687,-2.11951705166357,1787248707.9176202
10.880555152893066,brake,stop,0.0,0.0,0.5,0.0,0.0,0.03,0.0,16.1,0.00019520762730820652,0.023325795905033253,0.11669184623239381,0.12119572870317268,13.717280806563766,3.2027831008942327,-2.119517054830212,1787248707.9379604
10.900984287261963,brake,stop,0.0,0.0,0.5,0.0,0.0,0.03,0.0,16.1,0.0023409391440513414,-0.09585515531943845,0.06892413054182356,0.08698518922832431,13.717250010233492,3.202732726298006,-2.119517054830212,1787248707.9462059
10.921419858932495,brake,stop,0.0,0.0,0.5,0.0,0.0,0.02,0.0,16.1,0.0012546685047729958,-0.15828990860845948,0.07846751779681682,0.6840283762102676,13.727892939501528,3.2251324635154637,-2.1234231770592116,1787248707.9794447
10.94066071510315,brake,stop,0.0,0.0,0.5,0.0,0.0,0.03,0.0,16.1,0.0023255820152224267,-0.22646943275018927,0.06384209593029766,0.34084162231191617,13.72788997180734,3.2251261382965057,-2.1234231673093067,1787248707.9960415
10.960649967193604,brake,stop,0.0,0.0,0.5,0.0,0.0,0.02,0.0,16.1,-0.001953387177718251,-0.33455412235634086,0.11701212748345746,0.1706525181653193,13.72788786059803,3.2251218868415625,-2.123423161973007,1787248708.0161762
10.98091435432434,brake,stop,0.0,0.0,0.5,0.0,0.0,0.04,0.0,16.1,0.0012796559257898545,-0.3515075035991728,0.02061991451964218,0.08543669575477199,13.727844372624768,3.2250506683546267,-2.1234231574359343,1787248708.0382478
11.00145673751831,brake,stop,0.0,0.0,0.5,0.0,0.0,0.08,0.0,16.1,0.00019807085057294823,-0.4114142405015393,0.1025929661579017,0.06110364677241125,13.727863572733536,3.2250818007058997,-2.1234231574359343,1787248708.046702
11.020411968231201,brake,stop,0.0,0.0,0.5,0.0,0.0,0.01,0.0,16.1,-0.0008642532501565827,-0.4746917146462444,0.0736230628764325,0.3516782198237205,13.73304505541871,3.2382048894251314,-2.1266703938032747,1787248708.0791934
11.04120659828186,brake,stop,0.0,0.0,0.5,0.0,0.0,0.01,0.0,16.1,-0.0008699796966860659,-0.5131217006286448,0.08796858582671518,0.1826250347676741,13.732966409456138,3.238076442130024,-2.1266703834503455,1787248708.0990288
11.060523748397827,brake,stop,0.0,0.0,0.5,0.0,0.0,0.04,0.0,16.1,0.00019234440404346486,-0.5654714591534216,0.059307360727252956,0.09340351216374979,13.733036175983417,3.23818874840905,-2.1266703834503455,1787248708.1162333
11.081733465194702,brake,stop,0.0,0.0,0.5,0.0,0.0,0.04,0.0,16.1,-0.0019073163113801567,-0.5378005697023589,0.0782219347289086,0.047662953149427076,13.732991883428232,3.2381169085303836,-2.126670380423098,1787248708.1375592
11.101066589355469,brake,stop,0.0,0.0,0.5,0.0,0.0,0.01,0.0,16.1,-0.0008960079351523874,-0.6413203013082693,0.08344009983566636,0.025298994097880136,13.733029845367275,3.238178017550908,-2.126670380423098,1787248708.156278
11.120298147201538,brake,stop,0.0,0.0,0.5,0.0,0.0,-0.01,0.0,16.1,0.00125076439904021,-0.6327520834854283,0.044887907040902064,0.18501440170299943,13.735886840040491,3.244684871308176,-2.128357887702302,1787248708.180981
11.141015529632568,brake,stop,0.0,0.0,0.5,0.0,0.0,0.01,0.0,16.1,-0.001919810021888586,-0.6855512736425169,0.0496538265426949,0.09382907363605245,13.735899543375131,3.244705024537205,-2.128357886361866,1787248708.197632
11.160634517669678,brake,stop,0.0,0.0,0.5,0.0,0.0,0.0,0.0,16.1,-0.0008738838024188515,-0.646840365481097,0.12159309223723191,0.048234108617130525,13.735943214575778,3.2447750600659773,-2.128357886361866,1787248708.2161217
11.180457353591919,brake,stop,0.0,0.0,0.5,0.0,0.0,-0.02,0.0,16.1,0.00019234440404346486,-0.5984376238709572,0.05943716892029016,0.025348137424369283,13.735940795240845,3.2447710622634087,-2.128357885640529,1787248708.2361863
11.201379776000977,brake,stop,0.0,0.0,0.5,0.0,0.0,-0.06,0.0,16.1,0.00020483814706118484,-0.44138845793192516,0.09752063427026414,0.013682602351823869,13.735938861124222,3.2447678964627618,-2.1283578852486618,1787248708.2562628
11.22106385231018,brake,stop,0.0,0.0,0.5,0.0,0.0,-0.06,0.0,16.1,0.00019234440404346486,-0.36480926196574615,0.054395151192597524,0.13681746170972275,13.737222571045189,3.249773926500624,-2.1303029489913086,1787248708.280149
11.240518808364868,brake,stop,0.0,0.0,0.5,0.0,0.0,-0.08,0.0,16.1,-0.0030003542146374487,-0.28338414927520716,0.0783426797372968,0.06884900175111902,13.737231741854501,3.2497884227885696,-2.1303029485106824,1787248708.2975786
11.26049542427063,brake,stop,0.0,0.0,0.5,0.0,0.0,0.03,0.0,16.1,0.0023255820152224267,-0.2348691045746385,0.09764287762772739,0.03476935282766314,13.737238155964373,3.249798583570236,-2.130302948246269,1787248708.3184786
11.280592441558838,brake,stop,0.0,0.0,0.5,0.0,0.0,0.03,0.0,16.1,0.0012575316630191562,-0.19237968895187407,0.0448097005282051,0.01818401013267171,13.737259836324027,3.2498332022194005,-2.130302948246269,1787248708.3364637
11.30077338218689,brake,stop,0.0,0.0,0.5,0.0,0.0,0.02,0.0,16.1,-0.0009006935642324081,-0.20635555822181573,0.08322039069812703,0.009740203080648605,13.737260225924855,3.249833779763927,-2.1303029481009994,1787248708.3581674
11.322651624679565,brake,stop,0.0,0.0,0.5,0.0,0.0,0.0,0.0,16.1,0.0012700253735275855,-0.19187405095669874,0.06887563519493156,0.1264968504420468,13.73936196424454,3.2546295108944983,-2.13092988305978,1787248708.3813303
11.340306520462036,brake,stop,0.0,0.0,0.5,0.0,0.0,0.07,0.0,16.1,0.0012546685047729958,-0.2207808591240692,0.0592578786626774,0.06377981739229209,13.7393880284741,3.254671071650134,-2.13092988305978,1787248708.3961391
11.360697984695435,brake,stop,0.0,0.0,0.5,0.0,0.0,0.0,0.0,16.1,0.00019234440404346486,-0.19277295076642176,0.06866966701476329,0.03196892687096256,13.739370294771632,3.2546427211029063,-2.1309298828704866,1787248708.418479
11.381659269332886,brake,stop,0.0,0.0,0.5,0.0,0.0,0.04,0.0,16.1,-0.0008757061432155494,-0.2527919907592171,0.08834668142501556,0.016237645344368765,13.739372881723776,3.2546468323040814,-2.130929882834752,1787248708.4377177
11.400546073913574,brake,stop,0.0,0.0,0.5,0.0,0.0,0.02,0.0,16.1,-0.0019476606011516052,-0.24067005438138622,0.05430112065186421,0.00848369990028591,13.739383285088781,3.254663421005082,-2.130929882834752,1787248708.4565144
11.420525312423706,brake,stop,0.0,0.0,0.5,0.0,0.0,0.03,0.0,16.1,-0.0019101794696263173,-0.2832156398219148,0.04485114267091461,0.004566134253277609,13.739382554877205,3.25466224911094,-2.130929882815281,1787248708.4763708
11.440509796142578,brake,stop,0.0,0.0,0.5,0.0,0.0,0.03,0.0,16.1,0.0012479011107568872,-0.37422013669034726,0.04006399046637554,0.025044982342958152,13.739223336893495,3.2560737996533153,-2.1316594178256234,1787248708.4980497
11.460650444030762,brake,stop,0.0,0.0,0.5,0.0,0.0,0.04,0.0,16.1,0.00017698743776100315,-0.4033516606738736,0.08308499110488299,0.012703005722781251,13.739231562111108,3.256086893953243,-2.1316594178256234,1787248708.5162065
11.480576992034912,brake,stop,0.0,0.0,0.5,0.0,0.0,0.07,0.0,16.1,0.00019911170053170147,-0.47334338320420954,0.07872205441407587,0.006446960570048135,13.739226315275923,3.2560785258831677,-2.1316594177952304,1787248708.5376987
11.501117706298828,brake,stop,0.0,0.0,0.5,0.0,0.0,0.0,0.0,16.1,-0.0008603491444237971,-0.3796278246825473,0.0686626503556802,0.004667929834425772,13.739228652368734,3.256082246464879,-2.1316594177952304,1787248708.5461996
11.52052116394043,brake,stop,0.0,0.0,0.5,0.0,0.0,0.02,0.0,16.1,-0.0009035568525157311,-0.4022842514108582,0.059379500753451,0.0018551303496211699,13.739230979898274,3.2560859487168994,-2.131659417789048,1787248708.578466
11.540539979934692,brake,stop,0.0,0.0,0.5,0.0,0.0,0.0,0.0,16.1,-0.0030339313704671133,-0.3356777379822198,0.05448432123511182,0.05914164563738359,13.736809230479762,3.254115994203657,-2.1325107719590903,1787248708.597708
11.561026811599731,brake,stop,0.0,0.0,0.5,0.0,0.0,0.02,0.0,16.1,-0.0008785693014617098,-0.29279506054490767,0.020901348330053082,0.029174110874160195,13.736808283358563,3.254114497666456,-2.1325107719636556,1787248708.6176488
11.580799579620361,brake,stop,0.0,0.0,0.5,0.0,0.0,0.02,0.0,16.1,-0.0008921039594567642,-0.2641129681936931,0.11189798800211648,0.014446385156190377,13.73680758629586,3.2541133946264758,-2.1325107719661367,1787248708.6374638
11.600772619247437,brake,stop,0.0,0.0,0.5,0.0,0.0,0.02,0.0,16.1,-0.0008574859861776367,-0.26800381529056594,0.0642038924142696,0.007218105671569989,13.736804838240069,3.2541090280617233,-2.1325107719661367,1787248708.656194
11.620521545410156,brake,stop,0.0,0.0,0.5,0.0,0.0,0.02,0.0,16.1,0.00019911170053170147,-0.2873311661898441,0.06416588551090285,0.06451254179009351,13.73736943846081,3.256349535882735,-2.1329828328327216,1787248708.6791465
11.640550374984741,brake,stop,0.0,0.0,0.5,0.0,0.0,0.06,0.0,16.1,0.0012354074002484579,-0.2922332527319682,0.07372034593101162,0.03213230130305279,13.737378744058642,3.2563643066807333,-2.1329828328327216,1787248708.6961293
11.660593509674072,brake,stop,0.0,0.0,0.5,0.0,0.0,0.03,0.0,16.1,0.00021446866681416318,-0.2744789125457814,0.059027790716911,0.01597959397325284,13.737373117101509,3.2563553589399423,-2.13298283282124,1787248708.7177374
11.680509567260742,brake,stop,0.0,0.0,0.5,0.0,0.0,0.04,0.0,16.1,-0.0008642532501565827,-0.349372685073142,0.09295947696035967,0.008022401366586895,13.737374229882532,3.2563571221251717,-2.1329828328189993,1787248708.7376409
11.701308727264404,brake,stop,0.0,0.0,0.5,0.0,0.0,0.04,0.0,16.1,0.00016735691800802484,-0.32153332271388635,0.04485234865919452,0.004072041319190795,13.737374929356598,3.256358230619658,-2.1329828328177243,1787248708.7587306
11.720480680465698,brake,stop,0.0,0.0,0.5,0.0,0.0,0.04,0.0,16.1,-0.0008881998537239787,-0.3401865261646968,0.07849898312739256,0.002150047460597119,13.737378109984766,3.256363279238461,-2.1329828328177243,1787248708.7784278
11.740516185760498,brake,stop,0.0,0.0,0.5,0.0,0.0,0.03,0.0,16.1,0.00017985066102574486,-0.3359586236161398,0.07358008583954856,0.010326377252977699,13.73703183105037,3.257035138541296,-2.133291361943416,1787248708.8045554
11.760490894317627,brake,stop,0.0,0.0,0.5,0.0,0.0,0.0,0.0,16.1,0.00019911170053170147,-0.35433094143303023,0.07855091371362732,0.00535958323461473,13.737030018702365,3.257032260480228,-2.133291361942138,1787248708.8165772
11.780824899673462,brake,stop,0.0,0.0,0.5,0.0,0.0,0.0,0.0,16.1,0.0012450379525107266,-0.279605678358962,0.06374075636968612,0.0027111703764649293,13.737028024895965,3.2570290952807794,-2.1332913619411293,1787248708.837495
11.800497055053711,brake,stop,0.0,0.0,0.5,0.0,0.0,0.05,0.0,16.1,0.0001741242144962615,-0.3489794598036937,0.10741964188743225,0.0013968561912113251,13.737029366720995,3.2570312237065577,-2.1332913619411293,1787248708.8561168
11.82049560546875,brake,stop,0.0,0.0,0.5,0.0,0.0,0.03,0.0,16.1,0.00017022014127276652,-0.29195236709804817,0.0833647438407219,0.009760625642577125,13.736510337760556,3.2573047932257,-2.1335210889545175,1787248708.8777134
11.840841293334961,brake,stop,0.0,0.0,0.5,0.0,0.0,0.0,0.0,16.1,0.0012603948212653164,-0.2879491438205477,0.05444423126107978,0.004800309186961668,13.73651043675826,3.2573049499855027,-2.133521088954418,1787248708.8975933
11.860951900482178,brake,stop,0.0,0.0,0.5,0.0,0.0,0.02,0.0,16.1,0.0012700253735275855,-0.3018126734549611,0.02582039179829465,0.002364927830805721,13.736510507407935,3.2573050618893893,-2.133521088954364,1787248708.917837
11.880531072616577,brake,stop,0.0,0.0,0.5,0.0,0.0,0.0,0.0,16.1,-0.001950524019472091,-0.27910007690888605,0.10696679328832737,0.0011684967521296548,13.736510558964365,3.257305143570071,-2.1335210889543337,1787248708.9377213
11.900469303131104,brake,stop,0.0,0.0,0.5,0.0,0.0,0.02,0.0,16.1,-0.0008728428549322264,-0.36357330670433896,0.07862849895963464,0.0005820620961889584,13.736510746921764,3.2573054415595406,-2.1335210889543337,1787248708.9564888
11.92080545425415,brake,stop,0.0,0.0,0.5,0.0,0.0,0.04,0.0,16.1,0.00019520762730820652,-0.29764094072416825,0.044838717337121636,0.0175459909331587,13.73584120712839,3.2572748846764332,-2.1337614774980156,1787248708.979649
11.940430879592896,brake,stop,0.0,0.0,0.5,0.0,0.0,-0.02,0.0,16.1,0.00018948118077872315,-0.33111274343687924,0.059222722277063156,0.008711381375349088,13.735839269942504,3.2572718150788127,-2.1337614774980156,1787248708.996049
11.96050500869751,brake,stop,0.0,0.0,0.5,0.0,0.0,0.02,0.0,16.1,0.001238270558494618,-0.3255365094462874,0.08814294249591015,0.004339586782489313,13.735839308812732,3.2572718775328746,-2.1337614774982563,1787248709.016691
11.980514287948608,brake,stop,0.0,0.0,0.5,0.0,0.0,0.02,0.0,16.1,-0.0030310679521466277,-0.3076136232617088,0.05432896801760023,0.002163954186613762,13.735840195504526,3.2572732832888573,-2.1337614774984615,1787248709.0379
12.001457929611206,brake,stop,0.0,0.0,0.5,0.0,0.0,0.01,0.0,16.1,0.0023159517230344827,-0.3066585536342217,0.08328796258690119,0.0010901758522293625,13.735840027735414,3.2572730175912468,-2.133761477498501,1787248709.058036
12.020485877990723,brake,stop,0.0,0.0,0.5,0.0,0.0,0.01,0.0,16.1,0.00018271388429048652,-0.29786565654032415,0.06394734581654404,0.0005577685061431469,13.735839922009054,3.25727285014259,-2.133761477498524,1787248709.07755
12.041174173355103,brake,stop,0.0,0.0,0.5,0.0,0.0,0.04,0.0,16.1,0.0012575316630191562,-0.31189769562802994,0.049654959440776025,0.06724510036014132,13.737477880832941,3.260100026267624,-2.133711297545703,1787248709.0977988
12.060545921325684,brake,stop,0.0,0.0,0.5,0.0,0.0,0.03,0.0,16.1,0.00017698743776100315,-0.35889597252347016,0.08339259120645792,0.03360065098866114,13.737490451842254,3.2601199480681866,-2.133711297545703,1787248709.1161106
12.082704067230225,brake,stop,0.0,0.0,0.5,0.0,0.0,0.05,0.0,16.1,-0.0008881998537239787,-0.26484332200502436,0.030300272807153306,0.016802717449399422,13.737482415069758,3.2601072133781424,-2.1337112975447496,1787248709.1375177
12.102372169494629,brake,stop,0.0,0.0,0.5,0.0,0.0,0.04,0.0,16.1,-0.000867116408402743,-0.33032621980778387,0.11688321464535534,0.011985200302748963,13.737485847766255,3.2601126533148492,-2.1337112975447496,1787248709.1461596
