ros_time,msg_stamp,selected_mode,selected_wz,vesc_wz,livox_wz,livox_wz_raw,livox_bias_wz,vesc_weight,livox_weight,vesc_valid,livox_valid,fallback_used,vesc_header_stamp,livox_header_stamp,angular_velocity_x,angular_velocity_y,angular_velocity_z,linear_acceleration_x,linear_acceleration_y,linear_acceleration_z
1786615453.4520154,1786615453.4496582,vesc,0.0012479011107568872,0.0012479011107568872,nan,nan,0.01,1,0,1,0,0,1786615453.4496582,nan,-0.0012385462372793334,0.00077609715651413066,0.0012479011107568872,-0.057088040795155059,0.059445866653945245,9.5626854063581277
1786615453.4741619,1786615453.473877,vesc,0.0012546685047729958,0.0012546685047729958,nan,nan,0.01,1,0,1,0,0,1786615453.473877,nan,-0.00017335514220734541,-0.0013544577229817802,0.0012546685047729958,-0.043617772975289348,0.020919255428754724,9.6393856762385894
1786615453.4913275,1786615453.4909091,vesc,0.0012700253735275855,0.0012700253735275855,nan,nan,0.01,1,0,1,0,0,1786615453.4909091,nan,0.00089183595286464255,-0.0002892307376529142,0.0012700253735275855,-0.05742511451938892,0.040208562879566756,9.5913718475761698
1786615453.5143991,1786615453.513731,vesc,0.00021056459359066821,0.00021056459359066821,nan,nan,0.01,1,0,1,0,0,1786615453.513731,nan,0.00090432992344739716,0.001844153750501206,0.00021056459359066821,-0.052747762065970427,0.035392613136707496,9.6009940260654503
1786615453.5368145,1786615453.5337923,vesc,0.00020197492379644315,0.00020197492379644315,nan,nan,0.01,1,0,1,0,0,1786615453.5337923,nan,0.00090432992344739716,-0.0013516281143235711,0.00020197492379644315,-0.090896898959550221,0.011482324048287751,9.5861116921502116
1786615453.5583382,1786615453.5567319,vesc,-0.00086997969668606593,-0.00086997969668606593,nan,nan,0.01,1,0,1,0,0,1786615453.5567319,nan,-0.00014836720104183631,0.00078178966334417502,-0.00086997969668606593,-0.024964551251929201,0.030382828186677813,9.6827439515993774
1786615453.5739892,1786615453.5737019,vesc,0.00019520762730820652,0.00019520762730820652,nan,nan,0.01,1,0,1,0,0,1786615453.5737019,nan,-0.00016086117162459086,0.00077892676517233987,0.00019520762730820652,-0.0853206832415081,0.088302754215547452,9.5193177754518956
1786615453.5959482,1786615453.5956869,vesc,0.00022019511334364655,0.00022019511334364655,nan,nan,0.01,1,0,1,0,0,1786615453.5956869,nan,0.0019695210185193849,0.00077885914584778699,0.00022019511334364655,-0.048295125428707841,-0.0077949966099239987,9.6296734506244093
1786615453.6148083,1786615453.6146333,vesc,0.00019520762730820652,0.00019520762730820652,nan,nan,0.01,1,0,1,0,0,1786615453.6146333,nan,-0.00016086117162459086,0.00077892676517233987,0.00019520762730820652,-0.076359240149218799,0.040260639646199081,9.5719883268591275
1786615453.6321573,1786615453.6319535,vesc,0.00021446866681416318,0.00021446866681416318,nan,nan,0.01,1,0,1,0,0,1786615453.6319535,nan,0.0019695210185193849,-0.0013516614038371971,0.00021446866681416318,-0.062383361743002297,0.011429954920860297,9.6056074794125834
1786615453.6539071,1786615453.6535907,vesc,0.0012421747942645664,0.0012421747942645664,nan,nan,0.01,1,0,1,0,0,1786615453.6535907,nan,-0.0012385462372793334,-0.0013544244334681541,0.0012421747942645664,-0.029641903705347694,0.04956882264151119,9.6731591952918734
1786615453.675246,1786615453.6736357,vesc,0.0012700253735275855,0.0012700253735275855,nan,nan,0.01,1,0,1,0,0,1786615453.6736357,nan,0.00089183595286464255,-0.0002892307376529142,0.0012700253735275855,-0.099240382693685625,0.030925961453828421,9.4806782033244872
1786615453.6941102,1786615453.6937091,vesc,0.00019520762730820652,0.00019520762730820652,nan,nan,0.01,1,0,1,0,0,1786615453.6937091,nan,-0.00016086117162459086,0.00077892676517233987,0.00019520762730820652,-0.029698082659386671,0.054345961488817096,9.67796209843425
1786615453.7141867,1786615453.7136543,vesc,0.00018271388429048652,0.00018271388429048652,nan,nan,0.01,1,0,1,0,0,1786615453.7136543,nan,-0.0012260522666965789,0.00077896005468596581,0.00018271388429048652,-0.090896898959550221,0.040222450017335376,9.5861888754001257
1786615453.7345839,1786615453.7336271,vesc,0.00017698743776100315,0.00017698743776100315,nan,nan,0.01,1,0,1,0,0,1786615453.7336271,nan,-0.0012260522666965789,-0.001351561535296319,0.00017698743776100315,-0.056975682887077106,0.045101549691942466,9.5530667361983888
1786615453.7547417,1786615453.7538936,vesc,0.00017985066102574486,0.00017985066102574486,nan,nan,0.01,1,0,1,0,0,1786615453.7538936,nan,-0.0012260522666965789,-0.00028630022015652622,0.00017985066102574486,-0.071850424557917236,0.0066659357642357975,9.5959034399006669
1786615453.7745957,1786615453.7741828,vesc,0.00019520762730820652,0.00019520762730820652,nan,nan,0.01,1,0,1,0,0,1786615453.7741828,nan,-0.00016086117162459086,0.00077892676517233987,0.00019520762730820652,-0.067004535242381813,0.092899067911066169,9.5914010836556827
1786615453.7948532,1786615453.7938333,vesc,0.00017698743776100315,0.00017698743776100315,nan,nan,0.01,1,0,1,0,0,1786615453.7938333,nan,-0.0012260522666965789,-0.001351561535296319,0.00017698743776100315,-0.091177802866019952,0.040158094097307639,9.6101379022939
1786615453.8145401,1786615453.8136094,vesc,0.0012575316630191562,0.0012575316630191562,nan,nan,0.01,1,0,1,0,0,1786615453.8136094,nan,-0.00017335514220734541,-0.0002891974481392882,0.0012575316630191562,-0.052972477882126334,0.035341121091665428,9.6201530136918336
1786615453.8339806,1786615453.8335347,vesc,0.00018271388429048652,0.00018271388429048652,nan,nan,0.01,1,0,1,0,0,1786615453.8335347,nan,-0.0012260522666965789,0.00077896005468596581,0.00018271388429048652,-0.071681887695800306,0.040234729170730787,9.5816245386665742
1786615453.8554685,1786615453.854681,vesc,0.00019234440404346486,0.00019234440404346486,nan,nan,0.01,1,0,1,0,0,1786615453.854681,nan,-0.00016086117162459086,-0.00028633454996745305,0.00019234440404346486,-0.034319256158766187,0.025644609870223434,9.6634598335526789
1786615453.8762383,1786615453.8735735,vesc,0.002313088564788322,0.002313088564788322,nan,nan,0.01,1,0,1,0,0,1786615453.8735735,nan,-0.0012510396877134374,0.00077323425834229539,0.002313088564788322,-0.066948356288342836,0.045011721837639129,9.586482405638435
1786615453.8953891,1786615453.8944216,vesc,0.0023255820152224267,0.0023255820152224267,nan,nan,0.01,1,0,1,0,0,1786615453.8944216,nan,-0.00018584859264144957,0.00077320096882866945,0.0023255820152224267,-0.043786318973681126,0.020880627258698325,9.6537546245975818
1786615453.9155509,1786615453.9146588,vesc,0.0012450379525107266,0.0012450379525107266,nan,nan,0.01,1,0,1,0,0,1786615453.9146588,nan,-0.0012385462372793334,-0.00028916311832836143,0.0012450379525107266,-0.057312756611310967,0.054604335341512211,9.5818315301095254
1786615453.9346869,1786615453.93414,vesc,0.00019520762730820652,0.00019520762730820652,nan,nan,0.01,1,0,1,0,0,1786615453.93414,nan,-0.00016086117162459086,0.00077892676517233987,0.00019520762730820652,-0.048351313519021666,0.054462430720576549,9.6346295508234334
1786615453.9551408,1786615453.9540675,vesc,-0.00088819985372397866,-0.00088819985372397866,nan,nan,0.01,1,0,1,0,0,1786615453.9540675,nan,-0.0012135582961138242,-0.001348698637124484,-0.00088819985372397866,-0.10431097868910211,0.0069116284674421991,9.5045056081274879
1786615453.9745665,1786615453.9737639,vesc,0.0012450379525107266,0.0012450379525107266,nan,nan,0.01,1,0,1,0,0,1786615453.9737639,nan,-0.0012385462372793334,-0.00028916311832836143,0.0012450379525107266,-0.010426883305322932,0.035211020537833093,9.6685562669333649
1786615453.9939981,1786615453.9935262,vesc,0.00016163047147854149,0.00016163047147854149,nan,nan,0.01,1,0,1,0,0,1786615453.9935262,nan,-0.0022912428416199163,-0.0024167885206251853,0.00016163047147854149,-0.075348009840242369,0.026122327409463963,9.4857348756370357
1786615454.0139971,1786615454.013483,vesc,0.00022019511334364655,0.00022019511334364655,nan,nan,0.01,1,0,1,0,0,1786615454.013483,nan,0.0019695210185193849,0.00077885914584778699,0.00022019511334364655,-0.033813645572415396,0.044920578359757712,9.6204032745324639
1786615454.0338941,1786615454.0335417,vesc,-0.00090069356423240813,-0.00090069356423240813,nan,nan,0.01,1,0,1,0,0,1786615454.0335417,nan,-0.0022787488710371622,-0.001348664307313557,-0.00090069356423240813,-0.071681887695800306,0.016284605923974738,9.5815590498484653
1786615454.0491893,1786615454.0489261,vesc,0.00019234440404346486,0.00019234440404346486,nan,nan,0.01,1,0,1,0,0,1786615454.0489261,nan,-0.00016086117162459086,-0.00028633454996745305,0.00019234440404346486,-0.066892177334303859,0.0019144150316030561,9.5815777609393535
1786615454.0741138,1786615454.0733683,vesc,0.0012411338467779411,0.0012411338467779411,nan,nan,0.01,1,0,1,0,0,1786615454.0733683,nan,-0.0023037378524999718,0.0029066520360100418,0.0012411338467779411,-0.0060304301902367463,0.035120754142337063,9.7021403361914054
1786615454.0942972,1786615454.0939658,vesc,0.00017698743776100315,0.00017698743776100315,nan,nan,0.01,1,0,1,0,0,1786615454.0939658,nan,-0.0012260522666965789,-0.001351561535296319,0.00017698743776100315,-0.090447467327238407,0.021165350128054428,9.5478194446474163
1786615454.1139095,1786615454.11338,vesc,0.00017022014127276652,0.00017022014127276652,nan,nan,0.01,1,0,1,0,0,1786615454.11338,nan,-0.0022912438819172173,0.00077899334419959175,0.00017022014127276652,-0.057930725105739711,-0.0078075681241145389,9.6343500539032902
1786615454.1339457,1786615454.1332967,vesc,0.00021342781685540992,0.00021342781685540992,nan,nan,0.01,1,0,1,0,0,1786615454.1332967,nan,0.00090432992344739716,0.002909414025343698,0.00021342781685540992,-0.072187498282151097,0.054488962462734492,9.6247699753685083
1786615454.1542792,1786615454.1539478,vesc,0.0012825190840360147,0.0012825190840360147,nan,nan,0.01,1,0,1,0,0,1786615454.1539478,nan,0.0019570270479366309,-0.00028926402716654019,0.0012825190840360147,-0.085264513423743971,0.049995450131802954,9.5144259946277998
1786615454.1758046,1786615454.1734228,vesc,0.00018948118077872315,0.00018948118077872315,nan,nan,0.01,1,0,1,0,0,1786615454.1734228,nan,-0.00016086117162459086,-0.001351594824809945,0.00018948118077872315,-0.02445894066557841,0.011338628717481924,9.6395844815792771
1786615454.1963162,1786615454.1956615,vesc,-0.00086997969668606593,-0.00086997969668606593,nan,nan,0.01,1,0,1,0,0,1786615454.1956615,nan,-0.00014836720104183631,0.00078178966334417502,-0.00086997969668606593,-0.056750967070921199,0.064313125716349617,9.5339603735151286
1786615454.2138405,1786615454.213352,vesc,-0.00086997969668606593,-0.00086997969668606593,nan,nan,0.01,1,0,1,0,0,1786615454.213352,nan,-0.00014836720104183631,0.00078178966334417502,-0.00086997969668606593,-0.052242151479619636,0.030718458379485725,9.5578743171134875
1786615454.2349739,1786615454.2333703,vesc,0.0012825190840360147,0.0012825190840360147,nan,nan,0.01,1,0,1,0,0,1786615454.2333703,nan,0.0019570270479366309,-0.00028926402716654019,0.0012825190840360147,-0.052972477882126334,0.054501205071030512,9.6202044691917763
1786615454.2536922,1786615454.253314,vesc,-0.00090069356423240813,-0.00090069356423240813,nan,nan,0.01,1,0,1,0,0,1786615454.253314,nan,-0.0022787488710371622,-0.001348664307313557,-0.00090069356423240813,-0.066330387793914092,0.045153334097779663,9.5337966514698564
1786615454.2736065,1786615454.2732573,vesc,0.00018948118077872315,0.00018948118077872315,nan,nan,0.01,1,0,1,0,0,1786615454.2732573,nan,-0.00016086117162459086,-0.001351594824809945,0.00018948118077872315,-0.0057495354200418625,0.035185146607464191,9.6781913092976311
1786615454.2921312,1786615454.2918322,vesc,0.00017308336453750821,0.00017308336453750821,nan,nan,0.01,1,0,1,0,0,1786615454.2918322,nan,-0.0022912438819172173,0.0018442536190420836,0.00017308336453750821,-0.10425480887133798,0.050034699568549001,9.499831343734968
1786615454.3133795,1786615454.3130956,vesc,-0.00090069356423240813,-0.00090069356423240813,nan,nan,0.01,1,0,1,0,0,1786615454.3130956,nan,-0.0022787488710371622,-0.001348664307313557,-0.00090069356423240813,-0.043561594021250372,0.035302200560813901,9.634635398039336
1786615454.3334618,1786615454.3331528,vesc,0.00019234440404346486,0.00019234440404346486,nan,nan,0.01,1,0,1,0,0,1786615454.3331528,nan,-0.00016086117162459086,-0.00028633454996745305,0.00019234440404346486,-0.095855155319438445,0.02102392059341085,9.6004502349865106
1786615454.3543043,1786615454.3537068,vesc,0.00018661795751398149,0.00018661795751398149,nan,nan,0.01,1,0,1,0,0,1786615454.3537068,nan,-0.00016086117162459086,-0.0024168550996524372,0.00018661795751398149,-0.043617782111564196,0.068819465377167433,9.6395143149884461
1786615454.3733654,1786615454.3730972,vesc,-0.00084499214563204465,-0.00084499214563204465,nan,nan,0.01,1,0,1,0,0,1786615454.3730972,nan,0.0019820149891021394,0.00078172204401962214,-0.00084499214563204465,-0.11366568359593909,0.016543491408061328,9.4852600817057464
1786615454.3933711,1786615454.3930528,vesc,0.00017985066102574486,0.00017985066102574486,nan,nan,0.01,1,0,1,0,0,1786615454.3930528,nan,-0.0012260522666965789,-0.00028630022015652622,0.00017985066102574486,-0.024964551251929201,0.049542912166042896,9.6827954070993201
1786615454.4133301,1786615454.413048,vesc,0.0012642990570352647,0.0012642990570352647,nan,nan,0.01,1,0,1,0,0,1786615454.413048,nan,0.00089183595286464255,-0.0024197512873378982,0.0012642990570352647,-0.066779819426225906,0.040260347285403952,9.572100593404457
1786615454.4339664,1786615454.4333935,vesc,0.00016163047147854149,0.00016163047147854149,nan,nan,0.01,1,0,1,0,0,1786615454.4333935,nan,-0.0022912428416199163,-0.0024167885206251853,0.00016163047147854149,-0.057874546151700734,0.049685584234065772,9.6297155505789078
1786615454.4532866,1786615454.4529681,vesc,0.0023034580125260531,0.0023034580125260531,nan,nan,0.01,1,0,1,0,0,1786615454.4529681,nan,-0.0023162318230827263,0.0018385278226984135,0.0023034580125260531,-0.038659534887950819,0.049697863387461183,9.6251500444021758
1786615454.4734204,1786615454.4730856,vesc,-0.0019255363383809071,-0.0019255363383809071,nan,nan,0.01,1,0,1,0,0,1786615454.4730856,nan,0.00092931734446425576,-0.00028064204313740869,-0.0019255363383809071,-0.11884865577198322,0.040403604075017086,9.5187962037933858
1786615454.4933207,1786615454.4930201,vesc,0.0012421747942645664,0.0012421747942645664,nan,nan,0.01,1,0,1,0,0,1786615454.4930201,nan,-0.0012385462372793334,-0.0013544244334681541,0.0012421747942645664,-0.020511914614666615,0.025515422943875876,9.7115251177150412
1786615454.5309973,1786615454.52949,vesc,-0.001950524019472091,-0.001950524019472091,nan,nan,0.01,1,0,1,0,0,1786615454.52949,nan,-0.0012010648456797202,-0.00028057442381285586,-0.001950524019472091,-0.08092422555828449,0.035522275149347138,9.5527603420850937
1786615454.5353856,1786615454.5348821,vesc,0.00017985066102574486,0.00017985066102574486,nan,nan,0.01,1,0,1,0,0,1786615454.5348821,nan,-0.0012260522666965789,-0.00028630022015652622,0.00017985066102574486,-0.071625708741761329,0.045037632313107423,9.5768473632741689
1786615454.553967,1786615454.55357,vesc,-0.00086711640840274296,-0.00086711640840274296,nan,nan,0.01,1,0,1,0,0,1786615454.55357,nan,-0.00014836720104183631,0.0018470499381866669,-0.00086711640840274296,-0.034150719296649257,-0.0078469271961587594,9.6490008380687868
1786615454.5883329,1786615454.5773041,vesc,-0.0009035568525157311,-0.0009035568525157311,nan,nan,0.01,1,0,1,0,0,1786615454.5773041,nan,-0.0022787488710371622,-0.0024139256224533496,-0.0009035568525157311,-0.070783024431176678,0.093130946566702733,9.5051300907858831
1786615454.5930831,1786615454.5928199,vesc,0.00016449369474328318,0.00016449369474328318,nan,nan,0.01,1,0,1,0,0,1786615454.5928199,nan,-0.0022912428416199163,-0.0013515272054853921,0.00016449369474328318,-0.071850424557917236,-0.017284150937420861,9.5958391205257385
1786615454.6133776,1786615454.6129813,vesc,0.00017985066102574486,0.00017985066102574486,nan,nan,0.01,1,0,1,0,0,1786615454.6129813,nan,-0.0012260522666965789,-0.00028630022015652622,0.00017985066102574486,-0.057818367197661757,0.04011844266446829,9.6248997835615455
1786615454.6318126,1786615454.6313913,vesc,0.0012603948212653164,0.0012603948212653164,nan,nan,0.01,1,0,1,0,0,1786615454.6313913,nan,-0.00017335514220734541,0.00077606386700050461,0.0012603948212653164,-0.085994830689975821,0.04024803158690915,9.576666099581189
1786615454.655829,1786615454.6530259,vesc,0.00021160544354942147,0.00021160544354942147,nan,nan,0.01,1,0,1,0,0,1786615454.6530259,nan,0.0019695210185193849,-0.0024169227189769897,0.00021160544354942147,-0.05353427655879095,0.025632330716828022,9.6680241702862304
1786615454.6733181,1786615454.6729851,vesc,0.00021056459359066821,0.00021056459359066821,nan,nan,0.01,1,0,1,0,0,1786615454.6729851,nan,0.00090432992344739716,0.001844153750501206,0.00021056459359066821,-0.071176277109449515,0.083460784361921725,9.5386322990212875
1786615454.6932359,1786615454.6928513,vesc,0.00022305833660838821,0.00022305833660838821,nan,nan,0.01,1,0,1,0,0,1786615454.6928513,nan,0.0019695210185193849,0.0018441194206902792,0.00022305833660838821,-0.039558398152574448,0.0015916487137808133,9.701656186714672
1786615454.7134399,1786615454.7129054,vesc,0.0012450379525107266,0.0012450379525107266,nan,nan,0.01,1,0,1,0,0,1786615454.7129054,nan,-0.0012385462372793334,-0.00028916311832836143,0.0012450379525107266,-0.06249571965108025,0.059304400574202276,9.615316196697222
1786615454.7337532,1786615454.7329612,vesc,0.00020197492379644315,0.00020197492379644315,nan,nan,0.01,1,0,1,0,0,1786615454.7329612,nan,0.00090432992344739716,-0.0013516281143235711,0.00020197492379644315,-0.052803941020009404,0.05453983324108691,9.6058355208327839
1786615454.7535884,1786615454.753078,vesc,-0.00088533669547781837,-0.00088533669547781837,nan,nan,0.01,1,0,1,0,0,1786615454.753078,nan,-0.0012135582961138242,-0.00028343732198469102,-0.00088533669547781837,-0.10008307614054512,0.025942817881254854,9.5525100812444634
1786615454.7733278,1786615454.7729433,vesc,0.00018948118077872315,0.00018948118077872315,nan,nan,0.01,1,0,1,0,0,1786615454.7729433,nan,-0.00016086117162459086,-0.001351594824809945,0.00018948118077872315,-0.000959825058545416,0.044765042416749168,9.6782731703202671
1786615454.7938962,1786615454.7934453,vesc,0.00019911170053170147,0.00019911170053170147,nan,nan,0.01,1,0,1,0,0,1786615454.7934453,nan,0.00090432992344739716,-0.0024168883891660629,0.00019911170053170147,-0.094900103964500993,0.040402873173029263,9.5190768701567094
1786615454.814198,1786615454.8129389,vesc,0.0012518052164896727,0.0012518052164896727,nan,nan,0.01,1,0,1,0,0,1786615454.8129389,nan,-0.00017335514220734541,-0.002419717997824272,0.0012518052164896727,-0.02445894066557841,0.0161286314397735,9.6395973454542627
1786615454.8340366,1786615454.8330007,vesc,0.00020197492379644315,0.00020197492379644315,nan,nan,0.01,1,0,1,0,0,1786615454.8330007,nan,0.00090432992344739716,-0.0013516281143235711,0.00020197492379644315,-0.086725166228757367,0.040080691576797278,9.6389319322845495
1786615454.8530684,1786615454.8527324,vesc,0.00017985066102574486,0.00017985066102574486,nan,nan,0.01,1,0,1,0,0,1786615454.8527324,nan,-0.0012260522666965789,-0.00028630022015652622,0.00017985066102574486,-0.062046288018768436,0.0067171354484827361,9.576856718819613
1786615454.8729219,1786615454.8726926,vesc,-0.0008824734071944954,-0.0008824734071944954,nan,nan,0.01,1,0,1,0,0,1786615454.8726926,nan,-0.0012135582961138242,0.00078182295285780096,-0.0008824734071944954,-0.024571298573656364,0.059213074370823904,9.6492931988639157
1786615454.8935502,1786615454.8930645,vesc,-0.00087570614321554941,-0.00087570614321554941,nan,nan,0.01,1,0,1,0,0,1786615454.8930645,nan,-0.00014836720104183631,-0.0013487319266381099,-0.00087570614321554941,-0.10447952468749389,0.035613126266433426,9.5189517397363943
1786615454.9135044,1786615454.9127266,vesc,0.00019807085057294823,0.00019807085057294823,nan,nan,0.01,1,0,1,0,0,1786615454.9127266,nan,-0.00016086117162459086,0.0018441870400148319,0.00019807085057294823,-0.029529545797269741,0.030434502957216836,9.6635288307003293
1786615454.9332218,1786615454.9327924,vesc,-0.00085071859216152813,-0.00085071859216152813,nan,nan,0.01,1,0,1,0,0,1786615454.9327924,nan,0.0019820149891021394,-0.0013487985056653618,-0.00085071859216152813,-0.058155440921895618,0.049621228314038035,9.6536634080295016
1786615454.9536252,1786615454.9526486,vesc,-0.0019380303089636616,-0.0019380303089636616,nan,nan,0.01,1,0,1,0,0,1786615454.9526486,nan,-0.00013587375060773214,-0.00028060875362378264,-0.0019380303089636616,-0.071569529787722352,0.049840535455484059,9.5720701878817636
1786615454.973568,1786615454.9733303,vesc,-0.0019437566254559822,-0.0019437566254559822,nan,nan,0.01,1,0,1,0,0,1786615454.9733303,nan,-0.00013587375060773214,-0.0024111293033087667,-0.0019437566254559822,-0.029417187889191787,-0.0030699345292504177,9.6538587050406477
1786615454.9929824,1786615454.9926615,vesc,-0.00087570614321554941,-0.00087570614321554941,nan,nan,0.01,1,0,1,0,0,1786615454.9926615,nan,-0.00014836720104183631,-0.0013487319266381099,-0.00087570614321554941,-0.057706009289583804,0.078464338373169795,9.6154237854698295
1786615455.0131681,1786615455.0126183,vesc,-0.00086997969668606593,-0.00086997969668606593,nan,nan,0.01,1,0,1,0,0,1786615455.0126183,nan,-0.00014836720104183631,0.00078178966334417502,-0.00086997969668606593,-0.062102466972807413,0.02586435555286215,9.5816982135869466
1786615455.0333118,1786615455.0327268,vesc,0.0012450379525107266,0.0012450379525107266,nan,nan,0.01,1,0,1,0,0,1786615455.0327268,nan,-0.0012385462372793334,-0.00028916311832836143,0.0012450379525107266,-0.057368935565349943,0.049801468744234967,9.5866075360587502
1786615455.0529394,1786615455.0526316,vesc,-0.0019880051509973788,-0.0019880051509973788,nan,nan,0.01,1,0,1,0,0,1786615455.0526316,nan,-0.0043966370905983831,-0.00028047455527197788,-0.0019880051509973788,-0.076303061195179822,0.054643584778258258,9.5672368792166935
1786615455.0733569,1786615455.0729966,vesc,-0.00085748598617763668,-0.00085748598617763668,nan,nan,0.01,1,0,1,0,0,1786615455.0729966,nan,0.00091682389403015165,0.00078175533353324808,-0.00085748598617763668,-0.015328951574897332,0.035185438968259319,9.6780790427523016
1786615455.0935478,1786615455.0932338,vesc,0.0012700253735275855,0.0012700253735275855,nan,nan,0.01,1,0,1,0,0,1786615455.0932338,nan,0.00089183595286464255,-0.0002892307376529142,0.0012700253735275855,-0.1326559973160828,0.050112832991047185,9.4707566473809948
1786615455.1130612,1786615455.1127191,vesc,0.00019520762730820652,0.00019520762730820652,nan,nan,0.01,1,0,1,0,0,1786615455.1127191,nan,-0.00016086117162459086,0.00077892676517233987,0.00019520762730820652,-0.048238946474668865,-0.012572098912130514,9.6248705474820326
1786615455.1329782,1786615455.1325655,vesc,0.00021733189007890484,0.00021733189007890484,nan,nan,0.01,1,0,1,0,0,1786615455.1325655,nan,0.0019695210185193849,-0.00028640112899470504,0.00021733189007890484,-0.067341608966615674,0.030551556910566546,9.6199717499988537
1786615455.1533036,1786615455.1526449,vesc,-0.0019255363383809071,-0.0019255363383809071,nan,nan,0.01,1,0,1,0,0,1786615455.1526449,nan,0.00092931734446425576,-0.00028064204313740869,-0.0019255363383809071,-0.052860119974048381,0.064107011355783783,9.6106512878501462
1786615455.1728728,1786615455.1726143,vesc,-0.0019562503359644118,-0.0019562503359644118,nan,nan,0.01,1,0,1,0,0,1786615455.1726143,nan,-0.0012010648456797202,-0.0024110960137951405,-0.0019562503359644118,-0.11411511522825091,0.026020512762560344,9.5236037847084845
1786615455.1929054,1786615455.1924644,vesc,0.0012518052164896727,0.0012518052164896727,nan,nan,0.01,1,0,1,0,0,1786615455.1924644,nan,-0.00017335514220734541,-0.002419717997824272,0.0012518052164896727,-0.025245446022124085,0.039898514256332618,9.7067175367999425
1786615455.2140985,1786615455.2134509,vesc,-0.0019466197837021428,-0.0019466197837021428,nan,nan,0.01,1,0,1,0,0,1786615455.2134509,nan,-0.00013587375060773214,-0.0034763906184485591,-0.0019466197837021428,-0.094843934146736864,0.035625697780623966,9.5142739670143328
1786615455.2328994,1786615455.2325556,vesc,-0.00087856930146170981,-0.00087856930146170981,nan,nan,0.01,1,0,1,0,0,1786615455.2325556,nan,-0.00014836720104183631,-0.002413992201480602,-0.00087856930146170981,-0.071850424557917236,0.030616059010991847,9.5959677592755952
1786615455.253026,1786615455.252573,vesc,-0.00091032411649467708,-0.00091032411649467708,nan,nan,0.01,1,0,1,0,0,1786615455.252573,nan,-0.0033439404862578002,-0.00028337074295743903,-0.00091032411649467708,-0.053141014744243265,0.044882534911291572,9.6345476898007973
1786615455.2727201,1786615455.2724299,vesc,-0.0019533871777182511,-0.0019533871777182511,nan,nan,0.01,1,0,1,0,0,1786615455.2724299,nan,-0.0012010648456797202,-0.0013458357389526487,-0.0019533871777182511,-0.066779819426225906,-0.002849859940717181,9.5719848185295859
1786615455.2927279,1786615455.2924054,vesc,0.0012507643990402101,0.0012507643990402101,nan,nan,0.01,1,0,1,0,0,1786615455.2924054,nan,-0.0012385462372793334,0.0018413574313566226,0.0012507643990402101,-0.020062482982354801,0.059148572270398603,9.6732971895871742
1786615455.3128183,1786615455.3124738,vesc,-0.0019283997567013926,-0.0019283997567013926,nan,nan,0.01,1,0,1,0,0,1786615455.3124738,nan,0.00092931734446425576,-0.0013459023179799006,-0.0019283997567013926,-0.080530972880011653,0.035612395364445604,9.519232406099718
1786615455.3338296,1786615455.3332374,vesc,0.00019234440404346486,0.00019234440404346486,nan,nan,0.01,1,0,1,0,0,1786615455.3332374,nan,-0.00016086117162459086,-0.00028633454996745305,0.00019234440404346486,-0.043224520297016511,0.025799414911244156,9.6058706041281994
1786615455.3528171,1786615455.352361,vesc,0.001217187243210545,0.001217187243210545,nan,nan,0.01,1,0,1,0,0,1786615455.352361,nan,-0.0033689284274233092,-0.0013543568141436014,0.001217187243210545,-0.048688387243255526,0.03522512694619806,9.663317161484656
1786615455.3730338,1786615455.3724236,vesc,0.00022696240983188315,0.00022696240983188315,nan,nan,0.01,1,0,1,0,0,1786615455.3724236,nan,0.0030347123736656984,-0.0013516957336481238,0.00022696240983188315,-0.090166581693318371,0.054759871284520756,9.5239616343217222
1786615455.3928497,1786615455.3925071,vesc,0.00017698743776100315,0.00017698743776100315,nan,nan,0.01,1,0,1,0,0,1786615455.3925071,nan,-0.0012260522666965789,-0.001351561535296319,0.00017698743776100315,-0.033869815390179525,-0.0029925320087400564,9.6250646750499982
1786615455.4127374,1786615455.4124067,vesc,-0.00090069356423240813,-0.00090069356423240813,nan,nan,0.01,1,0,1,0,0,1786615455.4124067,nan,-0.0022787488710371622,-0.001348664307313557,-0.00090069356423240813,-0.090391297509474278,0.035548295260113605,9.5430691664481628
1786615455.4327085,1786615455.4324052,vesc,-0.00086997969668606593,-0.00086997969668606593,nan,nan,0.01,1,0,1,0,0,1786615455.4324052,nan,-0.00014836720104183631,0.00078178966334417502,-0.00086997969668606593,-0.038659534887950819,0.044907860665169608,9.6251371805271901
1786615455.4527557,1786615455.4523966,vesc,0.0012728886618109084,0.0012728886618109084,nan,nan,0.01,1,0,1,0,0,1786615455.4523966,nan,0.00089183595286464255,0.00077602953718957789,0.0012728886618109084,-0.04389867688175908,0.035224980765800495,9.6633732947573208
1786615455.473249,1786615455.4729211,vesc,0.00018948118077872315,0.00018948118077872315,nan,nan,0.01,1,0,1,0,0,1786615455.4729211,nan,-0.00016086117162459086,-0.001351594824809945,0.00018948118077872315,-0.10893216132475647,0.035690492241844396,9.4901577097457448
1786615455.4928212,1786615455.4924359,vesc,-0.00085462269789431371,-0.00085462269789431371,nan,nan,0.01,1,0,1,0,0,1786615455.4924359,nan,0.00091682389403015165,0.001847016648673041,-0.00085462269789431371,-0.029810440567464624,0.0016299845230420829,9.6873995049010091
1786615455.5149472,1786615455.5136931,vesc,-0.00085462269789431371,-0.00085462269789431371,nan,nan,0.01,1,0,1,0,0,1786615455.5136931,nan,0.00091682389403015165,0.001847016648673041,-0.00085462269789431371,-0.080643330788089607,0.04037663379166645,9.5288253485094856
1786615455.5284207,1786615455.5279009,vesc,-0.00086711640840274296,-0.00086711640840274296,nan,nan,0.01,1,0,1,0,0,1786615455.5279009,nan,-0.00014836720104183631,0.0018470499381866669,-0.00086711640840274296,-0.048014230658512957,0.025799561091641721,9.6058144708555346
1786615455.5485878,1786615455.5483222,vesc,-0.0019351668906431761,-0.0019351668906431761,nan,nan,0.01,1,0,1,0,0,1786615455.5483222,nan,-0.00013587375060773214,0.00078465256151601006,-0.0019351668906431761,-0.072018961420034167,0.020997425396352298,9.6103109798846162
1786615455.5727098,1786615455.5723712,vesc,-0.0008824734071944954,-0.0008824734071944954,nan,nan,0.01,1,0,1,0,0,1786615455.5723712,nan,-0.0012135582961138242,0.00078182295285780096,-0.0008824734071944954,-0.024908372297890224,0.039975770596445415,9.6779796400819578
1786615455.5926194,1786615455.5923045,vesc,0.0012614357687519416,0.0012614357687519416,nan,nan,0.01,1,0,1,0,0,1786615455.5923045,nan,0.00089183595286464255,-0.003485012602477691,0.0012614357687519416,-0.094619218330580956,0.011727066578909984,9.4950518294562016
1786615455.6098702,1786615455.609524,vesc,0.0012546685047729958,0.0012546685047729958,nan,nan,0.01,1,0,1,0,0,1786615455.609524,nan,-0.00017335514220734541,-0.0013544577229817802,0.0012546685047729958,-0.048688387243255526,0.049595171658172177,9.663355753109613
1786615455.6282527,1786615455.6279004,vesc,0.00019234440404346486,0.00019234440404346486,nan,nan,0.01,1,0,1,0,0,1786615455.6279004,nan,-0.00016086117162459086,-0.00028633454996745305,0.00019234440404346486,-0.038490988889559041,0.035366446845543464,9.6107425044182264
1786615455.6529243,1786615455.6523721,vesc,0.0012757519500942313,0.0012757519500942313,nan,nan,0.01,1,0,1,0,0,1786615455.6523721,nan,0.00089183595286464255,0.0018412908523293707,0.0012757519500942313,-0.063113688145508995,0.0064725390982580677,9.6678604482409582
1786615455.6727803,1786615455.6724153,vesc,0.00017985066102574486,0.00017985066102574486,nan,nan,0.01,1,0,1,0,0,1786615455.6724153,nan,-0.0012260522666965789,-0.00028630022015652622,0.00017985066102574486,-0.085433041149586053,0.064326903218820064,9.5288335346117492
1786615455.6926055,1786615455.6921854,vesc,0.0012518052164896727,0.0012518052164896727,nan,nan,0.01,1,0,1,0,0,1786615455.6921854,nan,-0.00017335514220734541,-0.002419717997824272,0.0012518052164896727,-0.076359231012943951,0.0019404716874689143,9.5718854158592421
1786615455.7126141,1786615455.7121577,vesc,0.00018661795751398149,0.00018661795751398149,nan,nan,0.01,1,0,1,0,0,1786615455.7121577,nan,-0.00016086117162459086,-0.0024168550996524372,0.00018661795751398149,-0.034150719296649257,0.044843322019644916,9.6491423406936292
1786615455.7326255,1786615455.7322905,vesc,-0.0019533871777182511,-0.0019533871777182511,nan,nan,0.01,1,0,1,0,0,1786615455.7322905,nan,-0.0012010648456797202,-0.0013458357389526487,-0.0019533871777182511,-0.048126588566590911,0.044933880775936075,9.6154460048902592
1786615455.7524517,1786615455.7521522,vesc,-0.00088533669547781837,-0.00088533669547781837,nan,nan,0.01,1,0,1,0,0,1786615455.7521522,nan,-0.0012135582961138242,-0.00028343732198469102,-0.00088533669547781837,-0.057200398703233013,0.049840096914291365,9.5722385876997578
1786615455.7728608,1786615455.7722781,vesc,0.00018948118077872315,0.00018948118077872315,nan,nan,0.01,1,0,1,0,0,1786615455.7722781,nan,-0.00016086117162459086,-0.001351594824809945,0.00018948118077872315,-0.034319256158766187,-0.012675558088506733,9.6633569225527935
1786615455.7925148,1786615455.7921634,vesc,0.0012632581095486394,0.0012632581095486394,nan,nan,0.01,1,0,1,0,0,1786615455.7921634,nan,-0.00017335514220734541,0.0018413241418429966,0.0012632581095486394,-0.094675388148345085,0.050034407207753873,9.4999436102802974
1786615455.8125896,1786615455.8122277,vesc,-0.00086997969668606593,-0.00086997969668606593,nan,nan,0.01,1,0,1,0,0,1786615455.8122277,nan,-0.00014836720104183631,0.00078178966334417502,-0.00086997969668606593,-0.048351304382746818,-0.0030178212175187014,9.6344751843236054
1786615455.8324423,1786615455.8321114,vesc,0.00019520762730820652,0.00019520762730820652,nan,nan,0.01,1,0,1,0,0,1786615455.8321114,nan,-0.00016086117162459086,0.00077892676517233987,0.00019520762730820652,-0.062551898605119227,0.049711494709534065,9.6200793387714612
1786615455.8526719,1786615455.85234,vesc,-0.00084785543391536762,-0.00084785543391536762,nan,nan,0.01,1,0,1,0,0,1786615455.85234,nan,0.0019820149891021394,-0.00028353823082286983,-0.00084785543391536762,-0.090728371233708138,0.035471075465100199,9.5718070631661476
1786615455.8725665,1786615455.8722355,vesc,-0.0019669217056761433,-0.0019669217056761433,nan,nan,0.01,1,0,1,0,0,1786615455.8722355,nan,-0.0033314475559723463,0.0029152740200391733,-0.0019669217056761433,-0.048744566197294503,0.068742391762551591,9.6681960784337662
1786615455.8925729,1786615455.8921115,vesc,0.00018271388429048652,0.00018271388429048652,nan,nan,0.01,1,0,1,0,0,1786615455.8921115,nan,-0.0012260522666965789,0.00077896005468596581,0.00018271388429048652,-0.11834303604935759,0.054889533297160398,9.4757279503413656
1786615455.9123883,1786615455.9120724,vesc,-0.00088533669547781837,-0.00088533669547781837,nan,nan,0.01,1,0,1,0,0,1786615455.9120724,nan,-0.0012135582961138242,-0.00028343732198469102,-0.00088533669547781837,-0.044011034789837034,0.011249093223973716,9.6728878844739938
1786615455.9323969,1786615455.9320645,vesc,-0.00089106301197013917,-0.00089106301197013917,nan,nan,0.01,1,0,1,0,0,1786615455.9320645,nan,-0.0012135582961138242,-0.0024139589119669758,-0.00089106301197013917,-0.08176691900514399,0.025749128854481995,9.6245805255732648
1786615455.9523339,1786615455.9520128,vesc,-0.00088533669547781837,-0.00088533669547781837,nan,nan,0.01,1,0,1,0,0,1786615455.9520128,nan,-0.0012135582961138242,-0.00028343732198469102,-0.00088533669547781837,-0.057706009289583804,0.064094257116096287,9.6153851938448724
1786615455.972528,1786615455.9721997,vesc,0.00017985066102574486,0.00017985066102574486,nan,nan,0.01,1,0,1,0,0,1786615455.9721997,nan,-0.0012260522666965789,-0.00028630022015652622,0.00017985066102574486,-0.06249571965108025,0.0018241486361070258,9.6151606607542135
1786615455.9926581,1786615455.9922311,vesc,-0.00086997969668606593,-0.00086997969668606593,nan,nan,0.01,1,0,1,0,0,1786615455.9922311,nan,-0.00014836720104183631,0.00078178966334417502,-0.00086997969668606593,-0.043842497927720103,0.035237844640786165,9.6585832554899298
1786615456.0123098,1786615456.0120144,vesc,-0.00087284285493222644,-0.00087284285493222644,nan,nan,0.01,1,0,1,0,0,1786615456.0120144,nan,-0.00014836720104183631,-0.00028347165179561784,-0.00087284285493222644,-0.094843934146736864,0.045205739770306508,9.5143008642074847
1786615456.0327206,1786615456.032011,vesc,0.00017698743776100315,0.00017698743776100315,nan,nan,0.01,1,0,1,0,0,1786615456.032011,nan,-0.0012260522666965789,-0.001351561535296319,0.00017698743776100315,-0.076359231012943951,0.011520513677151456,9.5719111436092135
1786615456.0534136,1786615456.0524664,vesc,0.002353432854559771,0.002353432854559771,nan,nan,0.01,1,0,1,0,0,1786615456.0524664,nan,0.0019445335975025262,0.0018383936243466085,0.002353432854559771,-0.071850424557917236,0.049776142990356931,9.5960192147755379
1786615456.072299,1786615456.0719426,vesc,0.0023227191170505914,0.0023227191170505914,nan,nan,0.01,1,0,1,0,0,1786615456.0719426,nan,-0.00018584859264144957,-0.00029206034631112335,0.0023227191170505914,-0.062664256513197181,0.016155565178024744,9.6295693701813434
1786615456.0927498,1786615456.0918849,vesc,0.0012296809537189744,0.0012296809537189744,nan,nan,0.01,1,0,1,0,0,1786615456.0918849,nan,-0.0023037368122026708,-0.0013543901036572276,0.0012296809537189744,-0.071007740247332585,0.083499412531978123,9.5242633506622951
1786615456.1124697,1786615456.1117857,vesc,0.0012700253735275855,0.0012700253735275855,nan,nan,0.01,1,0,1,0,0,1786615456.1117857,nan,0.00089183595286464255,-0.0002892307376529142,0.0012700253735275855,-0.090784541051472267,0.011508051798259089,9.5765327830586102
1786615456.1324029,1786615456.1318722,vesc,0.0012603948212653164,0.0012603948212653164,nan,nan,0.01,1,0,1,0,0,1786615456.1318722,nan,-0.00017335514220734541,0.00077606386700050461,0.0012603948212653164,-0.058211629012209443,0.049608364439052366,9.6584534472968926
1786615456.152246,1786615456.1518672,vesc,0.00016449369474328318,0.00016449369474328318,nan,nan,0.01,1,0,1,0,0,1786615456.1518672,nan,-0.0022912428416199163,-0.0013515272054853921,0.00016449369474328318,-0.038940429658145703,0.025683384220677397,9.6490347519210218
1786615456.1722114,1786615456.1718452,vesc,-0.00087570614321554941,-0.00087570614321554941,nan,nan,0.01,1,0,1,0,0,1786615456.1718452,nan,-0.00014836720104183631,-0.0013487319266381099,-0.00087570614321554941,-0.10498514441011952,0.054657325735629314,9.5621100403133141
1786615456.1921396,1786615456.1918149,vesc,-0.0019226731801347467,-0.0019226731801347467,nan,nan,0.01,1,0,1,0,0,1786615456.1918149,nan,0.00092931734446425576,0.00078461823170508345,-0.0019226731801347467,-0.015553667391053239,0.02555390493353471,9.6972123026287136
1786615456.2120972,1786615456.2118292,vesc,0.0012268176654356515,0.0012268176654356515,nan,nan,0.01,1,0,1,0,0,1786615456.2118292,nan,-0.0023037368122026708,-0.0024196514187970202,0.0012268176654356515,-0.081092771556676269,0.073803814938020906,9.5672322014439715
1786615456.2321661,1786615456.2318385,vesc,0.00019520762730820652,0.00019520762730820652,nan,nan,0.01,1,0,1,0,0,1786615456.2318385,nan,-0.00016086117162459086,0.00077892676517233987,0.00019520762730820652,-0.04778951484235705,0.054591179105731413,9.5867326664790653
1786615456.2520268,1786615456.2517376,vesc,-0.00088533669547781837,-0.00088533669547781837,nan,nan,0.01,1,0,1,0,0,1786615456.2517376,nan,-0.0012135582961138242,-0.00028343732198469102,-0.00088533669547781837,-0.03392600348049335,0.054474856054369525,9.6300090808172172
1786615456.272207,1786615456.2717211,vesc,0.00021342781685540992,0.00021342781685540992,nan,nan,0.01,1,0,1,0,0,1786615456.2717211,nan,0.00090432992344739716,0.002909414025343698,0.00021342781685540992,-0.10476041032141392,0.035548733801306298,9.5429007666301686
1786615456.2921441,1786615456.291826,vesc,0.0012479011107568872,0.0012479011107568872,nan,nan,0.01,1,0,1,0,0,1786615456.291826,nan,-0.0012385462372793334,0.00077609715651413066,0.0012479011107568872,-0.015385130528936308,0.044752580537856801,9.6828948097696639
1786615456.312314,1786615456.3117192,vesc,0.0012268176654356515,0.0012268176654356515,nan,nan,0.01,1,0,1,0,0,1786615456.3117192,nan,-0.0023037368122026708,-0.0024196514187970202,0.0012268176654356515,-0.13761423540342133,0.030914303567122658,9.4850180069673797
1786615456.3323643,1786615456.3319883,vesc,0.00021342781685540992,0.00021342781685540992,nan,nan,0.01,1,0,1,0,0,1786615456.3319883,nan,0.00090432992344739716,0.002909414025343698,0.00021342781685540992,-0.048407483336785795,0.035289482866225796,9.6393681345908817
1786615456.3522666,1786615456.3519056,vesc,-0.00088819985372397866,-0.00088819985372397866,nan,nan,0.01,1,0,1,0,0,1786615456.3519056,nan,-0.0012135582961138242,-0.001348698637124484,-0.00088819985372397866,-0.048014230658512957,0.035379603081324262,9.605840198605506
1786615456.3674395,1786615456.3670034,vesc,0.0012450379525107266,0.0012450379525107266,nan,nan,0.01,1,0,1,0,0,1786615456.3670034,nan,-0.0012385462372793334,-0.00028916311832836143,0.0012450379525107266,-0.043224520297016511,0.068909585592265898,9.6059863790030704
1786615456.3923419,1786615456.3919008,vesc,0.00017698743776100315,0.00017698743776100315,nan,nan,0.01,1,0,1,0,0,1786615456.3919008,nan,-0.0012260522666965789,-0.001351561535296319,0.00017698743776100315,-0.053253372652321218,-0.0030434027870924751,9.6439991295857226
1786615456.4119639,1786615456.4116058,vesc,0.00022019511334364655,0.00022019511334364655,nan,nan,0.01,1,0,1,0,0,1786615456.4116058,nan,0.0019695210185193849,0.00077885914584778699,0.00022019511334364655,-0.044123392697914987,0.059123538877315696,9.6825966017586325
1786615456.4322226,1786615456.431812,vesc,-0.00087284285493222644,-0.00087284285493222644,nan,nan,0.01,1,0,1,0,0,1786615456.431812,nan,-0.00014836720104183631,-0.00028347165179561784,-0.00087284285493222644,-0.067285430012576697,0.035354423507843791,9.6151945746064484
1786615456.4523027,1786615456.4518728,vesc,0.0012296809537189744,0.0012296809537189744,nan,nan,0.01,1,0,1,0,0,1786615456.4518728,nan,-0.0023037368122026708,-0.0013543901036572276,0.0012296809537189744,-0.048688387243255526,0.040015129668489635,9.6633300253596417
1786615456.4722424,1786615456.4718461,vesc,0.0012546685047729958,0.0012546685047729958,nan,nan,0.01,1,0,1,0,0,1786615456.4718461,nan,-0.00017335514220734541,-0.0013544577229817802,0.0012546685047729958,-0.066892177334303859,0.049814624980015765,9.5817063996892102
1786615456.4925663,1786615456.4921825,vesc,0.0012950129245816069,0.0012950129245816069,nan,nan,0.01,1,0,1,0,0,1786615456.4921825,nan,0.0030222186631572692,-0.00028929731668016619,0.0012950129245816069,-0.03916514547430161,-0.012688312328194229,9.6680896591043393
1786615456.5120773,1786615456.5116372,vesc,0.00019234440404346486,0.00019234440404346486,nan,nan,0.01,1,0,1,0,0,1786615456.5116372,nan,-0.00016086117162459086,-0.00028633454996745305,0.00019234440404346486,-0.033757466618376419,0.059303486946717499,9.6156529963332105
1786615456.5323243,1786615456.5318165,vesc,-0.00089783040598624762,-0.00089783040598624762,nan,nan,0.01,1,0,1,0,0,1786615456.5318165,nan,-0.0022787488710371622,-0.00028340403247106507,-0.00089783040598624762,-0.062720435467236157,0.040092824549795125,9.6344225593804822
1786615456.5531025,1786615456.5526142,vesc,0.00017698743776100315,0.00017698743776100315,nan,nan,0.01,1,0,1,0,0,1786615456.5526142,nan,-0.0012260522666965789,-0.001351561535296319,0.00017698743776100315,-0.05235450938769759,0.035482733351805962,9.5674672595232551
1786615456.5720987,1786615456.5717242,vesc,-0.00087284285493222644,-0.00087284285493222644,nan,nan,0.01,1,0,1,0,0,1786615456.5717242,nan,-0.00014836720104183631,-0.00028347165179561784,-0.00087284285493222644,-0.034656329883000048,0.025567353530110637,9.6921977302706637
1786615456.5921013,1786615456.5916934,vesc,-0.00086711640840274296,-0.00086711640840274296,nan,nan,0.01,1,0,1,0,0,1786615456.5916934,nan,-0.00014836720104183631,0.0018470499381866669,-0.00086711640840274296,-0.10436716677941593,0.054798937995769847,9.5094242861447356
1786615456.6125112,1786615456.6121807,vesc,0.00018844033081996989,0.00018844033081996989,nan,nan,0.01,1,0,1,0,0,1786615456.6121807,nan,-0.0012260522666965789,0.0029094806043709499,0.00018844033081996989,-0.015328951574897332,0.030395399700868353,9.6780661788773159
1786615456.6318796,1786615456.6314197,vesc,0.00016735691800802484,0.00016735691800802484,nan,nan,0.01,1,0,1,0,0,1786615456.6314197,nan,-0.0022912428416199163,-0.00028626693064290023,0.00016735691800802484,-0.043505415067211395,0.0017848991993609786,9.6297553116470453
1786615456.6519704,1786615456.6514487,vesc,-0.00087570614321554941,-0.00087570614321554941,nan,nan,0.01,1,0,1,0,0,1786615456.6514487,nan,-0.00014836720104183631,-0.0013487319266381099,-0.00087570614321554941,-0.071850424557917236,0.044986140268065355,9.5960063509005522
1786615456.6720228,1786615456.671627,vesc,0.0023255820152224267,0.0023255820152224267,nan,nan,0.01,1,0,1,0,0,1786615456.671627,nan,-0.00018584859264144957,0.00077320096882866945,0.0023255820152224267,-0.033532741665945665,0.044984934279785449,9.5964554170818701
1786615456.691972,1786615456.691694,vesc,0.0012325442420022975,0.0012325442420022975,nan,nan,0.01,1,0,1,0,0,1786615456.691694,nan,-0.0023037368122026708,-0.00028912982881473543,0.0012325442420022975,-0.086107188598053774,0.011482177867890186,9.5861678254228764
1786615456.7120433,1786615456.7117276,vesc,0.00020483814706118484,0.00020483814706118484,nan,nan,0.01,1,0,1,0,0,1786615456.7117276,nan,0.00090432992344739716,-0.00028636783948107899,0.00020483814706118484,-0.015722204253170169,0.01593523477379577,9.7115555232377346
1786615456.7319407,1786615456.731627,vesc,0.00020197492379644315,0.00020197492379644315,nan,nan,0.01,1,0,1,0,0,1786615456.731627,nan,0.00090432992344739716,-0.0013516281143235711,0.00020197492379644315,-0.09546189350489076,0.040274124787874399,9.5669737545010776
1786615456.7519131,1786615456.7515776,vesc,-0.00086711640840274296,-0.00086711640840274296,nan,nan,0.01,1,0,1,0,0,1786615456.7515776,nan,-0.00014836720104183631,0.0018470499381866669,-0.00086711640840274296,-0.071906603511956213,0.030603195136006178,9.6007566290998057
1786615456.7718055,1786615456.7714632,vesc,0.0012661213978319625,0.0012661213978319625,nan,nan,0.01,1,0,1,0,0,1786615456.7714632,nan,-0.00017335514220734541,0.0029065844166854889,0.0012661213978319625,-0.048688378106980679,0.0064850009771504347,9.663239978234742
1786615456.7920465,1786615456.7916131,vesc,0.0022920048593927612,0.0022920048593927612,nan,nan,0.01,1,0,1,0,0,1786615456.7916131,nan,-0.0023162307827854257,-0.0024225143169688554,0.0022920048593927612,-0.052860119974048381,0.064107011355783783,9.6106512878501462
1786615456.8119624,1786615456.8115339,vesc,-0.00087284285493222644,-0.00087284285493222644,nan,nan,0.01,1,0,1,0,0,1786615456.8115339,nan,-0.00014836720104183631,-0.00028347165179561784,-0.00087284285493222644,-0.066555103610069999,0.011571713361398395,9.5528644225281596
1786615456.8324826,1786615456.8322175,vesc,-0.00087284285493222644,-0.00087284285493222644,nan,nan,0.01,1,0,1,0,0,1786615456.8322175,nan,-0.00014836720104183631,-0.00028347165179561784,-0.00087284285493222644,-0.066723640472186929,0.011533085191341996,9.567233370887152
1786615456.8520291,1786615456.8515739,vesc,0.00018271388429048652,0.00018271388429048652,nan,nan,0.01,1,0,1,0,0,1786615456.8515739,nan,-0.0012260522666965789,0.00077896005468596581,0.00018271388429048652,-0.058099261967856641,0.035264010931950196,9.6488347771371537
1786615456.8717227,1786615456.8713875,vesc,0.0012296809537189744,0.0012296809537189744,nan,nan,0.01,1,0,1,0,0,1786615456.8713875,nan,-0.0023037368122026708,-0.0013543901036572276,0.0012296809537189744,-0.048744566197294503,0.044792268515795541,9.6681317590588378
1786615456.8940978,1786615456.8937039,vesc,-0.00089392630025346203,-0.00089392630025346203,nan,nan,0.01,1,0,1,0,0,1786615456.8937039,nan,-0.0012135582961138242,-0.003479219186809468,-0.00089392630025346203,-0.085208325333430146,0.050008314006788623,9.5096359553604088
1786615456.9128752,1786615456.9121542,vesc,0.00021056459359066821,0.00021056459359066821,nan,nan,0.01,1,0,1,0,0,1786615456.9121542,nan,0.00090432992344739716,0.001844153750501206,0.00021056459359066821,-0.067004535242381813,0.021048771260996801,9.5912081255308976
1786615456.9316716,1786615456.9313352,vesc,-0.00088819985372397866,-0.00088819985372397866,nan,nan,0.01,1,0,1,0,0,1786615456.9313352,nan,-0.0012135582961138242,-0.001348698637124484,-0.00088819985372397866,-0.05269158311193145,0.068935642248131757,9.5962952033661395
1786615456.9518342,1786615456.951442,vesc,0.00020197492379644315,0.00020197492379644315,nan,nan,0.01,1,0,1,0,0,1786615456.951442,nan,0.00090432992344739716,-0.0013516281143235711,0.00020197492379644315,-0.057706009289583804,0.044934173136731204,9.6153337383449298
1786615456.9717896,1786615456.9714079,vesc,0.0012700253735275855,0.0012700253735275855,nan,nan,0.01,1,0,1,0,0,1786615456.9714079,nan,0.00089183595286464255,-0.0002892307376529142,0.0012700253735275855,-0.071681887695800306,0.025864647913657279,9.5815859470416171
1786615456.9917042,1786615456.9913571,vesc,-0.00088819985372397866,-0.00088819985372397866,nan,nan,0.01,1,0,1,0,0,1786615456.9913571,nan,-0.0012135582961138242,-0.001348698637124484,-0.00088819985372397866,-0.010820135983595769,0.049490945034708744,9.7021227945436976
1786615457.0116599,1786615457.0113423,vesc,0.0012546685047729958,0.0012546685047729958,nan,nan,0.01,1,0,1,0,0,1786615457.0113423,nan,-0.00017335514220734541,-0.0013544577229817802,0.0012546685047729958,-0.094956292054814817,0.035599933485553237,9.5238540455491147
1786615457.0316887,1786615457.0313401,vesc,-0.00085462269789431371,-0.00085462269789431371,nan,nan,0.01,1,0,1,0,0,1786615457.0313401,nan,0.00091682389403015165,0.001847016648673041,-0.00085462269789431371,-0.033869815390179525,0.011377549248333452,9.6251032666749552
1786615457.0517647,1786615457.0513506,vesc,-0.00088533669547781837,-0.00088533669547781837,nan,nan,0.01,1,0,1,0,0,1786615457.0513506,nan,-0.0012135582961138242,-0.00028343732198469102,-0.00088533669547781837,-0.048238946474668865,0.044908153025964737,9.6250249139818607
1786615457.0716612,1786615457.0712872,vesc,0.00017698743776100315,0.00017698743776100315,nan,nan,0.01,1,0,1,0,0,1786615457.0712872,nan,-0.0012260522666965789,-0.001351561535296319,0.00017698743776100315,-0.11969134921884272,0.016260413068177826,9.5905777956565998
1786615457.091773,1786615457.0913508,vesc,-0.00087284285493222644,-0.00087284285493222644,nan,nan,0.01,1,0,1,0,0,1786615457.0913508,nan,-0.00014836720104183631,-0.00028347165179561784,-0.00087284285493222644,-0.019781588212159917,0.073583009447499848,9.6493879237615374
1786615457.1117084,1786615457.1113193,vesc,-0.0019255363383809071,-0.0019255363383809071,nan,nan,0.01,1,0,1,0,0,1786615457.1113193,nan,0.00092931734446425576,-0.00028064204313740869,-0.0019255363383809071,-0.10442333659718006,0.040416029408810061,9.514174564343989
1786615457.1317341,1786615457.1312947,vesc,0.0012825190840360147,0.0012825190840360147,nan,nan,0.01,1,0,1,0,0,1786615457.1312947,nan,0.0019570270479366309,-0.00028926402716654019,0.0012825190840360147,-0.03426307720472721,0.011287429033234986,9.6586312026603309
1786615457.1517527,1786615457.1512692,vesc,0.00015772639825504655,0.00015772639825504655,nan,nan,0.01,1,0,1,0,0,1786615457.1512692,nan,-0.0033564354971378557,0.0007790266337132178,0.00015772639825504655,-0.062439540697041274,0.040157217014922253,9.6104747019298884
1786615457.1714413,1786615457.17115,vesc,0.0012575316630191562,0.0012575316630191562,nan,nan,0.01,1,0,1,0,0,1786615457.17115,nan,-0.00017335514220734541,-0.0002891974481392882,0.0012575316630191562,-0.066835998380264883,0.021087362885953809,9.5768391771719052
1786615457.1916442,1786615457.191277,vesc,-0.00088819985372397866,-0.00088819985372397866,nan,nan,0.01,1,0,1,0,0,1786615457.191277,nan,-0.0012135582961138242,-0.001348698637124484,-0.00088819985372397866,-0.07213131932811212,-0.012558504135157023,9.619799841851318
1786615457.2119813,1786615457.211241,vesc,0.00018844033081996989,0.00018844033081996989,nan,nan,0.01,1,0,1,0,0,1786615457.211241,nan,-0.0012260522666965789,0.0029094806043709499,0.00018844033081996989,-0.043336887341369312,0.078463899831977102,9.6155921852878237
1786615457.2323868,1786615457.2320273,vesc,0.00019520762730820652,0.00019520762730820652,nan,nan,0.01,1,0,1,0,0,1786615457.2320273,nan,-0.00016086117162459086,0.00077892676517233987,0.00019520762730820652,-0.048070409612551934,0.054526823185703677,9.6106816933728396
1786615457.251415,1786615457.2510858,vesc,0.0012575316630191562,0.0012575316630191562,nan,nan,0.01,1,0,1,0,0,1786615457.2510858,nan,-0.00017335514220734541,-0.0002891974481392882,0.0012575316630191562,-0.081205120328479374,0.021087801427146502,9.576670777353911
1786615457.2714095,1786615457.2711229,vesc,-0.0008824734071944954,-0.0008824734071944954,nan,nan,0.01,1,0,1,0,0,1786615457.2711229,nan,-0.0012135582961138242,0.00078182295285780096,-0.0008824734071944954,-0.090784541051472267,0.068988340281453731,9.5766871495584383
1786615457.2913702,1786615457.2910898,vesc,-0.00084785543391536762,-0.00084785543391536762,nan,nan,0.01,1,0,1,0,0,1786615457.2910898,nan,0.0019820149891021394,-0.00028353823082286983,-0.00084785543391536762,-0.053534267422516102,-0.017477876509293111,9.6679083954113594
1786615457.3114455,1786615457.311106,vesc,-0.00089496711770292476,-0.00089496711770292476,nan,nan,0.01,1,0,1,0,0,1786615457.311106,nan,-0.0022787499113344628,0.00078185624237142701,-0.00089496711770292476,-0.08075568869616756,0.073881071278133703,9.5384943047259867
1786615457.3316367,1786615457.3311851,vesc,0.00018661795751398149,0.00018661795751398149,nan,nan,0.01,1,0,1,0,0,1786615457.3311851,nan,-0.00016086117162459086,-0.0024168550996524372,0.00018661795751398149,-0.067004535242381813,0.030628813250679343,9.591233853280869
1786615457.351563,1786615457.351171,vesc,0.00017698743776100315,0.00017698743776100315,nan,nan,0.01,1,0,1,0,0,1786615457.351171,nan,-0.0012260522666965789,-0.001351561535296319,0.00017698743776100315,-0.091458706772489684,0.049673780166962445,9.6341114874944651
1786615457.37186,1786615457.3711703,vesc,0.00019520762730820652,0.00019520762730820652,nan,nan,0.01,1,0,1,0,0,1786615457.3711703,nan,-0.00016086117162459086,0.00077892676517233987,0.00019520762730820652,-0.043393057159133441,0.054500912710235383,9.6203167357371058
1786615457.3917315,1786615457.3911216,vesc,0.00017985066102574486,0.00017985066102574486,nan,nan,0.01,1,0,1,0,0,1786615457.3911216,nan,-0.0012260522666965789,-0.00028630022015652622,0.00017985066102574486,-0.10876361532636469,0.035729120411900794,9.4757887613867524
1786615457.4115415,1786615457.411238,vesc,0.00018844033081996989,0.00018844033081996989,nan,nan,0.01,1,0,1,0,0,1786615457.411238,nan,-0.0012260522666965789,0.0029094806043709499,0.00018844033081996989,-0.029922798475542578,0.044714427454092487,9.697095358310662
1786615457.4315267,1786615457.4311764,vesc,0.00016163047147854149,0.00016163047147854149,nan,nan,0.01,1,0,1,0,0,1786615457.4311764,nan,-0.0022912428416199163,-0.0024167885206251853,0.00016163047147854149,-0.085601587147977831,0.025968107090033499,9.5430995719708562
1786615457.4516628,1786615457.4512391,vesc,-0.00086997969668606593,-0.00086997969668606593,nan,nan,0.01,1,0,1,0,0,1786615457.4512391,nan,-0.00014836720104183631,0.00078178966334417502,-0.00086997969668606593,-0.076696313873452659,0.030603341316403743,9.6007004958271409
1786615457.4714715,1786615457.4711468,vesc,-0.00088533669547781837,-0.00088533669547781837,nan,nan,0.01,1,0,1,0,0,1786615457.4711468,nan,-0.0012135582961138242,-0.00028343732198469102,-0.00088533669547781837,-0.071569529787722352,0.045050532733192483,9.5720573240067779
1786615457.4913111,1786615457.4910553,vesc,0.00020197492379644315,0.00020197492379644315,nan,nan,0.01,1,0,1,0,0,1786615457.4910553,nan,0.00090432992344739716,-0.0013516281143235711,0.00020197492379644315,-0.099970718232467171,0.025968545631226192,9.542931172152862
1786615457.5115252,1786615457.5111058,vesc,0.00014913672846082149,0.00014913672846082149,nan,nan,0.01,1,0,1,0,0,1786615457.5111058,nan,-0.0033564344568405551,-0.0024167552311115592,0.00014913672846082149,-0.029304829981113834,0.030485995002258903,9.644369843073946
1786615457.5323136,1786615457.531785,vesc,0.00019234440404346486,0.00019234440404346486,nan,nan,0.01,1,0,1,0,0,1786615457.531785,nan,-0.00016086117162459086,-0.00028633454996745305,0.00019234440404346486,-0.095181007870970724,0.016388357461146086,9.5429615776755554
1786615457.5516353,1786615457.5512161,vesc,0.00018557710755522823,0.00018557710755522823,nan,nan,0.01,1,0,1,0,0,1786615457.5512161,nan,-0.0012260522666965789,0.0018442203295284576,0.00018557710755522823,-0.062608077559158204,0.04490859156715743,9.6248565141638664
1786615457.5715466,1786615457.5711069,vesc,0.00018661795751398149,0.00018661795751398149,nan,nan,0.01,1,0,1,0,0,1786615457.5711069,nan,-0.00016086117162459086,-0.0024168550996524372,0.00018661795751398149,-0.067566324782771581,0.025710025598133512,9.6391178737502514
1786615457.5923245,1786615457.5913019,vesc,-0.0019533871777182511,-0.0019533871777182511,nan,nan,0.01,1,0,1,0,0,1786615457.5913019,nan,-0.0012010648456797202,-0.0013458357389526487,-0.0019533871777182511,-0.071400992925605422,0.059459205615222999,9.5577269672727425
1786615457.6116397,1786615457.6111195,vesc,0.00019520762730820652,0.00019520762730820652,nan,nan,0.01,1,0,1,0,0,1786615457.6111195,nan,-0.00016086117162459086,0.00077892676517233987,0.00019520762730820652,-0.057649830335544827,0.0018368663306951305,9.6104279242026678
1786615457.6313403,1786615457.6308775,vesc,0.0012603948212653164,0.0012603948212653164,nan,nan,0.01,1,0,1,0,0,1786615457.6308775,nan,-0.00017335514220734541,0.00077606386700050461,0.0012603948212653164,-0.043393057159133441,0.054500912710235383,9.6203167357371058
1786615457.6517136,1786615457.6509047,vesc,-0.0019601543116600346,-0.0019601543116600346,nan,nan,0.01,1,0,1,0,0,1786615457.6509047,nan,-0.0022662559407517079,0.00078471914054326216,-0.0019601543116600346,-0.048519850381138596,0.049633763283129184,9.6489868047506206
1786615457.6711347,1786615457.6707869,vesc,0.00021342781685540992,0.00021342781685540992,nan,nan,0.01,1,0,1,0,0,1786615457.6707869,nan,0.00090432992344739716,0.002909414025343698,0.00021342781685540992,-0.053028656836165311,0.030538217949288793,9.6249301890842389
1786615457.6913087,1786615457.6909735,vesc,0.0012479011107568872,0.0012479011107568872,nan,nan,0.01,1,0,1,0,0,1786615457.6909735,nan,-0.0012385462372793334,0.00077609715651413066,0.0012479011107568872,-0.090447467327238407,0.045115473374810477,9.5478837640223446
1786615457.7115335,1786615457.7109845,vesc,0.00019520762730820652,0.00019520762730820652,nan,nan,0.01,1,0,1,0,0,1786615457.7109845,nan,-0.00016086117162459086,0.00077892676517233987,0.00019520762730820652,-0.024964551251929201,0.0064327049399217628,9.6826796322244491
1786615457.7311802,1786615457.7308085,vesc,0.0012575316630191562,0.0012575316630191562,nan,nan,0.01,1,0,1,0,0,1786615457.7308085,nan,-0.00017335514220734541,-0.0002891974481392882,0.0012575316630191562,-0.080980413648598315,0.064249537243409094,9.5576275646023987
1786615457.7512243,1786615457.7508564,vesc,0.00017985066102574486,0.00017985066102574486,nan,nan,0.01,1,0,1,0,0,1786615457.7508564,nan,-0.0012260522666965789,-0.00028630022015652622,0.00017985066102574486,-0.05759365138150585,0.030589892719827816,9.6057150681851908
1786615457.77127,1786615457.7708859,vesc,-0.00086034914442379708,-0.00086034914442379708,nan,nan,0.01,1,0,1,0,0,1786615457.7708859,nan,0.00091682389403015165,-0.00028350494130924384,-0.00086034914442379708,-0.081429845280910129,0.035406390639177943,9.5958683566052514
1786615457.7912729,1786615457.7908826,vesc,-0.0040991183043498983,-0.0040991183043498983,nan,nan,0.01,1,0,1,0,0,1786615457.7908826,nan,-0.0022412679995861993,-0.0024053369279378443,-0.0040991183043498983,-0.038603355933911843,0.049710727262446852,9.6203600051347848
1786615457.8112042,1786615457.810837,vesc,0.00018661795751398149,0.00018661795751398149,nan,nan,0.01,1,0,1,0,0,1786615457.810837,nan,-0.00016086117162459086,-0.0024168550996524372,0.00018661795751398149,-0.11839922413967141,0.030926546175418679,9.4804525007906477
1786615457.8312042,1786615457.8308189,vesc,0.001238270558494618,0.001238270558494618,nan,nan,0.01,1,0,1,0,0,1786615457.8308189,nan,-0.0023037378524999718,0.0018413907208702485,0.001238270558494618,-0.039221324428340587,0.0064589077761851854,9.6729311538716729
1786615457.851193,1786615457.8507967,vesc,0.0012786151083403919,0.0012786151083403919,nan,nan,0.01,1,0,1,0,0,1786615457.8507967,nan,0.00089183595286464255,0.0029065511271718623,0.0012786151083403919,-0.038603346797636995,0.016180562026008261,9.6202699580098852
1786615457.8716426,1786615457.8712716,vesc,0.00019807085057294823,0.00019807085057294823,nan,nan,0.01,1,0,1,0,0,1786615457.8712716,nan,-0.00016086117162459086,0.0018441870400148319,0.00019807085057294823,-0.07686485073556959,0.030564713146347344,9.6150694441861333
1786615457.8912065,1786615457.8908412,vesc,0.0012575316630191562,0.0012575316630191562,nan,nan,0.01,1,0,1,0,0,1786615457.8908412,nan,-0.00017335514220734541,-0.0002891974481392882,0.0012575316630191562,-0.048014230658512957,0.073699771040054429,9.6059431096053913
1786615457.910974,1786615457.9106021,vesc,0.0012507643990402101,0.0012507643990402101,nan,nan,0.01,1,0,1,0,0,1786615457.9106021,nan,-0.0012385462372793334,0.0018413574313566226,0.0012507643990402101,-0.099802172234075393,0.0068470898219175069,9.528510768293927
1786615457.9308264,1786615457.9305389,vesc,0.00018557710755522823,0.00018557710755522823,nan,nan,0.01,1,0,1,0,0,1786615457.9305389,nan,-0.0012260522666965789,0.0018442203295284576,0.00018557710755522823,-0.034600150928961071,0.025580217405096306,9.6874076910032727
1786615457.9508445,1786615457.9505105,vesc,-0.00088819985372397866,-0.00088819985372397866,nan,nan,0.01,1,0,1,0,0,1786615457.9505105,nan,-0.0012135582961138242,-0.001348698637124484,-0.00088819985372397866,-0.10509750231819748,0.021101469294318775,9.5716000717231964
1786615457.9709361,1786615457.9705844,vesc,0.0012757519500942313,0.0012757519500942313,nan,nan,0.01,1,0,1,0,0,1786615457.9705844,nan,0.00089183595286464255,0.0018412908523293707,0.0012757519500942313,-0.091009256867628174,0.035406682999973071,9.5957549206167414
1786615457.9909916,1786615457.9906445,vesc,-0.00089783040598624762,-0.00089783040598624762,nan,nan,0.01,1,0,1,0,0,1786615457.9906445,nan,-0.0022787488710371622,-0.00028340403247106507,-0.00089783040598624762,-0.029585724751308717,-0.012688604688989358,9.6682019256496687
1786615458.0109587,1786615458.0106781,vesc,0.00015772639825504655,0.00015772639825504655,nan,nan,0.01,1,0,1,0,0,1786615458.0106781,nan,-0.0033564354971378557,0.0007790266337132178,0.00015772639825504655,-0.071344813971566445,0.054682066767917092,9.5529240641303659
1786615458.0308867,1786615458.0305841,vesc,0.00016449369474328318,0.00016449369474328318,nan,nan,0.01,1,0,1,0,0,1786615458.0305841,nan,-0.0022912428416199163,-0.0013515272054853921,0.00016449369474328318,-0.057649830335544827,0.02578698957745118,9.6104922435775961
1786615458.0511498,1786615458.0506561,vesc,-0.00086711640840274296,-0.00086711640840274296,nan,nan,0.01,1,0,1,0,0,1786615458.0506561,nan,-0.00014836720104183631,0.0018470499381866669,-0.00086711640840274296,-0.10058867759062107,0.025826933371085659,9.5956169263214406
1786615458.0709414,1786615458.0705795,vesc,-0.0019351668906431761,-0.0019351668906431761,nan,nan,0.01,1,0,1,0,0,1786615458.0705795,nan,-0.00013587375060773214,0.00078465256151601006,-0.0019351668906431761,-0.066948356288342836,0.030641677125665012,9.586443814013478
1786615458.0910435,1786615458.0906746,vesc,-0.0008824734071944954,-0.0008824734071944954,nan,nan,0.01,1,0,1,0,0,1786615458.0906746,nan,-0.0012135582961138242,0.00078182295285780096,-0.0008824734071944954,-0.039277503382379564,0.016026085890882058,9.6777469208890352
1786615458.1111708,1786615458.1107376,vesc,-0.0019312629149475528,-0.0019312629149475528,nan,nan,0.01,1,0,1,0,0,1786615458.1107376,nan,0.00092931734446425576,-0.0024111625928223929,-0.0019312629149475528,-0.12330129240924581,0.026110925338453939,9.4899635821777792
1786615458.1312079,1786615458.1306944,vesc,0.00018271388429048652,0.00018271388429048652,nan,nan,0.01,1,0,1,0,0,1786615458.1306944,nan,-0.0012260522666965789,0.00077896005468596581,0.00018271388429048652,-0.039108966520262634,-0.0078853726407182023,9.6633136531551145
1786615458.1519368,1786615458.1508975,vesc,0.00018661795751398149,0.00018661795751398149,nan,nan,0.01,1,0,1,0,0,1786615458.1508975,nan,-0.00016086117162459086,-0.0024168550996524372,0.00018661795751398149,-0.081261299282518351,0.030654979541843375,9.5814853749280928
1786615458.1711349,1786615458.1706953,vesc,0.0012507643990402101,0.0012507643990402101,nan,nan,0.01,1,0,1,0,0,1786615458.1706953,nan,-0.0012385462372793334,0.0018413574313566226,0.0012507643990402101,-0.057874546151700734,0.059265626223748313,9.6297412783288792
1786615458.1908927,1786615458.1905947,vesc,-0.0030214373998843592,-0.0030214373998843592,nan,nan,0.01,1,0,1,0,0,1786615458.1905947,nan,-0.0011885708750969657,-0.0024082331156233053,-0.0030214373998843592,-0.11450837704279859,0.011560347835487761,9.5570931290689032
1786615458.2117279,1786615458.211267,vesc,-0.00087284285493222644,-0.00087284285493222644,nan,nan,0.01,1,0,1,0,0,1786615458.211267,nan,-0.00014836720104183631,-0.00028347165179561784,-0.00087284285493222644,-0.024796014389812271,0.068741624315464378,9.6684779142402704
1786615458.2311156,1786615458.2306635,vesc,-0.0008824734071944954,-0.0008824734071944954,nan,nan,0.01,1,0,1,0,0,1786615458.2306635,nan,-0.0012135582961138242,0.00078182295285780096,-0.0008824734071944954,-0.094843934146736864,0.021255653068649849,9.5142353753893758
1786615458.2514124,1786615458.2509875,vesc,-0.00087570614321554941,-0.00087570614321554941,nan,nan,0.01,1,0,1,0,0,1786615458.2509875,nan,-0.00014836720104183631,-0.0013487319266381099,-0.00087570614321554941,-0.076808671781530613,0.025787610844140829,9.6102677104869372
1786615458.2710397,1786615458.2705889,vesc,0.0012507643990402101,0.0012507643990402101,nan,nan,0.01,1,0,1,0,0,1786615458.2705889,nan,-0.0012385462372793334,0.0018413574313566226,0.0012507643990402101,-0.052635404157892474,0.025838335442095683,9.5913893892238775
1786615458.2911596,1786615458.2905483,vesc,0.0012757519500942313,0.0012757519500942313,nan,nan,0.01,1,0,1,0,0,1786615458.2905483,nan,0.00089183595286464255,0.0018412908523293707,0.0012757519500942313,-0.062383361743002297,0.016219957643151872,9.6056203432875691
1786615458.3108907,1786615458.3104525,vesc,-0.0019572911534138744,-0.0019572911534138744,nan,nan,0.01,1,0,1,0,0,1786615458.3104525,nan,-0.0022662559407517079,0.0018499794153857543,-0.0019572911534138744,-0.04389867688175908,0.087915193436504779,9.6635147973821631
1786615458.3311007,1786615458.330617,vesc,-0.00088819985372397866,-0.00088819985372397866,nan,nan,0.01,1,0,1,0,0,1786615458.330617,nan,-0.0012135582961138242,-0.001348698637124484,-0.00088819985372397866,-0.043168341342977534,0.040182323498203942,9.6011203259289459
1786615458.3509529,1786615458.3505511,vesc,0.00020093407383768989,0.00020093407383768989,nan,nan,0.01,1,0,1,0,0,1786615458.3505511,nan,-0.00016086117162459086,0.0029094473148573237,0.00020093407383768989,-0.048238946474668865,0.044908153025964737,9.6250249139818607
1786615458.370892,1786615458.3705277,vesc,0.0012489419282063498,0.0012489419282063498,nan,nan,0.01,1,0,1,0,0,1786615458.3705277,nan,-0.00017335514220734541,-0.0034849793129640648,0.0012489419282063498,-0.077370461321920381,0.03044886518127754,9.658177458706291
1786615458.3911917,1786615458.390456,vesc,0.00019807085057294823,0.00019807085057294823,nan,nan,0.01,1,0,1,0,0,1786615458.390456,nan,-0.00016086117162459086,0.0018441870400148319,0.00019807085057294823,-0.085433041149586053,0.059536863951429098,9.5288206707367635
1786615458.411047,1786615458.4105375,vesc,0.00018271388429048652,0.00018271388429048652,nan,nan,0.01,1,0,1,0,0,1786615458.4105375,nan,-0.0012260522666965789,0.00077896005468596581,0.00018271388429048652,-0.048463662290824772,0.0065364930221925022,9.6440809906083587
1786615458.4311879,1786615458.4304113,vesc,0.00019807085057294823,0.00019807085057294823,nan,nan,0.01,1,0,1,0,0,1786615458.4304113,nan,-0.00016086117162459086,0.0018441870400148319,0.00019807085057294823,-0.057031861841116083,0.069038809063712847,9.5579210948407081
1786615458.4511397,1786615458.4506285,vesc,-0.0019533871777182511,-0.0019533871777182511,nan,nan,0.01,1,0,1,0,0,1786615458.4506285,nan,-0.0012010648456797202,-0.0013458357389526487,-0.0019533871777182511,-0.071850424557917236,0.035406061733283423,9.5959806231505809
1786615458.470948,1786615458.4703333,vesc,0.0012268176654356515,0.0012268176654356515,nan,nan,0.01,1,0,1,0,0,1786615458.4703333,nan,-0.0023037368122026708,-0.0024196514187970202,0.0012268176654356515,-0.058043083013817665,0.040066950619426223,9.6440587711879289
1786615458.4911432,1786615458.4905601,vesc,0.0012603948212653164,0.0012603948212653164,nan,nan,0.01,1,0,1,0,0,1786615458.4905601,nan,-0.00017335514220734541,0.00077606386700050461,0.0012603948212653164,-0.090335109419160453,0.04035119840249024,9.5382919910557575
1786615458.5112796,1786615458.5106006,vesc,-0.0019323037323970157,-0.0019323037323970157,nan,nan,0.01,1,0,1,0,0,1786615458.5106006,nan,-0.00013587375060773214,0.001849912836358502,-0.0019323037323970157,-0.044011034789837034,0.016039132491364683,9.6729007483489795
1786615458.5309968,1786615458.5304976,vesc,0.00018948118077872315,0.00018948118077872315,nan,nan,0.01,1,0,1,0,0,1786615458.5304976,nan,-0.00016086117162459086,-0.001351594824809945,0.00018948118077872315,-0.10881980341667852,0.064456419051062142,9.4806559839040574
1786615458.551142,1786615458.5506952,vesc,-0.0019255363383809071,-0.0019255363383809071,nan,nan,0.01,1,0,1,0,0,1786615458.5506952,nan,0.00092931734446425576,-0.00028064204313740869,-0.0019255363383809071,-0.05759365138150585,0.0018497302056807996,9.6056378849352768
1786615458.571182,1786615458.5705903,vesc,0.0001933852540022181,0.0001933852540022181,nan,nan,0.01,1,0,1,0,0,1786615458.5705903,nan,0.00090432992344739716,-0.004547409979148348,0.0001933852540022181,-0.076921029689608567,0.0257618465490701,9.6198466195785386
1786615458.5914512,1786615458.5906701,vesc,0.0012507643990402101,0.0012507643990402101,nan,nan,0.01,1,0,1,0,0,1786615458.5906701,nan,-0.0012385462372793334,0.0018413574313566226,0.0012507643990402101,-0.057368935565349943,0.059381510733917509,9.5866332638087215
1786615458.6117249,1786615458.6106045,vesc,0.0012728886618109084,0.0012728886618109084,nan,nan,0.01,1,0,1,0,0,1786615458.6106045,nan,0.00089183595286464255,0.00077602953718957789,0.0012728886618109084,-0.11422747313632886,0.021204745745198039,9.5331698299251002
1786615458.6307838,1786615458.6303434,vesc,-0.0008824734071944954,-0.0008824734071944954,nan,nan,0.01,1,0,1,0,0,1786615458.6303434,nan,-0.0012135582961138242,0.00078182295285780096,-0.0008824734071944954,-0.015609846345092215,0.039911049225423767,9.7020409335210616
1786615458.6510217,1786615458.6505611,vesc,-0.0019601543116600346,-0.0019601543116600346,nan,nan,0.01,1,0,1,0,0,1786615458.6505611,nan,-0.0022662559407517079,0.00078471914054326216,-0.0019601543116600346,-0.029754261613425648,0.020802932377392835,9.6826620905767413
1786615458.6708891,1786615458.670373,vesc,-0.00086321230266995738,-0.00086321230266995738,nan,nan,0.01,1,0,1,0,0,1786615458.670373,nan,0.00091682389403015165,-0.0013487652161517359,-0.00086321230266995738,-0.071906603511956213,0.054553318382762228,9.600820948474734
1786615458.6907265,1786615458.6903415,vesc,0.00017022014127276652,0.00017022014127276652,nan,nan,0.01,1,0,1,0,0,1786615458.6903415,nan,-0.0022912438819172173,0.00077899334419959175,0.00017022014127276652,-0.062271003834924343,0.025825727382805752,9.596067161945939
1786615458.710973,1786615458.7104161,vesc,0.00018271388429048652,0.00018271388429048652,nan,nan,0.01,1,0,1,0,0,1786615458.7104161,nan,-0.0012260522666965789,0.00077896005468596581,0.00018271388429048652,-0.039052787566223657,-0.0078725087657325332,9.6585236138877235
1786615458.7308226,1786615458.7303698,vesc,-0.00088533669547781837,-0.00088533669547781837,nan,nan,0.01,1,0,1,0,0,1786615458.7303698,nan,-0.0012135582961138242,-0.00028343732198469102,-0.00088533669547781837,-0.029585724751308717,0.083111851752935451,9.6684603725925626
1786615458.7508059,1786615458.7503588,vesc,0.00019520762730820652,0.00019520762730820652,nan,nan,0.01,1,0,1,0,0,1786615458.7503588,nan,-0.00016086117162459086,0.00077892676517233987,0.00019520762730820652,-0.067173072104498743,0.021010143090940403,9.60557707388989
1786615458.7706206,1786615458.7701781,vesc,0.00017698743776100315,0.00017698743776100315,nan,nan,0.01,1,0,1,0,0,1786615458.7701781,nan,-0.0012260522666965789,-0.001351561535296319,0.00017698743776100315,-0.086331904414209681,0.073700977028334336,9.6054940434240734
1786615458.7904246,1786615458.7901456,vesc,0.00018271388429048652,0.00018271388429048652,nan,nan,0.01,1,0,1,0,0,1786615458.7901456,nan,-0.0012260522666965789,0.00077896005468596581,0.00018271388429048652,-0.025076909160007155,0.044727145148680592,9.6923614523159358
1786615458.8115287,1786615458.8104846,vesc,0.00023555206337146287,0.00023555206337146287,nan,nan,0.01,1,0,1,0,0,1786615458.8104846,nan,0.0030347123736656984,0.0018440861311766529,0.00023555206337146287,-0.10915687714091238,0.054799120721266803,9.5093681528720708
1786615458.8306079,1786615458.8302059,vesc,-0.00089783040598624762,-0.00089783040598624762,nan,nan,0.01,1,0,1,0,0,1786615458.8302059,nan,-0.0022787488710371622,-0.00028340403247106507,-0.00089783040598624762,-0.053309551606360195,0.030473825484161665,9.6488792159780132
1786615458.8513849,1786615458.8509111,vesc,0.00018948118077872315,0.00018948118077872315,nan,nan,0.01,1,0,1,0,0,1786615458.8509111,nan,-0.00016086117162459086,-0.001351594824809945,0.00018948118077872315,-0.072187498282151097,0.035328841938270017,9.6247185198685656
1786615458.8708951,1786615458.8702371,vesc,-0.00087284285493222644,-0.00087284285493222644,nan,nan,0.01,1,0,1,0,0,1786615458.8702371,nan,-0.00014836720104183631,-0.00028347165179561784,-0.00087284285493222644,-0.052972477882126334,0.04492116308134797,9.620178741441805
1786615458.8912115,1786615458.8902082,vesc,-0.00089210395945676425,-0.00089210395945676425,nan,nan,0.01,1,0,1,0,0,1786615458.8902082,nan,-0.0022787499113344628,0.001847116517213919,-0.00089210395945676425,-0.043786318973681126,0.059200795217428492,9.6538575355974672
1786615458.9109626,1786615458.9103327,vesc,-0.001950524019472091,-0.001950524019472091,nan,nan,0.01,1,0,1,0,0,1786615458.9103327,nan,-0.0012010648456797202,-0.00028057442381285586,-0.001950524019472091,-0.1040862628729462,0.040493285748922858,9.4854366676260042
1786615458.9303176,1786615458.9300318,vesc,-0.0030128481852202027,-0.0030128481852202027,nan,nan,0.01,1,0,1,0,0,1786615458.9300318,nan,-0.0011885708750969657,0.00078754874920147137,-0.0030128481852202027,-0.010820135983595769,0.039910903045026203,9.7020970667937263
1786615458.9504001,1786615458.9500759,vesc,-0.00087856930146170981,-0.00087856930146170981,nan,nan,0.01,1,0,1,0,0,1786615458.9500759,nan,-0.00014836720104183631,-0.002413992201480602,-0.00087856930146170981,-0.10008307614054512,0.035522859870937395,9.5525358089944348
1786615458.9711874,1786615458.9705362,vesc,0.0012546685047729958,0.0012546685047729958,nan,nan,0.01,1,0,1,0,0,1786615458.9705362,nan,-0.00017335514220734541,-0.0013544577229817802,0.0012546685047729958,-0.048126588566590911,0.0018236735498149415,9.6153302300153882
1786615458.9906487,1786615458.9902234,vesc,0.0023352125674846952,0.0023352125674846952,nan,nan,0.01,1,0,1,0,0,1786615458.9902234,nan,0.00087934250243053844,-0.0002920936358247494,0.0023352125674846952,-0.091009256867628174,0.0018765177635344799,9.5956648734918417
1786615459.0114937,1786615459.0101688,vesc,0.00018557710755522823,0.00018557710755522823,nan,nan,0.01,1,0,1,0,0,1786615459.0101688,nan,-0.0012260522666965789,0.0018442203295284576,0.00018557710755522823,-0.038884250704106726,0.040066329352736574,9.6442833042785878
1786615459.0302715,1786615459.0299981,vesc,-0.00087284285493222644,-0.00087284285493222644,nan,nan,0.01,1,0,1,0,0,1786615459.0299981,nan,-0.00014836720104183631,-0.00028347165179561784,-0.00087284285493222644,-0.090503655417552231,0.016362483530777183,9.5525966200398216
1786615459.0504518,1786615459.0500457,vesc,-0.00090069356423240813,-0.00090069356423240813,nan,nan,0.01,1,0,1,0,0,1786615459.0500457,nan,-0.0022787488710371622,-0.001348664307313557,-0.00090069356423240813,-0.094787746056423039,0.040428600923000602,9.509497961065108
1786615459.0703781,1786615459.0700588,vesc,-0.00089783040598624762,-0.00089783040598624762,nan,nan,0.01,1,0,1,0,0,1786615459.0700588,nan,-0.0022787488710371622,-0.00028340403247106507,-0.00089783040598624762,-0.06722925105853772,0.035367323927928851,9.610405704782238
1786615459.0903313,1786615459.0900633,vesc,-0.001940893467209822,-0.001940893467209822,nan,nan,0.01,1,0,1,0,0,1786615459.0900633,nan,-0.00013587375060773214,-0.0013458690284662747,-0.001940893467209822,-0.062945151283392065,0.030461290515070516,9.6535558192568942
1786615459.1104352,1786615459.1100183,vesc,0.0023073619882216763,0.0023073619882216763,nan,nan,0.01,1,0,1,0,0,1786615459.1100183,nan,-0.0012510396877134374,-0.0013572873316399895,0.0023073619882216763,-0.067173072104498743,0.049750269059988028,9.605654257139804
1786615459.1302543,1786615459.1299076,vesc,-0.0008824734071944954,-0.0008824734071944954,nan,nan,0.01,1,0,1,0,0,1786615459.1299076,nan,-0.0012135582961138242,0.00078182295285780096,-0.0008824734071944954,-0.057762188243622781,0.0066011413030153676,9.6200196971692549
1786615459.1503198,1786615459.1499584,vesc,0.0012325442420022975,0.0012325442420022975,nan,nan,0.01,1,0,1,0,0,1786615459.1499584,nan,-0.0023037368122026708,-0.00028912982881473543,0.0012325442420022975,-0.043673961065603173,0.064016598779890188,9.6442914903808514
1786615459.1704237,1786615459.1700213,vesc,0.00018271388429048652,0.00018271388429048652,nan,nan,0.01,1,0,1,0,0,1786615459.1700213,nan,-0.0012260522666965789,0.00077896005468596581,0.00018271388429048652,-0.052860119974048381,0.040156888109027733,9.6105869684752179
1786615459.1905813,1786615459.1899817,vesc,0.00020483814706118484,0.00020483814706118484,nan,nan,0.01,1,0,1,0,0,1786615459.1899817,nan,0.00090432992344739716,-0.00028636783948107899,0.00020483814706118484,-0.095237177688734853,0.049905658822599008,9.5478404946246656
1786615459.2103469,1786615459.2099385,vesc,-0.00084499214563204465,-0.00084499214563204465,nan,nan,0.01,1,0,1,0,0,1786615459.2099385,nan,0.0019820149891021394,0.00078172204401962214,-0.00084499214563204465,-0.034375435112805164,0.0016816227484817148,9.668184384001961
1786615459.2304187,1786615459.2299573,vesc,-0.00088533669547781837,-0.00088533669547781837,nan,nan,0.01,1,0,1,0,0,1786615459.2299573,nan,-0.0012135582961138242,-0.00028343732198469102,-0.00088533669547781837,-0.085095967425352192,0.08835424626058952,9.5001599572686928
1786615459.2503667,1786615459.2499764,vesc,-0.00089783040598624762,-0.00089783040598624762,nan,nan,0.01,1,0,1,0,0,1786615459.2499764,nan,-0.0022787488710371622,-0.00028340403247106507,-0.00089783040598624762,-0.062102466972807413,0.0498144787996182,9.581762532961875
1786615459.2703328,1786615459.2699184,vesc,0.00016735691800802484,0.00016735691800802484,nan,nan,0.01,1,0,1,0,0,1786615459.2699184,nan,-0.0022912428416199163,-0.00028626693064290023,0.00016735691800802484,-0.043168341342977534,0.044972362765594909,9.6011331898039316
1786615459.2905543,1786615459.2901525,vesc,-0.00087284285493222644,-0.00087284285493222644,nan,nan,0.01,1,0,1,0,0,1786615459.2901525,nan,-0.00014836720104183631,-0.00028347165179561784,-0.00087284285493222644,-0.10042014986477898,0.030655600808533023,9.5812608418374339
1786615459.3099082,1786615459.3096759,vesc,0.00017880981106699161,0.00017880981106699161,nan,nan,0.01,1,0,1,0,0,1786615459.3096759,nan,-0.0022912438819172173,0.003974775209024368,0.00017880981106699161,-0.029473366843230764,0.03523736955449408,9.658751655307924
1786615459.3304393,1786615459.3299611,vesc,0.0012450379525107266,0.0012450379525107266,nan,nan,0.01,1,0,1,0,0,1786615459.3299611,nan,-0.0012385462372793334,-0.00028916311832836143,0.0012450379525107266,-0.11355332568786114,0.059679389839054409,9.475796947489016
1786615459.3503056,1786615459.3499086,vesc,0.00022019511334364655,0.00022019511334364655,nan,nan,0.01,1,0,1,0,0,1786615459.3499086,nan,0.0019695210185193849,0.00077885914584778699,0.00022019511334364655,-0.039052787566223657,0.030447659192997634,9.6586265248876089
1786615459.3702078,1786615459.3698578,vesc,0.00017985066102574486,0.00017985066102574486,nan,nan,0.01,1,0,1,0,0,1786615459.3698578,nan,-0.0012260522666965789,-0.00028630022015652622,0.00017985066102574486,-0.10070103549869902,0.040171286878187829,9.6052355964811795
1786615459.3902001,1786615459.3898501,vesc,-0.00088533669547781837,-0.00088533669547781837,nan,nan,0.01,1,0,1,0,0,1786615459.3898501,nan,-0.0012135582961138242,-0.00028343732198469102,-0.00088533669547781837,-0.076696313873452659,0.054553464563159793,9.6007648152020693
1786615459.4109342,1786615459.4099245,vesc,-0.003008943949450255,-0.003008943949450255,nan,nan,0.01,1,0,1,0,0,1786615459.4099245,nan,-0.00012337978002497762,-0.0024082664051369314,-0.003008943949450255,-0.095630439503282538,0.016285373371061951,9.5812783834851416
1786615459.4301453,1786615459.4298391,vesc,-0.00087961024894833511,-0.00087961024894833511,nan,nan,0.01,1,0,1,0,0,1786615459.4298391,nan,-0.0012135582961138242,0.0018470832277002929,-0.00087961024894833511,-0.034431614066844141,0.054359008089299721,9.6731159258941943
1786615459.4522264,1786615459.4517286,vesc,-0.00087570614321554941,-0.00087570614321554941,nan,nan,0.01,1,0,1,0,0,1786615459.4517286,nan,-0.00014836720104183631,-0.0013487319266381099,-0.00087570614321554941,-0.029473366843230764,0.025657327564811538,9.6587259275579527
1786615459.4711254,1786615459.4698122,vesc,0.00019234440404346486,0.00019234440404346486,nan,nan,0.01,1,0,1,0,0,1786615459.4698122,nan,-0.00016086117162459086,-0.00028633454996745305,0.00019234440404346486,-0.076527777011335729,0.040222011476142683,9.5863572752181199
1786615459.4902802,1786615459.4897549,vesc,0.00020483814706118484,0.00020483814706118484,nan,nan,0.01,1,0,1,0,0,1786615459.4897549,nan,0.00090432992344739716,-0.00028636783948107899,0.00020483814706118484,-0.080980413648598315,0.04508945326404401,9.557576109102456
1786615459.5058539,1786615459.5049999,vesc,0.0012479011107568872,0.0012479011107568872,nan,nan,0.01,1,0,1,0,0,1786615459.5049999,nan,-0.0012385462372793334,0.00077609715651413066,0.0012479011107568872,-0.053197193698282241,0.020919547789549853,9.63927340969326
1786615459.5316172,1786615459.530587,vesc,-0.00086997969668606593,-0.00086997969668606593,nan,nan,0.01,1,0,1,0,0,1786615459.530587,nan,-0.00014836720104183631,0.00078178966334417502,-0.00086997969668606593,-0.080081541247699839,0.069245508145868939,9.4810056474150315
1786615459.5502226,1786615459.5497739,vesc,0.00018271388429048652,0.00018271388429048652,nan,nan,0.01,1,0,1,0,0,1786615459.5497739,nan,-0.0012260522666965789,0.00077896005468596581,0.00018271388429048652,-0.057200398703233013,0.016309931677852774,9.5721485405748581
1786615459.5704474,1786615459.569813,vesc,-0.0030032176329579342,-0.0030032176329579342,nan,nan,0.01,1,0,1,0,0,1786615459.569813,nan,-0.00012337978002497762,-0.00027774585545194748,-0.0030032176329579342,-0.071850424557917236,0.059356184980039473,9.5960449425255092
1786615459.5901566,1786615459.5896833,vesc,0.0012575316630191562,0.0012575316630191562,nan,nan,0.01,1,0,1,0,0,1786615459.5896833,nan,-0.00017335514220734541,-0.0002891974481392882,0.0012575316630191562,-0.043224520297016511,0.02100937564385319,9.6058577402532137
1786615459.6102262,1786615459.6098263,vesc,-0.00088819985372397866,-0.00088819985372397866,nan,nan,0.01,1,0,1,0,0,1786615459.6098263,nan,-0.0012135582961138242,-0.001348698637124484,-0.00088819985372397866,-0.085601587147977831,0.045128191069398582,9.5431510274707989
1786615459.6300979,1786615459.6296866,vesc,0.00019520762730820652,0.00019520762730820652,nan,nan,0.01,1,0,1,0,0,1786615459.6296866,nan,-0.00016086117162459086,0.00077892676517233987,0.00019520762730820652,-0.034375435112805164,0.03042174871752934,9.668261567251875
1786615459.6500611,1786615459.6496434,vesc,0.0012546685047729958,0.0012546685047729958,nan,nan,0.01,1,0,1,0,0,1786615459.6496434,nan,-0.00017335514220734541,-0.0013544577229817802,0.0012546685047729958,-0.038378630981481088,0.016232054071050328,9.6011121398266823
1786615459.6707637,1786615459.6698022,vesc,0.00019234440404346486,0.00019234440404346486,nan,nan,0.01,1,0,1,0,0,1786615459.6698022,nan,-0.00016086117162459086,-0.00028633454996745305,0.00019234440404346486,-0.090728371233708138,0.035471075465100199,9.5718070631661476
1786615459.6899903,1786615459.6895401,vesc,-0.0019476606011516052,-0.0019476606011516052,nan,nan,0.01,1,0,1,0,0,1786615459.6895401,nan,-0.0012010648456797202,0.00078468585102963622,-0.0019476606011516052,-0.048182767520629888,0.054501058890632947,9.620260602464441
1786615459.7103171,1786615459.7098346,vesc,-0.00088143258974503278,-0.00088143258974503278,nan,nan,0.01,1,0,1,0,0,1786615459.7098346,nan,-0.00014836720104183631,-0.0034792535166203948,-0.00088143258974503278,-0.10932540486675446,0.021230327314771813,9.5236470541061635
1786615459.7301595,1786615459.7296715,vesc,0.00019520762730820652,0.00019520762730820652,nan,nan,0.01,1,0,1,0,0,1786615459.7296715,nan,-0.00016086117162459086,0.00077892676517233987,0.00019520762730820652,-0.005861893328119816,0.063899508281441086,9.687848571082327
1786615459.7498934,1786615459.7495067,vesc,0.0012642990570352647,0.0012642990570352647,nan,nan,0.01,1,0,1,0,0,1786615459.7495067,nan,0.00089183595286464255,-0.0024197512873378982,0.0012642990570352647,-0.10431097868910211,0.026071712446807283,9.5045570636274306
1786615459.7697926,1786615459.7694604,vesc,-0.0008824734071944954,-0.0008824734071944954,nan,nan,0.01,1,0,1,0,0,1786615459.7694604,nan,-0.0012135582961138242,0.00078182295285780096,-0.0008824734071944954,-0.07213131932811212,0.0066015798442080609,9.6198512973512607
1786615459.7899745,1786615459.7895398,vesc,0.00019520762730820652,0.00019520762730820652,nan,nan,0.01,1,0,1,0,0,1786615459.7895398,nan,-0.00016086117162459086,0.00077892676517233987,0.00019520762730820652,-0.067622503736810557,0.016117119733465302,9.643882185267671
1786615459.8101199,1786615459.809675,vesc,0.0012479011107568872,0.0012479011107568872,nan,nan,0.01,1,0,1,0,0,1786615459.809675,nan,-0.0012385462372793334,0.00077609715651413066,0.0012479011107568872,-0.052635404157892474,0.0402083801540698,9.5914279808488345
1786615459.8299901,1786615459.829612,vesc,-0.00090069356423240813,-0.00090069356423240813,nan,nan,0.01,1,0,1,0,0,1786615459.829612,nan,-0.0022787488710371622,-0.001348664307313557,-0.00090069356423240813,-0.10515367213596161,0.0019284848948686317,9.5763374860474642
1786615459.850687,1786615459.8496196,vesc,-0.00088819985372397866,-0.00088819985372397866,nan,nan,0.01,1,0,1,0,0,1786615459.8496196,nan,-0.0012135582961138242,-0.001348698637124484,-0.00088819985372397866,-0.080924234694559338,0.054682359128712221,9.5528117975850364
1786615459.8700669,1786615459.8696382,vesc,0.00020197492379644315,0.00020197492379644315,nan,nan,0.01,1,0,1,0,0,1786615459.8696382,nan,0.00090432992344739716,-0.0013516281143235711,0.00020197492379644315,-0.03392600348049335,0.044894814064686983,9.6299833530672458
1786615459.8899038,1786615459.8895779,vesc,0.0023073619882216763,0.0023073619882216763,nan,nan,0.01,1,0,1,0,0,1786615459.8895779,nan,-0.0012510396877134374,-0.0013572873316399895,0.0023073619882216763,-0.072693108868501888,0.020842912716126705,9.6677867733205858
1786615459.9098852,1786615459.9095259,vesc,-0.0019476606011516052,-0.0019476606011516052,nan,nan,0.01,1,0,1,0,0,1786615459.9095259,nan,-0.0012010648456797202,0.00078468585102963622,-0.0019476606011516052,-0.071232456063488492,0.040337713260814922,9.5433065634138075
1786615459.9298277,1786615459.9294684,vesc,-0.0008824734071944954,-0.0008824734071944954,nan,nan,0.01,1,0,1,0,0,1786615459.9294684,nan,-0.0012135582961138242,0.00078182295285780096,-0.0008824734071944954,-0.063113688145508995,0.0016825363759664924,9.6678475843659726
1786615459.9498951,1786615459.9495988,vesc,0.00019911170053170147,0.00019911170053170147,nan,nan,0.01,1,0,1,0,0,1786615459.9495988,nan,0.00090432992344739716,-0.0024168883891660629,0.00019911170053170147,-0.071850424557917236,0.059356184980039473,9.5960449425255092
1786615459.9696138,1786615459.9693365,vesc,0.0023227191170505914,0.0023227191170505914,nan,nan,0.01,1,0,1,0,0,1786615459.9693365,nan,-0.00018584859264144957,-0.00029206034631112335,0.0023227191170505914,-0.05742511451938892,0.03541852361217579,9.5913589837011841
1786615459.9899819,1786615459.9894931,vesc,-0.00084212898738588436,-0.00084212898738588436,nan,nan,0.01,1,0,1,0,0,1786615459.9894931,nan,0.0019820149891021394,0.0018469823188621143,-0.00084212898738588436,-0.047733335888318074,0.025863917011669457,9.5818666134049408
1786615460.0099707,1786615460.0095675,vesc,0.00019807085057294823,0.00019807085057294823,nan,nan,0.01,1,0,1,0,0,1786615460.0095675,nan,-0.00016086117162459086,0.0018441870400148319,0.00019807085057294823,-0.020231019844471732,0.039949860120977121,9.6876146824462239
1786615460.029845,1786615460.0294325,vesc,-0.0008824734071944954,-0.0008824734071944954,nan,nan,0.01,1,0,1,0,0,1786615460.0294325,nan,-0.0012135582961138242,0.00078182295285780096,-0.0008824734071944954,-0.11856775186551349,0.040467959995044822,9.4948471768996114
1786615460.0498588,1786615460.0494499,vesc,0.00017880981106699161,0.00017880981106699161,nan,nan,0.01,1,0,1,0,0,1786615460.0494499,nan,-0.0022912438819172173,0.003974775209024368,0.00017880981106699161,-0.095068649962892771,0.054734289714946982,9.5334844101406588
1786615460.0698013,1786615460.0694246,vesc,0.0012853823723193377,0.0012853823723193377,nan,nan,0.01,1,0,1,0,0,1786615460.0694246,nan,0.0019570270479366309,0.00077599624767595173,0.0012853823723193377,-0.057874546151700734,0.04010554224438323,9.6296898228289365
1786615460.0898607,1786615460.0894423,vesc,-0.00088819985372397866,-0.00088819985372397866,nan,nan,0.01,1,0,1,0,0,1786615460.0894423,nan,-0.0012135582961138242,-0.001348698637124484,-0.00088819985372397866,-0.081486024234949106,0.021023445507118765,9.6006186348045048
1786615460.1103437,1786615460.1095665,vesc,-0.00087856930146170981,-0.00087856930146170981,nan,nan,0.01,1,0,1,0,0,1786615460.1095665,nan,-0.00014836720104183631,-0.002413992201480602,-0.00087856930146170981,-0.043336878205094465,0.035353692605855969,9.6154764104129526
1786615460.1300914,1786615460.1293814,vesc,0.0012825190840360147,0.0012825190840360147,nan,nan,0.01,1,0,1,0,0,1786615460.1293814,nan,0.0019570270479366309,-0.00028926402716654019,0.0012825190840360147,-0.10425480887133798,0.04045465757886646,9.4998056159849966
1786615460.1497383,1786615460.1493247,vesc,-0.00086425325015658267,-0.00086425325015658267,nan,nan,0.01,1,0,1,0,0,1786615460.1493247,nan,-0.00014836720104183631,0.002912310213029159,-0.00086425325015658267,-0.020455735660627639,0.030318326086252512,9.7067479423226359
1786615460.1704869,1786615460.1695883,vesc,-0.0019783745987351099,-0.0019783745987351099,nan,nan,0.01,1,0,1,0,0,1786615460.1695883,nan,-0.0033314465156750457,-0.0013457681196280958,-0.0019783745987351099,-0.07196278246599519,0.030590331261020509,9.6055466683671966
1786615460.1899292,1786615460.1894841,vesc,0.0012853823723193377,0.0012853823723193377,nan,nan,0.01,1,0,1,0,0,1786615460.1894841,nan,0.0019570270479366309,0.00077599624767595173,0.0012853823723193377,-0.081036592602637292,0.040286513576567984,9.5623532844948613
1786615460.2099626,1786615460.2095401,vesc,0.0012450379525107266,0.0012450379525107266,nan,nan,0.01,1,0,1,0,0,1786615460.2095401,nan,-0.0012385462372793334,-0.00028916311832836143,0.0012450379525107266,-0.062832793375314111,-0.0078331131485889216,9.6438739991654074
1786615460.2297552,1786615460.2292111,vesc,-0.00087284285493222644,-0.00087284285493222644,nan,nan,0.01,1,0,1,0,0,1786615460.2292111,nan,-0.00014836720104183631,-0.00028347165179561784,-0.00087284285493222644,-0.038266273073403134,0.049787983602559649,9.5916221084168001
1786615460.249598,1786615460.249315,vesc,0.0023159517230344827,0.0023159517230344827,nan,nan,0.01,1,0,1,0,0,1786615460.249315,nan,-0.0012510396877134374,0.0018384945331847875,0.0023159517230344827,-0.024739835435773294,0.063964485468158472,9.6636750110978937
1786615460.2698791,1786615460.2693007,vesc,0.0012325442420022975,0.0012325442420022975,nan,nan,0.01,1,0,1,0,0,1786615460.2693007,nan,-0.0023037368122026708,-0.00028912982881473543,0.0012325442420022975,-0.09546189350489076,0.025904043530800891,9.5669351628761206
1786615460.2899041,1786615460.2894282,vesc,0.00017698743776100315,0.00017698743776100315,nan,nan,0.01,1,0,1,0,0,1786615460.2894282,nan,-0.0012260522666965789,-0.001351561535296319,0.00017698743776100315,-0.081317487372832176,0.054592238913613755,9.5863397335704121
1786615460.3100312,1786615460.3096545,vesc,-0.0019476606011516052,-0.0019476606011516052,nan,nan,0.01,1,0,1,0,0,1786615460.3096545,nan,-0.0012010648456797202,0.00078468585102963622,-0.0019476606011516052,-0.034712508837039024,0.015974447665442426,9.6969620417880833
1786615460.329488,1786615460.3290966,vesc,0.00020197492379644315,0.00020197492379644315,nan,nan,0.01,1,0,1,0,0,1786615460.3290966,nan,0.00090432992344739716,-0.0013516281143235711,0.00020197492379644315,-0.080643330788089607,0.069116796305813466,9.5289025317593996
1786615460.3501298,1786615460.3492928,vesc,0.00017412421449626149,0.00017412421449626149,nan,nan,0.01,1,0,1,0,0,1786615460.3492928,nan,-0.0012260522666965789,-0.0024168218101388111,0.00017412421449626149,-0.038771883659753925,0.0065618918662693204,9.6346131786189062
1786615460.3698592,1786615460.3693674,vesc,-0.00084785543391536762,-0.00084785543391536762,nan,nan,0.01,1,0,1,0,0,1786615460.3693674,nan,0.0019820149891021394,-0.00028353823082286983,-0.00084785543391536762,-0.06215864592684639,0.059381656914315073,9.5865771305360568
1786615460.3897741,1786615460.389339,vesc,0.00019807085057294823,0.00019807085057294823,nan,nan,0.01,1,0,1,0,0,1786615460.389339,nan,-0.00016086117162459086,0.0018441870400148319,0.00019807085057294823,-0.06215864592684639,0.049801614924632531,9.5865514027860854
1786615460.4095368,1786615460.4092743,vesc,0.00095586618671105231,0.00095586618671105231,nan,nan,0.01,1,0,1,0,0,1786615460.4092743,nan,0.00089183595286464255,-0.0002892307376529142,0.00095586618671105231,-0.057481293473427897,0.0066654972230431042,9.9375083179178318
1786615460.4299192,1786615460.4292462,vesc,0.00019520762730820652,0.00019520762730820652,nan,nan,0.01,1,0,1,0,0,1786615460.4292462,nan,-0.00016086117162459086,0.00077892676517233987,0.00019520762730820652,-0.034712508837039024,0.049504612901881018,9.697052088912983
1786615460.4496422,1786615460.4492598,vesc,0.00020770137032592652,0.00020770137032592652,nan,nan,0.01,1,0,1,0,0,1786615460.4492598,nan,0.00090432992344739716,0.00077889243536141293,0.00020770137032592652,-0.024964551251929201,0.020802786196995271,9.6827182238494061
1786615460.4696889,1786615460.4692216,vesc,-0.00087284285493222644,-0.00087284285493222644,nan,nan,0.01,1,0,1,0,0,1786615460.4692216,nan,-0.00014836720104183631,-0.00028347165179561784,-0.00087284285493222644,-0.071400992925605422,0.049879163625540457,9.5577012395227712
1786615460.4896839,1786615460.4892452,vesc,-0.0019380303089636616,-0.0019380303089636616,nan,nan,0.01,1,0,1,0,0,1786615460.4892452,nan,-0.00013587375060773214,-0.00028060875362378264,-0.0019380303089636616,-0.05742511451938892,0.044998565601858331,9.5913847114511555
1786615460.5098097,1786615460.5091393,vesc,0.0012479011107568872,0.0012479011107568872,nan,nan,0.01,1,0,1,0,0,1786615460.5091393,nan,-0.0012385462372793334,0.00077609715651413066,0.0012479011107568872,-0.10036396177446516,0.021088422693836151,9.5764462442632521
1786615460.5296466,1786615460.5292335,vesc,0.0012603948212653164,0.0012603948212653164,nan,nan,0.01,1,0,1,0,0,1786615460.5292335,nan,-0.00017335514220734541,0.00077606386700050461,0.0012603948212653164,-0.015441309482975285,0.063899800642236215,9.6877363045369975
1786615460.5493529,1786615460.5490265,vesc,0.00016449369474328318,0.00016449369474328318,nan,nan,0.01,1,0,1,0,0,1786615460.5490265,nan,-0.0022912428416199163,-0.0013515272054853921,0.00016449369474328318,-0.10943776277483241,0.035574644276774592,9.5332645548227219
1786615460.5694599,1786615460.5689456,vesc,0.00016735691800802484,0.00016735691800802484,nan,nan,0.01,1,0,1,0,0,1786615460.5689456,nan,-0.0022912428416199163,-0.00028626693064290023,0.00016735691800802484,-0.058267798829973572,0.025645377317310647,9.6631791671893552
1786615460.5895541,1786615460.5890772,vesc,0.00020483814706118484,0.00020483814706118484,nan,nan,0.01,1,0,1,0,0,1786615460.5890772,nan,0.00090432992344739716,-0.00028636783948107899,0.00020483814706118484,-0.048014230658512957,0.030589563813933296,9.6058273347305203
1786615460.609597,1786615460.6090999,vesc,0.00017022014127276652,0.00017022014127276652,nan,nan,0.01,1,0,1,0,0,1786615460.6090999,nan,-0.0022912438819172173,0.00077899334419959175,0.00017022014127276652,-0.06215864592684639,0.054591617646924107,9.5865642666610711
1786615460.6293645,1786615460.6290059,vesc,0.00016735691800802484,0.00016735691800802484,nan,nan,0.01,1,0,1,0,0,1786615460.6290059,nan,-0.0022912428416199163,-0.00028626693064290023,0.00016735691800802484,-0.053084835790204288,0.0065752308275470739,9.6296559089767015
1786615460.6499078,1786615460.6491458,vesc,-0.001950524019472091,-0.001950524019472091,nan,nan,0.01,1,0,1,0,0,1786615460.6491458,nan,-0.0012010648456797202,-0.00028057442381285586,-0.001950524019472091,-0.085938660872211692,-0.012429280663710074,9.5717345576889556
1786615460.6692464,1786615460.668963,vesc,-0.00088533669547781837,-0.00088533669547781837,nan,nan,0.01,1,0,1,0,0,1786615460.668963,nan,-0.0012135582961138242,-0.00028343732198469102,-0.00088533669547781837,-0.033982182434532326,0.049671952911992889,9.6347862562096225
1786615460.6892681,1786615460.6889138,vesc,0.00019520762730820652,0.00019520762730820652,nan,nan,0.01,1,0,1,0,0,1786615460.6889138,nan,-0.00016086117162459086,0.00077892676517233987,0.00019520762730820652,-0.067285430012576697,0.040144462775234757,9.6152086079246146
1786615460.7095613,1786615460.7091308,vesc,-0.0030157110833920384,-0.0030157110833920384,nan,nan,0.01,1,0,1,0,0,1786615460.7091308,nan,-0.0011885708750969657,-0.00027771152564102071,-0.0030157110833920384,-0.075909799380632137,0.045153663003674183,9.5336832154813465
1786615460.7293081,1786615460.7289498,vesc,-0.00086425325015658267,-0.00086425325015658267,nan,nan,0.01,1,0,1,0,0,1786615460.7289498,nan,-0.00014836720104183631,0.002912310213029159,-0.00086425325015658267,-0.020511914614666615,0.0015652996971198263,9.7114607983401129
1786615460.7464159,1786615460.7460229,vesc,-0.00087284285493222644,-0.00087284285493222644,nan,nan,0.01,1,0,1,0,0,1786615460.7460229,nan,-0.00014836720104183631,-0.00028347165179561784,-0.00087284285493222644,-0.095012461872578946,0.069117234847006159,9.5287341319414054
1786615460.7694237,1786615460.7690542,vesc,0.0023044988299755161,0.0023044988299755161,nan,nan,0.01,1,0,1,0,0,1786615460.7690542,nan,-0.0012510396877134374,-0.0024225476064824816,0.0023044988299755161,-0.048182767520629888,0.0066008489422202388,9.6201319637145843
1786615460.7895131,1786615460.7891223,vesc,-0.00084212898738588436,-0.00084212898738588436,nan,nan,0.01,1,0,1,0,0,1786615460.7891223,nan,0.0019820149891021394,0.0018469823188621143,-0.00084212898738588436,-0.086388092504523506,0.044947987184301041,9.6102068994415504
1786615460.8096609,1786615460.8089919,vesc,0.00016735691800802484,0.00016735691800802484,nan,nan,0.01,1,0,1,0,0,1786615460.8089919,nan,-0.0022912428416199163,-0.00028626693064290023,0.00016735691800802484,-0.048238946474668865,0.054488195015647278,9.625050641731832
1786615460.8295181,1786615460.829108,vesc,0.0012421747942645664,0.0012421747942645664,nan,nan,0.01,1,0,1,0,0,1786615460.829108,nan,-0.0012385462372793334,-0.0013544244334681541,0.0012421747942645664,-0.10414245096326002,0.030900343339155256,9.4902009791434239
1786615460.850018,1786615460.8494031,vesc,0.00015486317499030486,0.00015486317499030486,nan,nan,0.01,1,0,1,0,0,1786615460.8494031,nan,-0.0033564344568405551,-0.00028623364112927423,0.00015486317499030486,-0.11845539395743554,0.059653808269480635,9.4853197233079527
1786615460.8696353,1786615460.8689208,vesc,0.00021056459359066821,0.00021056459359066821,nan,nan,0.01,1,0,1,0,0,1786615460.8689208,nan,0.00090432992344739716,0.001844153750501206,0.00021056459359066821,-0.029304829981113834,0.0065358717555028534,9.6443055236990176
1786615460.8861094,1786615460.8854775,vesc,0.0023188148812806433,0.0023188148812806433,nan,nan,0.01,1,0,1,0,0,1786615460.8854775,nan,-0.0012510396877134374,0.0029037548080272793,0.0023188148812806433,-0.081317487372832176,0.049802199646222789,9.5863268696954265
1786615460.9092801,1786615460.9089148,vesc,0.0012325442420022975,0.0012325442420022975,nan,nan,0.01,1,0,1,0,0,1786615460.9089148,nan,-0.0023037368122026708,-0.00028912982881473543,0.0012325442420022975,-0.057481293473427897,0.040195662459481696,9.5961618868435608
1786615460.9293945,1786615460.9290137,vesc,0.0012450379525107266,0.0012450379525107266,nan,nan,0.01,1,0,1,0,0,1786615460.9290137,nan,-0.0012385462372793334,-0.00028916311832836143,0.0012450379525107266,-0.090896898959550221,-0.0076777599310773326,9.586060236650269
1786615460.9505672,1786615460.9500396,vesc,0.00019520762730820652,0.00019520762730820652,nan,nan,0.01,1,0,1,0,0,1786615460.9500396,nan,-0.00016086117162459086,0.00077892676517233987,0.00019520762730820652,-0.010763957029556792,0.044713842732502229,9.697319891401321
1786615460.9691505,1786615460.9688144,vesc,0.00018661795751398149,0.00018661795751398149,nan,nan,0.01,1,0,1,0,0,1786615460.9688144,nan,-0.00016086117162459086,-0.0024168550996524372,0.00018661795751398149,-0.090840729141786092,0.030655271902638503,9.5813731083827633
1786615460.9892037,1786615460.988837,vesc,0.00016163047147854149,0.00016163047147854149,nan,nan,0.01,1,0,1,0,0,1786615460.988837,nan,-0.0022912428416199163,-0.0024167885206251853,0.00016163047147854149,-0.057818367197661757,0.011378280150321274,9.6248226003116315
1786615461.0091534,1786615461.008754,vesc,0.00016735691800802484,0.00016735691800802484,nan,nan,0.01,1,0,1,0,0,1786615461.008754,nan,-0.0022912428416199163,-0.00028626693064290023,0.00016735691800802484,-0.063394592051978726,0.030358306424986381,9.6918737945096609
1786615461.0293801,1786615461.0289302,vesc,-0.0019351668906431761,-0.0019351668906431761,nan,nan,0.01,1,0,1,0,0,1786615461.0289302,nan,-0.00013587375060773214,0.00078465256151601006,-0.0019351668906431761,-0.075797441472554183,0.026019306774280437,9.5240528508898024
1786615461.0495522,1786615461.048964,vesc,0.00020770137032592652,0.00020770137032592652,nan,nan,0.01,1,0,1,0,0,1786615461.048964,nan,0.00090432992344739716,0.00077889243536141293,0.00020770137032592652,-0.028911577302840996,0.092846369877744195,9.6110091374633839
1786615461.069288,1786615461.0688648,vesc,-0.00087570614321554941,-0.00087570614321554941,nan,nan,0.01,1,0,1,0,0,1786615461.0688648,nan,-0.00014836720104183631,-0.0013487319266381099,-0.00087570614321554941,-0.090616013325630185,0.011546679968315487,9.5621638346996178
1786615461.0891924,1786615461.0887771,vesc,0.00019520762730820652,0.00019520762730820652,nan,nan,0.01,1,0,1,0,0,1786615461.0887771,nan,-0.00016086117162459086,0.00077892676517233987,0.00019520762730820652,-0.058043083013817665,0.05443699533140034,9.6440973628128859
1786615461.1093056,1786615461.1088822,vesc,0.0012507643990402101,0.0012507643990402101,nan,nan,0.01,1,0,1,0,0,1786615461.1088822,nan,-0.0012385462372793334,0.0018413574313566226,0.0012507643990402101,-0.03916514547430161,0.035211934165317871,9.668218297854196
1786615461.1291707,1786615461.1287766,vesc,-0.00089106301197013917,-0.00089106301197013917,nan,nan,0.01,1,0,1,0,0,1786615461.1287766,nan,-0.0012135582961138242,-0.0024139589119669758,-0.00089106301197013917,-0.099802172234075393,0.054747299770330216,9.5286394070437836
1786615461.1518509,1786615461.1512649,vesc,-0.00089783040598624762,-0.00089783040598624762,nan,nan,0.01,1,0,1,0,0,1786615461.1512649,nan,-0.0022787488710371622,-0.00028340403247106507,-0.00089783040598624762,-0.020174840890432755,0.01601260074920674,9.6827614932470851
1786615461.1691597,1786615461.1687188,vesc,0.00020770137032592652,0.00020770137032592652,nan,nan,0.01,1,0,1,0,0,1786615461.1687188,nan,0.00090432992344739716,0.00077889243536141293,0.00020770137032592652,-0.10938159295706829,0.049957589408833769,9.5285142766234685
1786615461.1891403,1786615461.188736,vesc,-0.00086034914442379708,-0.00086034914442379708,nan,nan,0.01,1,0,1,0,0,1786615461.188736,nan,0.00091682389403015165,-0.00028350494130924384,-0.00086034914442379708,-0.052803941020009404,0.059329872508477877,9.6058483847077696
1786615461.2090378,1786615461.2086957,vesc,0.0012546685047729958,0.0012546685047729958,nan,nan,0.01,1,0,1,0,0,1786615461.2086957,nan,-0.00017335514220734541,-0.0013544577229817802,0.0012546685047729958,-0.091346330591862035,0.0065893372359120406,9.6244168035279927
1786615461.2291977,1786615461.2287006,vesc,-0.00087570614321554941,-0.00087570614321554941,nan,nan,0.01,1,0,1,0,0,1786615461.2287006,nan,-0.00014836720104183631,-0.0013487319266381099,-0.00087570614321554941,-0.019725409258120941,0.03527570536375535,9.6444949734942611
1786615461.2490554,1786615461.248661,vesc,-0.0008824734071944954,-0.0008824734071944954,nan,nan,0.01,1,0,1,0,0,1786615461.248661,nan,-0.0012135582961138242,0.00078182295285780096,-0.0008824734071944954,-0.099970718232467171,0.01638850364154365,9.5429054444028907
1786615461.2695756,1786615461.2690814,vesc,-0.003008943949450255,-0.003008943949450255,nan,nan,0.01,1,0,1,0,0,1786615461.2690814,nan,-0.00012337978002497762,-0.0024082664051369314,-0.003008943949450255,-0.10431097868910211,0.040441793703880791,9.5045956552523876
1786615461.2892301,1786615461.288821,vesc,0.00019807085057294823,0.00019807085057294823,nan,nan,0.01,1,0,1,0,0,1786615461.288821,nan,-0.00016086117162459086,0.0018441870400148319,0.00019807085057294823,-0.029080114164957926,0.025747447779910004,9.6251979915725769
1786615461.3090589,1786615461.3086631,vesc,-0.00087570614321554941,-0.00087570614321554941,nan,nan,0.01,1,0,1,0,0,1786615461.3086631,nan,-0.00014836720104183631,-0.0013487319266381099,-0.00087570614321554941,-0.062720435467236157,0.0017726565910649583,9.6343196483805968
1786615461.3290842,1786615461.3286705,vesc,0.0012546685047729958,0.0012546685047729958,nan,nan,0.01,1,0,1,0,0,1786615461.3286705,nan,-0.00017335514220734541,-0.0013544577229817802,0.0012546685047729958,-0.053028665972440159,0.088018469887384043,9.6250845555840669
1786615461.3491225,1786615461.3487058,vesc,0.0012518052164896727,0.0012518052164896727,nan,nan,0.01,1,0,1,0,0,1786615461.3487058,nan,-0.00017335514220734541,-0.002419717997824272,0.0012518052164896727,-0.085826302964133738,-0.0076135501914471604,9.5621685124723399
1786615461.3691428,1786615461.36868,vesc,0.00015772639825504655,0.00015772639825504655,nan,nan,0.01,1,0,1,0,0,1786615461.36868,nan,-0.0033564354971378557,0.0007790266337132178,0.00015772639825504655,-0.044011034789837034,0.044779258460412308,9.6729779315988935
1786615461.3889441,1786615461.3885412,vesc,0.0012421747942645664,0.0012421747942645664,nan,nan,0.01,1,0,1,0,0,1786615461.3885412,nan,-0.0012385462372793334,-0.0013544244334681541,0.0012421747942645664,-0.10532221813435338,0.040210061228641791,9.5908105148495224
1786615461.4091442,1786615461.4087105,vesc,0.00020483814706118484,0.00020483814706118484,nan,nan,0.01,1,0,1,0,0,1786615461.4087105,nan,0.00090432992344739716,-0.00028636783948107899,0.00020483814706118484,-0.090503655417552231,0.045102609499824808,9.5526738032897356
1786615461.4291694,1786615461.4286206,vesc,0.0012479011107568872,0.0012479011107568872,nan,nan,0.01,1,0,1,0,0,1786615461.4286206,nan,-0.0012385462372793334,0.00077609715651413066,0.0012479011107568872,-0.04896928201345041,0.02558069249138839,9.6872392911852785
1786615461.4453781,1786615461.4441242,vesc,0.00018271388429048652,0.00018271388429048652,nan,nan,0.01,1,0,1,0,0,1786615461.4441242,nan,-0.0012260522666965789,0.00077896005468596581,0.00018271388429048652,-0.08075568869616756,0.05472098729876862,9.538442849226044
1786615461.4694932,1786615461.4689374,vesc,0.002313088564788322,0.002313088564788322,nan,nan,0.01,1,0,1,0,0,1786615461.4689374,nan,-0.0012510396877134374,0.00077323425834229539,0.002313088564788322,-0.094956292054814817,0.069130098721991828,9.5239440926740144
1786615461.489558,1786615461.4885094,vesc,0.003387906050933376,0.003387906050933376,nan,nan,0.01,1,0,1,0,0,1786615461.4885094,nan,-0.00019834256322420413,-0.00029492324448295856,0.003387906050933376,-0.090896898959550221,0.021062366037970293,9.586137419900183
1786615461.5091131,1786615461.5086379,vesc,0.0012882456606026608,0.0012882456606026608,nan,nan,0.01,1,0,1,0,0,1786615461.5086379,nan,0.0019570270479366309,0.0018412565225184438,0.0012882456606026608,-0.062383361743002297,0.025799999632834414,9.6056460710375404
1786615461.5320909,1786615461.5309594,vesc,-0.001940893467209822,-0.001940893467209822,nan,nan,0.01,1,0,1,0,0,1786615461.5309594,nan,-0.00013587375060773214,-0.0013458690284662747,-0.001940893467209822,-0.029641903705347694,0.04956882264151119,9.6731591952918734
1786615461.5490561,1786615461.5486474,vesc,0.0012268176654356515,0.0012268176654356515,nan,nan,0.01,1,0,1,0,0,1786615461.5486474,nan,-0.0023037368122026708,-0.0024196514187970202,0.0012268176654356515,-0.10431097868910211,0.050021835693563332,9.5046213830023589
1786615461.5689478,1786615461.5685239,vesc,-0.00087284285493222644,-0.00087284285493222644,nan,nan,0.01,1,0,1,0,0,1786615461.5685239,nan,-0.00014836720104183631,-0.00028347165179561784,-0.00087284285493222644,-0.039108966520262634,0.011274711338646881,9.6633651086550572
1786615461.5892432,1786615461.5888968,vesc,-0.00089496711770292476,-0.00089496711770292476,nan,nan,0.01,1,0,1,0,0,1786615461.5888968,nan,-0.0022787499113344628,0.00078185624237142701,-0.00089496711770292476,-0.095798967229124621,0.040196868447761602,9.5957116512190623
1786615461.6089437,1786615461.6085033,vesc,-0.00087284285493222644,-0.00087284285493222644,nan,nan,0.01,1,0,1,0,0,1786615461.6085033,nan,-0.00014836720104183631,-0.00028347165179561784,-0.00087284285493222644,-0.062776614421275134,0.040079960674809456,9.6392125986478732
1786615461.629065,1786615461.6284535,vesc,0.0012853823723193377,0.0012853823723193377,nan,nan,0.01,1,0,1,0,0,1786615461.6284535,nan,0.0019570270479366309,0.00077599624767595173,0.0012853823723193377,-0.090278939601396324,0.035574059555184334,9.5334890879133809
1786615461.6491325,1786615461.648567,vesc,-0.00088533669547781837,-0.00088533669547781837,nan,nan,0.01,1,0,1,0,0,1786615461.648567,nan,-0.0012135582961138242,-0.00028343732198469102,-0.00088533669547781837,-0.01093250302794857,0.044675214562445831,9.7116888397603134
1786615461.6686389,1786615461.6682937,vesc,0.00017022014127276652,0.00017022014127276652,nan,nan,0.01,1,0,1,0,0,1786615461.6682937,nan,-0.0022912438819172173,0.00077899334419959175,0.00017022014127276652,-0.0059180722821587928,0.039936521159699367,9.6925731215316091
1786615461.6889765,1786615461.6885397,vesc,-0.00086711640840274296,-0.00086711640840274296,nan,nan,0.01,1,0,1,0,0,1786615461.6885397,nan,-0.00014836720104183631,0.0018470499381866669,-0.00086711640840274296,-0.086219546506131728,0.021036455562501999,9.5957724622644491
1786615461.708951,1786615461.708462,vesc,0.0012546685047729958,0.0012546685047729958,nan,nan,0.01,1,0,1,0,0,1786615461.708462,nan,-0.00017335514220734541,-0.0013544577229817802,0.0012546685047729958,-0.06706071419642079,0.040195954820276825,9.5960496202982313
1786615461.7294996,1786615461.7290931,vesc,-0.00086607559095328035,-0.00086607559095328035,nan,nan,0.01,1,0,1,0,0,1786615461.7290931,nan,0.00091682389403015165,-0.0024140254909942277,-0.00086607559095328035,-0.02445894066557841,-0.0030314525395915837,9.63954588995432
1786615461.7490714,1786615461.7486436,vesc,0.00016058962151978823,0.00016058962151978823,nan,nan,0.01,1,0,1,0,0,1786615461.7486436,nan,-0.0033564354971378557,0.0018442879488530107,0.00016058962151978823,-0.081148950510715245,0.088160995775009354,9.5720608323363194
1786615461.768791,1786615461.7683852,vesc,0.00019234440404346486,0.00019234440404346486,nan,nan,0.01,1,0,1,0,0,1786615461.7683852,nan,-0.00016086117162459086,-0.00028633454996745305,0.00019234440404346486,-0.090728371233708138,-0.0028490924936299677,9.5717041521662622
1786615461.7890515,1786615461.7886009,vesc,0.00019520762730820652,0.00019520762730820652,nan,nan,0.01,1,0,1,0,0,1786615461.7886009,nan,-0.00016086117162459086,0.00077892676517233987,0.00019520762730820652,-0.03899660861218468,0.030460523067983303,9.6538364856202179
1786615461.8087645,1786615461.8083897,vesc,0.00018271388429048652,0.00018271388429048652,nan,nan,0.01,1,0,1,0,0,1786615461.8083897,nan,-0.0012260522666965789,0.00077896005468596581,0.00018271388429048652,-0.063169867099547972,0.020829756480345907,9.6726890791333062
1786615461.8287265,1786615461.8283577,vesc,0.0012757519500942313,0.0012757519500942313,nan,nan,0.01,1,0,1,0,0,1786615461.8283577,nan,0.00089183595286464255,0.0018412908523293707,0.0012757519500942313,-0.085264513423743971,0.054785489399193921,9.5144388585027855
1786615461.8488209,1786615461.8483717,vesc,0.00020483814706118484,0.00020483814706118484,nan,nan,0.01,1,0,1,0,0,1786615461.8483717,nan,0.00090432992344739716,-0.00028636783948107899,0.00020483814706118484,-0.044179571651953964,-0.0031595796580567992,9.6872182412080292
1786615461.8686879,1786615461.8682675,vesc,-0.0019351668906431761,-0.0019351668906431761,nan,nan,0.01,1,0,1,0,0,1786615461.8682675,nan,-0.00013587375060773214,0.00078465256151601006,-0.0019351668906431761,-0.028743031304449218,0.030614706842314376,9.5964729587295778
1786615461.8888984,1786615461.8883822,vesc,-0.00086425325015658267,-0.00086425325015658267,nan,nan,0.01,1,0,1,0,0,1786615461.8883822,nan,-0.00014836720104183631,0.002912310213029159,-0.00086425325015658267,-0.047958051704473981,0.049762511668284048,9.6010899204062525
1786615461.9088967,1786615461.9082911,vesc,0.00017022014127276652,0.00017022014127276652,nan,nan,0.01,1,0,1,0,0,1786615461.9082911,nan,-0.0022912438819172173,0.00077899334419959175,0.00017022014127276652,-0.077145745505764474,0.035290396493710574,9.6390313349548933
1786615461.9287741,1786615461.9283621,vesc,0.00018948118077872315,0.00018948118077872315,nan,nan,0.01,1,0,1,0,0,1786615461.9283621,nan,-0.00016086117162459086,-0.001351594824809945,0.00018948118077872315,-0.1089883311425206,0.02130758365488461,9.4949091573881788
1786615461.9487014,1786615461.9483068,vesc,0.00018844033081996989,0.00018844033081996989,nan,nan,0.01,1,0,1,0,0,1786615461.9483068,nan,-0.0012260522666965789,0.0029094806043709499,0.00018844033081996989,-0.029698082659386671,0.020815832797477896,9.6778720513093504
1786615461.9685323,1786615461.9681971,vesc,-0.00089496711770292476,-0.00089496711770292476,nan,nan,0.01,1,0,1,0,0,1786615461.9681971,nan,-0.0022787499113344628,0.00078185624237142701,-0.00089496711770292476,-0.10915687714091238,0.030848997474510753,9.5093038334971425
1786615461.9885101,1786615461.9881849,vesc,-0.00091605056302416035,-0.00091605056302416035,nan,nan,0.01,1,0,1,0,0,1786615461.9881849,nan,-0.0033439404862578002,-0.0024138923329397239,-0.00091605056302416035,-0.05759365138150585,0.025799853452436849,9.6057022043102052
1786615462.0085747,1786615462.0082481,vesc,0.00021342781685540992,0.00021342781685540992,nan,nan,0.01,1,0,1,0,0,1786615462.0082481,nan,0.00090432992344739716,0.002909414025343698,0.00021342781685540992,-0.061821572202612529,0.054668873987036903,9.5578263699430863
1786615462.028688,1786615462.0282876,vesc,-0.00086034914442379708,-0.00086034914442379708,nan,nan,0.01,1,0,1,0,0,1786615462.0282876,nan,0.00091682389403015165,-0.00028350494130924384,-0.00086034914442379708,-0.03798537830320825,0.035482294810613269,9.5676356593412493
1786615462.0487206,1786615462.0483582,vesc,0.0012603948212653164,0.0012603948212653164,nan,nan,0.01,1,0,1,0,0,1786615462.0483582,nan,-0.00017335514220734541,0.00077606386700050461,0.0012603948212653164,-0.1049289563198057,-0.012390067772063418,9.5571410762393043
1786615462.0686388,1786615462.0682075,vesc,0.0012450379525107266,0.0012450379525107266,nan,nan,0.01,1,0,1,0,0,1786615462.0682075,nan,-0.0012385462372793334,-0.00028916311832836143,0.0012450379525107266,-0.12341365031732376,0.021295158321091634,9.499529627394395
1786615462.0884473,1786615462.0880783,vesc,-0.0030128481852202027,-0.0030128481852202027,nan,nan,0.01,1,0,1,0,0,1786615462.0880783,nan,-0.0011885708750969657,0.00078754874920147137,-0.0030128481852202027,-0.063169867099547972,0.025619759202637482,9.6727019430082919
1786615462.110503,1786615462.1097038,vesc,0.0012575316630191562,0.0012575316630191562,nan,nan,0.01,1,0,1,0,0,1786615462.1097038,nan,-0.00017335514220734541,-0.0002891974481392882,0.0012575316630191562,-0.081542203188988083,0.04017066561149818,9.6054601295718385
1786615462.1285381,1786615462.1281712,vesc,-0.00088533669547781837,-0.00088533669547781837,nan,nan,0.01,1,0,1,0,0,1786615462.1281712,nan,-0.0012135582961138242,-0.00028343732198469102,-0.00088533669547781837,-0.090278939601396324,0.059524182801940384,9.5335534072883092
1786615462.1485562,1786615462.1481423,vesc,0.00020483814706118484,0.00020483814706118484,nan,nan,0.01,1,0,1,0,0,1786615462.1481423,nan,0.00090432992344739716,-0.00028636783948107899,0.00020483814706118484,-0.05725657765727199,-0.0076530919889883364,9.5768742604673207
1786615462.1683838,1786615462.1680338,vesc,0.0012354074002484579,0.0012354074002484579,nan,nan,0.01,1,0,1,0,0,1786615462.1680338,nan,-0.0023037378524999718,0.0007761304460277566,0.0012354074002484579,-0.05269158311193145,0.078515684237814298,9.5963209311161108
1786615462.1888216,1786615462.1881027,vesc,-0.00091032411649467708,-0.00091032411649467708,nan,nan,0.01,1,0,1,0,0,1786615462.1881027,nan,-0.0033439404862578002,-0.00028337074295743903,-0.00091032411649467708,-0.071794245603878259,0.035418962153368483,9.5911905838831899
1786615462.2086496,1786615462.2080159,vesc,-0.00086997969668606593,-0.00086997969668606593,nan,nan,0.01,1,0,1,0,0,1786615462.2080159,nan,-0.00014836720104183631,0.00078178966334417502,-0.00086997969668606593,-0.090953087049864045,0.044999625409740673,9.5909917785425023
1786615462.228745,1786615462.2282813,vesc,-0.0011870021067673408,-0.0011870021067673408,nan,nan,0.01,1,0,1,0,0,1786615462.2282813,nan,-0.0074438436949211617,-0.012780029453937287,-0.0011870021067673408,-0.10287690330762089,-0.33342948346767898,9.9954320080919388
1786615462.2486763,1786615462.2482486,vesc,0.0012268176654356515,0.0012268176654356515,nan,nan,0.01,1,0,1,0,0,1786615462.2482486,nan,-0.0023037368122026708,-0.0024196514187970202,0.0012268176654356515,-0.1230765765930899,0.030952420105787581,9.4708174584263816
1786615462.2683535,1786615462.2679791,vesc,0.00020197492379644315,0.00020197492379644315,nan,nan,0.01,1,0,1,0,0,1786615462.2679791,nan,0.00090432992344739716,-0.0013516281143235711,0.00020197492379644315,-0.07585362042659316,0.059536571590633969,9.528932937282093
1786615462.2882712,1786615462.287878,vesc,0.0012325442420022975,0.0012325442420022975,nan,nan,0.01,1,0,1,0,0,1786615462.287878,nan,-0.0023037368122026708,-0.00028912982881473543,0.0012325442420022975,-0.062551898605119227,0.02097136874048644,9.6200021555215471
1786615462.3083971,1786615462.3080127,vesc,-0.00088819985372397866,-0.00088819985372397866,nan,nan,0.01,1,0,1,0,0,1786615462.3080127,nan,-0.0012135582961138242,-0.001348698637124484,-0.00088819985372397866,-0.076696313873452659,0.040183383306086284,9.6007262235771123
1786615462.3283715,1786615462.3279922,vesc,-0.00089783040598624762,-0.00089783040598624762,nan,nan,0.01,1,0,1,0,0,1786615462.3279922,nan,-0.0022787488710371622,-0.00028340403247106507,-0.00089783040598624762,-0.053253372652321218,0.044856807161320233,9.6441277683355793
1786615462.3484585,1786615462.3480067,vesc,-0.0019351668906431761,-0.0019351668906431761,nan,nan,0.01,1,0,1,0,0,1786615462.3480067,nan,-0.00013587375060773214,0.00078465256151601006,-0.0019351668906431761,-0.099184212875921496,0.026148786061423124,9.4758753001821105
1786615462.3682644,1786615462.3679268,vesc,-0.0019476606011516052,-0.0019476606011516052,nan,nan,0.01,1,0,1,0,0,1786615462.3679268,nan,-0.0012010648456797202,0.00078468585102963622,-0.0019476606011516052,-0.019893946120237871,0.020867032481724834,9.6588253302282965
1786615462.3881707,1786615462.38785,vesc,-0.0019255363383809071,-0.0019255363383809071,nan,nan,0.01,1,0,1,0,0,1786615462.38785,nan,0.00092931734446425576,-0.00028064204313740869,-0.0019255363383809071,-0.080474793925972676,0.026045217249748731,9.5144178085255362
1786615462.408309,1786615462.4079387,vesc,0.00019520762730820652,0.00019520762730820652,nan,nan,0.01,1,0,1,0,0,1786615462.4079387,nan,-0.00016086117162459086,0.00077892676517233987,0.00019520762730820652,-0.066723640472186929,0.040273211160389621,9.567310554137066
1786615462.4282081,1786615462.4279079,vesc,-0.00086034914442379708,-0.00086034914442379708,nan,nan,0.01,1,0,1,0,0,1786615462.4279079,nan,0.00091682389403015165,-0.00028350494130924384,-0.00086034914442379708,-0.048632199152941702,0.020867909564110221,9.6584885305923081
1786615462.4482224,1786615462.4479239,vesc,0.00021733189007890484,0.00021733189007890484,nan,nan,0.01,1,0,1,0,0,1786615462.4479239,nan,0.0019695210185193849,-0.00028640112899470504,0.00021733189007890484,-0.019275977625809126,0.059328812700595535,9.6062424870596033
1786615462.4690094,1786615462.4685435,vesc,0.00018271388429048652,0.00018271388429048652,nan,nan,0.01,1,0,1,0,0,1786615462.4685435,nan,-0.0012260522666965789,0.00077896005468596581,0.00018271388429048652,-0.058661060644521257,0.054295383071259806,9.696784286424645
1786615462.4885008,1786615462.4880486,vesc,-0.00088819985372397866,-0.00088819985372397866,nan,nan,0.01,1,0,1,0,0,1786615462.4880486,nan,-0.0012135582961138242,-0.001348698637124484,-0.00088819985372397866,-0.0902227515110825,0.030796884162779037,9.5286873542141848
1786615462.5084093,1786615462.5080101,vesc,0.0012546685047729958,0.0012546685047729958,nan,nan,0.01,1,0,1,0,0,1786615462.5080101,nan,-0.00017335514220734541,-0.0013544577229817802,0.0012546685047729958,-0.071850424557917236,0.030616059010991847,9.5959677592755952
1786615462.5284073,1786615462.5279751,vesc,-0.0008824734071944954,-0.0008824734071944954,nan,nan,0.01,1,0,1,0,0,1786615462.5279751,nan,-0.0012135582961138242,0.00078182295285780096,-0.0008824734071944954,-0.048463662290824772,0.035276618991240127,9.6441581738582727
1786615462.5511568,1786615462.5505962,vesc,0.0012421747942645664,0.0012421747942645664,nan,nan,0.01,1,0,1,0,0,1786615462.5505962,nan,-0.0012385462372793334,-0.0013544244334681541,0.0012421747942645664,-0.089436246154536825,0.078877334541388677,9.46176012099329
1786615462.5682898,1786615462.5678716,vesc,0.0023352125674846952,0.0023352125674846952,nan,nan,0.01,1,0,1,0,0,1786615462.5678716,nan,0.00087934250243053844,-0.0002920936358247494,0.0023352125674846952,-0.066948356288342836,-0.0076784908330651547,9.5863409030135927
1786615462.5881634,1786615462.5878677,vesc,0.00022305833660838821,0.00022305833660838821,nan,nan,0.01,1,0,1,0,0,1786615462.5878677,nan,0.0019695210185193849,0.0018441194206902792,0.00022305833660838821,-0.057368935565349943,0.059381510733917509,9.5866332638087215
1786615462.6083586,1786615462.6079309,vesc,0.0012393115059812433,0.0012393115059812433,nan,nan,0.01,1,0,1,0,0,1786615462.6079309,nan,-0.0012385462372793334,-0.0024196847083106463,0.0012393115059812433,-0.067678682690849534,0.049634384549818833,9.6487611022167812
1786615462.628521,1786615462.6281292,vesc,-0.0019380303089636616,-0.0019380303089636616,nan,nan,0.01,1,0,1,0,0,1786615462.6281292,nan,-0.00013587375060773214,-0.00028060875362378264,-0.0019380303089636616,-0.075965978334671114,0.040350759861297547,9.5384603908737517
1786615462.648155,1786615462.6477582,vesc,0.00022592155987312992,0.00022592155987312992,nan,nan,0.01,1,0,1,0,0,1786615462.6477582,nan,0.0019695210185193849,0.0029093807358300718,0.00022592155987312992,-0.039333682336418541,0.044753347984944014,9.6826141434063402
1786615462.6681652,1786615462.6677692,vesc,0.0012728886618109084,0.0012728886618109084,nan,nan,0.01,1,0,1,0,0,1786615462.6677692,nan,0.00089183595286464255,0.00077602953718957789,0.0012728886618109084,-0.029922798475542578,0.015974301485044862,9.697018175060748
1786615462.6882904,1786615462.6879408,vesc,0.0012671622152814249,0.0012671622152814249,nan,nan,0.01,1,0,1,0,0,1786615462.6879408,nan,0.00089183595286464255,-0.0013544910124954062,0.0012671622152814249,-0.08565775696574196,0.049905329916704488,9.5479539306131755
1786615462.7084906,1786615462.7079992,vesc,0.00018271388429048652,0.00018271388429048652,nan,nan,0.01,1,0,1,0,0,1786615462.7079992,nan,-0.0012260522666965789,0.00077896005468596581,0.00018271388429048652,-0.058155450058170466,0.059201270303720577,9.653689135779473
1786615462.7282581,1786615462.7278328,vesc,-0.0008824734071944954,-0.0008824734071944954,nan,nan,0.01,1,0,1,0,0,1786615462.7278328,nan,-0.0012135582961138242,0.00078182295285780096,-0.0008824734071944954,-0.10476041032141392,0.0068086078322586729,9.5428235833802546
1786615462.748158,1786615462.7477598,vesc,0.00021056459359066821,0.00021056459359066821,nan,nan,0.01,1,0,1,0,0,1786615462.7477598,nan,0.00090432992344739716,0.001844153750501206,0.00021056459359066821,-0.010763957029556792,0.054293884722184771,9.6973456191512923
1786615462.7681973,1786615462.767786,vesc,0.00017022014127276652,0.00017022014127276652,nan,nan,0.01,1,0,1,0,0,1786615462.767786,nan,-0.0022912438819172173,0.00077899334419959175,0.00017022014127276652,-0.094900103964500993,0.030822831183346722,9.5190511424067381
1786615462.7883911,1786615462.7877302,vesc,-0.0019630177299805205,-0.0019630177299805205,nan,nan,0.01,1,0,1,0,0,1786615462.7877302,nan,-0.0022662549004544073,-0.00028054113429922987,-0.0019630177299805205,-0.039221324428340587,-0.0031211342134973563,9.6729054261217016
1786615462.8081923,1786615462.8077338,vesc,0.0012518052164896727,0.0012518052164896727,nan,nan,0.01,1,0,1,0,0,1786615462.8077338,nan,-0.00017335514220734541,-0.002419717997824272,0.0012518052164896727,-0.067173072104498743,0.040170227070305486,9.6056285293898327
1786615462.8284788,1786615462.8278341,vesc,0.0012728886618109084,0.0012728886618109084,nan,nan,0.01,1,0,1,0,0,1786615462.8278341,nan,0.00089183595286464255,0.00077602953718957789,0.0012728886618109084,-0.061933930110690483,0.054643109691966174,9.5674064484778683
1786615462.8479168,1786615462.8476107,vesc,-0.00088533669547781837,-0.00088533669547781837,nan,nan,0.01,1,0,1,0,0,1786615462.8476107,nan,-0.0012135582961138242,-0.00028343732198469102,-0.00088533669547781837,-0.057930725105739711,0.011352515855250545,9.6344015094032329
1786615462.8631542,1786615462.8628621,vesc,0.0012603948212653164,0.0012603948212653164,nan,nan,0.01,1,0,1,0,0,1786615462.8628621,nan,-0.00017335514220734541,0.00077606386700050461,0.0012603948212653164,-0.095293365779048678,0.0067825877214922059,9.5525147590171855
1786615462.8883712,1786615462.887826,vesc,-0.00086034914442379708,-0.00086034914442379708,nan,nan,0.01,1,0,1,0,0,1786615462.887826,nan,0.00091682389403015165,-0.00028350494130924384,-0.00086034914442379708,-0.072580750960423934,0.030448719000879976,9.6582335919789557
1786615462.9083109,1786615462.9077566,vesc,0.0012671622152814249,0.0012671622152814249,nan,nan,0.01,1,0,1,0,0,1786615462.9077566,nan,0.00089183595286464255,-0.0013544910124954062,0.0012671622152814249,-0.06249571965108025,0.030564274605154651,9.615239013447308
1786615462.9282115,1786615462.9277878,vesc,0.00017412421449626149,0.00017412421449626149,nan,nan,0.01,1,0,1,0,0,1786615462.9277878,nan,-0.0012260522666965789,-0.0024168218101388111,0.00017412421449626149,-0.08565775696574196,0.040325287927021947,9.5479270334200237
1786615462.9481263,1786615462.9477479,vesc,0.00016449369474328318,0.00016449369474328318,nan,nan,0.01,1,0,1,0,0,1786615462.9477479,nan,-0.0022912428416199163,-0.0013515272054853921,0.00016449369474328318,-0.015328951574897332,-0.0031347289904708475,9.6779761317524162
1786615462.9682043,1786615462.9675639,vesc,-0.0019572911534138744,-0.0019572911534138744,nan,nan,0.01,1,0,1,0,0,1786615462.9675639,nan,-0.0022662559407517079,0.0018499794153857543,-0.0019572911534138744,-0.081317487372832176,0.078542325615270414,9.5864040529453405
1786615462.9878953,1786615462.9875724,vesc,-0.00085462269789431371,-0.00085462269789431371,nan,nan,0.01,1,0,1,0,0,1786615462.9875724,nan,0.00091682389403015165,0.001847016648673041,-0.00085462269789431371,-0.038547167843598018,0.01619342590099393,9.6154810881856747
1786615463.008363,1786615463.0078974,vesc,-0.00088819985372397866,-0.00088819985372397866,nan,nan,0.01,1,0,1,0,0,1786615463.0078974,nan,-0.0012135582961138242,-0.001348698637124484,-0.00088819985372397866,-0.081710740051105013,0.040132037441441781,9.6198290779308309
1786615463.0281844,1786615463.0277715,vesc,-0.0019380303089636616,-0.0019380303089636616,nan,nan,0.01,1,0,1,0,0,1786615463.0277715,nan,-0.00013587375060773214,-0.00028060875362378264,-0.0019380303089636616,-0.053365730560399172,0.020880919619493454,9.6536423580522523
1786615463.0483286,1786615463.047924,vesc,0.00019520762730820652,0.00019520762730820652,nan,nan,0.01,1,0,1,0,0,1786615463.047924,nan,-0.00016086117162459086,0.00077892676517233987,0.00019520762730820652,-0.10921304695867651,0.026046094332134118,9.5140798394463673
1786615463.0681899,1786615463.0677431,vesc,-0.00087570614321554941,-0.00087570614321554941,nan,nan,0.01,1,0,1,0,0,1786615463.0677431,nan,-0.00014836720104183631,-0.0013487319266381099,-0.00087570614321554941,-0.10881980341667852,0.074036424495645292,9.4806817116540287
1786615463.0893743,1786615463.0877738,vesc,-0.00086997969668606593,-0.00086997969668606593,nan,nan,0.01,1,0,1,0,0,1786615463.0877738,nan,-0.00014836720104183631,0.00078178966334417502,-0.00086997969668606593,-0.053365730560399172,0.011300877629810913,9.653616630302281
1786615463.1081231,1786615463.10765,vesc,0.00019234440404346486,0.00019234440404346486,nan,nan,0.01,1,0,1,0,0,1786615463.10765,nan,-0.00016086117162459086,-0.00028633454996745305,0.00019234440404346486,-0.072075140374073143,0.03056456696594978,9.615125577458798
1786615463.1285048,1786615463.1276572,vesc,-0.00088533669547781837,-0.00088533669547781837,nan,nan,0.01,1,0,1,0,0,1786615463.1276572,nan,-0.0012135582961138242,-0.00028343732198469102,-0.00088533669547781837,-0.062439540697041274,0.059317300994287336,9.6105261574298311
1786615463.1481314,1786615463.14765,vesc,0.00017985066102574486,0.00017985066102574486,nan,nan,0.01,1,0,1,0,0,1786615463.14765,nan,-0.0012260522666965789,-0.00028630022015652622,0.00017985066102574486,-0.099633626235683614,0.0068857179919739053,9.5141406504917541
1786615463.1680377,1786615463.1676438,vesc,0.00020770137032592652,0.00020770137032592652,nan,nan,0.01,1,0,1,0,0,1786615463.1676438,nan,0.00090432992344739716,0.00077889243536141293,0.00020770137032592652,-0.025245446022124085,0.044688516978624193,9.7067304006749282
1786615463.1878445,1786615463.1874464,vesc,-0.001940893467209822,-0.001940893467209822,nan,nan,0.01,1,0,1,0,0,1786615463.1874464,nan,-0.00013587375060773214,-0.0013458690284662747,-0.001940893467209822,-0.090391297509474278,0.016388211280748521,9.5430177109482202
1786615463.2079773,1786615463.2075486,vesc,0.00021056459359066821,0.00021056459359066821,nan,nan,0.01,1,0,1,0,0,1786615463.2075486,nan,0.00090432992344739716,0.001844153750501206,0.00021056459359066821,-0.053197193698282241,0.030499589779232394,9.6392991374432313
1786615463.2281244,1786615463.2275705,vesc,-0.00085748598617763668,-0.00085748598617763668,nan,nan,0.01,1,0,1,0,0,1786615463.2275705,nan,0.00091682389403015165,0.00078175533353324808,-0.00085748598617763668,-0.072805466776579841,0.030397226955837908,9.6773925796053391
1786615463.2479844,1786615463.2475185,vesc,0.00017985066102574486,0.00017985066102574486,nan,nan,0.01,1,0,1,0,0,1786615463.2475185,nan,-0.0012260522666965789,-0.00028630022015652622,0.00017985066102574486,-0.061933930110690483,0.064223151681648716,9.5674321762278396
1786615463.2678835,1786615463.2674575,vesc,0.00018948118077872315,0.00018948118077872315,nan,nan,0.01,1,0,1,0,0,1786615463.2674575,nan,-0.00016086117162459086,-0.001351594824809945,0.00018948118077872315,-0.043617782111564196,0.064029462654875857,9.6395014511134605
1786615463.2877932,1786615463.2873647,vesc,0.00016449369474328318,0.00016449369474328318,nan,nan,0.01,1,0,1,0,0,1786615463.2873647,nan,-0.0022912428416199163,-0.0013515272054853921,0.00016449369474328318,-0.085713945056055785,0.0067822953606970771,9.552627025562515
1786615463.3078518,1786615463.3074214,vesc,-0.00086711640840274296,-0.00086711640840274296,nan,nan,0.01,1,0,1,0,0,1786615463.3074214,nan,-0.00014836720104183631,0.0018470499381866669,-0.00086711640840274296,-0.062551898605119227,0.040131452719851524,9.6200536110214898
1786615463.3279405,1786615463.3275001,vesc,0.00017985066102574486,0.00017985066102574486,nan,nan,0.01,1,0,1,0,0,1786615463.3275001,nan,-0.0012260522666965789,-0.00028630022015652622,0.00017985066102574486,-0.063113688145508995,0.035212665067305693,9.6679376314908723
1786615463.347858,1786615463.3474402,vesc,-0.0019380303089636616,-0.0019380303089636616,nan,nan,0.01,1,0,1,0,0,1786615463.3474402,nan,-0.00013587375060773214,-0.00028060875362378264,-0.0019380303089636616,-0.11400275732017295,0.06436644501636124,9.5141266171735879
1786615463.3680904,1786615463.36766,vesc,0.0012671622152814249,0.0012671622152814249,nan,nan,0.01,1,0,1,0,0,1786615463.36766,nan,0.00089183595286464255,-0.0013544910124954062,0.0012671622152814249,-0.029585724751308717,-0.0078985654215983914,9.6682147895246544
1786615463.3882341,1786615463.3877687,vesc,0.0012632581095486394,0.0012632581095486394,nan,nan,0.01,1,0,1,0,0,1786615463.3877687,nan,-0.00017335514220734541,0.0018413241418429966,0.0012632581095486394,-0.052298330433658613,0.078605804452912764,9.5627929951307351
1786615463.4078624,1786615463.4074128,vesc,-0.00087284285493222644,-0.00087284285493222644,nan,nan,0.01,1,0,1,0,0,1786615463.4074128,nan,-0.00014836720104183631,-0.00028347165179561784,-0.00087284285493222644,-0.048014230658512957,0.0066394771122766372,9.605763015355592
1786615463.4285436,1786615463.4280651,vesc,0.00020770137032592652,0.00020770137032592652,nan,nan,0.01,1,0,1,0,0,1786615463.4280651,nan,0.00090432992344739716,0.00077889243536141293,0.00020770137032592652,-0.071513350833683376,0.0067431921043485943,9.5671643737395016
1786615463.4476206,1786615463.447258,vesc,-0.0019630177299805205,-0.0019630177299805205,nan,nan,0.01,1,0,1,0,0,1786615463.447258,nan,-0.0022662549004544073,-0.00028054113429922987,-0.0019630177299805205,-0.029641903705347694,0.04956882264151119,9.6731591952918734
1786615463.4677107,1786615463.467298,vesc,0.0012354074002484579,0.0012354074002484579,nan,nan,0.01,1,0,1,0,0,1786615463.467298,nan,-0.0023037378524999718,0.0007761304460277566,0.0012354074002484579,-0.020006304028315824,0.035211312898628222,9.6684440003880354
1786615463.4882135,1786615463.4873199,vesc,0.0012767927675436941,0.0012767927675436941,nan,nan,0.01,1,0,1,0,0,1786615463.4873199,nan,0.0019570270479366309,-0.0024197856171488254,0.0012767927675436941,-0.085433041149586053,0.035586777249772439,9.5287563513618352
1786615463.5077808,1786615463.5073855,vesc,-0.00088533669547781837,-0.00088533669547781837,nan,nan,0.01,1,0,1,0,0,1786615463.5073855,nan,-0.0012135582961138242,-0.00028343732198469102,-0.00088533669547781837,-0.057762188243622781,0.011391144025306943,9.6200325610442405
1786615463.5278223,1786615463.5274003,vesc,-0.00088533669547781837,-0.00088533669547781837,nan,nan,0.01,1,0,1,0,0,1786615463.5274003,nan,-0.0012135582961138242,-0.00028343732198469102,-0.00088533669547781837,-0.072018961420034167,0.03057746738603484,9.6103367076345876
1786615463.547807,1786615463.5473683,vesc,-0.00087674696066501203,-0.00087674696066501203,nan,nan,0.01,1,0,1,0,0,1786615463.5473683,nan,-0.0012135582961138242,0.0029123435025427851,-0.00087674696066501203,-0.03426307720472721,0.054397636259356119,9.6587469775352019
1786615463.568362,1786615463.5673275,vesc,0.00020770137032592652,0.00020770137032592652,nan,nan,0.01,1,0,1,0,0,1786615463.5673275,nan,0.00090432992344739716,0.00077889243536141293,0.00020770137032592652,-0.095012461872578946,0.026007027620885026,9.5286183570665344
1786615463.5876582,1786615463.5872781,vesc,-0.00086711640840274296,-0.00086711640840274296,nan,nan,0.01,1,0,1,0,0,1786615463.5872781,nan,-0.00014836720104183631,0.0018470499381866669,-0.00086711640840274296,-0.020062482982354801,0.025618407033960011,9.6732071424622745
1786615463.6076596,1786615463.6072922,vesc,-0.0019255363383809071,-0.0019255363383809071,nan,nan,0.01,1,0,1,0,0,1786615463.6072922,nan,0.00092931734446425576,-0.00028064204313740869,-0.0019255363383809071,-0.066948356288342836,0.035431679847956588,9.5864566778884637
1786615463.6275241,1786615463.6272056,vesc,-0.0009035568525157311,-0.0009035568525157311,nan,nan,0.01,1,0,1,0,0,1786615463.6272056,nan,-0.0022787488710371622,-0.0024139256224533496,-0.0009035568525157311,-0.090896898959550221,0.040222450017335376,9.5861888754001257
1786615463.6474838,1786615463.6470654,vesc,0.00019234440404346486,0.00019234440404346486,nan,nan,0.01,1,0,1,0,0,1786615463.6470654,nan,-0.00016086117162459086,-0.00028633454996745305,0.00019234440404346486,-0.038884241567831879,-0.0030438778733845595,9.6441675294037168
1786615463.6676955,1786615463.6674159,vesc,-0.00086607559095328035,-0.00086607559095328035,nan,nan,0.01,1,0,1,0,0,1786615463.6674159,nan,0.00091682389403015165,-0.0024140254909942277,-0.00086607559095328035,-0.081879276913221943,-0.022176881934100834,9.6340307959150095
1786615463.6873019,1786615463.6870849,vesc,-0.0008824734071944954,-0.0008824734071944954,nan,nan,0.01,1,0,1,0,0,1786615463.6870849,nan,-0.0012135582961138242,0.00078182295285780096,-0.0008824734071944954,-0.06722925105853772,0.078477531154049984,9.610521479657109
1786615463.7074714,1786615463.7071466,vesc,0.0012853823723193377,0.0012853823723193377,nan,nan,0.01,1,0,1,0,0,1786615463.7071466,nan,0.0019570270479366309,0.00077599624767595173,0.0012853823723193377,-0.07686485073556959,0.040144755136029886,9.6150951719361046
1786615463.7279251,1786615463.7275746,vesc,0.0012853823723193377,0.0012853823723193377,nan,nan,0.01,1,0,1,0,0,1786615463.7275746,nan,0.0019570270479366309,0.00077599624767595173,0.0012853823723193377,-0.081373666326871152,0.040209293781554578,9.5910911812128461
1786615463.7481105,1786615463.7471247,vesc,-0.00087961024894833511,-0.00087961024894833511,nan,nan,0.01,1,0,1,0,0,1786615463.7471247,nan,-0.0012135582961138242,0.0018470832277002929,-0.00087961024894833511,-0.034600150928961071,0.0064201334257312226,9.68735623550333
1786615463.7673414,1786615463.7670796,vesc,0.00019234440404346486,0.00019234440404346486,nan,nan,0.01,1,0,1,0,0,1786615463.7670796,nan,-0.00016086117162459086,-0.00028633454996745305,0.00019234440404346486,-0.11372187168625292,0.069220840203779943,9.4901916235979797
1786615463.7876785,1786615463.7871344,vesc,0.0012575316630191562,0.0012575316630191562,nan,nan,0.01,1,0,1,0,0,1786615463.7871344,nan,-0.00017335514220734541,-0.0002891974481392882,0.0012575316630191562,-0.058043083013817665,0.016116827372670173,9.6439944518130005
1786615463.8077011,1786615463.8071358,vesc,-0.0008824734071944954,-0.0008824734071944954,nan,nan,0.01,1,0,1,0,0,1786615463.8071358,nan,-0.0012135582961138242,0.00078182295285780096,-0.0008824734071944954,-0.081092771556676269,0.045063688968973281,9.5671550181940574
1786615463.8278749,1786615463.8271987,vesc,0.00017698743776100315,0.00017698743776100315,nan,nan,0.01,1,0,1,0,0,1786615463.8271987,nan,-0.0012260522666965789,-0.001351561535296319,0.00017698743776100315,-0.048182767520629888,0.059291061612924523,9.6202734663394267
1786615463.847357,1786615463.847017,vesc,-0.00089106301197013917,-0.00089106301197013917,nan,nan,0.01,1,0,1,0,0,1786615463.847017,nan,-0.0012135582961138242,-0.0024139589119669758,-0.00089106301197013917,-0.094900103964500993,-0.0027073340530918699,9.5189610952818384
1786615463.8682766,1786615463.8673697,vesc,-0.00086997969668606593,-0.00086997969668606593,nan,nan,0.01,1,0,1,0,0,1786615463.8673697,nan,-0.00014836720104183631,0.00078178966334417502,-0.00086997969668606593,-0.089548604062614778,0.050111480822369714,9.4712618468349774
1786615463.88749,1786615463.8870811,vesc,0.00019234440404346486,0.00019234440404346486,nan,nan,0.01,1,0,1,0,0,1786615463.8870811,nan,-0.00016086117162459086,-0.00028633454996745305,0.00019234440404346486,-0.039558398152574448,0.030331774682828438,9.701733369964586
1786615463.9074171,1786615463.9070241,vesc,0.00021056459359066821,0.00021056459359066821,nan,nan,0.01,1,0,1,0,0,1786615463.9070241,nan,0.00090432992344739716,0.001844153750501206,0.00021056459359066821,-0.090784541051472267,0.040248177767306714,9.5766099663085242
1786615463.9273667,1786615463.9270182,vesc,0.00018948118077872315,0.00018948118077872315,nan,nan,0.01,1,0,1,0,0,1786615463.9270182,nan,-0.00016086117162459086,-0.001351594824809945,0.00018948118077872315,-0.076921029689608567,0.054501972518117725,9.6199238028284526
1786615463.9474001,1786615463.9470212,vesc,0.0012546685047729958,0.0012546685047729958,nan,nan,0.01,1,0,1,0,0,1786615463.9470212,nan,-0.00017335514220734541,-0.0013544577229817802,0.0012546685047729958,-0.067116893150459767,0.01144296497624353,9.6007613068725277
1786615463.9673283,1786615463.9669292,vesc,0.00017985066102574486,0.00017985066102574486,nan,nan,0.01,1,0,1,0,0,1786615463.9669292,nan,-0.0012260522666965789,-0.00028630022015652622,0.00017985066102574486,-0.058661060644521257,0.063875425060942348,9.6968100141746163
1786615463.9873581,1786615463.9869514,vesc,-0.0019437566254559822,-0.0019437566254559822,nan,nan,0.01,1,0,1,0,0,1786615463.9869514,nan,-0.00013587375060773214,-0.0024111293033087667,-0.0019437566254559822,-0.11433983104440681,0.025969020717518276,9.5427627723348678
1786615464.007499,1786615464.0069048,vesc,0.0012575316630191562,0.0012575316630191562,nan,nan,0.01,1,0,1,0,0,1786615464.0069048,nan,-0.00017335514220734541,-0.0002891974481392882,0.0012575316630191562,-0.043561603157525219,0.054462284540178985,9.6346868535392787
1786615464.0278761,1786615464.0271156,vesc,-0.00088533669547781837,-0.00088533669547781837,nan,nan,0.01,1,0,1,0,0,1786615464.0271156,nan,-0.0012135582961138242,-0.00028343732198469102,-0.00088533669547781837,-0.067734861644888511,0.020881394705785539,9.6534739582342581
1786615464.0473597,1786615464.0470293,vesc,-0.00090459766996519371,-0.00090459766996519371,nan,nan,0.01,1,0,1,0,0,1786615464.0470293,nan,-0.0033439415265551012,0.0018471508470248458,-0.00090459766996519371,-0.071120098155410538,0.05473355881295916,9.533766245947163
1786615464.0671225,1786615464.0668609,vesc,0.00017308336453750821,0.00017308336453750821,nan,nan,0.01,1,0,1,0,0,1786615464.0668609,nan,-0.0022912438819172173,0.0018442536190420836,0.00017308336453750821,-0.05252304624981452,0.088134354397553238,9.5819777105070898
1786615464.0873158,1786615464.086977,vesc,0.00019520762730820652,0.00019520762730820652,nan,nan,0.01,1,0,1,0,0,1786615464.086977,nan,-0.00016086117162459086,0.00077892676517233987,0.00019520762730820652,-0.07196278246599519,-0.012519875965100624,9.6054308934923256
1786615464.1075568,1786615464.1069016,vesc,0.00017022014127276652,0.00017022014127276652,nan,nan,0.01,1,0,1,0,0,1786615464.1069016,nan,-0.0022912438819172173,0.00077899334419959175,0.00017022014127276652,-0.057762188243622781,0.059291390518819043,9.6201611997940972
1786615464.1270981,1786615464.1268303,vesc,0.00017412421449626149,0.00017412421449626149,nan,nan,0.01,1,0,1,0,0,1786615464.1268303,nan,-0.0012260522666965789,-0.0024168218101388111,0.00017412421449626149,-0.053478088468477125,0.016065189147230541,9.6632095727120486
1786615464.1473267,1786615464.1469278,vesc,0.00017985066102574486,0.00017985066102574486,nan,nan,0.01,1,0,1,0,0,1786615464.1469278,nan,-0.0012260522666965789,-0.00028630022015652622,0.00017985066102574486,-0.10464805241333597,0.040364537363767994,9.5333335519703724
1786615464.1672404,1786615464.1668925,vesc,0.00018844033081996989,0.00018844033081996989,nan,nan,0.01,1,0,1,0,0,1786615464.1668925,nan,-0.0012260522666965789,0.0029094806043709499,0.00018844033081996989,-0.029866619521503601,0.020777204627421497,9.6922409996683427
1786615464.1875322,1786615464.1870546,vesc,0.0012546685047729958,0.0012546685047729958,nan,nan,0.01,1,0,1,0,0,1786615464.1870546,nan,-0.00017335514220734541,-0.0013544577229817802,0.0012546685047729958,-0.10442333659718006,0.03083598741912752,9.5141488365940177
1786615464.2072794,1786615464.2069182,vesc,0.00018948118077872315,0.00018948118077872315,nan,nan,0.01,1,0,1,0,0,1786615464.2069182,nan,-0.00016086117162459086,-0.001351594824809945,0.00018948118077872315,-0.053028656836165311,0.035328257216679759,9.6249430529592246
1786615464.2277269,1786615464.2270377,vesc,0.0012796559257898545,0.0012796559257898545,nan,nan,0.01,1,0,1,0,0,1786615464.2270377,nan,0.0019570270479366309,-0.0013545243020090321,0.0012796559257898545,-0.091177802866019952,0.030578052107625098,9.6101121745439286
1786615464.2476869,1786615464.2472708,vesc,0.00020770137032592652,0.00020770137032592652,nan,nan,0.01,1,0,1,0,0,1786615464.2472708,nan,0.00090432992344739716,0.00077889243536141293,0.00020770137032592652,-0.043449245249447266,0.054488048835249714,9.6251067750044967
1786615464.2672164,1786615464.2668865,vesc,-0.00086997969668606593,-0.00086997969668606593,nan,nan,0.01,1,0,1,0,0,1786615464.2668865,nan,-0.00014836720104183631,0.00078178966334417502,-0.00086997969668606593,-0.020287198798510708,0.054307040957965569,9.6924433133385719
1786615464.2871644,1786615464.2867928,vesc,-0.0019323037323970157,-0.0019323037323970157,nan,nan,0.01,1,0,1,0,0,1786615464.2867928,nan,-0.00013587375060773214,0.001849912836358502,-0.0019323037323970157,-0.094675388148345085,0.021294281238706247,9.4998664270303834
1786615464.3077171,1786615464.3071713,vesc,-0.00086997969668606593,-0.00086997969668606593,nan,nan,0.01,1,0,1,0,0,1786615464.3071713,nan,-0.00014836720104183631,0.00078178966334417502,-0.00086997969668606593,-0.058323977784012548,0.016052434907543045,9.6679423092635943
1786615464.3275349,1786615464.3268402,vesc,-0.0019476606011516052,-0.0019476606011516052,nan,nan,0.01,1,0,1,0,0,1786615464.3268402,nan,-0.0012010648456797202,0.00078468585102963622,-0.0019476606011516052,-0.058099261967856641,0.0065238849629025708,9.6487575938872396
1786615464.3475544,1786615464.3471513,vesc,0.00018271388429048652,0.00018271388429048652,nan,nan,0.01,1,0,1,0,0,1786615464.3471513,nan,-0.0012260522666965789,0.00077896005468596581,0.00018271388429048652,-0.071569529787722352,0.0594205774451666,9.5720959156317349
1786615464.3670747,1786615464.3667421,vesc,0.00019520762730820652,0.00019520762730820652,nan,nan,0.01,1,0,1,0,0,1786615464.3667421,nan,-0.00016086117162459086,0.00077892676517233987,0.00019520762730820652,-0.062551898605119227,-0.007768757228561185,9.6199249722716331
1786615464.3871288,1786615464.3867879,vesc,0.00019234440404346486,0.00019234440404346486,nan,nan,0.01,1,0,1,0,0,1786615464.3867879,nan,-0.00016086117162459086,-0.00028633454996745305,0.00019234440404346486,-0.043786318973681126,0.063990834484819459,9.6538703994724528
1786615464.407254,1786615464.4068146,vesc,0.0012546685047729958,0.0012546685047729958,nan,nan,0.01,1,0,1,0,0,1786615464.4068146,nan,-0.00017335514220734541,-0.0013544577229817802,0.0012546685047729958,-0.095349535596812807,0.016349765836189079,9.5573305260345478
1786615464.4275377,1786615464.4271641,vesc,-0.00087961024894833511,-0.00087961024894833511,nan,nan,0.01,1,0,1,0,0,1786615464.4271641,nan,-0.0012135582961138242,0.0018470832277002929,-0.00087961024894833511,-0.081261299282518351,0.021074937552160833,9.5814596471781215
1786615464.447233,1786615464.4468191,vesc,0.00015486317499030486,0.00015486317499030486,nan,nan,0.01,1,0,1,0,0,1786615464.4468191,nan,-0.0033564344568405551,-0.00028623364112927423,0.00015486317499030486,-0.034712508837039024,0.03513453164480751,9.697013497288026
1786615464.4671457,1786615464.4667506,vesc,0.00018948118077872315,0.00018948118077872315,nan,nan,0.01,1,0,1,0,0,1786615464.4667506,nan,-0.00016086117162459086,-0.001351594824809945,0.00018948118077872315,-0.029529545797269741,-0.027045748980878415,9.6633744642005013
1786615464.48703,1786615464.4866719,vesc,-0.00088533669547781837,-0.00088533669547781837,nan,nan,0.01,1,0,1,0,0,1786615464.4866719,nan,-0.0012135582961138242,-0.00028343732198469102,-0.00088533669547781837,-0.04762097798024012,0.073789891255152895,9.5724151736200156
1786615464.5070214,1786615464.5066214,vesc,0.00020770137032592652,0.00020770137032592652,nan,nan,0.01,1,0,1,0,0,1786615464.5066214,nan,0.00090432992344739716,0.00077889243536141293,0.00020770137032592652,-0.06706071419642079,0.025825873563203317,9.5960110286732743
1786615464.5270705,1786615464.5267153,vesc,0.00020197492379644315,0.00020197492379644315,nan,nan,0.01,1,0,1,0,0,1786615464.5267153,nan,0.00090432992344739716,-0.0013516281143235711,0.00020197492379644315,-0.095911325137202574,0.035381101430399298,9.6052788658788586
1786615464.5471792,1786615464.5468066,vesc,-0.001944797442905445,-0.001944797442905445,nan,nan,0.01,1,0,1,0,0,1786615464.5468066,nan,-0.0012010648456797202,0.0018499461258721284,-0.001944797442905445,-0.043954855835798057,0.040002083068007011,9.6681750284565169
1786615464.5669794,1786615464.5666652,vesc,-0.00086034914442379708,-0.00086034914442379708,nan,nan,0.01,1,0,1,0,0,1786615464.5666652,nan,0.00091682389403015165,-0.00028350494130924384,-0.00086034914442379708,-0.11394658750240882,0.059589269623955943,9.5093248834743918
1786615464.5870192,1786615464.5867085,vesc,0.00019234440404346486,0.00019234440404346486,nan,nan,0.01,1,0,1,0,0,1786615464.5867085,nan,-0.00016086117162459086,-0.00028633454996745305,0.00019234440404346486,-0.025020730205968178,0.015999883054618635,9.6874942297986308
1786615464.6068604,1786615464.6065683,vesc,-0.0008824734071944954,-0.0008824734071944954,nan,nan,0.01,1,0,1,0,0,1786615464.6065683,nan,-0.0012135582961138242,0.00078182295285780096,-0.0008824734071944954,-0.090391297509474278,0.04033829798240518,9.5430820303231485
1786615464.6270134,1786615464.6266997,vesc,0.0012575316630191562,0.0012575316630191562,nan,nan,0.01,1,0,1,0,0,1786615464.6266997,nan,-0.00017335514220734541,-0.0002891974481392882,0.0012575316630191562,-0.057874546151700734,0.030525500254700688,9.6296640950789651
1786615464.6470549,1786615464.6466794,vesc,-0.00085462269789431371,-0.00085462269789431371,nan,nan,0.01,1,0,1,0,0,1786615464.6466794,nan,0.00091682389403015165,0.001847016648673041,-0.00085462269789431371,-0.086275734596445552,0.016233588965224754,9.6005496376568544
1786615464.6670821,1786615464.6666741,vesc,-0.0008535818804448511,-0.0008535818804448511,nan,nan,0.01,1,0,1,0,0,1786615464.6666741,nan,0.0019820149891021394,-0.0024140598208051544,-0.0008535818804448511,-0.13811985512604696,0.01163833507758838,9.5280733965444142
1786615464.6871836,1786615464.6866591,vesc,0.00019234440404346486,0.00019234440404346486,nan,nan,0.01,1,0,1,0,0,1786615464.6866591,nan,-0.00016086117162459086,-0.00028633454996745305,0.00019234440404346486,-0.020455735660627639,0.05426841278790917,9.7068122616975643
1786615464.7070005,1786615464.7066324,vesc,-0.0019351668906431761,-0.0019351668906431761,nan,nan,0.01,1,0,1,0,0,1786615464.7066324,nan,-0.00013587375060773214,0.00078465256151601006,-0.0019351668906431761,-0.099914530142153346,0.011611401339337135,9.538102541260514
1786615464.7269568,1786615464.7265654,vesc,-0.001940893467209822,-0.001940893467209822,nan,nan,0.01,1,0,1,0,0,1786615464.7265654,nan,-0.00013587375060773214,-0.0013458690284662747,-0.001940893467209822,-0.06739778792065465,0.049698777014945961,9.6248132447661874
1786615464.7470808,1786615464.7465408,vesc,0.0012632581095486394,0.0012632581095486394,nan,nan,0.01,1,0,1,0,0,1786615464.7465408,nan,-0.00017335514220734541,0.0018413241418429966,0.0012632581095486394,-0.058155440921895618,0.02088110234499041,9.6535862247795876
1786615464.7668269,1786615464.7665541,vesc,0.00017985066102574486,0.00017985066102574486,nan,nan,0.01,1,0,1,0,0,1786615464.7665541,nan,-0.0012260522666965789,-0.00028630022015652622,0.00017985066102574486,-0.05759365138150585,0.073700063400849558,9.6058308430600619
1786615464.7869768,1786615464.7865846,vesc,0.00020483814706118484,0.00020483814706118484,nan,nan,0.01,1,0,1,0,0,1786615464.7865846,nan,0.00090432992344739716,-0.00028636783948107899,0.00020483814706118484,-0.076696313873452659,0.030603341316403743,9.6007004958271409
1786615464.8069632,1786615464.8064957,vesc,-0.0019476606011516052,-0.0019476606011516052,nan,nan,0.01,1,0,1,0,0,1786615464.8064957,nan,-0.0012010648456797202,0.00078468585102963622,-0.0019476606011516052,-0.058380165874326373,0.044779697001605001,9.6728095317808993
1786615464.8274591,1786615464.826756,vesc,-0.00086711640840274296,-0.00086711640840274296,nan,nan,0.01,1,0,1,0,0,1786615464.826756,nan,-0.00014836720104183631,0.0018470499381866669,-0.00086711640840274296,-0.057537472427466874,0.030602756594813485,9.6009250289177999
1786615464.8470449,1786615464.8465855,vesc,-0.0008824734071944954,-0.0008824734071944954,nan,nan,0.01,1,0,1,0,0,1786615464.8465855,nan,-0.0012135582961138242,0.00078182295285780096,-0.0008824734071944954,-0.10932540486675446,0.03560037202674593,9.5236856457311205
1786615464.8623497,1786615464.8618634,vesc,-0.0008824734071944954,-0.0008824734071944954,nan,nan,0.01,1,0,1,0,0,1786615464.8618634,nan,-0.0012135582961138242,0.00078182295285780096,-0.0008824734071944954,-0.095012461872578946,0.026007027620885026,9.5286183570665344
1786615464.8871851,1786615464.8865101,vesc,-0.00085071859216152813,-0.00085071859216152813,nan,nan,0.01,1,0,1,0,0,1786615464.8865101,nan,0.0019820149891021394,-0.0013487985056653618,-0.00085071859216152813,-0.043673951929328325,0.011326349564086513,9.6441499877560091
1786615464.9071653,1786615464.9064739,vesc,0.00017985066102574486,0.00017985066102574486,nan,nan,0.01,1,0,1,0,0,1786615464.9064739,nan,-0.0012260522666965789,-0.00028630022015652622,0.00017985066102574486,-0.076415419103257776,0.045037778493504987,9.5767912300015041
1786615464.9268856,1786615464.926563,vesc,0.0033725491821787862,0.0033725491821787862,nan,nan,0.01,1,0,1,0,0,1786615464.926563,nan,-0.0012635336582961921,-0.0013601502298118246,0.0033725491821787862,-0.053028656836165311,0.030538217949288793,9.6249301890842389
1786615464.9467747,1786615464.9464054,vesc,0.0012796559257898545,0.0012796559257898545,nan,nan,0.01,1,0,1,0,0,1786615464.9464054,nan,0.0019570270479366309,-0.0013545243020090321,0.0012796559257898545,-0.1098310245893801,0.016324440082311042,9.566741035308155
1786615464.9670818,1786615464.9666634,vesc,0.0012354074002484579,0.0012354074002484579,nan,nan,0.01,1,0,1,0,0,1786615464.9666634,nan,-0.0023037378524999718,0.0007761304460277566,0.0012354074002484579,-0.03916514547430161,0.078322141391439004,9.6683352421722475
1786615464.9867764,1786615464.9864497,vesc,-0.00088819985372397866,-0.00088819985372397866,nan,nan,0.01,1,0,1,0,0,1786615464.9864497,nan,-0.0012135582961138242,-0.001348698637124484,-0.00088819985372397866,-0.099352740601763578,0.026110157891366725,9.4902442485411029
1786615465.0067689,1786615465.0064306,vesc,0.00017698743776100315,0.00017698743776100315,nan,nan,0.01,1,0,1,0,0,1786615465.0064306,nan,-0.0012260522666965789,-0.001351561535296319,0.00017698743776100315,-0.024627477527695341,0.03046008452679061,9.6540048854382121
1786615465.0273652,1786615465.0264742,vesc,-0.00089783040598624762,-0.00089783040598624762,nan,nan,0.01,1,0,1,0,0,1786615465.0264742,nan,-0.0022787488710371622,-0.00028340403247106507,-0.00089783040598624762,-0.091065444957941999,0.035393819124987402,9.6005449598841324
1786615465.046921,1786615465.0463758,vesc,0.00019520762730820652,0.00019520762730820652,nan,nan,0.01,1,0,1,0,0,1786615465.0463758,nan,-0.00016086117162459086,0.00077892676517233987,0.00019520762730820652,-0.081261308418793199,0.045025060798916883,9.5815239665530498
1786615465.0668111,1786615465.0664048,vesc,0.00019520762730820652,0.00019520762730820652,nan,nan,0.01,1,0,1,0,0,1786615465.0664048,nan,-0.00016086117162459086,0.00077892676517233987,0.00019520762730820652,-0.062046288018768436,-0.0076529092634913809,9.576818127194656
1786615465.0867651,1786615465.0863686,vesc,-0.00085071859216152813,-0.00085071859216152813,nan,nan,0.01,1,0,1,0,0,1786615465.0863686,nan,0.0019820149891021394,-0.0013487985056653618,-0.00085071859216152813,-0.1187924676816694,0.016466381248346096,9.5139418451510664
1786615465.1068311,1786615465.1064112,vesc,0.00021446866681416318,0.00021446866681416318,nan,nan,0.01,1,0,1,0,0,1786615465.1064112,nan,0.0019695210185193849,-0.0013516614038371971,0.00021446866681416318,-0.038940429658145703,0.04484346820004248,9.6490862074209645
1786615465.1274788,1786615465.1264184,vesc,0.00021056459359066821,0.00021056459359066821,nan,nan,0.01,1,0,1,0,0,1786615465.1264184,nan,0.00090432992344739716,0.001844153750501206,0.00021056459359066821,-0.086388092504523506,0.025787903204935958,9.6101554439416077
1786615465.1468446,1786615465.1465161,vesc,0.00019807085057294823,0.00019807085057294823,nan,nan,0.01,1,0,1,0,0,1786615465.1465161,nan,-0.00016086117162459086,0.0018441870400148319,0.00019807085057294823,-0.061877751156651506,0.040285928854977726,9.5625778175855203
1786615465.1667256,1786615465.1663888,vesc,0.0012671622152814249,0.0012671622152814249,nan,nan,0.01,1,0,1,0,0,1786615465.1663888,nan,0.00089183595286464255,-0.0013544910124954062,0.0012671622152814249,-0.06249571965108025,0.016194193348081143,9.6151992523791705
1786615465.1865692,1786615465.1863029,vesc,-0.00092568111528642941,-0.00092568111528642941,nan,nan,0.01,1,0,1,0,0,1786615465.1863029,nan,-0.0044091310611811384,-0.001348597728286305,-0.00092568111528642941,-0.066611282564108976,0.078619143414190518,9.5578345560453499
1786615465.2071941,1786615465.2063,vesc,-0.001940893467209822,-0.001940893467209822,nan,nan,0.01,1,0,1,0,0,1786615465.2063,nan,-0.00013587375060773214,-0.0013458690284662747,-0.001940893467209822,-0.095686609321046667,0.016272509496076282,9.5860684227525326
1786615465.2269773,1786615465.2264795,vesc,0.00018557710755522823,0.00018557710755522823,nan,nan,0.01,1,0,1,0,0,1786615465.2264795,nan,-0.0012260522666965789,0.0018442203295284576,0.00018557710755522823,-0.096136040953358481,0.05927973263211328,9.6245021728801703
1786615465.2466757,1786615465.2462988,vesc,-0.00087961024894833511,-0.00087961024894833511,nan,nan,0.01,1,0,1,0,0,1786615465.2462988,nan,-0.0012135582961138242,0.0018470832277002929,-0.00087961024894833511,-0.03392600348049335,0.025734693540222509,9.6299318975673032
1786615465.2664807,1786615465.2661927,vesc,0.00017985066102574486,0.00017985066102574486,nan,nan,0.01,1,0,1,0,0,1786615465.2661927,nan,-0.0012260522666965789,-0.00028630022015652622,0.00017985066102574486,-0.029810440567464624,0.0160000292350162,9.6874380965259661
1786615465.2865033,1786615465.2862089,vesc,0.0012603948212653164,0.0012603948212653164,nan,nan,0.01,1,0,1,0,0,1786615465.2862089,nan,-0.00017335514220734541,0.00077606386700050461,0.0012603948212653164,-0.08492743969951011,0.093182913698036884,9.4858027033415055
1786615465.3066463,1786615465.3062248,vesc,0.00022696240983188315,0.00022696240983188315,nan,nan,0.01,1,0,1,0,0,1786615465.3062248,nan,0.0030347123736656984,-0.0013516957336481238,0.00022696240983188315,-0.033701287664337443,0.025786222130363967,9.6107729099409198
1786615465.3266866,1786615465.3263314,vesc,0.00016735691800802484,0.00016735691800802484,nan,nan,0.01,1,0,1,0,0,1786615465.3263314,nan,-0.0022912428416199163,-0.00028626693064290023,0.00016735691800802484,-0.095293365779048678,0.025942671700857289,9.5525662145171282
1786615465.3469152,1786615465.346524,vesc,-0.00090069356423240813,-0.00090069356423240813,nan,nan,0.01,1,0,1,0,0,1786615465.346524,nan,-0.0022787488710371622,-0.001348664307313557,-0.00090069356423240813,-0.057874546151700734,0.049685584234065772,9.6297155505789078
1786615465.3666506,1786615465.3662417,vesc,0.00021446866681416318,0.00021446866681416318,nan,nan,0.01,1,0,1,0,0,1786615465.3662417,nan,0.0019695210185193849,-0.0013516614038371971,0.00021446866681416318,-0.10453569450525801,-0.0027199421123818013,9.5236388680038999
1786615465.3866906,1786615465.3862479,vesc,-0.00087961024894833511,-0.00087961024894833511,nan,nan,0.01,1,0,1,0,0,1786615465.3862479,nan,-0.0012135582961138242,0.0018470832277002929,-0.00087961024894833511,-0.025189267068085108,0.068651504100365912,9.7020058502256461
1786615465.406374,1786615465.4061174,vesc,-0.00085748598617763668,-0.00085748598617763668,nan,nan,0.01,1,0,1,0,0,1786615465.4061174,nan,0.00091682389403015165,0.00078175533353324808,-0.00085748598617763668,-0.10932540486675446,0.040390411294136896,9.5236985096061062
1786615465.4266624,1786615465.4262393,vesc,0.0012354074002484579,0.0012354074002484579,nan,nan,0.01,1,0,1,0,0,1786615465.4262393,nan,-0.0023037378524999718,0.0007761304460277566,0.0012354074002484579,-0.048014230658512957,-0.0029405648774059046,9.6057372876056206
1786615465.4465802,1786615465.4462113,vesc,-0.0019323037323970157,-0.0019323037323970157,nan,nan,0.01,1,0,1,0,0,1786615465.4462113,nan,-0.00013587375060773214,0.001849912836358502,-0.0019323037323970157,-0.081429845280910129,0.035406390639177943,9.5958683566052514
1786615465.4665444,1786615465.4661651,vesc,-0.0019476606011516052,-0.0019476606011516052,nan,nan,0.01,1,0,1,0,0,1786615465.4661651,nan,-0.0012010648456797202,0.00078468585102963622,-0.0019476606011516052,-0.066835998380264883,-0.0076527630830938165,9.5767619939219912
1786615465.4867609,1786615465.4862931,vesc,0.00017698743776100315,0.00017698743776100315,nan,nan,0.01,1,0,1,0,0,1786615465.4862931,nan,-0.0012260522666965789,-0.001351561535296319,0.00017698743776100315,-0.024852193343851248,0.059148718450796167,9.6732410563145095
1786615465.5066714,1786615465.5062418,vesc,0.00016735691800802484,0.00016735691800802484,nan,nan,0.01,1,0,1,0,0,1786615465.5062418,nan,-0.0022912428416199163,-0.00028626693064290023,0.00016735691800802484,-0.090391297509474278,0.035548295260113605,9.5430691664481628
1786615465.5272789,1786615465.5267084,vesc,0.0012689845560781229,0.0012689845560781229,nan,nan,0.01,1,0,1,0,0,1786615465.5267084,nan,-0.00017335514220734541,0.003971845211676631,0.0012689845560781229,-0.072412214098307004,0.040067389160618916,9.6438903713699347
1786615465.5465744,1786615465.5461814,vesc,0.00019234440404346486,0.00019234440404346486,nan,nan,0.01,1,0,1,0,0,1786615465.5461814,nan,-0.00016086117162459086,-0.00028633454996745305,0.00019234440404346486,-0.043730130883367302,0.0065234464217098775,9.6489271631484144
1786615465.5663905,1786615465.5660775,vesc,0.00017985066102574486,0.00017985066102574486,nan,nan,0.01,1,0,1,0,0,1786615465.5660775,nan,-0.0012260522666965789,-0.00028630022015652622,0.00017985066102574486,-0.090391297509474278,0.073868463218843772,9.5431720774480482
1786615465.5865917,1786615465.5861845,vesc,0.00021446866681416318,0.00021446866681416318,nan,nan,0.01,1,0,1,0,0,1786615465.5861845,nan,0.0019695210185193849,-0.0013516614038371971,0.00021446866681416318,-0.058267798829973572,0.011275296060237139,9.6631405755643982
1786615465.6068814,1786615465.6064522,vesc,0.00017985066102574486,0.00017985066102574486,nan,nan,0.01,1,0,1,0,0,1786615465.6064522,nan,-0.0012260522666965789,-0.00028630022015652622,0.00017985066102574486,-0.080811867650206537,0.045128044889001018,9.5432071607434636
1786615465.6265659,1786615465.6261485,vesc,0.00016449369474328318,0.00016449369474328318,nan,nan,0.01,1,0,1,0,0,1786615465.6261485,nan,-0.0022912428416199163,-0.0013515272054853921,0.00016449369474328318,-0.062608077559158204,0.030538546855183313,9.6248179225389094
1786615465.6465237,1786615465.6461198,vesc,0.0012354074002484579,0.0012354074002484579,nan,nan,0.01,1,0,1,0,0,1786615465.6461198,nan,-0.0023037378524999718,0.0007761304460277566,0.0012354074002484579,-0.071681887695800306,0.040234729170730787,9.5816245386665742
1786615465.6663911,1786615465.6660106,vesc,0.00019520762730820652,0.00019520762730820652,nan,nan,0.01,1,0,1,0,0,1786615465.6660106,nan,-0.00016086117162459086,0.00077892676517233987,0.00019520762730820652,-0.03426307720472721,0.025657473745209103,9.6586697942852879
1786615465.6866605,1786615465.6861157,vesc,0.00019234440404346486,0.00019234440404346486,nan,nan,0.01,1,0,1,0,0,1786615465.6861157,nan,-0.00016086117162459086,-0.00028633454996745305,0.00019234440404346486,-0.025133088114046132,0.020764194572038264,9.6970871722083984
1786615465.7065897,1786615465.7060833,vesc,-0.00084499214563204465,-0.00084499214563204465,nan,nan,0.01,1,0,1,0,0,1786615465.7060833,nan,0.0019820149891021394,0.00078172204401962214,-0.00084499214563204465,-0.085152155515666017,0.050021214426873684,9.5048459160930179
1786615465.7264168,1786615465.7259719,vesc,0.00016449369474328318,0.00016449369474328318,nan,nan,0.01,1,0,1,0,0,1786615465.7259719,nan,-0.0022912428416199163,-0.0013515272054853921,0.00016449369474328318,-0.048014230658512957,0.035379603081324262,9.605840198605506
1786615465.7474053,1786615465.7459748,vesc,0.0023198556987301055,0.0023198556987301055,nan,nan,0.01,1,0,1,0,0,1786615465.7459748,nan,-0.00018584859264144957,-0.0013573206211536155,0.0023198556987301055,-0.076808671781530613,0.016207532309358896,9.6102419827369658
1786615465.7664242,1786615465.7659883,vesc,-0.00085748598617763668,-0.00085748598617763668,nan,nan,0.01,1,0,1,0,0,1786615465.7659883,nan,0.00091682389403015165,0.00078175533353324808,-0.00085748598617763668,-0.048463671427099619,0.049646663703214244,9.6441967654832297
1786615465.7864051,1786615465.7860234,vesc,0.00020197492379644315,0.00020197492379644315,nan,nan,0.01,1,0,1,0,0,1786615465.7860234,nan,0.00090432992344739716,-0.0013516281143235711,0.00020197492379644315,-0.11884865577198322,0.040403604075017086,9.5187962037933858
1786615465.8064501,1786615465.8060241,vesc,0.0012603948212653164,0.0012603948212653164,nan,nan,0.01,1,0,1,0,0,1786615465.8060241,nan,-0.00017335514220734541,0.00077606386700050461,0.0012603948212653164,-0.03916514547430161,0.0064717716511708545,9.6681411146042819
1786615465.8270285,1786615465.826658,vesc,0.00017698743776100315,0.00017698743776100315,nan,nan,0.01,1,0,1,0,0,1786615465.826658,nan,-0.0012260522666965789,-0.001351561535296319,0.00017698743776100315,-0.062271003834924343,0.035405769372488294,9.5960928896959103
1786615465.8468206,1786615465.8463683,vesc,0.00018271388429048652,0.00018271388429048652,nan,nan,0.01,1,0,1,0,0,1786615465.8463683,nan,-0.0012260522666965789,0.00077896005468596581,0.00018271388429048652,-0.071569529787722352,0.049840535455484059,9.5720701878817636
1786615465.8664587,1786615465.8659909,vesc,0.0033907694692538615,0.0033907694692538615,nan,nan,0.01,1,0,1,0,0,1786615465.8659909,nan,-0.00019834256322420413,0.0007703380706568343,0.0033907694692538615,-0.052972477882126334,-0.007769086134455705,9.6200372388169626
1786615465.8866336,1786615465.8860004,vesc,0.0023323496693128604,0.0023323496693128604,nan,nan,0.01,1,0,1,0,0,1786615465.8860004,nan,0.00087934250243053844,-0.0013573539106672414,0.0023323496693128604,-0.085938660872211692,-0.01721931993110104,9.57172169381397
1786615465.9062359,1786615465.9059203,vesc,-0.0019226731801347467,-0.0019226731801347467,nan,nan,0.01,1,0,1,0,0,1786615465.9059203,nan,0.00092931734446425576,0.00078461823170508345,-0.0019226731801347467,-0.014879519942585517,0.049658504315416963,9.6397996591244919
1786615465.9263306,1786615465.9259014,vesc,-0.0030003542146374487,-0.0030003542146374487,nan,nan,0.01,1,0,1,0,0,1786615465.9259014,nan,-0.00012337978002497762,0.00078751545968784543,-0.0030003542146374487,-0.095349535596812807,0.02592980782587162,9.5573562537845191
1786615465.9463305,1786615465.9459281,vesc,-0.00092568111528642941,-0.00092568111528642941,nan,nan,0.01,1,0,1,0,0,1786615465.9459281,nan,-0.0044091310611811384,-0.001348597728286305,-0.00092568111528642941,-0.085994830689975821,0.054618112843982658,9.576704691206146
1786615465.9662941,1786615465.9658654,vesc,-0.00088819985372397866,-0.00088819985372397866,nan,nan,0.01,1,0,1,0,0,1786615465.9658654,nan,-0.0012135582961138242,-0.001348698637124484,-0.00088819985372397866,-0.053421909514438148,0.0064980110325336682,9.6583938056946863
1786615465.9864044,1786615465.9859843,vesc,-0.001940893467209822,-0.001940893467209822,nan,nan,0.01,1,0,1,0,0,1786615465.9859843,nan,-0.00013587375060773214,-0.0013458690284662747,-0.001940893467209822,-0.080699509742128583,0.06431389316343683,9.5336785377086244
1786615466.0062711,1786615466.0059075,vesc,0.0012671622152814249,0.0012671622152814249,nan,nan,0.01,1,0,1,0,0,1786615466.0059075,nan,0.00089183595286464255,-0.0013544910124954062,0.0012671622152814249,-0.028855389212527172,-0.0077311888663871287,9.6059489568212939
1786615466.0261817,1786615466.0258458,vesc,0.00018271388429048652,0.00018271388429048652,nan,nan,0.01,1,0,1,0,0,1786615466.0258458,nan,-0.0012260522666965789,0.00077896005468596581,0.00018271388429048652,-0.052635404157892474,0.059368500678534275,9.5914794363487772
1786615466.046113,1786615466.0458033,vesc,0.00018948118077872315,0.00018948118077872315,nan,nan,0.01,1,0,1,0,0,1786615466.0458033,nan,-0.00016086117162459086,-0.001351594824809945,0.00018948118077872315,-0.043393057159133441,0.049710873442844417,9.6203038718621201
1786615466.0661631,1786615466.0657678,vesc,0.0012575316630191562,0.0012575316630191562,nan,nan,0.01,1,0,1,0,0,1786615466.0657678,nan,-0.00017335514220734541,-0.0002891974481392882,0.0012575316630191562,-0.099802172234075393,0.0068470898219175069,9.528510768293927
1786615466.0864155,1786615466.0859189,vesc,0.00020483814706118484,0.00020483814706118484,nan,nan,0.01,1,0,1,0,0,1786615466.0859189,nan,0.00090432992344739716,-0.00028636783948107899,0.00020483814706118484,-0.099465098509841532,0.045244514120760471,9.499874613132647
1786615466.1063509,1786615466.1059415,vesc,0.0012575316630191562,0.0012575316630191562,nan,nan,0.01,1,0,1,0,0,1786615466.1059415,nan,-0.00017335514220734541,-0.0002891974481392882,0.0012575316630191562,-0.03426307720472721,0.030447513012600069,9.6586826581602736
1786615466.121608,1786615466.121258,vesc,0.0023102251464678365,0.0023102251464678365,nan,nan,0.01,1,0,1,0,0,1786615466.121258,nan,-0.0012510396877134374,-0.00029202601650019658,0.0023102251464678365,-0.076415419103257776,0.045037778493504987,9.5767912300015041
1786615466.146327,1786615466.1459627,vesc,0.0023477065380674497,0.0023477065380674497,nan,nan,0.01,1,0,1,0,0,1786615466.1459627,nan,0.0019445335975025262,-0.00029212692533837534,0.0023477065380674497,-0.062383361743002297,0.040170080889907922,9.6056846626624974
1786615466.1662686,1786615466.1658051,vesc,-0.0029974907963169631,-0.0029974907963169631,nan,nan,0.01,1,0,1,0,0,1786615466.1658051,nan,-0.00012337978002497762,0.0018527757345303372,-0.0029974907963169631,-0.086051018780289645,-0.01724508422617177,9.5813006029055714
1786615466.1861317,1786615466.1858046,vesc,-0.00085748598617763668,-0.00085748598617763668,nan,nan,0.01,1,0,1,0,0,1786615466.1858046,nan,0.00091682389403015165,0.00078175533353324808,-0.00085748598617763668,-0.034600150928961071,0.044740337929560781,9.6874591465032154
1786615466.2067318,1786615466.2058535,vesc,0.00019520762730820652,0.00019520762730820652,nan,nan,0.01,1,0,1,0,0,1786615466.2058535,nan,-0.00016086117162459086,0.00077892676517233987,0.00019520762730820652,-0.099802172234075393,0.02600717380128259,9.5285622237938696
1786615466.2262189,1786615466.2258134,vesc,-0.00091318727474083738,-0.00091318727474083738,nan,nan,0.01,1,0,1,0,0,1786615466.2258134,nan,-0.0033439404862578002,-0.0013486310177999311,-0.00091318727474083738,-0.039052787566223657,0.030447659192997634,9.6586265248876089
1786615466.2463787,1786615466.245961,vesc,0.00018948118077872315,0.00018948118077872315,nan,nan,0.01,1,0,1,0,0,1786615466.245961,nan,-0.00016086117162459086,-0.001351594824809945,0.00018948118077872315,-0.052972477882126334,0.030551081824274462,9.620140149816848
1786615466.2659948,1786615466.2656257,vesc,0.00021733189007890484,0.00021733189007890484,nan,nan,0.01,1,0,1,0,0,1786615466.2656257,nan,0.0019695210185193849,-0.00028640112899470504,0.00021733189007890484,-0.061877751156651506,0.073816094091416318,9.56266786471042
1786615466.2861631,1786615466.2857437,vesc,0.0012661213978319625,0.0012661213978319625,nan,nan,0.01,1,0,1,0,0,1786615466.2857437,nan,-0.00017335514220734541,0.0029065844166854889,0.0012661213978319625,-0.038490998025833889,0.06410657281459109,9.6108196876681404
1786615466.3061957,1786615466.3057001,vesc,0.00019520762730820652,0.00019520762730820652,nan,nan,0.01,1,0,1,0,0,1786615466.3057001,nan,-0.00016086117162459086,0.00077892676517233987,0.00019520762730820652,-0.086107188598053774,0.0019021358782076447,9.586142097672905
1786615466.3261991,1786615466.3257506,vesc,0.00017985066102574486,0.00017985066102574486,nan,nan,0.01,1,0,1,0,0,1786615466.3257506,nan,-0.0012260522666965789,-0.00028630022015652622,0.00017985066102574486,-0.052916298928087357,0.073674152925381264,9.6154670548675085
1786615466.3461652,1786615466.3457544,vesc,0.00020483814706118484,0.00020483814706118484,nan,nan,0.01,1,0,1,0,0,1786615466.3457544,nan,0.00090432992344739716,-0.00028636783948107899,0.00020483814706118484,-0.067678682690849534,0.035264303292745325,9.6487225105918242
1786615466.3665416,1786615466.3656769,vesc,-0.00085748598617763668,-0.00085748598617763668,nan,nan,0.01,1,0,1,0,0,1786615466.3656769,nan,0.00091682389403015165,0.00078175533353324808,-0.00085748598617763668,-0.090447467327238407,0.021165350128054428,9.5478194446474163
1786615466.3862472,1786615466.3857963,vesc,0.0012354074002484579,0.0012354074002484579,nan,nan,0.01,1,0,1,0,0,1786615466.3857963,nan,-0.0023037378524999718,0.0007761304460277566,0.0012354074002484579,-0.029922798475542578,0.03034438274211837,9.697056766685705
1786615466.4065523,1786615466.4058673,vesc,0.00018948118077872315,0.00018948118077872315,nan,nan,0.01,1,0,1,0,0,1786615466.4058673,nan,-0.00016086117162459086,-0.001351594824809945,0.00018948118077872315,-0.090616013325630185,0.064236929184119163,9.5623053373244602
1786615466.4269631,1786615466.4258468,vesc,0.00020770137032592652,0.00020770137032592652,nan,nan,0.01,1,0,1,0,0,1786615466.4258468,nan,0.00090432992344739716,0.00077889243536141293,0.00020770137032592652,-0.076921029689608567,0.020971807281679133,9.6198337557035529
1786615466.4459012,1786615466.4455805,vesc,0.0012546685047729958,0.0012546685047729958,nan,nan,0.01,1,0,1,0,0,1786615466.4455805,nan,-0.00017335514220734541,-0.0013544577229817802,0.0012546685047729958,-0.095686609321046667,0.035432593475441365,9.5861198782524752
1786615466.4661527,1786615466.4656808,vesc,0.00017022014127276652,0.00017022014127276652,nan,nan,0.01,1,0,1,0,0,1786615466.4656808,nan,-0.0022912438819172173,0.00077899334419959175,0.00017022014127276652,-0.038715713841989796,0.035314918255402006,9.6299014920446098
1786615466.4860156,1786615466.4856193,vesc,0.0023005945942055676,0.0023005945942055676,nan,nan,0.01,1,0,1,0,0,1786615466.4856193,nan,-0.0023162318230827263,0.00077326754785592144,0.0023005945942055676,-0.020231019844471732,0.035159820853586154,9.6876018185712383
1786615466.5058956,1786615466.5055783,vesc,-0.00086997969668606593,-0.00086997969668606593,nan,nan,0.01,1,0,1,0,0,1786615466.5055783,nan,-0.00014836720104183631,0.00078178966334417502,-0.00086997969668606593,-0.10391773514710412,0.030951835384197324,9.4710419915170405
1786615466.526139,1786615466.5256283,vesc,-0.00088533669547781837,-0.00088533669547781837,nan,nan,0.01,1,0,1,0,0,1786615466.5256283,nan,-0.0012135582961138242,-0.00028343732198469102,-0.00088533669547781837,-0.029417187889191787,0.054410317408844833,9.6540130715404757
1786615466.545913,1786615466.5455663,vesc,-0.0019630177299805205,-0.0019630177299805205,nan,nan,0.01,1,0,1,0,0,1786615466.5455663,nan,-0.0022662549004544073,-0.00028054113429922987,-0.0019630177299805205,-0.07686485073556959,0.016194631889273836,9.6150308525611763
1786615466.5660634,1786615466.5656683,vesc,-0.00089496711770292476,-0.00089496711770292476,nan,nan,0.01,1,0,1,0,0,1786615466.5656683,nan,-0.0022787499113344628,0.00078185624237142701,-0.00089496711770292476,-0.072018961420034167,0.059317593355082465,9.6104138908845016
1786615466.586076,1786615466.585654,vesc,0.00020483814706118484,0.00020483814706118484,nan,nan,0.01,1,0,1,0,0,1786615466.585654,nan,0.00090432992344739716,-0.00028636783948107899,0.00020483814706118484,-0.08565775696574196,0.011585161957974321,9.5478498501701097
1786615466.6062987,1786615466.6056023,vesc,0.0012575316630191562,0.0012575316630191562,nan,nan,0.01,1,0,1,0,0,1786615466.6056023,nan,-0.00017335514220734541,-0.0002891974481392882,0.0012575316630191562,-0.039277503382379564,0.063926332384394158,9.6778755596388919
1786615466.6260843,1786615466.6256351,vesc,0.00018661795751398149,0.00018661795751398149,nan,nan,0.01,1,0,1,0,0,1786615466.6256351,nan,-0.00016086117162459086,-0.0024168550996524372,0.00018661795751398149,-0.10013924595830925,0.016349912016586643,9.5572743927618831
1786615466.645983,1786615466.6455829,vesc,-0.00085748598617763668,-0.00085748598617763668,nan,nan,0.01,1,0,1,0,0,1786615466.6455829,nan,0.00091682389403015165,0.00078175533353324808,-0.00085748598617763668,-0.076640134919413683,0.064146370427828003,9.5960016731278301
1786615466.6658726,1786615466.6655478,vesc,0.00016735691800802484,0.00016735691800802484,nan,nan,0.01,1,0,1,0,0,1786615466.6655478,nan,-0.0022912428416199163,-0.00028626693064290023,0.00016735691800802484,-0.048632199152941702,-0.003082177137546438,9.6584242112173797
1786615466.6861413,1786615466.6855705,vesc,-0.00086034914442379708,-0.00086034914442379708,nan,nan,0.01,1,0,1,0,0,1786615466.6855705,nan,0.00091682389403015165,-0.00028350494130924384,-0.00086034914442379708,-0.06706071419642079,0.030615912830594283,9.5960238925482599
1786615466.7060914,1786615466.705606,vesc,0.00017985066102574486,0.00017985066102574486,nan,nan,0.01,1,0,1,0,0,1786615466.705606,nan,-0.0012260522666965789,-0.00028630022015652622,0.00017985066102574486,-0.06706071419642079,0.06893608078932445,9.5961268035481453
1786615466.7259467,1786615466.7254755,vesc,0.00019234440404346486,0.00019234440404346486,nan,nan,0.01,1,0,1,0,0,1786615466.7254755,nan,-0.00016086117162459086,-0.00028633454996745305,0.00019234440404346486,-0.095518081595204585,0.021101176933523647,9.5717123382685259
1786615466.7460439,1786615466.7455735,vesc,-0.00086321230266995738,-0.00086321230266995738,nan,nan,0.01,1,0,1,0,0,1786615466.7455735,nan,0.00091682389403015165,-0.0013487652161517359,-0.00086321230266995738,-0.06232718278896332,0.021022860785528508,9.6008431678951638
1786615466.7659278,1786615466.7654767,vesc,0.0023255820152224267,0.0023255820152224267,nan,nan,0.01,1,0,1,0,0,1786615466.7654767,nan,-0.00018584859264144957,0.00077320096882866945,0.0023255820152224267,-0.048856924105372457,0.02560645678645912,9.6776603820936771
1786615466.7863193,1786615466.785845,vesc,0.0023112659639172996,0.0023112659639172996,nan,nan,0.01,1,0,1,0,0,1786615466.785845,nan,-0.00018584859264144957,-0.0045531024859783919,0.0023112659639172996,-0.099408928692077403,0.054837419985428681,9.4951114710584079
1786615466.8059323,1786615466.8055415,vesc,-0.0019466197837021428,-0.0019466197837021428,nan,nan,0.01,1,0,1,0,0,1786615466.8055415,nan,-0.00013587375060773214,-0.0034763906184485591,-0.0019466197837021428,-0.024908372297890224,0.030395728606762873,9.6779539123319864
1786615466.8263922,1786615466.8254972,vesc,-0.00087284285493222644,-0.00087284285493222644,nan,nan,0.01,1,0,1,0,0,1786615466.8254972,nan,-0.00014836720104183631,-0.00028347165179561784,-0.00087284285493222644,-0.080924234694559338,0.04510231713902968,9.5527860698350651
1786615466.8462625,1786615466.8455219,vesc,-0.00087284285493222644,-0.00087284285493222644,nan,nan,0.01,1,0,1,0,0,1786615466.8455219,nan,-0.00014836720104183631,-0.00028347165179561784,-0.00087284285493222644,-0.06722925105853772,0.064107449896976476,9.610482888032152
1786615466.865962,1786615466.8654687,vesc,-0.001950524019472091,-0.001950524019472091,nan,nan,0.01,1,0,1,0,0,1786615466.8654687,nan,-0.0012010648456797202,-0.00028057442381285586,-0.001950524019472091,-0.095405723687126631,0.021126904683494985,9.5621322597337439
1786615466.8860183,1786615466.8855779,vesc,-0.00087570614321554941,-0.00087570614321554941,nan,nan,0.01,1,0,1,0,0,1786615466.8855779,nan,-0.00014836720104183631,-0.0013487319266381099,-0.00087570614321554941,-0.11372187168625292,0.016530590987976268,9.4900501209731374
1786615466.9059577,1786615466.9054537,vesc,0.00019234440404346486,0.00019234440404346486,nan,nan,0.01,1,0,1,0,0,1786615466.9054537,nan,-0.00016086117162459086,-0.00028633454996745305,0.00019234440404346486,-0.020568093568705592,0.030292598336281173,9.7163280208574179
1786615466.9259484,1786615466.9255161,vesc,0.0012296809537189744,0.0012296809537189744,nan,nan,0.01,1,0,1,0,0,1786615466.9255161,nan,-0.0023037368122026708,-0.0013543901036572276,0.0012296809537189744,-0.090278939601396324,0.030784020287793368,9.5334762240383952
1786615466.9458735,1786615466.9454467,vesc,0.00020770137032592652,0.00020770137032592652,nan,nan,0.01,1,0,1,0,0,1786615466.9454467,nan,0.00090432992344739716,0.00077889243536141293,0.00020770137032592652,-0.057481293473427897,0.035405623192090729,9.5961490229685751
1786615466.965899,1786615466.9654675,vesc,-0.0019159057861186379,-0.0019159057861186379,nan,nan,0.01,1,0,1,0,0,1786615466.9654675,nan,0.0019945084395362441,-0.0013459356074935265,-0.0019159057861186379,-0.053365730560399172,-0.0030691670821632044,9.653578038677324
1786615466.9857421,1786615466.9853578,vesc,-0.0019630177299805205,-0.0019630177299805205,nan,nan,0.01,1,0,1,0,0,1786615466.9853578,nan,-0.0022662549004544073,-0.00028054113429922987,-0.0019630177299805205,-0.047901872750435004,0.088095580047099276,9.5964027921387469
1786615467.0057492,1786615467.0054088,vesc,-0.00087284285493222644,-0.00087284285493222644,nan,nan,0.01,1,0,1,0,0,1786615467.0054088,nan,-0.00014836720104183631,-0.00028347165179561784,-0.00087284285493222644,-0.090335109419160453,-0.0075490115459224683,9.5381633523059008
1786615467.0260465,1786615467.0256426,vesc,0.00017698743776100315,0.00017698743776100315,nan,nan,0.01,1,0,1,0,0,1786615467.0256426,nan,-0.0012260522666965789,-0.001351561535296319,0.00017698743776100315,-0.048519850381138596,0.044843760560837609,9.648973940875635
1786615467.0457249,1786615467.0453911,vesc,0.00020770137032592652,0.00020770137032592652,nan,nan,0.01,1,0,1,0,0,1786615467.0453911,nan,0.00090432992344739716,0.00077889243536141293,0.00020770137032592652,-0.06232718278896332,0.06413303146655025,9.6009589427700348
1786615467.065624,1786615467.0653002,vesc,0.0012507643990402101,0.0012507643990402101,nan,nan,0.01,1,0,1,0,0,1786615467.0653002,nan,-0.0012385462372793334,0.0018413574313566226,0.0012507643990402101,-0.09055982523531636,0.054669787614521681,9.5574895703070979
1786615467.0857167,1786615467.0852993,vesc,0.001238270558494618,0.001238270558494618,nan,nan,0.01,1,0,1,0,0,1786615467.0852993,nan,-0.0023037378524999718,0.0018413907208702485,0.001238270558494618,-0.066274208839875115,0.069116321219521382,9.5290709315773938
1786615467.1057558,1786615467.1053131,vesc,0.00018271388429048652,0.00018271388429048652,nan,nan,0.01,1,0,1,0,0,1786615467.1053131,nan,-0.0012260522666965789,0.00077896005468596581,0.00018271388429048652,-0.028743031304449218,0.0018745808732667513,9.5963957754796638
1786615467.1263278,1786615467.1259148,vesc,-0.0019419342846592846,-0.0019419342846592846,nan,nan,0.01,1,0,1,0,0,1786615467.1259148,nan,-0.0012010648456797202,0.00291520640071462,-0.0019419342846592846,-0.086331904414209681,0.044960851059286711,9.6054168601741594
1786615467.1459689,1786615467.1453454,vesc,0.00020770137032592652,0.00020770137032592652,nan,nan,0.01,1,0,1,0,0,1786615467.1453454,nan,0.00090432992344739716,0.00077889243536141293,0.00020770137032592652,-0.052860119974048381,0.040156888109027733,9.6105869684752179
1786615467.1655071,1786615467.1651924,vesc,-0.00086321230266995738,-0.00086321230266995738,nan,nan,0.01,1,0,1,0,0,1786615467.1651924,nan,0.00091682389403015165,-0.0013487652161517359,-0.00086321230266995738,-0.076134515196788044,0.021152047711876065,9.5527778837328015
1786615467.1857126,1786615467.1852863,vesc,0.0023380759858051808,0.0023380759858051808,nan,nan,0.01,1,0,1,0,0,1786615467.1852863,nan,0.00087934250243053844,0.00077316663901774252,0.0023380759858051808,-0.044179571651953964,0.049530633012647485,9.6873597438328716
1786615467.205584,1786615467.2051742,vesc,0.00016449369474328318,0.00016449369474328318,nan,nan,0.01,1,0,1,0,0,1786615467.2051742,nan,-0.0022912428416199163,-0.0013515272054853921,0.00016449369474328318,-0.11366568359593909,0.05965366208908307,9.4853758565806174
1786615467.2257328,1786615467.2252648,vesc,0.00019234440404346486,0.00019234440404346486,nan,nan,0.01,1,0,1,0,0,1786615467.2252648,nan,-0.00016086117162459086,-0.00028633454996745305,0.00019234440404346486,-0.043280699251055488,0.0066264670568934037,9.6106091878956477
1786615467.2466652,1786615467.2461455,vesc,0.0012661213978319625,0.0012661213978319625,nan,nan,0.01,1,0,1,0,0,1786615467.2461455,nan,-0.00017335514220734541,0.0029065844166854889,0.0012661213978319625,-0.081317487372832176,0.040222157656540247,9.5863011419454551
1786615467.2653909,1786615467.2651384,vesc,-0.00084212898738588436,-0.00084212898738588436,nan,nan,0.01,1,0,1,0,0,1786615467.2651384,nan,0.0019820149891021394,0.0018469823188621143,-0.00084212898738588436,-0.062046288018768436,0.054617345396895445,9.5769853575694697
1786615467.2856436,1786615467.285234,vesc,-0.00085748598617763668,-0.00085748598617763668,nan,nan,0.01,1,0,1,0,0,1786615467.285234,nan,0.00091682389403015165,0.00078175533353324808,-0.00085748598617763668,-0.029080114164957926,0.064067615738640171,9.6253009025724623
1786615467.3057597,1786615467.3053019,vesc,0.0012603948212653164,0.0012603948212653164,nan,nan,0.01,1,0,1,0,0,1786615467.3053019,nan,-0.00017335514220734541,0.00077606386700050461,0.0012603948212653164,-0.12346982013508789,0.01649229172381439,9.5043068027868003
1786615467.3259585,1786615467.3253343,vesc,0.0023409391440513414,0.0023409391440513414,nan,nan,0.01,1,0,1,0,0,1786615467.3253343,nan,0.00087934250243053844,0.0018384279541575357,0.0023409391440513414,-0.034656329883000048,0.025567353530110637,9.6921977302706637
1786615467.3465943,1786615467.3462245,vesc,0.00017412421449626149,0.00017412421449626149,nan,nan,0.01,1,0,1,0,0,1786615467.3462245,nan,-0.0012260522666965789,-0.0024168218101388111,0.00017412421449626149,-0.076640134919413683,0.016246123934315904,9.5958730343779735
1786615467.3656783,1786615467.3652368,vesc,-0.00089783040598624762,-0.00089783040598624762,nan,nan,0.01,1,0,1,0,0,1786615467.3652368,nan,-0.0022787488710371622,-0.00028340403247106507,-0.00089783040598624762,-0.090672183143394314,0.040273942062377444,9.5670298877737423
1786615467.3860538,1786615467.385463,vesc,0.00019234440404346486,0.00019234440404346486,nan,nan,0.01,1,0,1,0,0,1786615467.385463,nan,-0.00016086117162459086,-0.00028633454996745305,0.00019234440404346486,-0.095967513227516399,0.011418114308657579,9.6100045857713212
1786615467.4056568,1786615467.4052296,vesc,-0.00089210395945676425,-0.00089210395945676425,nan,nan,0.01,1,0,1,0,0,1786615467.4052296,nan,-0.0022787499113344628,0.001847116517213919,-0.00089210395945676425,-0.052803941020009404,0.064119875230769452,9.6058612485827553
1786615467.425698,1786615467.4252579,vesc,0.00020770137032592652,0.00020770137032592652,nan,nan,0.01,1,0,1,0,0,1786615467.4252579,nan,0.00090432992344739716,0.00077889243536141293,0.00020770137032592652,-0.095293365779048678,0.016362629711174748,9.5525404867671568
1786615467.4459577,1786615467.4453423,vesc,0.00019520762730820652,0.00019520762730820652,nan,nan,0.01,1,0,1,0,0,1786615467.4453423,nan,-0.00016086117162459086,0.00077892676517233987,0.00019520762730820652,-0.06722925105853772,0.044947365917611393,9.6104314325322093
1786615467.4655766,1786615467.465132,vesc,0.00018271388429048652,0.00018271388429048652,nan,nan,0.01,1,0,1,0,0,1786615467.465132,nan,-0.0012260522666965789,0.00077896005468596581,0.00018271388429048652,-0.03899660861218468,0.044830604325056811,9.6538750772451749
1786615467.485786,1786615467.4851906,vesc,0.0012700253735275855,0.0012700253735275855,nan,nan,0.01,1,0,1,0,0,1786615467.4851906,nan,0.00089183595286464255,-0.0002892307376529142,0.0012700253735275855,-0.058043083013817665,-0.012623298596377452,9.6439172685630865
1786615467.5056355,1786615467.5052104,vesc,-0.001944797442905445,-0.001944797442905445,nan,nan,0.01,1,0,1,0,0,1786615467.5052104,nan,-0.0012010648456797202,0.0018499461258721284,-0.001944797442905445,-0.085713945056055785,0.069052550021083903,9.5527942559373287
1786615467.5254784,1786615467.5251036,vesc,0.00018948118077872315,0.00018948118077872315,nan,nan,0.01,1,0,1,0,0,1786615467.5251036,nan,-0.00016086117162459086,-0.001351594824809945,0.00018948118077872315,-0.057481293473427897,0.016245539212725646,9.5960975674686324
1786615467.5452242,1786615467.544961,vesc,0.00018271388429048652,0.00018271388429048652,nan,nan,0.01,1,0,1,0,0,1786615467.544961,nan,-0.0012260522666965789,0.00077896005468596581,0.00018271388429048652,-0.048070409612551934,0.054526823185703677,9.6106816933728396
1786615467.5653844,1786615467.5649846,vesc,0.00016735691800802484,0.00016735691800802484,nan,nan,0.01,1,0,1,0,0,1786615467.5649846,nan,-0.0022912428416199163,-0.00028626693064290023,0.00016735691800802484,-0.03409454034261028,0.044856222439729976,9.6443523014262382
1786615467.585485,1786615467.5851336,vesc,0.0023294862509923749,0.0023294862509923749,nan,nan,0.01,1,0,1,0,0,1786615467.5851336,nan,0.00087934250243053844,-0.0024226141855097335,0.0023294862509923749,-0.12335746222700994,0.021308022196077303,9.494739588127004
1786615467.6053267,1786615467.6050076,vesc,-0.00086425325015658267,-0.00086425325015658267,nan,nan,0.01,1,0,1,0,0,1786615467.6050076,nan,-0.00014836720104183631,0.002912310213029159,-0.00086425325015658267,-0.024796014389812271,0.049581540336099295,9.6684264587403277
1786615467.6255057,1786615467.625077,vesc,0.0012642990570352647,0.0012642990570352647,nan,nan,0.01,1,0,1,0,0,1786615467.625077,nan,0.00089183595286464255,-0.0024197512873378982,0.0012642990570352647,-0.12842807649497612,0.030823854446129673,9.5186582094980849
1786615467.6455762,1786615467.6449237,vesc,-0.00086034914442379708,-0.00086034914442379708,nan,nan,0.01,1,0,1,0,0,1786615467.6449237,nan,0.00091682389403015165,-0.00028350494130924384,-0.00086034914442379708,-0.048070409612551934,0.030576699938947627,9.6106173739979113
1786615467.6650634,1786615467.6648674,vesc,0.00020483814706118484,0.00020483814706118484,nan,nan,0.01,1,0,1,0,0,1786615467.6648674,nan,0.00090432992344739716,-0.00028636783948107899,0.00020483814706118484,-0.086107188598053774,0.0066921751455986112,9.5861549615478907
1786615467.6854546,1786615467.6850376,vesc,0.0012479011107568872,0.0012479011107568872,nan,nan,0.01,1,0,1,0,0,1786615467.6850376,nan,-0.0012385462372793334,0.00077609715651413066,0.0012479011107568872,-0.085545399057664007,0.0068209235307534755,9.5382580772035226
1786615467.7054532,1786615467.7050817,vesc,0.0012546685047729958,0.0012546685047729958,nan,nan,0.01,1,0,1,0,0,1786615467.7050817,nan,-0.00017335514220734541,-0.0013544577229817802,0.0012546685047729958,-0.020118661936393778,0.059135708395412934,9.6780872288545652
1786615467.7254,1786615467.7249963,vesc,-0.00086711640840274296,-0.00086711640840274296,nan,nan,0.01,1,0,1,0,0,1786615467.7249963,nan,-0.00014836720104183631,0.0018470499381866669,-0.00086711640840274296,-0.11851158204774936,0.030900781880347949,9.4900325793254297
1786615467.7457068,1786615467.7451894,vesc,0.0023216782996011288,0.0023216782996011288,nan,nan,0.01,1,0,1,0,0,1786615467.7451894,nan,-0.0012510396877134374,0.0039690156030184219,0.0023216782996011288,-0.043336878205094465,0.035353692605855969,9.6154764104129526
1786615467.7654819,1786615467.7650611,vesc,0.00018271388429048652,0.00018271388429048652,nan,nan,0.01,1,0,1,0,0,1786615467.7650611,nan,-0.0012260522666965789,0.00077896005468596581,0.00018271388429048652,-0.053141014744243265,0.01135236967485298,9.6344576426758977
1786615467.7851129,1786615467.7848654,vesc,0.00016735691800802484,0.00016735691800802484,nan,nan,0.01,1,0,1,0,0,1786615467.7848654,nan,-0.0022912428416199163,-0.00028626693064290023,0.00016735691800802484,-0.080980413648598315,0.078619581955383211,9.5576661562273557
1786615467.8051925,1786615467.8049071,vesc,0.0012450379525107266,0.0012450379525107266,nan,nan,0.01,1,0,1,0,0,1786615467.8049071,nan,-0.0012385462372793334,-0.00028916311832836143,0.0012450379525107266,-0.038097736211286204,0.0019263652791039476,9.577124521307951
1786615467.8257356,1786615467.8253613,vesc,0.00018271388429048652,0.00018271388429048652,nan,nan,0.01,1,0,1,0,0,1786615467.8253613,nan,-0.0012260522666965789,0.00077896005468596581,0.00018271388429048652,-0.067173072104498743,0.040170227070305486,9.6056285293898327
1786615467.8457143,1786615467.8450041,vesc,-0.00088819985372397866,-0.00088819985372397866,nan,nan,0.01,1,0,1,0,0,1786615467.8450041,nan,-0.0012135582961138242,-0.001348698637124484,-0.00088819985372397866,-0.05252304624981452,0.045024147171432105,9.5818619356322188
1786615467.8655839,1786615467.865046,vesc,0.00017985066102574486,0.00017985066102574486,nan,nan,0.01,1,0,1,0,0,1786615467.865046,nan,-0.0012260522666965789,-0.00028630022015652622,0.00017985066102574486,-0.091121614775706128,0.035380955250001733,9.6053349991515233
1786615467.8854427,1786615467.8849897,vesc,0.0023034580125260531,0.0023034580125260531,nan,nan,0.01,1,0,1,0,0,1786615467.8849897,nan,-0.0023162318230827263,0.0018385278226984135,0.0023034580125260531,-0.066161850931797161,0.064352046247201145,9.5194779891676262
1786615467.9052916,1786615467.9048541,vesc,0.0012632581095486394,0.0012632581095486394,nan,nan,0.01,1,0,1,0,0,1786615467.9048541,nan,-0.00017335514220734541,0.0018413241418429966,0.0012632581095486394,-0.043673951929328325,-0.003043695147887604,9.6441113961310521
1786615467.9253306,1786615467.9248812,vesc,0.0012603948212653164,0.0012603948212653164,nan,nan,0.01,1,0,1,0,0,1786615467.9248812,nan,-0.00017335514220734541,0.00077606386700050461,0.0012603948212653164,-0.070726836340862853,0.059613681750349201,9.500251173836773
1786615467.9453354,1786615467.944916,vesc,-0.0019380303089636616,-0.0019380303089636616,nan,nan,0.01,1,0,1,0,0,1786615467.944916,nan,-0.00013587375060773214,-0.00028060875362378264,-0.0019380303089636616,-0.066948356288342836,0.021061635135982471,9.5864180862635067
1786615467.9653361,1786615467.9648151,vesc,0.0012853823723193377,0.0012853823723193377,nan,nan,0.01,1,0,1,0,0,1786615467.9648151,nan,0.0019570270479366309,0.00077599624767595173,0.0012853823723193377,-0.090728371233708138,0.025891033475417657,9.5717813354161763
1786615467.9852386,1786615467.9848001,vesc,0.0012575316630191562,0.0012575316630191562,nan,nan,0.01,1,0,1,0,0,1786615467.9848001,nan,-0.00017335514220734541,-0.0002891974481392882,0.0012575316630191562,-0.062776614421275134,0.05924004465417454,9.6392640541478158
1786615468.0050416,1786615468.0047529,vesc,-0.00089106301197013917,-0.00089106301197013917,nan,nan,0.01,1,0,1,0,0,1786615468.0047529,nan,-0.0012135582961138242,-0.0024139589119669758,-0.00089106301197013917,-0.10403009305518207,0.040506149623908527,9.4806466283586133
1786615468.0251944,1786615468.0247343,vesc,-0.00087570614321554941,-0.00087570614321554941,nan,nan,0.01,1,0,1,0,0,1786615468.0247343,nan,-0.00014836720104183631,-0.0013487319266381099,-0.00087570614321554941,-0.039277503382379564,0.011236083168590483,9.6777340570140495
1786615468.0453222,1786615468.0447981,vesc,-0.00084785543391536762,-0.00084785543391536762,nan,nan,0.01,1,0,1,0,0,1786615468.0447981,nan,0.0019820149891021394,-0.00028353823082286983,-0.00084785543391536762,-0.095742797411360492,0.016259645621090613,9.5908584620199235
1786615468.065213,1786615468.0648088,vesc,0.00020197492379644315,0.00020197492379644315,nan,nan,0.01,1,0,1,0,0,1786615468.0648088,nan,0.00090432992344739716,-0.0013516281143235711,0.00020197492379644315,-0.081205120328479374,0.030667843416829044,9.5766965051038824
1786615468.0852072,1786615468.0848172,vesc,0.00020093407383768989,0.00020093407383768989,nan,nan,0.01,1,0,1,0,0,1786615468.0848172,nan,-0.00016086117162459086,0.0029094473148573237,0.00020093407383768989,-0.038266273073403134,0.064158064859633157,9.5916607000417571
1786615468.1051934,1786615468.104811,vesc,0.00019807085057294823,0.00019807085057294823,nan,nan,0.01,1,0,1,0,0,1786615468.104811,nan,-0.00016086117162459086,0.0018441870400148319,0.00019807085057294823,-0.10464805241333597,0.016414414117011944,9.533269232595444
1786615468.1257172,1786615468.1247506,vesc,0.0012603948212653164,0.0012603948212653164,nan,nan,0.01,1,0,1,0,0,1786615468.1247506,nan,-0.00017335514220734541,0.00077606386700050461,0.0012603948212653164,-0.010539241213400885,0.059135379489518414,9.6781994953998947
1786615468.1454787,1786615468.1449876,vesc,0.0022977314359594074,0.0022977314359594074,nan,nan,0.01,1,0,1,0,0,1786615468.1449876,nan,-0.0023162307827854257,-0.00029199272698657058,0.0022977314359594074,-0.086331904414209681,0.035380809069604169,9.6053911324241881
1786615468.1659763,1786615468.164969,vesc,-0.00086034914442379708,-0.00086034914442379708,nan,nan,0.01,1,0,1,0,0,1786615468.164969,nan,0.00091682389403015165,-0.00028350494130924384,-0.00086034914442379708,-0.076359231012943951,0.021100555666833998,9.5719368713591848
1786615468.1864748,1786615468.1850758,vesc,0.00018948118077872315,0.00018948118077872315,nan,nan,0.01,1,0,1,0,0,1786615468.1850758,nan,-0.00016086117162459086,-0.001351594824809945,0.00018948118077872315,-0.024515119619617387,0.016115767564787831,9.6443873847216537
1786615468.2052031,1786615468.2048457,vesc,0.0012479011107568872,0.0012479011107568872,nan,nan,0.01,1,0,1,0,0,1786615468.2048457,nan,-0.0012385462372793334,0.00077609715651413066,0.0012479011107568872,-0.080924234694559338,0.054682359128712221,9.5528117975850364
1786615468.2254515,1786615468.2247508,vesc,-0.00086034914442379708,-0.00086034914442379708,nan,nan,0.01,1,0,1,0,0,1786615468.2247508,nan,0.00091682389403015165,-0.00028350494130924384,-0.00086034914442379708,-0.071850424557917236,-0.017284150937420861,9.5958391205257385
1786615468.2450581,1786615468.244669,vesc,0.00018557710755522823,0.00018557710755522823,nan,nan,0.01,1,0,1,0,0,1786615468.244669,nan,-0.0012260522666965789,0.0018442203295284576,0.00018557710755522823,-0.072018961420034167,0.059317593355082465,9.6104138908845016
1786615468.2650495,1786615468.2646508,vesc,0.0012757519500942313,0.0012757519500942313,nan,nan,0.01,1,0,1,0,0,1786615468.2646508,nan,0.00089183595286464255,0.0018412908523293707,0.0012757519500942313,-0.062664256513197181,0.035315649157389828,9.6296208256812861
1786615468.2849689,1786615468.284646,vesc,-0.0030003542146374487,-0.0030003542146374487,nan,nan,0.01,1,0,1,0,0,1786615468.284646,nan,-0.00012337978002497762,0.00078751545968784543,-0.0030003542146374487,-0.029641903705347694,0.020828696672463565,9.6730820120419594
1786615468.3049364,1786615468.3046327,vesc,0.00020483814706118484,0.00020483814706118484,nan,nan,0.01,1,0,1,0,0,1786615468.3046327,nan,0.00090432992344739716,-0.00028636783948107899,0.00020483814706118484,-0.11349715587009701,0.040532169734674994,9.4709554527216824
1786615468.3249702,1786615468.3245819,vesc,0.00020197492379644315,0.00020197492379644315,nan,nan,0.01,1,0,1,0,0,1786615468.3245819,nan,0.00090432992344739716,-0.0013516281143235711,0.00020197492379644315,-0.048632199152941702,0.020867909564110221,9.6584885305923081
1786615468.3450658,1786615468.3446398,vesc,-0.00087284285493222644,-0.00087284285493222644,nan,nan,0.01,1,0,1,0,0,1786615468.3446398,nan,-0.00014836720104183631,-0.00028347165179561784,-0.00087284285493222644,-0.066835998380264883,0.054617491577293009,9.5769292242968049
1786615468.3650188,1786615468.364625,vesc,-0.0019533871777182511,-0.0019533871777182511,nan,nan,0.01,1,0,1,0,0,1786615468.364625,nan,-0.0012010648456797202,-0.0013458357389526487,-0.0019533871777182511,-0.052635404157892474,0.030628338164387259,9.5914022530988632
1786615468.3851666,1786615468.3847408,vesc,0.00016449369474328318,0.00016449369474328318,nan,nan,0.01,1,0,1,0,0,1786615468.3847408,nan,-0.0022912428416199163,-0.0013515272054853921,0.00016449369474328318,-0.10487278650204157,0.021152961339360843,9.552441084096813
1786615468.4047685,1786615468.4045005,vesc,-0.0019323037323970157,-0.0019323037323970157,nan,nan,0.01,1,0,1,0,0,1786615468.4045005,nan,-0.00013587375060773214,0.001849912836358502,-0.0019323037323970157,0.0034366326246781931,0.063834860000618221,9.7119086950782503
1786615468.4247093,1786615468.4244244,vesc,-0.00086034914442379708,-0.00086034914442379708,nan,nan,0.01,1,0,1,0,0,1786615468.4244244,nan,0.00091682389403015165,-0.00028350494130924384,-0.00086034914442379708,-0.13761423540342133,0.030914303567122658,9.4850180069673797
1786615468.4451437,1786615468.4446936,vesc,-0.0008824734071944954,-0.0008824734071944954,nan,nan,0.01,1,0,1,0,0,1786615468.4446936,nan,-0.0012135582961138242,0.00078182295285780096,-0.0008824734071944954,-0.034319256158766187,-0.0030955160988241914,9.6633826503027649
1786615468.464962,1786615468.4645755,vesc,-0.00086997969668606593,-0.00086997969668606593,nan,nan,0.01,1,0,1,0,0,1786615468.4645755,nan,-0.00014836720104183631,0.00078178966334417502,-0.00086997969668606593,-0.076752492827491636,0.030590477441418074,9.6054905350945319
1786615468.4847932,1786615468.4844997,vesc,-0.00086034914442379708,-0.00086034914442379708,nan,nan,0.01,1,0,1,0,0,1786615468.4844997,nan,0.00091682389403015165,-0.00028350494130924384,-0.00086034914442379708,-0.072243677236190074,-0.0077942291628367855,9.6293916148179051
1786615468.5050712,1786615468.5046351,vesc,-0.0008824734071944954,-0.0008824734071944954,nan,nan,0.01,1,0,1,0,0,1786615468.5046351,nan,-0.0012135582961138242,0.00078182295285780096,-0.0008824734071944954,-0.034206898250688234,0.059200502856633364,9.6539698021427967
1786615468.52508,1786615468.5246475,vesc,-0.00088819985372397866,-0.00088819985372397866,nan,nan,0.01,1,0,1,0,0,1786615468.5246475,nan,-0.0012135582961138242,-0.001348698637124484,-0.00088819985372397866,-0.10470424050364979,0.016401550242026275,9.538059271862835
1786615468.5448534,1786615468.5445025,vesc,0.00019807085057294823,0.00019807085057294823,nan,nan,0.01,1,0,1,0,0,1786615468.5445025,nan,-0.00016086117162459086,0.0018441870400148319,0.00019807085057294823,-0.053421909514438148,0.025658095011898752,9.658445261194629
1786615468.5649824,1786615468.5645666,vesc,-0.00084785543391536762,-0.00084785543391536762,nan,nan,0.01,1,0,1,0,0,1786615468.5645666,nan,0.0019820149891021394,-0.00028353823082286983,-0.00084785543391536762,-0.03916514547430161,0.054372018144682954,9.6682709227973191
1786615468.5849047,1786615468.5845144,vesc,0.0012642990570352647,0.0012642990570352647,nan,nan,0.01,1,0,1,0,0,1786615468.5845144,nan,0.00089183595286464255,-0.0024197512873378982,0.0012642990570352647,-0.095012461872578946,0.049957150867641076,9.5286826764414627
1786615468.6061146,1786615468.604533,vesc,0.00018844033081996989,0.00018844033081996989,nan,nan,0.01,1,0,1,0,0,1786615468.604533,nan,-0.0012260522666965789,0.0029094806043709499,0.00018844033081996989,-0.043673951929328325,0.011326349564086513,9.6441499877560091
1786615468.624948,1786615468.6245813,vesc,0.00020770137032592652,0.00020770137032592652,nan,nan,0.01,1,0,1,0,0,1786615468.6245813,nan,0.00090432992344739716,0.00077889243536141293,0.00020770137032592652,-0.071288635017527469,0.059484933365194337,9.5481480581811411
1786615468.6453478,1786615468.6449361,vesc,0.00018271388429048652,0.00018271388429048652,nan,nan,0.01,1,0,1,0,0,1786615468.6449361,nan,-0.0012260522666965789,0.00077896005468596581,0.00018271388429048652,-0.057874546151700734,0.030525500254700688,9.6296640950789651
1786615468.6651762,1786615468.6647031,vesc,0.0012603948212653164,0.0012603948212653164,nan,nan,0.01,1,0,1,0,0,1786615468.6647031,nan,-0.00017335514220734541,0.00077606386700050461,0.0012603948212653164,-0.04288744657278265,0.035456676695940104,9.5771584351601859
1786615468.6848979,1786615468.6844859,vesc,-0.00085748598617763668,-0.00085748598617763668,nan,nan,0.01,1,0,1,0,0,1786615468.6844859,nan,0.00091682389403015165,0.00078175533353324808,-0.00085748598617763668,-0.11462073495087655,0.054644790766538165,9.5667878130353756
1786615468.7048712,1786615468.7044477,vesc,0.0012853823723193377,0.0012853823723193377,nan,nan,0.01,1,0,1,0,0,1786615468.7044477,nan,0.0019570270479366309,0.00077599624767595173,0.0012853823723193377,-0.034768687791078001,0.0063815052556748242,9.7017251838623224
1786615468.7248385,1786615468.7243514,vesc,0.00021446866681416318,0.00021446866681416318,nan,nan,0.01,1,0,1,0,0,1786615468.7243514,nan,0.0019695210185193849,-0.0013516614038371971,0.00021446866681416318,-0.099240382693685625,0.059666087422876046,9.4807553865744012
1786615468.744998,1786615468.7445376,vesc,-0.0019351668906431761,-0.0019351668906431761,nan,nan,0.01,1,0,1,0,0,1786615468.7445376,nan,-0.00013587375060773214,0.00078465256151601006,-0.0019351668906431761,-0.048295125428707841,0.0065750846471495095,9.6297120422493663
1786615468.7649293,1786615468.7644482,vesc,0.00017022014127276652,0.00017022014127276652,nan,nan,0.01,1,0,1,0,0,1786615468.7644482,nan,-0.0022912438819172173,0.00077899334419959175,0.00017022014127276652,-0.071738066649839283,0.045011904563136085,9.5864262723657703
1786615468.7849565,1786615468.7844098,vesc,0.0012479011107568872,0.0012479011107568872,nan,nan,0.01,1,0,1,0,0,1786615468.7844098,nan,-0.0012385462372793334,0.00077609715651413066,0.0012479011107568872,-0.062271003834924343,0.064145895341535919,9.5961700729458244
1786615468.8048379,1786615468.8044424,vesc,-0.0030243008182048448,-0.0030243008182048448,nan,nan,0.01,1,0,1,0,0,1786615468.8044424,nan,-0.0011885708750969657,-0.0034734933904657975,-0.0030243008182048448,-0.12358217804316585,0.01646652742874366,9.5138857118784017
1786615468.8247945,1786615468.8243966,vesc,0.00019520762730820652,0.00019520762730820652,nan,nan,0.01,1,0,1,0,0,1786615468.8243966,nan,-0.00016086117162459086,0.00077892676517233987,0.00019520762730820652,-0.039333682336418541,0.039963308717553048,9.6826012795313545
1786615468.845794,1786615468.8449948,vesc,-0.00088533669547781837,-0.00088533669547781837,nan,nan,0.01,1,0,1,0,0,1786615468.8449948,nan,-0.0012135582961138242,-0.00028343732198469102,-0.00088533669547781837,-0.11411511522825091,0.035600554752242886,9.5236295124584558
1786615468.8649652,1786615468.8645372,vesc,-0.0019562503359644118,-0.0019562503359644118,nan,nan,0.01,1,0,1,0,0,1786615468.8645372,nan,-0.0012010648456797202,-0.0024110960137951405,-0.0019562503359644118,-0.090953087049864045,0.035419583420058132,9.590966050792531
1786615468.8849025,1786615468.8844771,vesc,0.0023005945942055676,0.0023005945942055676,nan,nan,0.01,1,0,1,0,0,1786615468.8844771,nan,-0.0023162318230827263,0.00077326754785592144,0.0023005945942055676,-0.066723640472186929,0.06422329786204628,9.5673760429551749
1786615468.9048581,1786615468.904438,vesc,0.0012575316630191562,0.0012575316630191562,nan,nan,0.01,1,0,1,0,0,1786615468.904438,nan,-0.00017335514220734541,-0.0002891974481392882,0.0012575316630191562,-0.067004535242381813,-0.01248139397544179,9.5911180784059979
1786615468.9246876,1786615468.9243412,vesc,0.0012536276873235332,0.0012536276873235332,nan,nan,0.01,1,0,1,0,0,1786615468.9243412,nan,-0.0012385462372793334,0.002906617706199115,0.0012536276873235332,-0.043617782111564196,0.068819465377167433,9.6395143149884461
1786615468.9447985,1786615468.9443696,vesc,0.00019234440404346486,0.00019234440404346486,nan,nan,0.01,1,0,1,0,0,1786615468.9443696,nan,-0.00016086117162459086,-0.00028633454996745305,0.00019234440404346486,-0.085826302964133738,0.054656741014039056,9.5623357428471536
1786615468.9648061,1786615468.9643841,vesc,0.00017698743776100315,0.00017698743776100315,nan,nan,0.01,1,0,1,0,0,1786615468.9643841,nan,-0.0012260522666965789,-0.001351561535296319,0.00017698743776100315,-0.057874546151700734,0.044895544966674805,9.6297026867039222
1786615468.9847753,1786615468.984354,vesc,-0.00086034914442379708,-0.00086034914442379708,nan,nan,0.01,1,0,1,0,0,1786615468.984354,nan,0.00091682389403015165,-0.00028350494130924384,-0.00086034914442379708,-0.053758992374946857,0.025580838671785955,9.6871831579126138
1786615469.0044837,1786615469.0042026,vesc,0.00019234440404346486,0.00019234440404346486,nan,nan,0.01,1,0,1,0,0,1786615469.0042026,nan,-0.00016086117162459086,-0.00028633454996745305,0.00019234440404346486,-0.099240382693685625,0.074036132134850163,9.4807939781993582
1786615469.0244262,1786615469.0241587,vesc,0.00017698743776100315,0.00017698743776100315,nan,nan,0.01,1,0,1,0,0,1786615469.0241587,nan,-0.0012260522666965789,-0.001351561535296319,0.00017698743776100315,-0.053197193698282241,-0.003030538912106806,9.6392090903183316
1786615469.0446963,1786615469.0442283,vesc,0.0012354074002484579,0.0012354074002484579,nan,nan,0.01,1,0,1,0,0,1786615469.0442283,nan,-0.0023037378524999718,0.0007761304460277566,0.0012354074002484579,-0.076415419103257776,0.068987901740261037,9.5768555493764325
1786615469.0647109,1786615469.0643322,vesc,-0.00087570614321554941,-0.00087570614321554941,nan,nan,0.01,1,0,1,0,0,1786615469.0643322,nan,-0.00014836720104183631,-0.0013487319266381099,-0.00087570614321554941,-0.071906603511956213,0.0018630691669585531,9.6006794458498916
1786615469.0846484,1786615469.0843008,vesc,0.00015772639825504655,0.00015772639825504655,nan,nan,0.01,1,0,1,0,0,1786615469.0843008,nan,-0.0033564354971378557,0.0007790266337132178,0.00015772639825504655,-0.04389867688175908,0.030434941498409529,9.6633604308823351
1786615469.1046753,1786615469.1042702,vesc,0.00018948118077872315,0.00018948118077872315,nan,nan,0.01,1,0,1,0,0,1786615469.1042702,nan,-0.00016086117162459086,-0.001351594824809945,0.00018948118077872315,-0.099352740601763578,0.045270241870731809,9.4902957040410456
1786615469.1247921,1786615469.124413,vesc,0.00017022014127276652,0.00017022014127276652,nan,nan,0.01,1,0,1,0,0,1786615469.124413,nan,-0.0022912438819172173,0.00077899334419959175,0.00017022014127276652,-0.030316051153815415,0.030254262527019904,9.7305847026710808
1786615469.1449311,1786615469.1444592,vesc,0.00019520762730820652,0.00019520762730820652,nan,nan,0.01,1,0,1,0,0,1786615469.1444592,nan,-0.00016086117162459086,0.00077892676517233987,0.00019520762730820652,-0.080643330788089607,0.030796591801983908,9.5287996207595143
1786615469.1601148,1786615469.159739,vesc,0.0012479011107568872,0.0012479011107568872,nan,nan,0.01,1,0,1,0,0,1786615469.159739,nan,-0.0012385462372793334,0.00077609715651413066,0.0012479011107568872,-0.067173072104498743,0.03538018780291452,9.605615665514847
1786615469.1847243,1786615469.184269,vesc,0.0023255820152224267,0.0023255820152224267,nan,nan,0.01,1,0,1,0,0,1786615469.184269,nan,-0.00018584859264144957,0.00077320096882866945,0.0023255820152224267,-0.058043083013817665,0.006536785382987631,9.6439687240630292
1786615469.2049284,1786615469.2044573,vesc,0.0012354074002484579,0.0012354074002484579,nan,nan,0.01,1,0,1,0,0,1786615469.2044573,nan,-0.0023037378524999718,0.0007761304460277566,0.0012354074002484579,-0.048351304382746818,0.040092349463503041,9.6345909591984764
1786615469.2246544,1786615469.2242634,vesc,-0.0019533871777182511,-0.0019533871777182511,nan,nan,0.01,1,0,1,0,0,1786615469.2242634,nan,-0.0012010648456797202,-0.0013458357389526487,-0.0019533871777182511,-0.095349535596812807,0.040299889082945128,9.5573948454094761
1786615469.2447019,1786615469.2442918,vesc,-0.00087856930146170981,-0.00087856930146170981,nan,nan,0.01,1,0,1,0,0,1786615469.2442918,nan,-0.00014836720104183631,-0.002413992201480602,-0.00087856930146170981,-0.058323986920287396,0.030422516164616553,9.6679809008885513
1786615469.2646334,1786615469.2642117,vesc,0.00019807085057294823,0.00019807085057294823,nan,nan,0.01,1,0,1,0,0,1786615469.2642117,nan,-0.00016086117162459086,0.0018441870400148319,0.00019807085057294823,-0.072018961420034167,0.011417383406669757,9.6102852521346449
1786615469.2846169,1786615469.2841799,vesc,0.0012603948212653164,0.0012603948212653164,nan,nan,0.01,1,0,1,0,0,1786615469.2841799,nan,-0.00017335514220734541,0.00077606386700050461,0.0012603948212653164,-0.052916298928087357,0.044934026956333639,9.6153898716175945
1786615469.3045998,1786615469.3041692,vesc,0.0023159517230344827,0.0023159517230344827,nan,nan,0.01,1,0,1,0,0,1786615469.3041692,nan,-0.0012510396877134374,0.0018384945331847875,0.0023159517230344827,-0.071513350833683376,0.045063396608178152,9.5672672847393869
1786615469.3246703,1786615469.3242855,vesc,-0.0019533871777182511,-0.0019533871777182511,nan,nan,0.01,1,0,1,0,0,1786615469.3242855,nan,-0.0012010648456797202,-0.0013458357389526487,-0.0019533871777182511,-0.047901872750435004,0.011455207584539551,9.5961969701389762
1786615469.3446746,1786615469.3441756,vesc,0.00017985066102574486,0.00017985066102574486,nan,nan,0.01,1,0,1,0,0,1786615469.3441756,nan,-0.0012260522666965789,-0.00028630022015652622,0.00017985066102574486,-0.04373014001964215,0.035263572390757503,9.6490043463983284
1786615469.3644686,1786615469.3640895,vesc,0.0023438023022975016,0.0023438023022975016,nan,nan,0.01,1,0,1,0,0,1786615469.3640895,nan,0.00087934250243053844,0.0029036882290000275,0.0023438023022975016,-0.071681887695800306,0.035444689903339821,9.5816116747915885
1786615469.3846006,1786615469.3842998,vesc,0.0012632581095486394,0.0012632581095486394,nan,nan,0.01,1,0,1,0,0,1786615469.3842998,nan,-0.00017335514220734541,0.0018413241418429966,0.0012632581095486394,-0.071681887695800306,0.040234729170730787,9.5816245386665742
1786615469.404614,1786615469.4042053,vesc,0.00020770137032592652,0.00020770137032592652,nan,nan,0.01,1,0,1,0,0,1786615469.4042053,nan,0.00090432992344739716,0.00077889243536141293,0.00020770137032592652,-0.029922798475542578,0.035134385464409945,9.6970696305606907
1786615469.4245126,1786615469.4241128,vesc,0.00015772639825504655,0.00015772639825504655,nan,nan,0.01,1,0,1,0,0,1786615469.4241128,nan,-0.0033564354971378557,0.0007790266337132178,0.00015772639825504655,-0.085376871331821924,0.049969685836732225,9.5240049037194012
1786615469.4445419,1786615469.4440908,vesc,0.00018271388429048652,0.00018271388429048652,nan,nan,0.01,1,0,1,0,0,1786615469.4440908,nan,-0.0012260522666965789,0.00077896005468596581,0.00018271388429048652,-0.048295125428707841,-0.0030049573425330323,9.6296863144993949
1786615469.4645541,1786615469.464112,vesc,0.00018271388429048652,0.00018271388429048652,nan,nan,0.01,1,0,1,0,0,1786615469.464112,nan,-0.0012260522666965789,0.00077896005468596581,0.00018271388429048652,-0.071906603511956213,0.04018323712568872,9.600782356849777
1786615469.4843674,1786615469.4839962,vesc,0.0012546685047729958,0.0012546685047729958,nan,nan,0.01,1,0,1,0,0,1786615469.4839962,nan,-0.00017335514220734541,-0.0013544577229817802,0.0012546685047729958,-0.091065444957941999,0.025813777135304861,9.600519232134161
1786615469.5043826,1786615469.5040443,vesc,0.0012603948212653164,0.0012603948212653164,nan,nan,0.01,1,0,1,0,0,1786615469.5040443,nan,-0.00017335514220734541,0.00077606386700050461,0.0012603948212653164,-0.020006304028315824,0.044791354888310764,9.6684697281380068
1786615469.5244637,1786615469.5240834,vesc,0.00019234440404346486,0.00019234440404346486,nan,nan,0.01,1,0,1,0,0,1786615469.5240834,nan,-0.00016086117162459086,-0.00028633454996745305,0.00019234440404346486,-0.10403009305518207,0.011766023654860902,9.4805694451086993
1786615469.5445335,1786615469.5440981,vesc,0.00018271388429048652,0.00018271388429048652,nan,nan,0.01,1,0,1,0,0,1786615469.5440981,nan,-0.0012260522666965789,0.00077896005468596581,0.00018271388429048652,-0.029585724751308717,0.016051521280058267,9.6682802783427633
1786615469.5644288,1786615469.563987,vesc,0.00021056459359066821,0.00021056459359066821,nan,nan,0.01,1,0,1,0,0,1786615469.563987,nan,0.00090432992344739716,0.001844153750501206,0.00021056459359066821,-0.10053250777285694,0.025839833791170719,9.5908280564972301
1786615469.5842791,1786615469.5839319,vesc,0.0012728886618109084,0.0012728886618109084,nan,nan,0.01,1,0,1,0,0,1786615469.5839319,nan,0.00089183595286464255,0.00077602953718957789,0.0012728886618109084,-0.071850424557917236,0.035406061733283423,9.5959806231505809
1786615469.6047528,1786615469.6040165,vesc,0.0012479011107568872,0.0012479011107568872,nan,nan,0.01,1,0,1,0,0,1786615469.6040165,nan,-0.0012385462372793334,0.00077609715651413066,0.0012479011107568872,-0.10036396177446516,0.0067183414367626426,9.5764076526382951
1786615469.6243553,1786615469.6239865,vesc,-0.0029878607642033444,-0.0029878607642033444,nan,nan,0.01,1,0,1,0,0,1786615469.6239865,nan,0.00094181131504701037,0.0007874811298769185,-0.0029878607642033444,-0.024796014389812271,0.05437154305839087,9.6684393226153134
1786615469.6447706,1786615469.6443851,vesc,-0.00086893874919944086,-0.00086893874919944086,nan,nan,0.01,1,0,1,0,0,1786615469.6443851,nan,0.00091682389403015165,-0.0034792868061340205,-0.00086893874919944086,-0.11422747313632886,0.021204745745198039,9.5331698299251002
1786615469.664237,1786615469.6639071,vesc,0.0012700253735275855,0.0012700253735275855,nan,nan,0.01,1,0,1,0,0,1786615469.6639071,nan,0.00089183595286464255,-0.0002892307376529142,0.0012700253735275855,-0.062945151283392065,0.063991419206409716,9.6536458663817939
1786615469.6842802,1786615469.6839173,vesc,0.0012450379525107266,0.0012450379525107266,nan,nan,0.01,1,0,1,0,0,1786615469.6839173,nan,-0.0012385462372793334,-0.00028916311832836143,0.0012450379525107266,-0.081373666326871152,0.030629251791872036,9.5910654534628748
1786615469.7045302,1786615469.7041118,vesc,0.00018661795751398149,0.00018661795751398149,nan,nan,0.01,1,0,1,0,0,1786615469.7041118,nan,-0.00016086117162459086,-0.0024168550996524372,0.00018661795751398149,-0.053421909514438148,0.0017079717651427018,9.6583809418197006
1786615469.7244406,1786615469.724045,vesc,-0.00089210395945676425,-0.00089210395945676425,nan,nan,0.01,1,0,1,0,0,1786615469.724045,nan,-0.0022787499113344628,0.001847116517213919,-0.00089210395945676425,-0.081205120328479374,0.03545788268422001,9.576709368978868
1786615469.7444479,1786615469.7440279,vesc,-0.001950524019472091,-0.001950524019472091,nan,nan,0.01,1,0,1,0,0,1786615469.7440279,nan,-0.0012010648456797202,-0.00028057442381285586,-0.001950524019472091,-0.076752492827491636,0.025800474719126498,9.6054776712195462
1786615469.764343,1786615469.7639227,vesc,0.0012421747942645664,0.0012421747942645664,nan,nan,0.01,1,0,1,0,0,1786615469.7639227,nan,-0.0012385462372793334,-0.0013544244334681541,0.0012421747942645664,-0.086388092504523506,0.049737989906592617,9.610219763316536
1786615469.7845993,1786615469.7841854,vesc,0.00017126099123151978,0.00017126099123151978,nan,nan,0.01,1,0,1,0,0,1786615469.7841854,nan,-0.0012260522666965789,-0.0034820820849813029,0.00017126099123151978,-0.058211619875934595,0.025658241192296316,9.6583891279219642
1786615469.8042178,1786615469.8038349,vesc,0.0012450379525107266,0.0012450379525107266,nan,nan,0.01,1,0,1,0,0,1786615469.8038349,nan,-0.0012385462372793334,-0.00028916311832836143,0.0012450379525107266,-0.10915687714091238,0.050009081453875837,9.5093552889970852
1786615469.8243032,1786615469.8238354,vesc,0.0012603948212653164,0.0012603948212653164,nan,nan,0.01,1,0,1,0,0,1786615469.8238354,nan,-0.00017335514220734541,0.00077606386700050461,0.0012603948212653164,-0.015441309482975285,0.03515967467318859,9.687657951843903
1786615469.8444855,1786615469.843962,vesc,-0.00086711640840274296,-0.00086711640840274296,nan,nan,0.01,1,0,1,0,0,1786615469.843962,nan,-0.00014836720104183631,0.0018470499381866669,-0.00086711640840274296,-0.113890399412095,0.035652083342384344,9.5044705248320724
1786615469.8644273,1786615469.8639832,vesc,0.0012786151083403919,0.0012786151083403919,nan,nan,0.01,1,0,1,0,0,1786615469.8639832,nan,0.00089183595286464255,0.0029065511271718623,0.0012786151083403919,-0.043449236113172418,0.011377841609128581,9.6249910001296257
1786615469.8844929,1786615469.8840332,vesc,0.0023255820152224267,0.0023255820152224267,nan,nan,0.01,1,0,1,0,0,1786615469.8840332,nan,-0.00018584859264144957,0.00077320096882866945,0.0023255820152224267,-0.043280699251055488,0.054526677005306112,9.6107378266455044
1786615469.9047155,1786615469.9039648,vesc,0.0012546685047729958,0.0012546685047729958,nan,nan,0.01,1,0,1,0,0,1786615469.9039648,nan,-0.00017335514220734541,-0.0013544577229817802,0.0012546685047729958,-0.10008307614054512,0.040312899138328362,9.5525486728694204
1786615469.9241877,1786615469.9238584,vesc,0.00018557710755522823,0.00018557710755522823,nan,nan,0.01,1,0,1,0,0,1786615469.9238584,nan,-0.0012260522666965789,0.0018442203295284576,0.00018557710755522823,-0.010763957029556792,0.059083887444476346,9.697358483026278
1786615469.9442201,1786615469.9438391,vesc,0.00017985066102574486,0.00017985066102574486,nan,nan,0.01,1,0,1,0,0,1786615469.9438391,nan,-0.0012260522666965789,-0.00028630022015652622,0.00017985066102574486,-0.10893216132475647,0.040480531509235362,9.4901705736207305
1786615469.9641852,1786615469.9638352,vesc,-0.00085462269789431371,-0.00085462269789431371,nan,nan,0.01,1,0,1,0,0,1786615469.9638352,nan,0.00091682389403015165,0.001847016648673041,-0.00085462269789431371,-0.048463662290824772,0.011326495744484077,9.6440938544833443
1786615469.9848816,1786615469.9837763,vesc,-0.00084212898738588436,-0.00084212898738588436,nan,nan,0.01,1,0,1,0,0,1786615469.9837763,nan,0.0019820149891021394,0.0018469823188621143,-0.00084212898738588436,-0.062551898605119227,0.030551410730168982,9.6200278832715185
1786615470.0042377,1786615470.003829,vesc,0.00020483814706118484,0.00020483814706118484,nan,nan,0.01,1,0,1,0,0,1786615470.003829,nan,0.00090432992344739716,-0.00028636783948107899,0.00020483814706118484,-0.071794245603878259,0.064159124667515499,9.5912677671331039
1786615470.0244255,1786615470.0240881,vesc,-0.00086607559095328035,-0.00086607559095328035,nan,nan,0.01,1,0,1,0,0,1786615470.0240881,nan,0.00091682389403015165,-0.0024140254909942277,-0.00086607559095328035,-0.048463662290824772,-0.007833588234881006,9.6440423989834017
1786615470.0440245,1786615470.0437162,vesc,0.0012536276873235332,0.0012536276873235332,nan,nan,0.01,1,0,1,0,0,1786615470.0437162,nan,-0.0012385462372793334,0.002906617706199115,0.0012536276873235332,-0.024627477527695341,0.059200210495838235,9.6540832381313066
1786615470.0641041,1786615470.0637622,vesc,0.00018661795751398149,0.00018661795751398149,nan,nan,0.01,1,0,1,0,0,1786615470.0637622,nan,-0.00016086117162459086,-0.0024168550996524372,0.00018661795751398149,-0.076303052058904974,0.011533377552137125,9.5671211043418225
1786615470.0839875,1786615470.0836313,vesc,0.0012296809537189744,0.0012296809537189744,nan,nan,0.01,1,0,1,0,0,1786615470.0836313,nan,-0.0023037368122026708,-0.0013543901036572276,0.0012296809537189744,-0.10053250777285694,0.05936999902760931,9.5909181036221298
1786615470.104197,1786615470.1038287,vesc,0.00015486317499030486,0.00015486317499030486,nan,nan,0.01,1,0,1,0,0,1786615470.1038287,nan,-0.0033564344568405551,-0.00028623364112927423,0.00015486317499030486,-0.085433041149586053,0.049956821961746556,9.5287949429867922
1786615470.1242857,1786615470.1238737,vesc,-0.00088819985372397866,-0.00088819985372397866,nan,nan,0.01,1,0,1,0,0,1786615470.1238737,nan,-0.0012135582961138242,-0.001348698637124484,-0.00088819985372397866,-0.067959577461044418,0.016039863393352505,9.6726200819856558
1786615470.1440516,1786615470.1437101,vesc,0.00022019511334364655,0.00022019511334364655,nan,nan,0.01,1,0,1,0,0,1786615470.1437101,nan,0.0019695210185193849,0.00077885914584778699,0.00022019511334364655,-0.057537472427466874,0.05934288256386111,9.6010033816108944
1786615470.1644063,1786615470.1639366,vesc,-0.00086997969668606593,-0.00086997969668606593,nan,nan,0.01,1,0,1,0,0,1786615470.1639366,nan,-0.00014836720104183631,0.00078178966334417502,-0.00086997969668606593,-0.071794245603878259,0.035418962153368483,9.5911905838831899
1786615470.1841171,1786615470.1837332,vesc,-0.00087570614321554941,-0.00087570614321554941,nan,nan,0.01,1,0,1,0,0,1786615470.1837332,nan,-0.00014836720104183631,-0.0013487319266381099,-0.00087570614321554941,-0.086388092504523506,0.040157947916910075,9.6101940355665647
1786615470.2038338,1786615470.2036242,vesc,0.00017412421449626149,0.00017412421449626149,nan,nan,0.01,1,0,1,0,0,1786615470.2036242,nan,-0.0012260522666965789,-0.0024168218101388111,0.00017412421449626149,-0.029698082659386671,0.039975916776842979,9.677923506809293
1786615470.2242808,1786615470.223664,vesc,-0.00089783040598624762,-0.00089783040598624762,nan,nan,0.01,1,0,1,0,0,1786615470.223664,nan,-0.0022787488710371622,-0.00028340403247106507,-0.00089783040598624762,-0.12352600822540172,0.054799559262459496,9.5091997530540766
1786615470.2438326,1786615470.2435541,vesc,-0.0019130426278724777,-0.0019130426278724777,nan,nan,0.01,1,0,1,0,0,1786615470.2435541,nan,0.0019945084395362441,-0.00028067533265103463,-0.0019130426278724777,-0.044179571651953964,0.016000504321308284,9.6872696967079719
1786615470.2638512,1786615470.2635136,vesc,0.0023716531416348458,0.0023716531416348458,nan,nan,0.01,1,0,1,0,0,1786615470.2635136,nan,0.0030097244325001894,0.0039688814046666167,0.0023716531416348458,-0.076303052058904974,0.025903458809210633,9.5671596959667795
1786615470.2838824,1786615470.2834935,vesc,-0.0019255363383809071,-0.0019255363383809071,nan,nan,0.01,1,0,1,0,0,1786615470.2834935,nan,0.00092931734446425576,-0.00028064204313740869,-0.0019255363383809071,-0.048182767520629888,0.011390851664511814,9.62014482758957
1786615470.3040218,1786615470.3036528,vesc,0.00018557710755522823,0.00018557710755522823,nan,nan,0.01,1,0,1,0,0,1786615470.3036528,nan,-0.0012260522666965789,0.0018442203295284576,0.00018557710755522823,-0.052860119974048381,0.059317008633492208,9.6106384239751605
1786615470.3240759,1786615470.3237405,vesc,0.0012671622152814249,0.0012671622152814249,nan,nan,0.01,1,0,1,0,0,1786615470.3237405,nan,0.00089183595286464255,-0.0013544910124954062,0.0012671622152814249,-0.10447952468749389,0.016453042287068342,9.5189002842364516
1786615470.3441653,1786615470.3437338,vesc,0.00016735691800802484,0.00016735691800802484,nan,nan,0.01,1,0,1,0,0,1786615470.3437338,nan,-0.0022912428416199163,-0.00028626693064290023,0.00016735691800802484,-0.034768687791078001,0.039911670492113416,9.7018152309872221
1786615470.3646777,1786615470.3637588,vesc,-0.00087570614321554941,-0.00087570614321554941,nan,nan,0.01,1,0,1,0,0,1786615470.3637588,nan,-0.00014836720104183631,-0.0013487319266381099,-0.00087570614321554941,-0.085713945056055785,0.025942379340062161,9.5526784810624576
1786615470.384042,1786615470.3836141,vesc,-0.00089783040598624762,-0.00089783040598624762,nan,nan,0.01,1,0,1,0,0,1786615470.3836141,nan,-0.0022787488710371622,-0.00028340403247106507,-0.00089783040598624762,-0.067285430012576697,0.059304546754599841,9.6152600634245573
1786615470.4044292,1786615470.4040308,vesc,0.00022019511334364655,0.00022019511334364655,nan,nan,0.01,1,0,1,0,0,1786615470.4040308,nan,0.0019695210185193849,0.00077885914584778699,0.00022019511334364655,-0.048744566197294503,0.020842145269039491,9.6680674396839095
1786615470.4253192,1786615470.4244957,vesc,0.0012575316630191562,0.0012575316630191562,nan,nan,0.01,1,0,1,0,0,1786615470.4244957,nan,-0.00017335514220734541,-0.0002891974481392882,0.0012575316630191562,-0.057481293473427897,0.073725827695920287,9.5962519339684604
1786615470.443887,1786615470.4435298,vesc,0.00020197492379644315,0.00020197492379644315,nan,nan,0.01,1,0,1,0,0,1786615470.4435298,nan,0.00090432992344739716,-0.0013516281143235711,0.00020197492379644315,-0.042999804480860604,0.040220951668260341,9.586750208126773
1786615470.4649611,1786615470.4638546,vesc,-0.0008824734071944954,-0.0008824734071944954,nan,nan,0.01,1,0,1,0,0,1786615470.4638546,nan,-0.0012135582961138242,0.00078182295285780096,-0.0008824734071944954,-0.048463671427099619,0.054436702970605211,9.6442096293582154
1786615470.4842489,1786615470.4839022,vesc,0.00018948118077872315,0.00018948118077872315,nan,nan,0.01,1,0,1,0,0,1786615470.4839022,nan,-0.00016086117162459086,-0.001351594824809945,0.00018948118077872315,-0.053028656836165311,0.025748215226997218,9.6249173252092532
1786615470.5038307,1786615470.5034931,vesc,0.0012489419282063498,0.0012489419282063498,nan,nan,0.01,1,0,1,0,0,1786615470.5034931,nan,-0.00017335514220734541,-0.0034849793129640648,0.0012489419282063498,-0.048744566197294503,0.035212226526113,9.6681060313088665
1786615470.524009,1786615470.5235569,vesc,0.00021733189007890484,0.00021733189007890484,nan,nan,0.01,1,0,1,0,0,1786615470.5235569,nan,0.0019695210185193849,-0.00028640112899470504,0.00021733189007890484,-0.089885677786848639,0.064404305739330425,9.5000383351779192
1786615470.543891,1786615470.5435185,vesc,0.0012575316630191562,0.0012575316630191562,nan,nan,0.01,1,0,1,0,0,1786615470.5435185,nan,-0.00017335514220734541,-0.0002891974481392882,0.0012575316630191562,-0.014710983080468587,0.016166967249034769,9.6253406636405998
1786615470.563947,1786615470.5635331,vesc,0.0023352125674846952,0.0023352125674846952,nan,nan,0.01,1,0,1,0,0,1786615470.5635331,nan,0.00087934250243053844,-0.0002920936358247494,0.0023352125674846952,-0.06249571965108025,0.064094403296493851,9.6153290605722077
1786615470.5841446,1786615470.5837498,vesc,0.0012632581095486394,0.0012632581095486394,nan,nan,0.01,1,0,1,0,0,1786615470.5837498,nan,-0.00017335514220734541,0.0018413241418429966,0.0012632581095486394,-0.067341608966615674,0.020971514920884005,9.6199460222488824
1786615470.604178,1786615470.6035628,vesc,0.0012421747942645664,0.0012421747942645664,nan,nan,0.01,1,0,1,0,0,1786615470.6035628,nan,-0.0012385462372793334,-0.0013544244334681541,0.0012421747942645664,-0.080980404512323467,0.021139330017287961,9.5575117897275277
1786615470.6238236,1786615470.6234384,vesc,0.0012479011107568872,0.0012479011107568872,nan,nan,0.01,1,0,1,0,0,1786615470.6234384,nan,-0.0012385462372793334,0.00077609715651413066,0.0012479011107568872,-0.011101030753790653,0.011106421155950841,9.7259677409944061
1786615470.6436877,1786615470.6433041,vesc,0.00019234440404346486,0.00019234440404346486,nan,nan,0.01,1,0,1,0,0,1786615470.6433041,nan,-0.00016086117162459086,-0.00028633454996745305,0.00019234440404346486,-0.14257249176330955,0.054825908279120483,9.4993951414286357
1786615470.6638012,1786615470.663466,vesc,-0.00085175953964815321,-0.00085175953964815321,nan,nan,0.01,1,0,1,0,0,1786615470.663466,nan,0.00091682389403015165,0.0029122769235155332,-0.00085175953964815321,-0.029585724751308717,0.035211605259423351,9.6683317338427059
1786615470.6840103,1786615470.6835706,vesc,-0.00088533669547781837,-0.00088533669547781837,nan,nan,0.01,1,0,1,0,0,1786615470.6835706,nan,-0.0012135582961138242,-0.00028343732198469102,-0.00088533669547781837,-0.071850424557917236,0.025826019743600881,9.5959548954006095
1786615470.7038691,1786615470.7034452,vesc,-0.00088533669547781837,-0.00088533669547781837,nan,nan,0.01,1,0,1,0,0,1786615470.7034452,nan,-0.0012135582961138242,-0.00028343732198469102,-0.00088533669547781837,-0.076527767875060881,0.016271888229386633,9.5862929558431915
1786615470.7239306,1786615470.7235487,vesc,0.002313088564788322,0.002313088564788322,nan,nan,0.01,1,0,1,0,0,1786615470.7235487,nan,-0.0012510396877134374,0.00077323425834229539,0.002313088564788322,-0.044123392697914987,0.039963454897950612,9.6825451462586898
1786615470.7443566,1786615470.7438941,vesc,0.00019234440404346486,0.00019234440404346486,nan,nan,0.01,1,0,1,0,0,1786615470.7438941,nan,-0.00016086117162459086,-0.00028633454996745305,0.00019234440404346486,-0.05742511451938892,-0.012481686336236919,9.5912303449513274
1786615470.7638733,1786615470.7634046,vesc,0.00019807085057294823,0.00019807085057294823,nan,nan,0.01,1,0,1,0,0,1786615470.7634046,nan,-0.00016086117162459086,0.0018441870400148319,0.00019807085057294823,-0.029754261613425648,0.030382974367075377,9.6826878183267127
1786615470.7839396,1786615470.7835772,vesc,-0.001950524019472091,-0.001950524019472091,nan,nan,0.01,1,0,1,0,0,1786615470.7835772,nan,-0.0012010648456797202,-0.00028057442381285586,-0.001950524019472091,-0.06249571965108025,0.011404190625789568,9.6151863885041848
1786615470.8038375,1786615470.8033605,vesc,-0.001950524019472091,-0.001950524019472091,nan,nan,0.01,1,0,1,0,0,1786615470.8033605,nan,-0.0012010648456797202,-0.00028057442381285586,-0.001950524019472091,-0.095742797411360492,0.030629726878164121,9.5908970536448805
1786615470.8240995,1786615470.8236578,vesc,-0.00087856930146170981,-0.00087856930146170981,nan,nan,0.01,1,0,1,0,0,1786615470.8236578,nan,-0.00014836720104183631,-0.002413992201480602,-0.00087856930146170981,-0.03409454034261028,0.020906099192973926,9.6442879820513099
1786615470.8439658,1786615470.8435378,vesc,-0.00087856930146170981,-0.00087856930146170981,nan,nan,0.01,1,0,1,0,0,1786615470.8435378,nan,-0.00014836720104183631,-0.002413992201480602,-0.00087856930146170981,-0.094956292054814817,0.05476001746491832,9.5239055010490574
1786615470.8636456,1786615470.8632936,vesc,0.00018661795751398149,0.00018661795751398149,nan,nan,0.01,1,0,1,0,0,1786615470.8632936,nan,-0.00016086117162459086,-0.0024168550996524372,0.00018661795751398149,-0.081373666326871152,0.021049209802189495,9.5910397257129034
1786615470.8835073,1786615470.8832037,vesc,0.00019234440404346486,0.00019234440404346486,nan,nan,0.01,1,0,1,0,0,1786615470.8832037,nan,-0.00016086117162459086,-0.00028633454996745305,0.00019234440404346486,-0.067341608966615674,0.040131598900249088,9.6199974777488251
1786615470.903861,1786615470.9033847,vesc,0.00017985066102574486,0.00017985066102574486,nan,nan,0.01,1,0,1,0,0,1786615470.9033847,nan,-0.0012260522666965789,-0.00028630022015652622,0.00017985066102574486,-0.080980413648598315,0.040299413996653044,9.5575632452274704
1786615470.9239399,1786615470.9233799,vesc,-0.00086034914442379708,-0.00086034914442379708,nan,nan,0.01,1,0,1,0,0,1786615470.9233799,nan,0.00091682389403015165,-0.00028350494130924384,-0.00086034914442379708,-0.039558398152574448,0.025541771960536863,9.7017205060896003
1786615470.943449,1786615470.943176,vesc,0.0023159517230344827,0.0023159517230344827,nan,nan,0.01,1,0,1,0,0,1786615470.943176,nan,-0.0012510396877134374,0.0018384945331847875,0.0023159517230344827,-0.09963364450823331,0.064365969930069156,9.5142961864347626
1786615470.9637694,1786615470.9632809,vesc,-0.00086034914442379708,-0.00086034914442379708,nan,nan,0.01,1,0,1,0,0,1786615470.9632809,nan,0.00091682389403015165,-0.00028350494130924384,-0.00086034914442379708,-0.052916298928087357,0.011403861719895048,9.6152998244926948
1786615470.9847898,1786615470.9843209,vesc,-0.00087961024894833511,-0.00087961024894833511,nan,nan,0.01,1,0,1,0,0,1786615470.9843209,nan,-0.0012135582961138242,0.0018470832277002929,-0.00087961024894833511,-0.06722925105853772,0.035367323927928851,9.610405704782238
1786615471.0035379,1786615471.0032508,vesc,-0.00089106301197013917,-0.00089106301197013917,nan,nan,0.01,1,0,1,0,0,1786615471.0032508,nan,-0.0012135582961138242,-0.0024139589119669758,-0.00089106301197013917,-0.03882807175006775,0.064029316474478293,9.6395575843861252
1786615471.0238354,1786615471.0233529,vesc,-0.00087570614321554941,-0.00087570614321554941,nan,nan,0.01,1,0,1,0,0,1786615471.0233529,nan,-0.00014836720104183631,-0.0013487319266381099,-0.00087570614321554941,-0.10436716677941593,0.035638854016404764,9.5093728306447929
1786615471.0433149,1786615471.0430532,vesc,-0.001950524019472091,-0.001950524019472091,nan,nan,0.01,1,0,1,0,0,1786615471.0430532,nan,-0.0012010648456797202,-0.00028057442381285586,-0.001950524019472091,-0.015722204253170169,0.0015651535167222619,9.7115169316127776
1786615471.0635042,1786615471.0632317,vesc,0.0012825190840360147,0.0012825190840360147,nan,nan,0.01,1,0,1,0,0,1786615471.0632317,nan,0.0019570270479366309,-0.00028926402716654019,0.0012825190840360147,-0.090391297509474278,0.025968253270431063,9.5430434386981915
1786615471.0834076,1786615471.0831425,vesc,-0.00088819985372397866,-0.00088819985372397866,nan,nan,0.01,1,0,1,0,0,1786615471.0831425,nan,-0.0012135582961138242,-0.001348698637124484,-0.00088819985372397866,-0.06249571965108025,-0.0029658906312839406,9.6151477968792278
1786615471.1038923,1786615471.1034548,vesc,0.00017985066102574486,0.00017985066102574486,nan,nan,0.01,1,0,1,0,0,1786615471.1034548,nan,-0.0012260522666965789,-0.00028630022015652622,0.00017985066102574486,-0.067116893150459767,0.054553135657265273,9.6008770817473987
1786615471.1238034,1786615471.1232796,vesc,-0.00087570614321554941,-0.00087570614321554941,nan,nan,0.01,1,0,1,0,0,1786615471.1232796,nan,-0.00014836720104183631,-0.0013487319266381099,-0.00087570614321554941,-0.076471588921021905,0.0067047101146897603,9.5814771888258292
1786615471.1439648,1786615471.1432772,vesc,0.0012325442420022975,0.0012325442420022975,nan,nan,0.01,1,0,1,0,0,1786615471.1432772,nan,-0.0023037368122026708,-0.00028912982881473543,0.0012325442420022975,-0.044123392697914987,0.044753494165341579,9.6825580101336755
1786615471.1590967,1786615471.1585274,vesc,-0.00085748598617763668,-0.00085748598617763668,nan,nan,0.01,1,0,1,0,0,1786615471.1585274,nan,0.00091682389403015165,0.00078175533353324808,-0.00085748598617763668,-0.10966249686353802,0.040313191499123491,9.552436406324091
1786615471.1842551,1786615471.1833479,vesc,0.0012661213978319625,0.0012661213978319625,nan,nan,0.01,1,0,1,0,0,1786615471.1833479,nan,-0.00017335514220734541,0.0029065844166854889,0.0012661213978319625,-0.057762188243622781,0.044921309261745535,9.6201226081691402
1786615471.2038465,1786615471.2034025,vesc,0.001217187243210545,0.001217187243210545,nan,nan,0.01,1,0,1,0,0,1786615471.2034025,nan,-0.0033689284274233092,-0.0013543568141436014,0.001217187243210545,-0.043842497927720103,0.044817886630468706,9.6586089832399011
1786615471.2236753,1786615471.223206,vesc,0.0012450379525107266,0.0012450379525107266,nan,nan,0.01,1,0,1,0,0,1786615471.223206,nan,-0.0012385462372793334,-0.00028916311832836143,0.0012450379525107266,-0.085433041149586053,0.045166819239454981,9.5287820791118065
1786615471.243921,1786615471.2433751,vesc,-0.00088819985372397866,-0.00088819985372397866,nan,nan,0.01,1,0,1,0,0,1786615471.2433751,nan,-0.0012135582961138242,-0.001348698637124484,-0.00088819985372397866,-0.048632199152941702,-0.0078722164049374044,9.658411347342394
1786615471.2635677,1786615471.2631569,vesc,-0.00088924067117344128,-0.00088924067117344128,nan,nan,0.01,1,0,1,0,0,1786615471.2631569,nan,-0.0022787499113344628,0.0029123778323537118,-0.00088924067117344128,-0.057368935565349943,0.064171513456209084,9.5866461276837072
1786615471.2836845,1786615471.2831826,vesc,-0.001950524019472091,-0.001950524019472091,nan,nan,0.01,1,0,1,0,0,1786615471.2831826,nan,-0.0012010648456797202,-0.00028057442381285586,-0.001950524019472091,-0.047958051704473981,0.016232382976944848,9.6009998732813528
1786615471.3037581,1786615471.3032119,vesc,0.0012229136897400283,0.0012229136897400283,nan,nan,0.01,1,0,1,0,0,1786615471.3032119,nan,-0.0033689294677206097,0.00077616373554138254,0.0012229136897400283,-0.034319256158766187,0.020854607147931858,9.6634469696776932
1786615471.3236785,1786615471.3231163,vesc,0.0012296809537189744,0.0012296809537189744,nan,nan,0.01,1,0,1,0,0,1786615471.3231163,nan,-0.0023037368122026708,-0.0013543901036572276,0.0012296809537189744,-0.10921304695867651,0.049996217578890167,9.5141441588212956
1786615471.3436654,1786615471.3432074,vesc,0.00019234440404346486,0.00019234440404346486,nan,nan,0.01,1,0,1,0,0,1786615471.3432074,nan,-0.00016086117162459086,-0.00028633454996745305,0.00019234440404346486,-0.043842497927720103,0.030447805373395198,9.6585703916149441
1786615471.3635316,1786615471.3631272,vesc,0.00017985066102574486,0.00017985066102574486,nan,nan,0.01,1,0,1,0,0,1786615471.3631272,nan,-0.0012260522666965789,-0.00028630022015652622,0.00017985066102574486,-0.10470424050364979,0.054721718200756442,9.5381621828627203
1786615471.3835149,1786615471.3830998,vesc,-0.00089783040598624762,-0.00089783040598624762,nan,nan,0.01,1,0,1,0,0,1786615471.3830998,nan,-0.0022787488710371622,-0.00028340403247106507,-0.00089783040598624762,-0.05759365138150585,0.021009850730145274,9.6056893404352195
1786615471.4036388,1786615471.403126,vesc,0.0012393115059812433,0.0012393115059812433,nan,nan,0.01,1,0,1,0,0,1786615471.403126,nan,-0.0012385462372793334,-0.0024196847083106463,0.0012393115059812433,-0.091233972683784081,0.040145193677222579,9.6149267721181104
1786615471.4235179,1786615471.4231048,vesc,-0.0019601543116600346,-0.0019601543116600346,nan,nan,0.01,1,0,1,0,0,1786615471.4231048,nan,-0.0022662559407517079,0.00078471914054326216,-0.0019601543116600346,-0.015272772620858355,0.049568384100318497,9.6733275951098676
1786615471.4431944,1786615471.4428988,vesc,0.0023198556987301055,0.0023198556987301055,nan,nan,0.01,1,0,1,0,0,1786615471.4428988,nan,-0.00018584859264144957,-0.0013573206211536155,0.0023198556987301055,-0.12386308194963558,0.030772216220690041,9.537873330397133
1786615471.4634581,1786615471.463068,vesc,-0.00085462269789431371,-0.00085462269789431371,nan,nan,0.01,1,0,1,0,0,1786615471.463068,nan,0.00091682389403015165,0.001847016648673041,-0.00085462269789431371,-0.020231019844471732,0.049529902110659663,9.6876404101961953
1786615471.4834476,1786615471.4830923,vesc,0.00019520762730820652,0.00019520762730820652,nan,nan,0.01,1,0,1,0,0,1786615471.4830923,nan,-0.00016086117162459086,0.00077892676517233987,0.00019520762730820652,-0.081036592602637292,0.059446597555933067,9.562404739994804
1786615471.5038111,1786615471.5034757,vesc,0.00015486317499030486,0.00015486317499030486,nan,nan,0.01,1,0,1,0,0,1786615471.5034757,nan,-0.0033564344568405551,-0.00028623364112927423,0.00015486317499030486,-0.072243677236190074,0.011365854816528298,9.6294442397610283
1786615471.5233631,1786615471.5230665,vesc,-0.00089496711770292476,-0.00089496711770292476,nan,nan,0.01,1,0,1,0,0,1786615471.5230665,nan,-0.0022787499113344628,0.00078185624237142701,-0.00089496711770292476,-0.033588929756259489,0.059342115116773897,9.6012840479742181
1786615471.5433316,1786615471.5429392,vesc,-0.00087570614321554941,-0.00087570614321554941,nan,nan,0.01,1,0,1,0,0,1786615471.5429392,nan,-0.00014836720104183631,-0.0013487319266381099,-0.00087570614321554941,-0.090953087049864045,-0.012480626528354577,9.5908374120426743
1786615471.5632756,1786615471.5628595,vesc,0.00019520762730820652,0.00019520762730820652,nan,nan,0.01,1,0,1,0,0,1786615471.5628595,nan,-0.00016086117162459086,0.00077892676517233987,0.00019520762730820652,-0.024852193343851248,0.049568676461113625,9.6732153285645381
1786615471.5832493,1786615471.5829072,vesc,-0.0019044531531339965,-0.0019044531531339965,nan,nan,0.01,1,0,1,0,0,1786615471.5829072,nan,0.0019945084395362441,0.0029151065321737423,-0.0019044531531339965,-0.062383361743002297,0.044960083612199497,9.6056975265374831
1786615471.6033983,1786615471.6030252,vesc,0.00018661795751398149,0.00018661795751398149,nan,nan,0.01,1,0,1,0,0,1786615471.6030252,nan,-0.00016086117162459086,-0.0024168550996524372,0.00018661795751398149,-0.095686609321046667,0.049802674732514873,9.5861584698774323
1786615471.6236498,1786615471.6230981,vesc,0.00019520762730820652,0.00019520762730820652,nan,nan,0.01,1,0,1,0,0,1786615471.6230981,nan,-0.00016086117162459086,0.00077892676517233987,0.00019520762730820652,-0.043954855835798057,0.011261957098959385,9.6680978452066029
1786615471.6432786,1786615471.6429806,vesc,-0.001950524019472091,-0.001950524019472091,nan,nan,0.01,1,0,1,0,0,1786615471.6429806,nan,-0.0012010648456797202,-0.00028057442381285586,-0.001950524019472091,-0.080699509742128583,0.073893935153119372,9.5337042654585957
1786615471.6631565,1786615471.6628881,vesc,0.00016449369474328318,0.00016449369474328318,nan,nan,0.01,1,0,1,0,0,1786615471.6628881,nan,-0.0022912428416199163,-0.0013515272054853921,0.00016449369474328318,-0.043673951929328325,0.020906391553769055,9.6441757155059804
1786615471.6834877,1786615471.683131,vesc,-0.0019198100218885861,-0.0019198100218885861,nan,nan,0.01,1,0,1,0,0,1786615471.683131,nan,0.00092931734446425576,0.001849879546844876,-0.0019198100218885861,-0.06722925105853772,0.040157363195319817,9.6104185686572237
1786615471.7034342,1786615471.7029865,vesc,0.00017985066102574486,0.00017985066102574486,nan,nan,0.01,1,0,1,0,0,1786615471.7029865,nan,-0.0012260522666965789,-0.00028630022015652622,0.00017985066102574486,-0.076303052058904974,0.025903458809210633,9.5671596959667795
1786615471.7235,1786615471.7229786,vesc,-0.00088533669547781837,-0.00088533669547781837,nan,nan,0.01,1,0,1,0,0,1786615471.7229786,nan,-0.0012135582961138242,-0.00028343732198469102,-0.00088533669547781837,-0.024964551251929201,0.04475287289865193,9.6827825432243344
1786615471.7432868,1786615471.7428942,vesc,0.00018948118077872315,0.00018948118077872315,nan,nan,0.01,1,0,1,0,0,1786615471.7428942,nan,-0.00016086117162459086,-0.001351594824809945,0.00018948118077872315,-0.10938159295706829,0.049957589408833769,9.5285142766234685
1786615471.763731,1786615471.7629483,vesc,0.0012700253735275855,0.0012700253735275855,nan,nan,0.01,1,0,1,0,0,1786615471.7629483,nan,0.00089183595286464255,-0.0002892307376529142,0.0012700253735275855,-0.020231019844471732,0.035159820853586154,9.6876018185712383
1786615471.7832937,1786615471.782891,vesc,0.0023255820152224267,0.0023255820152224267,nan,nan,0.01,1,0,1,0,0,1786615471.782891,nan,-0.00018584859264144957,0.00077320096882866945,0.0023255820152224267,-0.081205129464754222,0.040247885406511585,9.5767222328538537
1786615471.8036959,1786615471.8031762,vesc,-0.00087570614321554941,-0.00087570614321554941,nan,nan,0.01,1,0,1,0,0,1786615471.8031762,nan,-0.00014836720104183631,-0.0013487319266381099,-0.00087570614321554941,-0.086331904414209681,0.044960851059286711,9.6054168601741594
1786615471.8236067,1786615471.8229327,vesc,0.002313088564788322,0.002313088564788322,nan,nan,0.01,1,0,1,0,0,1786615471.8229327,nan,-0.0012510396877134374,0.00077323425834229539,0.002313088564788322,-0.090728371233708138,-0.012429134483312509,9.5716784244162909
1786615471.8434386,1786615471.8429432,vesc,-0.00087961024894833511,-0.00087961024894833511,nan,nan,0.01,1,0,1,0,0,1786615471.8429432,nan,-0.0012135582961138242,0.0018470832277002929,-0.00087961024894833511,-0.015328951574897332,0.054345522947624403,9.6781304982522443
1786615471.8632188,1786615471.8628452,vesc,0.00020770137032592652,0.00020770137032592652,nan,nan,0.01,1,0,1,0,0,1786615471.8628452,nan,0.00090432992344739716,0.00077889243536141293,0.00020770137032592652,-0.099970699959917475,0.0068084616518611085,9.5428797166529193
1786615471.8833051,1786615471.8828969,vesc,-0.00087284285493222644,-0.00087284285493222644,nan,nan,0.01,1,0,1,0,0,1786615471.8828969,nan,-0.00014836720104183631,-0.00028347165179561784,-0.00087284285493222644,-0.043673951929328325,0.020906391553769055,9.6441757155059804
1786615471.9033372,1786615471.902909,vesc,-0.00086711640840274296,-0.00086711640840274296,nan,nan,0.01,1,0,1,0,0,1786615471.902909,nan,-0.00014836720104183631,0.0018470499381866669,-0.00086711640840274296,-0.08650045041260146,0.054502264878912854,9.6198115362831231
1786615471.9232399,1786615471.9228039,vesc,-0.00087284285493222644,-0.00087284285493222644,nan,nan,0.01,1,0,1,0,0,1786615471.9228039,nan,-0.00014836720104183631,-0.00028347165179561784,-0.00087284285493222644,-0.062945151283392065,-0.017438955978441584,9.6534271805070375
1786615471.9434154,1786615471.9429944,vesc,0.00019520762730820652,0.00019520762730820652,nan,nan,0.01,1,0,1,0,0,1786615471.9429944,nan,-0.00016086117162459086,0.00077892676517233987,0.00019520762730820652,-0.048351313519021666,0.064042472710259091,9.6346564480165853
1786615471.963088,1786615471.9627299,vesc,0.00017985066102574486,0.00017985066102574486,nan,nan,0.01,1,0,1,0,0,1786615471.9627299,nan,-0.0012260522666965789,-0.00028630022015652622,0.00017985066102574486,-0.085713945056055785,0.025942379340062161,9.5526784810624576
1786615471.9832296,1786615471.9828157,vesc,0.00016735691800802484,0.00016735691800802484,nan,nan,0.01,1,0,1,0,0,1786615471.9828157,nan,-0.0022912428416199163,-0.00028626693064290023,0.00016735691800802484,-0.048913103059411434,0.049543643068030718,9.6825147407359964
1786615472.0032418,1786615472.0028284,vesc,0.002313088564788322,0.002313088564788322,nan,nan,0.01,1,0,1,0,0,1786615472.0028284,nan,-0.0012510396877134374,0.00077323425834229539,0.002313088564788322,-0.043617782111564196,0.049659381397802349,9.6394628594885035
1786615472.0232368,1786615472.0228531,vesc,-0.0019726482822427895,-0.0019726482822427895,nan,nan,0.01,1,0,1,0,0,1786615472.0228531,nan,-0.0033314475559723463,0.0007847524300568881,-0.0019726482822427895,-0.11428366122664269,0.049932007839259995,9.5380370524424052
1786615472.0429993,1786615472.0427024,vesc,-0.00087570614321554941,-0.00087570614321554941,nan,nan,0.01,1,0,1,0,0,1786615472.0427024,nan,-0.00014836720104183631,-0.0013487319266381099,-0.00087570614321554941,-0.015441309482975285,0.0016295094367499985,9.6875679047190033
1786615472.0631094,1786615472.062695,vesc,0.0012325442420022975,0.0012325442420022975,nan,nan,0.01,1,0,1,0,0,1786615472.062695,nan,-0.0023037368122026708,-0.00028912982881473543,0.0012325442420022975,-0.080643330788089607,0.0643267570384225,9.5288896678844139
1786615472.0831199,1786615472.0827808,vesc,0.0012575316630191562,0.0012575316630191562,nan,nan,0.01,1,0,1,0,0,1786615472.0827808,nan,-0.00017335514220734541,-0.0002891974481392882,0.0012575316630191562,-0.033645099574023618,0.025799086005349636,9.6059828706735289
1786615472.1030018,1786615472.1026702,vesc,-0.00086321230266995738,-0.00086321230266995738,nan,nan,0.01,1,0,1,0,0,1786615472.1026702,nan,0.00091682389403015165,-0.0013487652161517359,-0.00086321230266995738,-0.048351304382746818,0.049672391453185583,9.6346166869484478
1786615472.1228986,1786615472.1226602,vesc,0.0012479011107568872,0.0012479011107568872,nan,nan,0.01,1,0,1,0,0,1786615472.1226602,nan,-0.0012385462372793334,0.00077609715651413066,0.0012479011107568872,-0.1000268880502313,0.021165679033948948,9.5477071781020868
1786615472.1431673,1786615472.142765,vesc,-0.0019476606011516052,-0.0019476606011516052,nan,nan,0.01,1,0,1,0,0,1786615472.142765,nan,-0.0012010648456797202,0.00078468585102963622,-0.0019476606011516052,-0.020455735660627639,0.035108328808544087,9.7067608061976216
1786615472.1629336,1786615472.1626406,vesc,0.00015199995172556318,0.00015199995172556318,nan,nan,0.01,1,0,1,0,0,1786615472.1626406,nan,-0.0033564344568405551,-0.0013514939159717662,0.00015199995172556318,-0.099296570783999449,0.059653223547890377,9.4855442563986117
1786615472.1832948,1786615472.1827252,vesc,-0.00086034914442379708,-0.00086034914442379708,nan,nan,0.01,1,0,1,0,0,1786615472.1827252,nan,0.00091682389403015165,-0.00028350494130924384,-0.00086034914442379708,-0.048407483336785795,0.020919401609152288,9.6393295429659247
1786615472.2029657,1786615472.2026534,vesc,0.0012546685047729958,0.0012546685047729958,nan,nan,0.01,1,0,1,0,0,1786615472.2026534,nan,-0.00017335514220734541,-0.0013544577229817802,0.0012546685047729958,-0.077314282367881404,0.030461729056263209,9.6533874194389
1786615472.2229638,1786615472.2226322,vesc,0.0012603948212653164,0.0012603948212653164,nan,nan,0.01,1,0,1,0,0,1786615472.2226322,nan,-0.00017335514220734541,0.00077606386700050461,0.0012603948212653164,-0.057762188243622781,0.068871432508501584,9.6201869275440686
1786615472.2429998,1786615472.2426567,vesc,-0.00087284285493222644,-0.00087284285493222644,nan,nan,0.01,1,0,1,0,0,1786615472.2426567,nan,-0.00014836720104183631,-0.00028347165179561784,-0.00087284285493222644,-0.076303052058904974,0.0163233802744287,9.5671339682168082
1786615472.2631209,1786615472.2627039,vesc,0.00018844033081996989,0.00018844033081996989,nan,nan,0.01,1,0,1,0,0,1786615472.2627039,nan,-0.0012260522666965789,0.0029094806043709499,0.00018844033081996989,-0.048913103059411434,0.054333682335421685,9.6825276046109821
1786615472.2830315,1786615472.282614,vesc,0.0012671622152814249,0.0012671622152814249,nan,nan,0.01,1,0,1,0,0,1786615472.282614,nan,0.00089183595286464255,-0.0013544910124954062,0.0012671622152814249,-0.081205129464754222,0.049827927396194127,9.576747960603825
1786615472.3030205,1786615472.3026109,vesc,0.00020770137032592652,0.00020770137032592652,nan,nan,0.01,1,0,1,0,0,1786615472.3026109,nan,0.00090432992344739716,0.00077889243536141293,0.00020770137032592652,-0.067453966874693627,0.025735753348104851,9.62953896465865
1786615472.3231997,1786615472.3227141,vesc,0.00017698743776100315,0.00017698743776100315,nan,nan,0.01,1,0,1,0,0,1786615472.3227141,nan,-0.0012260522666965789,-0.001351561535296319,0.00017698743776100315,-0.066555103610069999,0.045101842052737595,9.5529544696530593
1786615472.3430941,1786615472.3427207,vesc,0.00017698743776100315,0.00017698743776100315,nan,nan,0.01,1,0,1,0,0,1786615472.3427207,nan,-0.0012260522666965789,-0.001351561535296319,0.00017698743776100315,-0.076808671781530613,0.0018374875973847793,9.6102033911120088
1786615472.363055,1786615472.3625813,vesc,-0.00087961024894833511,-0.00087961024894833511,nan,nan,0.01,1,0,1,0,0,1786615472.3625813,nan,-0.0012135582961138242,0.0018470832277002929,-0.00087961024894833511,-0.038434819071794912,0.088069523391233417,9.6060939677756778
1786615472.3830297,1786615472.3826308,vesc,0.0023380759858051808,0.0023380759858051808,nan,nan,0.01,1,0,1,0,0,1786615472.3826308,nan,0.00087934250243053844,0.00077316663901774252,0.0023380759858051808,-0.033364204803828734,0.035443483915059915,9.5820607409729064
1786615472.4032252,1786615472.4025242,vesc,0.00017985066102574486,0.00017985066102574486,nan,nan,0.01,1,0,1,0,0,1786615472.4025242,nan,-0.0012260522666965789,-0.00028630022015652622,0.00017985066102574486,-0.086275734596445552,0.054553756923954921,9.6006525486567398
1786615472.4230461,1786615472.4226871,vesc,0.0012518052164896727,0.0012518052164896727,nan,nan,0.01,1,0,1,0,0,1786615472.4226871,nan,-0.00017335514220734541,-0.002419717997824272,0.0012518052164896727,-0.034319256158766187,0.016064567880540892,9.6634341058027076
1786615472.4431798,1786615472.4427595,vesc,0.00016449369474328318,0.00016449369474328318,nan,nan,0.01,1,0,1,0,0,1786615472.4427595,nan,-0.0022912428416199163,-0.0013515272054853921,0.00016449369474328318,-0.099521286600155356,0.073971776214822427,9.504741835649952
1786615472.4630647,1786615472.4625254,vesc,0.00020483814706118484,0.00020483814706118484,nan,nan,0.01,1,0,1,0,0,1786615472.4625254,nan,0.00090432992344739716,-0.00028636783948107899,0.00020483814706118484,-0.034487793020883117,0.025605981700167035,9.6778287819116713
1786615472.4831338,1786615472.4825621,vesc,0.00019807085057294823,0.00019807085057294823,nan,nan,0.01,1,0,1,0,0,1786615472.4825621,nan,-0.00016086117162459086,0.0018441870400148319,0.00019807085057294823,-0.076471598057296752,0.040234875351128352,9.5815672359507289
1786615472.502986,1786615472.5025492,vesc,-0.00088533669547781837,-0.00088533669547781837,nan,nan,0.01,1,0,1,0,0,1786615472.5025492,nan,-0.0012135582961138242,-0.00028343732198469102,-0.00088533669547781837,-0.06722925105853772,0.025787281938246309,9.6103799770322667
1786615472.5230067,1786615472.5225532,vesc,-0.0030224787374824721,-0.0030224787374824721,nan,nan,0.01,1,0,1,0,0,1786615472.5225532,nan,-0.0022537630104662544,0.0018528423135575893,-0.0030224787374824721,-0.043505424203486243,0.059265151137456229,9.6299096781468734
1786615472.543726,1786615472.5434129,vesc,-0.00088819985372397866,-0.00088819985372397866,nan,nan,0.01,1,0,1,0,0,1786615472.5434129,nan,-0.0012135582961138242,-0.001348698637124484,-0.00088819985372397866,-0.10436716677941593,0.030848851294113189,9.5093599667698072
1786615472.5626624,1786615472.5624118,vesc,0.00022982563309662484,0.00022982563309662484,nan,nan,0.01,1,0,1,0,0,1786615472.5624118,nan,0.0030347123736656984,-0.00028643441850833098,0.00022982563309662484,-0.025189267068085108,0.044701380853609862,9.7019415308507178
1786615472.5830402,1786615472.5826361,vesc,0.0012354074002484579,0.0012354074002484579,nan,nan,0.01,1,0,1,0,0,1786615472.5826361,nan,-0.0023037378524999718,0.0007761304460277566,0.0012354074002484579,-0.10030779195670103,0.030681365103603753,9.5716819327458325
1786615472.6034567,1786615472.6027369,vesc,0.00016735691800802484,0.00016735691800802484,nan,nan,0.01,1,0,1,0,0,1786615472.6027369,nan,-0.0022912428416199163,-0.00028626693064290023,0.00016735691800802484,-0.057649830335544827,0.044947073556816264,9.6105436990775388
1786615472.6234086,1786615472.622587,vesc,0.00021446866681416318,0.00021446866681416318,nan,nan,0.01,1,0,1,0,0,1786615472.622587,nan,0.0019695210185193849,-0.0013516614038371971,0.00021446866681416318,-0.048238946474668865,-0.0029920569224479721,9.624896275232004
1786615472.6429386,1786615472.6425154,vesc,0.0012296809537189744,0.0012296809537189744,nan,nan,0.01,1,0,1,0,0,1786615472.6425154,nan,-0.0023037368122026708,-0.0013543901036572276,0.0012296809537189744,-0.053141014744243265,0.044882534911291572,9.6345476898007973
1786615472.6625564,1786615472.6622396,vesc,-0.00087180203748276372,-0.00087180203748276372,nan,nan,0.01,1,0,1,0,0,1786615472.6622396,nan,0.00091682389403015165,-0.0045445470809765123,-0.00087180203748276372,-0.080811867650206537,0.025967960909635934,9.543155705243521
1786615472.6829143,1786615472.6824229,vesc,-0.00085748598617763668,-0.00085748598617763668,nan,nan,0.01,1,0,1,0,0,1786615472.6824229,nan,0.00091682389403015165,0.00078175533353324808,-0.00085748598617763668,-0.03426307720472721,0.040027555002282611,9.6587083859102449
1786615472.7026706,1786615472.7023308,vesc,-0.00088533669547781837,-0.00088533669547781837,nan,nan,0.01,1,0,1,0,0,1786615472.7023308,nan,-0.0012135582961138242,-0.00028343732198469102,-0.00088533669547781837,-0.062439540697041274,0.020997133035557169,9.6104232464299457
1786615472.7228708,1786615472.7224572,vesc,0.0012421747942645664,0.0012421747942645664,nan,nan,0.01,1,0,1,0,0,1786615472.7224572,nan,-0.0012385462372793334,-0.0013544244334681541,0.0012421747942645664,-0.049137818875567341,0.011171983064258484,9.7015696479193139
1786615472.7431474,1786615472.7424464,vesc,-0.00087961024894833511,-0.00087961024894833511,nan,nan,0.01,1,0,1,0,0,1786615472.7424464,nan,-0.0012135582961138242,0.0018470832277002929,-0.00087961024894833511,-0.08565775696574196,0.069065450441168963,9.5480053861131182
1786615472.762774,1786615472.7623541,vesc,0.00018271388429048652,0.00018271388429048652,nan,nan,0.01,1,0,1,0,0,1786615472.7623541,nan,-0.0012260522666965789,0.00077896005468596581,0.00018271388429048652,-0.028855389212527172,-0.012521228133778095,9.6059360929463082
1786615472.7827823,1786615472.7824116,vesc,0.00018948118077872315,0.00018948118077872315,nan,nan,0.01,1,0,1,0,0,1786615472.7824116,nan,-0.00016086117162459086,-0.001351594824809945,0.00018948118077872315,-0.057762188243622781,0.07366143523079316,9.6201997914190542
1786615472.802701,1786615472.802278,vesc,-0.0019283997567013926,-0.0019283997567013926,nan,nan,0.01,1,0,1,0,0,1786615472.802278,nan,0.00092931734446425576,-0.0013459023179799006,-0.0019283997567013926,-0.053028656836165311,0.011378133969923709,9.6248787335842962
1786615472.8226469,1786615472.8222625,vesc,0.0012325442420022975,0.0012325442420022975,nan,nan,0.01,1,0,1,0,0,1786615472.8222625,nan,-0.0023037368122026708,-0.00028912982881473543,0.0012325442420022975,-0.076303052058904974,0.030693461531502209,9.5671725598417652
1786615472.842557,1786615472.8422673,vesc,0.0012507643990402101,0.0012507643990402101,nan,nan,0.01,1,0,1,0,0,1786615472.8422673,nan,-0.0012385462372793334,0.0018413574313566226,0.0012507643990402101,-0.020343377752549685,0.039924132371005783,9.6971947609810059
1786615472.8626835,1786615472.8623073,vesc,0.0023544736720092331,0.0023544736720092331,nan,nan,0.01,1,0,1,0,0,1786615472.8623073,nan,0.0030097249526488397,-0.0024226818048342863,0.0023544736720092331,-0.11372187168625292,0.030900635699950385,9.4900887125980944
1786615472.8829458,1786615472.8823261,vesc,-0.00086607559095328035,-0.00086607559095328035,nan,nan,0.01,1,0,1,0,0,1786615472.8823261,nan,0.00091682389403015165,-0.0024140254909942277,-0.00086607559095328035,-0.029922798475542578,0.015974301485044862,9.697018175060748
1786615472.9029508,1786615472.9024358,vesc,0.00017985066102574486,0.00017985066102574486,nan,nan,0.01,1,0,1,0,0,1786615472.9024358,nan,-0.0012260522666965789,-0.00028630022015652622,0.00017985066102574486,-0.047958051704473981,0.044972508945992473,9.6010770565312669
1786615472.9227622,1786615472.9223008,vesc,0.0022977314359594074,0.0022977314359594074,nan,nan,0.01,1,0,1,0,0,1786615472.9223008,nan,-0.0023162307827854257,-0.00029199272698657058,0.0022977314359594074,-0.081317478236557328,0.016272070954883588,9.5862368225705268
1786615472.9427369,1786615472.942353,vesc,0.0012325442420022975,0.0012325442420022975,nan,nan,0.01,1,0,1,0,0,1786615472.942353,nan,-0.0023037368122026708,-0.00028912982881473543,0.0012325442420022975,-0.025020730205968178,0.068690132270422311,9.6876357324234732
1786615472.9627914,1786615472.9623635,vesc,-0.0019658808882266807,-0.0019658808882266807,nan,nan,0.01,1,0,1,0,0,1786615472.9623635,nan,-0.0022662549004544073,-0.001345801409141722,-0.0019658808882266807,-0.11845539395743554,0.035703721567823976,9.4852554039330244
1786615472.9827521,1786615472.982291,vesc,-0.00086425325015658267,-0.00086425325015658267,nan,nan,0.01,1,0,1,0,0,1786615472.982291,nan,-0.00014836720104183631,0.002912310213029159,-0.00086425325015658267,-0.058548702736443303,0.020790982129891944,9.6871141607649633
1786615473.0027907,1786615473.0023146,vesc,-0.0019351668906431761,-0.0019351668906431761,nan,nan,0.01,1,0,1,0,0,1786615473.0023146,nan,-0.00013587375060773214,0.00078465256151601006,-0.0019351668906431761,-0.076752492827491636,0.021010435451735532,9.6054648073445605
1786615473.0227923,1786615473.0223377,vesc,0.00017022014127276652,0.00017022014127276652,nan,nan,0.01,1,0,1,0,0,1786615473.0223377,nan,-0.0022912438819172173,0.00077899334419959175,0.00017022014127276652,-0.062271003834924343,0.049775850629561802,9.5961314813208674
1786615473.0428011,1786615473.0424194,vesc,0.00017412421449626149,0.00017412421449626149,nan,nan,0.01,1,0,1,0,0,1786615473.0424194,nan,-0.0012260522666965789,-0.0024168218101388111,0.00017412421449626149,-0.062776614421275134,-0.022190330530676761,9.6390453682730595
1786615473.0627398,1786615473.0622129,vesc,-0.0008824734071944954,-0.0008824734071944954,nan,nan,0.01,1,0,1,0,0,1786615473.0622129,nan,-0.0012135582961138242,0.00078182295285780096,-0.0008824734071944954,-0.048295134564982689,0.078425417842318268,9.6299050003741513
1786615473.082927,1786615473.0822246,vesc,0.0012614357687519416,0.0012614357687519416,nan,nan,0.01,1,0,1,0,0,1786615473.0822246,nan,0.00089183595286464255,-0.003485012602477691,0.0012614357687519416,-0.095518081595204585,0.04026126091288873,9.5717637937684685
1786615473.1027966,1786615473.1022978,vesc,0.00019520762730820652,0.00019520762730820652,nan,nan,0.01,1,0,1,0,0,1786615473.1022978,nan,-0.00016086117162459086,0.00077892676517233987,0.00019520762730820652,-0.067341608966615674,0.040131598900249088,9.6199974777488251
1786615473.1229234,1786615473.1223149,vesc,-0.00088819985372397866,-0.00088819985372397866,nan,nan,0.01,1,0,1,0,0,1786615473.1223149,nan,-0.0012135582961138242,-0.001348698637124484,-0.00088819985372397866,-0.076527777011335729,0.049802053465825225,9.5863830029680912
1786615473.1429527,1786615473.1422546,vesc,0.00020483814706118484,0.00020483814706118484,nan,nan,0.01,1,0,1,0,0,1786615473.1422546,nan,0.00090432992344739716,-0.00028636783948107899,0.00020483814706118484,-0.039333682336418541,0.0016431407588228808,9.6824983685314692
1786615473.1632733,1786615473.1621923,vesc,-0.0019533871777182511,-0.0019533871777182511,nan,nan,0.01,1,0,1,0,0,1786615473.1621923,nan,-0.0012010648456797202,-0.0013458357389526487,-0.0019533871777182511,-0.052410688341736567,0.068999998168159493,9.5723461764723652
1786615473.1826301,1786615473.1822448,vesc,0.00020483814706118484,0.00020483814706118484,nan,nan,0.01,1,0,1,0,0,1786615473.1822448,nan,0.00090432992344739716,-0.00028636783948107899,0.00020483814706118484,-0.053028656836165311,0.016168173237314676,9.6248915974592819
1786615473.2028036,1786615473.2023506,vesc,0.00020483814706118484,0.00020483814706118484,nan,nan,0.01,1,0,1,0,0,1786615473.2023506,nan,0.00090432992344739716,-0.00028636783948107899,0.00020483814706118484,-0.071906603511956213,0.025813155868615212,9.60074376522482
1786615473.2231236,1786615473.2222571,vesc,0.0012632581095486394,0.0012632581095486394,nan,nan,0.01,1,0,1,0,0,1786615473.2222571,nan,-0.00017335514220734541,0.0018413241418429966,0.0012632581095486394,-0.043449236113172418,0.044908006845567172,9.6250810472545254
1786615473.2429326,1786615473.2424171,vesc,0.0012518052164896727,0.0012518052164896727,nan,nan,0.01,1,0,1,0,0,1786615473.2424171,nan,-0.00017335514220734541,-0.002419717997824272,0.0012518052164896727,-0.11845539395743554,0.021333640310750468,9.4852168123080673
1786615473.2625711,1786615473.2621045,vesc,0.0012450379525107266,0.0012450379525107266,nan,nan,0.01,1,0,1,0,0,1786615473.2621045,nan,-0.0012385462372793334,-0.00028916311832836143,0.0012450379525107266,-0.0059180722821587928,0.035146518437407792,9.6925602576566234
1786615473.2825968,1786615473.2821541,vesc,-0.0008824734071944954,-0.0008824734071944954,nan,nan,0.01,1,0,1,0,0,1786615473.2821541,nan,-0.0012135582961138242,0.00078182295285780096,-0.0008824734071944954,-0.085433041149586053,0.0068466512807248137,9.5286791681119212
1786615473.3032205,1786615473.3027225,vesc,0.0012575316630191562,0.0012575316630191562,nan,nan,0.01,1,0,1,0,0,1786615473.3027225,nan,-0.00017335514220734541,-0.0002891974481392882,0.0012575316630191562,-0.091177802866019952,0.025788049385333522,9.610099310668943
1786615473.3228641,1786615473.3222358,vesc,0.00019234440404346486,0.00019234440404346486,nan,nan,0.01,1,0,1,0,0,1786615473.3222358,nan,-0.00016086117162459086,-0.00028633454996745305,0.00019234440404346486,-0.062551898605119227,0.054501497431825641,9.6200922026464468
1786615473.3423207,1786615473.3420324,vesc,-0.0019533871777182511,-0.0019533871777182511,nan,nan,0.01,1,0,1,0,0,1786615473.3420324,nan,-0.0012010648456797202,-0.0013458357389526487,-0.0019533871777182511,-0.090503655417552231,0.016362483530777183,9.5525966200398216
1786615473.3625078,1786615473.3622351,vesc,0.00018271388429048652,0.00018271388429048652,nan,nan,0.01,1,0,1,0,0,1786615473.3622351,nan,-0.0012260522666965789,0.00077896005468596581,0.00018271388429048652,-0.010483062259361908,0.054358240642212508,9.673396592257518
1786615473.382787,1786615473.3821254,vesc,0.00017698743776100315,0.00017698743776100315,nan,nan,0.01,1,0,1,0,0,1786615473.3821254,nan,-0.0012260522666965789,-0.001351561535296319,0.00017698743776100315,-0.10464805241333597,0.02120445338440291,9.5332820964704297
1786615473.4027481,1786615473.4021738,vesc,0.0002058789970199381,0.0002058789970199381,nan,nan,0.01,1,0,1,0,0,1786615473.4021738,nan,0.0019695210185193849,-0.0045474432686619737,0.0002058789970199381,-0.057986904059778688,0.049659856484094433,9.6392944596705092
1786615473.4225893,1786615473.4221466,vesc,0.00018948118077872315,0.00018948118077872315,nan,nan,0.01,1,0,1,0,0,1786615473.4221466,nan,-0.00016086117162459086,-0.001351594824809945,0.00018948118077872315,-0.05843634482836535,0.03518679113693679,9.6775738432983189
1786615473.4378216,1786615473.4374943,vesc,0.00017022014127276652,0.00017022014127276652,nan,nan,0.01,1,0,1,0,0,1786615473.4374943,nan,-0.0022912438819172173,0.00077899334419959175,0.00017022014127276652,-0.052242151479619636,0.0834087075952894,9.5580158197383298
1786615473.4577599,1786615473.4573994,vesc,0.0022977314359594074,0.0022977314359594074,nan,nan,0.01,1,0,1,0,0,1786615473.4573994,nan,-0.0023162307827854257,-0.00029199272698657058,0.0022977314359594074,-0.072412214098307004,-0.0078328207877937928,9.643761732620078
1786615473.4824576,1786615473.4821115,vesc,-0.00087284285493222644,-0.00087284285493222644,nan,nan,0.01,1,0,1,0,0,1786615473.4821115,nan,-0.00014836720104183631,-0.00028347165179561784,-0.00087284285493222644,-0.058099261967856641,0.054424094911315279,9.6488874020802768
1786615473.5023494,1786615473.5019827,vesc,0.0023198556987301055,0.0023198556987301055,nan,nan,0.01,1,0,1,0,0,1786615473.5019827,nan,-0.00018584859264144957,-0.0013573206211536155,0.0023198556987301055,-0.052972477882126334,0.059291244338421478,9.620217333066762
1786615473.5226986,1786615473.522202,vesc,0.00018948118077872315,0.00018948118077872315,nan,nan,0.01,1,0,1,0,0,1786615473.522202,nan,-0.00016086117162459086,-0.001351594824809945,0.00018948118077872315,-0.067622503736810557,0.0065370777437827599,9.6438564575176997
1786615473.542402,1786615473.5420172,vesc,-0.0008824734071944954,-0.0008824734071944954,nan,nan,0.01,1,0,1,0,0,1786615473.5420172,nan,-0.0012135582961138242,0.00078182295285780096,-0.0008824734071944954,-0.056526251254765292,0.054784575771709143,9.5147756581387739
1786615473.5622756,1786615473.5619354,vesc,0.00019234440404346486,0.00019234440404346486,nan,nan,0.01,1,0,1,0,0,1786615473.5619354,nan,-0.00016086117162459086,-0.00028633454996745305,0.00019234440404346486,-0.044235750605992941,0.0064075984566400734,9.6920340082253915
1786615473.5822968,1786615473.5819314,vesc,0.00020483814706118484,0.00020483814706118484,nan,nan,0.01,1,0,1,0,0,1786615473.5819314,nan,0.00090432992344739716,-0.00028636783948107899,0.00020483814706118484,-0.071457171879644399,0.045076260483163821,9.5624784149151765
1786615473.6023271,1786615473.6019459,vesc,0.0012603948212653164,0.0012603948212653164,nan,nan,0.01,1,0,1,0,0,1786615473.6019459,nan,-0.00017335514220734541,0.00077606386700050461,0.0012603948212653164,-0.047845693796396027,0.030628191983989694,9.5914583863715279
1786615473.6224477,1786615473.6220291,vesc,0.00018271388429048652,0.00018271388429048652,nan,nan,0.01,1,0,1,0,0,1786615473.6220291,nan,-0.0012260522666965789,0.00077896005468596581,0.00018271388429048652,-0.081317478236557328,0.02585211294456613,9.5862625503204981
1786615473.6424387,1786615473.6420147,vesc,0.00017985066102574486,0.00017985066102574486,nan,nan,0.01,1,0,1,0,0,1786615473.6420147,nan,-0.0012260522666965789,-0.00028630022015652622,0.00017985066102574486,-0.034768687791078001,0.049491712481795958,9.7018409587371934
1786615473.6621904,1786615473.6618657,vesc,0.00019234440404346486,0.00019234440404346486,nan,nan,0.01,1,0,1,0,0,1786615473.6618657,nan,-0.00016086117162459086,-0.00028633454996745305,0.00019234440404346486,-0.14257249176330955,0.040455863567146366,9.4993565498036787
1786615473.682513,1786615473.6820486,vesc,-0.00086034914442379708,-0.00086034914442379708,nan,nan,0.01,1,0,1,0,0,1786615473.6820486,nan,0.00091682389403015165,-0.00028350494130924384,-0.00086034914442379708,-0.034824866745116978,0.015948683370371697,9.7065409508796847
1786615473.7024922,1786615473.7020497,vesc,0.0012575316630191562,0.0012575316630191562,nan,nan,0.01,1,0,1,0,0,1786615473.7020497,nan,-0.00017335514220734541,-0.0002891974481392882,0.0012575316630191562,-0.057762188243622781,0.016181183292697909,9.6200454249192262
1786615473.7222295,1786615473.721909,vesc,0.003387906050933376,0.003387906050933376,nan,nan,0.01,1,0,1,0,0,1786615473.721909,nan,-0.00019834256322420413,-0.00029492324448295856,0.003387906050933376,-0.081710740051105013,0.044922076708832748,9.6198419418058165
1786615473.742836,1786615473.7420516,vesc,-0.0019169468636424257,-0.0019169468636424257,nan,nan,0.01,1,0,1,0,0,1786615473.7420516,nan,0.00092931734446425576,0.0029151398216873681,-0.0019169468636424257,-0.053141023880518112,0.068832658158047622,9.6346120091757257
1786615473.7622168,1786615473.7618341,vesc,-0.0019658808882266807,-0.0019658808882266807,nan,nan,0.01,1,0,1,0,0,1786615473.7618341,nan,-0.0022662549004544073,-0.001345801409141722,-0.0019658808882266807,-0.099970699959917475,0.0068084616518611085,9.5428797166529193
1786615473.7824759,1786615473.7820375,vesc,-0.001944797442905445,-0.001944797442905445,nan,nan,0.01,1,0,1,0,0,1786615473.7820375,nan,-0.0012010648456797202,0.0018499461258721284,-0.001944797442905445,-0.04896928201345041,0.02558069249138839,9.6872392911852785
1786615473.8023071,1786615473.8019097,vesc,-0.0019591134942105719,-0.0019591134942105719,nan,nan,0.01,1,0,1,0,0,1786615473.8019097,nan,-0.0012010648456797202,-0.0034763562886376323,-0.0019591134942105719,-0.072075140374073143,0.044934648223023288,9.615164169083755
1786615473.8222506,1786615473.8219116,vesc,-0.00090069356423240813,-0.00090069356423240813,nan,nan,0.01,1,0,1,0,0,1786615473.8219116,nan,-0.0022787488710371622,-0.001348664307313557,-0.00090069356423240813,-0.076415409966982928,0.021087655246748938,9.5767269106265758
1786615473.8424664,1786615473.8420644,vesc,0.0012575316630191562,0.0012575316630191562,nan,nan,0.01,1,0,1,0,0,1786615473.8420644,nan,-0.00017335514220734541,-0.0002891974481392882,0.0012575316630191562,-0.062945151283392065,-0.0030688747213680756,9.6534657721319945
1786615473.8626511,1786615473.8620493,vesc,0.0012421747942645664,0.0012421747942645664,nan,nan,0.01,1,0,1,0,0,1786615473.8620493,nan,-0.0012385462372793334,-0.0013544244334681541,0.0012421747942645664,-0.071569529787722352,0.064210616712557567,9.5721087795067206
1786615473.8822596,1786615473.8818343,vesc,0.00020197492379644315,0.00020197492379644315,nan,nan,0.01,1,0,1,0,0,1786615473.8818343,nan,0.00090432992344739716,-0.0013516281143235711,0.00020197492379644315,-0.062102466972807413,0.006704271573497067,9.5816467580870039
1786615473.9022889,1786615473.9018593,vesc,0.0012786151083403919,0.0012786151083403919,nan,nan,0.01,1,0,1,0,0,1786615473.9018593,nan,0.00089183595286464255,0.0029065511271718623,0.0012786151083403919,-0.062383361743002297,0.025799999632834414,9.6056460710375404
1786615473.9223831,1786615473.9219534,vesc,0.00019520762730820652,0.00019520762730820652,nan,nan,0.01,1,0,1,0,0,1786615473.9219534,nan,-0.00016086117162459086,0.00077892676517233987,0.00019520762730820652,-0.076640134919413683,0.040196247181071953,9.5959373537529018
1786615473.9429259,1786615473.9418473,vesc,0.00018661795751398149,0.00018661795751398149,nan,nan,0.01,1,0,1,0,0,1786615473.9418473,nan,-0.00016086117162459086,-0.0024168550996524372,0.00018661795751398149,-0.048856924105372457,0.044766540765824203,9.6777118375936197
1786615473.9622748,1786615473.961817,vesc,-0.0019351668906431761,-0.0019351668906431761,nan,nan,0.01,1,0,1,0,0,1786615473.961817,nan,-0.00013587375060773214,0.00078465256151601006,-0.0019351668906431761,-0.099015666877529718,0.069297621457600656,9.4616221266979892
1786615473.9820435,1786615473.9817088,vesc,0.00016735691800802484,0.00016735691800802484,nan,nan,0.01,1,0,1,0,0,1786615473.9817088,nan,-0.0022912428416199163,-0.00028626693064290023,0.00016735691800802484,-0.024571298573656364,0.0065228251550202287,9.6491516962390733
1786615474.0021377,1786615474.0017796,vesc,-0.0029935870806956648,-0.0029935870806956648,nan,nan,0.01,1,0,1,0,0,1786615474.0017796,nan,0.00094181131504701037,-0.0013430394198080656,-0.0029935870806956648,-0.090953087049864045,0.044999625409740673,9.5909917785425023
1786615474.0222051,1786615474.0218296,vesc,0.0012479011107568872,0.0012479011107568872,nan,nan,0.01,1,0,1,0,0,1786615474.0218296,nan,-0.0012385462372793334,0.00077609715651413066,0.0012479011107568872,-0.043112162388938557,0.040195187373189611,9.596330286661555
1786615474.0422106,1786615474.0418711,vesc,0.00016449369474328318,0.00016449369474328318,nan,nan,0.01,1,0,1,0,0,1786615474.0418711,nan,-0.0022912428416199163,-0.0013515272054853921,0.00016449369474328318,-0.090840729141786092,0.03544531117002947,9.581385972257749
1786615474.0623636,1786615474.0617206,vesc,0.00021056459359066821,0.00021056459359066821,nan,nan,0.01,1,0,1,0,0,1786615474.0617206,nan,0.00090432992344739716,0.001844153750501206,0.00021056459359066821,-0.010763957029556792,0.039923803465111263,9.6973070275263353
1786615474.0821154,1786615474.0817533,vesc,0.00017412421449626149,0.00017412421449626149,nan,nan,0.01,1,0,1,0,0,1786615474.0817533,nan,-0.0012260522666965789,-0.0024168218101388111,0.00017412421449626149,-0.10442333659718006,0.021255945429444978,9.5141231088440463
1786615474.1021905,1786615474.1017592,vesc,-0.0019533871777182511,-0.0019533871777182511,nan,nan,0.01,1,0,1,0,0,1786615474.1017592,nan,-0.0012010648456797202,-0.0013458357389526487,-0.0019533871777182511,-0.076303052058904974,0.035483500798893175,9.5671854237167508
1786615474.1220918,1786615474.1217425,vesc,0.00020483814706118484,0.00020483814706118484,nan,nan,0.01,1,0,1,0,0,1786615474.1217425,nan,0.00090432992344739716,-0.00028636783948107899,0.00020483814706118484,-0.067004535242381813,0.025838773983288377,9.5912209894058833
1786615474.1420672,1786615474.1417601,vesc,-0.0029839565284333963,-0.0029839565284333963,nan,nan,0.01,1,0,1,0,0,1786615474.1417601,nan,0.0020070024101189981,-0.0024083340244614843,-0.0029839565284333963,-0.07703338759768652,-0.007794082982439221,9.6293354815452403
1786615474.1622057,1786615474.1617808,vesc,-0.00085071859216152813,-0.00085071859216152813,nan,nan,0.01,1,0,1,0,0,1786615474.1617808,nan,0.0019820149891021394,-0.0013487985056653618,-0.00085071859216152813,-0.053084844926479136,0.078425564022715832,9.6298488671014866
1786615474.1823275,1786615474.1818318,vesc,0.0012700253735275855,0.0012700253735275855,nan,nan,0.01,1,0,1,0,0,1786615474.1818318,nan,0.00089183595286464255,-0.0002892307376529142,0.0012700253735275855,-0.085601587147977831,0.021178067822642532,9.5430867080958706
1786615474.2027168,1786615474.201797,vesc,0.00020770137032592652,0.00020770137032592652,nan,nan,0.01,1,0,1,0,0,1786615474.201797,nan,0.00090432992344739716,0.00077889243536141293,0.00020770137032592652,-0.063057509191470018,0.035225565487390753,9.6631487616666618
1786615474.2221673,1786615474.2217307,vesc,-0.00086034914442379708,-0.00086034914442379708,nan,nan,0.01,1,0,1,0,0,1786615474.2217307,nan,0.00091682389403015165,-0.00028350494130924384,-0.00086034914442379708,-0.03899660861218468,0.025670520345691727,9.6538236217452322
1786615474.2422874,1786615474.2418425,vesc,0.00019234440404346486,0.00019234440404346486,nan,nan,0.01,1,0,1,0,0,1786615474.2418425,nan,-0.00016086117162459086,-0.00028633454996745305,0.00019234440404346486,-0.090335109419160453,0.045141237669881207,9.5383048549307432
1786615474.2622743,1786615474.2617862,vesc,-0.00087284285493222644,-0.00087284285493222644,nan,nan,0.01,1,0,1,0,0,1786615474.2617862,nan,-0.00014836720104183631,-0.00028347165179561784,-0.00087284285493222644,-0.020118661936393778,0.020815540436682767,9.6779843178546798
1786615474.2820997,1786615474.2816732,vesc,0.0012757519500942313,0.0012757519500942313,nan,nan,0.01,1,0,1,0,0,1786615474.2816732,nan,0.00089183595286464255,0.0018412908523293707,0.0012757519500942313,-0.076246882241140845,0.073816532632609011,9.5624994648924257
1786615474.3023138,1786615474.3018494,vesc,0.00020770137032592652,0.00020770137032592652,nan,nan,0.01,1,0,1,0,0,1786615474.3018494,nan,0.00090432992344739716,0.00077889243536141293,0.00020770137032592652,-0.10571546167635137,0.0113798150444957,9.6242612675849841
1786615474.3220301,1786615474.3216519,vesc,0.0013064658176405734,0.0013064658176405734,nan,nan,0.01,1,0,1,0,0,1786615474.3216519,nan,0.0030222184030829435,0.0039717443028384524,0.0013064658176405734,-0.19649521531980341,0.040174283576337899,9.6041117615847043
1786615474.3420949,1786615474.3416889,vesc,0.00020171558093027973,0.00020171558093027973,nan,nan,0.01,1,0,1,0,0,1786615474.3416889,nan,-0.0022912438819172173,0.012496859488358908,0.00020171558093027973,-0.22918053094851842,0.078688615648133009,9.531975828437794
1786615474.3619995,1786615474.3615897,vesc,-0.0083109335757427343,-0.0083109335757427343,nan,nan,0.01,1,0,1,0,0,1786615474.3615897,nan,0.0010042801276634824,0.0018670579761731879,-0.0083109335757427343,-0.12582935447727461,0.001581489176150086,9.7054346576309172
1786615474.3822794,1786615474.3817837,vesc,-0.0061891489226413203,-0.0061891489226413203,nan,nan,0.01,1,0,1,0,0,1786615474.3817837,nan,0.00097929270664662369,-0.0013344496849952592,-0.0061891489226413203,-0.11467690476864068,-0.007638364313933721,9.5714106219279529
1786615474.4021552,1786615474.4017074,vesc,0.0012757519500942313,0.0012757519500942313,nan,nan,0.01,1,0,1,0,0,1786615474.4017074,nan,0.00089183595286464255,0.0018412908523293707,0.0012757519500942313,-0.043168341342977534,0.030602281508521401,9.6010945981789746
1786615474.422076,1786615474.4216309,vesc,0.0023055396474249783,0.0023055396474249783,nan,nan,0.01,1,0,1,0,0,1786615474.4216309,nan,-0.00018584807249279913,-0.0066836240759606778,0.0023055396474249783,-0.13428519611948797,0.06410956951274116,9.6096958527716652
1786615474.4422259,1786615474.4417205,vesc,-0.0040759534842040625,-0.0040759534842040625,nan,nan,0.01,1,0,1,0,0,1786615474.4417205,nan,0.00095430580577841536,-0.0077317402512857838,-0.0040759534842040625,-0.025301624976163062,0.04946569237102949,9.7115333038173048
1786615474.4620636,1786615474.461683,vesc,-0.00090642001076189139,-0.00090642001076189139,nan,nan,0.01,1,0,1,0,0,1786615474.461683,nan,-0.0022787488710371622,-0.0034791858972958419,-0.00090642001076189139,-0.0035023589859330961,-0.02657018760250196,9.4864365415453449
1786615474.4821222,1786615474.4816499,vesc,0.0032793666320531348,0.0032793666320531348,nan,nan,0.01,1,0,1,0,0,1786615474.4816499,nan,-0.0087198702835028074,-0.0034904367126041254,0.0032793666320531348,0.25514195028536335,0.030901914778429074,9.4896244436554298
1786615474.5021243,1786615474.5016768,vesc,0.0035050357247750743,0.0035050357247750743,nan,nan,0.01,1,0,1,0,0,1786615474.5016768,nan,0.0083231867175003506,0.0060963715683143354,0.0035050357247750743,0.15563995036141165,0.068375442419565502,9.8047238919862139
1786615474.5218232,1786615474.5215108,vesc,-0.0040780351191029877,-0.0040780351191029877,nan,nan,0.01,1,0,1,0,0,1786615474.5215108,nan,-0.001176076904514211,0.00079041164737330652,-0.0040780351191029877,0.13348913421945152,0.025677939000868122,9.6510567191801329
1786615474.5421402,1786615474.5415986,vesc,0.0011846510348675053,0.0011846510348675053,nan,nan,0.01,1,0,1,0,0,1786615474.5415986,nan,-0.0044341190023466466,-0.0088111464888247209,0.0011846510348675053,0.048454119451746269,0.030741043250909428,9.549475376191026
1786615474.5624261,1786615474.5617387,vesc,0.0087070756670001182,0.0087070756670001182,nan,nan,0.01,1,0,1,0,0,1786615474.5617387,nan,-0.0013260024709126641,0.0018213161038564756,0.0087070756670001182,-0.058099261967856641,0.011313887685194146,9.6487704577622253
1786615474.5821443,1786615474.5817506,vesc,-0.0040212931431274869,-0.0040212931431274869,nan,nan,0.01,1,0,1,0,0,1786615474.5817506,nan,0.0041498785708457284,-0.0013402774304744091,-0.0040212931431274869,-0.12521137684657102,0.05920335337438587,9.6529032699621666
1786615474.6023719,1786615474.6018901,vesc,-0.0082456018649544258,-0.0082456018649544258,nan,nan,0.01,1,0,1,0,0,1786615474.6018901,nan,0.0063302361231720727,0.0029321507631502493,-0.0082456018649544258,-0.19677613749882283,-0.031740442083957987,9.627866660910513
1786615474.6234188,1786615474.6219652,vesc,4.6582920175128553e-05,4.6582920175128553e-05,nan,nan,0.01,1,0,1,0,0,1786615474.6219652,nan,-0.0086823894120518445,-0.017330234711932919,4.6582920175128553e-05,-0.31927165614786901,0.053852931552931693,9.8613892612980862
1786615474.6419661,1786615474.6416147,vesc,0.0056304650594698824,0.0056304650594698824,nan,nan,0.01,1,0,1,0,0,1786615474.6416147,nan,0.0061678165861908654,0.013547536875638613,0.0056304650594698824,-0.21333625692710712,0.058768393601432933,9.8147413422705085
1786615474.6622748,1786615474.6618795,vesc,-0.019878069483541417,-0.019878069483541417,nan,nan,0.01,1,0,1,0,0,1786615474.6618795,nan,0.013924005904640338,0.0018981483013052614,-0.019878069483541417,-0.30818986638890777,-0.050085826162597158,9.324716582998235
1786615474.6816111,1786615474.6813891,vesc,0.0012104199792315991,0.0012104199792315991,nan,nan,0.01,1,0,1,0,0,1786615474.6813891,nan,-0.004434120042643948,0.00077619806535230936,0.0012104199792315991,-0.0070416559310757521,0.039679024389389639,9.7883668902203453
1786615474.7018175,1786615474.7015042,vesc,0.015022195750242738,0.015022195750242738,nan,nan,0.01,1,0,1,0,0,1786615474.7015042,nan,-0.0088573034397644579,0.0060654154415340656,0.015022195750242738,0.052906746952734007,0.17436430712073658,9.5786553224312456
1786615474.7217791,1786615474.7213824,vesc,-0.0052429095821334027,-0.0052429095821334027,nan,nan,0.01,1,0,1,0,0,1786615474.7213824,nan,-0.018206644616272468,0.03807793136141259,-0.0052429095821334027,0.22234433156621947,0.13645081302803064,9.4272486832931008
1786615474.7418745,1786615474.7415128,vesc,0.0034607871992336776,0.0034607871992336776,nan,nan,0.01,1,0,1,0,0,1786615474.7415128,nan,0.0040624218170637483,0.0082270268364997741,0.0034607871992336776,0.28670365028819944,-0.03661004003272339,9.6574769622411623
1786615474.7618089,1786615474.7614436,vesc,0.012530550556743009,0.012530550556743009,nan,nan,0.01,1,0,1,0,0,1786615474.7614436,nan,-0.062091875453684851,0.10407679313110897,0.012530550556743009,0.36401316352061031,0.059342480567767808,9.6011565786675419
1786615474.7822733,1786615474.7815413,vesc,0.0010875642489719057,0.0010875642489719057,nan,nan,0.01,1,0,1,0,0,1786615474.7815413,nan,-0.012955650363665803,-0.0077456178172786187,0.0010875642489719057,0.056797598617744249,0.035247529092124807,9.6549731843916788
1786615474.8017967,1786615474.801461,vesc,-0.0082229551128643955,-0.0082229551128643955,nan,nan,0.01,1,0,1,0,0,1786615474.801461,nan,0.003134661537584483,0.025302722645167267,-0.0082229551128643955,0.017581043324874202,0.03983280616762741,9.7311717631476995
1786615474.8218284,1786615474.8214321,vesc,-0.0039057233950883568,-0.0039057233950883568,nan,nan,0.01,1,0,1,0,0,1786615474.8214321,nan,0.0052150681054717657,0.037009067496720088,-0.0039057233950883568,-0.18517423788532739,0.050153105690576183,9.4557696483011
1786615474.8420691,1786615474.8416369,vesc,-0.0018065848438911618,-0.0018065848438911618,nan,nan,0.01,1,0,1,0,0,1786615474.8416369,nan,0.0083856555301168225,0.011436990034129223,-0.0018065848438911618,-0.19778737694407411,0.082988402407192297,9.7143902535073039
1786615474.8619378,1786615474.8615789,vesc,-3.3324461113439635e-05,-3.3324461113439635e-05,nan,nan,0.01,1,0,1,0,0,1786615474.8615789,nan,-0.017203920773371,-0.0098731423107372637,-3.3324461113439635e-05,-0.39759240882553115,0.10615938413492998,10.004323284593397
1786615474.8818679,1786615474.8814404,vesc,0.0033551106785252712,0.0033551106785252712,nan,nan,0.01,1,0,1,0,0,1786615474.8814404,nan,-0.0044591069435121564,0.0060967741633697493,0.0033551106785252712,-0.28592670147514454,0.10280790615997049,9.469100715837385
1786615474.9017739,1786615474.9013638,vesc,-0.00087492461986831414,-0.00087492461986831414,nan,nan,0.01,1,0,1,0,0,1786615474.9013638,nan,-0.0022787499113344628,0.0082386802468634723,-0.00087492461986831414,-0.14803634957327372,0.0067713683759791365,9.5566861628420838
1786615474.9216194,1786615474.9213014,vesc,-0.0062006015556259619,-0.0062006015556259619,nan,nan,0.01,1,0,1,0,0,1786615474.9213014,nan,0.00097929322679527397,-0.0055954939052571297,-0.0062006015556259619,-0.27442274272801725,-0.036759728759829358,9.7131693548268458
1786615474.9418027,1786615474.941375,vesc,-0.00098372697389133572,-0.00098372697389133572,nan,nan,0.01,1,0,1,0,0,1786615474.941375,nan,-0.0022787478307398608,-0.03224121851952963,-0.00098372697389133572,-0.3568028519558446,-0.06092616244988136,9.7935755901463608
1786615474.9617913,1786615474.9613585,vesc,0.009533321915345852,0.009533321915345852,nan,nan,0.01,1,0,1,0,0,1786615474.9613585,nan,-0.029033465953664406,0.033777142582773187,0.009533321915345852,-0.12938312784991357,0.20783581747265245,9.6005589932022986
1786615474.9817295,1786615474.9813228,vesc,0.0011648677010979596,0.0011648677010979596,nan,nan,0.01,1,0,1,0,0,1786615474.9813228,nan,-0.0012385446768333822,-0.030116457055701946,0.0011648677010979596,-0.26147254821758636,0.11250306521273501,9.4262996801521126
1786615475.0020115,1786615475.0012884,vesc,-0.014860572040696653,-0.014860572040696653,nan,nan,0.01,1,0,1,0,0,1786615475.0012884,nan,-0.011703051270298448,-0.0013111428642678625,-0.014860572040696653,-0.15067676954938047,-0.032153876793369562,9.7816987252050467
1786615475.0216849,1786615475.0213218,vesc,0.0023544736720092331,0.0023544736720092331,nan,nan,0.01,1,0,1,0,0,1786615475.0213218,nan,0.0030097249526488397,-0.0024226818048342863,0.0023544736720092331,-0.03781684144109132,-0.045909452204181633,9.55304685566432
1786615475.0417037,1786615475.0413587,vesc,0.0077014936072646693,0.0077014936072646693,nan,nan,0.01,1,0,1,0,0,1786615475.0413587,nan,0.0040124469750300309,0.00075875123932038794,0.0077014936072646693,-0.018489463132988604,0.073879097842766583,9.5392252067138088
1786615475.0617616,1786615475.061398,vesc,-0.0030253416356543074,-0.0030253416356543074,nan,nan,0.01,1,0,1,0,0,1786615475.061398,nan,-0.0022537630104662544,0.00078758203871509731,-0.0030253416356543074,-0.01076396616583164,0.097404055403206513,9.6974613940261634
1786615475.0816972,1786615475.0813549,vesc,-0.0051315103859732288,-0.0051315103859732288,nan,nan,0.01,1,0,1,0,0,1786615475.0813549,nan,0.0020319903512845076,-0.0087941709174700657,-0.0051315103859732288,-0.10487278650204157,0.011572919349678301,9.5524153563468417
1786615475.0984547,1786615475.0977099,vesc,-0.0040267599054432546,-0.0040267599054432546,nan,nan,0.01,1,0,1,0,0,1786615475.0977099,nan,0.0073454528963589937,-0.017319286623139172,-0.0040267599054432546,-0.039502210062260623,-0.060665742071620343,9.6966989170724673
1786615475.1218884,1786615475.1214139,vesc,-0.00081297803649685004,-0.00081297803649685004,nan,nan,0.01,1,0,1,0,0,1786615475.1214139,nan,0.0083731625998313686,-0.015197388057483319,-0.00081297803649685004,0.013858737658255738,0.035287509430858677,9.6400990365787038
1786615475.1417432,1786615475.1413035,vesc,0.0065543140811724198,0.0065543140811724198,nan,nan,0.01,1,0,1,0,0,1786615475.1413035,nan,0.0050901336011307243,-0.034392016544202049,0.0065543140811724198,-0.00011713617982334057,0.068908233423588428,9.6064927479002336
1786615475.1615505,1786615475.1612833,vesc,0.0085808345492492562,0.0085808345492492562,nan,nan,0.01,1,0,1,0,0,1786615475.1612833,nan,-0.0045215747158313269,-0.031201657749206406,0.0085808345492492562,0.22286440487565429,0.11631216092226992,9.7912694481943845
1786615475.181952,1786615475.1813896,vesc,0.004381253694262623,0.004381253694262623,nan,nan,0.01,1,0,1,0,0,1786615475.1813896,nan,-0.0034064092988742721,-0.013080811652818422,0.004381253694262623,0.021906841058425108,0.055194136700585261,9.3624042283767039
1786615475.2016113,1786615475.2012343,vesc,-0.0051708138582952142,-0.0051708138582952142,nan,nan,0.01,1,0,1,0,0,1786615475.2012343,nan,-9.8391838859468502e-05,-0.014120407793249875,-0.0051708138582952142,0.023606699811502985,-0.065264613924096437,9.6255710439471613
1786615475.221514,1786615475.2211516,vesc,-0.0050864800770102714,-0.0050864800770102714,nan,nan,0.01,1,0,1,0,0,1786615475.2211516,nan,0.0041623722813541588,-0.0013374134920052731,-0.0050864800770102714,-0.048238946474668865,-0.084422432107299272,9.6246775893572476
1786615475.241776,1786615475.2413659,vesc,0.0034860336542784382,0.0034860336542784382,nan,nan,0.01,1,0,1,0,0,1786615475.2413659,nan,0.009388378332720989,-0.0056215283855072561,0.0034860336542784382,-0.20044226877953975,0.030787492072235523,9.5321839893239257
1786615475.2617066,1786615475.2612522,vesc,0.0066430738073236673,0.0066430738073236673,nan,nan,0.01,1,0,1,0,0,1786615475.2612522,nan,0.0050901320406847731,-0.0013689407420036876,0.0066430738073236673,-0.14002995783592187,0.09263097306193302,9.6911417230786583
1786615475.2817452,1786615475.2812805,vesc,0.0075794194003522119,0.0075794194003522119,nan,nan,0.01,1,0,1,0,0,1786615475.2812805,nan,-0.0066394650159871497,0.0018243464898937414,0.0075794194003522119,-0.21615969476096453,0.12627941651255092,9.6472256233207645
1786615475.3017116,1786615475.3012753,vesc,0.01278588216655166,0.01278588216655166,nan,nan,0.01,1,0,1,0,0,1786615475.3012753,nan,-0.008832313418004346,-0.033343496733524221,0.01278588216655166,-0.52298200698555775,0.035214273051678902,9.6673341988097263
1786615475.3215203,1786615475.3211398,vesc,0.0054303024961179077,0.0054303024961179077,nan,nan,0.01,1,0,1,0,0,1786615475.3211398,nan,-0.0023537106139390872,-0.023736313709820708,0.0054303024961179077,-0.070094395987075231,0.058660877919024301,9.8547444851463979
1786615475.3418591,1786615475.3414249,vesc,0.0065072021373105381,0.0065072021373105381,nan,nan,0.01,1,0,1,0,0,1786615475.3414249,nan,0.0008293687006941219,-0.033326623111305048,0.0065072021373105381,0.040911626637927689,0.044480429182691239,9.7841522169977679
1786615475.3621187,1786615475.3615432,vesc,0.0022847154962059701,0.0022847154962059701,nan,nan,0.01,1,0,1,0,0,1786615475.3615432,nan,0.0019445346377998274,-0.023727858173359703,0.0022847154962059701,0.18048734716096781,0.073370682420037525,9.7283826411621703
1786615475.3817248,1786615475.3812227,vesc,-0.019940279262129986,-0.019940279262129986,nan,nan,0.01,1,0,1,0,0,1786615475.3812227,nan,0.011793623714496361,-0.011950172853809084,-0.019940279262129986,0.13945860261576648,-0.036322137739720262,9.5503618141218567
1786615475.4017842,1786615475.4013264,vesc,-0.01349996095918057,-0.01349996095918057,nan,nan,0.01,1,0,1,0,0,1786615475.4013264,nan,0.018109809582323663,-0.021554897654990784,-0.01349996095918057,0.16054201863098605,-0.11361981035992841,9.7947111194746412
1786615475.4219153,1786615475.4214139,vesc,-0.0036714682085941647,-0.0036714682085941647,nan,nan,0.01,1,0,1,0,0,1786615475.4214139,nan,0.033975231833604645,-0.0013412157786397416,-0.0036714682085941647,0.14149553509307822,0.015737160335095979,9.7852550019169939
1786615475.4413986,1786615475.4410696,vesc,-0.010063373155758384,-0.010063373155758384,nan,nan,0.01,1,0,1,0,0,1786615475.4410696,nan,0.036180574726353248,-0.010911448482515712,-0.010063373155758384,0.0050658314280833672,0.092948294159945988,9.5730852645624509
1786615475.461731,1786615475.4613307,vesc,-0.015424709662467598,-0.015424709662467598,nan,nan,0.01,1,0,1,0,0,1786615475.4613307,nan,0.035177857125235579,-0.019419183941180144,-0.015424709662467598,-0.190132530790315,0.074064746947673399,9.4701461980407657
1786615475.4816263,1786615475.4812107,vesc,0.00046330264470051922,0.00046330264470051922,nan,nan,0.01,1,0,1,0,0,1786615475.4812107,nan,0.022208152345035807,0.0029087430335846742,0.00046330264470051922,-0.1498902641928348,0.10693699075977392,9.7150170750520601
1786615475.5018883,1786615475.5013323,vesc,0.0025939402278318444,0.0025939402278318444,nan,nan,0.01,1,0,1,0,0,1786615475.5013323,nan,0.013661635643294395,0.040187404616107543,0.0025939402278318444,-0.28440986057981732,0.11273554686251153,9.3398041541916541
1786615475.5216181,1786615475.521101,vesc,-0.006073838208630093,-0.006073838208630093,nan,nan,0.01,1,0,1,0,0,1786615475.521101,nan,-0.0011510915640919538,0.050863384925476318,-0.006073838208630093,-0.26339712278682015,0.084419654679745548,9.1818919026403023
1786615475.541646,1786615475.5412641,vesc,-0.007212947108262641,-0.007212947108262641,nan,nan,0.01,1,0,1,0,0,1786615475.5412641,nan,-0.0064645525487204885,0.046605373171846314,-0.007212947108262641,-0.2586074124253237,0.026939220016153342,9.181793669413139
1786615475.5614657,1786615475.5610712,vesc,0.0066227718853496681,0.0066227718853496681,nan,nan,0.01,1,0,1,0,0,1786615475.5610712,nan,0.0018945582353201587,0.005022723376335394,0.0066227718853496681,-0.26575665712900687,0.04076872616303362,9.3829431589560954
1786615475.5814717,1786615475.5810626,vesc,0.0044288873472208626,0.0044288873472208626,nan,nan,0.01,1,0,1,0,0,1786615475.5810626,nan,-0.0044716009140949109,0.0092896926098740406,0.0044288873472208626,-0.11117931948631554,0.049545616503397838,9.6817838387481743
1786615475.601589,1786615475.6011684,vesc,0.0075640625315976217,0.0075640625315976217,nan,nan,0.01,1,0,1,0,0,1786615475.6011684,nan,-0.0077046566312077881,0.0007591195045648755,0.0075640625315976217,-0.10431097868910211,-0.0026684135222403427,9.5044798803775166
1786615475.6216412,1786615475.6210184,vesc,0.010686743225242974,0.010686743225242974,nan,nan,0.01,1,0,1,0,0,1786615475.6210184,nan,-0.012002902403095353,-0.0077714213515279644,0.010686743225242974,-0.047396262164084213,0.073841383300194963,9.5532573554368128
1786615475.6413283,1786615475.6409945,vesc,0.0075697888480899421,0.0075697888480899421,nan,nan,0.01,1,0,1,0,0,1786615475.6409945,nan,-0.0077046566312077881,0.0028896410945471605,0.0075697888480899421,0.076630569239648061,0.14078190066471841,9.598004929296053
1786615475.6612055,1786615475.6609175,vesc,-0.0020629676741222803,-0.0020629676741222803,nan,nan,0.01,1,0,1,0,0,1786615475.6609175,nan,-0.010787785221476262,-0.0002802727375956203,-0.0020629676741222803,0.10638006171760317,0.13143267752279009,9.5121023110281158
1786615475.681366,1786615475.6810522,vesc,-0.0073420516443339886,-0.0073420516443339886,nan,nan,0.01,1,0,1,0,0,1786615475.6810522,nan,-0.0096601258339364532,0.012517135923049037,-0.0073420516443339886,0.26393484737926087,-0.021968867228366662,9.5566510795466684
1786615475.7012732,1786615475.7009554,vesc,-0.0021139833336054604,-0.0021139833336054604,nan,nan,0.01,1,0,1,0,0,1786615475.7009554,nan,-0.016113741216984855,0.0039809368899370789,-0.0021139833336054604,0.153771545609942,0.088205105709974418,9.5556547139568693
1786615475.7212718,1786615475.7209759,vesc,0.0033212739685190536,0.0033212739685190536,nan,nan,0.01,1,0,1,0,0,1786615475.7209759,nan,-0.009785063459169397,0.016749548040700651,0.0033212739685190536,0.22742939942099483,0.14021062767103665,9.8105488884683609
1786615475.7412906,1786615475.7410138,vesc,-0.0052705008672941939,-0.0052705008672941939,nan,nan,0.01,1,0,1,0,0,1786615475.7410138,nan,-0.017141450920457227,0.023164250062914872,-0.0052705008672941939,0.20989977505096391,0.092684365452143425,9.6712951028621319
1786615475.7614036,1786615475.7609901,vesc,-0.0064200215824619222,-0.0064200215824619222,nan,nan,0.01,1,0,1,0,0,1786615475.7609901,nan,-0.021389723410757028,0.010384120740436705,-0.0064200215824619222,0.15394009160833377,0.04992356592130065,9.5411828545979915
1786615475.7825673,1786615475.7812212,vesc,0.005305105836857062,0.005305105836857062,nan,nan,0.01,1,0,1,0,0,1786615475.7812212,nan,-0.016201199011064135,-0.0098874900911100645,0.005305105836857062,0.13676200368562075,-0.051310160082397971,9.7802287351271389
1786615475.8014534,1786615475.8010499,vesc,0.0085613138905481657,0.0085613138905481657,nan,nan,0.01,1,0,1,0,0,1786615475.8010499,nan,-0.0098475312314885693,-0.015222584058108991,0.0085613138905481657,-0.016171635885481983,-0.027277956542409498,9.7497565541724498
1786615475.8215168,1786615475.82111,vesc,0.0086706350928499685,0.0086706350928499685,nan,nan,0.01,1,0,1,0,0,1786615475.82111,nan,-0.0034563851812052905,-0.0024396594567835414,0.0086706350928499685,-0.097877597664841609,0.010980377108150918,9.7728530569876284
1786615475.841326,1786615475.8410199,vesc,0.00027771887274070765,0.00027771887274070765,nan,nan,0.01,1,0,1,0,0,1786615475.8410199,nan,0.0051650943037353488,0.0082355822415016537,0.00027771887274070765,-0.21576643294641684,0.054519185259930936,9.6135047292106037
1786615475.8611102,1786615475.8608382,vesc,-0.0028842658783938637,-0.0028842658783938637,nan,nan,0.01,1,0,1,0,0,1786615475.8608382,nan,0.0073329578854789386,0.011439886221814686,-0.0028842658783938637,-0.26957682600365729,0.054263406109292589,9.7086810319000278
1786615475.8815472,1786615475.8809624,vesc,-0.0049792410297560463,-0.0049792410297560463,nan,nan,0.01,1,0,1,0,0,1786615475.8809624,nan,0.0084231364015677854,0.019967661967681963,-0.0049792410297560463,-0.35365679398456251,0.040385221890023359,9.525622243638054
1786615475.8969407,1786615475.8962209,vesc,-0.00072604058612371809,-0.00072604058612371809,nan,nan,0.01,1,0,1,0,0,1786615475.8962209,nan,0.0094383531747547055,0.012499354121286253,-0.00072604058612371809,-0.3064900076358299,-0.012473865684967222,9.5883090758864
1786615475.921576,1786615475.9210589,vesc,0.00029307583902316936,0.00029307583902316936,nan,nan,0.01,1,0,1,0,0,1786615475.9210589,nan,0.0062302853988073373,0.0093008092268305198,0.00029307583902316936,-0.36875627888038309,0.040218356966203572,9.5877208459666008
1786615475.9411721,1786615475.9407711,vesc,-0.00081063346645514453,-0.00081063346645514453,nan,nan,0.01,1,0,1,0,0,1786615475.9407711,nan,0.0019820144689534891,0.013564849503318729,-0.00081063346645514453,-0.40724250777074644,0.073711063475766281,9.6017296058259944
1786615475.9614954,1786615475.9609494,vesc,0.00018635861464781807,0.00018635861464781807,nan,nan,0.01,1,0,1,0,0,1786615475.9609494,nan,-0.0033564354971378557,0.011431632503030042,0.00018635861464781807,-0.38763423469244884,0.10734360980814905,9.5637273802319669
1786615475.9812746,1786615475.9808583,vesc,0.00012310839246662823,0.00012310839246662823,nan,nan,0.01,1,0,1,0,0,1786615475.9808583,nan,-0.0065520082622051688,0.0018443878173938885,0.00012310839246662823,-0.30677092981484932,0.11200234253342778,9.6125925635298017
1786615476.0015881,1786615476.0010939,vesc,-0.00098606803292965086,-0.00098606803292965086,nan,nan,0.01,1,0,1,0,0,1786615476.0010939,nan,-0.007604704866545753,-0.0098705810987826641,-0.00098606803292965086,-0.14566234337172812,0.09722805420453895,9.7629443649191217
1786615476.0213363,1786615476.0209243,vesc,-0.0021290809082578225,-0.0021290809082578225,nan,nan,0.01,1,0,1,0,0,1786615476.0209243,nan,-0.013983360067138177,-0.010932778738371564,-0.0021290809082578225,-0.04255037284854879,0.030743893768661934,9.5484076745672155
1786615476.0413299,1786615476.0409131,vesc,-0.0042334269276685585,-0.0042334269276685585,nan,nan,0.01,1,0,1,0,0,1786615476.0409131,nan,-0.010762795199716152,-0.015188195990533343,-0.0042334269276685585,0.029351452391662036,0.030754491847485355,9.5444608038329761
1786615476.0612693,1786615476.0608206,vesc,-0.0074240442365434527,-0.0074240442365434527,nan,nan,0.01,1,0,1,0,0,1786615476.0608206,nan,-0.0085949326582698635,-0.02263649475864523,-0.0074240442365434527,0.10785520465452514,-0.017817709388531,9.7943509309750425
1786615476.08132,1786615476.080848,vesc,-0.0020770244313251802,-0.0020770244313251802,nan,nan,0.01,1,0,1,0,0,1786615476.080848,nan,-0.0075922108959629985,-0.019455065875679762,-0.0020770244313251802,0.078611331899195669,0.029967566222296682,9.8372496151658879
1786615476.1014755,1786615476.1008391,vesc,0.0024023668791440253,0.0024023668791440253,nan,nan,0.01,1,0,1,0,0,1786615476.1008391,nan,0.0051401068827184905,0.0060993358954729987,0.0024023668791440253,0.072754212274683816,-0.04212721714269918,9.9280042531897834
1786615476.1226971,1786615476.1213183,vesc,-0.0016251644067477821,-0.0016251644067477821,nan,nan,0.01,1,0,1,0,0,1786615476.1213183,nan,0.021167948670980676,0.023154454623530423,-0.0016251644067477821,-0.071611227746127604,0.01999309297488594,9.9839632788206245
1786615476.141396,1786615476.1408942,vesc,-0.0037365372443140168,-0.0037365372443140168,nan,nan,0.01,1,0,1,0,0,1786615476.1408942,nan,0.020127744996925549,0.034878076732655132,-0.0037365372443140168,-0.30039370033580326,0.034627870386849224,9.8855113657825768
1786615476.1613276,1786615476.1609454,vesc,-0.0024446404002598301,-0.0024446404002598301,nan,nan,0.01,1,0,1,0,0,1786615476.1609454,nan,0.038223502243309844,0.040200949286964119,-0.0024446404002598301,-0.42260836989602879,0.034065222036623766,10.094853389526634
1786615476.1816003,1786615476.180892,vesc,-0.0035886943531117893,-0.0035886943531117893,nan,nan,0.01,1,0,1,0,0,1786615476.180892,nan,0.030779654907348127,0.043399826036258804,-0.0035886943531117893,-0.6349992416469874,0.22160378167215811,9.8246044260549752
1786615476.2012038,1786615476.2008386,vesc,-0.0089843882386262761,-0.0089843882386262761,nan,nan,0.01,1,0,1,0,0,1786615476.2008386,nan,0.029776933145041262,0.022108966239187171,-0.0089843882386262761,-0.73361685016567435,0.10230696421006691,9.6554631810843148
1786615476.2215359,1786615476.2210534,vesc,-0.015601181535388177,-0.015601181535388177,nan,nan,0.01,1,0,1,0,0,1786615476.2210534,nan,0.012808839447385983,0.012539335867448369,-0.015601181535388177,-0.59505237822416035,0.039955086070190049,9.6856628817779438
1786615476.2412062,1786615476.2408533,vesc,-0.0036319051820956263,-0.0036319051820956263,nan,nan,0.01,1,0,1,0,0,1786615476.2408533,nan,0.039301187829113238,-0.009863467545839711,-0.0036319051820956263,-0.71039872525972214,0.025498502562857794,9.7178038581512283
1786615476.2615778,1786615476.2607949,vesc,0.010516420549667498,0.010516420549667498,nan,nan,0.01,1,0,1,0,0,1786615476.2607949,nan,0.065768548269674973,-0.014162568962257193,0.010516420549667498,-0.56530291315502978,0.20304665528764687,9.6002233630094906
1786615476.2813423,1786615476.2808671,vesc,0.0089508677789995068,0.0089508677789995068,nan,nan,0.01,1,0,1,0,0,1786615476.2808671,nan,0.11053156324416129,0.00075539732082256935,0.0089508677789995068,-0.48775421224710414,0.077615212988817461,9.9313324884815302
1786615476.3010213,1786615476.300729,vesc,-0.002188872905882142,-0.002188872905882142,nan,nan,0.01,1,0,1,0,0,1786615476.300729,nan,0.1447551057210914,0.066831973460078839,-0.002188872905882142,-0.87198397857047638,0.15771863561477772,10.425242137999476
1786615476.3209953,1786615476.320699,vesc,0.010613064168912952,0.010613064168912952,nan,nan,0.01,1,0,1,0,0,1786615476.320699,nan,0.22344182868446774,0.12645258938617068,0.010613064168912952,-0.86779773743522526,0.046311959928875268,10.884868391237433
1786615476.3412948,1786615476.3407335,vesc,0.0074223547937269339,0.0074223547937269339,nan,nan,0.01,1,0,1,0,0,1786615476.3407335,nan,0.30764187767079654,0.15735393827176783,0.0074223547937269339,-0.81386053288309768,0.021548964036362861,11.187229095002863
1786615476.36304,1786615476.3608255,vesc,-0.001175762344617878,-0.001175762344617878,nan,nan,0.01,1,0,1,0,0,1786615476.3608255,nan,0.38764366958045399,0.17655188426657883,-0.001175762344617878,-0.80878982725238302,0.016823171053701458,11.163323337506768
1786615476.3819175,1786615476.3807166,vesc,0.011321376593603457,0.011321376593603457,nan,nan,0.01,1,0,1,0,0,1786615476.3807166,nan,0.45035249126779092,0.19249732826683288,0.011321376593603457,-0.65630569240379089,0.11722856583460128,11.23244678502067
1786615476.4010456,1786615476.4006958,vesc,0.022345105404093131,0.022345105404093131,nan,nan,0.01,1,0,1,0,0,1786615476.4006958,nan,0.56421557748947881,0.22975208901886962,0.022345105404093131,-0.78947698475756312,0.1712363024285537,10.742411500759772
1786615476.4210074,1786615476.4206526,vesc,0.0086524475751398686,0.0086524475751398686,nan,nan,0.01,1,0,1,0,0,1786615476.4206526,nan,0.66132281979120155,0.26068167573439999,0.0086524475751398686,-0.84582996655984033,0.31998625902136268,10.646341743480434
1786615476.4411638,1786615476.4407816,vesc,-0.018442367662258104,-0.018442367662258104,nan,nan,0.01,1,0,1,0,0,1786615476.4407816,nan,0.62222308761498524,0.25968923210942513,-0.018442367662258104,-0.83505625198874611,0.63530336996412018,10.953900622183255
1786615476.4612756,1786615476.4607658,vesc,-0.036969519554532412,-0.036969519554532412,nan,nan,0.01,1,0,1,0,0,1786615476.4607658,nan,0.50418679467562955,0.22351989259392069,-0.036969519554532412,-0.97044583187555844,1.1368693639848999,11.47102254939125
1786615476.48106,1786615476.4807069,vesc,-0.073546189558764505,-0.073546189558764505,nan,nan,0.01,1,0,1,0,0,1786615476.4807069,nan,0.29687431790944263,0.20337810566402878,-0.073546189558764505,-0.90677505937120628,1.1228191619827967,11.351972064171605
1786615476.5012834,1786615476.5007548,vesc,-0.12919046046720506,-0.12919046046720506,nan,nan,0.01,1,0,1,0,0,1786615476.5007548,nan,0.0045589458359170543,0.19820131997907822,-0.12919046046720506,-0.72646592438741919,0.955870842246199,11.090166480463267
1786615476.5212121,1786615476.5208175,vesc,-0.17830540939682787,-0.17830540939682787,nan,nan,0.01,1,0,1,0,0,1786615476.5208175,nan,-0.27824465720174091,0.20259438728948886,-0.17830540939682787,-0.68508568907627421,1.179507043075894,11.646938378706636
1786615476.5409439,1786615476.5406613,vesc,-0.25071494515758974,-0.25071494515758974,nan,nan,0.01,1,0,1,0,0,1786615476.5406613,nan,-0.55864304606654247,0.24966079941910913,-0.25071494515758974,-0.63560106634376012,1.1835615756729396,11.92058106628815
1786615476.5609548,1786615476.5606523,vesc,-0.29894229578540277,-0.29894229578540277,nan,nan,0.01,1,0,1,0,0,1786615476.5606523,nan,-0.77114405971598987,0.27748738734577688,-0.29894229578540277,-0.67060418181115722,0.86339083698985064,11.636677684240794
1786615476.5811307,1786615476.5806878,vesc,-0.3152466673215723,-0.3152466673215723,nan,nan,0.01,1,0,1,0,0,1786615476.5806878,nan,-0.89133571550457402,0.28498809733220098,-0.3152466673215723,-0.75364393008299402,0.76133521170084606,12.181532956474712
1786615476.6011145,1786615476.6006892,vesc,-0.32911258198463794,-0.32911258198463794,nan,nan,0.01,1,0,1,0,0,1786615476.6006892,nan,-0.89543405410609689,0.29674329038381075,-0.32911258198463794,-0.963211437090294,0.65623172512262329,12.078195109828471
1786615476.6211541,1786615476.6207111,vesc,-0.33646150843368439,-0.33646150843368439,nan,nan,0.01,1,0,1,0,0,1786615476.6207111,nan,-0.79414098836104219,0.29143670888523249,-0.33646150843368439,-1.0408724045435491,0.039183984473037725,11.754669823382073
1786615476.6410611,1786615476.6406655,vesc,-0.32912876068826019,-0.32912876068826019,nan,nan,0.01,1,0,1,0,0,1786615476.6406655,nan,-0.62164245191832079,0.28502541487697575,-0.32912876068826019,-1.125682762880885,-0.24310267892235515,11.633156490824263
1786615476.6607237,1786615476.6604726,vesc,-0.32978809279513654,-0.32978809279513654,nan,nan,0.01,1,0,1,0,0,1786615476.6604726,nan,-0.40537116782413452,0.28502717922119791,-0.32978809279513654,-1.323971063502313,-0.19563403005265201,11.793830967167992
1786615476.6811354,1786615476.680542,vesc,-0.31637275169899864,-0.31637275169899864,nan,nan,0.01,1,0,1,0,0,1786615476.680542,nan,-0.16476291900339551,0.26262050694224809,-0.31637275169899864,-1.5310104536239351,-0.38637861816756924,11.474725006500762
1786615476.7014968,1786615476.7009158,vesc,-0.29026914577382812,-0.29026914577382812,nan,nan,0.01,1,0,1,0,0,1786615476.7009158,nan,0.070369471141977114,0.22846177082596941,-0.29026914577382812,-1.4671711351211911,-0.5488808611122451,11.340905623354388
1786615476.7210412,1786615476.720633,vesc,-0.27337340267284976,-0.27337340267284976,nan,nan,0.01,1,0,1,0,0,1786615476.720633,nan,0.2448859180321652,0.2039151986768705,-0.27337340267284976,-1.4676767731163665,-0.44361621064570755,11.38429664312423
1786615476.7409854,1786615476.7405744,vesc,-0.27944030001788883,-0.27944030001788883,nan,nan,0.01,1,0,1,0,0,1786615476.7405744,nan,0.37173111561966238,0.16771238655541507,-0.27944030001788883,-1.6600659637940822,-0.27504521540594595,11.042374846005146
1786615476.7610071,1786615476.7605906,vesc,-0.30428423074745187,-0.30428423074745187,nan,nan,0.01,1,0,1,0,0,1786615476.7605906,nan,0.35923616299625594,0.09534093399824134,-0.30428423074745187,-1.5930247098630872,-0.13983233107468962,10.636341834843847
1786615476.781069,1786615476.7805581,vesc,-0.34604898822651053,-0.34604898822651053,nan,nan,0.01,1,0,1,0,0,1786615476.7805581,nan,0.26384374676519196,0.034732892841353787,-0.34604898822651053,-1.7060114860113629,-0.18727832198277028,10.467226317623158
1786615476.8010144,1786615476.8005681,vesc,-0.39431575363845672,-0.39431575363845672,nan,nan,0.01,1,0,1,0,0,1786615476.8005681,nan,0.15467877631202639,-0.0066828396917958648,-0.39431575363845672,-1.5748769982270545,-0.053844270364376001,10.723012777281383
1786615476.8212368,1786615476.8206191,vesc,-0.42903987885415928,-0.42903987885415928,nan,nan,0.01,1,0,1,0,0,1786615476.8206191,nan,0.017656431373872895,-0.040678100369333052,-0.42903987885415928,-1.6953645829351558,-0.16787393401397566,10.376386310247085
1786615476.8408844,1786615476.8405521,vesc,-0.44267213442108416,-0.44267213442108416,nan,nan,0.01,1,0,1,0,0,1786615476.8405521,nan,-0.14305000018841135,-0.051294147070607428,-0.44267213442108416,-1.7046069847515639,-0.18216643002504185,10.347496385915633
1786615476.8609662,1786615476.8605056,vesc,-0.45933127230396575,-0.45933127230396575,nan,nan,0.01,1,0,1,0,0,1786615476.8605056,nan,-0.29519745852907425,-0.036335620636066296,-0.45933127230396575,-1.6190663091479962,-0.2110638095567694,10.405906564452835
1786615476.8808796,1786615476.880475,vesc,-0.47031361600723454,-0.47031361600723454,nan,nan,0.01,1,0,1,0,0,1786615476.880475,nan,-0.42823390643976039,0.025479448350629239,-0.47031361600723454,-1.6182797124287021,-0.18693344587981642,10.338915011857011
1786615476.9008546,1786615476.90047,vesc,-0.48427833394674225,-0.48427833394674225,nan,nan,0.01,1,0,1,0,0,1786615476.90047,nan,-0.54525500237157787,0.096889953323907527,-0.48427833394674225,-1.6735652849679639,-0.22474973000814202,10.151341003475068
1786615476.9209592,1786615476.9205494,vesc,-0.51181798291071068,-0.51181798291071068,nan,nan,0.01,1,0,1,0,0,1786615476.9205494,nan,-0.63228830521785795,0.13957469980153406,-0.51181798291071068,-1.7725761918462979,-0.12858568637237511,10.016306568864138
1786615476.9408975,1786615476.9404638,vesc,-0.53557744115487993,-0.53557744115487993,nan,nan,0.01,1,0,1,0,0,1786615476.9404638,nan,-0.66609959868042223,0.16733553261641204,-0.53557744115487993,-2.00508093812563,-0.070595922658569066,9.8269105680069515
1786615476.961026,1786615476.960526,vesc,-0.5360741539876932,-0.5360741539876932,nan,nan,0.01,1,0,1,0,0,1786615476.960526,nan,-0.62347943385923021,0.19290331053025866,-0.5360741539876932,-2.0701145504764753,-0.074920377359717349,9.6536821191203899
1786615476.9811599,1786615476.9805663,vesc,-0.52537370588580945,-0.52537370588580945,nan,nan,0.01,1,0,1,0,0,1786615476.9805663,nan,-0.52985504034159936,0.19820088721540108,-0.52537370588580945,-2.0754242610572078,-0.16495211677255739,9.2893087671001808
1786615477.0009975,1786615477.0005443,vesc,-0.50737972508555285,-0.50737972508555285,nan,nan,0.01,1,0,1,0,0,1786615477.0005443,nan,-0.35961190173655239,0.20454413745780634,-0.50737972508555285,-2.0670245892327586,-0.23707310297381667,9.3898112987552622
1786615477.0212352,1786615477.0207121,vesc,-0.47050892558367829,-0.47050892558367829,nan,nan,0.01,1,0,1,0,0,1786615477.0207121,nan,-0.12673480956031341,0.22255459656730783,-0.47050892558367829,-2.1157226883361773,-0.12598685471937543,9.0494214722026527
1786615477.0411515,1786615477.0405118,vesc,-0.42022355064447919,-0.42022355064447919,nan,nan,0.01,1,0,1,0,0,1786615477.0405118,nan,0.064437371359988074,0.26076911064193864,-0.42022355064447919,-2.0212913209527414,0.11908668314059234,8.7589738861171327
1786615477.0632515,1786615477.0604494,vesc,-0.39870960325243754,-0.39870960325243754,nan,nan,0.01,1,0,1,0,0,1786615477.0604494,nan,0.16219756250434944,0.30758308838973303,-0.39870960325243754,-2.0416444562468286,0.41210267708386894,8.452938207156933
1786615477.0808296,1786615477.0805292,vesc,-0.39280294498123725,-0.39280294498123725,nan,nan,0.01,1,0,1,0,0,1786615477.0805292,nan,0.20261236362684693,0.34698212658296068,-0.39280294498123725,-1.9575788870350834,0.55161582326047665,8.2291512212471503
1786615477.1006126,1786615477.1003397,vesc,-0.38059211835662854,-0.38059211835662854,nan,nan,0.01,1,0,1,0,0,1786615477.1003397,nan,0.24188701555241102,0.35866727849790137,-0.38059211835662854,-2.0270087286622811,0.59528188144833649,8.0224673418524048
1786615477.1208031,1786615477.1204181,vesc,-0.36841564651008191,-0.36841564651008191,nan,nan,0.01,1,0,1,0,0,1786615477.1204181,nan,0.28116163418846152,0.35756929046997532,-0.36841564651008191,-2.0543427088420572,0.72014515708693239,7.9027227921051235
1786615477.1409106,1786615477.1405087,vesc,-0.36460529549093734,-0.36460529549093734,nan,nan,0.01,1,0,1,0,0,1786615477.1405087,nan,0.33012298530221407,0.3724728059832495,-0.36460529549093734,-1.9774263843339952,0.71541709830810873,7.8796602031421799
1786615477.1609459,1786615477.1604836,vesc,-0.34608560669149913,-0.34608560669149913,nan,nan,0.01,1,0,1,0,0,1786615477.1604836,nan,0.35547511374679147,0.41396848432366923,-0.34608560669149913,-1.8811828185619532,0.59576654255646133,7.8421444659112467
1786615477.1808212,1786615477.1803801,vesc,-0.33571379266813101,-0.33571379266813101,nan,nan,0.01,1,0,1,0,0,1786615477.1803801,nan,0.32659000251060133,0.43524597630042544,-0.33571379266813101,-1.9263831131124505,0.67781635717599187,7.6118963064291165
1786615477.2008953,1786615477.2004623,vesc,-0.33933725635777917,-0.33933725635777917,nan,nan,0.01,1,0,1,0,0,1786615477.2004623,nan,0.2872154653994024,0.44803893664981181,-0.33933725635777917,-2.1167355723109011,0.68768565362735501,7.5043016866057997
1786615477.2213478,1786615477.2204051,vesc,-0.36102936922674711,-0.36102936922674711,nan,nan,0.01,1,0,1,0,0,1786615477.2204051,nan,0.25337923809113228,0.45235828433229769,-0.36102936922674711,-2.2067850360969459,0.76454774520792057,7.4220155713736062
1786615477.2407911,1786615477.2403417,vesc,-0.38047550519039669,-0.38047550519039669,nan,nan,0.01,1,0,1,0,0,1786615477.2403417,nan,0.23230030141839828,0.44388840009092334,-0.38047550519039669,-2.3099677853413709,0.68362278874764826,7.2337627012253733
1786615477.2610266,1786615477.2605312,vesc,-0.39015902523003382,-0.39015902523003382,nan,nan,0.01,1,0,1,0,0,1786615477.2605312,nan,0.22708678075516148,0.43113122596868492,-0.39015902523003382,-2.2654558542830046,0.57377275157030994,7.1142298206937653
1786615477.2807417,1786615477.2803264,vesc,-0.4112633784464213,-0.4112633784464213,nan,nan,0.01,1,0,1,0,0,1786615477.2803264,nan,0.24970565703872016,0.40775203383866537,-0.4112633784464213,-2.2683209900752672,0.39109534796558165,7.3580148697119512
1786615477.3008327,1786615477.3003821,vesc,-0.4459957927510167,-0.4459957927510167,nan,nan,0.01,1,0,1,0,0,1786615477.3003821,nan,0.29485600798781247,0.36843049363315905,-0.4459957927510167,-2.5298447379771005,0.28616086419949305,7.1917925549198571
1786615477.3211322,1786615477.3203864,vesc,-0.47860922964477687,-0.47860922964477687,nan,nan,0.01,1,0,1,0,0,1786615477.3203864,nan,0.33998130857790121,0.32484216988718229,-0.47860922964477687,-2.5973502608507602,0.16151943558675086,7.2289890341625096
1786615477.340796,1786615477.3403573,vesc,-0.50930941832191057,-0.50930941832191057,nan,nan,0.01,1,0,1,0,0,1786615477.3403573,nan,0.36803860947875389,0.27485706636088969,-0.50930941832191057,-2.5920550221293865,0.11373492742301039,7.1858090988867502
1786615477.3607666,1786615477.3603282,vesc,-0.53288565108308228,-0.53288565108308228,nan,nan,0.01,1,0,1,0,0,1786615477.3603282,nan,0.36937867884976816,0.21739595366728348,-0.53288565108308228,-2.6127304852001032,0.075067763745561678,7.3148027747487276
1786615477.3806181,1786615477.3802094,vesc,-0.56816930644381047,-0.56816930644381047,nan,nan,0.01,1,0,1,0,0,1786615477.3802094,nan,0.37192133190052135,0.15890101848326529,-0.56816930644381047,-2.6681141447861307,-0.050089078676442966,7.5437551911868468
1786615477.4007237,1786615477.4003203,vesc,-0.62592887627183047,-0.62592887627183047,nan,nan,0.01,1,0,1,0,0,1786615477.4003203,nan,0.36194409848216208,0.11644555353073777,-0.62592887627183047,-2.7671247593036696,-0.068885538916866551,7.4084126082978514
1786615477.4208856,1786615477.4204721,vesc,-0.68069591856195577,-0.68069591856195577,nan,nan,0.01,1,0,1,0,0,1786615477.4204721,nan,0.33169072165691643,0.086765247360185163,-0.68069591856195577,-2.7316722122039607,-0.16534373405763247,7.6528788579686875
1786615477.44051,1786615477.4402187,vesc,-0.73014635920990134,-0.73014635920990134,nan,nan,0.01,1,0,1,0,0,1786615477.4402187,nan,0.30350532270763098,0.044287424338068593,-0.73014635920990134,-2.64804211439656,-0.11803844178220757,7.8743450838867375
1786615477.4608583,1786615477.4604263,vesc,-0.80088344645085019,-0.80088344645085019,nan,nan,0.01,1,0,1,0,0,1786615477.4604263,nan,0.27556974491335173,0.0082584292508220917,-0.80088344645085019,-2.5539329286093562,-0.11842768363582223,8.0191589870947269
1786615477.4811499,1786615477.4801846,vesc,-0.8778338216730085,-0.8778338216730085,nan,nan,0.01,1,0,1,0,0,1786615477.4801846,nan,0.26262182187803634,-0.026688594225741671,-0.8778338216730085,-2.6266214236590599,-0.38206973167876157,8.0894536319539156
1786615477.500802,1786615477.5003824,vesc,-0.93556449620320115,-0.93556449620320115,nan,nan,0.01,1,0,1,0,0,1786615477.5003824,nan,0.25584013209641998,-0.072339960677283557,-0.93556449620320115,-2.6808251150759475,-0.54048637869190941,8.2177327780325982
1786615477.52071,1786615477.5202978,vesc,-0.98457691343085607,-0.98457691343085607,nan,nan,0.01,1,0,1,0,0,1786615477.5202978,nan,0.26280599611217215,-0.10523153977976735,-0.98457691343085607,-2.8312160928118146,-0.57923960607842417,8.3787376220748229
1786615477.5404668,1786615477.5401201,vesc,-1.0218587052679571,-1.0218587052679571,nan,nan,0.01,1,0,1,0,0,1786615477.5401201,nan,0.27176482008492825,-0.14241573508529537,-1.0218587052679571,-2.8325083275262841,-0.61785586243242108,8.4887974281226661
1786615477.5604632,1786615477.5601599,vesc,-1.0420098465511778,-1.0420098465511778,nan,nan,0.01,1,0,1,0,0,1786615477.5601599,nan,0.29117561922986385,-0.19349444906847219,-1.0420098465511778,-2.7780651926181861,-0.64729301308215526,8.7480378382145432
1786615477.5806231,1786615477.5802145,vesc,-1.0563711424665119,-1.0563711424665119,nan,nan,0.01,1,0,1,0,0,1786615477.5802145,nan,0.35739235670505309,-0.27654674220400405,-1.0563711424665119,-2.786562951489401,-0.94033383942046811,9.0633162113519461
1786615477.6006081,1786615477.6002533,vesc,-1.0587450176831814,-1.0587450176831814,nan,nan,0.01,1,0,1,0,0,1786615477.6002533,nan,0.43944957634403381,-0.32873850772002272,-1.0587450176831814,-2.8315242410898804,-1.1036180744019148,9.2204326568189572
1786615477.6205955,1786615477.620126,vesc,-1.0265717680280975,-1.0265717680280975,nan,nan,0.01,1,0,1,0,0,1786615477.620126,nan,0.46250895611664838,-0.35013034917608421,-1.0265717680280975,-2.7037751451327665,-1.0321322054829736,9.3562541266903736
1786615477.640759,1786615477.6403692,vesc,-0.99252405243976149,-0.99252405243976149,nan,nan,0.01,1,0,1,0,0,1786615477.6403692,nan,0.46104398449050937,-0.3598092752628409,-0.99252405243976149,-2.5927546415121299,-0.91807655826770684,9.6931894180877407
1786615477.6607635,1786615477.6602149,vesc,-0.99144094482442635,-0.99144094482442635,nan,nan,0.01,1,0,1,0,0,1786615477.6602149,nan,0.45890110520889077,-0.34383317162053734,-0.99144094482442635,-2.4661706033236044,-0.84316553645343362,10.336787794711654
1786615477.681258,1786615477.6807766,vesc,-0.97768718253276654,-0.97768718253276654,nan,nan,0.01,1,0,1,0,0,1786615477.6807766,nan,0.44489121339939264,-0.31830370993687424,-0.97768718253276654,-2.344334942989164,-0.628236351734067,10.568732816248712
1786615477.7005861,1786615477.7001722,vesc,-0.97505697806117697,-0.97505697806117697,nan,nan,0.01,1,0,1,0,0,1786615477.7001722,nan,0.39372453187645912,-0.30552756079186899,-0.97505697806117697,-2.2876865306034091,-0.3181742799033529,11.049268713554284
1786615477.7206326,1786615477.7202184,vesc,-0.97179986546898278,-0.97179986546898278,nan,nan,0.01,1,0,1,0,0,1786615477.7202184,nan,0.30419851024986494,-0.28849205166793185,-0.97179986546898278,-2.079242639221988,-0.064837620982810762,11.248800278456997
1786615477.740624,1786615477.7401865,vesc,-0.94789573099859514,-0.94789573099859514,nan,nan,0.01,1,0,1,0,0,1786615477.7401865,nan,0.15477192037115192,-0.25553296975419298,-0.94789573099859514,-1.6766824357656276,0.11722206080690967,11.234849990756629
1786615477.7604492,1786615477.7600758,vesc,-0.91191682414578823,-0.91191682414578823,nan,nan,0.01,1,0,1,0,0,1786615477.7600758,nan,-0.056585710837351165,-0.21621474185529241,-0.91191682414578823,-1.5230890840603166,-0.097162090300138004,10.800150418911358
1786615477.7807517,1786615477.7802298,vesc,-0.86778052171601405,-0.86778052171601405,nan,nan,0.01,1,0,1,0,0,1786615477.7802298,nan,-0.29786864239193733,-0.18224482386030033,-0.86778052171601405,-1.5122882530254742,-0.33528586488144896,10.287065409562501
1786615477.8006682,1786615477.800236,vesc,-0.82992581734940951,-0.82992581734940951,nan,nan,0.01,1,0,1,0,0,1786615477.800236,nan,-0.52948992095614955,-0.14932325922841794,-0.82992581734940951,-1.387474751812249,-0.42623579991649052,10.264333773019644
1786615477.8205392,1786615477.8201325,vesc,-0.80783209978805781,-0.80783209978805781,nan,nan,0.01,1,0,1,0,0,1786615477.8201325,nan,-0.7470762739966168,-0.096119234504438586,-0.80783209978805781,-1.3090979389521209,-0.21507814254448476,10.117318393024334
1786615477.8406096,1786615477.8401823,vesc,-0.80867865211956669,-0.80867865211956669,nan,nan,0.01,1,0,1,0,0,1786615477.8401823,nan,-0.92497570113001903,-0.031135594709415626,-0.80867865211956669,-1.1695783973831197,-0.28679124889143992,10.066067545638248
1786615477.860697,1786615477.8602724,vesc,-0.82693828323855867,-0.82693828323855867,nan,nan,0.01,1,0,1,0,0,1786615477.8602724,nan,-1.0387512026413568,0.013654743673676514,-0.82693828323855867,-1.0874229674263489,-0.38721688965740242,10.004485837195489
1786615477.8804598,1786615477.8800676,vesc,-0.84986417206153309,-0.84986417206153309,nan,nan,0.01,1,0,1,0,0,1786615477.8800676,nan,-1.0928135725070474,0.043543873922907671,-0.84986417206153309,-0.95596600568501344,-0.45858215974835304,9.8238021880331416
1786615477.9004102,1786615477.9000118,vesc,-0.86570898186209577,-0.86570898186209577,nan,nan,0.01,1,0,1,0,0,1786615477.9000118,nan,-1.0883654942753695,0.074479236369052168,-0.86570898186209577,-0.9484234626216832,-0.59207205227861692,9.5888025809085775
1786615477.9207153,1786615477.9200144,vesc,-0.86073925695189901,-0.86073925695189901,nan,nan,0.01,1,0,1,0,0,1786615477.9200144,nan,-1.0308950771627048,0.087249102118360525,-0.86073925695189901,-1.0285564136879515,-0.81690444730158163,9.4770798266580414
1786615477.9405086,1786615477.9400935,vesc,-0.8634249883322167,-0.8634249883322167,nan,nan,0.01,1,0,1,0,0,1786615477.9400935,nan,-0.89876147415106922,0.096843739156616232,-0.8634249883322167,-1.0613540324070954,-0.9316966244499767,9.4141111586031911
1786615477.9604819,1786615477.9599757,vesc,-0.87280990143462855,-0.87280990143462855,nan,nan,0.01,1,0,1,0,0,1786615477.9599757,nan,-0.70369397905047137,0.11391327016347912,-0.87280990143462855,-1.1173698491223902,-1.1517010463923825,9.288312986231972
1786615477.980511,1786615477.9801533,vesc,-0.86286758871606295,-0.86286758871606295,nan,nan,0.01,1,0,1,0,0,1786615477.9801533,nan,-0.49500398221044095,0.12773504293147675,-0.86286758871606295,-1.2416921111096002,-1.2511416505493571,8.8602429877770419
1786615478.000422,1786615478.0000334,vesc,-0.84675200201166645,-0.84675200201166645,nan,nan,0.01,1,0,1,0,0,1786615478.0000334,nan,-0.30130162348461764,0.12556119607980754,-0.84675200201166645,-1.4016209212453532,-1.466018064145203,8.6086893277106924
1786615478.0206959,1786615478.0199382,vesc,-0.81739184941603338,-0.81739184941603338,nan,nan,0.01,1,0,1,0,0,1786615478.0199382,nan,-0.15036929897033063,0.0850021015604982,-0.81739184941603338,-1.4980475048751458,-1.4602722974385358,8.2530856301011681
1786615478.0402911,1786615478.039984,vesc,-0.8058492431984392,-0.8058492431984392,nan,nan,0.01,1,0,1,0,0,1786615478.039984,nan,-0.065278942748020721,0.044490881522972238,-0.8058492431984392,-1.6042219821361243,-1.4306146336590757,7.9118023489586449
1786615478.0604331,1786615478.0600369,vesc,-0.79804365120147147,-0.79804365120147147,nan,nan,0.01,1,0,1,0,0,1786615478.0600369,nan,-0.030215085562197347,0.021034002071122701,-0.79804365120147147,-1.6304884068724874,-1.3965168864839939,7.7008090714437003
1786615478.0804605,1786615478.0800188,vesc,-0.78109749113210647,-0.78109749113210647,nan,nan,0.01,1,0,1,0,0,1786615478.0800188,nan,-0.035740945087030011,0.0082052352087910105,-0.78109749113210647,-1.647961934514953,-1.4344504072911661,7.5567903895984614
1786615478.1006398,1786615478.1000957,vesc,-0.74118309797843507,-0.74118309797843507,nan,nan,0.01,1,0,1,0,0,1786615478.1000957,nan,-0.078823351449675796,-0.015337950948174462,-0.74118309797843507,-1.6299973869170685,-1.4000968444203465,7.2505091275703535
1786615478.1203499,1786615478.1199269,vesc,-0.70766475223577952,-0.70766475223577952,nan,nan,0.01,1,0,1,0,0,1786615478.1199269,nan,-0.12396118554164474,-0.031407066531846377,-0.70766475223577952,-1.6292670696508367,-1.380769456975969,7.1882941656453454
1786615478.1403763,1786615478.1399693,vesc,-0.68023878696084361,-0.68023878696084361,nan,nan,0.01,1,0,1,0,0,1786615478.1399693,nan,-0.14452465906301548,-0.043198736568011806,-0.68023878696084361,-1.5716781325871523,-1.5196560374235162,7.1790158034511364
1786615478.160368,1786615478.1599851,vesc,-0.65440465964847561,-0.65440465964847561,nan,nan,0.01,1,0,1,0,0,1786615478.1599851,nan,-0.12671625897884534,-0.021962810710206861,-0.65440465964847561,-1.590162790039571,-1.6248813653631089,7.1210313022316427
1786615478.1804094,1786615478.1800013,vesc,-0.61745709452817954,-0.61745709452817954,nan,nan,0.01,1,0,1,0,0,1786615478.1800013,nan,-0.079207437535514069,0.040788713100733807,-0.61745709452817954,-1.489747381901438,-1.6967734696068817,7.1363872606349901
1786615478.2004063,1786615478.1999936,vesc,-0.57909665587056902,-0.57909665587056902,nan,nan,0.01,1,0,1,0,0,1786615478.1999936,nan,-0.0040161566752047271,0.1120585865236991,-0.57909665587056902,-1.5406364328035522,-1.8400606647427082,6.9821125620966313
1786615478.220454,1786615478.2200246,vesc,-0.53836330739218452,-0.53836330739218452,nan,nan,0.01,1,0,1,0,0,1786615478.2200246,nan,0.096714733968937122,0.16201671722157623,-0.53836330739218452,-1.5899381107685144,-1.9409713320677895,7.1010227141346149
1786615478.2404132,1786615478.2399604,vesc,-0.49215196970956143,-0.49215196970956143,nan,nan,0.01,1,0,1,0,0,1786615478.2399604,nan,0.21229585037697041,0.20343797685428511,-0.49215196970956143,-1.6101643614775156,-1.9699553965752727,7.1917253119369775
1786615478.2606823,1786615478.2601519,vesc,-0.44699068315524304,-0.44699068315524304,nan,nan,0.01,1,0,1,0,0,1786615478.2601519,nan,0.3257590296714693,0.25977580148960949,-0.44699068315524304,-1.5389367933210707,-2.0132095914929948,7.2451384597638366
1786615478.2802308,1786615478.2798409,vesc,-0.40209155152072923,-0.40209155152072923,nan,nan,0.01,1,0,1,0,0,1786615478.2798409,nan,0.42004881398745636,0.30226585424679447,-0.40209155152072923,-1.6059926652918222,-2.008417505700038,7.2443648730999257
1786615478.3003476,1786615478.2998819,vesc,-0.35096029004029378,-0.35096029004029378,nan,nan,0.01,1,0,1,0,0,1786615478.2998819,nan,0.50680724531972665,0.31810743496453542,-0.35096029004029378,-1.5946009730900244,-2.0857405040741241,7.4981814057205725
1786615478.3203819,1786615478.3199809,vesc,-0.28619950273305078,-0.28619950273305078,nan,nan,0.01,1,0,1,0,0,1786615478.3199809,nan,0.57849058698549427,0.3179333973872987,-0.28619950273305078,-1.6312750035917816,-2.1152005319560772,7.7659336080018306
1786615478.3403196,1786615478.3399327,vesc,-0.18609905045840389,-0.18609905045840389,nan,nan,0.01,1,0,1,0,0,1786615478.3399327,nan,0.66680480373707529,0.31340329379404669,-0.18609905045840389,-1.7714687291543498,-2.4076835338972842,7.8736820096033853
1786615478.3601797,1786615478.3598094,vesc,-0.077231921283650098,-0.077231921283650098,nan,nan,0.01,1,0,1,0,0,1786615478.3598094,nan,0.77738797404973514,0.30245796802993002,-0.077231921283650098,-1.7879165089471059,-2.6668207406284807,8.0500369648330548
1786615478.3812127,1786615478.380022,vesc,0.028188465745728284,0.028188465745728284,nan,nan,0.01,1,0,1,0,0,1786615478.380022,nan,0.87416118937173481,0.25849863265459161,0.028188465745728284,-1.8595935818260614,-2.6667798101171627,8.0348248479409108
1786615478.4010611,1786615478.4002686,vesc,0.093803890575102106,0.093803890575102106,nan,nan,0.01,1,0,1,0,0,1786615478.4002686,nan,0.93837572904988886,0.21251572761447007,0.093803890575102106,-1.8029596412996653,-2.4226833968521646,8.1080010007968895
1786615478.4203732,1786615478.4198654,vesc,0.12530755495311269,0.12530755495311269,nan,nan,0.01,1,0,1,0,0,1786615478.4198654,nan,1.0029900757866912,0.15703712197058928,0.12530755495311269,-1.9352593330329597,-2.5526924417556245,8.3599902784479809
1786615478.4400918,1786615478.439781,vesc,0.15649262204096576,0.15649262204096576,nan,nan,0.01,1,0,1,0,0,1786615478.439781,nan,1.0463005985414591,0.075992918876004359,0.15649262204096576,-2.018482172252746,-2.5626818254035868,8.5122798471874148
1786615478.460429,1786615478.4599624,vesc,0.18613019279840101,0.18613019279840101,nan,nan,0.01,1,0,1,0,0,1786615478.4599624,nan,1.0502114506022404,-0.012504006330815486,0.18613019279840101,-2.0832203540201135,-2.4674455887511613,8.7225533324247522
1786615478.4806054,1786615478.4800599,vesc,0.19277388090128081,0.19277388090128081,nan,nan,0.01,1,0,1,0,0,1786615478.4800599,nan,0.99792967024137702,-0.087090644033500808,0.19277388090128081,-2.1927094717958653,-2.218206841460642,8.6644542257735679
1786615478.5006783,1786615478.5001493,vesc,0.20247268082767225,0.20247268082767225,nan,nan,0.01,1,0,1,0,0,1786615478.5001493,nan,0.84866548325488844,-0.1872519328942992,0.20247268082767225,-2.0795541496491978,-1.7875205062501038,8.8202316587988889
1786615478.5202353,1786615478.5198631,vesc,0.21243653186155384,0.21243653186155384,nan,nan,0.01,1,0,1,0,0,1786615478.5198631,nan,0.62482539547415616,-0.2597169622742756,0.21243653186155384,-1.8583704904396399,-1.1992560147868474,9.1597338779774873
1786615478.540163,1786615478.5398698,vesc,0.17274915654605469,0.17274915654605469,nan,nan,0.01,1,0,1,0,0,1786615478.5398698,nan,0.42820231469132941,-0.29476416221971835,0.17274915654605469,-1.7045796490172194,-0.74518724790349467,9.5268279395571653
1786615478.5603786,1786615478.5599093,vesc,0.11700744723123088,0.11700744723123088,nan,nan,0.01,1,0,1,0,0,1786615478.5599093,nan,0.21791921488721361,-0.29781015271649647,0.11700744723123088,-1.6428046900888802,-0.54042863743487146,9.9783990681677324
1786615478.580153,1786615478.5798082,vesc,0.080895648640028933,0.080895648640028933,nan,nan,0.01,1,0,1,0,0,1786615478.5798082,nan,0.035106122384560776,-0.25190657658734572,0.080895648640028933,-1.3361924756406864,-0.09604779367460381,10.385581641975477
1786615478.6000938,1786615478.5997214,vesc,0.068390796547507876,0.068390796547507876,nan,nan,0.01,1,0,1,0,0,1786615478.5997214,nan,-0.13519953392707579,-0.19754428484864206,0.068390796547507876,-1.1036171242293307,0.43884363993582554,10.978965297871241
1786615478.6207278,1786615478.6197333,vesc,0.12901209525319698,0.12901209525319698,nan,nan,0.01,1,0,1,0,0,1786615478.6197333,nan,-0.25309519531611852,-0.11781209638746309,0.12901209525319698,-1.131708465048888,0.92058947239203803,11.741601295839814
1786615478.6410282,1786615478.640275,vesc,0.17863081439252193,0.17863081439252193,nan,nan,0.01,1,0,1,0,0,1786615478.640275,nan,-0.32824578962884443,0.041844772986247919,0.17863081439252193,-1.1142205386372623,1.5992913173262764,12.294525726019288
1786615478.6603529,1786615478.6599045,vesc,0.15992215766898574,0.15992215766898574,nan,nan,0.01,1,0,1,0,0,1786615478.6599045,nan,-0.40046639075502199,0.13457339978766292,0.15992215766898574,-1.4620298243584529,1.3709005259755997,11.724566017029247
1786615478.6803174,1786615478.6798203,vesc,0.13821419066915344,0.13821419066915344,nan,nan,0.01,1,0,1,0,0,1786615478.6798203,nan,-0.44175900306232324,0.16552451649613092,0.13821419066915344,-1.6232090616149719,0.36169174571708851,11.16906881185264
1786615478.6955516,1786615478.6950231,vesc,0.1098207156149487,0.1098207156149487,nan,nan,0.01,1,0,1,0,0,1786615478.6950231,nan,-0.50001964664944165,0.16133974167247811,0.1098207156149487,-1.8393367794139692,-0.033813170486123312,10.399009188574155
1786615478.7205391,1786615478.7200727,vesc,0.05523361979072873,0.05523361979072873,nan,nan,0.01,1,0,1,0,0,1786615478.7200727,nan,-0.59526217684540461,0.085852432251803681,0.05523361979072873,-2.1405411962346648,0.23566070797254923,9.9411137112433607
1786615478.7357726,1786615478.7353444,vesc,0.015026510903446508,0.015026510903446508,nan,nan,0.01,1,0,1,0,0,1786615478.7353444,nan,-0.64379875376528939,0.0039348392359434886,0.015026510903446508,-2.1660626856650396,0.47480208084640552,10.075587982570823
1786615478.7602403,1786615478.7598405,vesc,-0.016616508580088986,-0.016616508580088986,nan,nan,0.01,1,0,1,0,0,1786615478.7598405,nan,-0.60188139715576927,-0.060961471761865504,-0.016616508580088986,-2.03025100988026,0.61779030052411343,10.341036381786466
1786615478.7813921,1786615478.7805903,vesc,-0.043819015914215685,-0.043819015914215685,nan,nan,0.01,1,0,1,0,0,1786615478.7805903,nan,-0.4609388894959921,-0.094976929811497954,-0.043819015914215685,-2.0265849516897418,0.53610231893365423,10.436667597873111
1786615478.8006034,1786615478.8000197,vesc,-0.052343311865611752,-0.052343311865611752,nan,nan,0.01,1,0,1,0,0,1786615478.8000197,nan,-0.27014470268053536,-0.13543421667576061,-0.052343311865611752,-2.0503087145908694,0.29186345287122961,10.416571886259135
1786615478.8202703,1786615478.8198378,vesc,-0.037343169377848928,-0.037343169377848928,nan,nan,0.01,1,0,1,0,0,1786615478.8198378,nan,-0.072169060636706112,-0.17488945589036731,-0.037343169377848928,-2.091281325863406,0.14865336789511829,10.23367097282653
1786615478.8404109,1786615478.8398807,vesc,0.00060566479459199833,0.00060566479459199833,nan,nan,0.01,1,0,1,0,0,1786615478.8398807,nan,0.082924061929044585,-0.20908003342642928,0.00060566479459199833,-1.890001151045027,0.1103526053841648,10.226349089073324
1786615478.8604898,1786615478.8602045,vesc,0.048077152503521792,0.048077152503521792,nan,nan,0.01,1,0,1,0,0,1786615478.8602045,nan,0.22512246642463266,-0.2113381443594643,0.048077152503521792,-1.8398006098154411,0.13003901188496059,10.03058430065505
1786615478.880723,1786615478.8799839,vesc,0.084967147571190907,0.084967147571190907,nan,nan,0.01,1,0,1,0,0,1786615478.8799839,nan,0.28115277917783699,-0.20717623943167252,0.084967147571190907,-1.8757587949103254,0.03478048272190648,9.8287103410617647
1786615478.9001102,1786615478.8996923,vesc,0.16433005545771676,0.16433005545771676,nan,nan,0.01,1,0,1,0,0,1786615478.8996923,nan,0.32496627319397997,-0.20206320316531573,0.16433005545771676,-1.8762227714921949,-0.25641942077967883,9.4590628002974313
1786615478.9200816,1786615478.9195752,vesc,0.27006782054881612,0.27006782054881612,nan,nan,0.01,1,0,1,0,0,1786615478.9195752,nan,0.34503319200772703,-0.18956418922124685,0.27006782054881612,-1.6137998679649428,-0.51053057999161666,9.547684958681657
1786615478.9399269,1786615478.9395556,vesc,0.34993137775314165,0.34993137775314165,nan,nan,0.01,1,0,1,0,0,1786615478.9395556,nan,0.33557460921166077,-0.16208186479974232,0.34993137775314165,-1.6055270807255795,-0.6199031189003108,9.2504838382286607
1786615478.9599566,1786615478.9595456,vesc,0.42097745825956701,0.42097745825956701,nan,nan,0.01,1,0,1,0,0,1786615478.9595456,nan,0.28999953400297124,-0.086638772175541612,0.42097745825956701,-1.5131742524151122,-0.57648673683149099,9.1367145584122227
1786615478.980191,1786615478.9796731,vesc,0.4894124424752242,0.4894124424752242,nan,nan,0.01,1,0,1,0,0,1786615478.9796731,nan,0.2007765634636712,0.00052927829951802908,0.4894124424752242,-1.343792979231651,-0.55693284286108735,8.9902517403197066
1786615479.0000634,1786615478.9996498,vesc,0.56094694672557011,0.56094694672557011,nan,nan,0.01,1,0,1,0,0,1786615478.9996498,nan,0.10405978218964609,0.084493196443319277,0.56094694672557011,-1.2894207418163717,-0.65234873522211956,8.846921275786201
1786615479.0153811,1786615479.0149961,vesc,0.6037146506711526,0.6037146506711526,nan,nan,0.01,1,0,1,0,0,1786615479.0149961,nan,0.0066151329822698038,0.17066496667695868,0.6037146506711526,-1.1381162096859256,-0.54742373490932295,9.0166419798528068
1786615479.0401518,1786615479.0396676,vesc,0.64732444615341811,0.64732444615341811,nan,nan,0.01,1,0,1,0,0,1786615479.0396676,nan,-0.099363530633886754,0.2110279360267405,0.64732444615341811,-1.1872637404216562,-0.60888126310435098,8.7141058596102994
1786615479.0603056,1786615479.059907,vesc,0.67804474169678186,0.67804474169678186,nan,nan,0.01,1,0,1,0,0,1786615479.059907,nan,-0.20945304242660853,0.230120187815789,0.67804474169678186,-1.2716807273091462,-0.64678679036538966,8.5597212334129722
1786615479.0802772,1786615479.0795476,vesc,0.68922635642861585,0.68922635642861585,nan,nan,0.01,1,0,1,0,0,1786615479.0795476,nan,-0.25645886764142944,0.23541646620990003,0.68922635642861585,-1.3479790010963058,-0.70897741325420327,8.5299168045143574
1786615479.1004918,1786615479.1000209,vesc,0.7121456539278922,0.7121456539278922,nan,nan,0.01,1,0,1,0,0,1786615479.1000209,nan,-0.29721100805025591,0.22044111192622096,0.7121456539278922,-1.3926740961928203,-0.7992524333936899,8.2560981157341757
1786615479.1198936,1786615479.1194885,vesc,0.73006173726626411,0.73006173726626411,nan,nan,0.01,1,0,1,0,0,1786615479.1194885,nan,-0.30061895542868944,0.16286847936196763,0.73006173726626411,-1.5540633946806395,-1.0192535662771505,8.1290638419211518
1786615479.1400871,1786615479.1395397,vesc,0.73873239056431683,0.73873239056431683,nan,nan,0.01,1,0,1,0,0,1786615479.1395397,nan,-0.27408912721580853,0.10212488746678425,0.73873239056431683,-1.639885029008326,-1.086221145287773,8.0943442433348309
1786615479.1599433,1786615479.1595583,vesc,0.77567569462686869,0.77567569462686869,nan,nan,0.01,1,0,1,0,0,1786615479.1595583,nan,-0.19568977597880857,0.02852208284831495,0.77567569462686869,-1.7135846538679829,-1.2303442730270717,8.2511753446657963
1786615479.1803269,1786615479.1795781,vesc,0.84063385546040026,0.84063385546040026,nan,nan,0.01,1,0,1,0,0,1786615479.1795781,nan,-0.092050665050475697,-0.03769913830824085,0.84063385546040026,-1.6477642986174459,-1.3887003282654291,8.3569099651105034
1786615479.2000377,1786615479.1995575,vesc,0.92364964664424132,0.92364964664424132,nan,nan,0.01,1,0,1,0,0,1786615479.1995575,nan,0.00072413170559530911,-0.076271918289703783,0.92364964664424132,-1.6129442740979982,-1.3596651006187983,8.2472179489429323
1786615479.2199533,1786615479.2195349,vesc,1.0040384291498008,1.0040384291498008,nan,nan,0.01,1,0,1,0,0,1786615479.2195349,nan,0.042394740718484494,-0.076487992200271693,1.0040384291498008,-1.431890496169018,-1.3263596511985156,8.3308676349236066
1786615479.2401145,1786615479.2396226,vesc,1.0691025837947175,1.0691025837947175,nan,nan,0.01,1,0,1,0,0,1786615479.2396226,nan,0.040567433542472643,-0.039378486079752785,1.0691025837947175,-1.3376132029246151,-1.2261198788080563,8.4615833158688929
1786615479.2600775,1786615479.2596147,vesc,1.1232782045857634,1.1232782045857634,nan,nan,0.01,1,0,1,0,0,1786615479.2596147,nan,0.016496037991465727,0.0073477035795693002,1.1232782045857634,-1.2821029511142967,-1.2074120038885567,8.6299480505676911
1786615479.28004,1786615479.2795274,vesc,1.1568404259073779,1.1568404259073779,nan,nan,0.01,1,0,1,0,0,1786615479.2795274,nan,-0.039293706010925793,0.05412929843283535,1.1568404259073779,-1.2526198267295285,-0.86345844542372419,8.9761260361422615
1786615479.2999573,1786615479.2994347,vesc,1.1188584224406679,1.1188584224406679,nan,nan,0.01,1,0,1,0,0,1786615479.2994347,nan,-0.10809384706273567,0.095776843534416872,1.1188584224406679,-0.98133349406655412,-0.31889809214189313,9.5364559652623484
1786615479.3201363,1786615479.3196537,vesc,1.1007158372515848,1.1007158372515848,nan,nan,0.01,1,0,1,0,0,1786615479.3196537,nan,-0.19310922281679221,0.058541215930336704,1.1007158372515848,-1.1178193538449008,-0.31834019465458852,9.3288704451754256
1786615479.3403232,1786615479.3395329,vesc,1.1367237059812465,1.1367237059812465,nan,nan,0.01,1,0,1,0,0,1786615479.3395329,nan,-0.28089218886517275,-0.034233912160424609,1.1367237059812465,-1.0432626733143238,-0.19906839231303053,9.5073099328743638
1786615479.3602581,1786615479.3598199,vesc,1.1421986325502311,1.1421986325502311,nan,nan,0.01,1,0,1,0,0,1786615479.3598199,nan,-0.33955267280045298,-0.11947008061360555,1.1421986325502311,-0.65443896872689322,-0.085021369741220099,9.8475044624158272
1786615479.3802185,1786615479.3797648,vesc,1.1127894112115135,1.1127894112115135,nan,nan,0.01,1,0,1,0,0,1786615479.3797648,nan,-0.29446485620270707,-0.15987124135789477,1.1127894112115135,-0.45321500027137773,-0.48258666210300305,9.8440054884197252
1786615479.4001033,1786615479.399713,vesc,1.0795654779273662,1.0795654779273662,nan,nan,0.01,1,0,1,0,0,1786615479.399713,nan,-0.22056682977442948,-0.15978194223759307,1.0795654779273662,-0.2763889787105569,-0.58327279633742535,9.8793413835621777
1786615479.4200337,1786615479.4195559,vesc,1.0300404021898713,1.0300404021898713,nan,nan,0.01,1,0,1,0,0,1786615479.4195559,nan,-0.096404941755133658,-0.10212432986743102,1.0300404021898713,-0.13743119927312097,-0.74133502897667825,9.8757558707707176
1786615479.4399767,1786615479.4396248,vesc,0.99119866374425636,0.99119866374425636,nan,nan,0.01,1,0,1,0,0,1786615479.4396248,nan,0.027631989913577817,-0.032777483455719916,0.99119866374425636,0.02130339010472948,-0.86093610266375009,9.8198120479012232
1786615479.4595709,1786615479.4592495,vesc,0.9647583343887588,0.9647583343887588,nan,nan,0.01,1,0,1,0,0,1786615479.4592495,nan,0.12808479920638821,-0.0028789010652135751,0.9647583343887588,-0.066779782881126515,-0.80757353325444825,9.569822518088813
1786615479.4800956,1786615479.4793134,vesc,0.95598168727932098,0.95598168727932098,nan,nan,0.01,1,0,1,0,0,1786615479.4793134,nan,0.1953042834110196,0.0056668369739981796,0.95598168727932098,-0.016916415874797863,-0.77838430455898333,9.402821938860086
1786615479.4998245,1786615479.4993193,vesc,0.96512917957055244,0.96512917957055244,nan,nan,0.01,1,0,1,0,0,1786615479.4993193,nan,0.25272466638470442,-0.012467306722637433,0.96512917957055244,-0.1160396532523853,-0.82594665506352527,9.276981081812778
1786615479.5197616,1786615479.5192935,vesc,0.97523327932534032,0.97523327932534032,nan,nan,0.01,1,0,1,0,0,1786615479.5192935,nan,0.30161098293474398,-0.033799829386309301,0.97523327932534032,-0.29073084715090047,-0.74872145137540969,9.0595722390095261
1786615479.5397732,1786615479.5393553,vesc,0.97341134424458986,0.97341134424458986,nan,nan,0.01,1,0,1,0,0,1786615479.5393553,nan,0.32720056548001558,-0.030599125874954385,0.97341134424458986,-0.35204204876796652,-0.74850057279468984,8.9774171014135504
1786615479.5598812,1786615479.5594811,vesc,0.949942902928539,0.949942902928539,nan,nan,0.01,1,0,1,0,0,1786615479.5594811,nan,0.32747540370451178,-0.04331926541328391,0.949942902928539,-0.42130345403207059,-0.60899550308504757,8.7566221358811163
1786615479.5798285,1786615479.5793753,vesc,0.9100538763842505,0.9100538763842505,nan,nan,0.01,1,0,1,0,0,1786615479.5793753,nan,0.29385159678268907,-0.071974292014858859,0.9100538763842505,-0.49168847492205359,-0.52722818208381028,8.6314665725375903
1786615479.5996957,1786615479.5992916,vesc,0.86486256268864137,0.86486256268864137,nan,nan,0.01,1,0,1,0,0,1786615479.5992916,nan,0.25815982862966308,-0.082505512874225015,0.86486256268864137,-0.51816503397991553,-0.49906660158322325,8.8467990689738372
1786615479.6195457,1786615479.6192799,vesc,0.83150340740014539,0.83150340740014539,nan,nan,0.01,1,0,1,0,0,1786615479.6192799,nan,0.228721795216902,-0.078154781502768209,0.83150340740014539,-0.66991896119757399,-0.35022345498696694,8.7160787102558288
1786615479.639832,1786615479.6392889,vesc,0.79156857448510731,0.79156857448510731,nan,nan,0.01,1,0,1,0,0,1786615479.6392889,nan,0.18338084515754408,-0.072721100641165909,0.79156857448510731,-0.71403752080609451,-0.29776369571302297,8.8019292883022331
1786615479.6598547,1786615479.6593764,vesc,0.76431311809896396,0.76431311809896396,nan,nan,0.01,1,0,1,0,0,1786615479.6593764,nan,0.1293684428518064,-0.068386772677548335,0.76431311809896396,-0.7720196831392272,-0.16854709474475982,8.8447098587318465
1786615479.6796386,1786615479.6793199,vesc,0.74953963142591284,0.74953963142591284,nan,nan,0.01,1,0,1,0,0,1786615479.6793199,nan,0.05496747845166735,-0.087521901360147106,0.74953963142591284,-0.90156665180598594,-0.20212469552020806,8.8622614467066114
1786615479.6999171,1786615479.6994238,vesc,0.72521398513399282,0.72521398513399282,nan,nan,0.01,1,0,1,0,0,1786615479.6994238,nan,-0.016125465367565005,-0.10769661161901511,0.72521398513399282,-1.1063443388164913,-0.1443675779091258,8.759417105082548
1786615479.7196326,1786615479.7192347,vesc,0.69354686924407871,0.69354686924407871,nan,nan,0.01,1,0,1,0,0,1786615479.7192347,nan,-0.083935372385866958,-0.09908935819966308,0.69354686924407871,-1.0281214539149985,0.036916909232310502,9.0338737251177008
1786615479.7395129,1786615479.7391832,vesc,0.67466592264277114,0.67466592264277114,nan,nan,0.01,1,0,1,0,0,1786615479.7391832,nan,-0.15083002583891433,-0.093712269511224966,0.67466592264277114,-1.0080637492043891,0.022752211433815006,8.9574248855210499
1786615479.7600925,1786615479.7595789,vesc,0.67054581269933677,0.67054581269933677,nan,nan,0.01,1,0,1,0,0,1786615479.7595789,nan,-0.22961670056695269,-0.09370120074794433,0.67054581269933677,-1.0791229175428398,0.037304762372148303,8.8895650213636941
1786615479.7801025,1786615479.7792947,vesc,0.64769715554797469,0.64769715554797469,nan,nan,0.01,1,0,1,0,0,1786615479.7792947,nan,-0.27196196058462135,-0.086182905575947294,0.64769715554797469,-1.0462690924608324,0.017989105904675284,8.9473828769299644
1786615479.8001244,1786615479.7991593,vesc,0.63250475363545411,0.63250475363545411,nan,nan,0.01,1,0,1,0,0,1786615479.7991593,nan,-0.29735165624532572,-0.078685199968127936,0.63250475363545411,-1.0897136142561834,-0.044357016382047476,8.9754483438191528
1786615479.8199148,1786615479.8192246,vesc,0.61642385460425597,0.61642385460425597,nan,nan,0.01,1,0,1,0,0,1786615479.8192246,nan,-0.30888137942114668,-0.065858758690412217,0.61642385460425597,-0.92314119741192258,0.23800436346905052,9.0691780452942794
1786615479.8400061,1786615479.8394203,vesc,0.57066169232898845,0.57066169232898845,nan,nan,0.01,1,0,1,0,0,1786615479.8394203,nan,-0.31047448238523206,-0.041234584523861917,0.57066169232898845,-0.9182390377795997,0.34341046174278134,9.0599382747250274
1786615479.8598018,1786615479.8592188,vesc,0.5217988781755688,0.5217988781755688,nan,nan,0.01,1,0,1,0,0,1786615479.8592188,nan,-0.30563901408348881,-0.0091452067580615349,0.5217988781755688,-0.80835669473439964,0.41998296995577178,9.0853847736114517
1786615479.8794055,1786615479.8791015,vesc,0.49194527511945763,0.49194527511945763,nan,nan,0.01,1,0,1,0,0,1786615479.8791015,nan,-0.30209364759280716,-0.033566132839465641,0.49194527511945763,-0.85022809618136108,0.30530700622344042,8.9791969939342948
1786615479.8997729,1786615479.8991754,vesc,0.48807027586485152,0.48807027586485152,nan,nan,0.01,1,0,1,0,0,1786615479.8991754,nan,-0.26476193813002402,-0.052730543810487675,0.48807027586485152,-0.99092738664890589,0.21388900155539758,9.130593108083815
1786615479.9197378,1786615479.9192235,vesc,0.49640400599549561,0.49640400599549561,nan,nan,0.01,1,0,1,0,0,1786615479.9192235,nan,-0.19028602238995604,-0.051687670733558663,0.49640400599549561,-1.0270957791554878,0.24681514938909999,9.3554056956629097
1786615479.9396613,1786615479.9391942,vesc,0.50245274391085171,0.50245274391085171,nan,nan,0.01,1,0,1,0,0,1786615479.9391942,nan,-0.12750221607317655,-0.057030267324691054,0.50245274391085171,-0.9483256679357126,0.43411280372944816,9.1747980603072961
1786615479.959661,1786615479.9591949,vesc,0.49239851184747552,0.49239851184747552,nan,nan,0.01,1,0,1,0,0,1786615479.9591949,nan,-0.078378487034334865,-0.048481095784237968,0.49239851184747552,-0.81342725418471673,0.76959038420230286,9.1102167301065151
1786615479.9754198,1786615479.9750288,vesc,0.44923572795417982,0.44923572795417982,nan,nan,0.01,1,0,1,0,0,1786615479.9750288,nan,-0.03951935481785037,-0.025994449609990925,0.44923572795417982,-0.6650024758862898,1.219834852614774,9.1179584439615269
1786615479.9994287,1786615479.9990757,vesc,0.37410638899590409,0.37410638899590409,nan,nan,0.01,1,0,1,0,0,1786615479.9990757,nan,0.0061057326835756943,-0.035379928634134548,0.37410638899590409,-0.75353509877700731,1.2778844772013827,8.9062991685552788
1786615480.0194921,1786615480.0191331,vesc,0.32135875518135865,0.32135875518135865,nan,nan,0.01,1,0,1,0,0,1786615480.0191331,nan,0.055729217424835664,-0.058674057734461223,0.32135875518135865,-0.75065541803518698,1.0810556416692378,9.0686769388914286
1786615480.0404897,1786615480.0393977,vesc,0.29739876090710649,0.29739876090710649,nan,nan,0.01,1,0,1,0,0,1786615480.0393977,nan,0.10395017646603254,-0.067131791303362123,0.29739876090710649,-0.83642077290981121,1.2057019125076494,9.029683025480324
1786615480.0595675,1786615480.0590346,vesc,0.27977835502876075,0.27977835502876075,nan,nan,0.01,1,0,1,0,0,1786615480.0590346,nan,0.14037906599690045,-0.043648531992558581,0.27977835502876075,-0.65130749225026818,1.2580001424422846,9.1757061329369662
1786615480.0799704,1786615480.0794291,vesc,0.27462212561847427,0.27462212561847427,nan,nan,0.01,1,0,1,0,0,1786615480.0794291,nan,0.15002826454798918,-0.022329311610472198,0.27462212561847427,-0.70236516224097301,1.2152648879359162,9.0360711088538892
1786615480.0994151,1786615480.0990739,vesc,0.30529649827779098,0.30529649827779098,nan,nan,0.01,1,0,1,0,0,1786615480.0990739,nan,0.13368807349515813,-0.033064439063175952,0.30529649827779098,-0.78238562749131546,1.0431485064238259,8.9149103634150038
1786615480.1195469,1786615480.1191568,vesc,0.35188989970829954,0.35188989970829954,nan,nan,0.01,1,0,1,0,0,1786615480.1191568,nan,0.1097041440606089,-0.03318967421343693,0.35188989970829954,-0.8837561052569356,0.93280094426337712,8.9804903980919448
1786615480.1394613,1786615480.1391256,vesc,0.38701895856774859,0.38701895856774859,nan,nan,0.01,1,0,1,0,0,1786615480.1391256,nan,0.095444356194698904,0.018914048861419366,0.38701895856774859,-0.77984311183647748,1.0234733558136426,9.1065025785651983
1786615480.1596823,1786615480.1591041,vesc,0.42205640468569899,0.42205640468569899,nan,nan,0.01,1,0,1,0,0,1786615480.1591041,nan,0.069467470964334879,0.088062315001973035,0.42205640468569899,-0.64060445590139636,1.0043860696722646,9.0793422606977288
1786615480.1796019,1786615480.1790528,vesc,0.43146219031315447,0.43146219031315447,nan,nan,0.01,1,0,1,0,0,1786615480.1790528,nan,0.039529674567074423,0.15088784972408267,0.43146219031315447,-0.70348863168645437,1.1575271392275113,9.1317105110427974
1786615480.199497,1786615480.199177,vesc,0.42415058140888279,0.42415058140888279,nan,nan,0.01,1,0,1,0,0,1786615480.199177,nan,0.035356359658487345,0.22334573850338629,0.42415058140888279,-0.68984985441329627,1.3585402424595401,9.1946856110351405
1786615480.2193441,1786615480.2190366,vesc,0.43192394915666055,0.43192394915666055,nan,nan,0.01,1,0,1,0,0,1786615480.2190366,nan,0.049116384539897959,0.28084934526113609,0.43192394915666055,-0.60324184263691194,1.171816784720825,9.1616669675548792
1786615480.2392669,1786615480.238961,vesc,0.46424214135407194,0.46424214135407194,nan,nan,0.01,1,0,1,0,0,1786615480.238961,nan,0.071110587261454125,0.3180468480497361,0.46424214135407194,-0.7225351334969119,0.88452223672057073,9.1211726585431734
1786615480.2593322,1786615480.2589729,vesc,0.50506856731255478,0.50506856731255478,nan,nan,0.01,1,0,1,0,0,1786615480.2589729,nan,0.094070023591785082,0.34563410101818981,0.50506856731255478,-0.93604958432865004,0.54011091434076519,8.9452884041936613
1786615480.2793775,1786615480.2790554,vesc,0.54126775087702494,0.54126775087702494,nan,nan,0.01,1,0,1,0,0,1786615480.2790554,nan,0.093645241075539051,0.33914520915367086,0.54126775087702494,-1.2158335296824418,0.48807325096478849,8.7023476931518076
1786615480.2994094,1786615480.2990694,vesc,0.59558741539353055,0.59558741539353055,nan,nan,0.01,1,0,1,0,0,1786615480.2990694,nan,0.10259478559637193,0.29532319302203963,0.59558741539353055,-1.3383851816041528,0.47785330428476769,8.9404024705854681
1786615480.3193409,1786615480.3190081,vesc,0.63472083655753642,0.63472083655753642,nan,nan,0.01,1,0,1,0,0,1786615480.3190081,nan,0.092545796631391869,0.23343244448730463,0.63472083655753642,-1.4807283437325083,0.47816678814734459,8.8237645466472259
1786615480.3393533,1786615480.3390212,vesc,0.65073062918762947,0.65073062918762947,nan,nan,0.01,1,0,1,0,0,1786615480.3390212,nan,0.11046663204783379,0.16627750864959401,0.65073062918762947,-1.4697860100728235,0.40553069877016767,9.1159107489524445
1786615480.3593543,1786615480.3590302,vesc,0.65104195271905974,0.65104195271905974,nan,nan,0.01,1,0,1,0,0,1786615480.3590302,nan,0.14774833233877233,0.11940489142354746,0.65104195271905974,-1.5950343979688029,0.46654314419971143,9.5840639971411292
1786615480.3793287,1786615480.3789563,vesc,0.65469900552795646,0.65469900552795646,nan,nan,0.01,1,0,1,0,0,1786615480.3789563,nan,0.18925329845349373,0.10980764948085051,0.65469900552795646,-1.5986298510272974,0.84413098488914784,9.8916205369575891
1786615480.3993793,1786615480.3989937,vesc,0.61923468797678005,0.61923468797678005,nan,nan,0.01,1,0,1,0,0,1786615480.3989937,nan,0.1651662214609744,0.10031555246694122,0.61923468797678005,-1.503622094336265,1.0163884304848878,9.9602633433243
1786615480.4194453,1786615480.4190214,vesc,0.55998641109940572,0.55998641109940572,nan,nan,0.01,1,0,1,0,0,1786615480.4190214,nan,0.13496282884043817,-0.011378365120039251,0.55998641109940572,-1.6401081002950093,1.1175368602266076,9.7529479646120762
1786615480.4395299,1786615480.4390571,vesc,0.48135861057514745,0.48135861057514745,nan,nan,0.01,1,0,1,0,0,1786615480.4390571,nan,0.081550128800294303,-0.097453761171434117,0.48135861057514745,-1.554117919968931,0.96899199473158149,9.7727185710218691
1786615480.4592478,1786615480.4589591,vesc,0.42140938969886427,0.42140938969886427,nan,nan,0.01,1,0,1,0,0,1786615480.4589591,nan,-0.024281837291988219,-0.13990337549194184,0.42140938969886427,-1.7853722391274971,0.90162994791813134,9.8847944971129209
1786615480.4805133,1786615480.4801316,vesc,0.34364804863526321,0.34364804863526321,nan,nan,0.01,1,0,1,0,0,1786615480.4801316,nan,-0.21086842932220154,-0.11519319370574961,0.34364804863526321,-1.4042179621884827,0.89157441764027112,10.06169265869994
1786615480.4993756,1786615480.4989772,vesc,0.28368611116477488,0.28368611116477488,nan,nan,0.01,1,0,1,0,0,1786615480.4989772,nan,-0.33267825507863141,-0.092661394467458122,0.28368611116477488,-1.3029038369661237,0.68576762063091223,10.000052478098155
1786615480.5194659,1786615480.5190427,vesc,0.2032883904248067,0.2032883904248067,nan,nan,0.01,1,0,1,0,0,1786615480.5190427,nan,-0.55652157194218543,-0.093510576670543508,0.2032883904248067,-1.4899979351028634,0.37545214508102021,9.613793581676191
1786615480.5396216,1786615480.5392447,vesc,0.12032181778686173,0.12032181778686173,nan,nan,0.01,1,0,1,0,0,1786615480.5392447,nan,-0.90391449112329081,-0.11459296713031618,0.12032181778686173,-1.5056735900356841,0.15111992456087187,9.3160024771386247
1786615480.5593367,1786615480.5589259,vesc,0.077266309351225748,0.077266309351225748,nan,nan,0.01,1,0,1,0,0,1786615480.5589259,nan,-1.1218038786062954,-0.12086885604189922,0.077266309351225748,-1.5454519074601194,-0.04560451989486225,9.4395570727680251
1786615480.5793815,1786615480.5790565,vesc,0.023583385845412107,0.023583385845412107,nan,nan,0.01,1,0,1,0,0,1786615480.5790565,nan,-1.3438292218412207,-0.099419215667804636,0.023583385845412107,-1.4178006061889761,-0.18599982822567185,9.9915716761530575
1786615480.5992398,1786615480.5988896,vesc,-0.032495067705684617,-0.032495067705684617,nan,nan,0.01,1,0,1,0,0,1786615480.5988896,nan,-1.4092214113534076,-0.067310439478235992,-0.032495067705684617,-1.3405745254184751,-0.41319336557519648,10.758328791889767
1786615480.6192343,1786615480.618875,vesc,-0.040872465355827593,-0.040872465355827593,nan,nan,0.01,1,0,1,0,0,1786615480.618875,nan,-1.3143068827352016,-0.031068795139135869,-0.040872465355827593,-1.2835746953569753,-0.38196981737702629,11.616559753206388
1786615480.6394348,1786615480.6388726,vesc,0.0086798526470838137,0.0086798526470838137,nan,nan,0.01,1,0,1,0,0,1786615480.6388726,nan,-1.0879709469598744,-0.022679829383007864,0.0086798526470838137,-1.3115536234508056,-0.67139165561283676,12.367544588767487
1786615480.6591961,1786615480.6588149,vesc,0.073057233182625955,0.073057233182625955,nan,nan,0.01,1,0,1,0,0,1786615480.6588149,nan,-0.77551683706784558,-0.027113917696584139,0.073057233182625955,-1.3435085121779906,-0.92969132175618796,12.232344093224924
1786615480.6792204,1786615480.6787636,vesc,0.12054675503043255,0.12054675503043255,nan,nan,0.01,1,0,1,0,0,1786615480.6787636,nan,-0.44475465981449885,-0.052807987702749346,0.12054675503043255,-1.4005501498331938,-1.0051323936920298,11.785966461779026
1786615480.6992397,1786615480.698864,vesc,0.17034041056386209,0.17034041056386209,nan,nan,0.01,1,0,1,0,0,1786615480.698864,nan,0.0052964770908954751,-0.13816325771330568,0.17034041056386209,-1.5438480161380426,-1.3403394673391915,11.749852886921531
1786615480.7192388,1786615480.7188423,vesc,0.36648711840670101,0.36648711840670101,nan,nan,0.01,1,0,1,0,0,1786615480.7188423,nan,2.3350010542374942,-0.74589329784040359,0.36648711840670101,-2.195471550407845,-2.2357049274098983,13.392485522682477
1786615480.7392578,1786615480.7388787,vesc,0.31667375548120485,0.31667375548120485,nan,nan,0.01,1,0,1,0,0,1786615480.7388787,nan,2.8149865722441105,-0.76280370497213423,0.31667375548120485,-1.3851152540151617,-0.056863407205472782,10.064157844924466
1786615480.7595644,1786615480.7589726,vesc,0.1418587682328189,0.1418587682328189,nan,nan,0.01,1,0,1,0,0,1786615480.7589726,nan,0.52228899968468423,-1.1000239480003822,0.1418587682328189,-1.8905306164450053,3.4762195554171171,14.364702110803933
1786615480.779222,1786615480.77882,vesc,-0.02577349046329841,-0.02577349046329841,nan,nan,0.01,1,0,1,0,0,1786615480.77882,nan,-0.64867480198414273,-0.88545452371129763,-0.02577349046329841,-0.24763116491340398,2.0082321489559263,15.194391641856896
1786615480.7995229,1786615480.7988455,vesc,0.0054397660806633965,0.0054397660806633965,nan,nan,0.01,1,0,1,0,0,1786615480.7988455,nan,-0.26550589218053766,-0.45730054539375314,0.0054397660806633965,-0.25628617734729886,0.85584529722837033,12.661868878996415
1786615480.8191617,1786615480.8188157,vesc,0.093521645433824158,0.093521645433824158,nan,nan,0.01,1,0,1,0,0,1786615480.8188157,nan,-0.1163259359859012,-0.44262349844167659,0.093521645433824158,-0.24144210615112272,0.95355052079565894,10.171304568009646
1786615480.8394918,1786615480.8390064,vesc,0.15805072108147342,0.15805072108147342,nan,nan,0.01,1,0,1,0,0,1786615480.8390064,nan,-0.24385828739128768,-0.45238441660049411,0.15805072108147342,-0.25697826843956761,0.65480544298358723,9.0445793927137288
1786615480.8594306,1786615480.8589876,vesc,0.22027797666469676,0.22027797666469676,nan,nan,0.01,1,0,1,0,0,1786615480.8589876,nan,-0.21262719755084669,-0.42591995234761781,0.22027797666469676,-0.11085673589399025,0.28063835150500616,9.2464837578297079
1786615480.8793814,1786615480.8790433,vesc,0.23682073440794199,0.23682073440794199,nan,nan,0.01,1,0,1,0,0,1786615480.8790433,nan,0.42745270142349934,-0.23528136071884892,0.23682073440794199,0.028706257798186918,-0.091339359614153182,10.415975470237072
1786615480.8990946,1786615480.8987346,vesc,0.19157211281462574,0.19157211281462574,nan,nan,0.01,1,0,1,0,0,1786615480.8987346,nan,0.18934965495068418,-0.17656997711723457,0.19157211281462574,-0.17614215311591508,0.33633098163383579,9.911731451332912
1786615480.9191511,1786615480.9187934,vesc,0.082476401194559082,0.082476401194559082,nan,nan,0.01,1,0,1,0,0,1786615480.9187934,nan,-0.14068792610432237,-0.08572896144576489,0.082476401194559082,-0.10751148885847694,0.33708878081480975,11.411929416036628
1786615480.9392827,1786615480.9387889,vesc,0.041728912995261859,0.041728912995261859,nan,nan,0.01,1,0,1,0,0,1786615480.9387889,nan,0.022786091591096631,-0.10479426537353313,0.041728912995261859,-0.39337897813633305,0.10712492393339268,9.645096067289046
1786615480.959157,1786615480.9587374,vesc,0.02932287458215576,0.02932287458215576,nan,nan,0.01,1,0,1,0,0,1786615480.9587374,nan,-0.022879695461629108,-0.16122014909477672,0.02932287458215576,-0.39638543382794111,0.0032509789516339538,9.0843065469990165
1786615480.9793193,1786615480.9789116,vesc,0.0054578833783056916,0.0054578833783056916,nan,nan,0.01,1,0,1,0,0,1786615480.9789116,nan,0.031732411190296982,-0.16222126463805114,0.0054578833783056916,-0.50119721742282408,0.075233349590902776,9.0353665193376287
1786615480.99928,1786615480.9986336,vesc,-0.020264348516089801,-0.020264348516089801,nan,nan,0.01,1,0,1,0,0,1786615480.9986336,nan,0.028836691638621174,-0.20689339507914931,-0.020264348516089801,-0.55562562465586751,0.21853656975281233,9.1836150771667917
1786615481.0197768,1786615481.0189693,vesc,-0.013149275698779474,-0.013149275698779474,nan,nan,0.01,1,0,1,0,0,1786615481.0189693,nan,0.01064098678876405,-0.25484960261847867,-0.013149275698779474,-0.52754700153089829,0.1550164726932497,9.6484418442285005
1786615481.0391459,1786615481.0387857,vesc,-0.0029466587493073761,-0.0029466587493073761,nan,nan,0.01,1,0,1,0,0,1786615481.0387857,nan,-0.021439684728925833,-0.28257400838307145,-0.0029466587493073761,-0.5099194728395986,0.25156312524709179,9.3710651245716008
1786615481.0589406,1786615481.0586348,vesc,0.0010603080045605568,0.0010603080045605568,nan,nan,0.01,1,0,1,0,0,1786615481.0586348,nan,-0.032141566360490231,-0.33052182696496701,0.0010603080045605568,-0.43908509340750257,0.078888371161404791,9.4576588837592226
1786615481.0792484,1786615481.0788374,vesc,0.029496475234526098,0.029496475234526098,nan,nan,0.01,1,0,1,0,0,1786615481.0788374,nan,0.022923531509290735,-0.29650966457718358,0.029496475234526098,-0.29970508102797666,0.01452784645114491,10.235163182324868
1786615481.0990047,1786615481.0987084,vesc,0.095713793195609256,0.095713793195609256,nan,nan,0.01,1,0,1,0,0,1786615481.0987084,nan,0.011497000624223876,-0.18483449834905019,0.095713793195609256,-0.074855144357304226,0.0085719819680782905,10.668919013523464
1786615481.1192665,1786615481.1187558,vesc,0.17920965245545067,0.17920965245545067,nan,nan,0.01,1,0,1,0,0,1786615481.1187558,nan,0.032891495878699731,-0.12966494422729469,0.17920965245545067,0.045603446382567636,0.23017097623221616,10.20147035485104
1786615481.1392581,1786615481.1387787,vesc,0.23472770617297828,0.23472770617297828,nan,nan,0.01,1,0,1,0,0,1786615481.1387787,nan,0.03756777372628349,-0.10531300754198855,0.23472770617297828,0.073315978974386464,0.48490391376519426,9.8815235645370194
1786615481.1596656,1786615481.1586325,vesc,0.27838034525928046,0.27838034525928046,nan,nan,0.01,1,0,1,0,0,1786615481.1586325,nan,0.02533842564853114,-0.061754336430274129,0.27838034525928046,0.24748710413160424,0.58109799747266067,9.7353232864385291
1786615481.17928,1786615481.1787145,vesc,0.29318677190606446,0.29318677190606446,nan,nan,0.01,1,0,1,0,0,1786615481.1787145,nan,0.010250833689067443,-0.036227696032890833,0.29318677190606446,0.43608349821411352,0.4713335854631957,9.5839482222662582
1786615481.2012293,1786615481.1986437,vesc,0.31338838009194225,0.31338838009194225,nan,nan,0.01,1,0,1,0,0,1786615481.1986437,nan,0.001491921568013804,-0.012846097695214572,0.31338838009194225,0.70408248955155983,-0.14184914547478655,9.6046052666068817
1786615481.21927,1786615481.2186604,vesc,0.32617764530531618,0.32617764530531618,nan,nan,0.01,1,0,1,0,0,1786615481.2186604,nan,-0.0061143427041858659,0.022273381066391332,0.32617764530531618,0.086827976729619394,-0.18000825918050012,9.5445683926055835
1786615481.2392597,1786615481.2387257,vesc,0.32090245581808718,0.32090245581808718,nan,nan,0.01,1,0,1,0,0,1786615481.2387257,nan,-0.0039214927417227192,0.031874971451805685,0.32090245581808718,0.37742726152271189,-0.11331761893306336,9.6822866993157959
1786615481.2589021,1786615481.2586098,vesc,0.28791627624025673,0.28791627624025673,nan,nan,0.01,1,0,1,0,0,1786615481.2586098,nan,-0.00033861156992786781,0.030898365312938412,0.28791627624025673,0.21959153540948506,-0.098891075497430592,9.6613127358732527
1786615481.2789018,1786615481.2786243,vesc,0.24625867770556017,0.24625867770556017,nan,nan,0.01,1,0,1,0,0,1786615481.2786243,nan,0.0022790307916056821,-0.021187810027047786,0.24625867770556017,0.3862201951617088,-0.19971852963119829,9.7492232880821348
1786615481.2992558,1786615481.2986906,vesc,0.2304234885744354,0.2304234885744354,nan,nan,0.01,1,0,1,0,0,1786615481.2986906,nan,0.019509496311052858,-0.042450613005916522,0.2304234885744354,0.32778863774136369,-0.23346573621292066,9.8298832925718216
1786615481.3196089,1786615481.3190401,vesc,0.22297447720267244,0.22297447720267244,nan,nan,0.01,1,0,1,0,0,1786615481.3190401,nan,0.015336187644249584,-0.021125225741430921,0.22297447720267244,0.38390235877792733,-0.079401391266657129,9.538742226680256
1786615481.3389692,1786615481.3386164,vesc,0.20488009522931983,0.20488009522931983,nan,nan,0.01,1,0,1,0,0,1786615481.3386164,nan,0.009157434412535281,0.011946723227959592,0.20488009522931983,0.45726478200550247,0.026324421809096776,9.4105466957889803
1786615481.3589959,1786615481.3585658,vesc,0.15679127891246133,0.15679127891246133,nan,nan,0.01,1,0,1,0,0,1786615481.3585658,nan,-0.011584170255950833,0.047229826190821042,0.15679127891246133,0.37234219366793653,-0.1601876590747402,9.2988701345440745
1786615481.3789506,1786615481.3786209,vesc,0.079951516421703797,0.079951516421703797,nan,nan,0.01,1,0,1,0,0,1786615481.3786209,nan,-0.025597293228865246,0.058089044466754884,0.079951516421703797,0.4026117685916013,-0.48665683600258802,9.5761901362067192
1786615481.399081,1786615481.3986824,vesc,0.0086781876512538637,0.0086781876512538637,nan,nan,0.01,1,0,1,0,0,1786615481.3986824,nan,-0.016238680922812398,0.056150075939663049,0.0086781876512538637,0.36215930371869831,-0.71227582774484688,9.7571439267437654
1786615481.4191914,1786615481.4188085,vesc,-0.038666735472483095,-0.038666735472483095,nan,nan,0.01,1,0,1,0,0,1786615481.4188085,nan,0.038648288920745094,0.038167771436310734,-0.038666735472483095,0.22004100358689627,-0.41971958942446008,9.6221328809964461
1786615481.438947,1786615481.4385738,vesc,-0.02367810907584026,-0.02367810907584026,nan,nan,0.01,1,0,1,0,0,1786615481.4385738,nan,0.045929712558536395,0.033866412574750482,-0.02367810907584026,0.089314331702968097,0.039804776076394432,9.7415938407724525
1786615481.4589479,1786615481.4586184,vesc,0.004869294608776456,0.004869294608776456,nan,nan,0.01,1,0,1,0,0,1786615481.4586184,nan,0.024288559693146066,0.047638167848525051,0.004869294608776456,-0.018938913037850114,0.43302774318342685,9.5785079725905007
1786615481.4788864,1786615481.4785347,vesc,0.0077168541170598111,0.0077168541170598111,nan,nan,0.01,1,0,1,0,0,1786615481.4785347,nan,-0.0066394670965817517,0.052956854246495572,0.0077168541170598111,-0.10543457604243134,0.34195567442622021,9.6012010175084015
1786615481.4989948,1786615481.4985878,vesc,0.014020003499261987,0.014020003499261987,nan,nan,0.01,1,0,1,0,0,1786615481.4985878,nan,-0.020561915156014122,0.080636889250614102,0.014020003499261987,-0.18996398479192322,0.14595369004034886,9.4559707925281486
1786615481.5188711,1786615481.5184584,vesc,-0.00094259413876587167,-0.00094259413876587167,nan,nan,0.01,1,0,1,0,0,1786615481.5184584,nan,-0.024647766028738114,0.080677102983074303,-0.00094259413876587167,-0.13873781448420086,-0.060353610377720912,9.5805673620313883
1786615481.5387478,1786615481.5384102,vesc,-0.0083182161769970696,-0.0083182161769970696,nan,nan,0.01,1,0,1,0,0,1786615481.5384102,nan,-0.018169164785118805,0.082827464082880359,-0.0083182161769970696,-0.11146020512023558,-0.20438990696086634,9.7050499108245276
1786615481.5586426,1786615481.5583296,vesc,0.0025827497497670077,0.0025827497497670077,nan,nan,0.01,1,0,1,0,0,1786615481.5583296,nan,0.005140103761826588,0.073210747774712204,0.0025827497497670077,-0.057481284337153049,-0.21846550780704632,9.5954660681511541
1786615481.5790906,1786615481.5786481,vesc,-0.02371532675207412,-0.02371532675207412,nan,nan,0.01,1,0,1,0,0,1786615481.5786481,nan,0.034212611032893178,0.071150900862455208,-0.02371532675207412,-0.15941348768923902,-0.1517110232709733,9.709418950546933
1786615481.5988364,1786615481.5984361,vesc,-0.05036244848562161,-0.05036244848562161,nan,nan,0.01,1,0,1,0,0,1786615481.5984361,nan,0.031329381290610921,0.078679399270378605,-0.05036244848562161,-0.19153699550501457,-0.0076874443824159755,9.5896703077485199
1786615481.6186473,1786615481.6182556,vesc,-0.028054683512843834,-0.028054683512843834,nan,nan,0.01,1,0,1,0,0,1786615481.6182556,nan,0.030001820454341639,0.060509882864772123,-0.028054683512843834,-0.25977272600960788,0.17885515165941257,9.6899687715686014
1786615481.6391156,1786615481.6387143,vesc,0.0015571255823084362,0.0015571255823084362,nan,nan,0.01,1,0,1,0,0,1786615481.6387143,nan,0.010478553727917932,0.06469136202657598,0.0015571255823084362,-0.25864914692882834,0.28449311031623026,9.5944591775727304
1786615481.6589556,1786615481.658494,vesc,0.016375524750653139,0.016375524750653139,nan,nan,0.01,1,0,1,0,0,1786615481.658494,nan,0.0017821109396294165,0.066782072479153479,0.016375524750653139,-0.31189773217312933,0.38495650216986377,9.6420075678493049
1786615481.6790264,1786615481.67858,vesc,0.012918112275863295,0.012918112275863295,nan,nan,0.01,1,0,1,0,0,1786615481.67858,nan,-0.01415827565529674,0.039094385048090173,0.012918112275863295,-0.40842225666929011,0.15966111728271315,9.7025449635318637
1786615481.6987889,1786615481.6983533,vesc,-0.0052973108891820764,-0.0052973108891820764,nan,nan,0.01,1,0,1,0,0,1786615481.6983533,nan,-0.018206642535677865,0.017837979897621436,-0.0052973108891820764,-0.37584928067610335,-0.22855056652521455,9.7833207428964215
1786615481.7187569,1786615481.7183766,vesc,-0.015694105051485926,-0.015694105051485926,nan,nan,0.01,1,0,1,0,0,1786615481.7183766,nan,0.0085480750670980307,-0.0034394382180264094,-0.015694105051485926,-0.2943118648951355,-0.28600764887029584,9.7745417329402926
1786615481.7388344,1786615481.7384593,vesc,-0.0029311182680791933,-0.0029311182680791933,nan,nan,0.01,1,0,1,0,0,1786615481.7384593,nan,0.0062677673105556008,-0.0013432069076734963,-0.0029311182680791933,-0.18139576696908222,-0.060249274118959306,9.5417441873246389
1786615481.759083,1786615481.7586291,vesc,0.0087770923566826333,0.0087770923566826333,nan,nan,0.01,1,0,1,0,0,1786615481.7586291,nan,0.0029347619093752879,0.0092780059099967158,0.0087770923566826333,-0.086051018780289645,0.27494625127679484,9.5820864687228777
1786615481.7794642,1786615481.7784545,vesc,0.0011854324281775777,0.0011854324281775777,nan,nan,0.01,1,0,1,0,0,1786615481.7784545,nan,-0.0065645022327879242,0.00077626464437956135,0.0011854324281775777,-0.10120665522132466,0.21728621572224505,9.6488184049326264
1786615481.7987933,1786615481.7983844,vesc,0.0012806967432393171,0.0012806967432393171,nan,nan,0.01,1,0,1,0,0,1786615481.7983844,nan,0.0030222189232315942,-0.0056156007714872284,0.0012806967432393171,-0.14826106538942962,-0.036390330895184064,9.5757293755935962
1786615481.8188207,1786615481.8184259,vesc,0.021038506558435217,0.021038506558435217,nan,nan,0.01,1,0,1,0,0,1786615481.8184259,nan,-0.040888003236312524,0.0060492429796956395,0.021038506558435217,-0.096810188401826203,-0.074995404448767289,9.6816177778165411
1786615481.8389735,1786615481.8385375,vesc,-0.0063198123442179347,-0.0063198123442179347,nan,nan,0.01,1,0,1,0,0,1786615481.8385375,nan,-0.0096726177239246057,-0.0034646352589493817,-0.0063198123442179347,-0.26220290202891761,-0.040945019722496312,9.4881532841343414
1786615481.8589027,1786615481.8584788,vesc,-0.01675356566887639,-0.01675356566887639,nan,nan,0.01,1,0,1,0,0,1786615481.8584788,nan,0.0085605690376807844,-0.0013060547701695901,-0.01675356566887639,-0.17767346587060118,-0.017383845968559797,9.6329198248935199
1786615481.8788059,1786615481.8784041,vesc,0.0013767427116854541,0.0013767427116854541,nan,nan,0.01,1,0,1,0,0,1786615481.8784041,nan,0.010478556848809835,-0.0024200540138524344,0.0013767427116854541,-0.17277141587357647,0.10239231528969484,9.623718645949225
1786615481.8988357,1786615481.8983941,vesc,0.0065459870214280682,0.0065459870214280682,nan,nan,0.01,1,0,1,0,0,1786615481.8983941,nan,-0.0034313972400397815,-0.00030341207045758614,0.0065459870214280682,-0.14358371293601113,0.17913475821485392,9.5859444617753979
1786615481.9188268,1786615481.918349,vesc,-0.0020187191485808837,-0.0020187191485808837,nan,nan,0.01,1,0,1,0,0,1786615481.918349,nan,-0.0065270192807423593,-0.0024109285259297096,-0.0020187191485808837,-0.14769927584903986,0.059538837386796217,9.5280897687489414
1786615481.9388065,1786615481.9383922,vesc,-0.0030560558933121372,-0.0030560558933121372,nan,nan,0.01,1,0,1,0,0,1786615481.9383922,nan,-0.0043841441603129291,-0.0013428719319426346,-0.0030560558933121372,-0.1377827814018131,-0.045764697065493465,9.4991811333266014
1786615481.9587541,1786615481.958312,vesc,0.0033907694692538615,0.0033907694692538615,nan,nan,0.01,1,0,1,0,0,1786615481.958312,nan,-0.00019834256322420413,0.0007703380706568343,0.0033907694692538615,-0.068015756415083395,-0.079773420378458582,9.6771516743101529
1786615481.9787908,1786615481.9784245,vesc,0.0012796559257898545,0.0012796559257898545,nan,nan,0.01,1,0,1,0,0,1786615481.9784245,nan,0.0019570270479366309,-0.0013545243020090321,0.0012796559257898545,-0.10999957058777188,0.064186058405766744,9.5812386224170041
1786615481.9987397,1786615481.9983506,vesc,-0.00089496711770292476,-0.00089496711770292476,nan,nan,0.01,1,0,1,0,0,1786615481.9983506,nan,-0.0022787499113344628,0.00078185624237142701,-0.00089496711770292476,-0.091346330591862035,0.097599736137896187,9.6246612171527204
1786615482.0187368,1786615482.0183082,vesc,-0.00091032411649467708,-0.00091032411649467708,nan,nan,0.01,1,0,1,0,0,1786615482.0183082,nan,-0.0033439404862578002,-0.00028337074295743903,-0.00091032411649467708,-0.1343413659372521,0.025776501133925933,9.6143829810391708
1786615482.0386896,1786615482.0383103,vesc,0.0012229136897400283,0.0012229136897400283,nan,nan,0.01,1,0,1,0,0,1786615482.0383103,nan,-0.0033689294677206097,0.00077616373554138254,0.0012229136897400283,-0.072749287822540865,-0.0031200744056150143,9.6725124932130484
1786615482.0585465,1786615482.0581892,vesc,0.00018271388429048652,0.00018271388429048652,nan,nan,0.01,1,0,1,0,0,1786615482.0581892,nan,-0.0012260522666965789,0.00077896005468596581,0.00018271388429048652,-0.16753223733466882,-0.017255389944200061,9.5851352070944813
1786615482.0786743,1786615482.078311,vesc,-0.00086034914442379708,-0.00086034914442379708,nan,nan,0.01,1,0,1,0,0,1786615482.078311,nan,0.00091682389403015165,-0.00028350494130924384,-0.00086034914442379708,-0.12014078085115454,0.0017873111759207916,9.628856009841229
1786615482.098876,1786615482.09852,vesc,0.00019520762730820652,0.00019520762730820652,nan,nan,0.01,1,0,1,0,0,1786615482.09852,nan,-0.00016086117162459086,0.00077892676517233987,0.00019520762730820652,-0.13000110548061716,0.063993538822174401,9.6528600005644876
1786615482.1193862,1786615482.118223,vesc,0.0012325442420022975,0.0012325442420022975,nan,nan,0.01,1,0,1,0,0,1786615482.118223,nan,-0.0023037368122026708,-0.00028912982881473543,0.0012325442420022975,-0.16251781115701647,0.059436291837904776,9.5662393441837139
1786615482.138721,1786615482.1382437,vesc,0.00016735691800802484,0.00016735691800802484,nan,nan,0.01,1,0,1,0,0,1786615482.1382437,nan,-0.0022912428416199163,-0.00028626693064290023,0.00016735691800802484,-0.15293841784284812,0.04506595476513553,9.5663130191040864
1786615482.1593714,1786615482.1584415,vesc,-0.00087856930146170981,-0.00087856930146170981,nan,nan,0.01,1,0,1,0,0,1786615482.1584415,nan,-0.00014836720104183631,-0.002413992201480602,-0.00087856930146170981,-0.14408933265863677,0.011368120612690547,9.6286010712278767
1786615482.1786237,1786615482.178302,vesc,-0.00085748598617763668,-0.00085748598617763668,nan,nan,0.01,1,0,1,0,0,1786615482.178302,nan,0.00091682389403015165,0.00078175533353324808,-0.00085748598617763668,-0.13896253030035677,0.025815275484379896,9.5999578994075137
1786615482.19857,1786615482.1982191,vesc,0.00020197492379644315,0.00020197492379644315,nan,nan,0.01,1,0,1,0,0,1786615482.1982191,nan,0.00090432992344739716,-0.0013516281143235711,0.00020197492379644315,-0.12059021248346635,0.054374576301640332,9.6673154877188381
1786615482.2184622,1786615482.2181439,vesc,0.0012421747942645664,0.0012421747942645664,nan,nan,0.01,1,0,1,0,0,1786615482.2181439,nan,-0.0012385462372793334,-0.0013544244334681541,0.0012421747942645664,-0.16674575025067284,0.059565222948556595,9.5182863265666811
1786615482.2385366,1786615482.2381535,vesc,0.00018948118077872315,0.00018948118077872315,nan,nan,0.01,1,0,1,0,0,1786615482.2381535,nan,-0.00016086117162459086,-0.001351594824809945,0.00018948118077872315,-0.092132854220957405,0.020779141517689226,9.6915112671237011
1786615482.2585669,1786615482.2582002,vesc,0.00016735691800802484,0.00016735691800802484,nan,nan,0.01,1,0,1,0,0,1786615482.2582002,nan,-0.0022912428416199163,-0.00028626693064290023,0.00016735691800802484,-0.12363836613347967,0.054773831512488158,9.518778662145678
1786615482.2783082,1786615482.2780623,vesc,0.00020483814706118484,0.00020483814706118484,nan,nan,0.01,1,0,1,0,0,1786615482.2780623,nan,0.00090432992344739716,-0.00028636783948107899,0.00020483814706118484,-0.12938310957736388,0.025814983123584767,9.6000701659528431
1786615482.2984414,1786615482.2980912,vesc,0.0012757519500942313,0.0012757519500942313,nan,nan,0.01,1,0,1,0,0,1786615482.2980912,nan,0.00089183595286464255,0.0018412908523293707,0.0012757519500942313,-0.12938310957736388,0.049765106370340817,9.6001344853277715
1786615482.3187201,1786615482.3181465,vesc,-0.0019226731801347467,-0.0019226731801347467,nan,nan,0.01,1,0,1,0,0,1786615482.3181465,nan,0.00092931734446425576,0.00078461823170508345,-0.0019226731801347467,-0.12504284912072894,0.040081897565077185,9.6384828661032316
1786615482.3384583,1786615482.3381138,vesc,0.0012479011107568872,0.0012479011107568872,nan,nan,0.01,1,0,1,0,0,1786615482.3381138,nan,-0.0012385462372793334,0.00077609715651413066,0.0012479011107568872,-0.068071944505397219,0.063914309046694484,9.6823276298271139
1786615482.3587589,1786615482.3581128,vesc,0.0022909640419432986,0.0022909640419432986,nan,nan,0.01,1,0,1,0,0,1786615482.3581128,nan,-0.0033814234383033647,0.0018385621525093402,0.0022909640419432986,-0.1572787057083076,0.011638919799178638,9.5278488634537553
1786615482.3786418,1786615482.3780859,vesc,0.00019911170053170147,0.00019911170053170147,nan,nan,0.01,1,0,1,0,0,1786615482.3780859,nan,0.00090432992344739716,-0.0024168883891660629,0.00019911170053170147,-0.12002842294307658,0.016183156728065029,9.6193156923745846
1786615482.3985472,1786615482.3981388,vesc,-0.00086711640840274296,-0.00086711640840274296,nan,nan,0.01,1,0,1,0,0,1786615482.3981388,nan,-0.00014836720104183631,0.0018470499381866669,-0.00086711640840274296,-0.13896253030035677,0.016235233494697354,9.5999321716575423
1786615482.4191115,1786615482.4186573,vesc,0.00018271388429048652,0.00018271388429048652,nan,nan,0.01,1,0,1,0,0,1786615482.4186573,nan,-0.0012260522666965789,0.00077896005468596581,0.00018271388429048652,-0.13400429221301824,0.045013841453403813,9.5856965398211287
1786615482.4385657,1786615482.4382153,vesc,0.00019234440404346486,0.00019234440404346486,nan,nan,0.01,1,0,1,0,0,1786615482.4382153,nan,-0.00016086117162459086,-0.00028633454996745305,0.00019234440404346486,-0.13901871839067059,0.01143236689742011,9.6047081776067671
1786615482.4584239,1786615482.4580982,vesc,0.00018557710755522823,0.00018557710755522823,nan,nan,0.01,1,0,1,0,0,1786615482.4580982,nan,-0.0012260522666965789,0.0018442203295284576,0.00018557710755522823,-0.12042166648507457,0.063993246461379272,9.652972267109817
1786615482.478683,1786615482.4783318,vesc,0.00021733189007890484,0.00021733189007890484,nan,nan,0.01,1,0,1,0,0,1786615482.4783318,nan,0.0019695210185193849,-0.00028640112899470504,0.00021733189007890484,-0.1294392976676777,0.030592121970890673,9.6048730690952198
1786615482.4987411,1786615482.4981368,vesc,0.00020483814706118484,0.00020483814706118484,nan,nan,0.01,1,0,1,0,0,1786615482.4981368,nan,0.00090432992344739716,-0.00028636783948107899,0.00020483814706118484,-0.13422900802917415,0.025802265428996662,9.6048040719475694
1786615482.5185404,1786615482.5181246,vesc,0.0012479011107568872,0.0012479011107568872,nan,nan,0.01,1,0,1,0,0,1786615482.5181246,nan,-0.0012385462372793334,0.00077609715651413066,0.0012479011107568872,-0.12081492829962226,0.025582958287550639,9.6863972920953074
1786615482.5388317,1786615482.5383527,vesc,0.00020197492379644315,0.00020197492379644315,nan,nan,0.01,1,0,1,0,0,1786615482.5383527,nan,0.00090432992344739716,-0.0013516281143235711,0.00020197492379644315,-0.091851950314487674,0.0016834134583518789,9.6675107847299842
1786615482.5584502,1786615482.5581028,vesc,-0.001944797442905445,-0.001944797442905445,nan,nan,0.01,1,0,1,0,0,1786615482.5581028,nan,-0.0012010648456797202,0.0018499461258721284,-0.001944797442905445,-0.13885017239227881,0.045001123758815709,9.5904292763726744
1786615482.578547,1786615482.578156,vesc,0.0023323496693128604,0.0023323496693128604,nan,nan,0.01,1,0,1,0,0,1786615482.578156,nan,0.00087934250243053844,-0.0013573539106672414,0.0023323496693128604,-0.12498666103041511,0.011354635471015229,9.6336156435859266
1786615482.5985689,1786615482.5981133,vesc,0.00022592155987312992,0.00022592155987312992,nan,nan,0.01,1,0,1,0,0,1786615482.5981133,nan,0.0019695210185193849,0.0029093807358300718,0.00022592155987312992,-0.14363988275377526,0.054581311928895815,9.590398870849981
1786615482.6183653,1786615482.6180468,vesc,-0.00089783040598624762,-0.00089783040598624762,nan,nan,0.01,1,0,1,0,0,1786615482.6180468,nan,-0.0022787488710371622,-0.00028340403247106507,-0.00089783040598624762,-0.10165608685363647,0.02558233702086099,9.6866218251859664
1786615482.6386468,1786615482.6379943,vesc,0.0012882456606026608,0.0012882456606026608,nan,nan,0.01,1,0,1,0,0,1786615482.6379943,nan,0.0019570270479366309,0.0018412565225184438,0.0012882456606026608,-0.17131074479601338,0.073986905885970344,9.49910979729259
1786615482.6582448,1786615482.6579359,vesc,0.00018557710755522823,0.00018557710755522823,nan,nan,0.01,1,0,1,0,0,1786615482.6579359,nan,-0.0012260522666965789,0.0018442203295284576,0.00018557710755522823,-0.082497245407650688,0.016001710309588191,9.686820630526654
1786615482.6787996,1786615482.6779907,vesc,0.00018557710755522823,0.00018557710755522823,nan,nan,0.01,1,0,1,0,0,1786615482.6779907,nan,-0.0012260522666965789,0.0018442203295284576,0.00018557710755522823,-0.14347135502793318,0.049829900831561247,9.5760170586160029
1786615482.6986053,1786615482.6982245,vesc,0.00019520762730820652,0.00019520762730820652,nan,nan,0.01,1,0,1,0,0,1786615482.6982245,nan,-0.00016086117162459086,0.00077892676517233987,0.00019520762730820652,-0.12464958730618125,0.044962057047566617,9.6049677939928415
1786615482.7183177,1786615482.7179685,vesc,0.0012796559257898545,0.0012796559257898545,nan,nan,0.01,1,0,1,0,0,1786615482.7179685,nan,0.0019570270479366309,-0.0013545243020090321,0.0012796559257898545,-0.13400429221301824,-0.012466410484691437,9.5855421733213007
1786615482.7384241,1786615482.7380903,vesc,-0.001940893467209822,-0.001940893467209822,nan,nan,0.01,1,0,1,0,0,1786615482.7380903,nan,-0.00013587375060773214,-0.0013458690284662747,-0.001940893467209822,-0.15694161371152404,0.030876260118656518,9.4991624222357132
1786615482.7586973,1786615482.7580247,vesc,-0.0008824734071944954,-0.0008824734071944954,nan,nan,0.01,1,0,1,0,0,1786615482.7580247,nan,-0.0012135582961138242,0.00078182295285780096,-0.0008824734071944954,-0.087455501767538912,0.01117318905253839,9.701120581737996
1786615482.7785192,1786615482.7781091,vesc,-0.0019130426278724777,-0.0019130426278724777,nan,nan,0.01,1,0,1,0,0,1786615482.7781091,nan,0.0019945084395362441,-0.00028067533265103463,-0.0019130426278724777,-0.14792399166519576,0.045117300629780033,9.5472101647503678
1786615482.7983835,1786615482.798017,vesc,0.00019807085057294823,0.00019807085057294823,nan,nan,0.01,1,0,1,0,0,1786615482.798017,nan,-0.00016086117162459086,0.0018441870400148319,0.00019807085057294823,-0.12002842294307658,0.04971328541940423,9.6194057394994843
1786615482.8183086,1786615482.8179543,vesc,0.0012546685047729958,0.0012546685047729958,nan,nan,0.01,1,0,1,0,0,1786615482.8179543,nan,-0.00017335514220734541,-0.0013544577229817802,0.0012546685047729958,-0.13016963320645925,0.011264661436314327,9.6670874462986376
1786615482.8385308,1786615482.8380933,vesc,0.0012325442420022975,0.0012325442420022975,nan,nan,0.01,1,0,1,0,0,1786615482.8380933,nan,-0.0023037368122026708,-0.00028912982881473543,0.0012325442420022975,-0.10081339340677697,0.059305606562482183,9.6148659610727236
1786615482.8584795,1786615482.8580484,vesc,0.0012479011107568872,0.0012479011107568872,nan,nan,0.01,1,0,1,0,0,1786615482.8580484,nan,-0.0012385462372793334,0.00077609715651413066,0.0012479011107568872,-0.12955165557575565,0.016196312963845827,9.6144133865618642
1786615482.8786416,1786615482.8778958,vesc,-0.0008824734071944954,-0.0008824734071944954,nan,nan,0.01,1,0,1,0,0,1786615482.8778958,nan,-0.0012135582961138242,0.00078182295285780096,-0.0008824734071944954,-0.11997223485276276,0.02577606259273324,9.614551380857165
1786615482.8985951,1786615482.898246,vesc,0.0012700253735275855,0.0012700253735275855,nan,nan,0.01,1,0,1,0,0,1786615482.898246,nan,0.00089183595286464255,-0.0002892307376529142,0.0012700253735275855,-0.12002842294307658,0.020973159450356604,9.6193285562495703
1786615482.9184086,1786615482.9178743,vesc,0.00018948118077872315,0.00018948118077872315,nan,nan,0.01,1,0,1,0,0,1786615482.9178743,nan,-0.00016086117162459086,-0.001351594824809945,0.00018948118077872315,-0.18167665260300225,0.049856871114911883,9.5659890833430836
1786615482.938333,1786615482.9379759,vesc,0.00021446866681416318,0.00021446866681416318,nan,nan,0.01,1,0,1,0,0,1786615482.9379759,nan,0.0019695210185193849,-0.0013516614038371971,0.00021446866681416318,-0.1475869179409619,0.054774598959575371,9.5184979957823543
1786615482.9582362,1786615482.9578702,vesc,0.0012632581095486394,0.0012632581095486394,nan,nan,0.01,1,0,1,0,0,1786615482.9578702,nan,-0.00017335514220734541,0.0018413241418429966,0.0012632581095486394,-0.12549228075304075,0.0016587455162628828,9.6766967609129324
1786615482.9782534,1786615482.9779096,vesc,0.0012757519500942313,0.0012757519500942313,nan,nan,0.01,1,0,1,0,0,1786615482.9779096,nan,0.00089183595286464255,0.0018412908523293707,0.0012757519500942313,-0.12904605412567971,0.083372491401792814,9.5714866357346864
1786615482.9985111,1786615482.9981484,vesc,0.0012575316630191562,0.0012575316630191562,nan,nan,0.01,1,0,1,0,0,1786615482.9981484,nan,-0.00017335514220734541,-0.0002891974481392882,0.0012575316630191562,-0.11512635467350218,0.049738903534077394,9.6098817942373671
1786615483.018327,1786615483.0179825,vesc,0.0012479011107568872,0.0012479011107568872,nan,nan,0.01,1,0,1,0,0,1786615483.0179825,nan,-0.0012385462372793334,0.00077609715651413066,0.0012479011107568872,-0.13868164466643673,0.025879631404407633,9.5760088725137393
1786615483.0382733,1786615483.0379469,vesc,0.0012518052164896727,0.0012518052164896727,nan,nan,0.01,1,0,1,0,0,1786615483.0379469,nan,-0.00017335514220734541,-0.002419717997824272,0.0012518052164896727,-0.087567859675616866,0.02551754255964056,9.7107380824545544
1786615483.0537131,1786615483.0532842,vesc,-0.00088533669547781837,-0.00088533669547781837,nan,nan,0.01,1,0,1,0,0,1786615483.0532842,nan,-0.0012135582961138242,-0.00028343732198469102,-0.00088533669547781837,-0.18077778933837862,0.040482797305397611,9.4893274050875789
1786615483.0784214,1786615483.078007,vesc,0.00020770137032592652,0.00020770137032592652,nan,nan,0.01,1,0,1,0,0,1786615483.078007,nan,0.00090432992344739716,0.00077889243536141293,0.00020770137032592652,-0.10594017749250728,0.011328322999453633,9.643419085768187
1786615483.0983078,1786615483.097944,vesc,0.00016735691800802484,0.00016735691800802484,nan,nan,0.01,1,0,1,0,0,1786615483.097944,nan,-0.0022912428416199163,-0.00028626693064290023,0.00016735691800802484,-0.13417281993886032,0.044975213283347415,9.6000654881801211
1786615483.1183348,1786615483.1179404,vesc,-0.00087284285493222644,-0.00087284285493222644,nan,nan,0.01,1,0,1,0,0,1786615483.1179404,nan,-0.00014836720104183631,-0.00028347165179561784,-0.00087284285493222644,-0.1196351611285289,0.025853318932846037,9.5858134841391802
1786615483.1383743,1786615483.1379678,vesc,0.002313088564788322,0.002313088564788322,nan,nan,0.01,1,0,1,0,0,1786615483.1379678,nan,-0.0012510396877134374,0.00077323425834229539,0.002313088564788322,-0.11574431403165608,0.068757375253301944,9.6626201733490689
1786615483.1582158,1786615483.1578474,vesc,-0.0019476606011516052,-0.0019476606011516052,nan,nan,0.01,1,0,1,0,0,1786615483.1578474,nan,-0.0012010648456797202,0.00078468585102963622,-0.0019476606011516052,-0.16268635715540825,0.030657537698800752,9.5805311092927923
1786615483.1780591,1786615483.1777301,vesc,0.0022977314359594074,0.0022977314359594074,nan,nan,0.01,1,0,1,0,0,1786615483.1777301,nan,-0.0023162307827854257,-0.00029199272698657058,0.0022977314359594074,-0.10571546167635137,0.0113798150444957,9.6242612675849841
1786615483.1987133,1786615483.1984432,vesc,-0.0019380303089636616,-0.0019380303089636616,nan,nan,0.01,1,0,1,0,0,1786615483.1984432,nan,-0.00013587375060773214,-0.00028060875362378264,-0.0019380303089636616,-0.13941198020521828,0.035292333383978303,9.6383004329670712
1786615483.2181687,1786615483.2178183,vesc,0.0012450379525107266,0.0012450379525107266,nan,nan,0.01,1,0,1,0,0,1786615483.2178183,nan,-0.0012385462372793334,-0.00028916311832836143,0.0012450379525107266,-0.14341516693761935,0.059422843241328849,9.5712539165417638
1786615483.2381182,1786615483.2377944,vesc,-0.0019159057861186379,-0.0019159057861186379,nan,nan,0.01,1,0,1,0,0,1786615483.2377944,nan,0.0019945084395362441,-0.0013459356074935265,-0.0019159057861186379,-0.12498666103041511,-0.017385490498032397,9.6335384603360126
1786615483.2600439,1786615483.2596536,vesc,0.0012546685047729958,0.0012546685047729958,nan,nan,0.01,1,0,1,0,0,1786615483.2596536,nan,-0.00017335514220734541,-0.0013544577229817802,0.0012546685047729958,-0.14302192339562136,0.059512963456427315,9.5377259805563881
1786615483.2779965,1786615483.2776926,vesc,0.0012450379525107266,0.0012450379525107266,nan,nan,0.01,1,0,1,0,0,1786615483.2776926,nan,-0.0012385462372793334,-0.00028916311832836143,0.0012450379525107266,-0.12966401348383361,0.020960587936166064,9.6240051595284513
1786615483.2981446,1786615483.2978849,vesc,-0.00088533669547781837,-0.00088533669547781837,nan,nan,0.01,1,0,1,0,0,1786615483.2978849,nan,-0.0012135582961138242,-0.00028343732198469102,-0.00088533669547781837,-0.14871049702174144,0.054517102189265643,9.6142917644710906
1786615483.3182173,1786615483.3178871,vesc,-0.001940893467209822,-0.001940893467209822,nan,nan,0.01,1,0,1,0,0,1786615483.3178871,nan,-0.00013587375060773214,-0.0013458690284662747,-0.001940893467209822,-0.11563195612357813,0.030462935044543116,9.6529383532575821
1786615483.3382053,1786615483.3378193,vesc,0.0001683977679667781,0.0001683977679667781,nan,nan,0.01,1,0,1,0,0,1786615483.3378193,nan,-0.0012260522666965789,-0.0045473434001210965,0.0001683977679667781,-0.1572787057083076,0.054749127025299771,9.5279646383286263
1786615483.3582473,1786615483.3578811,vesc,0.00017985066102574486,0.00017985066102574486,nan,nan,0.01,1,0,1,0,0,1786615483.3578811,nan,-0.0012260522666965789,-0.00028630022015652622,0.00017985066102574486,-0.15209574266853831,0.078789224306756722,9.4945571549908436
1786615483.3785417,1786615483.3778236,vesc,-0.00087570614321554941,-0.00087570614321554941,nan,nan,0.01,1,0,1,0,0,1786615483.3778236,nan,-0.00014836720104183631,-0.0013487319266381099,-0.00087570614321554941,-0.10092575131485493,0.0017996268744155941,9.6242916731076775
1786615483.3979969,1786615483.3977234,vesc,0.0023409391440513414,0.0023409391440513414,nan,nan,0.01,1,0,1,0,0,1786615483.3977234,nan,0.00087934250243053844,0.0018384279541575357,0.0023409391440513414,-0.14859813911366349,0.059332869206627947,9.6047245498112943
1786615483.4180319,1786615483.4177771,vesc,-0.00086997969668606593,-0.00086997969668606593,nan,nan,0.01,1,0,1,0,0,1786615483.4177771,nan,-0.00014836720104183631,0.00078178966334417502,-0.00086997969668606593,-0.11056136012816165,0.044897226041246796,9.6290840512614295
1786615483.4381065,1786615483.4377902,vesc,0.0012632581095486394,0.0012632581095486394,nan,nan,0.01,1,0,1,0,0,1786615483.4377902,nan,-0.00017335514220734541,0.0018413241418429966,0.0012632581095486394,-0.17170400661056107,0.054736701691506795,9.532586277778023
1786615483.4557123,1786615483.4550257,vesc,-0.00085462269789431371,-0.00085462269789431371,nan,nan,0.01,1,0,1,0,0,1786615483.4550257,nan,0.00091682389403015165,0.001847016648673041,-0.00085462269789431371,-0.078156966678466055,0.025478622028789033,9.7252204668020568
1786615483.4784489,1786615483.4781668,vesc,0.00020770137032592652,0.00020770137032592652,nan,nan,0.01,1,0,1,0,0,1786615483.4781668,nan,0.00090432992344739716,0.00077889243536141293,0.00020770137032592652,-0.15733487552607173,0.035576179170949018,9.5327032220960746
1786615483.4981573,1786615483.4976408,vesc,-0.00086997969668606593,-0.00086997969668606593,nan,nan,0.01,1,0,1,0,0,1786615483.4976408,nan,-0.00014836720104183631,0.00078178966334417502,-0.00086997969668606593,-0.13462226984372183,0.030502184481289163,9.6383437023647502
1786615483.5179911,1786615483.5175819,vesc,0.00017985066102574486,0.00017985066102574486,nan,nan,0.01,1,0,1,0,0,1786615483.5175819,nan,-0.0012260522666965789,-0.00028630022015652622,0.00017985066102574486,-0.15366874424535482,0.020948454963168217,9.6285145324325185
1786615483.5391269,1786615483.5379782,vesc,-0.00087570614321554941,-0.00087570614321554941,nan,nan,0.01,1,0,1,0,0,1786615483.5379782,nan,-0.00014836720104183631,-0.0013487319266381099,-0.00087570614321554941,-0.11980370712692068,0.049764777464446297,9.6002467518731009
1786615483.5582132,1786615483.5577474,vesc,0.00018271388429048652,0.00018271388429048652,nan,nan,0.01,1,0,1,0,0,1786615483.5577474,nan,-0.0012260522666965789,0.00077896005468596581,0.00018271388429048652,-0.096922564582453852,0.030359366232868723,9.6914808616010077
1786615483.5777924,1786615483.5775516,vesc,0.0023198556987301055,0.0023198556987301055,nan,nan,0.01,1,0,1,0,0,1786615483.5775516,nan,-0.00018584859264144957,-0.0013573206211536155,0.0023198556987301055,-0.18173285896586577,0.040263965250243672,9.5707522254173227
1786615483.5979013,1786615483.5975864,vesc,0.0012632581095486394,0.0012632581095486394,nan,nan,0.01,1,0,1,0,0,1786615483.5975864,nan,-0.00017335514220734541,0.0018413241418429966,0.0012632581095486394,-0.13439753575501623,0.03055367652633123,9.6191858841815474
1786615483.6185684,1786615483.6176336,vesc,0.00018948118077872315,0.00018948118077872315,nan,nan,0.01,1,0,1,0,0,1786615483.6176336,nan,-0.00016086117162459086,-0.001351594824809945,0.00018948118077872315,-0.11602521793812581,0.0543229380762007,9.6865306086178862
1786615483.6386778,1786615483.6375666,vesc,-0.00089783040598624762,-0.00089783040598624762,nan,nan,0.01,1,0,1,0,0,1786615483.6375666,nan,-0.0022787488710371622,-0.00028340403247106507,-0.00089783040598624762,-0.12870896212889615,0.059499624495149561,9.5426832501985928
1786615483.6535108,1786615483.6531823,vesc,0.00020483814706118484,0.00020483814706118484,nan,nan,0.01,1,0,1,0,0,1786615483.6531823,nan,0.00090432992344739716,-0.00028636783948107899,0.00020483814706118484,-0.12521137684657102,0.011303143425973161,9.6527746312123099
1786615483.6777751,1786615483.6775341,vesc,-0.0030003542146374487,-0.0030003542146374487,nan,nan,0.01,1,0,1,0,0,1786615483.6775341,nan,-0.00012337978002497762,0.00078751545968784543,-0.0030003542146374487,-0.13400429221301824,0.073753967422451439,9.5857737230710427
1786615483.6942918,1786615483.6938276,vesc,0.0012786151083403919,0.0012786151083403919,nan,nan,0.01,1,0,1,0,0,1786615483.6938276,nan,0.00089183595286464255,0.0029065511271718623,0.0012786151083403919,-0.13473462775179978,0.030476420186218434,9.6479237808995322
1786615483.7183688,1786615483.717669,vesc,-0.00085462269789431371,-0.00085462269789431371,nan,nan,0.01,1,0,1,0,0,1786615483.717669,nan,0.00091682389403015165,0.001847016648673041,-0.00085462269789431371,-0.15812136261006771,0.044975980730434628,9.5997848218167974
1786615483.7384074,1786615483.7378504,vesc,0.00019234440404346486,0.00019234440404346486,nan,nan,0.01,1,0,1,0,0,1786615483.7378504,nan,-0.00016086117162459086,-0.00028633454996745305,0.00019234440404346486,-0.13050670693069311,0.035137564888056971,9.6958896623915507
1786615483.75806,1786615483.7575917,vesc,0.00018271388429048652,0.00018271388429048652,nan,nan,0.01,1,0,1,0,0,1786615483.7575917,nan,-0.0012260522666965789,0.00077896005468596581,0.00018271388429048652,-0.1014875408552447,-0.0079091635004218119,9.6721628297020743
1786615483.7784517,1786615483.7777116,vesc,0.0012393115059812433,0.0012393115059812433,nan,nan,0.01,1,0,1,0,0,1786615483.7777116,nan,-0.0012385462372793334,-0.0024196847083106463,0.0012393115059812433,-0.14764310603127573,0.083501824508537936,9.5233652182996593
1786615483.7980249,1786615483.7976935,vesc,-0.0019323037323970157,-0.0019323037323970157,nan,nan,0.01,1,0,1,0,0,1786615483.7976935,nan,-0.00013587375060773214,0.001849912836358502,-0.0019323037323970157,-0.13946815002298241,0.025699427519310092,9.6430647444844908
1786615483.8180676,1786615483.8175027,vesc,0.0023409391440513414,0.0023409391440513414,nan,nan,0.01,1,0,1,0,0,1786615483.8175027,nan,0.00087934250243053844,0.0018384279541575357,0.0023409391440513414,-0.13462226984372183,0.035292187203580738,9.6383565662397359
1786615483.8381405,1786615483.837851,vesc,-0.00086607559095328035,-0.00086607559095328035,nan,nan,0.01,1,0,1,0,0,1786615483.837851,nan,0.00091682389403015165,-0.0024140254909942277,-0.00086607559095328035,-0.10616489330866319,0.049596998913141732,9.6626809843944557
1786615483.8578711,1786615483.8575695,vesc,0.00019234440404346486,0.00019234440404346486,nan,nan,0.01,1,0,1,0,0,1786615483.8575695,nan,-0.00016086117162459086,-0.00028633454996745305,0.00019234440404346486,-0.19080664169368333,0.035590102853817029,9.5275202499200304
1786615483.8785009,1786615483.8779237,vesc,0.0023255820152224267,0.0023255820152224267,nan,nan,0.01,1,0,1,0,0,1786615483.8779237,nan,-0.00018584859264144957,0.00077320096882866945,0.0023255820152224267,-0.096810206674375898,0.025595054715449095,9.6818879191912401
1786615483.8992207,1786615483.8976223,vesc,0.0012700253735275855,0.0012700253735275855,nan,nan,0.01,1,0,1,0,0,1786615483.8976223,nan,0.00089183595286464255,-0.0002892307376529142,0.0012700253735275855,-0.1392434342068265,0.035330961554034701,9.6239314846080788
1786615483.91786,1786615483.9175591,vesc,0.00020770137032592652,0.00020770137032592652,nan,nan,0.01,1,0,1,0,0,1786615483.9175591,nan,0.00090432992344739716,0.00077889243536141293,0.00020770137032592652,-0.12910222394344384,0.035459381033295045,9.5761468668090401
1786615483.9382234,1786615483.937495,vesc,0.0012603948212653164,0.0012603948212653164,nan,nan,0.01,1,0,1,0,0,1786615483.937495,nan,-0.00017335514220734541,0.00077606386700050461,0.0012603948212653164,-0.12042166648507457,0.020883039235258138,9.652856492234946
1786615483.9578807,1786615483.9575889,vesc,0.00017698743776100315,0.00017698743776100315,nan,nan,0.01,1,0,1,0,0,1786615483.9575889,nan,-0.0012260522666965789,-0.001351561535296319,0.00017698743776100315,-0.17254666351232117,0.011433390160203061,9.6043152446981139
1786615483.9777205,1786615483.9774275,vesc,0.00018948118077872315,0.00018948118077872315,nan,nan,0.01,1,0,1,0,0,1786615483.9774275,nan,-0.00016086117162459086,-0.001351594824809945,0.00018948118077872315,-0.11574431403165608,0.035227246561962744,9.6625301262241692
1786615483.9981182,1786615483.9975014,vesc,0.00016449369474328318,0.00016449369474328318,nan,nan,0.01,1,0,1,0,0,1786615483.9975014,nan,-0.0022912428416199163,-0.0013515272054853921,0.00016449369474328318,-0.13913107629874855,0.025776647314323498,9.614326847766506
1786615484.0178254,1786615484.0174384,vesc,0.00022019511334364655,0.00022019511334364655,nan,nan,0.01,1,0,1,0,0,1786615484.0174384,nan,0.0019695210185193849,0.00077885914584778699,0.00022019511334364655,-0.12921458185152179,0.040223692550714674,9.5857398092188077
1786615484.0379193,1786615484.0375512,vesc,-0.0019255363383809071,-0.0019255363383809071,nan,nan,0.01,1,0,1,0,0,1786615484.0375512,nan,0.00092931734446425576,-0.00028064204313740869,-0.0019255363383809071,-0.12059021248346635,0.030424453054884282,9.6672511683439097
1786615484.0581746,1786615484.057502,vesc,0.0012575316630191562,0.0012575316630191562,nan,nan,0.01,1,0,1,0,0,1786615484.057502,nan,-0.00017335514220734541,-0.0002891974481392882,0.0012575316630191562,-0.12854043440305407,0.064328255387497535,9.528327165714586
1786615484.077704,1786615484.0774045,vesc,0.00018271388429048652,0.00018271388429048652,nan,nan,0.01,1,0,1,0,0,1786615484.0774045,nan,-0.0012260522666965789,0.00077896005468596581,0.00018271388429048652,-0.13450991193564388,0.030527912231260501,9.6287647932731488
1786615484.1019068,1786615484.1013536,vesc,-0.00086997969668606593,-0.00086997969668606593,nan,nan,0.01,1,0,1,0,0,1786615484.1013536,nan,-0.00014836720104183631,0.00078178966334417502,-0.00086997969668606593,-0.13422900802917415,0.040172346686070171,9.6048426635725264
1786615484.1177163,1786615484.1174457,vesc,0.0012575316630191562,0.0012575316630191562,nan,nan,0.01,1,0,1,0,0,1786615484.1174457,nan,-0.00017335514220734541,-0.0002891974481392882,0.0012575316630191562,-0.11546342839773605,0.025711560492307939,9.638556541023604
1786615484.1358809,1786615484.1353049,vesc,0.0012200505314938681,0.0012200505314938681,nan,nan,0.01,1,0,1,0,0,1786615484.1353049,nan,-0.0033689284274233092,-0.00028909653930110944,0.0012200505314938681,-0.16223692552309643,0.025970519066593312,9.5422002701650399
1786615484.1576366,1786615484.1573658,vesc,0.00017985066102574486,0.00017985066102574486,nan,nan,0.01,1,0,1,0,0,1786615484.1573658,nan,-0.0012260522666965789,-0.00028630022015652622,0.00017985066102574486,-0.1760442853397457,0.054839831961988494,9.4942121692525916
1786615484.1775966,1786615484.1773109,vesc,0.00018557710755522823,0.00018557710755522823,nan,nan,0.01,1,0,1,0,0,1786615484.1773109,nan,-0.0012260522666965789,0.0018442203295284576,0.00018557710755522823,-0.096697848766297945,0.030410858277910791,9.6723218739746244
1786615484.1937761,1786615484.1934175,vesc,-0.00087284285493222644,-0.00087284285493222644,nan,nan,0.01,1,0,1,0,0,1786615484.1934175,nan,-0.00014836720104183631,-0.00028347165179561784,-0.00087284285493222644,-0.13868164466643673,0.054619757373455258,9.5760860557636533
1786615484.2176266,1786615484.2173586,vesc,0.00017698743776100315,0.00017698743776100315,nan,nan,0.01,1,0,1,0,0,1786615484.2173586,nan,-0.0012260522666965789,-0.001351561535296319,0.00017698743776100315,-0.11980370712692068,0.040184735474763755,9.6002210241231296
1786615484.2380304,1786615484.2376921,vesc,0.0023198556987301055,0.0023198556987301055,nan,nan,0.01,1,0,1,0,0,1786615484.2376921,nan,-0.00018584859264144957,-0.0013573206211536155,0.0023198556987301055,-0.12927075166928592,0.030630750140947072,9.5905029512930469
1786615484.2578237,1786615484.2574298,vesc,0.0012757519500942313,0.0012757519500942313,nan,nan,0.01,1,0,1,0,0,1786615484.2574298,nan,0.00089183595286464255,0.0018412908523293707,0.0012757519500942313,-0.09173959240640972,0.040029345712152775,9.6580347866382681
1786615484.2777321,1786615484.2774239,vesc,0.00021733189007890484,0.00021733189007890484,nan,nan,0.01,1,0,1,0,0,1786615484.2774239,nan,0.0019695210185193849,-0.00028640112899470504,0.00021733189007890484,-0.16697046606682875,0.030773568389367512,9.5373669614999699
1786615484.297626,1786615484.2973361,vesc,0.0023102251464678365,0.0023102251464678365,nan,nan,0.01,1,0,1,0,0,1786615484.2973361,nan,-0.0012510396877134374,-0.00029202601650019658,0.0023102251464678365,-0.11991606503499863,0.016208921023135758,9.6097356138398027
1786615484.3175535,1786615484.3173025,vesc,0.0012603948212653164,0.0012603948212653164,nan,nan,0.01,1,0,1,0,0,1786615484.3173025,nan,-0.00017335514220734541,0.00077606386700050461,0.0012603948212653164,-0.10622108139897701,0.035214017235983164,9.6674324320368896
1786615484.338727,1786615484.3378296,vesc,0.00017022014127276652,0.00017022014127276652,nan,nan,0.01,1,0,1,0,0,1786615484.3378296,nan,-0.0022912438819172173,0.00077899334419959175,0.00017022014127276652,-0.15237662830245835,0.035614661160607852,9.5183904070097469
1786615484.3576829,1786615484.3574154,vesc,0.00018557710755522823,0.00018557710755522823,nan,nan,0.01,1,0,1,0,0,1786615484.3574154,nan,-0.0012260522666965789,0.0018442203295284576,0.00018557710755522823,-0.11028045622169191,0.064121702485739007,9.6051876493107784
1786615484.3777792,1786615484.377454,vesc,0.00019234440404346486,0.00019234440404346486,nan,nan,0.01,1,0,1,0,0,1786615484.377454,nan,-0.00016086117162459086,-0.00028633454996745305,0.00019234440404346486,-0.13389193430494029,0.040249566481083576,9.5761035974113611
1786615484.3981433,1786615484.3978066,vesc,0.00017698743776100315,0.00017698743776100315,nan,nan,0.01,1,0,1,0,0,1786615484.3978066,nan,-0.0012260522666965789,-0.001351561535296319,0.00017698743776100315,-0.11540724030742222,0.016144382377611066,9.6337407740062417
1786615484.4178696,1786615484.4175563,vesc,-0.001950524019472091,-0.001950524019472091,nan,nan,0.01,1,0,1,0,0,1786615484.4175563,nan,-0.0012010648456797202,-0.00028057442381285586,-0.001950524019472091,-0.11591286003004786,0.044768660381588887,9.6769248023331329
1786615484.4384596,1786615484.4380455,vesc,-0.00086997969668606593,-0.00086997969668606593,nan,nan,0.01,1,0,1,0,0,1786615484.4380455,nan,-0.00014836720104183631,0.00078178966334417502,-0.00086997969668606593,-0.15243279812022248,0.030811721473131826,9.5231664129589717
1786615484.4575393,1786615484.4572687,vesc,0.0012450379525107266,0.0012450379525107266,nan,nan,0.01,1,0,1,0,0,1786615484.4572687,nan,-0.0012385462372793334,-0.00028916311832836143,0.0012450379525107266,-0.096922564582453852,0.011199245708404248,9.6914282366578846
1786615484.4776297,1786615484.477257,vesc,-0.0019755114404889497,-0.0019755114404889497,nan,nan,0.01,1,0,1,0,0,1786615484.477257,nan,-0.0033314465156750457,-0.00028050784478560387,-0.0019755114404889497,-0.15716632952767995,0.083515017289418125,9.5184629124869389
1786615484.4975483,1786615484.4972439,vesc,-0.00086607559095328035,-0.00086607559095328035,nan,nan,0.01,1,0,1,0,0,1786615484.4972439,nan,0.00091682389403015165,-0.0024140254909942277,-0.00086607559095328035,-0.11518252449126631,0.035355958402018217,9.6146332418798011
1786615484.5176744,1786615484.5173113,vesc,0.0023005945942055676,0.0023005945942055676,nan,nan,0.01,1,0,1,0,0,1786615484.5173113,nan,-0.0023162318230827263,0.00077326754785592144,0.0023005945942055676,-0.11969134921884272,0.040210499769834485,9.5906421150315282
1786615484.5375333,1786615484.5372529,vesc,0.00016735691800802484,0.00016735691800802484,nan,nan,0.01,1,0,1,0,0,1786615484.5372529,nan,-0.0022912428416199163,-0.00028626693064290023,0.00016735691800802484,-0.10622108139897701,0.035214017235983164,9.6674324320368896
1786615484.5575523,1786615484.5572572,vesc,0.0012603948212653164,0.0012603948212653164,nan,nan,0.01,1,0,1,0,0,1786615484.5572572,nan,-0.00017335514220734541,0.00077606386700050461,0.0012603948212653164,-0.097034922490531805,0.030333601937797994,9.7010597706926092
1786615484.5729971,1786615484.5725231,vesc,0.0012757519500942313,0.0012757519500942313,nan,nan,0.01,1,0,1,0,0,1786615484.5725231,nan,0.00089183595286464255,0.0018412908523293707,0.0012757519500942313,-0.1619560398891764,0.049984998233377098,9.5183167320893745
1786615484.597616,1786615484.5973289,vesc,0.0023034580125260531,0.0023034580125260531,nan,nan,0.01,1,0,1,0,0,1786615484.5973289,nan,-0.0023162318230827263,0.0018385278226984135,0.0023034580125260531,-0.09140251868217586,0.016156478805509522,9.6292314011021745
1786615484.6180243,1786615484.6177368,vesc,0.0012296809537189744,0.0012296809537189744,nan,nan,0.01,1,0,1,0,0,1786615484.6177368,nan,-0.0023037368122026708,-0.0013543901036572276,0.0012296809537189744,-0.1392434342068265,0.068861126790473293,9.6240215317329785
1786615484.6381526,1786615484.6372862,vesc,-0.00089210395945676425,-0.00089210395945676425,nan,nan,0.01,1,0,1,0,0,1786615484.6372862,nan,-0.0022787499113344628,0.001847116517213919,-0.00089210395945676425,-0.11484545076703245,0.040223217464422589,9.585908209036802
1786615484.6576815,1786615484.6573203,vesc,0.00019624847726695978,0.00019624847726695978,nan,nan,0.01,1,0,1,0,0,1786615484.6573203,nan,0.00090432992344739716,-0.0034821497043058562,0.00019624847726695978,-0.14803634957327372,0.02593145235534422,9.5567376183420265
1786615484.6776009,1786615484.677268,vesc,0.0012603948212653164,0.0012603948212653164,nan,nan,0.01,1,0,1,0,0,1786615484.677268,nan,-0.00017335514220734541,0.00077606386700050461,0.0012603948212653164,-0.077426640275959357,0.030436001306291871,9.6629663285305014
1786615484.6979916,1786615484.6972578,vesc,0.00019234440404346486,0.00019234440404346486,nan,nan,0.01,1,0,1,0,0,1786615484.6972578,nan,-0.00016086117162459086,-0.00028633454996745305,0.00019234440404346486,-0.13868164466643673,0.011509586692433516,9.5759702808887823
1786615484.7180524,1786615484.7174509,vesc,-0.00084785543391536762,-0.00084785543391536762,nan,nan,0.01,1,0,1,0,0,1786615484.7174509,nan,0.0019820149891021394,-0.00028353823082286983,-0.00084785543391536762,-0.12448105958033917,0.045000685217623015,9.5905988456338491
1786615484.7376044,1786615484.7371871,vesc,0.00019624847726695978,0.00019624847726695978,nan,nan,0.01,1,0,1,0,0,1786615484.7371871,nan,0.00090432992344739716,-0.0034821497043058562,0.00019624847726695978,-0.11117931948631554,0.020805490534350213,9.6817066554982603
1786615484.758496,1786615484.7575204,vesc,-0.00086997969668606593,-0.00086997969668606593,nan,nan,0.01,1,0,1,0,0,1786615484.7575204,nan,-0.00014836720104183631,0.00078178966334417502,-0.00086997969668606593,-0.11050517203784782,-0.0029901200321802435,9.6241653732441819
1786615484.7776225,1786615484.7772558,vesc,-0.00087388380241885152,-0.00087388380241885152,nan,nan,0.01,1,0,1,0,0,1786615484.7772558,nan,-0.0012135582961138242,0.0039776042975339272,-0.00087388380241885152,-0.10594017749250728,0.059228532947866341,9.6435477245180437
1786615484.7974036,1786615484.7971158,vesc,0.0012546685047729958,0.0012546685047729958,nan,nan,0.01,1,0,1,0,0,1786615484.7971158,nan,-0.00017335514220734541,-0.0013544577229817802,0.0012546685047729958,-0.13856928675835878,0.01632535370979582,9.5664042356721666
1786615484.8175275,1786615484.817235,vesc,0.00017985066102574486,0.00017985066102574486,nan,nan,0.01,1,0,1,0,0,1786615484.817235,nan,-0.0012260522666965789,-0.00028630022015652622,0.00017985066102574486,-0.12977637139191156,0.049674986155242351,9.6336624213131472
1786615484.8375914,1786615484.8372514,vesc,0.0012632581095486394,0.0012632581095486394,nan,nan,0.01,1,0,1,0,0,1786615484.8372514,nan,-0.00017335514220734541,0.0018413241418429966,0.0012632581095486394,-0.11574431403165608,0.030437207294571778,9.6625172623491835
1786615484.8578041,1786615484.857482,vesc,-0.00091032411649467708,-0.00091032411649467708,nan,nan,0.01,1,0,1,0,0,1786615484.857482,nan,-0.0033439404862578002,-0.00028337074295743903,-0.00091032411649467708,-0.14769927584903986,0.059538837386796217,9.5280897687489414
1786615484.8774416,1786615484.8772037,vesc,0.00018661795751398149,0.00018661795751398149,nan,nan,0.01,1,0,1,0,0,1786615484.8772037,nan,-0.00016086117162459086,-0.0024168550996524372,0.00018661795751398149,-0.091795780496723545,0.030436439847484564,9.6627979287125072
1786615484.8975842,1786615484.8972089,vesc,-0.00085748598617763668,-0.00085748598617763668,nan,nan,0.01,1,0,1,0,0,1786615484.8972089,nan,0.00091682389403015165,0.00078175533353324808,-0.00085748598617763668,-0.15299458766061225,0.049843093612441436,9.5711147528032825
1786615484.9175661,1786615484.9171975,vesc,-0.0019255363383809071,-0.0019255363383809071,nan,nan,0.01,1,0,1,0,0,1786615484.9171975,nan,0.00092931734446425576,-0.00028064204313740869,-0.0019255363383809071,-0.11033664431200574,0.035368676096606322,9.6098993358850748
1786615484.937499,1786615484.9372098,vesc,0.00020483814706118484,0.00020483814706118484,nan,nan,0.01,1,0,1,0,0,1786615484.9372098,nan,0.00090432992344739716,-0.00028636783948107899,0.00020483814706118484,-0.12927075166928592,0.035420789408338038,9.5905158151680325
1786615484.9584954,1786615484.9581606,vesc,0.00016735691800802484,0.00016735691800802484,nan,nan,0.01,1,0,1,0,0,1786615484.9581606,nan,-0.0022912428416199163,-0.00028626693064290023,0.00016735691800802484,-0.138400740759967,0.021154021147243185,9.5520481511881599
1786615484.9774585,1786615484.9771118,vesc,0.00017985066102574486,0.00017985066102574486,nan,nan,0.01,1,0,1,0,0,1786615484.9771118,nan,-0.0012260522666965789,-0.00028630022015652622,0.00017985066102574486,-0.068184302413475173,0.035148455327675521,9.6918305251119818
1786615484.9972692,1786615484.9970238,vesc,-0.00090459766996519371,-0.00090459766996519371,nan,nan,0.01,1,0,1,0,0,1786615484.9970238,nan,-0.0033439415265551012,0.0018471508470248458,-0.00090459766996519371,-0.15761576115999176,0.021141741993847774,9.5566124879217114
1786615485.0175257,1786615485.0172303,vesc,0.00019234440404346486,0.00019234440404346486,nan,nan,0.01,1,0,1,0,0,1786615485.0172303,nan,-0.00016086117162459086,-0.00028633454996745305,0.00019234440404346486,-0.1343413659372521,0.0305665404013169,9.6143958449141564
1786615485.0379672,1786615485.037576,vesc,0.0012825190840360147,0.0012825190840360147,nan,nan,0.01,1,0,1,0,0,1786615485.037576,nan,0.0019570270479366309,-0.00028926402716654019,0.0012825190840360147,-0.12481813330457303,0.011393263641071627,9.6192466952269342
1786615485.0584042,1786615485.0570593,vesc,0.0012757519500942313,0.0012757519500942313,nan,nan,0.01,1,0,1,0,0,1786615485.0570593,nan,0.00089183595286464255,0.0018412908523293707,0.0012757519500942313,-0.11974751903660685,0.059357683329114508,9.5954824403556813
1786615485.0772974,1786615485.0770319,vesc,-0.00086321230266995738,-0.00086321230266995738,nan,nan,0.01,1,0,1,0,0,1786615485.0770319,nan,0.00091682389403015165,-0.0013487652161517359,-0.00086321230266995738,-0.16274252697317237,0.011484589844449999,9.5852685236170601
1786615485.0973942,1786615485.0969725,vesc,0.00016058962151978823,0.00016058962151978823,nan,nan,0.01,1,0,1,0,0,1786615485.0969725,nan,-0.0033564354971378557,0.0018442879488530107,0.00016058962151978823,-0.10126284331163848,0.04483254121532454,9.6531453447005333
1786615485.1174912,1786615485.1171887,vesc,0.00018557710755522823,0.00018557710755522823,nan,nan,0.01,1,0,1,0,0,1786615485.1171887,nan,-0.0012260522666965789,0.0018442203295284576,0.00018557710755522823,-0.12994491739030334,0.035266276728112445,9.6479927780471826
1786615485.1372533,1786615485.1369882,vesc,-0.00086893874919944086,-0.00086893874919944086,nan,nan,0.01,1,0,1,0,0,1786615485.1369882,nan,0.00091682389403015165,-0.0034792868061340205,-0.00086893874919944086,-0.13845692885028082,0.035511201984231633,9.5568756126373273
1786615485.1573558,1786615485.1570306,vesc,-0.00090069356423240813,-0.00090069356423240813,nan,nan,0.01,1,0,1,0,0,1786615485.1570306,nan,-0.0022787488710371622,-0.001348664307313557,-0.00090069356423240813,-0.13811985512604696,0.064328547748292664,9.5282148991692566
1786615485.1773973,1786615485.1770639,vesc,0.00017698743776100315,0.00017698743776100315,nan,nan,0.01,1,0,1,0,0,1786615485.1770639,nan,-0.0012260522666965789,-0.001351561535296319,0.00017698743776100315,-0.1343413659372521,0.0066164171545608497,9.6143315255392281
1786615485.1974986,1786615485.1970944,vesc,0.00020197492379644315,0.00020197492379644315,nan,nan,0.01,1,0,1,0,0,1786615485.1970944,nan,0.00090432992344739716,-0.0013516281143235711,0.00020197492379644315,-0.11997223485276276,0.049726149294389899,9.6146157002320933
1786615485.2176945,1786615485.2173634,vesc,0.00018271388429048652,0.00018271388429048652,nan,nan,0.01,1,0,1,0,0,1786615485.2173634,nan,-0.0012260522666965789,0.00077896005468596581,0.00018271388429048652,-0.12042166648507457,0.040043123214623222,9.6529079477348887
1786615485.2375712,1786615485.2371736,vesc,0.00017698743776100315,0.00017698743776100315,nan,nan,0.01,1,0,1,0,0,1786615485.2371736,nan,-0.0012260522666965789,-0.001351561535296319,0.00017698743776100315,-0.15276987184445634,0.035524540945509386,9.5519183429951227
1786615485.2592595,1786615485.2577007,vesc,0.00020197492379644315,0.00020197492379644315,nan,nan,0.01,1,0,1,0,0,1786615485.2577007,nan,0.00090432992344739716,-0.0013516281143235711,0.00020197492379644315,-0.077819892954232195,0.020765839101510863,9.6964685367659058
1786615485.2772961,1786615485.2770102,vesc,-0.0030128481852202027,-0.0030128481852202027,nan,nan,0.01,1,0,1,0,0,1786615485.2770102,nan,-0.0011885708750969657,0.00078754874920147137,-0.0030128481852202027,-0.16178749389078462,0.035653581691459379,9.5039091921054251
1786615485.2926879,1786615485.2922053,vesc,0.00020483814706118484,0.00020483814706118484,nan,nan,0.01,1,0,1,0,0,1786615485.2922053,nan,0.00090432992344739716,-0.00028636783948107899,0.00020483814706118484,-0.1106737180362396,0.016131335777128442,9.6385869465462974
1786615485.3178365,1786615485.3175173,vesc,-0.00085748598617763668,-0.00085748598617763668,nan,nan,0.01,1,0,1,0,0,1786615485.3175173,nan,0.00091682389403015165,0.00078175533353324808,-0.00085748598617763668,-0.11011192849584983,0.054580288666112864,9.5907929732018147
1786615485.3376088,1786615485.3370299,vesc,0.00018271388429048652,0.00018271388429048652,nan,nan,0.01,1,0,1,0,0,1786615485.3370299,nan,-0.0012260522666965789,0.00077896005468596581,0.00018271388429048652,-0.13417281993886032,0.044975213283347415,9.6000654881801211
1786615485.357446,1786615485.3570886,vesc,0.0012257768479861889,0.0012257768479861889,nan,nan,0.01,1,0,1,0,0,1786615485.3570886,nan,-0.0033689294677206097,0.0018414250506811755,0.0012257768479861889,-0.11033664431200574,0.04973875735367983,9.6099379275100318
1786615485.3779995,1786615485.3773637,vesc,0.00017698743776100315,0.00017698743776100315,nan,nan,0.01,1,0,1,0,0,1786615485.3773637,nan,-0.0012260522666965789,-0.001351561535296319,0.00017698743776100315,-0.16657720425228106,0.04044376713924791,9.503865922707746
1786615485.3982224,1786615485.3979778,vesc,0.00018271388429048652,0.00018271388429048652,nan,nan,0.01,1,0,1,0,0,1786615485.3979778,nan,-0.0012260522666965789,0.00077896005468596581,0.00018271388429048652,-0.12521137684657102,0.040043269395020786,9.652851814462224
1786615485.4173589,1786615485.416949,vesc,0.00016735691800802484,0.00016735691800802484,nan,nan,0.01,1,0,1,0,0,1786615485.416949,nan,-0.0022912428416199163,-0.00028626693064290023,0.00016735691800802484,-0.12476194521425921,0.020986169505739838,9.6144823837095146
1786615485.43715,1786615485.4368939,vesc,0.00018271388429048652,0.00018271388429048652,nan,nan,0.01,1,0,1,0,0,1786615485.4368939,nan,-0.0012260522666965789,0.00077896005468596581,0.00018271388429048652,-0.14814870748135167,0.030695727327664457,9.5663305607517941
1786615485.4573281,1786615485.4569881,vesc,-0.0019226731801347467,-0.0019226731801347467,nan,nan,0.01,1,0,1,0,0,1786615485.4569881,nan,0.00092931734446425576,0.00078461823170508345,-0.0019226731801347467,-0.12955165557575565,0.0018262317067723188,9.6143747949369072
1786615485.4771397,1786615485.476903,vesc,-0.0019601543116600346,-0.0019601543116600346,nan,nan,0.01,1,0,1,0,0,1786615485.476903,nan,-0.0022662559407517079,0.00078471914054326216,-0.0019601543116600346,-0.10075722358901285,0.064108509704858818,9.6100899551234988
1786615485.497308,1786615485.4970059,vesc,-0.00091032411649467708,-0.00091032411649467708,nan,nan,0.01,1,0,1,0,0,1786615485.4970059,nan,-0.0033439404862578002,-0.00028337074295743903,-0.00091032411649467708,-0.13868164466643673,0.021089628682116057,9.5759960086387537
1786615485.5174966,1786615485.5169158,vesc,0.0012268176654356515,0.0012268176654356515,nan,nan,0.01,1,0,1,0,0,1786615485.5169158,nan,-0.0023037368122026708,-0.0024196514187970202,0.0012268176654356515,-0.12064638230123048,0.035201628447289579,9.6720540714862864
1786615485.537282,1786615485.5368614,vesc,0.00019234440404346486,0.00019234440404346486,nan,nan,0.01,1,0,1,0,0,1786615485.5368614,nan,-0.00016086117162459086,-0.00028633454996745305,0.00019234440404346486,-0.13000108720806747,0.035253412853126775,9.6527828173145735
1786615485.5587232,1786615485.5581865,vesc,0.00019520762730820652,0.00019520762730820652,nan,nan,0.01,1,0,1,0,0,1786615485.5581865,nan,-0.00016086117162459086,0.00077892676517233987,0.00019520762730820652,-0.092076666130643581,0.039952089372039978,9.6867726833562529
1786615485.5775828,1786615485.5772758,vesc,0.0012450379525107266,0.0012450379525107266,nan,nan,0.01,1,0,1,0,0,1786615485.5772758,nan,-0.0012385462372793334,-0.00028916311832836143,0.0012450379525107266,-0.1334986724903926,0.049919728685864584,9.5426013891759567
1786615485.5971084,1786615485.5967691,vesc,0.0023198556987301055,0.0023198556987301055,nan,nan,0.01,1,0,1,0,0,1786615485.5967691,nan,-0.00018584859264144957,-0.0013573206211536155,0.0023198556987301055,-0.086668978138443542,0.020933471472417864,9.6340904375172158
1786615485.617388,1786615485.617065,vesc,-0.001940893467209822,-0.001940893467209822,nan,nan,0.01,1,0,1,0,0,1786615485.617065,nan,-0.00013587375060773214,-0.0013458690284662747,-0.001940893467209822,-0.13428517784693828,0.025789401554010993,9.6095929417717798
1786615485.6370718,1786615485.6368423,vesc,0.00022019511334364655,0.00022019511334364655,nan,nan,0.01,1,0,1,0,0,1786615485.6368423,nan,0.0019695210185193849,0.00077885914584778699,0.00022019511334364655,-0.14431404847479268,0.025686673279622596,9.647798650479217
1786615485.6571174,1786615485.6568649,vesc,0.00018557710755522823,0.00018557710755522823,nan,nan,0.01,1,0,1,0,0,1786615485.6568649,nan,-0.0012260522666965789,0.0018442203295284576,0.00018557710755522823,-0.15243279812022248,0.02602171875084025,9.523153549083986
1786615485.6773627,1786615485.6769562,vesc,-0.00087570614321554941,-0.00087570614321554941,nan,nan,0.01,1,0,1,0,0,1786615485.6769562,nan,-0.00014836720104183631,-0.0013487319266381099,-0.00087570614321554941,-0.092301381946799488,0.015950510625341252,9.7058673516077079
1786615485.6971862,1786615485.6968584,vesc,0.00017985066102574486,0.00017985066102574486,nan,nan,0.01,1,0,1,0,0,1786615485.6968584,nan,-0.0012260522666965789,-0.00028630022015652622,0.00017985066102574486,-0.13817602494381109,0.040365597171650336,9.5329406190617192
1786615485.7173991,1786615485.7168367,vesc,-0.00086711640840274296,-0.00086711640840274296,nan,nan,0.01,1,0,1,0,0,1786615485.7168367,nan,-0.00014836720104183631,0.0018470499381866669,-0.00086711640840274296,-0.13462226984372183,0.064032313172628363,9.6384349189328304
1786615485.7370913,1786615485.7368069,vesc,0.0012700253735275855,0.0012700253735275855,nan,nan,0.01,1,0,1,0,0,1786615485.7368069,nan,0.00089183595286464255,-0.0002892307376529142,0.0012700253735275855,-0.10560310376827342,0.025775587506441155,9.6147197806751592
1786615485.757261,1786615485.7568295,vesc,0.00018271388429048652,0.00018271388429048652,nan,nan,0.01,1,0,1,0,0,1786615485.7568295,nan,-0.0012260522666965789,0.00077896005468596581,0.00018271388429048652,-0.14814870748135167,0.0067456040809084072,9.5662662413768658
1786615485.7731917,1786615485.7728329,vesc,-0.00086425325015658267,-0.00086425325015658267,nan,nan,0.01,1,0,1,0,0,1786615485.7728329,nan,-0.00014836720104183631,0.002912310213029159,-0.00086425325015658267,-0.13439753575501623,0.059293802495378856,9.6192630674314614
1786615485.7969539,1786615485.796706,vesc,0.00017698743776100315,0.00017698743776100315,nan,nan,0.01,1,0,1,0,0,1786615485.796706,nan,-0.0012260522666965789,-0.001351561535296319,0.00017698743776100315,-0.16713901206522053,0.025944937497019538,9.5517242154271571
1786615485.8170581,1786615485.8167775,vesc,-0.00087284285493222644,-0.00087284285493222644,nan,nan,0.01,1,0,1,0,0,1786615485.8167775,nan,-0.00014836720104183631,-0.00028347165179561784,-0.00087284285493222644,-0.13456608175340801,0.02093500636659229,9.6335291047905685
1786615485.8369749,1786615485.8367107,vesc,0.00017985066102574486,0.00017985066102574486,nan,nan,0.01,1,0,1,0,0,1786615485.8367107,nan,-0.0012260522666965789,-0.00028630022015652622,0.00017985066102574486,-0.12515520702880689,0.020896049290641372,9.6480103196948903
1786615485.8574719,1786615485.8570325,vesc,0.00020483814706118484,0.00020483814706118484,nan,nan,0.01,1,0,1,0,0,1786615485.8570325,nan,0.00090432992344739716,-0.00028636783948107899,0.00020483814706118484,-0.12420015567386944,0.059435085849624869,9.5666884103650318
1786615485.8770783,1786615485.8767076,vesc,-0.001940893467209822,-0.001940893467209822,nan,nan,0.01,1,0,1,0,0,1786615485.8767076,nan,-0.00013587375060773214,-0.0013458690284662747,-0.001940893467209822,-0.11050517203784782,0.0017999192352107229,9.6241782371191675
1786615485.8969738,1786615485.8965781,vesc,-0.00087284285493222644,-0.00087284285493222644,nan,nan,0.01,1,0,1,0,0,1786615485.8965781,nan,-0.00014836720104183631,-0.00028347165179561784,-0.00087284285493222644,-0.11490163885734628,0.054580434846510428,9.5907368399291499
1786615485.9174659,1786615485.9169607,vesc,-0.00088533669547781837,-0.00088533669547781837,nan,nan,0.01,1,0,1,0,0,1786615485.9169607,nan,-0.0012135582961138242,-0.00028343732198469102,-0.00088533669547781837,-0.12493049121265098,0.044897664582439489,9.6289156514434353
1786615485.9369802,1786615485.9366713,vesc,-0.0019658808882266807,-0.0019658808882266807,nan,nan,0.01,1,0,1,0,0,1786615485.9366713,nan,-0.0022662549004544073,-0.001345801409141722,-0.0019658808882266807,-0.13890636048259264,0.049778262606121615,9.595232179515051
1786615485.9569442,1786615485.9566636,vesc,0.00019807085057294823,0.00019807085057294823,nan,nan,0.01,1,0,1,0,0,1786615485.9566636,nan,-0.00016086117162459086,0.0018441870400148319,0.00019807085057294823,-0.15716632952767995,0.03082476807361445,9.5183214098620965
1786615485.9770052,1786615485.9767001,vesc,0.00021160544354942147,0.00021160544354942147,nan,nan,0.01,1,0,1,0,0,1786615485.9767001,nan,0.0019695210185193849,-0.0024169227189769897,0.00021160544354942147,-0.10154372894555852,0.030398140583322686,9.6770546105261701
1786615485.9971185,1786615485.9967952,vesc,-0.0019159057861186379,-0.0019159057861186379,nan,nan,0.01,1,0,1,0,0,1786615485.9967952,nan,0.0019945084395362441,-0.0013459356074935265,-0.0019159057861186379,-0.15800902297453945,0.078531873716844558,9.5902947904069151
1786615486.0176985,1786615486.0171626,vesc,-0.00085175953964815321,-0.00085175953964815321,nan,nan,0.01,1,0,1,0,0,1786615486.0171626,nan,0.00091682389403015165,0.0029122769235155332,-0.00085175953964815321,-0.11016809831361396,0.030617264999271754,9.5955175236510968
1786615486.0369086,1786615486.0366635,vesc,0.00018271388429048652,0.00018271388429048652,nan,nan,0.01,1,0,1,0,0,1786615486.0366635,nan,-0.0012260522666965789,0.00077896005468596581,0.00018271388429048652,-0.13941198020521828,0.025712291394295761,9.6382747052170998
1786615486.0569348,1786615486.056674,vesc,0.0012421747942645664,0.0012421747942645664,nan,nan,0.01,1,0,1,0,0,1786615486.056674,nan,-0.0012385462372793334,-0.0013544244334681541,0.0012421747942645664,-0.11574431403165608,0.049597291273936861,9.6625687178491262
1786615486.0769944,1786615486.076684,vesc,-0.0019783745987351099,-0.0019783745987351099,nan,nan,0.01,1,0,1,0,0,1786615486.076684,nan,-0.0033314465156750457,-0.0013457681196280958,-0.0019783745987351099,-0.16607160280220512,0.04534961782660929,9.460770772062574
1786615486.0970309,1786615486.096755,vesc,0.00022305833660838821,0.00022305833660838821,nan,nan,0.01,1,0,1,0,0,1786615486.096755,nan,0.0019695210185193849,0.0018441194206902792,0.00022305833660838821,-0.077482819229998334,0.035213140153597777,9.667769231672878
1786615486.1233149,1786615486.1174741,vesc,-0.00084212898738588436,-0.00084212898738588436,nan,nan,0.01,1,0,1,0,0,1786615486.1174741,nan,0.0019820149891021394,0.0018469823188621143,-0.00084212898738588436,-0.1343413659372521,0.016196459144243391,9.6143572532891994
1786615486.1373546,1786615486.1366034,vesc,0.002313088564788322,0.002313088564788322,nan,nan,0.01,1,0,1,0,0,1786615486.1366034,nan,-0.0012510396877134374,0.00077323425834229539,0.002313088564788322,-0.12938310957736388,0.049765106370340817,9.6001344853277715
1786615486.1577225,1786615486.1565831,vesc,0.00017985066102574486,0.00017985066102574486,nan,nan,0.01,1,0,1,0,0,1786615486.1565831,nan,-0.0012260522666965789,-0.00028630022015652622,0.00017985066102574486,-0.10588400767474315,0.054451357555461044,9.6387459908188475
1786615486.1769493,1786615486.1766715,vesc,-0.00086034914442379708,-0.00086034914442379708,nan,nan,0.01,1,0,1,0,0,1786615486.1766715,nan,0.00091682389403015165,-0.00028350494130924384,-0.00086034914442379708,-0.15254515602830043,0.01641594901118637,9.5327078998687966
1786615486.1970193,1786615486.1966622,vesc,-0.00087674696066501203,-0.00087674696066501203,nan,nan,0.01,1,0,1,0,0,1786615486.1966622,nan,-0.0012135582961138242,0.0029123435025427851,-0.00087674696066501203,-0.096473132950142038,0.0400423923126354,9.6531886140982124
1786615486.2168438,1786615486.2165594,vesc,-0.00088819985372397866,-0.00088819985372397866,nan,nan,0.01,1,0,1,0,0,1786615486.2165594,nan,-0.0012135582961138242,-0.001348698637124484,-0.00088819985372397866,-0.15338785861143478,0.035382928685368853,9.6046040971637012
1786615486.2371612,1786615486.2368097,vesc,0.00016449369474328318,0.00016449369474328318,nan,nan,0.01,1,0,1,0,0,1786615486.2368097,nan,-0.0022912428416199163,-0.0013515272054853921,0.00016449369474328318,-0.13901871839067059,0.054542537578441852,9.6048251219248186
1786615486.2568071,1786615486.2565653,vesc,0.0012479011107568872,0.0012479011107568872,nan,nan,0.01,1,0,1,0,0,1786615486.2565653,nan,-0.0012385462372793334,0.00077609715651413066,0.0012479011107568872,-0.13016963320645925,0.025634742693387835,9.6671260379235946
1786615486.276931,1786615486.276644,vesc,0.00020770137032592652,0.00020770137032592652,nan,nan,0.01,1,0,1,0,0,1786615486.276644,nan,0.00090432992344739716,0.00077889243536141293,0.00020770137032592652,-0.14341516693761935,0.045052761984255341,9.5712153249168068
1786615486.297049,1786615486.2965882,vesc,-0.0019380303089636616,-0.0019380303089636616,nan,nan,0.01,1,0,1,0,0,1786615486.2965882,nan,-0.00013587375060773214,-0.00028060875362378264,-0.0019380303089636616,-0.12459341748841712,0.021024797675796236,9.6001134353505222
1786615486.3173881,1786615486.316685,vesc,0.002341979961500804,0.002341979961500804,nan,nan,0.01,1,0,1,0,0,1786615486.316685,nan,0.0019445335975025262,-0.0024226485153206602,0.002341979961500804,-0.13913107629874855,0.040146728571397006,9.614365439391463
1786615486.3368738,1786615486.336539,vesc,0.0023380759858051808,0.0023380759858051808,nan,nan,0.01,1,0,1,0,0,1786615486.336539,nan,0.00087934250243053844,0.00077316663901774252,0.0023380759858051808,-0.12532373475464897,0.040017541645049448,9.6624307235538254
1786615486.3571446,1786615486.3566844,vesc,0.00018948118077872315,0.00018948118077872315,nan,nan,0.01,1,0,1,0,0,1786615486.3566844,nan,-0.00016086117162459086,-0.001351594824809945,0.00018948118077872315,-0.096810206674375898,0.016015012725766553,9.6818621914412688
1786615486.3769362,1786615486.3764596,vesc,0.0012728886618109084,0.0012728886618109084,nan,nan,0.01,1,0,1,0,0,1786615486.3764596,nan,0.00089183595286464255,0.00077602953718957789,0.0012728886618109084,-0.15237662830245835,0.059564747862264511,9.5184547263846753
1786615486.3968496,1786615486.3966205,vesc,0.00019234440404346486,0.00019234440404346486,nan,nan,0.01,1,0,1,0,0,1786615486.3966205,nan,-0.00016086117162459086,-0.00028633454996745305,0.00019234440404346486,-0.10120665522132466,0.016105279121262583,9.6482781221832283
1786615486.4170251,1786615486.4165909,vesc,-0.00086997969668606593,-0.00086997969668606593,nan,nan,0.01,1,0,1,0,0,1786615486.4165909,nan,-0.00014836720104183631,0.00078178966334417502,-0.00086997969668606593,-0.15333165224857126,0.049765837272328639,9.5998538189644478
1786615486.4370341,1786615486.4366603,vesc,0.0012882456606026608,0.0012882456606026608,nan,nan,0.01,1,0,1,0,0,1786615486.4366603,nan,0.0019570270479366309,0.0018412565225184438,0.0012882456606026608,-0.11022428640392778,0.040184443113968626,9.6003332906684591
1786615486.456708,1786615486.4564762,vesc,0.00019520762730820652,0.00019520762730820652,nan,nan,0.01,1,0,1,0,0,1786615486.4564762,nan,-0.00016086117162459086,0.00077892676517233987,0.00019520762730820652,-0.15744721516159998,0.011600291629122239,9.5422178118127476
1786615486.4773757,1786615486.476965,vesc,0.0012479011107568872,0.0012479011107568872,nan,nan,0.01,1,0,1,0,0,1786615486.476965,nan,-0.0012385462372793334,0.00077609715651413066,0.0012479011107568872,-0.092020496312879452,0.044754992514416614,9.6819955079638476
1786615486.4970102,1786615486.4964235,vesc,-0.0008824734071944954,-0.0008824734071944954,nan,nan,0.01,1,0,1,0,0,1786615486.4964235,nan,-0.0012135582961138242,0.00078182295285780096,-0.0008824734071944954,-0.15744721516159998,0.035550414875878289,9.542282131187676
1786615486.5173047,1786615486.516767,vesc,-0.00086997969668606593,-0.00086997969668606593,nan,nan,0.01,1,0,1,0,0,1786615486.516767,nan,-0.00014836720104183631,0.00078178966334417502,-0.00086997969668606593,-0.12509901893849307,0.01132890772104389,9.643194552677528
1786615486.5372672,1786615486.5366471,vesc,0.00018271388429048652,0.00018271388429048652,nan,nan,0.01,1,0,1,0,0,1786615486.5366471,nan,-0.0012260522666965789,0.00077896005468596581,0.00018271388429048652,-0.12487430312233716,0.04491056500252455,9.6241256121760443
1786615486.5573637,1786615486.5569501,vesc,0.00018948118077872315,0.00018948118077872315,nan,nan,0.01,1,0,1,0,0,1786615486.5569501,nan,-0.00016086117162459086,-0.001351594824809945,0.00018948118077872315,-0.14375224066185321,0.016235379675094919,9.5998760383848776
1786615486.5721149,1786615486.5717266,vesc,-0.00089496711770292476,-0.00089496711770292476,nan,nan,0.01,1,0,1,0,0,1786615486.5717266,nan,-0.0022787499113344628,0.00078185624237142701,-0.00089496711770292476,-0.11551959821550017,0.064018864576052437,9.6434483218476998
1786615486.5970969,1786615486.596504,vesc,-0.00086997969668606593,-0.00086997969668606593,nan,nan,0.01,1,0,1,0,0,1786615486.596504,nan,-0.00014836720104183631,0.00078178966334417502,-0.00086997969668606593,-0.15276987184445634,0.040314543667800962,9.5519312068701083
1786615486.6167209,1786615486.6164739,vesc,0.00017985066102574486,0.00017985066102574486,nan,nan,0.01,1,0,1,0,0,1786615486.6164739,nan,-0.0012260522666965789,-0.00028630022015652622,0.00017985066102574486,-0.10143137103748057,0.035213871055585599,9.6674885653095544
1786615486.6368523,1786615486.6365454,vesc,0.00018557710755522823,0.00018557710755522823,nan,nan,0.01,1,0,1,0,0,1786615486.6365454,nan,-0.0012260522666965789,0.0018442203295284576,0.00018557710755522823,-0.11518252449126631,0.020985877144944709,9.6145946502548441
1786615486.6567352,1786615486.6564503,vesc,0.00019234440404346486,0.00019234440404346486,nan,nan,0.01,1,0,1,0,0,1786615486.6564503,nan,-0.00016086117162459086,-0.00028633454996745305,0.00019234440404346486,-0.15755959134222763,0.049894731837881068,9.5519008013474149
1786615486.6767304,1786615486.6764312,vesc,0.00019520762730820652,0.00019520762730820652,nan,nan,0.01,1,0,1,0,0,1786615486.6764312,nan,-0.00016086117162459086,0.00077892676517233987,0.00019520762730820652,-0.11112314966855141,0.0016583069750701895,9.6768651607309266
1786615486.6966412,1786615486.6963782,vesc,0.00017126099123151978,0.00017126099123151978,nan,nan,0.01,1,0,1,0,0,1786615486.6963782,nan,-0.0012260522666965789,-0.0034820820849813029,0.00017126099123151978,-0.12414398585610531,0.073818030981684046,9.5619369627225979
1786615486.7169664,1786615486.7165651,vesc,-0.00087284285493222644,-0.00087284285493222644,nan,nan,0.01,1,0,1,0,0,1786615486.7165651,nan,-0.00014836720104183631,-0.00028347165179561784,-0.00087284285493222644,-0.12521137684657102,-0.0030669012860009559,9.6527360395873529
1786615486.735847,1786615486.7325239,vesc,-0.0019601543116600346,-0.0019601543116600346,nan,nan,0.01,1,0,1,0,0,1786615486.7325239,nan,-0.0022662559407517079,0.00078471914054326216,-0.0019601543116600346,-0.14392078666024499,0.035356835484403604,9.6142964422438126
1786615486.7567325,1786615486.7564914,vesc,0.00019520762730820652,0.00019520762730820652,nan,nan,0.01,1,0,1,0,0,1786615486.7564914,nan,-0.00016086117162459086,0.00077892676517233987,0.00019520762730820652,-0.12549228075304075,0.03997891347499305,9.6767996719128178
1786615486.7769015,1786615486.7765646,vesc,-0.0030282050539747929,-0.0030282050539747929,nan,nan,0.01,1,0,1,0,0,1786615486.7765646,nan,-0.0022537619701689538,-0.00027767823612739466,-0.0030282050539747929,-0.077876071908271172,0.015962899414034837,9.7012457121583111
1786615486.7966506,1786615486.7963927,vesc,0.00019911170053170147,0.00019911170053170147,nan,nan,0.01,1,0,1,0,0,1786615486.7963927,nan,0.00090432992344739716,-0.0024168883891660629,0.00019911170053170147,-0.16178749389078462,0.054813665670824463,9.5039606476053677
1786615486.8169067,1786615486.8165419,vesc,-0.00085462269789431371,-0.00085462269789431371,nan,nan,0.01,1,0,1,0,0,1786615486.8165419,nan,0.00091682389403015165,0.001847016648673041,-0.00085462269789431371,-0.11540724030742222,0.030514427089585183,9.6337793656311987
1786615486.8368492,1786615486.8363547,vesc,0.00019520762730820652,0.00019520762730820652,nan,nan,0.01,1,0,1,0,0,1786615486.8363547,nan,-0.00016086117162459086,0.00077892676517233987,0.00019520762730820652,-0.1392434342068265,0.044911003543717243,9.6239572123580501
1786615486.8567719,1786615486.8564038,vesc,0.0012479011107568872,0.0012479011107568872,nan,nan,0.01,1,0,1,0,0,1786615486.8564038,nan,-0.0012385462372793334,0.00077609715651413066,0.0012479011107568872,-0.11529488239934427,0.030540191384655913,9.6241992870964168
1786615486.8766198,1786615486.8763857,vesc,0.0012575316630191562,0.0012575316630191562,nan,nan,0.01,1,0,1,0,0,1786615486.8763857,nan,-0.00017335514220734541,-0.0002891974481392882,0.0012575316630191562,-0.17649371697205751,0.025996721902856734,9.5324529612554443
1786615486.8989627,1786615486.8981516,vesc,0.0012700253735275855,0.0012700253735275855,nan,nan,0.01,1,0,1,0,0,1786615486.8981516,nan,0.00089183595286464255,-0.0002892307376529142,0.0012700253735275855,-0.087174597861069181,0.068717833455760768,9.6773270907872302
1786615486.9166653,1786615486.9163904,vesc,0.00016163047147854149,0.00016163047147854149,nan,nan,0.01,1,0,1,0,0,1786615486.9163904,nan,-0.0022912428416199163,-0.0024167885206251853,0.00016163047147854149,-0.1578966467939118,0.016287346806429071,9.5805486509405
1786615486.9368553,1786615486.9364016,vesc,0.00019520762730820652,0.00019520762730820652,nan,nan,0.01,1,0,1,0,0,1786615486.9364016,nan,-0.00016086117162459086,0.00077892676517233987,0.00019520762730820652,-0.14358371293601113,0.021064047112542283,9.5855199539008709
1786615486.9520054,1786615486.9516799,vesc,-0.00084785543391536762,-0.00084785543391536762,nan,nan,0.01,1,0,1,0,0,1786615486.9516799,nan,0.0019820149891021394,-0.00028353823082286983,-0.00084785543391536762,-0.11568814421389195,0.011289987190192363,9.6576757675818499
1786615486.9765942,1786615486.9763415,vesc,0.00021446866681416318,0.00021446866681416318,nan,nan,0.01,1,0,1,0,0,1786615486.9763415,nan,0.0019695210185193849,-0.0013516614038371971,0.00021446866681416318,-0.13918724611651268,0.025763783439337828,9.619116887033897
1786615486.9965613,1786615486.9962833,vesc,0.00019234440404346486,0.00019234440404346486,nan,nan,0.01,1,0,1,0,0,1786615486.9962833,nan,-0.00016086117162459086,-0.00028633454996745305,0.00019234440404346486,-0.11056136012816165,0.054477268030929338,9.6291097790114009
1786615487.0164657,1786615487.016221,vesc,-0.001950524019472091,-0.001950524019472091,nan,nan,0.01,1,0,1,0,0,1786615487.016221,nan,-0.0012010648456797202,-0.00028057442381285586,-0.001950524019472091,-0.12442487149002535,0.030643467835535176,9.5857702147415011
1786615487.0365891,1786615487.036278,vesc,-0.0019562503359644118,-0.0019562503359644118,nan,nan,0.01,1,0,1,0,0,1786615487.036278,nan,-0.0012010648456797202,-0.0024110960137951405,-0.0019562503359644118,-0.16279873333603589,0.059371935917877039,9.5901872016343077
1786615487.0523176,1786615487.0519545,vesc,0.0012632581095486394,0.0012632581095486394,nan,nan,0.01,1,0,1,0,0,1786615487.0519545,nan,-0.00017335514220734541,0.0018413241418429966,0.0012632581095486394,-0.11574431403165608,0.044807288551645286,9.6625558539741405
1786615487.0732317,1786615487.0726411,vesc,0.00019234440404346486,0.00019234440404346486,nan,nan,0.01,1,0,1,0,0,1786615487.0726411,nan,-0.00016086117162459086,-0.00028633454996745305,0.00019234440404346486,-0.1572787057083076,0.059539129747591346,9.5279775022036119
1786615487.0965526,1786615487.0962629,vesc,0.0012546685047729958,0.0012546685047729958,nan,nan,0.01,1,0,1,0,0,1786615487.0962629,nan,-0.00017335514220734541,-0.0013544577229817802,0.0012546685047729958,-0.11140403530247145,-0.0031961247574479046,9.7008013237497153
1786615487.1178491,1786615487.1165273,vesc,0.00020770137032592652,0.00020770137032592652,nan,nan,0.01,1,0,1,0,0,1786615487.1165273,nan,0.00090432992344739716,0.00077889243536141293,0.00020770137032592652,-0.13406048030333206,0.068951100825174194,9.5905497290202675
1786615487.136831,1786615487.1362753,vesc,0.00017698743776100315,0.00017698743776100315,nan,nan,0.01,1,0,1,0,0,1786615487.1362753,nan,-0.0012260522666965789,-0.001351561535296319,0.00017698743776100315,-0.13445372384533005,0.059280938620393187,9.6240519372556719
1786615487.1568208,1786615487.1561382,vesc,-0.00087284285493222644,-0.00087284285493222644,nan,nan,0.01,1,0,1,0,0,1786615487.1561382,nan,-0.00014836720104183631,-0.00028347165179561784,-0.00087284285493222644,-0.16251781115701647,0.021116123879174609,9.5661364331838286
1786615487.1765006,1786615487.1762207,vesc,0.0023102251464678365,0.0023102251464678365,nan,nan,0.01,1,0,1,0,0,1786615487.1762207,nan,-0.0012510396877134374,-0.00029202601650019658,0.0023102251464678365,-0.16713901206522053,0.021154898229628571,9.5517101821089909
1786615487.1973517,1786615487.1962829,vesc,-0.00086997969668606593,-0.00086997969668606593,nan,nan,0.01,1,0,1,0,0,1786615487.1962829,nan,-0.00014836720104183631,0.00078178966334417502,-0.00086997969668606593,-0.077932250862310148,0.025530114073831101,9.7060614791756734
1786615487.2166839,1786615487.2161763,vesc,0.0012229136897400283,0.0012229136897400283,nan,nan,0.01,1,0,1,0,0,1786615487.2161763,nan,-0.0033689294677206097,0.00077616373554138254,0.0012229136897400283,-0.15232044021214453,0.035627525035593521,9.513600367742356
1786615487.2369647,1786615487.2362752,vesc,-0.0019323037323970157,-0.0019323037323970157,nan,nan,0.01,1,0,1,0,0,1786615487.2362752,nan,-0.00013587375060773214,0.001849912836358502,-0.0019323037323970157,-0.12504284912072894,0.030501855575394643,9.6384571383532602
1786615487.2565374,1786615487.2561672,vesc,0.00018948118077872315,0.00018948118077872315,nan,nan,0.01,1,0,1,0,0,1786615487.2561672,nan,-0.00016086117162459086,-0.001351594824809945,0.00018948118077872315,-0.14837342329750758,0.021064193292939848,9.5854638206282061
1786615487.276401,1786615487.2761683,vesc,0.00018271388429048652,0.00018271388429048652,nan,nan,0.01,1,0,1,0,0,1786615487.2761683,nan,-0.0012260522666965789,0.00077896005468596581,0.00018271388429048652,-0.10115048540356053,0.044858305510395269,9.6435652661657514
1786615487.2963672,1786615487.2961335,vesc,0.0012632581095486394,0.0012632581095486394,nan,nan,0.01,1,0,1,0,0,1786615487.2961335,nan,-0.00017335514220734541,0.0018413241418429966,0.0012632581095486394,-0.1578966467939118,0.045027472775476696,9.580625834190414
1786615487.3163624,1786615487.3161199,vesc,0.00018557710755522823,0.00018557710755522823,nan,nan,0.01,1,0,1,0,0,1786615487.3161199,nan,-0.0012260522666965789,0.0018442203295284576,0.00018557710755522823,-0.11101079176047346,0.035214163416380728,9.6673762987642249
1786615487.3363481,1786615487.3361306,vesc,-0.00086711640840274296,-0.00086711640840274296,nan,nan,0.01,1,0,1,0,0,1786615487.3361306,nan,-0.00014836720104183631,0.0018470499381866669,-0.00086711640840274296,-0.12994491739030334,0.030476237460721478,9.6479799141721969
1786615487.3563678,1786615487.3561134,vesc,0.00018948118077872315,0.00018948118077872315,nan,nan,0.01,1,0,1,0,0,1786615487.3561134,nan,-0.00016086117162459086,-0.001351594824809945,0.00018948118077872315,-0.12882132003697411,0.054683857477787257,9.552250464858389
1786615487.3764548,1786615487.3761759,vesc,0.00018557710755522823,0.00018557710755522823,nan,nan,0.01,1,0,1,0,0,1786615487.3761759,nan,-0.0012260522666965789,0.0018442203295284576,0.00018557710755522823,-0.12442487149002535,0.035433507102926143,9.5857830786164868
1786615487.3981071,1786615487.3978121,vesc,0.00025090902965392456,0.00025090902965392456,nan,nan,0.01,1,0,1,0,0,1786615487.3978121,nan,0.004099903468737686,0.0029093131165055194,0.00025090902965392456,-0.14854195102334966,0.001865481143518366,9.5997813134872558
1786615487.4164426,1786615487.4161906,vesc,-0.00087570614321554941,-0.00087570614321554941,nan,nan,0.01,1,0,1,0,0,1786615487.4161906,nan,-0.00014836720104183631,-0.0013487319266381099,-0.00087570614321554941,-0.13467843966148596,0.049649404585668577,9.6431851971320839
1786615487.4401598,1786615487.4398015,vesc,0.00019234440404346486,0.00019234440404346486,nan,nan,0.01,1,0,1,0,0,1786615487.4398015,nan,-0.00016086117162459086,-0.00028633454996745305,0.00019234440404346486,-0.12042166648507457,0.025673078502649105,9.6528693561099317
1786615487.4571812,1786615487.4562199,vesc,0.001291108818848821,0.001291108818848821,nan,nan,0.01,1,0,1,0,0,1786615487.4562199,nan,0.0019570270479366309,0.0029065178376582366,0.001291108818848821,-0.15755959134222763,0.035524687125906951,9.5518622097224579
1786615487.4762995,1786615487.4760616,vesc,0.00019807085057294823,0.00019807085057294823,nan,nan,0.01,1,0,1,0,0,1786615487.4760616,nan,-0.00016086117162459086,0.0018441870400148319,0.00019807085057294823,-0.1213205480222479,0.025467110322480835,9.7295041371722846
1786615487.4965708,1786615487.4961913,vesc,0.0012421747942645664,0.0012421747942645664,nan,nan,0.01,1,0,1,0,0,1786615487.4961913,nan,-0.0012385462372793334,-0.0013544244334681541,0.0012421747942645664,-0.15716632952767995,0.0547748913203705,9.5183857292370249
1786615487.5164242,1786615487.5161974,vesc,0.0012325442420022975,0.0012325442420022975,nan,nan,0.01,1,0,1,0,0,1786615487.5161974,nan,-0.0023037368122026708,-0.00028912982881473543,0.0012325442420022975,-0.11546342839773605,0.025711560492307939,9.638556541023604
1786615487.5365846,1786615487.5361621,vesc,-0.00088533669547781837,-0.00088533669547781837,nan,nan,0.01,1,0,1,0,0,1786615487.5361621,nan,-0.0012135582961138242,-0.00028343732198469102,-0.00088533669547781837,-0.14397695647800912,0.044924013599100476,9.6191122092611749
1786615487.560329,1786615487.5561824,vesc,0.00020093407383768989,0.00020093407383768989,nan,nan,0.01,1,0,1,0,0,1786615487.5561824,nan,-0.00016086117162459086,0.0029094473148573237,0.00020093407383768989,-0.14392078666024499,0.044936877474086145,9.614322169993784
1786615487.5767848,1786615487.5764132,vesc,-0.00090069356423240813,-0.00090069356423240813,nan,nan,0.01,1,0,1,0,0,1786615487.5764132,nan,-0.0022787488710371622,-0.001348664307313557,-0.00090069356423240813,-0.11123550757662937,0.039952710638729627,9.6865481502655939
1786615487.5995359,1786615487.5992668,vesc,0.0012421747942645664,0.0012421747942645664,nan,nan,0.01,1,0,1,0,0,1786615487.5992668,nan,-0.0012385462372793334,-0.0013544244334681541,0.0012421747942645664,-0.17170400661056107,0.040366656979532678,9.532547686153066
1786615487.6165884,1786615487.6163018,vesc,-0.0029964499788675005,-0.0029964499788675005,nan,nan,0.01,1,0,1,0,0,1786615487.6163018,nan,0.00094181131504701037,-0.0024082996946505576,-0.0029964499788675005,-0.12064638230123048,0.016041544467924496,9.6720014465431632
1786615487.6364417,1786615487.6361189,vesc,-0.00086711640840274296,-0.00086711640840274296,nan,nan,0.01,1,0,1,0,0,1786615487.6361189,nan,-0.00014836720104183631,0.0018470499381866669,-0.00086711640840274296,-0.13879400257451469,0.049804026901192344,9.5856532704234496
1786615487.6565068,1786615487.6559978,vesc,0.00017308336453750821,0.00017308336453750821,nan,nan,0.01,1,0,1,0,0,1786615487.6559978,nan,-0.0022912438819172173,0.0018442536190420836,0.00017308336453750821,-0.1343413659372521,0.054516627102973558,9.6144601642890848
1786615487.6765327,1786615487.6761129,vesc,-0.00089783040598624762,-0.00089783040598624762,nan,nan,0.01,1,0,1,0,0,1786615487.6761129,nan,-0.0022787488710371622,-0.00028340403247106507,-0.00089783040598624762,-0.17237815405902879,0.025842099587332967,9.5899848879640786
1786615487.696244,1786615487.6959884,vesc,0.00019234440404346486,0.00019234440404346486,nan,nan,0.01,1,0,1,0,0,1786615487.6959884,nan,-0.00016086117162459086,-0.00028633454996745305,0.00019234440404346486,-0.096529302767906167,0.059189612417014814,9.658030108865546
1786615487.7163274,1786615487.7159672,vesc,-0.00087284285493222644,-0.00087284285493222644,nan,nan,0.01,1,0,1,0,0,1786615487.7159672,nan,-0.00014836720104183631,-0.00028347165179561784,-0.00087284285493222644,-0.14375224066185321,0.059345586901216052,9.5999918132597486
1786615487.7363195,1786615487.7360418,vesc,-0.0019255363383809071,-0.0019255363383809071,nan,nan,0.01,1,0,1,0,0,1786615487.7360418,nan,0.00092931734446425576,-0.00028064204313740869,-0.0019255363383809071,-0.1441455024764009,0.011355256737704877,9.6333911104952676
1786615487.7562449,1786615487.7559698,vesc,0.0012671622152814249,0.0012671622152814249,nan,nan,0.01,1,0,1,0,0,1786615487.7559698,nan,0.00089183595286464255,-0.0013544910124954062,0.0012671622152814249,-0.12030930857699662,0.035278884787402376,9.6433150053251211
1786615487.7764633,1786615487.7761276,vesc,0.00017698743776100315,0.00017698743776100315,nan,nan,0.01,1,0,1,0,0,1786615487.7761276,nan,-0.0012260522666965789,-0.001351561535296319,0.00017698743776100315,-0.13969286583913831,0.0016978487726113656,9.6621594127359458
1786615487.7963116,1786615487.7960112,vesc,0.00017022014127276652,0.00017022014127276652,nan,nan,0.01,1,0,1,0,0,1786615487.7960112,nan,-0.0022912438819172173,0.00077899334419959175,0.00017022014127276652,-0.10966249686353802,0.054683272756196999,9.552474997949048
1786615487.8163824,1786615487.8160839,vesc,0.0012603948212653164,0.0012603948212653164,nan,nan,0.01,1,0,1,0,0,1786615487.8160839,nan,-0.00017335514220734541,0.00077606386700050461,0.0012603948212653164,-0.14865430893142761,-0.0077402885961355139,9.6093344948288859
1786615487.8362968,1786615487.8359659,vesc,0.00016735691800802484,0.00016735691800802484,nan,nan,0.01,1,0,1,0,0,1786615487.8359659,nan,-0.0022912428416199163,-0.00028626693064290023,0.00016735691800802484,-0.11033664431200574,0.044948754631388255,9.6099250636350462
1786615487.8561893,1786615487.8559394,vesc,0.00017985066102574486,0.00017985066102574486,nan,nan,0.01,1,0,1,0,0,1786615487.8559394,nan,-0.0012260522666965789,-0.00028630022015652622,0.00017985066102574486,-0.11540724030742222,0.030514427089585183,9.6337793656311987
1786615487.8775852,1786615487.8770077,vesc,0.0012546685047729958,0.0012546685047729958,nan,nan,0.01,1,0,1,0,0,1786615487.8770077,nan,-0.00017335514220734541,-0.0013544577229817802,0.0012546685047729958,-0.18139576696908222,0.011601059076209452,9.541937145449424
1786615487.8961971,1786615487.895926,vesc,0.00019234440404346486,0.00019234440404346486,nan,nan,0.01,1,0,1,0,0,1786615487.895926,nan,-0.00016086117162459086,-0.00028633454996745305,0.00019234440404346486,-0.11112314966855141,-0.0079217350146123522,9.6768394329809553
1786615487.9162555,1786615487.9159875,vesc,-0.00087284285493222644,-0.00087284285493222644,nan,nan,0.01,1,0,1,0,0,1786615487.9159875,nan,-0.00014836720104183631,-0.00028347165179561784,-0.00087284285493222644,-0.14296575357785724,0.073895872043387101,9.5329745329139541
1786615487.9367666,1786615487.9363329,vesc,0.0012796559257898545,0.0012796559257898545,nan,nan,0.01,1,0,1,0,0,1786615487.9363329,nan,0.0019570270479366309,-0.0013545243020090321,0.0012796559257898545,-0.11546342839773605,0.040081605204282056,9.638595132648561
1786615487.9563465,1786615487.9559984,vesc,0.00017698743776100315,0.00017698743776100315,nan,nan,0.01,1,0,1,0,0,1786615487.9559984,nan,-0.0012260522666965789,-0.001351561535296319,0.00017698743776100315,-0.14882285492981939,0.020961209202855713,9.6237806264377923
1786615487.9773099,1786615487.9768388,vesc,-0.00086321230266995738,-0.00086321230266995738,nan,nan,0.01,1,0,1,0,0,1786615487.9768388,nan,0.00091682389403015165,-0.0013487652161517359,-0.00086321230266995738,-0.16234930170372408,0.049894878018278632,9.5518446680747502
1786615487.9965391,1786615487.9962101,vesc,-0.00087284285493222644,-0.00087284285493222644,nan,nan,0.01,1,0,1,0,0,1786615487.9962101,nan,-0.00014836720104183631,-0.00028347165179561784,-0.00087284285493222644,-0.087399313677225088,0.0351362127193795,9.6963948618455333
1786615488.0167091,1786615488.0162916,vesc,0.0012700253735275855,0.0012700253735275855,nan,nan,0.01,1,0,1,0,0,1786615488.0162916,nan,0.00089183595286464255,-0.0002892307376529142,0.0012700253735275855,-0.16184366370854875,0.040430683993665895,9.5087109258046212
1786615488.0363486,1786615488.0360503,vesc,0.0023255820152224267,0.0023255820152224267,nan,nan,0.01,1,0,1,0,0,1786615488.0360503,nan,-0.00018584859264144957,0.00077320096882866945,0.0023255820152224267,-0.12014078085115454,0.011367353165603333,9.6288817375912004
1786615488.0563326,1786615488.0559862,vesc,-0.00088819985372397866,-0.00088819985372397866,nan,nan,0.01,1,0,1,0,0,1786615488.0559862,nan,-0.0012135582961138242,-0.001348698637124484,-0.00088819985372397866,-0.13467843966148596,0.035279323328595069,9.6431466055071269
1786615488.0764673,1786615488.0760875,vesc,-0.00086034914442379708,-0.00086034914442379708,nan,nan,0.01,1,0,1,0,0,1786615488.0760875,nan,0.00091682389403015165,-0.00028350494130924384,-0.00086034914442379708,-0.11952280322045095,0.025879046682817375,9.5762334056043983
1786615488.0962002,1786615488.0959642,vesc,-0.00087284285493222644,-0.00087284285493222644,nan,nan,0.01,1,0,1,0,0,1786615488.0959642,nan,-0.00014836720104183631,-0.00028347165179561784,-0.00087284285493222644,-0.15366874424535482,0.025738494230559184,9.6285273963075042
1786615488.1167197,1786615488.11621,vesc,0.00019807085057294823,0.00019807085057294823,nan,nan,0.01,1,0,1,0,0,1786615488.11621,nan,-0.00016086117162459086,0.0018441870400148319,0.00019807085057294823,-0.11535107048965809,0.020947248974888311,9.6289635986138364
1786615488.1361561,1786615488.1359375,vesc,0.00020483814706118484,0.00020483814706118484,nan,nan,0.01,1,0,1,0,0,1786615488.1359375,nan,0.00090432992344739716,-0.00028636783948107899,0.00020483814706118484,-0.13417281993886032,0.035395171293664873,9.6000397604301497
1786615488.1576018,1786615488.1571898,vesc,0.00020483814706118484,0.00020483814706118484,nan,nan,0.01,1,0,1,0,0,1786615488.1571898,nan,0.00090432992344739716,-0.00028636783948107899,0.00020483814706118484,-0.13394810412270441,0.030656660616415365,9.5808679089287807
1786615488.1762471,1786615488.1759005,vesc,0.0012671622152814249,0.0012671622152814249,nan,nan,0.01,1,0,1,0,0,1786615488.1759005,nan,0.00089183595286464255,-0.0013544910124954062,0.0012671622152814249,-0.15282605993477016,0.054671761049888801,9.5567586683192758
1786615488.1963153,1786615488.19596,vesc,0.0012575316630191562,0.0012575316630191562,nan,nan,0.01,1,0,1,0,0,1786615488.19596,nan,-0.00017335514220734541,-0.0002891974481392882,0.0012575316630191562,-0.10131901312940261,0.0017095066593171282,9.6578184396498727
1786615488.2161984,1786615488.215889,vesc,0.00017985066102574486,0.00017985066102574486,nan,nan,0.01,1,0,1,0,0,1786615488.215889,nan,-0.0012260522666965789,-0.00028630022015652622,0.00017985066102574486,-0.12915839376120797,0.035446517158309376,9.5809369060764311
1786615488.236546,1786615488.2362556,vesc,0.0012950129245816069,0.0012950129245816069,nan,nan,0.01,1,0,1,0,0,1786615488.2362556,nan,0.0030222186631572692,-0.00028929731668016619,0.0012950129245816069,-0.11061752994592577,0.044884362166261127,9.6338740905288205
1786615488.2561109,1786615488.2558174,vesc,-0.00083822488165309877,-0.00083822488165309877,nan,nan,0.01,1,0,1,0,0,1786615488.2558174,nan,0.0030472060841741275,-0.0013488328354762885,-0.00083822488165309877,-0.15812136261006771,0.016235854761387003,9.5997076385668834
1786615488.2762427,1786615488.2759278,vesc,-0.00086997969668606593,-0.00086997969668606593,nan,nan,0.01,1,0,1,0,0,1786615488.2759278,nan,-0.00014836720104183631,0.00078178966334417502,-0.00086997969668606593,-0.096697848766297945,0.035200861000202366,9.6723347378496101
1786615488.2965865,1786615488.2958593,vesc,0.0012575316630191562,0.0012575316630191562,nan,nan,0.01,1,0,1,0,0,1786615488.2958593,nan,-0.00017335514220734541,-0.0002891974481392882,0.0012575316630191562,-0.17626900115590161,0.04041829520497231,9.5133325652540179
1786615488.3117921,1786615488.3113804,vesc,0.00020770137032592652,0.00020770137032592652,nan,nan,0.01,1,0,1,0,0,1786615488.3113804,nan,0.00090432992344739716,0.00077889243536141293,0.00020770137032592652,-0.11585667193973403,0.020831401009818507,9.6720716131339941
1786615488.3361924,1786615488.3358924,vesc,0.0012603948212653164,0.0012603948212653164,nan,nan,0.01,1,0,1,0,0,1786615488.3358924,nan,-0.00017335514220734541,0.00077606386700050461,0.0012603948212653164,-0.14358371293601113,0.049804173081589909,9.5855971371507849
1786615488.3582735,1786615488.3559101,vesc,0.00017022014127276652,0.00017022014127276652,nan,nan,0.01,1,0,1,0,0,1786615488.3559101,nan,-0.0022912438819172173,0.00077899334419959175,0.00017022014127276652,-0.11980370712692068,0.03539473275247218,9.6002081602481439
1786615488.3762321,1786615488.3759456,vesc,0.0023409391440513414,0.0023409391440513414,nan,nan,0.01,1,0,1,0,0,1786615488.3759456,nan,0.00087934250243053844,0.0018384279541575357,0.0023409391440513414,-0.10571546167635137,0.035329901746152359,9.6243255869599125
1786615488.3961227,1786615488.3958149,vesc,-0.00087284285493222644,-0.00087284285493222644,nan,nan,0.01,1,0,1,0,0,1786615488.3958149,nan,-0.00014836720104183631,-0.00028347165179561784,-0.00087284285493222644,-0.17626900115590161,0.026048213947898802,9.5132939736290609
1786615488.4163103,1786615488.4158692,vesc,0.00018271388429048652,0.00018271388429048652,nan,nan,0.01,1,0,1,0,0,1786615488.4158692,nan,-0.0012260522666965789,0.00077896005468596581,0.00018271388429048652,-0.09664166067598412,0.020843680163213918,9.6675061069572621
1786615488.4365313,1786615488.4359291,vesc,-0.00088533669547781837,-0.00088533669547781837,nan,nan,0.01,1,0,1,0,0,1786615488.4359291,nan,-0.0012135582961138242,-0.00028343732198469102,-0.00088533669547781837,-0.14386459856993117,0.054529819883853747,9.6095578584763643
1786615488.4562039,1786615488.4558947,vesc,0.00017698743776100315,0.00017698743776100315,nan,nan,0.01,1,0,1,0,0,1786615488.4558947,nan,-0.0012260522666965789,-0.001351561535296319,0.00017698743776100315,-0.12898986603536589,0.045065187318048316,9.5665936854674101
1786615488.4760392,1786615488.4757843,vesc,-0.00088533669547781837,-0.00088533669547781837,nan,nan,0.01,1,0,1,0,0,1786615488.4757843,nan,-0.0012135582961138242,-0.00028343732198469102,-0.00088533669547781837,-0.13016963320645925,0.030424745415679411,9.6671389017985803
1786615488.4961944,1786615488.4959168,vesc,-0.00085748598617763668,-0.00085748598617763668,nan,nan,0.01,1,0,1,0,0,1786615488.4959168,nan,0.00091682389403015165,0.00078175533353324808,-0.00085748598617763668,-0.10537838795211751,0.049777202798239273,9.5956251124237042
1786615488.5159984,1786615488.5157504,vesc,0.00017698743776100315,0.00017698743776100315,nan,nan,0.01,1,0,1,0,0,1786615488.5157504,nan,-0.0012260522666965789,-0.001351561535296319,0.00017698743776100315,-0.12448104130778948,-0.0028995247307896932,9.5904690374408119
1786615488.5360501,1786615488.5357666,vesc,0.0012728886618109084,0.0012728886618109084,nan,nan,0.01,1,0,1,0,0,1786615488.5357666,nan,0.00089183595286464255,0.00077602953718957789,0.0012728886618109084,-0.13479079756956391,0.049623640290597848,9.6527652756668658
1786615488.5561965,1786615488.5557945,vesc,-0.00085748598617763668,-0.00085748598617763668,nan,nan,0.01,1,0,1,0,0,1786615488.5557945,nan,0.00091682389403015165,0.00078175533353324808,-0.00085748598617763668,-0.1106737180362396,0.044871498291275458,9.6386641297962115
1786615488.5787406,1786615488.5782948,vesc,-0.0019351668906431761,-0.0019351668906431761,nan,nan,0.01,1,0,1,0,0,1786615488.5782948,nan,-0.00013587375060773214,0.00078465256151601006,-0.0019351668906431761,-0.10120665522132466,0.030475360378336092,9.6483167138081853
1786615488.5962529,1786615488.5959375,vesc,0.0012546685047729958,0.0012546685047729958,nan,nan,0.01,1,0,1,0,0,1786615488.5959375,nan,-0.00017335514220734541,-0.0013544577229817802,0.0012546685047729958,-0.13811985512604696,0.059538545026001088,9.5282020352942709
1786615488.6163352,1786615488.6160574,vesc,0.0012575316630191562,0.0012575316630191562,nan,nan,0.01,1,0,1,0,0,1786615488.6160574,nan,-0.00017335514220734541,-0.0002891974481392882,0.0012575316630191562,-0.12509901893849307,0.020908949710726432,9.6432202804274993
1786615488.6361365,1786615488.6358001,vesc,0.00020483814706118484,0.00020483814706118484,nan,nan,0.01,1,0,1,0,0,1786615488.6358001,nan,0.00090432992344739716,-0.00028636783948107899,0.00020483814706118484,-0.1343413659372521,0.059306666370364525,9.6144730281640705
1786615488.6560802,1786615488.6557584,vesc,0.0023169925404839453,0.0023169925404839453,nan,nan,0.01,1,0,1,0,0,1786615488.6557584,nan,-0.00018584859264144957,-0.0024225808959961073,0.0023169925404839453,-0.11033664431200574,0.040158715363997288,9.6099121997600605
1786615488.6760316,1786615488.6757312,vesc,0.0012728886618109084,0.0012728886618109084,nan,nan,0.01,1,0,1,0,0,1786615488.6757312,nan,0.00089183595286464255,0.00077602953718957789,0.0012728886618109084,-0.16279873333603589,0.049791893928194497,9.5901614738843364
1786615488.6970847,1786615488.6957488,vesc,-0.00087284285493222644,-0.00087284285493222644,nan,nan,0.01,1,0,1,0,0,1786615488.6957488,nan,-0.00014836720104183631,-0.00028347165179561784,-0.00087284285493222644,-0.10644579721513292,0.020792480478966979,9.686552828038316
1786615488.7161441,1786615488.7157936,vesc,0.00014913672846082149,0.00014913672846082149,nan,nan,0.01,1,0,1,0,0,1786615488.7157936,nan,-0.0033564344568405551,-0.0024167552311115592,0.00014913672846082149,-0.16173132407302049,0.04524648755612759,9.4991448805880054
1786615488.7360244,1786615488.7357295,vesc,-0.00087180203748276372,-0.00087180203748276372,nan,nan,0.01,1,0,1,0,0,1786615488.7357295,nan,0.00091682389403015165,-0.0045445470809765123,-0.00087180203748276372,-0.12983255948222538,0.020921959766109666,9.6383741078874436
1786615488.7560334,1786615488.7557273,vesc,0.00020483814706118484,0.00020483814706118484,nan,nan,0.01,1,0,1,0,0,1786615488.7557273,nan,0.00090432992344739716,-0.00028636783948107899,0.00020483814706118484,-0.12493049121265098,0.025737580603074406,9.6288641959434926
1786615488.7760887,1786615488.7757514,vesc,-0.00086034914442379708,-0.00086034914442379708,nan,nan,0.01,1,0,1,0,0,1786615488.7757514,nan,0.00091682389403015165,-0.00028350494130924384,-0.00086034914442379708,-0.12927075166928592,0.035420789408338038,9.5905158151680325
1786615488.7960451,1786615488.7957556,vesc,0.00019911170053170147,0.00019911170053170147,nan,nan,0.01,1,0,1,0,0,1786615488.7957556,nan,0.00090432992344739716,-0.0024168883891660629,0.00019911170053170147,-0.10131901312940261,0.04481967734033887,9.6579353839679243
1786615488.8159711,1786615488.815685,vesc,-0.00086321230266995738,-0.00086321230266995738,nan,nan,0.01,1,0,1,0,0,1786615488.815685,nan,0.00091682389403015165,-0.0013487652161517359,-0.00086321230266995738,-0.17671843278821342,0.021155227135523091,9.5515979155636614
1786615488.8321352,1786615488.831084,vesc,0.00019234440404346486,0.00019234440404346486,nan,nan,0.01,1,0,1,0,0,1786615488.831084,nan,-0.00016086117162459086,-0.00028633454996745305,0.00019234440404346486,-0.12025313875923249,0.025711706672705503,9.6385004077509393
1786615488.8561585,1786615488.8556705,vesc,0.0012354074002484579,0.0012354074002484579,nan,nan,0.01,1,0,1,0,0,1786615488.8556705,nan,-0.0023037378524999718,0.0007761304460277566,0.0012354074002484579,-0.12509901893849307,0.030488991700408974,9.6432460081774707
1786615488.8775749,1786615488.877275,vesc,0.0012450379525107266,0.0012450379525107266,nan,nan,0.01,1,0,1,0,0,1786615488.877275,nan,-0.0012385462372793334,-0.00028916311832836143,0.0012450379525107266,-0.16229309534086056,0.049907741893264301,9.5470546288073592
1786615488.8960969,1786615488.8956885,vesc,0.00018948118077872315,0.00018948118077872315,nan,nan,0.01,1,0,1,0,0,1786615488.8956885,nan,-0.00016086117162459086,-0.001351594824809945,0.00018948118077872315,-0.11540724030742222,0.0065643038428291334,9.6337150462562704
1786615488.9136992,1786615488.9129009,vesc,0.0012354074002484579,0.0012354074002484579,nan,nan,0.01,1,0,1,0,0,1786615488.9129009,nan,-0.0023037378524999718,0.0007761304460277566,0.0012354074002484579,-0.13817604321636079,0.10263587010458686,9.5331078494365329
1786615488.9363494,1786615488.9358094,vesc,0.0012728886618109084,0.0012728886618109084,nan,nan,0.01,1,0,1,0,0,1786615488.9358094,nan,0.00089183595286464255,0.00077602953718957789,0.0012728886618109084,-0.14397695647800912,0.020973926897443818,9.6190478898862466
1786615488.9559755,1786615488.955673,vesc,0.0012728886618109084,0.0012728886618109084,nan,nan,0.01,1,0,1,0,0,1786615488.955673,nan,0.00089183595286464255,0.00077602953718957789,0.0012728886618109084,-0.14871049702174144,0.049727062921874676,9.6142789005961049
1786615488.9762955,1786615488.9759393,vesc,0.002313088564788322,0.002313088564788322,nan,nan,0.01,1,0,1,0,0,1786615488.9759393,nan,-0.0012510396877134374,0.00077323425834229539,0.002313088564788322,-0.15795285315677532,0.06417469287985611,9.5854673289577477
1786615488.9957898,1786615488.995522,vesc,-0.00084785543391536762,-0.00084785543391536762,nan,nan,0.01,1,0,1,0,0,1786615488.995522,nan,0.0019820149891021394,-0.00028353823082286983,-0.00084785543391536762,-0.11106696157823759,0.0064611735723474339,9.6720891547817018
1786615489.0158775,1786615489.0155754,vesc,0.0012507643990402101,0.0012507643990402101,nan,nan,0.01,1,0,1,0,0,1786615489.0155754,nan,-0.0012385462372793334,0.0018413574313566226,0.0012507643990402101,-0.16697046606682875,0.093043859594853728,9.5375353613179641
1786615489.0362625,1786615489.0358036,vesc,0.00020770137032592652,0.00020770137032592652,nan,nan,0.01,1,0,1,0,0,1786615489.0358036,nan,0.00090432992344739716,0.00077889243536141293,0.00020770137032592652,-0.12988872929998951,0.030489137880806538,9.6431898749048059
1786615489.055851,1786615489.055531,vesc,-0.00087570614321554941,-0.00087570614321554941,nan,nan,0.01,1,0,1,0,0,1786615489.055531,nan,-0.00014836720104183631,-0.0013487319266381099,-0.00087570614321554941,-0.15321930347676815,0.040211559577716827,9.5902480126796945
1786615489.0758021,1786615489.0755355,vesc,0.00020483814706118484,0.00020483814706118484,nan,nan,0.01,1,0,1,0,0,1786615489.0755355,nan,0.00090432992344739716,-0.00028636783948107899,0.00020483814706118484,-0.13986141183753009,0.063929475262941793,9.6766955914697519
1786615489.0958002,1786615489.0955195,vesc,-0.00086997969668606593,-0.00086997969668606593,nan,nan,0.01,1,0,1,0,0,1786615489.0955195,nan,-0.00014836720104183631,0.00078178966334417502,-0.00086997969668606593,-0.15243279812022248,0.035601760740522792,9.5231792768339574
1786615489.1158533,1786615489.1155612,vesc,-0.00085748598617763668,-0.00085748598617763668,nan,nan,0.01,1,0,1,0,0,1786615489.1155612,nan,0.00091682389403015165,0.00078175533353324808,-0.00085748598617763668,-0.091908138404801498,0.035200714819804801,9.6723908711222748
1786615489.1357782,1786615489.1354911,vesc,-0.00086321230266995738,-0.00086321230266995738,nan,nan,0.01,1,0,1,0,0,1786615489.1354911,nan,0.00091682389403015165,-0.0013487652161517359,-0.00086321230266995738,-0.17192872242671697,0.021155080955125527,9.5516540488363262
1786615489.155906,1786615489.1555476,vesc,0.0012489419282063498,0.0012489419282063498,nan,nan,0.01,1,0,1,0,0,1786615489.1555476,nan,-0.00017335514220734541,-0.0034849793129640648,0.0012489419282063498,-0.12459341748841712,0.011444755686113695,9.6000877076005509
1786615489.1758063,1786615489.175518,vesc,0.0012546685047729958,0.0012546685047729958,nan,nan,0.01,1,0,1,0,0,1786615489.175518,nan,-0.00017335514220734541,-0.0013544577229817802,0.0012546685047729958,-0.13929962229714032,0.049688142391023149,9.6287601155004268
1786615489.1959167,1786615489.1954899,vesc,0.00017698743776100315,0.00017698743776100315,nan,nan,0.01,1,0,1,0,0,1786615489.1954899,nan,-0.0012260522666965789,-0.001351561535296319,0.00017698743776100315,-0.15806519279230358,0.016248718636372672,9.5949175992994924
1786615489.2158587,1786615489.2155151,vesc,-0.00087570614321554941,-0.00087570614321554941,nan,nan,0.01,1,0,1,0,0,1786615489.2155151,nan,-0.00014836720104183631,-0.0013487319266381099,-0.00087570614321554941,-0.096529302767906167,0.030449486447967189,9.657952925615632
1786615489.2360754,1786615489.2355676,vesc,-0.00088819985372397866,-0.00088819985372397866,nan,nan,0.01,1,0,1,0,0,1786615489.2355676,nan,-0.0012135582961138242,-0.001348698637124484,-0.00088819985372397866,-0.17243432387679292,0.054569325136295532,9.5948521104813835
1786615489.2557533,1786615489.2554882,vesc,-0.00087961024894833511,-0.00087961024894833511,nan,nan,0.01,1,0,1,0,0,1786615489.2554882,nan,-0.0012135582961138242,0.0018470832277002929,-0.00087961024894833511,-0.12493049121265098,0.020947541335683439,9.628851332068507
1786615489.2760563,1786615489.275661,vesc,-0.001950524019472091,-0.001950524019472091,nan,nan,0.01,1,0,1,0,0,1786615489.275661,nan,-0.0012010648456797202,-0.00028057442381285586,-0.001950524019472091,-0.11089843385239551,0.025659885721768916,9.6577704924794716
1786615489.2958755,1786615489.2955356,vesc,-0.00088819985372397866,-0.00088819985372397866,nan,nan,0.01,1,0,1,0,0,1786615489.2955356,nan,-0.0012135582961138242,-0.001348698637124484,-0.00088819985372397866,-0.10008307614054512,0.064262985839985021,9.5526129922443488
1786615489.3158987,1786615489.3154719,vesc,0.00019234440404346486,0.00019234440404346486,nan,nan,0.01,1,0,1,0,0,1786615489.3154719,nan,-0.00016086117162459086,-0.00028633454996745305,0.00019234440404346486,-0.11580050212196991,-0.0031058583619518743,9.6672172544916748
1786615489.3359396,1786615489.3355138,vesc,-0.00085462269789431371,-0.00085462269789431371,nan,nan,0.01,1,0,1,0,0,1786615489.3355138,nan,0.00091682389403015165,0.001847016648673041,-0.00085462269789431371,-0.13366721848878438,0.078621263029955202,9.5570486902280436
1786615489.3560555,1786615489.3556674,vesc,0.002313088564788322,0.002313088564788322,nan,nan,0.01,1,0,1,0,0,1786615489.3556674,nan,-0.0012510396877134374,0.00077323425834229539,0.002313088564788322,-0.13450991193564388,0.016157830974186993,9.6287262016481918
1786615489.3758597,1786615489.375495,vesc,-0.00087961024894833511,-0.00087961024894833511,nan,nan,0.01,1,0,1,0,0,1786615489.375495,nan,-0.0012135582961138242,0.0018470832277002929,-0.00087961024894833511,-0.11568814421389195,0.030450071169557447,9.6577272230817925
1786615489.3958869,1786615489.395499,vesc,0.00018948118077872315,0.00018948118077872315,nan,nan,0.01,1,0,1,0,0,1786615489.395499,nan,-0.00016086117162459086,-0.001351594824809945,0.00018948118077872315,-0.13772661158404897,0.06441866796339113,9.4946869631838808
1786615489.4170125,1786615489.4164803,vesc,-0.0019255363383809071,-0.0019255363383809071,nan,nan,0.01,1,0,1,0,0,1786615489.4164803,nan,0.00092931734446425576,-0.00028064204313740869,-0.0019255363383809071,-0.078044608770388102,0.020714347056468796,9.7156275243922892
1786615489.4360425,1786615489.4356756,vesc,0.0023255820152224267,0.0023255820152224267,nan,nan,0.01,1,0,1,0,0,1786615489.4356756,nan,-0.00018584859264144957,0.00077320096882866945,0.0023255820152224267,-0.12893367794505206,0.059448132450107494,9.5618422378249761
1786615489.4569395,1786615489.4566102,vesc,-0.001950524019472091,-0.001950524019472091,nan,nan,0.01,1,0,1,0,0,1786615489.4566102,nan,-0.0012010648456797202,-0.00028057442381285586,-0.001950524019472091,-0.12481813330457303,0.035343386887827677,9.6193110146018626
1786615489.4757228,1786615489.475399,vesc,0.0012421747942645664,0.0012421747942645664,nan,nan,0.01,1,0,1,0,0,1786615489.475399,nan,-0.0012385462372793334,-0.0013544244334681541,0.0012421747942645664,-0.12481813330457303,0.03055334762043671,9.6192981507268769
1786615489.4961085,1786615489.4955001,vesc,-0.0040530476980861294,-0.0040530476980861294,nan,nan,0.01,1,0,1,0,0,1786615489.4955001,nan,0.00095430528562976498,0.00079034402804875365,-0.0040530476980861294,-0.12532373475464897,0.016067454943392789,9.662366404178897
1786615489.5158601,1786615489.5154088,vesc,-0.00087961024894833511,-0.00087961024894833511,nan,nan,0.01,1,0,1,0,0,1786615489.5154088,nan,-0.0012135582961138242,0.0018470832277002929,-0.00087961024894833511,-0.17142308443154164,0.026060931642486906,9.5085600676343347
1786615489.5323544,1786615489.5318329,vesc,0.00021056459359066821,0.00021056459359066821,nan,nan,0.01,1,0,1,0,0,1786615489.5318329,nan,0.00090432992344739716,0.001844153750501206,0.00021056459359066821,-0.11585667193973403,0.0064613197527449984,9.6720318520658566
1786615489.555685,1786615489.5553296,vesc,0.00017698743776100315,0.00017698743776100315,nan,nan,0.01,1,0,1,0,0,1786615489.5553296,nan,-0.0012260522666965789,-0.001351561535296319,0.00017698743776100315,-0.11523871258158014,0.035343094527032548,9.619423281147192
1786615489.5763264,1786615489.5754836,vesc,-0.00087570614321554941,-0.00087570614321554941,nan,nan,0.01,1,0,1,0,0,1786615489.5754836,nan,-0.00014836720104183631,-0.0013487319266381099,-0.00087570614321554941,-0.10565929185858725,0.040132804888528995,9.6195484115675072
1786615489.595649,1786615489.5953116,vesc,-0.00089210395945676425,-0.00089210395945676425,nan,nan,0.01,1,0,1,0,0,1786615489.5953116,nan,-0.0022787499113344628,0.001847116517213919,-0.00089210395945676425,-0.12002842294307658,0.044923282697112654,9.6193928756244986
1786615489.6158741,1786615489.6152596,vesc,0.00022019511334364655,0.00022019511334364655,nan,nan,0.01,1,0,1,0,0,1786615489.6152596,nan,0.0019695210185193849,0.00077885914584778699,0.00022019511334364655,-0.11467692304119037,0.025891800922504871,9.5715006690528526
1786615489.6361029,1786615489.635509,vesc,0.00017308336453750821,0.00017308336453750821,nan,nan,0.01,1,0,1,0,0,1786615489.635509,nan,-0.0022912438819172173,0.0018442536190420836,0.00017308336453750821,-0.12030930857699662,0.035278884787402376,9.6433150053251211
1786615489.6558113,1786615489.6554875,vesc,-0.0030003542146374487,-0.0030003542146374487,nan,nan,0.01,1,0,1,0,0,1786615489.6554875,nan,-0.00012337978002497762,0.00078751545968784543,-0.0030003542146374487,-0.11507016658318836,0.025801680707406405,9.6050286050382283
1786615489.6779571,1786615489.6773939,vesc,0.0023255820152224267,0.0023255820152224267,nan,nan,0.01,1,0,1,0,0,1786615489.6773939,nan,-0.00018584859264144957,0.00077320096882866945,0.0023255820152224267,-0.14341516693761935,0.045052761984255341,9.5712153249168068
1786615489.6958718,1786615489.6954563,vesc,-0.00087961024894833511,-0.00087961024894833511,nan,nan,0.01,1,0,1,0,0,1786615489.6954563,nan,-0.0012135582961138242,0.0018470832277002929,-0.00087961024894833511,-0.096697848766297945,0.030410858277910791,9.6723218739746244
1786615489.7159154,1786615489.7153835,vesc,0.00019234440404346486,0.00019234440404346486,nan,nan,0.01,1,0,1,0,0,1786615489.7153835,nan,-0.00016086117162459086,-0.00028633454996745305,0.00019234440404346486,-0.1475869179409619,0.069144643671549488,9.5185365874073113
1786615489.7358248,1786615489.7354352,vesc,-0.0030032176329579342,-0.0030032176329579342,nan,nan,0.01,1,0,1,0,0,1786615489.7354352,nan,-0.00012337978002497762,-0.00027774585545194748,-0.0030032176329579342,-0.12030930857699662,0.030488845520011409,9.6433021414501354
1786615489.7557995,1786615489.7554023,vesc,-0.0008824734071944954,-0.0008824734071944954,nan,nan,0.01,1,0,1,0,0,1786615489.7554023,nan,-0.0012135582961138242,0.00078182295285780096,-0.0008824734071944954,-0.14380842875216704,0.064122725748521958,9.6047947164021252
1786615489.7756531,1786615489.7753046,vesc,0.0012603948212653164,0.0012603948212653164,nan,nan,0.01,1,0,1,0,0,1786615489.7753046,nan,-0.00017335514220734541,0.00077606386700050461,0.0012603948212653164,-0.11512635467350218,0.020998777565029769,9.6098046109874531
1786615489.7958994,1786615489.7955594,vesc,0.0012882456606026608,0.0012882456606026608,nan,nan,0.01,1,0,1,0,0,1786615489.7955594,nan,0.0019570270479366309,0.0018412565225184438,0.0012882456606026608,-0.1063896091248191,0.054335473045291849,9.6818528358958247
1786615489.815774,1786615489.8153677,vesc,0.0012546685047729958,0.0012546685047729958,nan,nan,0.01,1,0,1,0,0,1786615489.8153677,nan,-0.00017335514220734541,-0.0013544577229817802,0.0012546685047729958,-0.1809463353367704,0.026074124423367095,9.5036577618216143
1786615489.8358147,1786615489.8353755,vesc,0.0012200505314938681,0.0012200505314938681,nan,nan,0.01,1,0,1,0,0,1786615489.8353755,nan,-0.0033689284274233092,-0.00028909653930110944,0.0012200505314938681,-0.11117931948631554,-0.012724674702088379,9.6816166083733606
1786615489.8558631,1786615489.8553612,vesc,-0.00086034914442379708,-0.00086034914442379708,nan,nan,0.01,1,0,1,0,0,1786615489.8553612,nan,0.00091682389403015165,-0.00028350494130924384,-0.00086034914442379708,-0.11495780867511041,0.049777495159034402,9.5955128458783747
1786615489.8756714,1786615489.8752563,vesc,0.00018271388429048652,0.00018271388429048652,nan,nan,0.01,1,0,1,0,0,1786615489.8752563,nan,-0.0012260522666965789,0.00077896005468596581,0.00018271388429048652,-0.11985987694468481,0.030591829610095544,9.6049853356405492
1786615489.8959584,1786615489.8953319,vesc,0.0023141293822377851,0.0023141293822377851,nan,nan,0.01,1,0,1,0,0,1786615489.8953319,nan,-0.00018584859264144957,-0.0034878422111359005,0.0023141293822377851,-0.14380842875216704,0.021012555067500216,9.6046777720840737
1786615489.9156909,1786615489.9153144,vesc,-0.0008824734071944954,-0.0008824734071944954,nan,nan,0.01,1,0,1,0,0,1786615489.9153144,nan,-0.0012135582961138242,0.00078182295285780096,-0.0008824734071944954,-0.086893712227149145,0.049622105396423422,9.6533266083935132
1786615489.9357963,1786615489.9353573,vesc,-0.00088819985372397866,-0.00088819985372397866,nan,nan,0.01,1,0,1,0,0,1786615489.9353573,nan,-0.0012135582961138242,-0.001348698637124484,-0.00088819985372397866,-0.15282605993477016,0.016351593091158634,9.5566557573193904
1786615489.9557192,1786615489.9553258,vesc,0.0012479011107568872,0.0012479011107568872,nan,nan,0.01,1,0,1,0,0,1786615489.9553258,nan,-0.0012385462372793334,0.00077609715651413066,0.0012479011107568872,-0.12960782539351978,0.020973451811151733,9.6192162897042408
1786615489.9756536,1786615489.9752438,vesc,0.00016449369474328318,0.00016449369474328318,nan,nan,0.01,1,0,1,0,0,1786615489.9752438,nan,-0.0022912428416199163,-0.0013515272054853921,0.00016449369474328318,-0.13428517784693828,0.03057944082140196,9.6096058056467655
1786615489.9958293,1786615489.9953077,vesc,0.00019520762730820652,0.00019520762730820652,nan,nan,0.01,1,0,1,0,0,1786615489.9953077,nan,-0.00016086117162459086,0.00077892676517233987,0.00019520762730820652,-0.13467843966148596,0.020909278616620952,9.6431080138821699
1786615490.0159986,1786615490.0153975,vesc,0.00020770137032592652,0.00020770137032592652,nan,nan,0.01,1,0,1,0,0,1786615490.0153975,nan,0.00090432992344739716,0.00077889243536141293,0.00020770137032592652,-0.10537838795211751,0.030617118818874189,9.5955736569237615
1786615490.0355105,1786615490.0352166,vesc,-0.0030339313704671133,-0.0030339313704671133,nan,nan,0.01,1,0,1,0,0,1786615490.0352166,nan,-0.0022537619701689538,-0.0024081998261096796,-0.0030339313704671133,-0.13377957639686233,0.006745165539715714,9.56643464119486
1786615490.0556135,1786615490.0552301,vesc,-0.00089783040598624762,-0.00089783040598624762,nan,nan,0.01,1,0,1,0,0,1786615490.0552301,nan,-0.0022787488710371622,-0.00028340403247106507,-0.00089783040598624762,-0.12949546748544183,0.030579258095905004,9.6096619389194302
1786615490.0759385,1786615490.0751402,vesc,0.00017985066102574486,0.00017985066102574486,nan,nan,0.01,1,0,1,0,0,1786615490.0751402,nan,-0.0012260522666965789,-0.00028630022015652622,0.00017985066102574486,-0.11106696157823759,0.016041215562029976,9.6721148825316732
1786615490.0959713,1786615490.0953574,vesc,0.00020770137032592652,0.00020770137032592652,nan,nan,0.01,1,0,1,0,0,1786615490.0953574,nan,0.00090432992344739716,0.00077889243536141293,0.00020770137032592652,-0.14296575357785724,0.064315830053704559,9.5329488051639828
1786615490.1155422,1786615490.1151896,vesc,-0.0019351668906431761,-0.0019351668906431761,nan,nan,0.01,1,0,1,0,0,1786615490.1151896,nan,-0.00013587375060773214,0.00078465256151601006,-0.0019351668906431761,-0.11585667193973403,-0.0079087249592291187,9.6719932604408996
1786615490.1354232,1786615490.1351337,vesc,0.00020483814706118484,0.00020483814706118484,nan,nan,0.01,1,0,1,0,0,1786615490.1351337,nan,0.00090432992344739716,-0.00028636783948107899,0.00020483814706118484,-0.14347135502793318,0.078570026800608872,9.576094241865917
1786615490.1554284,1786615490.15518,vesc,-0.001950524019472091,-0.001950524019472091,nan,nan,0.01,1,0,1,0,0,1786615490.15518,nan,-0.0012010648456797202,-0.00028057442381285586,-0.001950524019472091,-0.13450991193564388,0.020947870241577959,9.6287390655231775
1786615490.1754003,1786615490.1751568,vesc,0.0023034580125260531,0.0023034580125260531,nan,nan,0.01,1,0,1,0,0,1786615490.1751568,nan,-0.0023162318230827263,0.0018385278226984135,0.0023034580125260531,-0.10588400767474315,0.05924139682285201,9.6387588546938332
1786615490.1928084,1786615490.1923969,vesc,0.00017126099123151978,0.00017126099123151978,nan,nan,0.01,1,0,1,0,0,1786615490.1923969,nan,-0.0012260522666965789,-0.0034820820849813029,0.00017126099123151978,-0.1717601764283252,0.049933835094229551,9.5373622837272478
1786615490.2157767,1786615490.2153494,vesc,0.00018271388429048652,0.00018271388429048652,nan,nan,0.01,1,0,1,0,0,1786615490.2153494,nan,-0.0012260522666965789,0.00077896005468596581,0.00018271388429048652,-0.091908138404801498,0.039990717542096377,9.6724037349972605
1786615490.2364008,1786615490.235496,vesc,-0.00086711640840274296,-0.00086711640840274296,nan,nan,0.01,1,0,1,0,0,1786615490.235496,nan,-0.00014836720104183631,0.0018470499381866669,-0.00086711640840274296,-0.15711015970991582,0.040417673938282661,9.5135570983446769
1786615490.2557571,1786615490.2553868,vesc,0.00019234440404346486,0.00019234440404346486,nan,nan,0.01,1,0,1,0,0,1786615490.2553868,nan,-0.00016086117162459086,-0.00028633454996745305,0.00019234440404346486,-0.11563195612357813,0.030462935044543116,9.6529383532575821
1786615490.2728102,1786615490.2719204,vesc,0.0012700253735275855,0.0012700253735275855,nan,nan,0.01,1,0,1,0,0,1786615490.2719204,nan,0.00089183595286464255,-0.0002892307376529142,0.0012700253735275855,-0.14425786038447885,0.030489612967098623,9.6430214750868117
1786615490.2960587,1786615490.2952633,vesc,-0.00087570614321554941,-0.00087570614321554941,nan,nan,0.01,1,0,1,0,0,1786615490.2952633,nan,-0.00014836720104183631,-0.0013487319266381099,-0.00087570614321554941,-0.11033664431200574,0.030578673374314747,9.6098864720100892
1786615490.3161755,1786615490.3158174,vesc,-0.00087284285493222644,-0.00087284285493222644,nan,nan,0.01,1,0,1,0,0,1786615490.3158174,nan,-0.00014836720104183631,-0.00028347165179561784,-0.00087284285493222644,-0.15321930347676815,0.0066813943412782351,9.5901579655547948
1786615490.3354335,1786615490.3350832,vesc,0.0012575316630191562,0.0012575316630191562,nan,nan,0.01,1,0,1,0,0,1786615490.3350832,nan,-0.00017335514220734541,-0.0002891974481392882,0.0012575316630191562,-0.1063896091248191,0.020805344353952648,9.681762788770925
1786615490.3556039,1786615490.3552418,vesc,0.00019234440404346486,0.00019234440404346486,nan,nan,0.01,1,0,1,0,0,1786615490.3552418,nan,-0.00016086117162459086,-0.00028633454996745305,0.00019234440404346486,-0.14865430893142761,0.01141979538322957,9.6093859503288286
1786615490.3761463,1786615490.3754027,vesc,0.00016735691800802484,0.00016735691800802484,nan,nan,0.01,1,0,1,0,0,1786615490.3754027,nan,-0.0022912428416199163,-0.00028626693064290023,0.00016735691800802484,-0.13456608175340801,0.016144967099201324,9.6335162409155828
1786615490.3960752,1786615490.3951905,vesc,-0.00090069356423240813,-0.00090069356423240813,nan,nan,0.01,1,0,1,0,0,1786615490.3951905,nan,-0.0022787488710371622,-0.001348664307313557,-0.00090069356423240813,-0.138400740759967,0.059474189105973352,9.5521510621880452
1786615490.4173553,1786615490.4151516,vesc,0.00017985066102574486,0.00017985066102574486,nan,nan,0.01,1,0,1,0,0,1786615490.4151516,nan,-0.0012260522666965789,-0.00028630022015652622,0.00017985066102574486,-0.1392434342068265,-0.0077792091269870411,9.6238157097332078
1786615490.4359691,1786615490.4352267,vesc,-0.00089783040598624762,-0.00089783040598624762,nan,nan,0.01,1,0,1,0,0,1786615490.4352267,nan,-0.0022787488710371622,-0.00028340403247106507,-0.00089783040598624762,-0.11507016658318836,0.049751767409063063,9.6050929244131567
1786615490.4560764,1786615490.4555302,vesc,-0.0019351668906431761,-0.0019351668906431761,nan,nan,0.01,1,0,1,0,0,1786615490.4555302,nan,-0.00013587375060773214,0.00078465256151601006,-0.0019351668906431761,-0.12476194521425921,0.03056621149542238,9.6145081114594859
1786615490.4759257,1786615490.4749553,vesc,-0.00088533669547781837,-0.00088533669547781837,nan,nan,0.01,1,0,1,0,0,1786615490.4749553,nan,-0.0012135582961138242,-0.00028343732198469102,-0.00088533669547781837,-0.14347135502793318,0.025879777584805197,9.5759527392410746
1786615490.4909179,1786615490.4904501,vesc,0.00020093407383768989,0.00020093407383768989,nan,nan,0.01,1,0,1,0,0,1786615490.4904501,nan,-0.00016086117162459086,0.0029094473148573237,0.00020093407383768989,-0.11117931948631554,0.025595493256641788,9.6817195193732459
1786615490.5158513,1786615490.5152459,vesc,0.0012325442420022975,0.0012325442420022975,nan,nan,0.01,1,0,1,0,0,1786615490.5152459,nan,-0.0023037368122026708,-0.00028912982881473543,0.0012325442420022975,-0.15705398989215169,0.04043053781326833,9.5087670590772859
1786615490.5359864,1786615490.5350857,vesc,-0.00085462269789431371,-0.00085462269789431371,nan,nan,0.01,1,0,1,0,0,1786615490.5350857,nan,0.00091682389403015165,0.001847016648673041,-0.00085462269789431371,-0.10610872349089906,0.01607969755168881,9.657800898002165
1786615490.5558939,1786615490.5552104,vesc,0.00019520762730820652,0.00019520762730820652,nan,nan,0.01,1,0,1,0,0,1786615490.5552104,nan,-0.00016086117162459086,0.00077892676517233987,0.00019520762730820652,-0.13890636048259264,0.040198220616439073,9.5952064517650797
1786615490.5754142,1786615490.5750182,vesc,0.00016735691800802484,0.00016735691800802484,nan,nan,0.01,1,0,1,0,0,1786615490.5750182,nan,-0.0022912428416199163,-0.00028626693064290023,0.00016735691800802484,-0.13963669602137418,0.044820883328618777,9.6574851483434259
1786615490.5954211,1786615490.5950582,vesc,0.0012671622152814249,0.0012671622152814249,nan,nan,0.01,1,0,1,0,0,1786615490.5950582,nan,0.00089183595286464255,-0.0013544910124954062,0.0012671622152814249,-0.12064638230123048,0.039991631169581154,9.672066935361272
1786615490.6112123,1786615490.6108449,vesc,0.0001933852540022181,0.0001933852540022181,nan,nan,0.01,1,0,1,0,0,1786615490.6108449,nan,0.00090432992344739716,-0.004547409979148348,0.0001933852540022181,-0.15694161371152404,0.035666299386047484,9.4991752861106988
1786615490.6361952,1786615490.6350758,vesc,-0.00084785543391536762,-0.00084785543391536762,nan,nan,0.01,1,0,1,0,0,1786615490.6350758,nan,0.0019820149891021394,-0.00028353823082286983,-0.00084785543391536762,-0.096866376492140027,0.016002148850780884,9.6866522307086598
1786615490.6552505,1786615490.6548932,vesc,0.0012825190840360147,0.0012825190840360147,nan,nan,0.01,1,0,1,0,0,1786615490.6548932,nan,0.0019570270479366309,-0.00028926402716654019,0.0012825190840360147,-0.16240547152148821,0.040301972153610421,9.5566078101489893
1786615490.6757157,1786615490.6754353,vesc,0.00017022014127276652,0.00017022014127276652,nan,nan,0.01,1,0,1,0,0,1786615490.6754353,nan,-0.0022912438819172173,0.00077899334419959175,0.00017022014127276652,-0.11512635467350218,0.054528942801468361,9.6098946581123528
1786615490.6953003,1786615490.6949382,vesc,-0.00086034914442379708,-0.00086034914442379708,nan,nan,0.01,1,0,1,0,0,1786615490.6949382,nan,0.00091682389403015165,-0.00028350494130924384,-0.00086034914442379708,-0.16330433478611184,0.0017757994696125934,9.6331396802114568
1786615490.7153351,1786615490.7149296,vesc,-0.00086893874919944086,-0.00086893874919944086,nan,nan,0.01,1,0,1,0,0,1786615490.7149296,nan,0.00091682389403015165,-0.0034792868061340205,-0.00086893874919944086,-0.12036549666731045,0.059216071068973974,9.6481693639674404
1786615490.735266,1786615490.7349639,vesc,-0.00087570614321554941,-0.00087570614321554941,nan,nan,0.01,1,0,1,0,0,1786615490.7349639,nan,-0.00014836720104183631,-0.0013487319266381099,-0.00087570614321554941,-0.16251781115701647,0.025906163146565575,9.5661492970588142
1786615490.7560506,1786615490.7548652,vesc,0.0012632581095486394,0.0012632581095486394,nan,nan,0.01,1,0,1,0,0,1786615490.7548652,nan,-0.00017335514220734541,0.0018413241418429966,0.0012632581095486394,-0.11084224576208168,0.025672749596754585,9.6529816226552612
1786615490.7760105,1786615490.7751207,vesc,0.00018271388429048652,0.00018271388429048652,nan,nan,0.01,1,0,1,0,0,1786615490.7751207,nan,-0.0012260522666965789,0.00077896005468596581,0.00018271388429048652,-0.11980370712692068,0.030604693485081214,9.6001952963731583
1786615490.795125,1786615490.7948415,vesc,0.00018271388429048652,0.00018271388429048652,nan,nan,0.01,1,0,1,0,0,1786615490.7948415,nan,-0.0012260522666965789,0.00077896005468596581,0.00018271388429048652,-0.14448257620063476,0.040018162911739097,9.6622061904631664
1786615490.8161678,1786615490.8158445,vesc,0.00019624847726695978,0.00019624847726695978,nan,nan,0.01,1,0,1,0,0,1786615490.8158445,nan,0.00090432992344739716,-0.0034821497043058562,0.00019624847726695978,-0.17125457497824925,0.064419727771273472,9.4942940302752277
1786615490.8352911,1786615490.8349557,vesc,0.0012796559257898545,0.0012796559257898545,nan,nan,0.01,1,0,1,0,0,1786615490.8349557,nan,0.0019570270479366309,-0.0013545243020090321,0.0012796559257898545,-0.12030930857699662,0.011328761540646326,9.6432506859501927
1786615490.8551207,1786615490.8548436,vesc,-0.0008824734071944954,-0.0008824734071944954,nan,nan,0.01,1,0,1,0,0,1786615490.8548436,nan,-0.0012135582961138242,0.00078182295285780096,-0.0008824734071944954,-0.13417281993886032,0.044975213283347415,9.6000654881801211
1786615490.8750556,1786615490.8748155,vesc,0.00019807085057294823,0.00019807085057294823,nan,nan,0.01,1,0,1,0,0,1786615490.8748155,nan,-0.00016086117162459086,0.0018441870400148319,0.00019807085057294823,-0.11050517203784782,0.059280171173305973,9.6243337730621761
1786615490.8951311,1786615490.8948615,vesc,-0.00088819985372397866,-0.00088819985372397866,nan,nan,0.01,1,0,1,0,0,1786615490.8948615,nan,-0.0012135582961138242,-0.001348698637124484,-0.00088819985372397866,-0.15282605993477016,0.025931635080841176,9.5566814850693618
1786615490.9151177,1786615490.9148273,vesc,-0.0008535818804448511,-0.0008535818804448511,nan,nan,0.01,1,0,1,0,0,1786615490.9148273,nan,0.0019820149891021394,-0.0024140598208051544,-0.0008535818804448511,-0.11134786548470732,0.025556901631684781,9.6960884677322383
1786615490.9352407,1786615490.9349,vesc,0.0023005945942055676,0.0023005945942055676,nan,nan,0.01,1,0,1,0,0,1786615490.9349,nan,-0.0023162318230827263,0.00077326754785592144,0.0023005945942055676,-0.16173132407302049,0.059616532268101707,9.4991834722129624
1786615490.955091,1786615490.9548154,vesc,-0.00092177700955364383,-0.00092177700955364383,nan,nan,0.01,1,0,1,0,0,1786615490.9548154,nan,-0.0033439404862578002,-0.004544412882624708,-0.00092177700955364383,-0.11580050212196991,0.035214346141877684,9.6673201654915601
1786615490.9750681,1786615490.9748497,vesc,0.00020483814706118484,0.00020483814706118484,nan,nan,0.01,1,0,1,0,0,1786615490.9748497,nan,0.00090432992344739716,-0.00028636783948107899,0.00020483814706118484,-0.11056136012816165,0.04010718677385583,9.6290711873864439
1786615490.9950566,1786615490.9947946,vesc,0.003378275498671107,0.003378275498671107,nan,nan,0.01,1,0,1,0,0,1786615490.9947946,nan,-0.0012635336582961921,0.00077037136017046024,0.003378275498671107,-0.13856928675835878,0.01632535370979582,9.5664042356721666
1786615491.0151639,1786615491.0148311,vesc,0.0012603948212653164,0.0012603948212653164,nan,nan,0.01,1,0,1,0,0,1786615491.0148311,nan,-0.00017335514220734541,0.00077606386700050461,0.0012603948212653164,-0.096810206674375898,0.02080505199315752,9.6818750553162545
1786615491.0350957,1786615491.0348089,vesc,0.00018271388429048652,0.00018271388429048652,nan,nan,0.01,1,0,1,0,0,1786615491.0348089,nan,-0.0012260522666965789,0.00077896005468596581,0.00018271388429048652,-0.1475869179409619,0.054774598959575371,9.5184979957823543
1786615491.0550547,1786615491.0547683,vesc,0.00018557710755522823,0.00018557710755522823,nan,nan,0.01,1,0,1,0,0,1786615491.0547683,nan,-0.0012260522666965789,0.0018442203295284576,0.00018557710755522823,-0.11095460367015963,0.0064869378674181633,9.6625090762469199
1786615491.0706298,1786615491.0702965,vesc,0.0033754126004992718,0.0033754126004992718,nan,nan,0.01,1,0,1,0,0,1786615491.0702965,nan,-0.0012635336582961921,-0.00029488891467203179,0.0033754126004992718,-0.12019695066891867,0.025724570547691172,9.6337103684835483
1786615491.0952106,1786615491.0948038,vesc,-0.0019323037323970157,-0.0019323037323970157,nan,nan,0.01,1,0,1,0,0,1786615491.0948038,nan,-0.00013587375060773214,0.001849912836358502,-0.0019323037323970157,-0.14831723520719375,0.035447101879899634,9.5807123729857722
1786615491.1152997,1786615491.1147847,vesc,0.0033907694692538615,0.0033907694692538615,nan,nan,0.01,1,0,1,0,0,1786615491.1147847,nan,-0.00019834256322420413,0.0007703380706568343,0.0033907694692538615,-0.13946815002298241,0.025699427519310092,9.6430647444844908
1786615491.1355686,1786615491.134747,vesc,-0.00087674696066501203,-0.00087674696066501203,nan,nan,0.01,1,0,1,0,0,1786615491.134747,nan,-0.0012135582961138242,0.0029123435025427851,-0.00087674696066501203,-0.12470577539649508,0.059319237884555065,9.609795255442009
1786615491.1556766,1786615491.1552899,vesc,-0.00088533669547781837,-0.00088533669547781837,nan,nan,0.01,1,0,1,0,0,1786615491.1552899,nan,-0.0012135582961138242,-0.00028343732198469102,-0.00088533669547781837,-0.13890636048259264,0.025828139359365565,9.5951678601401227
1786615491.1750553,1786615491.1747887,vesc,0.0012700253735275855,0.0012700253735275855,nan,nan,0.01,1,0,1,0,0,1786615491.1747887,nan,0.00089183595286464255,-0.0002892307376529142,0.0012700253735275855,-0.12470577539649508,0.020999069925824898,9.6096923444421236
1786615491.1960618,1786615491.195008,vesc,0.00020197492379644315,0.00020197492379644315,nan,nan,0.01,1,0,1,0,0,1786615491.195008,nan,0.00090432992344739716,-0.0013516281143235711,0.00020197492379644315,-0.11918572949621709,0.04990638972458683,9.5475598282613419
1786615491.2151847,1786615491.2148728,vesc,0.00017985066102574486,0.00017985066102574486,nan,nan,0.01,1,0,1,0,0,1786615491.2148728,nan,-0.0012260522666965789,-0.00028630022015652622,0.00017985066102574486,-0.11585667193973403,0.011251359020135965,9.6720447159408423
1786615491.2358527,1786615491.234899,vesc,0.0012229136897400283,0.0012229136897400283,nan,nan,0.01,1,0,1,0,0,1786615491.234899,nan,-0.0033689294677206097,0.00077616373554138254,0.0012229136897400283,-0.1334986724903926,0.054709731408156159,9.5426142530509424
1786615491.2553749,1786615491.2549098,vesc,-0.00086711640840274296,-0.00086711640840274296,nan,nan,0.01,1,0,1,0,0,1786615491.2549098,nan,-0.00014836720104183631,0.0018470499381866669,-0.00086711640840274296,-0.11991606503499863,0.020998923745427334,9.6097484777147884
1786615491.2761564,1786615491.2748384,vesc,0.00019234440404346486,0.00019234440404346486,nan,nan,0.01,1,0,1,0,0,1786615491.2748384,nan,-0.00016086117162459086,-0.00028633454996745305,0.00019234440404346486,-0.11997223485276276,0.049726149294389899,9.6146157002320933
1786615491.2961483,1786615491.2948656,vesc,-0.00086034914442379708,-0.00086034914442379708,nan,nan,0.01,1,0,1,0,0,1786615491.2948656,nan,0.00091682389403015165,-0.00028350494130924384,-0.00086034914442379708,-0.11529488239934427,0.030540191384655913,9.6241992870964168
1786615491.315572,1786615491.3148608,vesc,0.0012603948212653164,0.0012603948212653164,nan,nan,0.01,1,0,1,0,0,1786615491.3148608,nan,-0.00017335514220734541,0.00077606386700050461,0.0012603948212653164,-0.15733487552607173,0.035576179170949018,9.5327032220960746
1786615491.336437,1786615491.3355606,vesc,0.00018271388429048652,0.00018271388429048652,nan,nan,0.01,1,0,1,0,0,1786615491.3355606,nan,-0.0012260522666965789,0.00077896005468596581,0.00018271388429048652,-0.106614324940975,0.015963813041519614,9.7009089125223227
1786615491.3550379,1786615491.3547769,vesc,0.00017412421449626149,0.00017412421449626149,nan,nan,0.01,1,0,1,0,0,1786615491.3547769,nan,-0.0012260522666965789,-0.0024168218101388111,0.00017412421449626149,-0.1719848922444811,0.0642523877611616,9.5565598629785882
1786615491.3752387,1786615491.3748043,vesc,-0.00087284285493222644,-0.00087284285493222644,nan,nan,0.01,1,0,1,0,0,1786615491.3748043,nan,-0.00014836720104183631,-0.00028347165179561784,-0.00087284285493222644,-0.14363988275377526,0.02584118595984819,9.590321687600067
1786615491.3952632,1786615491.3948858,vesc,0.00020770137032592652,0.00020770137032592652,nan,nan,0.01,1,0,1,0,0,1786615491.3948858,nan,0.00090432992344739716,0.00077889243536141293,0.00020770137032592652,-0.11529488239934427,0.035330230652046879,9.624213320414583
1786615491.4154141,1786615491.4147589,vesc,0.0012479011107568872,0.0012479011107568872,nan,nan,0.01,1,0,1,0,0,1786615491.4147589,nan,-0.0012385462372793334,0.00077609715651413066,0.0012479011107568872,-0.16719518188298466,0.0019819503752778189,9.5564487658764392
1786615491.4351451,1786615491.4347124,vesc,-0.00088533669547781837,-0.00088533669547781837,nan,nan,0.01,1,0,1,0,0,1786615491.4347124,nan,-0.0012135582961138242,-0.00028343732198469102,-0.00088533669547781837,-0.073198728591127526,0.025517067473348476,9.7109076517157291
1786615491.4552763,1786615491.45472,vesc,0.0012325442420022975,0.0012325442420022975,nan,nan,0.01,1,0,1,0,0,1786615491.45472,nan,-0.0023037368122026708,-0.00028912982881473543,0.0012325442420022975,-0.15282605993477016,-0.0028085274333058408,9.5566043018194478
1786615491.4750183,1786615491.4747219,vesc,0.0012700253735275855,0.0012700253735275855,nan,nan,0.01,1,0,1,0,0,1786615491.4747219,nan,0.00089183595286464255,-0.0002892307376529142,0.0012700253735275855,-0.11985987694468481,0.040171871599778086,9.6050110633905206
1786615491.4950056,1786615491.4947121,vesc,-0.00088533669547781837,-0.00088533669547781837,nan,nan,0.01,1,0,1,0,0,1786615491.4947121,nan,-0.0012135582961138242,-0.00028343732198469102,-0.00088533669547781837,-0.12064638230123048,0.039991631169581154,9.672066935361272
1786615491.5151851,1786615491.5147092,vesc,0.0012507643990402101,0.0012507643990402101,nan,nan,0.01,1,0,1,0,0,1786615491.5147092,nan,-0.0012385462372793334,0.0018413574313566226,0.0012507643990402101,-0.14358371293601113,0.064174217793564026,9.5856357287757419
1786615491.535274,1786615491.5347776,vesc,-0.00086321230266995738,-0.00086321230266995738,nan,nan,0.01,1,0,1,0,0,1786615491.5347776,nan,0.00091682389403015165,-0.0013487652161517359,-0.00086321230266995738,-0.12977637139191156,-0.022175347039926407,9.6334694631883622
1786615491.5550954,1786615491.5546572,vesc,0.0012439971350612642,0.0012439971350612642,nan,nan,0.01,1,0,1,0,0,1786615491.5546572,nan,-0.0023037378524999718,0.0039719123108525331,0.0012439971350612642,-0.12002842294307658,0.04971328541940423,9.6194057394994843
1786615491.5754671,1786615491.5746951,vesc,-0.0019283997567013926,-0.0019283997567013926,nan,nan,0.01,1,0,1,0,0,1786615491.5746951,nan,0.00092931734446425576,-0.0013459023179799006,-0.0019283997567013926,-0.10560310376827342,0.016195545516758614,9.6146940529251879
1786615491.595314,1786615491.5947564,vesc,-0.00085462269789431371,-0.00085462269789431371,nan,nan,0.01,1,0,1,0,0,1786615491.5947564,nan,0.00091682389403015165,0.001847016648673041,-0.00085462269789431371,-0.12042166648507457,0.025673078502649105,9.6528693561099317
1786615491.615021,1786615491.6147063,vesc,0.0012354074002484579,0.0012354074002484579,nan,nan,0.01,1,0,1,0,0,1786615491.6147063,nan,-0.0023037378524999718,0.0007761304460277566,0.0012354074002484579,-0.14775544566680399,0.054735970789518973,9.5328669441413467
1786615491.6353245,1786615491.6346855,vesc,0.0012728886618109084,0.0012728886618109084,nan,nan,0.01,1,0,1,0,0,1786615491.6346855,nan,0.00089183595286464255,0.00077602953718957789,0.0012728886618109084,-0.10627725121674114,0.0016710246696582942,9.6721324241793809
1786615491.655184,1786615491.6547503,vesc,0.00018948118077872315,0.00018948118077872315,nan,nan,0.01,1,0,1,0,0,1786615491.6547503,nan,-0.00016086117162459086,-0.001351594824809945,0.00018948118077872315,-0.14319046939401314,0.069054377276053458,9.5521206566653518
1786615491.675081,1786615491.6746926,vesc,0.00020483814706118484,0.00020483814706118484,nan,nan,0.01,1,0,1,0,0,1786615491.6746926,nan,0.00090432992344739716,-0.00028636783948107899,0.00020483814706118484,-0.13462226984372183,0.04487222919326328,9.6383822939897073
1786615491.6953042,1786615491.6948309,vesc,-0.0019351668906431761,-0.0019351668906431761,nan,nan,0.01,1,0,1,0,0,1786615491.6948309,nan,-0.00013587375060773214,0.00078465256151601006,-0.0019351668906431761,-0.15316313365900402,0.021064339473337412,9.5854076873555414
1786615491.7153709,1786615491.7149429,vesc,0.00022696240983188315,0.00022696240983188315,nan,nan,0.01,1,0,1,0,0,1786615491.7149429,nan,0.0030347123736656984,-0.0013516957336481238,0.00022696240983188315,-0.077595177138076288,0.039977415125918014,9.6773621740826457
1786615491.7360041,1786615491.7353404,vesc,-0.0008824734071944954,-0.0008824734071944954,nan,nan,0.01,1,0,1,0,0,1786615491.7353404,nan,-0.0012135582961138242,0.00078182295285780096,-0.0008824734071944954,-0.15677306771313226,0.026124885566421341,9.4847806100017351
1786615491.7562022,1786615491.755003,vesc,0.002313088564788322,0.002313088564788322,nan,nan,0.01,1,0,1,0,0,1786615491.755003,nan,-0.0012510396877134374,0.00077323425834229539,0.002313088564788322,-0.1014875408552447,0.0064608812115523051,9.6722014213270313
1786615491.7751575,1786615491.7747834,vesc,0.00015199995172556318,0.00015199995172556318,nan,nan,0.01,1,0,1,0,0,1786615491.7747834,nan,-0.0033564344568405551,-0.0013514939159717662,0.00015199995172556318,-0.11056136012816165,0.04010718677385583,9.6290711873864439
1786615491.7950022,1786615491.7946568,vesc,0.00020197492379644315,0.00020197492379644315,nan,nan,0.01,1,0,1,0,0,1786615491.7946568,nan,0.00090432992344739716,-0.0013516281143235711,0.00020197492379644315,-0.12476194521425921,0.044936292752495888,9.6145467030844429
1786615491.8151343,1786615491.8145621,vesc,0.0012603948212653164,0.0012603948212653164,nan,nan,0.01,1,0,1,0,0,1786615491.8145621,nan,-0.00017335514220734541,0.00077606386700050461,0.0012603948212653164,-0.11512635467350218,0.040158861544394853,9.6098560664873958
1786615491.8355248,1786615491.8350368,vesc,0.0012575316630191562,0.0012575316630191562,nan,nan,0.01,1,0,1,0,0,1786615491.8350368,nan,-0.00017335514220734541,-0.0002891974481392882,0.0012575316630191562,-0.14296573530530754,0.021205659372682817,9.5328330302891118
1786615491.8550038,1786615491.854579,vesc,0.0012575316630191562,0.0012575316630191562,nan,nan,0.01,1,0,1,0,0,1786615491.854579,nan,-0.00017335514220734541,-0.0002891974481392882,0.0012575316630191562,-0.12059021248346635,0.035214492322275248,9.6672640322188954
1786615491.8753629,1786615491.8746133,vesc,0.00019234440404346486,0.00019234440404346486,nan,nan,0.01,1,0,1,0,0,1786615491.8746133,nan,-0.00016086117162459086,-0.00028633454996745305,0.00019234440404346486,-0.13918724611651268,0.011393738727363711,9.61907829540894
1786615491.8953531,1786615491.8944852,vesc,0.00018844033081996989,0.00018844033081996989,nan,nan,0.01,1,0,1,0,0,1786615491.8944852,nan,-0.0012260522666965789,0.0029094806043709499,0.00018844033081996989,-0.12425634376418326,0.035472135272982541,9.5714141302574944
1786615491.9149556,1786615491.9147081,vesc,-0.00086034914442379708,-0.00086034914442379708,nan,nan,0.01,1,0,1,0,0,1786615491.9147081,nan,0.00091682389403015165,-0.00028350494130924384,-0.00086034914442379708,-0.10126282503908879,0.0065123732565943726,9.653042433700648
1786615491.9382951,1786615491.9373314,vesc,-0.0019226731801347467,-0.0019226731801347467,nan,nan,0.01,1,0,1,0,0,1786615491.9373314,nan,0.00092931734446425576,0.00078461823170508345,-0.0019226731801347467,-0.18122725751578983,0.069119939184361101,9.5277225635902596
1786615491.9547644,1786615491.954469,vesc,-0.00086997969668606593,-0.00086997969668606593,nan,nan,0.01,1,0,1,0,0,1786615491.954469,nan,-0.00014836720104183631,0.00078178966334417502,-0.00086997969668606593,-0.12470575712394538,0.006629025213850781,9.6096537528171666
1786615491.9747419,1786615491.9744868,vesc,0.0012671622152814249,0.0012671622152814249,nan,nan,0.01,1,0,1,0,0,1786615491.9744868,nan,0.00089183595286464255,-0.0013544910124954062,0.0012671622152814249,-0.11980370712692068,0.025814690762789638,9.6001824324981726
1786615491.9952209,1786615491.9946928,vesc,0.0044752180278098347,0.0044752180278098347,nan,nan,0.01,1,0,1,0,0,1786615491.9946928,nan,0.0019195456563370174,-0.0013631129965245377,0.0044752180278098347,-0.13428517784693828,0.049739524800767043,9.6096572611467082
1786615492.0147643,1786615492.0144877,vesc,-0.00088533669547781837,-0.00088533669547781837,nan,nan,0.01,1,0,1,0,0,1786615492.0144877,nan,-0.0012135582961138242,-0.00028343732198469102,-0.00088533669547781837,-0.14476348010710449,-0.0079464395018007394,9.6860254091639035
1786615492.0357566,1786615492.0346532,vesc,-0.00087570614321554941,-0.00087570614321554941,nan,nan,0.01,1,0,1,0,0,1786615492.0346532,nan,-0.00014836720104183631,-0.0013487319266381099,-0.00087570614321554941,-0.15744721516159998,0.059500501577534948,9.5423464505626043
1786615492.0547225,1786615492.0544512,vesc,0.0034128939920988854,0.0034128939920988854,nan,nan,0.01,1,0,1,0,0,1786615492.0544512,nan,0.0019320396269197719,-0.00029498982351021055,0.0034128939920988854,-0.11084224576208168,-0.012647418361975582,9.6528787116553758
1786615492.0748165,1786615492.0744786,vesc,0.0012671622152814249,0.0012671622152814249,nan,nan,0.01,1,0,1,0,0,1786615492.0744786,nan,0.00089183595286464255,-0.0013544910124954062,0.0012671622152814249,-0.13439753575501623,0.049713760505696314,9.6192373396814901
1786615492.0947902,1786615492.0945008,vesc,0.00020483814706118484,0.00020483814706118484,nan,nan,0.01,1,0,1,0,0,1786615492.0945008,nan,0.00090432992344739716,-0.00028636783948107899,0.00020483814706118484,-0.10560310376827342,0.054515713475488781,9.6147969639250732
1786615492.1149905,1786615492.1144054,vesc,-0.00086997969668606593,-0.00086997969668606593,nan,nan,0.01,1,0,1,0,0,1786615492.1144054,nan,-0.00014836720104183631,0.00078178966334417502,-0.00086997969668606593,-0.16736372788137643,0.030683448174269046,9.5708948974853456
1786615492.1352212,1786615492.1349263,vesc,-0.0019351668906431761,-0.0019351668906431761,nan,nan,0.01,1,0,1,0,0,1786615492.1349263,nan,-0.00013587375060773214,0.00078465256151601006,-0.0019351668906431761,-0.082721961223806595,0.044690344233593748,9.7060568014029514
1786615492.1549575,1786615492.1544874,vesc,-0.00087284285493222644,-0.00087284285493222644,nan,nan,0.01,1,0,1,0,0,1786615492.1544874,nan,-0.00014836720104183631,-0.00028347165179561784,-0.00087284285493222644,-0.17643751060919399,0.049959709024598453,9.5277272413629817
1786615492.1746089,1786615492.1743798,vesc,0.00017022014127276652,0.00017022014127276652,nan,nan,0.01,1,0,1,0,0,1786615492.1743798,nan,-0.0022912438819172173,0.00077899334419959175,0.00017022014127276652,-0.12008459276084071,0.01617029285307936,9.6241045621987951
1786615492.1946342,1786615492.1943643,vesc,-0.00086997969668606593,-0.00086997969668606593,nan,nan,0.01,1,0,1,0,0,1786615492.1943643,nan,-0.00014836720104183631,0.00078178966334417502,-0.00086997969668606593,-0.12960782539351978,0.059293656314981291,9.6193192007041262
1786615492.2147074,1786615492.214467,vesc,0.00016735691800802484,0.00016735691800802484,nan,nan,0.01,1,0,1,0,0,1786615492.214467,nan,-0.0022912428416199163,-0.00028626693064290023,0.00016735691800802484,-0.13422900802917415,0.011432184171923154,9.6047643108794318
1786615492.2347908,1786615492.2344365,vesc,0.0012229136897400283,0.0012229136897400283,nan,nan,0.01,1,0,1,0,0,1786615492.2344365,nan,-0.0033689294677206097,0.00077616373554138254,0.0012229136897400283,-0.1106737180362396,0.059241543003249575,9.6387027214211685
1786615492.2547715,1786615492.2544968,vesc,-0.0019783745987351099,-0.0019783745987351099,nan,nan,0.01,1,0,1,0,0,1786615492.2544968,nan,-0.0033314465156750457,-0.0013457681196280958,-0.0019783745987351099,-0.17694314860436933,0.016313695823090058,9.5707440393150591
1786615492.2746403,1786615492.2743976,vesc,-0.0008824734071944954,-0.0008824734071944954,nan,nan,0.01,1,0,1,0,0,1786615492.2743976,nan,-0.0012135582961138242,0.00078182295285780096,-0.0008824734071944954,-0.10588400767474315,0.054451357555461044,9.6387459908188475
1786615492.2953229,1786615492.2947545,vesc,-0.0019073163113801567,-0.0019073163113801567,nan,nan,0.01,1,0,1,0,0,1786615492.2947545,nan,0.0019945084395362441,0.0018498452170339493,-0.0019073163113801567,-0.10599636558282111,0.030475506558733656,9.6482605805355206
1786615492.3150413,1786615492.3143573,vesc,-0.0019476606011516052,-0.0019476606011516052,nan,nan,0.01,1,0,1,0,0,1786615492.3143573,nan,-0.0012010648456797202,0.00078468585102963622,-0.0019476606011516052,-0.12876515021920998,0.04990671863048135,9.5474475617160124
1786615492.3345578,1786615492.3343446,vesc,0.0012825190840360147,0.0012825190840360147,nan,nan,0.01,1,0,1,0,0,1786615492.3343446,nan,0.0019570270479366309,-0.00028926402716654019,0.0012825190840360147,-0.11157258130086323,0.020715406864351138,9.715234591483636
1786615492.3546727,1786615492.3544018,vesc,-0.00088533669547781837,-0.00088533669547781837,nan,nan,0.01,1,0,1,0,0,1786615492.3544018,nan,-0.0012135582961138242,-0.00028343732198469102,-0.00088533669547781837,-0.13361103039847055,0.040313958946210704,9.5521557399607673
1786615492.3745894,1786615492.3743036,vesc,-0.0019255363383809071,-0.0019255363383809071,nan,nan,0.01,1,0,1,0,0,1786615492.3743036,nan,0.00092931734446425576,-0.00028064204313740869,-0.0019255363383809071,-0.12921458185152179,0.035433653283323707,9.5857269453438221
1786615492.3945687,1786615492.3942893,vesc,0.0012575316630191562,0.0012575316630191562,nan,nan,0.01,1,0,1,0,0,1786615492.3942893,nan,-0.00017335514220734541,-0.0002891974481392882,0.0012575316630191562,-0.12075874020930843,0.025595822162536308,9.6816072528279165
1786615492.4147036,1786615492.4143829,vesc,0.00020197492379644315,0.00020197492379644315,nan,nan,0.01,1,0,1,0,0,1786615492.4143829,nan,0.00090432992344739716,-0.0013516281143235711,0.00020197492379644315,-0.15288222975253429,0.059448863352095316,9.5615615714616524
1786615492.434685,1786615492.4343884,vesc,-0.0009035568525157311,-0.0009035568525157311,nan,nan,0.01,1,0,1,0,0,1786615492.4343884,nan,-0.0022787488710371622,-0.0024139256224533496,-0.0009035568525157311,-0.11123550757662937,0.016002587391973577,9.6864838308906656
1786615492.4547246,1786615492.4543281,vesc,-0.00086034914442379708,-0.00086034914442379708,nan,nan,0.01,1,0,1,0,0,1786615492.4543281,nan,0.00091682389403015165,-0.00028350494130924384,-0.00086034914442379708,-0.15711015970991582,0.059577757917647745,9.5136085538446196
1786615492.4746258,1786615492.4743066,vesc,0.00019807085057294823,0.00019807085057294823,nan,nan,0.01,1,0,1,0,0,1786615492.4743066,nan,-0.00016086117162459086,0.0018441870400148319,0.00019807085057294823,-0.12972020157414743,0.011367645526398462,9.6287694710458709
1786615492.4945455,1786615492.4942734,vesc,0.00017698743776100315,0.00017698743776100315,nan,nan,0.01,1,0,1,0,0,1786615492.4942734,nan,-0.0012260522666965789,-0.001351561535296319,0.00017698743776100315,-0.14893521283789735,0.040095528887150067,9.6334121604725169
1786615492.5147691,1786615492.5145013,vesc,-0.00089678945849962254,-0.00089678945849962254,nan,nan,0.01,1,0,1,0,0,1786615492.5145013,nan,-0.0012135582961138242,-0.0045444805019492608,-0.00089678945849962254,-0.12972020157414743,0.054477852752519595,9.6288852459207419
1786615492.5353606,1786615492.5348706,vesc,0.0012575316630191562,0.0012575316630191562,nan,nan,0.01,1,0,1,0,0,1786615492.5348706,nan,-0.00017335514220734541,-0.0002891974481392882,0.0012575316630191562,-0.14781163375711781,0.021192941678094712,9.537566936283838
1786615492.5548546,1786615492.5544889,vesc,-0.0019380303089636616,-0.0019380303089636616,nan,nan,0.01,1,0,1,0,0,1786615492.5544889,nan,-0.00013587375060773214,-0.00028060875362378264,-0.0019380303089636616,-0.087286955769147134,0.025581898479668297,9.6867902250039606
1786615492.5749869,1786615492.5745683,vesc,-0.003018574501712524,-0.003018574501712524,nan,nan,0.01,1,0,1,0,0,1786615492.5745683,nan,-0.0011885708750969657,-0.0013429728407808135,-0.003018574501712524,-0.15293841784284812,0.025905870785770446,9.5662615636041437
1786615492.5947678,1786615492.5944655,vesc,0.0012325442420022975,0.0012325442420022975,nan,nan,0.01,1,0,1,0,0,1786615492.5944655,nan,-0.0023037368122026708,-0.00028912982881473543,0.0012325442420022975,-0.12470577539649508,0.03057911191550744,9.609718072192095
1786615492.615133,1786615492.6142609,vesc,0.0012603948212653164,0.0012603948212653164,nan,nan,0.01,1,0,1,0,0,1786615492.6142609,nan,-0.00017335514220734541,0.00077606386700050461,0.0012603948212653164,-0.13417281993886032,0.044975213283347415,9.6000654881801211
1786615492.6355329,1786615492.6350024,vesc,0.0012393115059812433,0.0012393115059812433,nan,nan,0.01,1,0,1,0,0,1786615492.6350024,nan,-0.0012385462372793334,-0.0024196847083106463,0.0012393115059812433,-0.12955165557575565,0.0018262317067723188,9.6143747949369072
1786615492.6544349,1786615492.6542037,vesc,-0.0008824734071944954,-0.0008824734071944954,nan,nan,0.01,1,0,1,0,0,1786615492.6542037,nan,-0.0012135582961138242,0.00078182295285780096,-0.0008824734071944954,-0.10120665522132466,0.0783755703267488,9.648445352558042
1786615492.6745598,1786615492.6742268,vesc,0.00020483814706118484,0.00020483814706118484,nan,nan,0.01,1,0,1,0,0,1786615492.6742268,nan,0.00090432992344739716,-0.00028636783948107899,0.00020483814706118484,-0.14392078666024499,0.011406748782746945,9.6142321228688843
1786615492.6962876,1786615492.6958015,vesc,-0.00086034914442379708,-0.00086034914442379708,nan,nan,0.01,1,0,1,0,0,1786615492.6958015,nan,0.00091682389403015165,-0.00028350494130924384,-0.00086034914442379708,-0.13411665012109619,0.040198074436041509,9.5952625850377444
1786615492.7148879,1786615492.7145631,vesc,0.00018557710755522823,0.00018557710755522823,nan,nan,0.01,1,0,1,0,0,1786615492.7145631,nan,-0.0012260522666965789,0.0018442203295284576,0.00018557710755522823,-0.10182463285202825,0.025543708850804592,9.7009907735449588
1786615492.7357683,1786615492.7343481,vesc,0.0012757519500942313,0.0012757519500942313,nan,nan,0.01,1,0,1,0,0,1786615492.7343481,nan,0.00089183595286464255,0.0018412908523293707,0.0012757519500942313,-0.13304925913063048,0.097922940996911123,9.5044132221162272
1786615492.7545037,1786615492.7542164,vesc,0.00019234440404346486,0.00019234440404346486,nan,nan,0.01,1,0,1,0,0,1786615492.7542164,nan,-0.00016086117162459086,-0.00028633454996745305,0.00019234440404346486,-0.096248398861436435,0.0017736798538479093,9.6339267154719437
1786615492.7745261,1786615492.7742414,vesc,0.00016163047147854149,0.00016163047147854149,nan,nan,0.01,1,0,1,0,0,1786615492.7742414,nan,-0.0022912428416199163,-0.0024167885206251853,0.00016163047147854149,-0.1294392976676777,0.049752242495355148,9.6049245245951624
1786615492.7944736,1786615492.7941921,vesc,0.00020770137032592652,0.00020770137032592652,nan,nan,0.01,1,0,1,0,0,1786615492.7941921,nan,0.00090432992344739716,0.00077889243536141293,0.00020770137032592652,-0.14397695647800912,0.044924013599100476,9.6191122092611749
1786615492.818537,1786615492.8181729,vesc,0.00018948118077872315,0.00018948118077872315,nan,nan,0.01,1,0,1,0,0,1786615492.8181729,nan,-0.00016086117162459086,-0.001351594824809945,0.00018948118077872315,-0.10610872349089906,0.025659739541371351,9.6578266257521364
1786615492.834919,1786615492.8343687,vesc,-0.00087284285493222644,-0.00087284285493222644,nan,nan,0.01,1,0,1,0,0,1786615492.8343687,nan,-0.00014836720104183631,-0.00028347165179561784,-0.00087284285493222644,-0.16189987007141227,0.045207859386071192,9.5135138289469978
1786615492.8551176,1786615492.8542147,vesc,-0.001950524019472091,-0.001950524019472091,nan,nan,0.01,1,0,1,0,0,1786615492.8542147,nan,-0.0012010648456797202,-0.00028057442381285586,-0.001950524019472091,-0.082609603315728641,0.0063959405699343108,9.6963738118682841
1786615492.8744016,1786615492.8741462,vesc,0.0012575316630191562,0.0012575316630191562,nan,nan,0.01,1,0,1,0,0,1786615492.8741462,nan,-0.00017335514220734541,-0.0002891974481392882,0.0012575316630191562,-0.16719518188298466,0.030722076344325444,9.5565259491263532
1786615492.8945625,1786615492.8942492,vesc,0.00016735691800802484,0.00016735691800802484,nan,nan,0.01,1,0,1,0,0,1786615492.8942492,nan,-0.0022912428416199163,-0.00028626693064290023,0.00016735691800802484,-0.11501399676542423,0.049764631284048733,9.6003028851457657
1786615492.9145474,1786615492.9142385,vesc,-0.00087284285493222644,-0.00087284285493222644,nan,nan,0.01,1,0,1,0,0,1786615492.9142385,nan,-0.00014836720104183631,-0.00028347165179561784,-0.00087284285493222644,-0.1343413659372521,0.025776501133925933,9.6143829810391708
1786615492.9346225,1786615492.9341679,vesc,0.0012479011107568872,0.0012479011107568872,nan,nan,0.01,1,0,1,0,0,1786615492.9341679,nan,-0.0012385462372793334,0.00077609715651413066,0.0012479011107568872,-0.091851950314487674,0.030423539427399504,9.6675879679798982
1786615492.9547303,1786615492.9543052,vesc,0.0012603948212653164,0.0012603948212653164,nan,nan,0.01,1,0,1,0,0,1786615492.9543052,nan,-0.00017335514220734541,0.00077606386700050461,0.0012603948212653164,-0.16251781115701647,0.035486205136248117,9.5661750248087856
1786615492.9746435,1786615492.974299,vesc,-0.00084889625136483023,-0.00084889625136483023,nan,nan,0.01,1,0,1,0,0,1786615492.974299,nan,0.00091682389403015165,0.0039775371983580251,-0.00084889625136483023,-0.10594017749250728,0.020908364989136174,9.6434448135181583
1786615492.9971979,1786615492.9942596,vesc,0.00017985066102574486,0.00017985066102574486,nan,nan,0.01,1,0,1,0,0,1786615492.9942596,nan,-0.0012260522666965789,-0.00028630022015652622,0.00017985066102574486,-0.13450991193564388,0.035317914953552076,9.6287776571481345
1786615493.0153387,1786615493.0141807,vesc,0.00019807085057294823,0.00019807085057294823,nan,nan,0.01,1,0,1,0,0,1786615493.0141807,nan,-0.00016086117162459086,0.0018441870400148319,0.00019807085057294823,-0.14431404847479268,0.040056754536696104,9.647837242104174
1786615493.03444,1786615493.0341463,vesc,0.0012507643990402101,0.0012507643990402101,nan,nan,0.01,1,0,1,0,0,1786615493.0341463,nan,-0.0012385462372793334,0.0018413574313566226,0.0012507643990402101,-0.10515367213596161,0.045038655575890374,9.5764544303655157
1786615493.0544593,1786615493.0541191,vesc,0.00020483814706118484,0.00020483814706118484,nan,nan,0.01,1,0,1,0,0,1786615493.0541191,nan,0.00090432992344739716,-0.00028636783948107899,0.00020483814706118484,-0.13918724611651268,-0.012556384519392338,9.6190139760340116
1786615493.0743661,1786615493.0740983,vesc,-0.00088533669547781837,-0.00088533669547781837,nan,nan,0.01,1,0,1,0,0,1786615493.0740983,nan,-0.0012135582961138242,-0.00028343732198469102,-0.00088533669547781837,-0.12030930857699662,0.068809013478741576,9.6434050524500208
1786615493.0944333,1786615493.0941648,vesc,0.0012479011107568872,0.0012479011107568872,nan,nan,0.01,1,0,1,0,0,1786615493.0941648,nan,-0.0012385462372793334,0.00077609715651413066,0.0012479011107568872,-0.15378112042598246,0.049662853182244504,9.638170624774034
1786615493.1146896,1786615493.1144254,vesc,0.0012479011107568872,0.0012479011107568872,nan,nan,0.01,1,0,1,0,0,1786615493.1144254,nan,-0.0012385462372793334,0.00077609715651413066,0.0012479011107568872,-0.14307809321338549,0.054710023768951288,9.5425019865056129
1786615493.1348891,1786615493.1346345,vesc,-0.001944797442905445,-0.001944797442905445,nan,nan,0.01,1,0,1,0,0,1786615493.1346345,nan,-0.0012010648456797202,0.0018499461258721284,-0.001944797442905445,-0.11134786548470732,0.011186856919710664,9.6960498761072813
1786615493.1547704,1786615493.1544569,vesc,0.00019234440404346486,0.00019234440404346486,nan,nan,0.01,1,0,1,0,0,1786615493.1544569,nan,-0.00016086117162459086,-0.00028633454996745305,0.00019234440404346486,-0.15232045848469422,0.078737695716615264,9.513716142617227
1786615493.1749454,1786615493.1742907,vesc,0.00017985066102574486,0.00017985066102574486,nan,nan,0.01,1,0,1,0,0,1786615493.1742907,nan,-0.0012260522666965789,-0.00028630022015652622,0.00017985066102574486,-0.11005574040553601,0.035433032016634058,9.585951478434481
1786615493.1944182,1786615493.1941016,vesc,0.0012518052164896727,0.0012518052164896727,nan,nan,0.01,1,0,1,0,0,1786615493.1941016,nan,-0.00017335514220734541,-0.002419717997824272,0.0012518052164896727,-0.12030930857699662,0.068809013478741576,9.6434050524500208
1786615493.2143667,1786615493.2141042,vesc,0.0012642990570352647,0.0012642990570352647,nan,nan,0.01,1,0,1,0,0,1786615493.2141042,nan,0.00089183595286464255,-0.0024197512873378982,0.0012642990570352647,-0.14831723520719375,0.021077057167925517,9.5806737813608152
1786615493.2343087,1786615493.234046,vesc,-0.00087961024894833511,-0.00087961024894833511,nan,nan,0.01,1,0,1,0,0,1786615493.234046,nan,-0.0012135582961138242,0.0018470832277002929,-0.00087961024894833511,-0.096697848766297945,0.059150984246958416,9.6723990572245384
1786615493.25438,1786615493.2540658,vesc,0.0023227191170505914,0.0023227191170505914,nan,nan,0.01,1,0,1,0,0,1786615493.2540658,nan,-0.00018584859264144957,-0.00029206034631112335,0.0023227191170505914,-0.17142308443154164,0.059591096878925498,9.5086501147592344
1786615493.2745161,1786615493.2742026,vesc,-0.00085462269789431371,-0.00085462269789431371,nan,nan,0.01,1,0,1,0,0,1786615493.2742026,nan,0.00091682389403015165,0.001847016648673041,-0.00085462269789431371,-0.1441455024764009,-0.012594866509051172,9.6333267911203393
1786615493.2944887,1786615493.2942293,vesc,0.00020770137032592652,0.00020770137032592652,nan,nan,0.01,1,0,1,0,0,1786615493.2942293,nan,0.00090432992344739716,0.00077889243536141293,0.00020770137032592652,-0.12464958730618125,0.059332101759540734,9.6050063856177985
1786615493.314692,1786615493.3140104,vesc,0.0012603948212653164,0.0012603948212653164,nan,nan,0.01,1,0,1,0,0,1786615493.3140104,nan,-0.00017335514220734541,0.00077606386700050461,0.0012603948212653164,-0.14375224066185321,0.054555547633825086,9.5999789493847629
1786615493.3344994,1786615493.3342378,vesc,0.00017022014127276652,0.00017022014127276652,nan,nan,0.01,1,0,1,0,0,1786615493.3342378,nan,-0.0022912438819172173,0.00077899334419959175,0.00017022014127276652,-0.15338785861143478,0.021012847428295345,9.6045655055387442
1786615493.35954,1786615493.3590713,vesc,-0.0008824734071944954,-0.0008824734071944954,nan,nan,0.01,1,0,1,0,0,1786615493.3590713,nan,-0.0012135582961138242,0.00078182295285780096,-0.0008824734071944954,-0.086781354319071191,0.040067827701811609,9.6437219715519404
1786615493.3761697,1786615493.3754392,vesc,0.0012200505314938681,0.0012200505314938681,nan,nan,0.01,1,0,1,0,0,1786615493.3754392,nan,-0.0033689284274233092,-0.00028909653930110944,0.0012200505314938681,-0.1578966467939118,0.035447430785794154,9.5806001064404427
1786615493.3945441,1786615493.3942156,vesc,0.0012603948212653164,0.0012603948212653164,nan,nan,0.01,1,0,1,0,0,1786615493.3942156,nan,-0.00017335514220734541,0.00077606386700050461,0.0012603948212653164,-0.1392434342068265,0.020960916842060584,9.6238928929831218
1786615493.4143424,1786615493.4140613,vesc,0.00017126099123151978,0.00017126099123151978,nan,nan,0.01,1,0,1,0,0,1786615493.4140613,nan,-0.0012260522666965789,-0.0034820820849813029,0.00017126099123151978,-0.13389193430494029,0.054619611193057693,9.5761421890363181
1786615493.4344983,1786615493.4340885,vesc,0.00018375473424923978,0.00018375473424923978,nan,nan,0.01,1,0,1,0,0,1786615493.4340885,nan,-0.00016086117162459086,-0.00348211641479223,0.00018375473424923978,-0.12521137684657102,0.016093182693364128,9.6527874950872956
1786615493.4551501,1786615493.4547126,vesc,-0.0030128481852202027,-0.0030128481852202027,nan,nan,0.01,1,0,1,0,0,1786615493.4547126,nan,-0.0011885708750969657,0.00078754874920147137,-0.0030128481852202027,-0.12932693975959975,0.073728056946983145,9.5954087654353089
1786615493.4748878,1786615493.4743862,vesc,0.0012757519500942313,0.0012757519500942313,nan,nan,0.01,1,0,1,0,0,1786615493.4743862,nan,0.00089183595286464255,0.0018412908523293707,0.0012757519500942313,-0.12476194521425921,0.011406127516057296,9.6144566559595432
1786615493.4942966,1786615493.4940608,vesc,0.00021342781685540992,0.00021342781685540992,nan,nan,0.01,1,0,1,0,0,1786615493.4940608,nan,0.00090432992344739716,0.002909414025343698,0.00021342781685540992,-0.11540724030742222,0.040094469079267725,9.6338050933811701
1786615493.5146134,1786615493.5141191,vesc,-0.0019226731801347467,-0.0019226731801347467,nan,nan,0.01,1,0,1,0,0,1786615493.5141191,nan,0.00092931734446425576,0.00078461823170508345,-0.0019226731801347467,-0.1057716497666652,0.049687082583140807,9.6291530484090799
1786615493.5344267,1786615493.5340433,vesc,0.001291108818848821,0.001291108818848821,nan,nan,0.01,1,0,1,0,0,1786615493.5340433,nan,0.0019570270479366309,0.0029065178376582366,0.001291108818848821,-0.16212458588756817,0.025996283361664041,9.5326213610734385
1786615493.5556741,1786615493.5552106,vesc,-0.0008824734071944954,-0.0008824734071944954,nan,nan,0.01,1,0,1,0,0,1786615493.5552106,nan,-0.0012135582961138242,0.00078182295285780096,-0.0008824734071944954,-0.092189024038721534,0.030346319632386098,9.6963258646978829
1786615493.5747602,1786615493.5743322,vesc,-0.00090069356423240813,-0.00090069356423240813,nan,nan,0.01,1,0,1,0,0,1786615493.5743322,nan,-0.0022787488710371622,-0.001348664307313557,-0.00090069356423240813,-0.15271370202669221,0.035537404820495055,9.5471283037277317
1786615493.5952046,1786615493.5945606,vesc,0.00017412421449626149,0.00017412421449626149,nan,nan,0.01,1,0,1,0,0,1786615493.5945606,nan,-0.0012260522666965789,-0.0024168218101388111,0.00017412421449626149,-0.14397695647800912,0.044924013599100476,9.6191122092611749
1786615493.6144633,1786615493.6141138,vesc,-0.00088819985372397866,-0.00088819985372397866,nan,nan,0.01,1,0,1,0,0,1786615493.6141138,nan,-0.0012135582961138242,-0.001348698637124484,-0.00088819985372397866,-0.12459341748841712,0.059344965634526403,9.6002163463504075
1786615493.6355193,1786615493.6339781,vesc,0.00017698743776100315,0.00017698743776100315,nan,nan,0.01,1,0,1,0,0,1786615493.6339781,nan,-0.0012260522666965789,-0.001351561535296319,0.00017698743776100315,-0.1668580898862011,0.016429251427364733,9.5277494607834115
1786615493.6547394,1786615493.6541677,vesc,0.0012354074002484579,0.0012354074002484579,nan,nan,0.01,1,0,1,0,0,1786615493.6541677,nan,-0.0023037378524999718,0.0007761304460277566,0.0012354074002484579,-0.082553424361689665,0.044728972403650147,9.691687853043959
1786615493.6742651,1786615493.6740005,vesc,-0.001944797442905445,-0.001944797442905445,nan,nan,0.01,1,0,1,0,0,1786615493.6740005,nan,-0.0012010648456797202,0.0018499461258721284,-0.001944797442905445,-0.15711015970991582,0.035627671215991086,9.5135442344696912
1786615493.6944435,1786615493.6940775,vesc,0.00018271388429048652,0.00018271388429048652,nan,nan,0.01,1,0,1,0,0,1786615493.6940775,nan,-0.0012260522666965789,0.00077896005468596581,0.00018271388429048652,-0.11540724030742222,0.025724424367293608,9.6337665017562131
1786615493.7146938,1786615493.7141852,vesc,0.00018948118077872315,0.00018948118077872315,nan,nan,0.01,1,0,1,0,0,1786615493.7141852,nan,-0.00016086117162459086,-0.001351594824809945,0.00018948118077872315,-0.11056136012816165,0.049687228763538371,9.6290969151364152
1786615493.7358215,1786615493.7351642,vesc,0.00018948118077872315,0.00018948118077872315,nan,nan,0.01,1,0,1,0,0,1786615493.7351642,nan,-0.00016086117162459086,-0.001351594824809945,0.00018948118077872315,-0.1147330928589545,0.035458942492102352,9.5763152666270344
1786615493.75459,1786615493.7540057,vesc,0.00018948118077872315,0.00018948118077872315,nan,nan,0.01,1,0,1,0,0,1786615493.7540057,nan,-0.00016086117162459086,-0.001351594824809945,0.00018948118077872315,-0.14865430893142761,0.016209798105521145,9.6093988142038143
1786615493.775147,1786615493.7747297,vesc,0.00017698743776100315,0.00017698743776100315,nan,nan,0.01,1,0,1,0,0,1786615493.7747297,nan,-0.0012260522666965789,-0.001351561535296319,0.00017698743776100315,-0.086893712227149145,0.054412144663814388,9.6533394722684989
1786615493.7943847,1786615493.7940028,vesc,0.00019807085057294823,0.00019807085057294823,nan,nan,0.01,1,0,1,0,0,1786615493.7940028,nan,-0.00016086117162459086,0.0018441870400148319,0.00019807085057294823,-0.12977637139191156,0.020934823641095335,9.6335852380632332
1786615493.8150461,1786615493.8138955,vesc,0.00022019511334364655,0.00022019511334364655,nan,nan,0.01,1,0,1,0,0,1786615493.8138955,nan,0.0019695210185193849,0.00077885914584778699,0.00022019511334364655,-0.10599636558282111,0.016105425301660148,9.6482219889105636
1786615493.8343017,1786615493.8338861,vesc,0.00022305833660838821,0.00022305833660838821,nan,nan,0.01,1,0,1,0,0,1786615493.8338861,nan,0.0019695210185193849,0.0018441194206902792,0.00022305833660838821,-0.13338633285486434,0.06431553769290943,9.5330610717093123
1786615493.8544676,1786615493.8540425,vesc,-0.00086321230266995738,-0.00086321230266995738,nan,nan,0.01,1,0,1,0,0,1786615493.8540425,nan,0.00091682389403015165,-0.0013487652161517359,-0.00086321230266995738,-0.11602521793812581,-0.0079473531292855171,9.6863633782430725
1786615493.8742611,1786615493.8739157,vesc,-0.00085175953964815321,-0.00085175953964815321,nan,nan,0.01,1,0,1,0,0,1786615493.8739157,nan,0.00091682389403015165,0.0029122769235155332,-0.00085175953964815321,-0.11912954140590326,0.064289334856646008,9.5428095500620884
1786615493.8960752,1786615493.8953607,vesc,-0.0019130426278724777,-0.0019130426278724777,nan,nan,0.01,1,0,1,0,0,1786615493.8953607,nan,0.0019945084395362441,-0.00028067533265103463,-0.0019130426278724777,-0.10588400767474315,0.011341186874439302,9.6386302159439765
1786615493.9142427,1786615493.9138982,vesc,0.0012603948212653164,0.0012603948212653164,nan,nan,0.01,1,0,1,0,0,1786615493.9138982,nan,-0.00017335514220734541,0.00077606386700050461,0.0012603948212653164,-0.1578966467939118,0.035447430785794154,9.5806001064404427
1786615493.9343295,1786615493.9338682,vesc,-0.00086034914442379708,-0.00086034914442379708,nan,nan,0.01,1,0,1,0,0,1786615493.9338682,nan,0.00091682389403015165,-0.00028350494130924384,-0.00086034914442379708,-0.10644579721513292,0.030372522468649521,9.6865785557882873
1786615493.955086,1786615493.9538209,vesc,-0.00087961024894833511,-0.00087961024894833511,nan,nan,0.01,1,0,1,0,0,1786615493.9538209,nan,-0.0012135582961138242,0.0018470832277002929,-0.00087961024894833511,-0.16150660825686458,0.059668024313143775,9.4800244845865791
1786615493.9743831,1786615493.9740069,vesc,0.00019234440404346486,0.00019234440404346486,nan,nan,0.01,1,0,1,0,0,1786615493.9740069,nan,-0.00016086117162459086,-0.00028633454996745305,0.00019234440404346486,-0.11585667193973403,0.020831401009818507,9.6720716131339941
1786615493.9944978,1786615493.9940321,vesc,-0.00086425325015658267,-0.00086425325015658267,nan,nan,0.01,1,0,1,0,0,1786615493.9940321,nan,-0.00014836720104183631,0.002912310213029159,-0.00086425325015658267,-0.11997223485276276,0.02577606259273324,9.614551380857165
1786615494.0143855,1786615494.0140247,vesc,-0.0019533871777182511,-0.0019533871777182511,nan,nan,0.01,1,0,1,0,0,1786615494.0140247,nan,-0.0012010648456797202,-0.0013458357389526487,-0.0019533871777182511,-0.14887904302013322,0.025738311505062228,9.6285835295801689
1786615494.0345147,1786615494.0341437,vesc,0.0012479011107568872,0.0012479011107568872,nan,nan,0.01,1,0,1,0,0,1786615494.0341437,nan,-0.0012385462372793334,0.00077609715651413066,0.0012479011107568872,-0.11084224576208168,0.030462788864145551,9.6529944865302468
1786615494.0550625,1786615494.0546696,vesc,0.0012450379525107266,0.0012450379525107266,nan,nan,0.01,1,0,1,0,0,1786615494.0546696,nan,-0.0012385462372793334,-0.00028916311832836143,0.0012450379525107266,-0.15722249934544408,0.035601906920920356,9.5231231435612926
1786615494.0752227,1786615494.0741794,vesc,-0.00086711640840274296,-0.00086711640840274296,nan,nan,0.01,1,0,1,0,0,1786615494.0741794,nan,-0.00014836720104183631,0.0018470499381866669,-0.00086711640840274296,-0.1253799228449628,0.044794680492355354,9.667233626696202
1786615494.0974398,1786615494.0944788,vesc,-0.00086034914442379708,-0.00086034914442379708,nan,nan,0.01,1,0,1,0,0,1786615494.0944788,nan,0.00091682389403015165,-0.00028350494130924384,-0.00086034914442379708,-0.14837342329750758,0.040224277272304931,9.5855152761281488
1786615494.1143219,1786615494.1139605,vesc,-0.00086034914442379708,-0.00086034914442379708,nan,nan,0.01,1,0,1,0,0,1786615494.1139605,nan,0.00091682389403015165,-0.00028350494130924384,-0.00086034914442379708,-0.14859813911366349,0.054542866484336372,9.6047116859363086
1786615494.134378,1786615494.1341269,vesc,0.0012575316630191562,0.0012575316630191562,nan,nan,0.01,1,0,1,0,0,1786615494.1341269,nan,-0.00017335514220734541,-0.0002891974481392882,0.0012575316630191562,-0.13963669602137418,-0.0030793266197939317,9.6573565095935692
1786615494.1569607,1786615494.154145,vesc,0.00017698743776100315,0.00017698743776100315,nan,nan,0.01,1,0,1,0,0,1786615494.154145,nan,-0.0012260522666965789,-0.001351561535296319,0.00017698743776100315,-0.11997223485276276,0.05930619128407244,9.6146414279820647
1786615494.174022,1786615494.1737978,vesc,0.0023227191170505914,0.0023227191170505914,nan,nan,0.01,1,0,1,0,0,1786615494.1737978,nan,-0.00018584859264144957,-0.00029206034631112335,0.0023227191170505914,-0.15828990860845948,0.011407187323939638,9.6140637230508901
1786615494.1944814,1786615494.1941922,vesc,-0.00087284285493222644,-0.00087284285493222644,nan,nan,0.01,1,0,1,0,0,1786615494.1941922,nan,-0.00014836720104183631,-0.00028347165179561784,-0.00087284285493222644,-0.14386459856993117,0.025789693914806122,9.6094806752264503
1786615494.2151175,1786615494.2146835,vesc,-0.00089783040598624762,-0.00089783040598624762,nan,nan,0.01,1,0,1,0,0,1786615494.2146835,nan,-0.0022787488710371622,-0.00028340403247106507,-0.00089783040598624762,-0.13873781448420086,0.040236848786495472,9.5808375034060873
1786615494.2341027,1786615494.233768,vesc,0.00018271388429048652,0.00018271388429048652,nan,nan,0.01,1,0,1,0,0,1786615494.233768,nan,-0.0012260522666965789,0.00077896005468596581,0.00018271388429048652,-0.12081492829962226,0.016002916297868097,9.6863715643453361
1786615494.2540009,1786615494.2537484,vesc,-0.00087284285493222644,-0.00087284285493222644,nan,nan,0.01,1,0,1,0,0,1786615494.2537484,nan,-0.00014836720104183631,-0.00028347165179561784,-0.00087284285493222644,-0.13834457094220287,0.083437176227715071,9.5474253422955826
1786615494.2741334,1786615494.2737269,vesc,0.0012632581095486394,0.0012632581095486394,nan,nan,0.01,1,0,1,0,0,1786615494.2737269,nan,-0.00017335514220734541,0.0018413241418429966,0.0012632581095486394,-0.077370461321920381,0.001708739212229915,9.6581002754563769
1786615494.2945743,1786615494.2938614,vesc,0.0012575316630191562,0.0012575316630191562,nan,nan,0.01,1,0,1,0,0,1786615494.2938614,nan,-0.00017335514220734541,-0.0002891974481392882,0.0012575316630191562,-0.13901871839067059,0.030592450876785193,9.6047596331067098
1786615494.3143916,1786615494.3137386,vesc,0.00022019511334364655,0.00022019511334364655,nan,nan,0.01,1,0,1,0,0,1786615494.3137386,nan,0.0019695210185193849,0.00077885914584778699,0.00022019511334364655,-0.11061752994592577,0.049674364888552702,9.6338869544038062
1786615494.3341165,1786615494.333725,vesc,-0.00086997969668606593,-0.00086997969668606593,nan,nan,0.01,1,0,1,0,0,1786615494.333725,nan,-0.00014836720104183631,0.00078178966334417502,-0.00086997969668606593,-0.16246164133925234,0.040289071733525361,9.5613978494163803
1786615494.3562191,1786615494.355957,vesc,-0.00084212898738588436,-0.00084212898738588436,nan,nan,0.01,1,0,1,0,0,1786615494.355957,nan,0.0019820149891021394,0.0018469823188621143,-0.00084212898738588436,-0.097203450216373888,0.044665055024815103,9.7154673106765586
1786615494.3738699,1786615494.3736327,vesc,-0.001944797442905445,-0.001944797442905445,nan,nan,0.01,1,0,1,0,0,1786615494.3736327,nan,-0.0012010648456797202,0.0018499461258721284,-0.001944797442905445,-0.17136691461377751,0.050023955309328016,9.5038343477418721
1786615494.3955021,1786615494.3952811,vesc,-0.0019283997567013926,-0.0019283997567013926,nan,nan,0.01,1,0,1,0,0,1786615494.3952811,nan,0.00092931734446425576,-0.0013459023179799006,-0.0019283997567013926,-0.12921458185152179,0.040223692550714674,9.5857398092188077
1786615494.4145293,1786615494.4140642,vesc,-0.00085462269789431371,-0.00085462269789431371,nan,nan,0.01,1,0,1,0,0,1786615494.4140642,nan,0.00091682389403015165,0.001847016648673041,-0.00085462269789431371,-0.11540724030742222,0.03530446635697615,9.6337922295061844
1786615494.4344687,1786615494.4338558,vesc,-0.001950524019472091,-0.001950524019472091,nan,nan,0.01,1,0,1,0,0,1786615494.4338558,nan,-0.0012010648456797202,-0.00028057442381285586,-0.001950524019472091,-0.13918724611651268,0.030553822706728795,9.6191297509088827
1786615494.4543791,1786615494.4539304,vesc,0.0012507643990402101,0.0012507643990402101,nan,nan,0.01,1,0,1,0,0,1786615494.4539304,nan,-0.0012385462372793334,0.0018413574313566226,0.0012507643990402101,-0.10148755912779439,0.039991046447990897,9.672291468451931
1786615494.4694941,1786615494.4691675,vesc,0.00018557710755522823,0.00018557710755522823,nan,nan,0.01,1,0,1,0,0,1786615494.4691675,nan,-0.0012260522666965789,0.0018442203295284576,0.00018557710755522823,-0.1575034215244635,0.040327553723184195,9.5470850343300526
1786615494.4942725,1786615494.4937055,vesc,0.00017022014127276652,0.00017022014127276652,nan,nan,0.01,1,0,1,0,0,1786615494.4937055,nan,-0.0022912438819172173,0.00077899334419959175,0.00017022014127276652,-0.11568814421389195,0.011289987190192363,9.6576757675818499
1786615494.5102687,1786615494.5094559,vesc,-0.00087284285493222644,-0.00087284285493222644,nan,nan,0.01,1,0,1,0,0,1786615494.5094559,nan,-0.00014836720104183631,-0.00028347165179561784,-0.00087284285493222644,-0.11529488239934427,0.049700275364020996,9.62425191203954
1786615494.5352914,1786615494.5347447,vesc,-0.0019255363383809071,-0.0019255363383809071,nan,nan,0.01,1,0,1,0,0,1786615494.5347447,nan,0.00092931734446425576,-0.00028064204313740869,-0.0019255363383809071,-0.1433028090295414,0.054658531723909221,9.5616609741319962
1786615494.554353,1786615494.5535953,vesc,0.00019520762730820652,0.00019520762730820652,nan,nan,0.01,1,0,1,0,0,1786615494.5535953,nan,-0.00016086117162459086,0.00077892676517233987,0.00019520762730820652,-0.13495934356795569,-0.012685279084944767,9.6669669936510445
1786615494.5755239,1786615494.574858,vesc,0.002313088564788322,0.002313088564788322,nan,nan,0.01,1,0,1,0,0,1786615494.574858,nan,-0.0012510396877134374,0.00077323425834229539,0.002313088564788322,-0.10560310376827342,0.044935671485806239,9.6147712361751019
1786615494.5943582,1786615494.5940592,vesc,-0.00088533669547781837,-0.00088533669547781837,nan,nan,0.01,1,0,1,0,0,1786615494.5940592,nan,-0.0012135582961138242,-0.00028343732198469102,-0.00088533669547781837,-0.11551959821550017,0.049648783318978928,9.6434097302227428
1786615494.6141839,1786615494.6136065,vesc,0.00017698743776100315,0.00017698743776100315,nan,nan,0.01,1,0,1,0,0,1786615494.6136065,nan,-0.0012260522666965789,-0.001351561535296319,0.00017698743776100315,-0.1106737180362396,0.03050141703420195,9.6386255381712544
1786615494.6342244,1786615494.6338632,vesc,-0.0008585268036270993,-0.0008585268036270993,nan,nan,0.01,1,0,1,0,0,1786615494.6338632,nan,-0.00014836720104183631,0.0050428312828627933,-0.0008585268036270993,-0.14324663921177727,0.030721345442337622,9.5568066154896769
1786615494.6539841,1786615494.6536617,vesc,0.00019234440404346486,0.00019234440404346486,nan,nan,0.01,1,0,1,0,0,1786615494.6536617,nan,-0.00016086117162459086,-0.00028633454996745305,0.00019234440404346486,-0.10667051303128883,0.01116094644424237,9.7056849184715475
1786615494.6741362,1786615494.67383,vesc,-0.00085748598617763668,-0.00085748598617763668,nan,nan,0.01,1,0,1,0,0,1786615494.67383,nan,0.00091682389403015165,0.00078175533353324808,-0.00085748598617763668,-0.14285337739722959,0.040391471102019239,9.523305576697453
1786615494.6959717,1786615494.6935432,vesc,-0.0019255363383809071,-0.0019255363383809071,nan,nan,0.01,1,0,1,0,0,1786615494.6935432,nan,0.00092931734446425576,-0.00028064204313740869,-0.0019255363383809071,-0.10103812749548258,0.035303991270684065,9.6339606293241786
1786615494.7139366,1786615494.7136376,vesc,0.0012325442420022975,0.0012325442420022975,nan,nan,0.01,1,0,1,0,0,1786615494.7136376,nan,-0.0023037368122026708,-0.00028912982881473543,0.0012325442420022975,-0.15350019824696304,0.035357164390298124,9.6141841756984832
1786615494.7340639,1786615494.7337039,vesc,-0.00087570614321554941,-0.00087570614321554941,nan,nan,0.01,1,0,1,0,0,1786615494.7337039,nan,-0.00014836720104183631,-0.0013487319266381099,-0.00087570614321554941,-0.11072988785400373,0.064018718395654872,9.6435044551203646
1786615494.7539146,1786615494.7535138,vesc,0.0012450379525107266,0.0012450379525107266,nan,nan,0.01,1,0,1,0,0,1786615494.7535138,nan,-0.0012385462372793334,-0.00028916311832836143,0.0012450379525107266,-0.14753072985064808,0.040417381577487532,9.5136693648900064
1786615494.7748466,1786615494.7738845,vesc,-0.0008824734071944954,-0.0008824734071944954,nan,nan,0.01,1,0,1,0,0,1786615494.7738845,nan,-0.0012135582961138242,0.00078182295285780096,-0.0008824734071944954,-0.10204934866818416,0.025492216805762524,9.7201497611713421
1786615494.7943196,1786615494.7936254,vesc,0.0012728886618109084,0.0012728886618109084,nan,nan,0.01,1,0,1,0,0,1786615494.7936254,nan,0.00089183595286464255,0.00077602953718957789,0.0012728886618109084,-0.10115048540356053,0.011328176819056068,9.6434752190408517
1786615494.8164144,1786615494.8135028,vesc,-0.00085748598617763668,-0.00085748598617763668,nan,nan,0.01,1,0,1,0,0,1786615494.8135028,nan,0.00091682389403015165,0.00078175533353324808,-0.00085748598617763668,-0.14910375883628912,0.040056900717093669,9.6477811088315093
1786615494.8357925,1786615494.8349943,vesc,0.00018557710755522823,0.00018557710755522823,nan,nan,0.01,1,0,1,0,0,1786615494.8349943,nan,-0.0012260522666965789,0.0018442203295284576,0.00018557710755522823,-0.13383574621462646,0.045052469623460212,9.5713275914621363
1786615494.8547838,1786615494.8538756,vesc,0.00020197492379644315,0.00020197492379644315,nan,nan,0.01,1,0,1,0,0,1786615494.8538756,nan,0.00090432992344739716,-0.0013516281143235711,0.00020197492379644315,-0.16263018733764412,0.016300356861812304,9.5757024784004443
1786615494.8738682,1786615494.8735294,vesc,0.00019234440404346486,0.00019234440404346486,nan,nan,0.01,1,0,1,0,0,1786615494.8735294,nan,-0.00016086117162459086,-0.00028633454996745305,0.00019234440404346486,-0.091683422588645591,0.044832248854529411,9.6532576112458628
1786615494.8951468,1786615494.89376,vesc,0.0012546685047729958,0.0012546685047729958,nan,nan,0.01,1,0,1,0,0,1786615494.89376,nan,-0.00017335514220734541,-0.0013544577229817802,0.0012546685047729958,-0.15327549156708198,0.021038575178266683,9.5949865964471428
1786615494.9137607,1786615494.9134419,vesc,-0.00091032411649467708,-0.00091032411649467708,nan,nan,0.01,1,0,1,0,0,1786615494.9134419,nan,-0.0033439404862578002,-0.00028337074295743903,-0.00091032411649467708,-0.11523871258158014,0.030553055259641582,9.6194104172722064
1786615494.9339988,1786615494.9335363,vesc,0.0012661213978319625,0.0012661213978319625,nan,nan,0.01,1,0,1,0,0,1786615494.9335363,nan,-0.00017335514220734541,0.0029065844166854889,0.0012661213978319625,-0.10644579721513292,0.016002441211576013,9.6865399641633303
1786615494.9546294,1786615494.9540257,vesc,-0.00088533669547781837,-0.00088533669547781837,nan,nan,0.01,1,0,1,0,0,1786615494.9540257,nan,-0.0012135582961138242,-0.00028343732198469102,-0.00088533669547781837,-0.13355486058070642,0.069066948790243998,9.5474428839432903
1786615494.9740603,1786615494.973726,vesc,-0.001944797442905445,-0.001944797442905445,nan,nan,0.01,1,0,1,0,0,1786615494.973726,nan,-0.0012010648456797202,0.0018499461258721284,-0.001944797442905445,-0.11072988785400373,0.030488553159216281,9.6434144079954649
1786615494.9937913,1786615494.9934382,vesc,-0.00084499214563204465,-0.00084499214563204465,nan,nan,0.01,1,0,1,0,0,1786615494.9934382,nan,0.0019820149891021394,0.00078172204401962214,-0.00084499214563204465,-0.13422900802917415,0.016222223439314121,9.604778344197598
1786615495.0137851,1786615495.0134406,vesc,0.0012450379525107266,0.0012450379525107266,nan,nan,0.01,1,0,1,0,0,1786615495.0134406,nan,-0.0012385462372793334,-0.00028916311832836143,0.0012450379525107266,-0.13913107629874855,0.040146728571397006,9.614365439391463
1786615495.0338027,1786615495.0334125,vesc,-0.00085748598617763668,-0.00085748598617763668,nan,nan,0.01,1,0,1,0,0,1786615495.0334125,nan,0.00091682389403015165,0.00078175533353324808,-0.00085748598617763668,-0.086725166228757367,0.035290688854505703,9.6389190684095638
1786615495.0537546,1786615495.0534263,vesc,0.0012450379525107266,0.0012450379525107266,nan,nan,0.01,1,0,1,0,0,1786615495.0534263,nan,-0.0012385462372793334,-0.00028916311832836143,0.0012450379525107266,-0.14769927584903986,0.054748834664504642,9.5280769048739558
1786615495.0740807,1786615495.0734303,vesc,-0.00087570614321554941,-0.00087570614321554941,nan,nan,0.01,1,0,1,0,0,1786615495.0734303,nan,-0.00014836720104183631,-0.0013487319266381099,-0.00087570614321554941,-0.10154372894555852,0.0016580146142750607,9.6769774272762561
1786615495.0937812,1786615495.0934129,vesc,-0.0019226731801347467,-0.0019226731801347467,nan,nan,0.01,1,0,1,0,0,1786615495.0934129,nan,0.00092931734446425576,0.00078461823170508345,-0.0019226731801347467,-0.13361103039847055,0.040313958946210704,9.5521557399607673
1786615495.1141288,1786615495.1134474,vesc,0.0023352125674846952,0.0023352125674846952,nan,nan,0.01,1,0,1,0,0,1786615495.1134474,nan,0.00087934250243053844,-0.0002920936358247494,0.0023352125674846952,-0.096023683045280528,0.016195253155963485,9.6148063194705173
1786615495.134691,1786615495.1338115,vesc,0.00020197492379644315,0.00020197492379644315,nan,nan,0.01,1,0,1,0,0,1786615495.1338115,nan,0.00090432992344739716,-0.0013516281143235711,0.00020197492379644315,-0.14397695647800912,0.025763929619735393,9.6190607537612323
1786615495.1536179,1786615495.1534002,vesc,-0.001950524019472091,-0.001950524019472091,nan,nan,0.01,1,0,1,0,0,1786615495.1534002,nan,-0.0012010648456797202,-0.00028057442381285586,-0.001950524019472091,-0.091571064680567638,0.059228094406673648,9.6437172937792184
1786615495.1739323,1786615495.1736028,vesc,0.0012575316630191562,0.0012575316630191562,nan,nan,0.01,1,0,1,0,0,1786615495.1736028,nan,-0.00017335514220734541,-0.0002891974481392882,0.0012575316630191562,-0.17136691461377751,0.035653874052254508,9.5037957561169151
1786615495.1937087,1786615495.1934247,vesc,0.00020197492379644315,0.00020197492379644315,nan,nan,0.01,1,0,1,0,0,1786615495.1934247,nan,0.00090432992344739716,-0.0013516281143235711,0.00020197492379644315,-0.17688694224150581,0.025906601687758268,9.56598089724082
1786615495.2151895,1786615495.2133865,vesc,0.00017985066102574486,0.00017985066102574486,nan,nan,0.01,1,0,1,0,0,1786615495.2133865,nan,-0.0012260522666965789,-0.00028630022015652622,0.00017985066102574486,-0.11061752994592577,0.020934238919505077,9.6338097711538921
1786615495.2336915,1786615495.2334106,vesc,-0.00086321230266995738,-0.00086321230266995738,nan,nan,0.01,1,0,1,0,0,1786615495.2334106,nan,0.00091682389403015165,-0.0013487652161517359,-0.00086321230266995738,-0.13450991193564388,0.011367791706796027,9.6287133377732061
1786615495.2579346,1786615495.2545378,vesc,0.00018271388429048652,0.00018271388429048652,nan,nan,0.01,1,0,1,0,0,1786615495.2545378,nan,-0.0012260522666965789,0.00077896005468596581,0.00018271388429048652,-0.11495780867511041,0.035407450447060285,9.5954742542534177
1786615495.2739234,1786615495.2735412,vesc,0.00018661795751398149,0.00018661795751398149,nan,nan,0.01,1,0,1,0,0,1786615495.2735412,nan,-0.00016086117162459086,-0.0024168550996524372,0.00018661795751398149,-0.14887904302013322,0.016158269515379686,9.6285578018301976
1786615495.2936227,1786615495.2933331,vesc,0.00019234440404346486,0.00019234440404346486,nan,nan,0.01,1,0,1,0,0,1786615495.2933331,nan,-0.00016086117162459086,-0.00028633454996745305,0.00019234440404346486,-0.096529302767906167,0.040029528437649731,9.6579786533656033
1786615495.3145163,1786615495.3133545,vesc,0.00021056459359066821,0.00021056459359066821,nan,nan,0.01,1,0,1,0,0,1786615495.3133545,nan,0.00090432992344739716,0.001844153750501206,0.00021056459359066821,-0.12481813330457303,0.020973305630754169,9.6192724229769055
1786615495.3367786,1786615495.3333209,vesc,0.00021342781685540992,0.00021342781685540992,nan,nan,0.01,1,0,1,0,0,1786615495.3333209,nan,0.00090432992344739716,0.002909414025343698,0.00021342781685540992,-0.15784047697614767,0.04983033937275394,9.5758486587980087
1786615495.3540344,1786615495.3533199,vesc,-0.00088819985372397866,-0.00088819985372397866,nan,nan,0.01,1,0,1,0,0,1786615495.3533199,nan,-0.0012135582961138242,-0.001348698637124484,-0.00088819985372397866,-0.10159991703587234,0.011225156183872542,9.6817931942936184
1786615495.3743901,1786615495.3733468,vesc,-0.0019351668906431761,-0.0019351668906431761,nan,nan,0.01,1,0,1,0,0,1786615495.3733468,nan,-0.00013587375060773214,0.00078465256151601006,-0.0019351668906431761,-0.14747456003288395,0.10270053665795942,9.5090465559974291
1786615495.3944392,1786615495.3941545,vesc,0.0023255820152224267,0.0023255820152224267,nan,nan,0.01,1,0,1,0,0,1786615495.3941545,nan,-0.00018584859264144957,0.00077320096882866945,0.0023255820152224267,-0.11117931948631554,0.020805490534350213,9.6817066554982603
1786615495.413507,1786615495.4132621,vesc,0.00022019511334364655,0.00022019511334364655,nan,nan,0.01,1,0,1,0,0,1786615495.4132621,nan,0.0019695210185193849,0.00077885914584778699,0.00022019511334364655,-0.12966401348383361,0.035330669193239572,9.6240437511534083
1786615495.4334974,1786615495.4332476,vesc,0.00021446866681416318,0.00021446866681416318,nan,nan,0.01,1,0,1,0,0,1786615495.4332476,nan,0.0019695210185193849,-0.0013516614038371971,0.00021446866681416318,-0.13383576448717616,0.064212553602825295,9.571379046962079
1786615495.4535558,1786615495.4532878,vesc,-0.00087284285493222644,-0.00087284285493222644,nan,nan,0.01,1,0,1,0,0,1786615495.4532878,nan,-0.00014836720104183631,-0.00028347165179561784,-0.00087284285493222644,-0.1115164114830991,0.035098315451310924,9.710483143841202
1786615495.4756615,1786615495.4753907,vesc,0.00020197492379644315,0.00020197492379644315,nan,nan,0.01,1,0,1,0,0,1786615495.4753907,nan,0.00090432992344739716,-0.0013516281143235711,0.00020197492379644315,-0.16629631861836103,0.054878167771249764,9.4799554874389287
1786615495.4889705,1786615495.4886196,vesc,0.00020770137032592652,0.00020770137032592652,nan,nan,0.01,1,0,1,0,0,1786615495.4886196,nan,0.00090432992344739716,0.00077889243536141293,0.00020770137032592652,-0.1204778545753884,-0.0030799113413841894,9.6575810426842281
1786615495.5134873,1786615495.5131924,vesc,0.0012546685047729958,0.0012546685047729958,nan,nan,0.01,1,0,1,0,0,1786615495.5131924,nan,-0.00017335514220734541,-0.0013544577229817802,0.0012546685047729958,-0.13885017239227881,0.049791163026206675,9.5904421402476601
1786615495.5335214,1786615495.5332737,vesc,0.00018271388429048652,0.00018271388429048652,nan,nan,0.01,1,0,1,0,0,1786615495.5332737,nan,-0.0012260522666965789,0.00077896005468596581,0.00018271388429048652,-0.12960782539351978,0.054503617047590325,9.6193063368291405
1786615495.553571,1786615495.5532119,vesc,0.00018661795751398149,0.00018661795751398149,nan,nan,0.01,1,0,1,0,0,1786615495.5532119,nan,-0.00016086117162459086,-0.0024168550996524372,0.00018661795751398149,-0.14347135502793318,0.01150973287283108,9.5759141476161176
1786615495.5740786,1786615495.5734475,vesc,-0.00083926569910256128,-0.00083926569910256128,nan,nan,0.01,1,0,1,0,0,1786615495.5734475,nan,0.0019820149891021394,0.0029122436340019075,-0.00083926569910256128,-0.092132854220957405,0.039939225497054309,9.6915627226236438
1786615495.5936599,1786615495.5933378,vesc,-0.0019591134942105719,-0.0019591134942105719,nan,nan,0.01,1,0,1,0,0,1786615495.5933378,nan,-0.0012010648456797202,-0.0034763562886376323,-0.0019591134942105719,-0.11117931948631554,0.016015451266959246,9.6816937916232746
1786615495.6143489,1786615495.6136634,vesc,0.0023073619882216763,0.0023073619882216763,nan,nan,0.01,1,0,1,0,0,1786615495.6136634,nan,-0.0012510396877134374,-0.0013572873316399895,0.0023073619882216763,-0.15834607842622361,0.030554407428319053,9.6189040483750432
1786615495.6339726,1786615495.6336544,vesc,-0.0019198100218885861,-0.0019198100218885861,nan,nan,0.01,1,0,1,0,0,1786615495.6336544,nan,0.00092931734446425576,0.001849879546844876,-0.0019198100218885861,-0.138400740759967,0.040314105126608268,9.5520996066881025
1786615495.6535256,1786615495.6532896,vesc,-0.00086321230266995738,-0.00086321230266995738,nan,nan,0.01,1,0,1,0,0,1786615495.6532896,nan,0.00091682389403015165,-0.0013487652161517359,-0.00086321230266995738,-0.13935579211490445,0.02572515526928143,9.6334858353928894
1786615495.67364,1786615495.6732843,vesc,0.002313088564788322,0.002313088564788322,nan,nan,0.01,1,0,1,0,0,1786615495.6732843,nan,-0.0012510396877134374,0.00077323425834229539,0.002313088564788322,-0.11540724030742222,0.087994715572779825,9.6339337321310268
1786615495.6935699,1786615495.6932278,vesc,-0.00084212898738588436,-0.00084212898738588436,nan,nan,0.01,1,0,1,0,0,1786615495.6932278,nan,0.0019820149891021394,0.0018469823188621143,-0.00084212898738588436,-0.11969133094629303,0.0018903318111043177,9.5905380345884623
1786615495.7113693,1786615495.7110605,vesc,0.0012575316630191562,0.0012575316630191562,nan,nan,0.01,1,0,1,0,0,1786615495.7110605,nan,-0.00017335514220734541,-0.0002891974481392882,0.0012575316630191562,-0.12030930857699662,0.040068887509693951,9.6433278692001068
1786615495.7349036,1786615495.7346296,vesc,-0.00087284285493222644,-0.00087284285493222644,nan,nan,0.01,1,0,1,0,0,1786615495.7346296,nan,-0.00014836720104183631,-0.00028347165179561784,-0.00087284285493222644,-0.11546342839773605,0.030501563214599514,9.6385694048985897
1786615495.7555568,1786615495.7535627,vesc,0.0012575316630191562,0.0012575316630191562,nan,nan,0.01,1,0,1,0,0,1786615495.7535627,nan,-0.00017335514220734541,-0.0002891974481392882,0.0012575316630191562,-0.14809253766358754,0.088188843140745377,9.5616948879842312
1786615495.7735481,1786615495.7732081,vesc,0.0012728886618109084,0.0012728886618109084,nan,nan,0.01,1,0,1,0,0,1786615495.7732081,nan,0.00089183595286464255,0.00077602953718957789,0.0012728886618109084,-0.1014875408552447,0.0016708784892607298,9.6721885574520456
1786615495.7936676,1786615495.7931817,vesc,-0.00087856930146170981,-0.00087856930146170981,nan,nan,0.01,1,0,1,0,0,1786615495.7931817,nan,-0.00014836720104183631,-0.002413992201480602,-0.00087856930146170981,-0.14792399166519576,0.069067387331436692,9.5472744841252961
1786615495.8138521,1786615495.8134973,vesc,0.00018271388429048652,0.00018271388429048652,nan,nan,0.01,1,0,1,0,0,1786615495.8134973,nan,-0.0012260522666965789,0.00077896005468596581,0.00018271388429048652,-0.13445372384533005,0.035330815373637137,9.6239876178807435
1786615495.8342457,1786615495.833591,vesc,0.00019234440404346486,0.00019234440404346486,nan,nan,0.01,1,0,1,0,0,1786615495.833591,nan,-0.00016086117162459086,-0.00028633454996745305,0.00019234440404346486,-0.12481813330457303,0.035343386887827677,9.6193110146018626
1786615495.8536501,1786615495.853265,vesc,-0.00086034914442379708,-0.00086034914442379708,nan,nan,0.01,1,0,1,0,0,1786615495.853265,nan,0.00091682389403015165,-0.00028350494130924384,-0.00086034914442379708,-0.16257401751987999,0.030683301993871481,9.5709510307580103
1786615495.8736334,1786615495.8733375,vesc,-0.00087284285493222644,-0.00087284285493222644,nan,nan,0.01,1,0,1,0,0,1786615495.8733375,nan,-0.00014836720104183631,-0.00028347165179561784,-0.00087284285493222644,-0.07314254963708855,0.039900012605407653,9.7061562040732952
1786615495.8934228,1786615495.8931806,vesc,0.00021056459359066821,0.00021056459359066821,nan,nan,0.01,1,0,1,0,0,1786615495.8931806,nan,0.00090432992344739716,0.001844153750501206,0.00021056459359066821,-0.15739104534383586,0.006823189326915724,9.537414908670371
1786615495.9098585,1786615495.9088306,vesc,0.00019624847726695978,0.00019624847726695978,nan,nan,0.01,1,0,1,0,0,1786615495.9088306,nan,0.00090432992344739716,-0.0034821497043058562,0.00019624847726695978,-0.11540724030742222,0.030514427089585183,9.6337793656311987
1786615495.9341125,1786615495.9335055,vesc,-0.00088143258974503278,-0.00088143258974503278,nan,nan,0.01,1,0,1,0,0,1786615495.9335055,nan,-0.00014836720104183631,-0.0034792535166203948,-0.00088143258974503278,-0.16330433478611184,0.035305964706051185,9.633230896779537
1786615495.9536533,1786615495.9534137,vesc,-0.00086711640840274296,-0.00086711640840274296,nan,nan,0.01,1,0,1,0,0,1786615495.9534137,nan,-0.00014836720104183631,0.0018470499381866669,-0.00086711640840274296,-0.12493049121265098,0.040107625315048523,9.6289027875684496
1786615495.9734678,1786615495.9730983,vesc,0.00019234440404346486,0.00019234440404346486,nan,nan,0.01,1,0,1,0,0,1786615495.9730983,nan,-0.00016086117162459086,-0.00028633454996745305,0.00019234440404346486,-0.15293841784284812,0.0019557475390143964,9.5661972442292154
1786615495.9937263,1786615495.9933987,vesc,0.00016058962151978823,0.00016058962151978823,nan,nan,0.01,1,0,1,0,0,1786615495.9933987,nan,-0.0033564354971378557,0.0018442879488530107,0.00016058962151978823,-0.10131901312940261,0.01128954864899967,9.6578453368430246
1786615496.0136783,1786615496.0132768,vesc,0.00018557710755522823,0.00018557710755522823,nan,nan,0.01,1,0,1,0,0,1786615496.0132768,nan,-0.0012260522666965789,0.0018442203295284576,0.00018557710755522823,-0.12977637139191156,0.0065647789291212177,9.6335466464382762
1786615496.0334318,1786615496.0331495,vesc,-0.00088533669547781837,-0.00088533669547781837,nan,nan,0.01,1,0,1,0,0,1786615496.0331495,nan,-0.0012135582961138242,-0.00028343732198469102,-0.00088533669547781837,-0.13512787129379777,0.030386299971119968,9.6814517168849079
1786615496.0540812,1786615496.0532219,vesc,0.00019520762730820652,0.00019520762730820652,nan,nan,0.01,1,0,1,0,0,1786615496.0532219,nan,-0.00016086117162459086,0.00077892676517233987,0.00019520762730820652,-0.13366721848878438,0.054671139783199152,9.5569843708531153
1786615496.0747428,1786615496.074508,vesc,-0.00086711640840274296,-0.00086711640840274296,nan,nan,0.01,1,0,1,0,0,1786615496.074508,nan,-0.00014836720104183631,0.0018470499381866669,-0.00086711640840274296,-0.13913107629874855,0.016196605324640956,9.6143011200165347
1786615496.0937192,1786615496.0931664,vesc,-0.00087961024894833511,-0.00087961024894833511,nan,nan,0.01,1,0,1,0,0,1786615496.0931664,nan,-0.0012135582961138242,0.0018470832277002929,-0.00087961024894833511,-0.11997223485276276,0.054516188561780865,9.614628564107079
1786615496.1139822,1786615496.1136143,vesc,-0.00089106301197013917,-0.00089106301197013917,nan,nan,0.01,1,0,1,0,0,1786615496.1136143,nan,-0.0012135582961138242,-0.0024139589119669758,-0.00089106301197013917,-0.11985987694468481,0.035381868877486511,9.6049981995155349
1786615496.1338811,1786615496.1331131,vesc,0.00019234440404346486,0.00019234440404346486,nan,nan,0.01,1,0,1,0,0,1786615496.1331131,nan,-0.00016086117162459086,-0.00028633454996745305,0.00019234440404346486,-0.15305077575092607,0.025880106490699717,9.5758404726957451
1786615496.1533692,1786615496.1531117,vesc,-0.0019226731801347467,-0.0019226731801347467,nan,nan,0.01,1,0,1,0,0,1786615496.1531117,nan,0.00092931734446425576,0.00078461823170508345,-0.0019226731801347467,-0.082609603315728641,0.039926069261273511,9.6964638589931837
1786615496.173512,1786615496.1731315,vesc,0.00019520762730820652,0.00019520762730820652,nan,nan,0.01,1,0,1,0,0,1786615496.1731315,nan,-0.00016086117162459086,0.00077892676517233987,0.00019520762730820652,-0.16663337407004519,0.054800911431136967,9.5086933841569135
1786615496.1934297,1786615496.1931188,vesc,0.0012575316630191562,0.0012575316630191562,nan,nan,0.01,1,0,1,0,0,1786615496.1931188,nan,-0.00017335514220734541,-0.0002891974481392882,0.0012575316630191562,-0.09140251868217586,-0.0030036051738555614,9.6291799456022318
1786615496.2134867,1786615496.2131047,vesc,0.00018948118077872315,0.00018948118077872315,nan,nan,0.01,1,0,1,0,0,1786615496.2131047,nan,-0.00016086117162459086,-0.001351594824809945,0.00018948118077872315,-0.11551959821550017,0.016118654627639728,9.6433196830978432
1786615496.2290025,1786615496.2285976,vesc,0.00015876724821379981,0.00015876724821379981,nan,nan,0.01,1,0,1,0,0,1786615496.2285976,nan,-0.0022912428416199163,-0.0034820487954676767,0.00015876724821379981,-0.15344402842919891,0.030580025542992217,9.6093812725561065
1786615496.2533541,1786615496.2529783,vesc,-0.0019101794696263173,-0.0019101794696263173,nan,nan,0.01,1,0,1,0,0,1786615496.2529783,nan,0.0019945084395362441,0.00078458494219145729,-0.0019101794696263173,-0.082272529591494781,0.044793328323677883,9.6677388261501847
1786615496.2752168,1786615496.273021,vesc,-0.0008824734071944954,-0.0008824734071944954,nan,nan,0.01,1,0,1,0,0,1786615496.273021,nan,-0.0012135582961138242,0.00078182295285780096,-0.0008824734071944954,-0.17147929079440516,0.049998191014257287,9.513414426276654
1786615496.2935462,1786615496.2931314,vesc,0.0012757519500942313,0.0012757519500942313,nan,nan,0.01,1,0,1,0,0,1786615496.2931314,nan,0.00089183595286464255,0.0018412908523293707,0.0012757519500942313,-0.091964308222565627,0.016027766965454049,9.6771282854465426
1786615496.3147326,1786615496.3131709,vesc,0.0012825190840360147,0.0012825190840360147,nan,nan,0.01,1,0,1,0,0,1786615496.3131709,nan,0.0019570270479366309,-0.00028926402716654019,0.0012825190840360147,-0.1196351611285289,0.054593444901893662,9.5858906673890942
1786615496.3346226,1786615496.3342242,vesc,-0.0019351668906431761,-0.0019351668906431761,nan,nan,0.01,1,0,1,0,0,1786615496.3342242,nan,-0.00013587375060773214,0.00078465256151601006,-0.0019351668906431761,-0.12431251358194739,0.040249237575189056,9.5762158639566906
1786615496.3536682,1786615496.3530681,vesc,-0.00086997969668606593,-0.00086997969668606593,nan,nan,0.01,1,0,1,0,0,1786615496.3530681,nan,-0.00014836720104183631,0.00078178966334417502,-0.00086997969668606593,-0.13445372384533005,0.0018006501371985451,9.6238975707558438
1786615496.3740587,1786615496.373174,vesc,-0.00084785543391536762,-0.00084785543391536762,nan,nan,0.01,1,0,1,0,0,1786615496.373174,nan,0.0019820149891021394,-0.00028353823082286983,-0.00084785543391536762,-0.096192229043672306,0.054476792944637253,9.6292781788293951
1786615496.3934503,1786615496.3930368,vesc,0.0012575316630191562,0.0012575316630191562,nan,nan,0.01,1,0,1,0,0,1786615496.3930368,nan,-0.00017335514220734541,-0.0002891974481392882,0.0012575316630191562,-0.15293841784284812,0.02111583151837948,9.566248699729158
1786615496.4136581,1786615496.4132845,vesc,0.0022823745672048176,0.0022823745672048176,nan,nan,0.01,1,0,1,0,0,1786615496.4132845,nan,-0.0033814223980060637,-0.0013572197123154367,0.0022823745672048176,-0.12904603585313001,0.035472281453380106,9.5713579969848297
1786615496.4334607,1786615496.4330823,vesc,-0.0019351668906431761,-0.0019351668906431761,nan,nan,0.01,1,0,1,0,0,1786615496.4330823,nan,-0.00013587375060773214,0.00078465256151601006,-0.0019351668906431761,-0.12431251358194739,0.016299150873532398,9.5761515445817622
1786615496.4533975,1786615496.4530714,vesc,0.0012603948212653164,0.0012603948212653164,nan,nan,0.01,1,0,1,0,0,1786615496.4530714,nan,-0.00017335514220734541,0.00077606386700050461,0.0012603948212653164,-0.11568814421389195,0.011289987190192363,9.6576757675818499
1786615496.4737508,1786615496.4732521,vesc,0.00020093407383768989,0.00020093407383768989,nan,nan,0.01,1,0,1,0,0,1786615496.4732521,nan,-0.00016086117162459086,0.0029094473148573237,0.00020093407383768989,-0.13879400257451469,0.083334155592531545,9.5857433175483493
1786615496.4885828,1786615496.4882171,vesc,-0.00087284285493222644,-0.00087284285493222644,nan,nan,0.01,1,0,1,0,0,1786615496.4882171,nan,-0.00014836720104183631,-0.00028347165179561784,-0.00087284285493222644,-0.11061752994592577,0.025724241641796652,9.6338226350288778
1786615496.5147052,1786615496.5132368,vesc,0.00018661795751398149,0.00018661795751398149,nan,nan,0.01,1,0,1,0,0,1786615496.5132368,nan,-0.00016086117162459086,-0.0024168550996524372,0.00018661795751398149,-0.12481813330457303,0.05450347086719276,9.6193624701018052
1786615496.5343859,1786615496.5332634,vesc,0.00017985066102574486,0.00017985066102574486,nan,nan,0.01,1,0,1,0,0,1786615496.5332634,nan,-0.0012260522666965789,-0.00028630022015652622,0.00017985066102574486,-0.12493049121265098,0.059267709294413606,9.6289542430683923
1786615496.5488625,1786615496.5483379,vesc,0.00019520762730820652,0.00019520762730820652,nan,nan,0.01,1,0,1,0,0,1786615496.5483379,nan,-0.00016086117162459086,0.00077892676517233987,0.00019520762730820652,-0.14786780357488194,0.049920167227057277,9.5424329893579625
1786615496.5683873,1786615496.5681474,vesc,0.00019234440404346486,0.00019234440404346486,nan,nan,0.01,1,0,1,0,0,1786615496.5681474,nan,-0.00016086117162459086,-0.00028633454996745305,0.00019234440404346486,-0.082384887499572734,0.035187558584024003,9.6772931769349952
1786615496.5935655,1786615496.5931702,vesc,-0.00089783040598624762,-0.00089783040598624762,nan,nan,0.01,1,0,1,0,0,1786615496.5931702,nan,-0.0022787488710371622,-0.00028340403247106507,-0.00089783040598624762,-0.15705398989215169,0.045220577080659297,9.5087799229522716
1786615496.6141312,1786615496.6134026,vesc,-0.00087284285493222644,-0.00087284285493222644,nan,nan,0.01,1,0,1,0,0,1786615496.6134026,nan,-0.00014836720104183631,-0.00028347165179561784,-0.00087284285493222644,-0.1147330928589545,0.068989107728540944,9.5764064831951146
1786615496.6353803,1786615496.6350725,vesc,0.00019807085057294823,0.00019807085057294823,nan,nan,0.01,1,0,1,0,0,1786615496.6350725,nan,-0.00016086117162459086,0.0018441870400148319,0.00019807085057294823,-0.12955165557575565,0.049726478200284419,9.6145034336867639
1786615496.6533196,1786615496.6529641,vesc,0.0023255820152224267,0.0023255820152224267,nan,nan,0.01,1,0,1,0,0,1786615496.6529641,nan,-0.00018584859264144957,0.00077320096882866945,0.0023255820152224267,-0.13856928675835878,0.011535350987504245,9.5663913717971809
1786615496.6734273,1786615496.673008,vesc,0.00020770137032592652,0.00020770137032592652,nan,nan,0.01,1,0,1,0,0,1786615496.673008,nan,0.00090432992344739716,0.00077889243536141293,0.00020770137032592652,-0.072693118004776736,0.054373077952565296,9.6678768204454855
1786615496.6941788,1786615496.6932621,vesc,0.0012575316630191562,0.0012575316630191562,nan,nan,0.01,1,0,1,0,0,1786615496.6932621,nan,-0.00017335514220734541,-0.0002891974481392882,0.0012575316630191562,-0.17142308443154164,0.04522101562185199,9.5086115231342774
1786615496.7135618,1786615496.7131467,vesc,0.00021446866681416318,0.00021446866681416318,nan,nan,0.01,1,0,1,0,0,1786615496.7131467,nan,0.0019695210185193849,-0.0013516614038371971,0.00021446866681416318,-0.12064638230123048,0.025621586457607037,9.6720271742931345
1786615496.7336297,1786615496.7330558,vesc,0.0012575316630191562,0.0012575316630191562,nan,nan,0.01,1,0,1,0,0,1786615496.7330558,nan,-0.00017335514220734541,-0.0002891974481392882,0.0012575316630191562,-0.12014078085115454,0.0496875211243335,9.6289846485910857
1786615496.7538171,1786615496.7532678,vesc,0.00018557710755522823,0.00018557710755522823,nan,nan,0.01,1,0,1,0,0,1786615496.7532678,nan,-0.0012260522666965789,0.0018442203295284576,0.00018557710755522823,-0.13879400257451469,0.021063900932144719,9.5855760871735356
1786615496.7736175,1786615496.7730918,vesc,-0.0019323037323970157,-0.0019323037323970157,nan,nan,0.01,1,0,1,0,0,1786615496.7730918,nan,-0.00013587375060773214,0.001849912836358502,-0.0019323037323970157,-0.14392078666024499,-0.01733337718630068,9.6141549396189703
1786615496.7936296,1786615496.7930572,vesc,-0.0008824734071944954,-0.0008824734071944954,nan,nan,0.01,1,0,1,0,0,1786615496.7930572,nan,-0.0012135582961138242,0.00078182295285780096,-0.0008824734071944954,-0.10120665522132466,0.059215486347383717,9.6483938970580994
1786615496.8163509,1786615496.81598,vesc,0.0012450379525107266,0.0012450379525107266,nan,nan,0.01,1,0,1,0,0,1786615496.81598,nan,-0.0012385462372793334,-0.00028916311832836143,0.0012450379525107266,-0.12464958730618125,0.016221931078518992,9.6048906107429275
1786615496.8343039,1786615496.832917,vesc,-0.00088143258974503278,-0.00088143258974503278,nan,nan,0.01,1,0,1,0,0,1786615496.832917,nan,-0.00014836720104183631,-0.0034792535166203948,-0.00088143258974503278,-0.11997223485276276,0.044936146572098323,9.6146028363571077
1786615496.8534834,1786615496.8529909,vesc,-0.0030531924749916512,-0.0030531924749916512,nan,nan,0.01,1,0,1,0,0,1786615496.8529909,nan,-0.0043841441603129291,-0.00027761165710014273,-0.0030531924749916512,-0.14775544566680399,0.035575850265054498,9.532815488641404
1786615496.8739283,1786615496.8730633,vesc,-0.00083536172340693837,-0.00083536172340693837,nan,nan,0.01,1,0,1,0,0,1786615496.8730633,nan,0.0030472060841741275,-0.00028357152033649583,-0.00083536172340693837,-0.096754018584062074,-0.017502252090586978,9.6769821050489782
1786615496.893604,1786615496.8928974,vesc,-0.0019755114404889497,-0.0019755114404889497,nan,nan,0.01,1,0,1,0,0,1786615496.8928974,nan,-0.0033314465156750457,-0.00028050784478560387,-0.0019755114404889497,-0.14319045112146345,0.059474335286370916,9.5520949289153805
1786615496.9134409,1786615496.9130642,vesc,-0.00088533669547781837,-0.00088533669547781837,nan,nan,0.01,1,0,1,0,0,1786615496.9130642,nan,-0.0012135582961138242,-0.00028343732198469102,-0.00088533669547781837,-0.13439753575501623,0.011393556001866756,9.6191344286816047
1786615496.9332719,1786615496.9329014,vesc,0.00016058962151978823,0.00016058962151978823,nan,nan,0.01,1,0,1,0,0,1786615496.9329014,nan,-0.0033564354971378557,0.0018442879488530107,0.00016058962151978823,-0.15806519279230358,0.030618763348346789,9.5949561909244494
1786615496.9537458,1786615496.9533763,vesc,0.0012700253735275855,0.0012700253735275855,nan,nan,0.01,1,0,1,0,0,1786615496.9533763,nan,0.00089183595286464255,-0.0002892307376529142,0.0012700253735275855,-0.11585667193973403,0.049571526978866132,9.6721487963839081
1786615496.9749722,1786615496.9730651,vesc,-0.0019533871777182511,-0.0019533871777182511,nan,nan,0.01,1,0,1,0,0,1786615496.9730651,nan,-0.0012010648456797202,-0.0013458357389526487,-0.0019533871777182511,-0.16674575025067284,0.035615099701800546,9.5182220071917527
1786615496.9953279,1786615496.9930573,vesc,0.00019807085057294823,0.00019807085057294823,nan,nan,0.01,1,0,1,0,0,1786615496.9930573,nan,-0.00016086117162459086,0.0018441870400148319,0.00019807085057294823,-0.082890498085923525,-0.0032484938848753586,9.720297111012087
1786615497.0145276,1786615497.0138106,vesc,-0.00086034914442379708,-0.00086034914442379708,nan,nan,0.01,1,0,1,0,0,1786615497.0138106,nan,0.00091682389403015165,-0.00028350494130924384,-0.00086034914442379708,-0.1057716497666652,0.016156917346702215,9.6290630012841802
1786615497.0332546,1786615497.032908,vesc,0.00018271388429048652,0.00018271388429048652,nan,nan,0.01,1,0,1,0,0,1786615497.032908,nan,-0.0012260522666965789,0.00077896005468596581,0.00018271388429048652,-0.13456608175340801,0.059255174325322457,9.6336320157904538
1786615497.0539663,1786615497.0528874,vesc,-0.00085462269789431371,-0.00085462269789431371,nan,nan,0.01,1,0,1,0,0,1786615497.0528874,nan,0.00091682389403015165,0.001847016648673041,-0.00085462269789431371,-0.11980370712692068,0.059344819454128839,9.6002724796230723
1786615497.0748227,1786615497.0731211,vesc,-0.00086997969668606593,-0.00086997969668606593,nan,nan,0.01,1,0,1,0,0,1786615497.0731211,nan,-0.00014836720104183631,0.00078178966334417502,-0.00086997969668606593,-0.15767193097775589,0.030708883563445255,9.5614282549390737
1786615497.0953934,1786615497.0929363,vesc,0.00018557710755522823,0.00018557710755522823,nan,nan,0.01,1,0,1,0,0,1786615497.0929363,nan,-0.0012260522666965789,0.0018442203295284576,0.00018557710755522823,-0.091908138404801498,0.016040630840439718,9.6723394156223321
1786615497.1156752,1786615497.1129026,vesc,0.00019520762730820652,0.00019520762730820652,nan,nan,0.01,1,0,1,0,0,1786615497.1129026,nan,-0.00016086117162459086,0.00077892676517233987,0.00019520762730820652,-0.16747606751690469,0.054607807125954366,9.5805392953950559
1786615497.1297843,1786615497.1294961,vesc,0.0012825190840360147,0.0012825190840360147,nan,nan,0.01,1,0,1,0,0,1786615497.1294961,nan,0.0019570270479366309,-0.00028926402716654019,0.0012825190840360147,-0.1196351611285289,0.030643321655137612,9.5858263480141659
1786615497.1532247,1786615497.1529188,vesc,0.00017698743776100315,0.00017698743776100315,nan,nan,0.01,1,0,1,0,0,1786615497.1529188,nan,-0.0012260522666965789,-0.001351561535296319,0.00017698743776100315,-0.10137520121971644,0.020856726763696543,9.6626599344172064
1786615497.1741085,1786615497.17291,vesc,-0.00086711640840274296,-0.00086711640840274296,nan,nan,0.01,1,0,1,0,0,1786615497.17291,nan,-0.00014836720104183631,0.0018470499381866669,-0.00086711640840274296,-0.12431251358194739,0.073779402811627648,9.5763059110815902
1786615497.1950541,1786615497.1929018,vesc,0.00018271388429048652,0.00018271388429048652,nan,nan,0.01,1,0,1,0,0,1786615497.1929018,nan,-0.0012260522666965789,0.00077896005468596581,0.00018271388429048652,-0.14431404847479268,-0.0030534526894250291,9.647721467229303
1786615497.2141271,1786615497.2130251,vesc,0.00022305833660838821,0.00022305833660838821,nan,nan,0.01,1,0,1,0,0,1786615497.2130251,nan,0.0019695210185193849,0.0018441194206902792,0.00022305833660838821,-0.14380842875216704,0.021012555067500216,9.6046777720840737
1786615497.2331023,1786615497.2327223,vesc,0.00019234440404346486,0.00019234440404346486,nan,nan,0.01,1,0,1,0,0,1786615497.2327223,nan,-0.00016086117162459086,-0.00028633454996745305,0.00019234440404346486,-0.14408933265863677,0.044898249304029747,9.6286911183527764
1786615497.2537937,1786615497.25283,vesc,0.0012632581095486394,0.0012632581095486394,nan,nan,0.01,1,0,1,0,0,1786615497.25283,nan,-0.00017335514220734541,0.0018413241418429966,0.0012632581095486394,-0.12059021248346635,0.016054408342910165,9.6672125767189527
1786615497.2733054,1786615497.2727466,vesc,0.00020483814706118484,0.00020483814706118484,nan,nan,0.01,1,0,1,0,0,1786615497.2727466,nan,0.00090432992344739716,-0.00028636783948107899,0.00020483814706118484,-0.14302192339562136,0.069093005446109856,9.5377517083063594
1786615497.2935634,1786615497.2927971,vesc,0.0012575316630191562,0.0012575316630191562,nan,nan,0.01,1,0,1,0,0,1786615497.2927971,nan,-0.00017335514220734541,-0.0002891974481392882,0.0012575316630191562,-0.10627725121674114,0.016041069381632411,9.6721710158043379
1786615497.3132422,1786615497.3128347,vesc,0.00017698743776100315,0.00017698743776100315,nan,nan,0.01,1,0,1,0,0,1786615497.3128347,nan,-0.0012260522666965789,-0.001351561535296319,0.00017698743776100315,-0.13862545657612291,0.059422697060931284,9.5713100498144286
1786615497.3332996,1786615497.3327835,vesc,0.0012632581095486394,0.0012632581095486394,nan,nan,0.01,1,0,1,0,0,1786615497.3327835,nan,-0.00017335514220734541,0.0018413241418429966,0.0012632581095486394,-0.10560310376827342,0.059305752742879747,9.6148098278000589
1786615497.3533809,1786615497.3528996,vesc,0.0012575316630191562,0.0012575316630191562,nan,nan,0.01,1,0,1,0,0,1786615497.3528996,nan,-0.00017335514220734541,-0.0002891974481392882,0.0012575316630191562,-0.15784047697614767,0.01630021068141474,9.575758611673109
1786615497.3731706,1786615497.3726847,vesc,-0.0019351668906431761,-0.0019351668906431761,nan,nan,0.01,1,0,1,0,0,1786615497.3726847,nan,-0.00013587375060773214,0.00078465256151601006,-0.0019351668906431761,-0.12087109811738639,0.030360097134856545,9.6911990257945035
1786615497.3931141,1786615497.3927658,vesc,0.00022019511334364655,0.00022019511334364655,nan,nan,0.01,1,0,1,0,0,1786615497.3927658,nan,0.0019695210185193849,0.00077885914584778699,0.00022019511334364655,-0.15711015970991582,0.045207713205673627,9.5135699622196626
1786615497.4132688,1786615497.4127429,vesc,-0.00088819985372397866,-0.00088819985372397866,nan,nan,0.01,1,0,1,0,0,1786615497.4127429,nan,-0.0012135582961138242,-0.001348698637124484,-0.00088819985372397866,-0.16229309534086056,0.030747657913899218,9.5470031733074165
1786615497.4345527,1786615497.4342098,vesc,-0.00086997969668606593,-0.00086997969668606593,nan,nan,0.01,1,0,1,0,0,1786615497.4342098,nan,-0.00014836720104183631,0.00078178966334417502,-0.00086997969668606593,-0.12459341748841712,0.025814836943187203,9.6001262992255079
1786615497.4531617,1786615497.45276,vesc,0.00019234440404346486,0.00019234440404346486,nan,nan,0.01,1,0,1,0,0,1786615497.45276,nan,-0.00016086117162459086,-0.00028633454996745305,0.00019234440404346486,-0.12949546748544183,0.025789255373613429,9.6096490750444445
1786615497.4731579,1786615497.4727225,vesc,0.00018557710755522823,0.00018557710755522823,nan,nan,0.01,1,0,1,0,0,1786615497.4727225,nan,-0.0012260522666965789,0.0018442203295284576,0.00018557710755522823,-0.11044900222008369,0.044922990336317525,9.6195051421698281
1786615497.4940536,1786615497.4927354,vesc,-0.0019226731801347467,-0.0019226731801347467,nan,nan,0.01,1,0,1,0,0,1786615497.4927354,nan,0.00092931734446425576,0.00078461823170508345,-0.0019226731801347467,-0.14302192339562136,0.016402756230306181,9.5376102056815171
1786615497.5135875,1786615497.5129426,vesc,0.0023073619882216763,0.0023073619882216763,nan,nan,0.01,1,0,1,0,0,1786615497.5129426,nan,-0.0012510396877134374,-0.0013572873316399895,0.0023073619882216763,-0.11574431403165608,0.044807288551645286,9.6625558539741405
1786615497.5348451,1786615497.5326242,vesc,-0.00086997969668606593,-0.00086997969668606593,nan,nan,0.01,1,0,1,0,0,1786615497.5326242,nan,-0.00014836720104183631,0.00078178966334417502,-0.00086997969668606593,-0.1392434342068265,0.059281084800790751,9.6239958039830071
1786615497.5492263,1786615497.5479832,vesc,0.00018271388429048652,0.00018271388429048652,nan,nan,0.01,1,0,1,0,0,1786615497.5479832,nan,-0.0012260522666965789,0.00077896005468596581,0.00018271388429048652,-0.15316313365900402,0.045014462720093462,9.5854720067304697
1786615497.5729711,1786615497.5726285,vesc,0.00018948118077872315,0.00018948118077872315,nan,nan,0.01,1,0,1,0,0,1786615497.5726285,nan,-0.00016086117162459086,-0.001351594824809945,0.00018948118077872315,-0.11568814421389195,-0.003080094066881145,9.6576371759568929
1786615497.5930324,1786615497.5926898,vesc,0.00019807085057294823,0.00019807085057294823,nan,nan,0.01,1,0,1,0,0,1786615497.5926898,nan,-0.00016086117162459086,0.0018441870400148319,0.00019807085057294823,-0.12910222394344384,0.068989546269733637,9.5762369139339398
1786615497.6131451,1786615497.6128078,vesc,0.0012325442420022975,0.0012325442420022975,nan,nan,0.01,1,0,1,0,0,1786615497.6128078,nan,-0.0023037368122026708,-0.00028912982881473543,0.0012325442420022975,-0.13929962229714032,0.068848226370388232,9.6288115710003694
1786615497.6332045,1786615497.6326981,vesc,0.0012450379525107266,0.0012450379525107266,nan,nan,0.01,1,0,1,0,0,1786615497.6326981,nan,-0.0012385462372793334,-0.00028916311832836143,0.0012450379525107266,-0.15350019824696304,0.01619708041093304,9.6141327201985405
1786615497.6530595,1786615497.6527393,vesc,-0.00087284285493222644,-0.00087284285493222644,nan,nan,0.01,1,0,1,0,0,1786615497.6527393,nan,-0.00014836720104183631,-0.00028347165179561784,-0.00087284285493222644,-0.14363988275377526,0.059371351196286781,9.5904117347249667
1786615497.6732106,1786615497.6726749,vesc,-0.00089783040598624762,-0.00089783040598624762,nan,nan,0.01,1,0,1,0,0,1786615497.6726749,nan,-0.0022787488710371622,-0.00028340403247106507,-0.00089783040598624762,-0.10622108139897701,0.030424014513691588,9.667419568161904
1786615497.6933696,1786615497.6929312,vesc,0.00015486317499030486,0.00015486317499030486,nan,nan,0.01,1,0,1,0,0,1786615497.6929312,nan,-0.0033564344568405551,-0.00028623364112927423,0.00015486317499030486,-0.147362202124806,0.078776177706274098,9.4994033275308993
1786615497.713098,1786615497.7126651,vesc,0.0012546685047729958,0.0012546685047729958,nan,nan,0.01,1,0,1,0,0,1786615497.7126651,nan,-0.00017335514220734541,-0.0013544577229817802,0.0012546685047729958,-0.091627234498331767,0.0017349055033939464,9.6483517971036008
1786615497.73388,1786615497.7326252,vesc,-0.00087570614321554941,-0.00087570614321554941,nan,nan,0.01,1,0,1,0,0,1786615497.7326252,nan,-0.00014836720104183631,-0.0013487319266381099,-0.00087570614321554941,-0.12927075166928592,0.040210828675729005,9.5905286790430182
1786615497.7549388,1786615497.7543964,vesc,-0.0019351668906431761,-0.0019351668906431761,nan,nan,0.01,1,0,1,0,0,1786615497.7543964,nan,-0.00013587375060773214,0.00078465256151601006,-0.0019351668906431761,-0.11016809831361396,0.040197306988954296,9.5955432514010681
1786615497.7741635,1786615497.7725763,vesc,0.0012728886618109084,0.0012728886618109084,nan,nan,0.01,1,0,1,0,0,1786615497.7725763,nan,0.00089183595286464255,0.00077602953718957789,0.0012728886618109084,-0.14786780357488194,0.045130164504765702,9.5424201254829768
1786615497.793586,1786615497.7927017,vesc,0.0012325442420022975,0.0012325442420022975,nan,nan,0.01,1,0,1,0,0,1786615497.7927017,nan,-0.0023037368122026708,-0.00028912982881473543,0.0012325442420022975,-0.10683905902968061,0.025492362986160089,9.7200936278986774
1786615497.8144794,1786615497.8128295,vesc,-0.00085462269789431371,-0.00085462269789431371,nan,nan,0.01,1,0,1,0,0,1786615497.8128295,nan,0.00091682389403015165,0.001847016648673041,-0.00085462269789431371,-0.087230785951383005,0.020804723087263,9.681987321861584
1786615497.8330708,1786615497.8325915,vesc,0.0012450379525107266,0.0012450379525107266,nan,nan,0.01,1,0,1,0,0,1786615497.8325915,nan,-0.0012385462372793334,-0.00028916311832836143,0.0012450379525107266,-0.14848578120558553,0.035408473709843236,9.5950813213447645
1786615497.8550057,1786615497.8544757,vesc,0.00017698743776100315,0.00017698743776100315,nan,nan,0.01,1,0,1,0,0,1786615497.8544757,nan,-0.0012260522666965789,-0.001351561535296319,0.00017698743776100315,-0.14335899711985522,0.030695581147266893,9.5663866940244588
1786615497.872927,1786615497.8725801,vesc,0.0012642990570352647,0.0012642990570352647,nan,nan,0.01,1,0,1,0,0,1786615497.8725801,nan,0.00089183595286464255,-0.0024197512873378982,0.0012642990570352647,-0.13428517784693828,-0.01732080567211014,9.6094771668969088
1786615497.8930166,1786615497.8927155,vesc,0.00021056459359066821,0.00021056459359066821,nan,nan,0.01,1,0,1,0,0,1786615497.8927155,nan,0.00090432992344739716,0.001844153750501206,0.00021056459359066821,-0.10165608685363647,0.02558233702086099,9.6866218251859664
1786615497.9129856,1786615497.9125447,vesc,0.0023380759858051808,0.0023380759858051808,nan,nan,0.01,1,0,1,0,0,1786615497.9125447,nan,0.00087934250243053844,0.00077316663901774252,0.0023380759858051808,-0.16753223733466882,0.025854817281921072,9.5852509819693523
1786615497.9362872,1786615497.9357085,vesc,0.00018271388429048652,0.00018271388429048652,nan,nan,0.01,1,0,1,0,0,1786615497.9357085,nan,-0.0012260522666965789,0.00077896005468596581,0.00018271388429048652,-0.12977637139191156,0.030514865630777877,9.6336109658132045
1786615497.95296,1786615497.9525666,vesc,0.0023602002485758793,0.0023602002485758793,nan,nan,0.01,1,0,1,0,0,1786615497.9525666,nan,0.0030097246925745143,-0.00029216021485200134,0.0023602002485758793,-0.12543609266272693,0.044781816617369685,9.6720224965204125
1786615497.9728284,1786615497.9725101,vesc,0.00021056459359066821,0.00021056459359066821,nan,nan,0.01,1,0,1,0,0,1786615497.9725101,nan,0.00090432992344739716,0.001844153750501206,0.00021056459359066821,-0.15276987184445634,0.059474627647166045,9.551982662370051
1786615497.9929006,1786615497.9925742,vesc,0.0012450379525107266,0.0012450379525107266,nan,nan,0.01,1,0,1,0,0,1786615497.9925742,nan,-0.0012385462372793334,-0.00028916311832836143,0.0012450379525107266,-0.11608138775588994,0.030359950954458981,9.6912551590671683
1786615498.0128472,1786615498.0124674,vesc,0.0023044988299755161,0.0023044988299755161,nan,nan,0.01,1,0,1,0,0,1786615498.0124674,nan,-0.0012510396877134374,-0.0024225476064824816,0.0023044988299755161,-0.14910375883628912,0.035266861449702702,9.6477682449565236
1786615498.0348179,1786615498.0343094,vesc,-0.00088819985372397866,-0.00088819985372397866,nan,nan,0.01,1,0,1,0,0,1786615498.0343094,nan,-0.0012135582961138242,-0.001348698637124484,-0.00088819985372397866,-0.15795285315677532,0.035434566910808485,9.5853901457078337
1786615498.0528185,1786615498.0525148,vesc,0.00018271388429048652,0.00018271388429048652,nan,nan,0.01,1,0,1,0,0,1786615498.0525148,nan,-0.0012260522666965789,0.00077896005468596581,0.00018271388429048652,-0.12988872929998951,0.035279177148197505,9.6432027387797916
1786615498.0734646,1786615498.0726168,vesc,-0.00085462269789431371,-0.00085462269789431371,nan,nan,0.01,1,0,1,0,0,1786615498.0726168,nan,0.00091682389403015165,0.001847016648673041,-0.00085462269789431371,-0.17153546061216929,0.073935413840928277,9.5182687849189733
1786615498.092746,1786615498.0923958,vesc,0.00021056459359066821,0.00021056459359066821,nan,nan,0.01,1,0,1,0,0,1786615498.0923958,nan,0.00090432992344739716,0.001844153750501206,0.00021056459359066821,-0.10176844476171443,0.025556609270889652,9.6962007342775678
1786615498.112829,1786615498.1124406,vesc,-0.0008824734071944954,-0.0008824734071944954,nan,nan,0.01,1,0,1,0,0,1786615498.1124406,nan,-0.0012135582961138242,0.00078182295285780096,-0.0008824734071944954,-0.14741837194257013,0.059603229851923345,9.5041419112983476
1786615498.1328084,1786615498.1325347,vesc,-0.00085071859216152813,-0.00085071859216152813,nan,nan,0.01,1,0,1,0,0,1786615498.1325347,nan,0.0019820149891021394,-0.0013487985056653618,-0.00085071859216152813,-0.10115048540356053,0.025698221531030185,9.6435138106658087
1786615498.1526394,1786615498.1523867,vesc,-0.00088819985372397866,-0.00088819985372397866,nan,nan,0.01,1,0,1,0,0,1786615498.1523867,nan,-0.0012135582961138242,-0.001348698637124484,-0.00088819985372397866,-0.13935579211490445,0.040095236526354938,9.6335244270178464
1786615498.1727352,1786615498.1724241,vesc,-0.00086321230266995738,-0.00086321230266995738,nan,nan,0.01,1,0,1,0,0,1786615498.1724241,nan,0.00091682389403015165,-0.0013487652161517359,-0.00086321230266995738,-0.12025313875923249,0.059241835364044704,9.638590454875839
1786615498.1935735,1786615498.1924047,vesc,0.00018948118077872315,0.00018948118077872315,nan,nan,0.01,1,0,1,0,0,1786615498.1924047,nan,-0.00016086117162459086,-0.001351594824809945,0.00018948118077872315,-0.13834457094220287,0.025956887744520429,9.5472709757957546
1786615498.2128682,1786615498.2123849,vesc,0.00017308336453750821,0.00017308336453750821,nan,nan,0.01,1,0,1,0,0,1786615498.2123849,nan,-0.0022912438819172173,0.0018442536190420836,0.00017308336453750821,-0.18105871151739805,0.059578525364734958,9.5133278874812959
1786615498.2341192,1786615498.232569,vesc,0.00018271388429048652,0.00018271388429048652,nan,nan,0.01,1,0,1,0,0,1786615498.232569,nan,-0.0012260522666965789,0.00077896005468596581,0.00018271388429048652,-0.10537838795211751,0.025827079551483223,9.5955607930487758
1786615498.2526541,1786615498.2523854,vesc,0.0012479011107568872,0.0012479011107568872,nan,nan,0.01,1,0,1,0,0,1786615498.2523854,nan,-0.0012385462372793334,0.00077609715651413066,0.0012479011107568872,-0.11574431403165608,0.030437207294571778,9.6625172623491835
1786615498.27263,1786615498.2723742,vesc,0.0012325442420022975,0.0012325442420022975,nan,nan,0.01,1,0,1,0,0,1786615498.2723742,nan,-0.0023037368122026708,-0.00028912982881473543,0.0012325442420022975,-0.12938310957736388,0.044975067102949851,9.6001216214527858
1786615498.2927201,1786615498.2924523,vesc,-0.00088819985372397866,-0.00088819985372397866,nan,nan,0.01,1,0,1,0,0,1786615498.2924523,nan,-0.0012135582961138242,-0.001348698637124484,-0.00088819985372397866,-0.14363988275377526,0.0066811019804831062,9.5902702321001243
1786615498.3129277,1786615498.3126318,vesc,0.0023227191170505914,0.0023227191170505914,nan,nan,0.01,1,0,1,0,0,1786615498.3126318,nan,-0.00018584859264144957,-0.00029206034631112335,0.0023227191170505914,-0.12025313875923249,0.035291748662388045,9.6385261355009106
1786615498.3366346,1786615498.3323815,vesc,0.00020483814706118484,0.00020483814706118484,nan,nan,0.01,1,0,1,0,0,1786615498.3323815,nan,0.00090432992344739716,-0.00028636783948107899,0.00020483814706118484,-0.15823373879069536,0.030580171723389782,9.6093251392834418
1786615498.3538704,1786615498.3535995,vesc,0.0012450379525107266,0.0012450379525107266,nan,nan,0.01,1,0,1,0,0,1786615498.3535995,nan,-0.0012385462372793334,-0.00028916311832836143,0.0012450379525107266,-0.15327549156708198,0.040198659157631766,9.5950380519470855
1786615498.3726466,1786615498.3723586,vesc,-0.00087284285493222644,-0.00087284285493222644,nan,nan,0.01,1,0,1,0,0,1786615498.3723586,nan,-0.00014836720104183631,-0.00028347165179561784,-0.00087284285493222644,-0.082778140177845572,-0.0080127688571955957,9.7107041686023194
1786615498.3926315,1786615498.3923473,vesc,0.00019520762730820652,0.00019520762730820652,nan,nan,0.01,1,0,1,0,0,1786615498.3923473,nan,-0.00016086117162459086,0.00077892676517233987,0.00019520762730820652,-0.12848424631274025,0.059551116540191629,9.5235254320153899
1786615498.4129379,1786615498.4123399,vesc,-0.00086034914442379708,-0.00086034914442379708,nan,nan,0.01,1,0,1,0,0,1786615498.4123399,nan,0.00091682389403015165,-0.00028350494130924384,-0.00086034914442379708,-0.13856928675835878,0.07380560564789107,9.5665586021719946
1786615498.4328294,1786615498.4323971,vesc,0.00021056459359066821,0.00021056459359066821,nan,nan,0.01,1,0,1,0,0,1786615498.4323971,nan,0.00090432992344739716,0.001844153750501206,0.00021056459359066821,-0.11985987694468481,0.030591829610095544,9.6049853356405492
1786615498.4526489,1786615498.4523425,vesc,0.00019234440404346486,0.00019234440404346486,nan,nan,0.01,1,0,1,0,0,1786615498.4523425,nan,-0.00016086117162459086,-0.00028633454996745305,0.00019234440404346486,-0.1343413659372521,0.059306666370364525,9.6144730281640705
1786615498.4681351,1786615498.4675786,vesc,0.00016449369474328318,0.00016449369474328318,nan,nan,0.01,1,0,1,0,0,1786615498.4675786,nan,-0.0022912428416199163,-0.0013515272054853921,0.00016449369474328318,-0.10633343930705497,0.049558370743085334,9.677049932753448
1786615498.4926908,1786615498.4923973,vesc,0.00017698743776100315,0.00017698743776100315,nan,nan,0.01,1,0,1,0,0,1786615498.4923973,nan,-0.0012260522666965789,-0.001351561535296319,0.00017698743776100315,-0.16156277807462871,0.045285115726183989,9.4847759322290131
1786615498.512722,1786615498.5123038,vesc,-0.00086997969668606593,-0.00086997969668606593,nan,nan,0.01,1,0,1,0,0,1786615498.5123038,nan,-0.00014836720104183631,0.00078178966334417502,-0.00086997969668606593,-0.10667051303128883,0.0015809044545598283,9.7056591907215761
1786615498.5344386,1786615498.5331793,vesc,-0.0019312629149475528,-0.0019312629149475528,nan,nan,0.01,1,0,1,0,0,1786615498.5331793,nan,0.00092931734446425576,-0.0024111625928223929,-0.0019312629149475528,-0.14814870748135167,0.064225892564103049,9.5664206078766938
1786615498.5534112,1786615498.5524907,vesc,-0.00087284285493222644,-0.00087284285493222644,nan,nan,0.01,1,0,1,0,0,1786615498.5524907,nan,-0.00014836720104183631,-0.00028347165179561784,-0.00087284285493222644,-0.12949546748544183,0.030579258095905004,9.6096619389194302
1786615498.5734632,1786615498.5729821,vesc,0.0023227191170505914,0.0023227191170505914,nan,nan,0.01,1,0,1,0,0,1786615498.5729821,nan,-0.00018584859264144957,-0.00029206034631112335,0.0023227191170505914,-0.12927075166928592,0.016260705428972955,9.5904643596680899
1786615498.5937309,1786615498.5923715,vesc,-0.00084499214563204465,-0.00084499214563204465,nan,nan,0.01,1,0,1,0,0,1786615498.5923715,nan,0.0019820149891021394,0.00078172204401962214,-0.00084499214563204465,-0.072636929914462911,0.030435855125894307,9.6630224618031662
1786615498.6131954,1786615498.6126947,vesc,0.0012728886618109084,0.0012728886618109084,nan,nan,0.01,1,0,1,0,0,1786615498.6126947,nan,0.00089183595286464255,0.00077602953718957789,0.0012728886618109084,-0.087904933399850727,0.025440286219527763,9.7394771486157197
1786615498.6334751,1786615498.6327109,vesc,0.00019520762730820652,0.00019520762730820652,nan,nan,0.01,1,0,1,0,0,1786615498.6327109,nan,-0.00016086117162459086,0.00077892676517233987,0.00019520762730820652,-0.13901871839067059,0.030592450876785193,9.6047596331067098
1786615498.6546519,1786615498.65258,vesc,-0.00088637751292728099,-0.00088637751292728099,nan,nan,0.01,1,0,1,0,0,1786615498.65258,nan,-0.0022787499113344628,0.0039776381071962037,-0.00088637751292728099,-0.11478928094926832,0.035446078617116683,9.5811053058944253
1786615498.6726294,1786615498.6723542,vesc,-0.00087284285493222644,-0.00087284285493222644,nan,nan,0.01,1,0,1,0,0,1786615498.6723542,nan,-0.00014836720104183631,-0.00028347165179561784,-0.00087284285493222644,-0.13495934356795569,0.016054846884102858,9.6670441769009585
1786615498.6925943,1786615498.6923137,vesc,0.00015772639825504655,0.00015772639825504655,nan,nan,0.01,1,0,1,0,0,1786615498.6923137,nan,-0.0033564354971378557,0.0007790266337132178,0.00015772639825504655,-0.11929808740429504,0.069040745953980576,9.5571913622960665
1786615498.71281,1786615498.7124777,vesc,-0.0029907236623751793,-0.0029907236623751793,nan,nan,0.01,1,0,1,0,0,1786615498.7124777,nan,0.00094181131504701037,-0.00027777914496557348,-0.0029907236623751793,-0.13929962229714032,0.011367974432292982,9.6286572045005414
1786615498.7377105,1786615498.7324314,vesc,0.0012575316630191562,0.0012575316630191562,nan,nan,0.01,1,0,1,0,0,1786615498.7324314,nan,-0.00017335514220734541,-0.0002891974481392882,0.0012575316630191562,-0.11061752994592577,0.06404444614562621,9.6339255460287632
1786615498.7528999,1786615498.7522764,vesc,0.00022019511334364655,0.00022019511334364655,nan,nan,0.01,1,0,1,0,0,1786615498.7522764,nan,0.0019695210185193849,0.00077885914584778699,0.00022019511334364655,-0.115575786305814,0.040055840909211327,9.6481740417401625
1786615498.7726023,1786615498.7723031,vesc,0.00020197492379644315,0.00020197492379644315,nan,nan,0.01,1,0,1,0,0,1786615498.7723031,nan,0.00090432992344739716,-0.0013516281143235711,0.00020197492379644315,-0.13817602494381109,0.040365597171650336,9.5329406190617192
1786615498.7975175,1786615498.795692,vesc,0.00016449369474328318,0.00016449369474328318,nan,nan,0.01,1,0,1,0,0,1786615498.795692,nan,-0.0022912428416199163,-0.0013515272054853921,0.00016449369474328318,-0.087736387401458948,0.030268917111875737,9.725121064131713
1786615498.8158798,1786615498.8122096,vesc,0.00018271388429048652,0.00018271388429048652,nan,nan,0.01,1,0,1,0,0,1786615498.8122096,nan,-0.0012260522666965789,0.00077896005468596581,0.00018271388429048652,-0.1014875408552447,0.0016708784892607298,9.6721885574520456
1786615498.8324521,1786615498.8322027,vesc,-0.00086997969668606593,-0.00086997969668606593,nan,nan,0.01,1,0,1,0,0,1786615498.8322027,nan,-0.00014836720104183631,0.00078178966334417502,-0.00086997969668606593,-0.13394810412270441,0.054606747318072024,9.5809322283037091
1786615498.852684,1786615498.8523562,vesc,0.0012421747942645664,0.0012421747942645664,nan,nan,0.01,1,0,1,0,0,1786615498.8523562,nan,-0.0012385462372793334,-0.0013544244334681541,0.0012421747942645664,-0.12025313875923249,0.068821877353727245,9.6386161826258103
1786615498.8724685,1786615498.8721745,vesc,0.0022977314359594074,0.0022977314359594074,nan,nan,0.01,1,0,1,0,0,1786615498.8721745,nan,-0.0023162307827854257,-0.00029199272698657058,0.0022977314359594074,-0.15299458766061225,-0.0076371583256538145,9.5709603863034545
1786615498.8926213,1786615498.8921793,vesc,0.0023380759858051808,0.0023380759858051808,nan,nan,0.01,1,0,1,0,0,1786615498.8921793,nan,0.00087934250243053844,0.00077316663901774252,0.0023380759858051808,-0.10199316057787033,0.039875198482921093,9.7153983135289081
1786615498.911037,1786615498.9102871,vesc,0.00021056459359066821,0.00021056459359066821,nan,nan,0.01,1,0,1,0,0,1786615498.9102871,nan,0.00090432992344739716,0.001844153750501206,0.00021056459359066821,-0.19063813224039095,0.0068885685097264115,9.513074118311124
1786615498.9328537,1786615498.9323885,vesc,-0.00086321230266995738,-0.00086321230266995738,nan,nan,0.01,1,0,1,0,0,1786615498.9323885,nan,0.00091682389403015165,-0.0013487652161517359,-0.00086321230266995738,-0.10605253540058523,0.02567260341635702,9.6530377559279259
1786615498.952976,1786615498.9522009,vesc,0.00022019511334364655,0.00022019511334364655,nan,nan,0.01,1,0,1,0,0,1786615498.9522009,nan,0.0019695210185193849,0.00077885914584778699,0.00022019511334364655,-0.13439753575501623,0.049713760505696314,9.6192373396814901
1786615498.9731815,1786615498.9726536,vesc,-0.001944797442905445,-0.001944797442905445,nan,nan,0.01,1,0,1,0,0,1786615498.9726536,nan,-0.0012010648456797202,0.0018499461258721284,-0.001944797442905445,-0.11039281412976987,0.030565772954229686,9.6146765112774801
1786615498.9927318,1786615498.9922228,vesc,0.00019234440404346486,0.00019234440404346486,nan,nan,0.01,1,0,1,0,0,1786615498.9922228,nan,-0.00016086117162459086,-0.00028633454996745305,0.00019234440404346486,-0.14347135502793318,0.0067196936054401135,9.5759012837411319
1786615499.013181,1786615499.0126281,vesc,0.0012700253735275855,0.0012700253735275855,nan,nan,0.01,1,0,1,0,0,1786615499.0126281,nan,0.00089183595286464255,-0.0002892307376529142,0.0012700253735275855,-0.16719518188298466,0.030722076344325444,9.5565259491263532
1786615499.0325177,1786615499.0321999,vesc,-0.00087284285493222644,-0.00087284285493222644,nan,nan,0.01,1,0,1,0,0,1786615499.0321999,nan,-0.00014836720104183631,-0.00028347165179561784,-0.00087284285493222644,-0.091571046408017942,-0.0030421967988125687,9.6435488939612242
1786615499.0524414,1786615499.0521607,vesc,-0.00085175953964815321,-0.00085175953964815321,nan,nan,0.01,1,0,1,0,0,1786615499.0521607,nan,0.00091682389403015165,0.0029122769235155332,-0.00085175953964815321,-0.13929962229714032,0.025738019144267099,9.6286957961254984
1786615499.0730577,1786615499.0721421,vesc,-0.00087570614321554941,-0.00087570614321554941,nan,nan,0.01,1,0,1,0,0,1786615499.0721421,nan,-0.00014836720104183631,-0.0013487319266381099,-0.00087570614321554941,-0.1482048772991158,0.054632986699434838,9.5711849193941134
1786615499.0926597,1786615499.0922263,vesc,-0.00085462269789431371,-0.00085462269789431371,nan,nan,0.01,1,0,1,0,0,1786615499.0922263,nan,0.00091682389403015165,0.001847016648673041,-0.00085462269789431371,-0.14448257620063476,0.0064879976753005053,9.6621161433382667
1786615499.1126714,1786615499.1121352,vesc,0.0012450379525107266,0.0012450379525107266,nan,nan,0.01,1,0,1,0,0,1786615499.1121352,nan,-0.0012385462372793334,-0.00028916311832836143,0.0012450379525107266,-0.13907490648098442,0.068899754960529691,9.6096525833739861
1786615499.1324928,1786615499.1321411,vesc,0.00018271388429048652,0.00018271388429048652,nan,nan,0.01,1,0,1,0,0,1786615499.1321411,nan,-0.0012260522666965789,0.00077896005468596581,0.00018271388429048652,-0.12972020157414743,0.020947687516081004,9.6287951987958422
1786615499.1524649,1786615499.152153,vesc,-0.0019380303089636616,-0.0019380303089636616,nan,nan,0.01,1,0,1,0,0,1786615499.152153,nan,-0.00013587375060773214,-0.00028060875362378264,-0.0019380303089636616,-0.14380842875216704,0.040172639046865299,9.6047292275840164
1786615499.1724598,1786615499.1721704,vesc,0.00020483814706118484,0.00020483814706118484,nan,nan,0.01,1,0,1,0,0,1786615499.1721704,nan,0.00090432992344739716,-0.00028636783948107899,0.00020483814706118484,-0.12059021248346635,0.025634450332592706,9.6672383044689241
1786615499.1928959,1786615499.1925879,vesc,0.00022019511334364655,0.00022019511334364655,nan,nan,0.01,1,0,1,0,0,1786615499.1925879,nan,0.0019695210185193849,0.00077885914584778699,0.00022019511334364655,-0.16629631861836103,0.045298125781567222,9.4799297596889573
1786615499.2148983,1786615499.2140973,vesc,-0.00088533669547781837,-0.00088533669547781837,nan,nan,0.01,1,0,1,0,0,1786615499.2140973,nan,-0.0012135582961138242,-0.00028343732198469102,-0.00088533669547781837,-0.17615662497527396,0.064394146201699698,9.5038168060941643
1786615499.2334538,1786615499.2321556,vesc,0.0012603948212653164,0.0012603948212653164,nan,nan,0.01,1,0,1,0,0,1786615499.2321556,nan,-0.00017335514220734541,0.00077606386700050461,0.0012603948212653164,-0.11551959821550017,0.02569869661732227,9.6433454108478145
1786615499.2523222,1786615499.2520168,vesc,0.00017698743776100315,0.00017698743776100315,nan,nan,0.01,1,0,1,0,0,1786615499.2520168,nan,-0.0012260522666965789,-0.001351561535296319,0.00017698743776100315,-0.14865430893142761,0.044949960619668161,9.6094759974537283
1786615499.2723701,1786615499.2720571,vesc,-0.00085071859216152813,-0.00085071859216152813,nan,nan,0.01,1,0,1,0,0,1786615499.2720571,nan,0.0019820149891021394,-0.0013487985056653618,-0.00085071859216152813,-0.12493049121265098,0.044897664582439489,9.6289156514434353
1786615499.292598,1786615499.2920594,vesc,-0.00087856930146170981,-0.00087856930146170981,nan,nan,0.01,1,0,1,0,0,1786615499.2920594,nan,-0.00014836720104183631,-0.002413992201480602,-0.00087856930146170981,-0.17626900115590161,0.054788339916946427,9.5133711568789749
1786615499.3126242,1786615499.3121815,vesc,0.0012325442420022975,0.0012325442420022975,nan,nan,0.01,1,0,1,0,0,1786615499.3121815,nan,-0.0023037368122026708,-0.00028912982881473543,0.0012325442420022975,-0.068352830139317255,0.011159740455962464,9.7061351540960459
1786615499.3346784,1786615499.3321695,vesc,-0.00088533669547781837,-0.00088533669547781837,nan,nan,0.01,1,0,1,0,0,1786615499.3321695,nan,-0.0012135582961138242,-0.00028343732198469102,-0.00088533669547781837,-0.15739104534383586,0.025983273306280807,9.5374663641703137
1786615499.3539555,1786615499.3524401,vesc,0.0023227191170505914,0.0023227191170505914,nan,nan,0.01,1,0,1,0,0,1786615499.3524401,nan,-0.00018584859264144957,-0.00029206034631112335,0.0023227191170505914,-0.11991606503499863,0.011418881755744792,9.609722749964817
1786615499.3725553,1786615499.3720479,vesc,0.00016449369474328318,0.00016449369474328318,nan,nan,0.01,1,0,1,0,0,1786615499.3720479,nan,-0.0022912428416199163,-0.0013515272054853921,0.00016449369474328318,-0.14403314456832295,0.035331107734432265,9.6238753513354141
1786615499.3923953,1786615499.3920245,vesc,0.0012479011107568872,0.0012479011107568872,nan,nan,0.01,1,0,1,0,0,1786615499.3920245,nan,-0.0012385462372793334,0.00077609715651413066,0.0012479011107568872,-0.10560310376827342,0.030565626773832122,9.6147326445501449
1786615499.4123518,1786615499.4120586,vesc,-0.00085748598617763668,-0.00085748598617763668,nan,nan,0.01,1,0,1,0,0,1786615499.4120586,nan,0.00091682389403015165,0.00078175533353324808,-0.00085748598617763668,-0.08210399272937785,0.03525191450405174,9.6533441500412209
1786615499.4322629,1786615499.4319613,vesc,0.00017698743776100315,0.00017698743776100315,nan,nan,0.01,1,0,1,0,0,1786615499.4319613,nan,-0.0012260522666965789,-0.001351561535296319,0.00017698743776100315,-0.15321930347676815,0.030631517588034285,9.5902222849297232
1786615499.4523909,1786615499.4520824,vesc,-0.00085071859216152813,-0.00085071859216152813,nan,nan,0.01,1,0,1,0,0,1786615499.4520824,nan,0.0019820149891021394,-0.0013487985056653618,-0.00085071859216152813,-0.12972020157414743,0.035317768773154512,9.6288337904207992
1786615499.4748819,1786615499.4745069,vesc,-0.00085748598617763668,-0.00085748598617763668,nan,nan,0.01,1,0,1,0,0,1786615499.4745069,nan,0.00091682389403015165,0.00078175533353324808,-0.00085748598617763668,-0.12526756493688485,0.040030405520035117,9.6576406842864344
1786615499.4923632,1786615499.4920309,vesc,-0.00085462269789431371,-0.00085462269789431371,nan,nan,0.01,1,0,1,0,0,1786615499.4920309,nan,0.00091682389403015165,0.001847016648673041,-0.00085462269789431371,-0.15761576115999176,0.05946190995257794,9.5567153989215967
1786615499.5189323,1786615499.5184348,vesc,0.0023323496693128604,0.0023323496693128604,nan,nan,0.01,1,0,1,0,0,1786615499.5184348,nan,0.00087934250243053844,-0.0013573539106672414,0.0023323496693128604,-0.12521137684657102,0.020883185415655703,9.6528003589622813
1786615499.5322146,1786615499.531883,vesc,-0.0019351668906431761,-0.0019351668906431761,nan,nan,0.01,1,0,1,0,0,1786615499.531883,nan,-0.00013587375060773214,0.00078465256151601006,-0.0019351668906431761,-0.13890636048259264,0.059358304595804157,9.5952579072650224
1786615499.5526419,1786615499.5523052,vesc,-0.0019476606011516052,-0.0019476606011516052,nan,nan,0.01,1,0,1,0,0,1786615499.5523052,nan,-0.0012010648456797202,0.00078468585102963622,-0.0019476606011516052,-0.13935579211490445,0.030515194536672396,9.6334986992678751
1786615499.5724845,1786615499.5720284,vesc,0.00017985066102574486,0.00017985066102574486,nan,nan,0.01,1,0,1,0,0,1786615499.5720284,nan,-0.0012260522666965789,-0.00028630022015652622,0.00017985066102574486,-0.12420015567386944,0.030694959880577244,9.5666112271151178
1786615499.5924482,1786615499.5921395,vesc,-0.00086711640840274296,-0.00086711640840274296,nan,nan,0.01,1,0,1,0,0,1786615499.5921395,nan,-0.00014836720104183631,0.0018470499381866669,-0.00086711640840274296,-0.10165608685363647,0.020792334298569415,9.6866089613109807
1786615499.6121676,1786615499.6118982,vesc,0.00018948118077872315,0.00018948118077872315,nan,nan,0.01,1,0,1,0,0,1786615499.6118982,nan,-0.00016086117162459086,-0.001351594824809945,0.00018948118077872315,-0.096697848766297945,0.020830816288228249,9.6722961462246531
1786615499.6322515,1786615499.6319523,vesc,-0.001929440574150855,-0.001929440574150855,nan,nan,0.01,1,0,1,0,0,1786615499.6319523,nan,-0.00013587375060773214,0.0029151731112009938,-0.001929440574150855,-0.14290956548754341,0.035588567959642603,9.5280815826466778
1786615499.6523786,1786615499.6520875,vesc,0.002313088564788322,0.002313088564788322,nan,nan,0.01,1,0,1,0,0,1786615499.6520875,nan,-0.0012510396877134374,0.00077323425834229539,0.002313088564788322,-0.12002842294307658,0.030553201440039146,9.6193542839995416
1786615499.6727455,1786615499.6719384,vesc,0.0023198556987301055,0.0023198556987301055,nan,nan,0.01,1,0,1,0,0,1786615499.6719384,nan,-0.00018584859264144957,-0.0013573206211536155,0.0023198556987301055,-0.16296724278932828,0.030593181778773015,9.6044789667433861
1786615499.6928203,1786615499.691941,vesc,0.002313088564788322,0.002313088564788322,nan,nan,0.01,1,0,1,0,0,1786615499.691941,nan,-0.0012510396877134374,0.00077323425834229539,0.002313088564788322,-0.1106737180362396,0.044871498291275458,9.6386641297962115
1786615499.7123423,1786615499.7120097,vesc,0.0012700253735275855,0.0012700253735275855,nan,nan,0.01,1,0,1,0,0,1786615499.7120097,nan,0.00089183595286464255,-0.0002892307376529142,0.0012700253735275855,-0.15767193097775589,0.011548799584080172,9.561376799439131
1786615499.7323396,1786615499.7320297,vesc,0.0012575316630191562,0.0012575316630191562,nan,nan,0.01,1,0,1,0,0,1786615499.7320297,nan,-0.00017335514220734541,-0.0002891974481392882,0.0012575316630191562,-0.11072988785400373,0.020908511169533739,9.6433886802454936
1786615499.7523036,1786615499.7519801,vesc,0.0012296809537189744,0.0012296809537189744,nan,nan,0.01,1,0,1,0,0,1786615499.7519801,nan,-0.0023037368122026708,-0.0013543901036572276,0.0012296809537189744,-0.14369607084408909,0.049778408786519179,9.5951760462423863
1786615499.7724421,1786615499.7719564,vesc,-0.00088819985372397866,-0.00088819985372397866,nan,nan,0.01,1,0,1,0,0,1786615499.7719564,nan,-0.0012135582961138242,-0.001348698637124484,-0.00088819985372397866,-0.13879400257451469,0.040223984911509802,9.5856275426734783
1786615499.7924664,1786615499.7919459,vesc,0.00016735691800802484,0.00016735691800802484,nan,nan,0.01,1,0,1,0,0,1786615499.7919459,nan,-0.0022912428416199163,-0.00028626693064290023,0.00016735691800802484,-0.14949700237828711,0.025596699244921695,9.681270453191928
1786615499.812561,1786615499.8122249,vesc,0.00016449369474328318,0.00016449369474328318,nan,nan,0.01,1,0,1,0,0,1786615499.8122249,nan,-0.0022912428416199163,-0.0013515272054853921,0.00016449369474328318,-0.14837342329750758,-0.002885929953816202,9.5853995012532778
1786615499.833657,1786615499.8320725,vesc,0.00019807085057294823,0.00019807085057294823,nan,nan,0.01,1,0,1,0,0,1786615499.8320725,nan,-0.00016086117162459086,0.0018441870400148319,0.00019807085057294823,-0.12019695066891867,0.040094615259665289,9.6337489601085053
1786615499.8525152,1786615499.851932,vesc,-0.0019437566254559822,-0.0019437566254559822,nan,nan,0.01,1,0,1,0,0,1786615499.851932,nan,-0.00013587375060773214,-0.0024111293033087667,-0.0019437566254559822,-0.12487430312233716,0.025750481023159466,9.6240741566761017
1786615499.8725314,1786615499.8720589,vesc,0.00018557710755522823,0.00018557710755522823,nan,nan,0.01,1,0,1,0,0,1786615499.8720589,nan,-0.0012260522666965789,0.0018442203295284576,0.00018557710755522823,-0.16285490315380002,0.03540894879613532,9.5949129215267703
1786615499.8923976,1786615499.8920479,vesc,0.0012354074002484579,0.0012354074002484579,nan,nan,0.01,1,0,1,0,0,1786615499.8920479,nan,-0.0023037378524999718,0.0007761304460277566,0.0012354074002484579,-0.11112314966855141,0.0064483096973617648,9.6768780246059123
1786615499.9124413,1786615499.9121017,vesc,0.00019234440404346486,0.00019234440404346486,nan,nan,0.01,1,0,1,0,0,1786615499.9121017,nan,-0.00016086117162459086,-0.00028633454996745305,0.00019234440404346486,-0.13823221303412492,0.088252943245077375,9.5378592970789668
1786615499.9322884,1786615499.9319603,vesc,0.00020483814706118484,0.00020483814706118484,nan,nan,0.01,1,0,1,0,0,1786615499.9319603,nan,0.00090432992344739716,-0.00028636783948107899,0.00020483814706118484,-0.11546342839773605,0.020921521224916972,9.6385436771486184
1786615499.9523642,1786615499.951993,vesc,0.0012603948212653164,0.0012603948212653164,nan,nan,0.01,1,0,1,0,0,1786615499.951993,nan,-0.00017335514220734541,0.00077606386700050461,0.0012603948212653164,-0.13428517784693828,0.054529527523058618,9.6096701250216938
1786615499.9722626,1786615499.9719157,vesc,-0.00089496711770292476,-0.00089496711770292476,nan,nan,0.01,1,0,1,0,0,1786615499.9719157,nan,-0.0022787499113344628,0.00078185624237142701,-0.00089496711770292476,-0.12983255948222538,0.035292041023183174,9.6384126995124006
1786615499.9924188,1786615499.9919584,vesc,-0.00086711640840274296,-0.00086711640840274296,nan,nan,0.01,1,0,1,0,0,1786615499.9919584,nan,-0.00014836720104183631,0.0018470499381866669,-0.00086711640840274296,-0.15739104534383586,0.045143357285645891,9.5375189891134369
1786615500.0132315,1786615500.0120692,vesc,0.00020093407383768989,0.00020093407383768989,nan,nan,0.01,1,0,1,0,0,1786615500.0120692,nan,-0.00016086117162459086,0.0029094473148573237,0.00020093407383768989,-0.087455501767538912,0.030333273031903474,9.7011720372379386
1786615500.0325952,1786615500.0319672,vesc,0.00019234440404346486,0.00019234440404346486,nan,nan,0.01,1,0,1,0,0,1786615500.0319672,nan,-0.00016086117162459086,-0.00028633454996745305,0.00019234440404346486,-0.096866376492140027,0.011212109583389918,9.6866393668336741
1786615500.0523262,1786615500.0518868,vesc,0.00020483814706118484,0.00020483814706118484,nan,nan,0.01,1,0,1,0,0,1786615500.0518868,nan,0.00090432992344739716,-0.00028636783948107899,0.00020483814706118484,-0.15299458766061225,0.035473048900467319,9.5710761611783255
1786615500.0687068,1786615500.0684669,vesc,-0.0019351668906431761,-0.0019351668906431761,nan,nan,0.01,1,0,1,0,0,1786615500.0684669,nan,-0.00013587375060773214,0.00078465256151601006,-0.0019351668906431761,-0.12025313875923249,0.068821877353727245,9.6386161826258103
1786615500.0923996,1786615500.0920696,vesc,-0.0019226731801347467,-0.0019226731801347467,nan,nan,0.01,1,0,1,0,0,1786615500.0920696,nan,0.00092931734446425576,0.00078461823170508345,-0.0019226731801347467,-0.13896253030035677,0.016235233494697354,9.5999321716575423
1786615500.1124673,1786615500.1119657,vesc,-0.00090069356423240813,-0.00090069356423240813,nan,nan,0.01,1,0,1,0,0,1786615500.1119657,nan,-0.0022787488710371622,-0.001348664307313557,-0.00090069356423240813,-0.10616489330866319,0.049596998913141732,9.6626809843944557
1786615500.1330209,1786615500.1324084,vesc,0.00020483814706118484,0.00020483814706118484,nan,nan,0.01,1,0,1,0,0,1786615500.1324084,nan,0.00090432992344739716,-0.00028636783948107899,0.00020483814706118484,-0.15260134411861426,0.025983127125883243,9.5375236668861589
1786615500.1520782,1786615500.1517432,vesc,0.0012603948212653164,0.0012603948212653164,nan,nan,0.01,1,0,1,0,0,1786615500.1517432,nan,-0.00017335514220734541,0.00077606386700050461,0.0012603948212653164,-0.13456608175340801,0.044885093068248949,9.6335934241654968
1786615500.1723466,1786615500.1719689,vesc,0.00018271388429048652,0.00018271388429048652,nan,nan,0.01,1,0,1,0,0,1786615500.1719689,nan,-0.0012260522666965789,0.00077896005468596581,0.00018271388429048652,-0.14932847465244503,0.040005408672051601,9.6669400964578927
1786615500.1922936,1786615500.1918514,vesc,-0.0030003542146374487,-0.0030003542146374487,nan,nan,0.01,1,0,1,0,0,1786615500.1918514,nan,-0.00012337978002497762,0.00078751545968784543,-0.0030003542146374487,-0.13851309866804495,0.059448424810902623,9.5617299712796466
1786615500.2123072,1786615500.2119186,vesc,0.0022948682777132472,0.0022948682777132472,nan,nan,0.01,1,0,1,0,0,1786615500.2119186,nan,-0.0023162307827854257,-0.0013572530018290626,0.0022948682777132472,-0.12955165557575565,0.073676564901941077,9.6145677530616922
1786615500.2321174,1786615500.2317615,vesc,-0.00088819985372397866,-0.00088819985372397866,nan,nan,0.01,1,0,1,0,0,1786615500.2317615,nan,-0.0012135582961138242,-0.001348698637124484,-0.00088819985372397866,-0.14814870748135167,0.016325646070590949,9.5662919691268371
1786615500.2521551,1786615500.2517467,vesc,0.0012728886618109084,0.0012728886618109084,nan,nan,0.01,1,0,1,0,0,1786615500.2517467,nan,0.00089183595286464255,0.00077602953718957789,0.0012728886618109084,-0.13479079756956391,0.044833601023206882,9.6527524117918801
1786615500.2721157,1786615500.2718027,vesc,0.00023268885636136652,0.00023268885636136652,nan,nan,0.01,1,0,1,0,0,1786615500.2718027,nan,0.0030347123736656984,0.00077882585633416094,0.00023268885636136652,-0.11072988785400373,0.049648637138581364,9.6434658634954076
1786615500.2921515,1786615500.2918358,vesc,0.0012354074002484579,0.0012354074002484579,nan,nan,0.01,1,0,1,0,0,1786615500.2918358,nan,-0.0023037378524999718,0.0007761304460277566,0.0012354074002484579,-0.1668580898862011,0.03079929613933885,9.5277880524083685
1786615500.3126431,1786615500.3123283,vesc,0.00022019511334364655,0.00022019511334364655,nan,nan,0.01,1,0,1,0,0,1786615500.3123283,nan,0.0019695210185193849,0.00077885914584778699,0.00022019511334364655,-0.096866376492140027,0.035162232830145967,9.6867036862086024
1786615500.3325002,1786615500.3321598,vesc,0.00017985066102574486,0.00017985066102574486,nan,nan,0.01,1,0,1,0,0,1786615500.3321598,nan,-0.0012260522666965789,-0.00028630022015652622,0.00017985066102574486,-0.13800749721796901,0.04519422806399831,9.5185845345777125
1786615500.3523877,1786615500.3517563,vesc,-0.00087856930146170981,-0.00087856930146170981,nan,nan,0.01,1,0,1,0,0,1786615500.3517563,nan,-0.00014836720104183631,-0.002413992201480602,-0.00087856930146170981,-0.12983255948222538,0.035292041023183174,9.6384126995124006
1786615500.3723898,1786615500.3719833,vesc,-0.0019755114404889497,-0.0019755114404889497,nan,nan,0.01,1,0,1,0,0,1786615500.3719833,nan,-0.0033314465156750457,-0.00028050784478560387,-0.0019755114404889497,-0.14871049702174144,0.040147020932192135,9.6142531728461336
1786615500.3919754,1786615500.3916874,vesc,-0.00087284285493222644,-0.00087284285493222644,nan,nan,0.01,1,0,1,0,0,1786615500.3916874,nan,-0.00014836720104183631,-0.00028347165179561784,-0.00087284285493222644,-0.12515520702880689,0.030476091280323914,9.6480360474448617
1786615500.4122689,1786615500.41171,vesc,0.0012603948212653164,0.0012603948212653164,nan,nan,0.01,1,0,1,0,0,1786615500.41171,nan,-0.00017335514220734541,0.00077606386700050461,0.0012603948212653164,-0.10678287093936678,0.039875344663318657,9.7153421802562434
1786615500.4320302,1786615500.4316666,vesc,0.00018948118077872315,0.00018948118077872315,nan,nan,0.01,1,0,1,0,0,1786615500.4316666,nan,-0.00016086117162459086,-0.001351594824809945,0.00018948118077872315,-0.16150660825686458,0.045297979601169658,9.4799858929616221
1786615500.4523885,1786615500.4518664,vesc,0.0012575316630191562,0.0012575316630191562,nan,nan,0.01,1,0,1,0,0,1786615500.4518664,nan,-0.00017335514220734541,-0.0002891974481392882,0.0012575316630191562,-0.11089843385239551,0.016079843732086374,9.6577447647295003
1786615500.4723547,1786615500.4720442,vesc,0.00018271388429048652,0.00018271388429048652,nan,nan,0.01,1,0,1,0,0,1786615500.4720442,nan,-0.0012260522666965789,0.00077896005468596581,0.00018271388429048652,-0.13450991193564388,0.040107954220943043,9.6287905210231202
1786615500.4920979,1786615500.4917493,vesc,-0.001929440574150855,-0.001929440574150855,nan,nan,0.01,1,0,1,0,0,1786615500.4917493,nan,-0.00013587375060773214,0.0029151731112009938,-0.001929440574150855,-0.11478928094926832,0.030656039349725717,9.5810924420194397
1786615500.512059,1786615500.5116782,vesc,-0.00085748598617763668,-0.00085748598617763668,nan,nan,0.01,1,0,1,0,0,1786615500.5116782,nan,0.00091682389403015165,0.00078175533353324808,-0.00085748598617763668,-0.13377957639686233,0.040275330776154306,9.5665246883197597
1786615500.5321608,1786615500.5317507,vesc,0.00019234440404346486,0.00019234440404346486,nan,nan,0.01,1,0,1,0,0,1786615500.5317507,nan,-0.00016086117162459086,-0.00028633454996745305,0.00019234440404346486,-0.10159991703587234,0.030385240163237626,9.6818446497935611
1786615500.5520539,1786615500.5517428,vesc,0.00022019511334364655,0.00022019511334364655,nan,nan,0.01,1,0,1,0,0,1786615500.5517428,nan,0.0019695210185193849,0.00077885914584778699,0.00022019511334364655,-0.16775695315082473,0.03059332795917058,9.6044228334707213
1786615500.5728436,1786615500.5716732,vesc,0.00019911170053170147,0.00019911170053170147,nan,nan,0.01,1,0,1,0,0,1786615500.5716732,nan,0.00090432992344739716,-0.0024168883891660629,0.00019911170053170147,-0.12436870167226122,0.045026412967594354,9.5810187670990672
1786615500.5920215,1786615500.5916853,vesc,-0.001940893467209822,-0.001940893467209822,nan,nan,0.01,1,0,1,0,0,1786615500.5916853,nan,-0.00013587375060773214,-0.0013458690284662747,-0.001940893467209822,-0.10627725121674114,0.025621111371314953,9.6721967435543093
1786615500.6130865,1786615500.6122262,vesc,0.00017022014127276652,0.00017022014127276652,nan,nan,0.01,1,0,1,0,0,1786615500.6122262,nan,-0.0022912438819172173,0.00077899334419959175,0.00017022014127276652,-0.10571546167635137,0.020959857034178242,9.6242869953349555
1786615500.6321557,1786615500.6317289,vesc,-0.00086034914442379708,-0.00086034914442379708,nan,nan,0.01,1,0,1,0,0,1786615500.6317289,nan,0.00091682389403015165,-0.00028350494130924384,-0.00086034914442379708,-0.12498666103041511,0.073624926676501445,9.6337828739607403
1786615500.6481779,1786615500.6477809,vesc,-0.00087570614321554941,-0.00087570614321554941,nan,nan,0.01,1,0,1,0,0,1786615500.6477809,nan,-0.00014836720104183631,-0.0013487319266381099,-0.00087570614321554941,-0.13428517784693828,0.040159482811084501,9.6096315333967368
1786615500.6722043,1786615500.6715744,vesc,-0.00086711640840274296,-0.00086711640840274296,nan,nan,0.01,1,0,1,0,0,1786615500.6715744,nan,-0.00014836720104183631,0.0018470499381866669,-0.00086711640840274296,-0.1392434342068265,0.030540958831743126,9.6239186207330931
1786615500.692821,1786615500.691735,vesc,0.00017985066102574486,0.00017985066102574486,nan,nan,0.01,1,0,1,0,0,1786615500.691735,nan,-0.0012260522666965789,-0.00028630022015652622,0.00017985066102574486,-0.12526756493688485,0.016080318818378458,9.6575763649115061
1786615500.7076428,1786615500.7071555,vesc,-0.00086997969668606593,-0.00086997969668606593,nan,nan,0.01,1,0,1,0,0,1786615500.7071555,nan,-0.00014836720104183631,0.00078178966334417502,-0.00086997969668606593,-0.1522642703943804,0.059590475612235849,9.5088746478498933
1786615500.7324736,1786615500.7320271,vesc,-0.00088533669547781837,-0.00088533669547781837,nan,nan,0.01,1,0,1,0,0,1786615500.7320271,nan,-0.0012135582961138242,-0.00028343732198469102,-0.00088533669547781837,-0.12042166648507457,-0.0030670474663985203,9.6527921728600177
1786615500.7522626,1786615500.7518501,vesc,-0.0019351668906431761,-0.0019351668906431761,nan,nan,0.01,1,0,1,0,0,1786615500.7518501,nan,-0.00013587375060773214,0.00078465256151601006,-0.0019351668906431761,-0.15260134411861426,0.049933213827539902,9.5375879862610873
1786615500.7758217,1786615500.7724516,vesc,-0.00086034914442379708,-0.00086034914442379708,nan,nan,0.01,1,0,1,0,0,1786615500.7724516,nan,0.00091682389403015165,-0.00028350494130924384,-0.00086034914442379708,-0.10098193940516875,0.044896897135352276,9.629196317806759
1786615500.7928998,1786615500.7917438,vesc,0.0023323496693128604,0.0023323496693128604,nan,nan,0.01,1,0,1,0,0,1786615500.7917438,nan,0.00087934250243053844,-0.0013573539106672414,0.0023323496693128604,-0.12448105958033917,0.030630603960549507,9.5905590845657116
1786615500.8103437,1786615500.8095095,vesc,0.00017412421449626149,0.00017412421449626149,nan,nan,0.01,1,0,1,0,0,1786615500.8095095,nan,-0.0012260522666965789,-0.0024168218101388111,0.00017412421449626149,-0.1809463353367704,0.064394328927196653,9.5037606728214996
1786615500.8325968,1786615500.8316276,vesc,-0.00089783040598624762,-0.00089783040598624762,nan,nan,0.01,1,0,1,0,0,1786615500.8316276,nan,-0.0022787488710371622,-0.00028340403247106507,-0.00089783040598624762,-0.082834328268159396,0.039874577216231444,9.7156228466195671
1786615500.8520505,1786615500.8515787,vesc,0.0012671622152814249,0.0012671622152814249,nan,nan,0.01,1,0,1,0,0,1786615500.8515787,nan,0.00089183595286464255,-0.0013544910124954062,0.0012671622152814249,-0.16251781115701647,0.021116123879174609,9.5661364331838286
1786615500.8728306,1786615500.8722296,vesc,-0.00086425325015658267,-0.00086425325015658267,nan,nan,0.01,1,0,1,0,0,1786615500.8722296,nan,-0.00014836720104183631,0.002912310213029159,-0.00086425325015658267,-0.12487430312233716,0.035330523012842008,9.624099884426073
1786615500.8918891,1786615500.8915539,vesc,-0.00088819985372397866,-0.00088819985372397866,nan,nan,0.01,1,0,1,0,0,1786615500.8915539,nan,-0.0012135582961138242,-0.001348698637124484,-0.00088819985372397866,-0.13450991193564388,0.0065777889845044513,9.6287004738982205
1786615500.9128344,1786615500.9121149,vesc,0.00021056459359066821,0.00021056459359066821,nan,nan,0.01,1,0,1,0,0,1786615500.9121149,nan,0.00090432992344739716,0.001844153750501206,0.00021056459359066821,-0.09140251868217586,0.054476646764239689,9.6293343121020598
1786615500.9319773,1786615500.931658,vesc,0.00019234440404346486,0.00019234440404346486,nan,nan,0.01,1,0,1,0,0,1786615500.931658,nan,-0.00016086117162459086,-0.00028633454996745305,0.00019234440404346486,-0.15305077575092607,-0.0028600560234472994,9.5757632894458311
1786615500.9519744,1786615500.9516506,vesc,0.0012450379525107266,0.0012450379525107266,nan,nan,0.01,1,0,1,0,0,1786615500.9516506,nan,-0.0012385462372793334,-0.00028916311832836143,0.0012450379525107266,-0.13462226984372183,0.040082226470971705,9.6383694301147216
1786615500.9719646,1786615500.9716408,vesc,-0.00087570614321554941,-0.00087570614321554941,nan,nan,0.01,1,0,1,0,0,1786615500.9716408,nan,-0.00014836720104183631,-0.0013487319266381099,-0.00087570614321554941,-0.14425786038447885,0.016119531710025115,9.6429828834618547
1786615500.9919083,1786615500.9915612,vesc,-0.00090642001076189139,-0.00090642001076189139,nan,nan,0.01,1,0,1,0,0,1786615500.9915612,nan,-0.0022787488710371622,-0.0034791858972958419,-0.00090642001076189139,-0.15299458766061225,0.045053090890149861,9.5711018889282968
1786615501.0121818,1786615501.0116658,vesc,-0.00087570614321554941,-0.00087570614321554941,nan,nan,0.01,1,0,1,0,0,1786615501.0116658,nan,-0.00014836720104183631,-0.0013487319266381099,-0.00087570614321554941,-0.097034922490531805,0.011173481413333519,9.7010083151926665
1786615501.0322437,1786615501.0316529,vesc,-0.00089783040598624762,-0.00089783040598624762,nan,nan,0.01,1,0,1,0,0,1786615501.0316529,nan,-0.0022787488710371622,-0.00028340403247106507,-0.00089783040598624762,-0.1204778545753884,0.0017100913809073859,9.6575939065592138
1786615501.0519035,1786615501.0515182,vesc,-0.00086711640840274296,-0.00086711640840274296,nan,nan,0.01,1,0,1,0,0,1786615501.0515182,nan,-0.00014836720104183631,0.0018470499381866669,-0.00086711640840274296,-0.13885017239227881,0.05458116574849825,9.5904550041226457
1786615501.0721889,1786615501.0717976,vesc,0.00016735691800802484,0.00016735691800802484,nan,nan,0.01,1,0,1,0,0,1786615501.0717976,nan,-0.0022912428416199163,-0.00028626693064290023,0.00016735691800802484,-0.11551959821550017,0.044858780596687353,9.6433968663477572
1786615501.0921972,1786615501.091862,vesc,0.00020197492379644315,0.00020197492379644315,nan,nan,0.01,1,0,1,0,0,1786615501.091862,nan,0.00090432992344739716,-0.0013516281143235711,0.00020197492379644315,-0.13851309866804495,0.030708298841854997,9.5616527880297326
1786615501.1152909,1786615501.1144724,vesc,0.00020770137032592652,0.00020770137032592652,nan,nan,0.01,1,0,1,0,0,1786615501.1144724,nan,0.00090432992344739716,0.00077889243536141293,0.00020770137032592652,-0.10644579721513292,0.039952564458332063,9.6866042835382586
1786615501.1320236,1786615501.1315475,vesc,0.0023448431197469642,0.0023448431197469642,nan,nan,0.01,1,0,1,0,0,1786615501.1315475,nan,0.0019445335975025262,-0.0013573872001808674,0.0023448431197469642,-0.18100250515453453,0.05480134997232966,9.5085249843389192
1786615501.1519005,1786615501.151511,vesc,0.00021056459359066821,0.00021056459359066821,nan,nan,0.01,1,0,1,0,0,1786615501.151511,nan,0.00090432992344739716,0.001844153750501206,0.00021056459359066821,-0.12526756493688485,0.020870321540670034,9.6575892287864917
1786615501.1719384,1786615501.1715546,vesc,-0.00089106301197013917,-0.00089106301197013917,nan,nan,0.01,1,0,1,0,0,1786615501.1715546,nan,-0.0012135582961138242,-0.0024139589119669758,-0.00089106301197013917,-0.13913107629874855,0.044936731293688581,9.6143783032664487
1786615501.1879504,1786615501.18679,vesc,-0.0008824734071944954,-0.0008824734071944954,nan,nan,0.01,1,0,1,0,0,1786615501.18679,nan,-0.0012135582961138242,0.00078182295285780096,-0.0008824734071944954,-0.12960782539351978,0.059293656314981291,9.6193192007041262
1786615501.2120309,1786615501.2117164,vesc,0.0012546685047729958,0.0012546685047729958,nan,nan,0.01,1,0,1,0,0,1786615501.2117164,nan,-0.00017335514220734541,-0.0013544577229817802,0.0012546685047729958,-0.15333165224857126,0.0018656273239159304,9.5997251802145911
1786615501.2317832,1786615501.2314217,vesc,0.00018948118077872315,0.00018948118077872315,nan,nan,0.01,1,0,1,0,0,1786615501.2314217,nan,-0.00016086117162459086,-0.001351594824809945,0.00018948118077872315,-0.14274101948915163,0.059577319376455051,9.5137769536626138
1786615501.2519126,1786615501.2515247,vesc,-0.00085748598617763668,-0.00085748598617763668,nan,nan,0.01,1,0,1,0,0,1786615501.2515247,nan,0.00091682389403015165,0.00078175533353324808,-0.00085748598617763668,-0.1063896091248191,0.016015305086561682,9.6817499248959393
1786615501.2724905,1786615501.2716823,vesc,-0.00089106301197013917,-0.00089106301197013917,nan,nan,0.01,1,0,1,0,0,1786615501.2716823,nan,-0.0012135582961138242,-0.0024139589119669758,-0.00089106301197013917,-0.13929962229714032,0.025738019144267099,9.6286957961254984
1786615501.2882197,1786615501.2872837,vesc,0.0012575316630191562,0.0012575316630191562,nan,nan,0.01,1,0,1,0,0,1786615501.2872837,nan,-0.00017335514220734541,-0.0002891974481392882,0.0012575316630191562,-0.12442487149002535,0.059383593804582802,9.5858473979914152
1786615501.311713,1786615501.3114257,vesc,-0.00086034914442379708,-0.00086034914442379708,nan,nan,0.01,1,0,1,0,0,1786615501.3114257,nan,0.00091682389403015165,-0.00028350494130924384,-0.00086034914442379708,-0.12509901893849307,-0.007831176258321193,9.6431430971775853
1786615501.3317232,1786615501.3313675,vesc,0.00020483814706118484,0.00020483814706118484,nan,nan,0.01,1,0,1,0,0,1786615501.3313675,nan,0.00090432992344739716,-0.00028636783948107899,0.00020483814706118484,-0.12470577539649508,0.044949193172580948,9.609756663817052
1786615501.3520422,1786615501.3516207,vesc,-0.00086034914442379708,-0.00086034914442379708,nan,nan,0.01,1,0,1,0,0,1786615501.3516207,nan,0.00091682389403015165,-0.00028350494130924384,-0.00086034914442379708,-0.14408933265863677,0.049688288571420713,9.628703982227762
1786615501.3717709,1786615501.3714266,vesc,0.00021056459359066821,0.00021056459359066821,nan,nan,0.01,1,0,1,0,0,1786615501.3714266,nan,0.00090432992344739716,0.001844153750501206,0.00021056459359066821,-0.13935579211490445,0.035305197258963972,9.6335115631428607
1786615501.3917432,1786615501.3914082,vesc,0.0023591591710520913,0.0023591591710520913,nan,nan,0.01,1,0,1,0,0,1786615501.3914082,nan,0.0019445335975025262,0.0039689152143288931,0.0023591591710520913,-0.11089843385239551,0.011289841009794799,9.6577319008545146
1786615501.4124053,1786615501.4114635,vesc,0.0023188148812806433,0.0023188148812806433,nan,nan,0.01,1,0,1,0,0,1786615501.4114635,nan,-0.0012510396877134374,0.0029037548080272793,0.0023188148812806433,-0.16206837952470465,0.059539275927988911,9.5279213689309472
1786615501.4317558,1786615501.4314098,vesc,-0.00087284285493222644,-0.00087284285493222644,nan,nan,0.01,1,0,1,0,0,1786615501.4314098,nan,-0.00014836720104183631,-0.00028347165179561784,-0.00087284285493222644,-0.12893369621760176,0.073818177162081611,9.5618808294499331
1786615501.451901,1786615501.4514573,vesc,0.00020483814706118484,0.00020483814706118484,nan,nan,0.01,1,0,1,0,0,1786615501.4514573,nan,0.00090432992344739716,-0.00028636783948107899,0.00020483814706118484,-0.12960782539351978,0.020973451811151733,9.6192162897042408
1786615501.4717803,1786615501.4714901,vesc,-0.0029974907963169631,-0.0029974907963169631,nan,nan,0.01,1,0,1,0,0,1786615501.4714901,nan,-0.00012337978002497762,0.0018527757345303372,-0.0029974907963169631,-0.13439753575501623,0.025763637258940264,9.6191730203065617
1786615501.4921579,1786615501.4918835,vesc,-0.00088533669547781837,-0.00088533669547781837,nan,nan,0.01,1,0,1,0,0,1786615501.4918835,nan,-0.0012135582961138242,-0.00028343732198469102,-0.00088533669547781837,-0.11980370712692068,0.030604693485081214,9.6001952963731583
1786615501.5119958,1786615501.5116849,vesc,-0.00090069356423240813,-0.00090069356423240813,nan,nan,0.01,1,0,1,0,0,1786615501.5116849,nan,-0.0022787488710371622,-0.001348664307313557,-0.00090069356423240813,-0.16691429624906462,0.045156513521426689,9.5326166833007164
1786615501.5317616,1786615501.531383,vesc,-0.00087284285493222644,-0.00087284285493222644,nan,nan,0.01,1,0,1,0,0,1786615501.531383,nan,-0.00014836720104183631,-0.00028347165179561784,-0.00087284285493222644,-0.11630612184459554,0.025518456187125338,9.710401282818566
1786615501.5474856,1786615501.5471137,vesc,-0.00086034914442379708,-0.00086034914442379708,nan,nan,0.01,1,0,1,0,0,1786615501.5471137,nan,0.00091682389403015165,-0.00028350494130924384,-0.00086034914442379708,-0.16184366370854875,0.045220723261056861,9.5087237896796069
1786615501.571795,1786615501.5713959,vesc,-0.001950524019472091,-0.001950524019472091,nan,nan,0.01,1,0,1,0,0,1786615501.5713959,nan,-0.0012010648456797202,-0.00028057442381285586,-0.001950524019472091,-0.14397695647800912,0.025763929619735393,9.6190607537612323
1786615501.5918725,1786615501.5914319,vesc,0.00017022014127276652,0.00017022014127276652,nan,nan,0.01,1,0,1,0,0,1786615501.5914319,nan,-0.0022912438819172173,0.00077899334419959175,0.00017022014127276652,-0.13456608175340801,0.0017748858421278157,9.6334776492906258
1786615501.611948,1786615501.6114647,vesc,0.00020770137032592652,0.00020770137032592652,nan,nan,0.01,1,0,1,0,0,1786615501.6114647,nan,0.00090432992344739716,0.00077889243536141293,0.00020770137032592652,-0.10594017749250728,0.044858451690792833,9.6435091328930866
1786615501.6325028,1786615501.6319237,vesc,0.0012507643990402101,0.0012507643990402101,nan,nan,0.01,1,0,1,0,0,1786615501.6319237,nan,-0.0012385462372793334,0.0018413574313566226,0.0012507643990402101,-0.10633343930705497,0.044768331475694367,9.6770370688784624
1786615501.6519063,1786615501.6514604,vesc,0.00014913672846082149,0.00014913672846082149,nan,nan,0.01,1,0,1,0,0,1786615501.6514604,nan,-0.0033564344568405551,-0.0024167552311115592,0.00014913672846082149,-0.15755959134222763,0.021154605868833443,9.5518236180975009
1786615501.6722338,1786615501.6717618,vesc,0.0023227191170505914,0.0023227191170505914,nan,nan,0.01,1,0,1,0,0,1786615501.6717618,nan,-0.00018584859264144957,-0.00029206034631112335,0.0023227191170505914,-0.12498666103041511,0.025724716728088737,9.6336542352108836
1786615501.6921651,1786615501.691421,vesc,0.00019234440404346486,0.00019234440404346486,nan,nan,0.01,1,0,1,0,0,1786615501.691421,nan,-0.00016086117162459086,-0.00028633454996745305,0.00019234440404346486,-0.12081492829962226,0.025582958287550639,9.6863972920953074
1786615501.712079,1786615501.7115531,vesc,-0.0019476606011516052,-0.0019476606011516052,nan,nan,0.01,1,0,1,0,0,1786615501.7115531,nan,-0.0012010648456797202,0.00078468585102963622,-0.0019476606011516052,-0.13828838285188905,0.021179748897214523,9.5424680726533779
1786615501.7271714,1786615501.7267513,vesc,0.00017985066102574486,0.00017985066102574486,nan,nan,0.01,1,0,1,0,0,1786615501.7267513,nan,-0.0012260522666965789,-0.00028630022015652622,0.00017985066102574486,-0.12988872929998951,0.011329053901441455,9.6431384194048633
1786615501.7521634,1786615501.7516637,vesc,0.00019234440404346486,0.00019234440404346486,nan,nan,0.01,1,0,1,0,0,1786615501.7516637,nan,-0.00016086117162459086,-0.00028633454996745305,0.00019234440404346486,-0.1343413659372521,0.035356543123608475,9.6144087087891421
1786615501.7718172,1786615501.771457,vesc,0.00019520762730820652,0.00019520762730820652,nan,nan,0.01,1,0,1,0,0,1786615501.771457,nan,-0.00016086117162459086,0.00077892676517233987,0.00019520762730820652,-0.13913107629874855,0.020986644592031922,9.6143139838915204
1786615501.7921252,1786615501.7913318,vesc,-0.00084212898738588436,-0.00084212898738588436,nan,nan,0.01,1,0,1,0,0,1786615501.7913318,nan,0.0019820149891021394,0.0018469823188621143,-0.00084212898738588436,-0.13389193430494029,0.040249566481083576,9.5761035974113611
1786615501.812079,1786615501.8116765,vesc,0.00017022014127276652,0.00017022014127276652,nan,nan,0.01,1,0,1,0,0,1786615501.8116765,nan,-0.0022912438819172173,0.00077899334419959175,0.00017022014127276652,-0.096922564582453852,0.011199245708404248,9.6914282366578846
1786615501.8315547,1786615501.8312552,vesc,-0.0019533871777182511,-0.0019533871777182511,nan,nan,0.01,1,0,1,0,0,1786615501.8312552,nan,-0.0012010648456797202,-0.0013458357389526487,-0.0019533871777182511,-0.12081492829962226,0.035163000277233181,9.6864230198452788
1786615501.8520253,1786615501.8514593,vesc,-0.0019255363383809071,-0.0019255363383809071,nan,nan,0.01,1,0,1,0,0,1786615501.8514593,nan,0.00092931734446425576,-0.00028064204313740869,-0.0019255363383809071,-0.13316161703870844,0.088317152984707548,9.5139664034578573
1786615501.871819,1786615501.871381,vesc,-0.00087570614321554941,-0.00087570614321554941,nan,nan,0.01,1,0,1,0,0,1786615501.871381,nan,-0.00014836720104183631,-0.0013487319266381099,-0.00087570614321554941,-0.11997223485276276,0.0066159786133681564,9.6144999253572223
1786615501.8918474,1786615501.8914521,vesc,0.00019234440404346486,0.00019234440404346486,nan,nan,0.01,1,0,1,0,0,1786615501.8914521,nan,-0.00016086117162459086,-0.00028633454996745305,0.00019234440404346486,-0.1294392976676777,0.025802119248599098,9.6048602052202341
1786615501.9131954,1786615501.9113979,vesc,0.00019520762730820652,0.00019520762730820652,nan,nan,0.01,1,0,1,0,0,1786615501.9113979,nan,-0.00016086117162459086,0.00077892676517233987,0.00019520762730820652,-0.10159991703587234,0.068705408121967793,9.6819475607934464
1786615501.9321308,1786615501.9317954,vesc,0.00021733189007890484,0.00021733189007890484,nan,nan,0.01,1,0,1,0,0,1786615501.9317954,nan,0.0019695210185193849,-0.00028640112899470504,0.00021733189007890484,-0.18100250515453453,0.026061224003282035,9.5084478010890052
1786615501.9518373,1786615501.9513648,vesc,-0.0019476606011516052,-0.0019476606011516052,nan,nan,0.01,1,0,1,0,0,1786615501.9513648,nan,-0.0012010648456797202,0.00078468585102963622,-0.0019476606011516052,-0.10120665522132466,0.016105279121262583,9.6482781221832283
1786615501.9724352,1786615501.9716814,vesc,-0.0019601543116600346,-0.0019601543116600346,nan,nan,0.01,1,0,1,0,0,1786615501.9716814,nan,-0.0022662559407517079,0.00078471914054326216,-0.0019601543116600346,-0.15333165224857126,0.054555876539719605,9.5998666828394335
1786615501.9916899,1786615501.9912975,vesc,-0.0019533871777182511,-0.0019533871777182511,nan,nan,0.01,1,0,1,0,0,1786615501.9912975,nan,-0.0012010648456797202,-0.0013458357389526487,-0.0019533871777182511,-0.13896253030035677,0.035395317474062438,9.599983627157485
1786615502.0131884,1786615502.0118678,vesc,0.0012671622152814249,0.0012671622152814249,nan,nan,0.01,1,0,1,0,0,1786615502.0118678,nan,0.00089183595286464255,-0.0013544910124954062,0.0012671622152814249,-0.1392434342068265,0.0065908355849870759,9.6238543013581648
1786615502.0316632,1786615502.0313027,vesc,0.00020770137032592652,0.00020770137032592652,nan,nan,0.01,1,0,1,0,0,1786615502.0313027,nan,0.00090432992344739716,0.00077889243536141293,0.00020770137032592652,-0.16251781115701647,0.025906163146565575,9.5661492970588142
1786615502.0477231,1786615502.0473099,vesc,0.0012450379525107266,0.0012450379525107266,nan,nan,0.01,1,0,1,0,0,1786615502.0473099,nan,-0.0012385462372793334,-0.00028916311832836143,0.0012450379525107266,-0.087286955769147134,0.016001856489985755,9.6867644972539892
1786615502.0715981,1786615502.0711548,vesc,0.0022977314359594074,0.0022977314359594074,nan,nan,0.01,1,0,1,0,0,1786615502.0711548,nan,-0.0023162307827854257,-0.00029199272698657058,0.0022977314359594074,-0.12448105958033917,0.021050561970866966,9.5905333568157403
1786615502.0921445,1786615502.0914853,vesc,-0.0040837614355953089,-0.0040837614355953089,nan,nan,0.01,1,0,1,0,0,1786615502.0914853,nan,-0.001176076904514211,-0.0013401099426089784,-0.0040837614355953089,-0.14842959311527171,0.025841332140245754,9.5902655543274022
1786615502.1130219,1786615502.1116183,vesc,-0.00088533669547781837,-0.00088533669547781837,nan,nan,0.01,1,0,1,0,0,1786615502.1116183,nan,-0.0012135582961138242,-0.00028343732198469102,-0.00088533669547781837,-0.096866376492140027,0.025582190840463426,9.6866779584586311
1786615502.1269164,1786615502.1264529,vesc,-0.00086321230266995738,-0.00086321230266995738,nan,nan,0.01,1,0,1,0,0,1786615502.1264529,nan,0.00091682389403015165,-0.0013487652161517359,-0.00086321230266995738,-0.11918572949621709,0.04990638972458683,9.5475598282613419
1786615502.1516821,1786615502.1512957,vesc,0.0012546685047729958,0.0012546685047729958,nan,nan,0.01,1,0,1,0,0,1786615502.1512957,nan,-0.00017335514220734541,-0.0013544577229817802,0.0012546685047729958,-0.10582781958442933,0.025724095461399088,9.6338787683015426
1786615502.1728284,1786615502.1713657,vesc,0.00020483814706118484,0.00020483814706118484,nan,nan,0.01,1,0,1,0,0,1786615502.1713657,nan,0.00090432992344739716,-0.00028636783948107899,0.00020483814706118484,-0.12487430312233716,0.035330523012842008,9.624099884426073
1786615502.1919653,1786615502.191308,vesc,0.0012393115059812433,0.0012393115059812433,nan,nan,0.01,1,0,1,0,0,1786615502.191308,nan,-0.0012385462372793334,-0.0024196847083106463,0.0012393115059812433,-0.12014078085115454,0.0161573924329943,9.628894601466186
1786615502.2127628,1786615502.2120624,vesc,-0.00087856930146170981,-0.00087856930146170981,nan,nan,0.01,1,0,1,0,0,1786615502.2120624,nan,-0.00014836720104183631,-0.002413992201480602,-0.00087856930146170981,-0.18133959715131809,0.040354085465342138,9.537224289431947
1786615502.2323527,1786615502.2314355,vesc,-0.00088533669547781837,-0.00088533669547781837,nan,nan,0.01,1,0,1,0,0,1786615502.2314355,nan,-0.0012135582961138242,-0.00028343732198469102,-0.00088533669547781837,-0.15209572439598862,0.054839101060000672,9.4944928356159153
1786615502.251652,1786615502.2512298,vesc,0.0012603948212653164,0.0012603948212653164,nan,nan,0.01,1,0,1,0,0,1786615502.2512298,nan,-0.00017335514220734541,0.00077606386700050461,0.0012603948212653164,-0.14431404847479268,0.0017365865779659373,9.6477343311042887
1786615502.2723649,1786615502.2718067,vesc,-0.0008824734071944954,-0.0008824734071944954,nan,nan,0.01,1,0,1,0,0,1786615502.2718067,nan,-0.0012135582961138242,0.00078182295285780096,-0.0008824734071944954,-0.11985987694468481,0.049751913589460628,9.6050367911404919
1786615502.2919118,1786615502.291223,vesc,-0.00087570614321554941,-0.00087570614321554941,nan,nan,0.01,1,0,1,0,0,1786615502.291223,nan,-0.00014836720104183631,-0.0013487319266381099,-0.00087570614321554941,-0.11529488239934427,0.035330230652046879,9.624213320414583
1786615502.3121006,1786615502.3113532,vesc,0.00020483814706118484,0.00020483814706118484,nan,nan,0.01,1,0,1,0,0,1786615502.3113532,nan,0.00090432992344739716,-0.00028636783948107899,0.00020483814706118484,-0.16725135170074878,0.045079257181313892,9.5613545800187012
1786615502.3322756,1786615502.3312893,vesc,-0.00088924067117344128,-0.00088924067117344128,nan,nan,0.01,1,0,1,0,0,1786615502.3312893,nan,-0.0022787499113344628,0.0029123778323537118,-0.00088924067117344128,-0.10143137103748057,-0.0031062969031445675,9.667385654309669
1786615502.3515563,1786615502.351166,vesc,-0.0019130426278724777,-0.0019130426278724777,nan,nan,0.01,1,0,1,0,0,1786615502.351166,nan,0.0019945084395362441,-0.00028067533265103463,-0.0019130426278724777,-0.15711015970991582,0.035627671215991086,9.5135442344696912
1786615502.3715253,1786615502.3712537,vesc,0.0023352125674846952,0.0023352125674846952,nan,nan,0.01,1,0,1,0,0,1786615502.3712537,nan,0.00087934250243053844,-0.0002920936358247494,0.0023352125674846952,-0.11078607594431755,0.020895610749448679,9.6481787195128845
1786615502.3918369,1786615502.3912554,vesc,-0.00089496711770292476,-0.00089496711770292476,nan,nan,0.01,1,0,1,0,0,1786615502.3912554,nan,-0.0022787499113344628,0.00078185624237142701,-0.00089496711770292476,-0.14397695647800912,0.016183887630052851,9.6190350260112609
1786615502.4121442,1786615502.4111333,vesc,0.0012603948212653164,0.0012603948212653164,nan,nan,0.01,1,0,1,0,0,1786615502.4111333,nan,-0.00017335514220734541,0.00077606386700050461,0.0012603948212653164,-0.12436870167226122,0.045026412967594354,9.5810187670990672
1786615502.4317527,1786615502.4311705,vesc,0.00020197492379644315,0.00020197492379644315,nan,nan,0.01,1,0,1,0,0,1786615502.4311705,nan,0.00090432992344739716,-0.0013516281143235711,0.00020197492379644315,-0.10103812749548258,0.049674072527757573,9.6339992209491356
1786615502.451782,1786615502.4511228,vesc,-0.00086997969668606593,-0.00086997969668606593,nan,nan,0.01,1,0,1,0,0,1786615502.4511228,nan,-0.00014836720104183631,0.00078178966334417502,-0.00086997969668606593,-0.16257401751987999,0.011523218014506398,9.5708995752580677
1786615502.4716518,1786615502.4712658,vesc,-0.0019226731801347467,-0.0019226731801347467,nan,nan,0.01,1,0,1,0,0,1786615502.4712658,nan,0.00092931734446425576,0.00078461823170508345,-0.0019226731801347467,-0.115575786305814,0.049635882898893868,9.6481997694901338
1786615502.4914479,1786615502.491154,vesc,0.0012728886618109084,0.0012728886618109084,nan,nan,0.01,1,0,1,0,0,1786615502.491154,nan,0.00089183595286464255,0.00077602953718957789,0.0012728886618109084,-0.11546342839773605,0.030501563214599514,9.6385694048985897
1786615502.5114346,1786615502.5111194,vesc,0.00020483814706118484,0.00020483814706118484,nan,nan,0.01,1,0,1,0,0,1786615502.5111194,nan,0.00090432992344739716,-0.00028636783948107899,0.00020483814706118484,-0.138400740759967,0.04989414711629081,9.5521253344380739
1786615502.5320842,1786615502.5311613,vesc,0.0023352125674846952,0.0023352125674846952,nan,nan,0.01,1,0,1,0,0,1786615502.5311613,nan,0.00087934250243053844,-0.0002920936358247494,0.0023352125674846952,-0.086893693954599449,-0.012648149263963404,9.6531593780186995
1786615502.5584536,1786615502.5530338,vesc,0.00016735691800802484,0.00016735691800802484,nan,nan,0.01,1,0,1,0,0,1786615502.5530338,nan,-0.0022912428416199163,-0.00028626693064290023,0.00016735691800802484,-0.11918572949621709,0.078646552238733847,9.5476370115112559
1786615502.576822,1786615502.5744567,vesc,-0.00085175953964815321,-0.00085175953964815321,nan,nan,0.01,1,0,1,0,0,1786615502.5744567,nan,0.00091682389403015165,0.0029122769235155332,-0.00085175953964815321,-0.11078607594431755,0.040055694728813762,9.6482301750128272
1786615502.5916102,1786615502.5911486,vesc,0.0012239545071894911,0.0012239545071894911,nan,nan,0.01,1,0,1,0,0,1786615502.5911486,nan,-0.0023037368122026708,-0.0034849116936395124,0.0012239545071894911,-0.12448105958033917,0.040210645950232049,9.5905859817588635
1786615502.612098,1786615502.6112053,vesc,0.0023505696963136103,0.0023505696963136103,nan,nan,0.01,1,0,1,0,0,1786615502.6112053,nan,0.0019445335975025262,0.00077313334950411658,0.0023505696963136103,-0.10616489330866319,0.044806959645750766,9.66266812051947
1786615502.6319795,1786615502.6313117,vesc,-0.0019755114404889497,-0.0019755114404889497,nan,nan,0.01,1,0,1,0,0,1786615502.6313117,nan,-0.0033314465156750457,-0.00028050784478560387,-0.0019755114404889497,-0.096810206674375898,0.02080505199315752,9.6818750553162545
1786615502.6526284,1786615502.6523764,vesc,-0.0019619769125310575,-0.0019619769125310575,nan,nan,0.01,1,0,1,0,0,1786615502.6523764,nan,-0.0012010648456797202,-0.0045416176037774252,-0.0019619769125310575,-0.16184366370854875,0.040430683993665895,9.5087109258046212
1786615502.6713336,1786615502.6710691,vesc,-0.0081943230102541412,-0.0081943230102541412,nan,nan,0.01,1,0,1,0,0,1786615502.6710691,nan,0.0031346610174358322,0.035955329554781389,-0.0081943230102541412,-0.94283286640703068,-0.0038137003920581947,9.9305665031982926
1786615502.6915226,1786615502.6912303,vesc,-0.068566681692750805,-0.068566681692750805,nan,nan,0.01,1,0,1,0,0,1786615502.6912303,nan,0.024085437483973279,0.075532524902556922,-0.068566681692750805,-2.5003601517883567,-0.2556401330802629,9.1691116428420401
1786615502.7121577,1786615502.711246,vesc,-0.024118252622030101,-0.024118252622030101,nan,nan,0.01,1,0,1,0,0,1786615502.711246,nan,0.0086480237108681642,0.03280232575526331,-0.024118252622030101,-3.0416807820091663,-0.013546573987394339,9.9873593418168412
1786615502.7315097,1786615502.7310326,vesc,-0.0037917166937436976,-0.0037917166937436976,nan,nan,0.01,1,0,1,0,0,1786615502.7310326,nan,0.010541023580831706,0.056183594318695212,-0.0037917166937436976,-3.3625350602312665,0.144547142254984,9.9792305422690788
1786615502.7467358,1786615502.7464108,vesc,-0.022843272572533074,-0.022843272572533074,nan,nan,0.01,1,0,1,0,0,1786615502.7464108,nan,0.018222249075784652,0.069018020918491976,-0.022843272572533074,-3.7447567464332963,0.3220088840922628,9.8937875151710841
1786615502.7714276,1786615502.7710593,vesc,-0.042245437249871926,-0.042245437249871926,nan,nan,0.01,1,0,1,0,0,1786615502.7710593,nan,-0.0017914954615800434,0.07226596641087138,-0.042245437249871926,-4.217702372775733,0.15465624764855157,9.7824015605565364
1786615502.7920694,1786615502.7915444,vesc,-0.0027601063955419274,-0.0027601063955419274,nan,nan,0.01,1,0,1,0,0,1786615502.7915444,nan,0.008398147420104975,0.052985017175023151,-0.0027601063955419274,-4.0719467754466336,-0.20302915018503853,9.1987231136158698
1786615502.812372,1786615502.8118854,vesc,0.031480586422689374,0.031480586422689374,nan,nan,0.01,1,0,1,0,0,1786615502.8118854,nan,-0.050599661237342011,-0.030197945623869165,0.031480586422689374,-3.7319063200442031,-0.0475703173362092,8.3887638431829714
1786615502.8316569,1786615502.8312325,vesc,0.073479785301459058,0.073479785301459058,nan,nan,0.01,1,0,1,0,0,1786615502.8312325,nan,-0.078794372928064363,-0.13577238819993023,0.073479785301459058,-4.1772641970366919,-0.64369500186670336,9.1915129116864023
1786615502.8521161,1786615502.8517389,vesc,0.17167740065486592,0.17167740065486592,nan,nan,0.01,1,0,1,0,0,1786615502.8517389,nan,0.18106550955058601,-0.011399928402490487,0.17167740065486592,-4.2120264802991016,-0.36575643785176482,10.930762019413578
1786615502.8717084,1786615502.8713837,vesc,0.19701168592013982,0.19701168592013982,nan,nan,0.01,1,0,1,0,0,1786615502.8713837,nan,-0.24855635322553965,0.19093292086349309,0.19701168592013982,-4.163610947904175,-0.37671594770816341,9.6618483408499287
1786615502.8916891,1786615502.8913255,vesc,0.26627770955395624,0.26627770955395624,nan,nan,0.01,1,0,1,0,0,1786615502.8913255,nan,0.085139054619555524,-0.069178688594818613,0.26627770955395624,-4.3092557404919205,-0.7953877891330805,8.6003400881234029
1786615502.9117551,1786615502.9113767,vesc,0.34407951402136966,0.34407951402136966,nan,nan,0.01,1,0,1,0,0,1786615502.9113767,nan,-0.068120310926918295,-0.18124097857690863,0.34407951402136966,-4.1243381222945175,-0.82197040206937544,9.5796762463278355
1786615502.9314258,1786615502.931083,vesc,0.47668905720931615,0.47668905720931615,nan,nan,0.01,1,0,1,0,0,1786615502.931083,nan,-0.076060688003368473,0.042108929438059356,0.47668905720931615,-4.037645252797347,-1.2024706679096866,10.355712893701934
1786615502.9492321,1786615502.9489231,vesc,0.62030021872892083,0.62030021872892083,nan,nan,0.01,1,0,1,0,0,1786615502.9489231,nan,0.074599969112595227,0.099247416810359285,0.62030021872892083,-3.6307752126795947,-1.0905751284292293,7.9320600284531224
1786615502.9716246,1786615502.9710076,vesc,0.72202644762527701,0.72202644762527701,nan,nan,0.01,1,0,1,0,0,1786615502.9710076,nan,-0.17802201576732984,-0.19077899015248651,0.72202644762527701,-3.6414636309887101,-0.88116571552189527,8.4354877760172826
1786615502.9912772,1786615502.9909766,vesc,0.86933234568320317,0.86933234568320317,nan,nan,0.01,1,0,1,0,0,1786615502.9909766,nan,0.03225186284151154,-0.20821919989357479,0.86933234568320317,-4.0815824025324901,-2.2196408711607489,9.1979805171962425
1786615503.011565,1786615503.0111227,vesc,1.0119456873213823,1.0119456873213823,nan,nan,0.01,1,0,1,0,0,1786615503.0111227,nan,-0.058898374960840758,0.13654439698805215,1.0119456873213823,-2.9321174045914518,-2.5191685988213806,13.70883042800051
1786615503.0313227,1786615503.0309989,vesc,1.0163978268737224,1.0163978268737224,nan,nan,0.01,1,0,1,0,0,1786615503.0309989,nan,-0.11222039852705663,0.043854094739199073,1.0163978268737224,-3.3516507601894148,-1.6050090173966112,8.6381376611608403
1786615503.0481472,1786615503.0478554,vesc,1.0673054826911319,1.0673054826911319,nan,nan,0.01,1,0,1,0,0,1786615503.0478554,nan,0.19718803711857352,-0.20235969621842564,1.0673054826911319,-2.9320662414523042,-1.7300005663340698,8.8055966621163293
1786615503.0719512,1786615503.0710139,vesc,1.1884613359523792,1.1884613359523792,nan,nan,0.01,1,0,1,0,0,1786615503.0710139,nan,-0.26231843789560588,0.10837297963448959,1.1884613359523792,-2.7876446864313777,-1.7058875250342282,8.7450803164110198
1786615503.0913243,1786615503.0909817,vesc,1.225844793964094,1.225844793964094,nan,nan,0.01,1,0,1,0,0,1786615503.0909817,nan,0.02062258737519209,0.098685090346189067,1.225844793964094,-3.6296788596978615,-1.7870726095119664,8.6535491681152621
1786615503.112087,1786615503.1114404,vesc,1.2306981387346545,1.2306981387346545,nan,nan,0.01,1,0,1,0,0,1786615503.1114404,nan,-0.064667664054063476,-0.10159838884165398,1.2306981387346545,-3.023997046955003,-2.2353573104244902,9.6989617896267646
1786615503.1313577,1786615503.1309803,vesc,1.2135990466396918,1.2135990466396918,nan,nan,0.01,1,0,1,0,0,1786615503.1309803,nan,-0.098553879728232222,0.026279761547711677,1.2135990466396918,-2.2434698839481229,-2.1849320899238478,10.541779489824194
1786615503.1519792,1786615503.1512852,vesc,1.1857911174854112,1.1857911174854112,nan,nan,0.01,1,0,1,0,0,1786615503.1512852,nan,0.14680241080908982,0.1041190957805492,1.1857911174854112,-2.125233038821321,-2.1488568143305145,7.8127434949099097
1786615503.1717179,1786615503.1712658,vesc,1.1563554642728744,1.1563554642728744,nan,nan,0.01,1,0,1,0,0,1786615503.1712658,nan,-0.21933599994237893,-0.13335661813036254,1.1563554642728744,-2.7327252957880148,-1.7234399900913786,8.146879139333123
1786615503.1912937,1786615503.1909711,vesc,1.2025193643985805,1.2025193643985805,nan,nan,0.01,1,0,1,0,0,1786615503.1909711,nan,0.16151517740928706,-0.078086729414538286,1.2025193643985805,-2.8891076232984574,-3.0040823066732116,14.124794350650745
1786615503.2116489,1786615503.2112374,vesc,1.1281214293441815,1.1281214293441815,nan,nan,0.01,1,0,1,0,0,1786615503.2112374,nan,0.032423921773282079,0.15434170334180644,1.1281214293441815,-1.6845491338605569,-1.3411463831337471,10.267970741311046
1786615503.2312663,1786615503.2309194,vesc,0.98246063247062465,0.98246063247062465,nan,nan,0.01,1,0,1,0,0,1786615503.2309194,nan,0.18434003255840656,-0.0039917476594871198,0.98246063247062465,-2.1520885705598687,-0.93395423450996162,8.4719767421357233
1786615503.2521195,1786615503.2516766,vesc,0.96923677265686337,0.96923677265686337,nan,nan,0.01,1,0,1,0,0,1786615503.2516766,nan,-0.13297449612582818,0.028001830168178764,0.96923677265686337,-2.1980608437899036,-1.6052125005100208,8.7139433070082077
1786615503.2716694,1786615503.2712955,vesc,0.93886082384244685,0.93886082384244685,nan,nan,0.01,1,0,1,0,0,1786615503.2712955,nan,0.010135935973084638,-0.0070703712422944265,0.93886082384244685,-2.3980905914875166,-1.6060430975289819,9.0229698369025755
1786615503.2926085,1786615503.2915058,vesc,0.73742005135815303,0.73742005135815303,nan,nan,0.01,1,0,1,0,0,1786615503.2915058,nan,0.082812367288450983,0.038212333611488319,0.73742005135815303,-1.6751944654988193,-0.37361378040125004,10.289842837116225
1786615503.3127759,1786615503.312376,vesc,0.61533588671993134,0.61533588671993134,nan,nan,0.01,1,0,1,0,0,1786615503.312376,nan,0.025651147339533692,0.051323687352761292,0.61533588671993134,-1.9205949540904896,-0.50838355540238922,8.7488880234067778
1786615503.3266656,1786615503.3263261,vesc,0.54791803030360264,0.54791803030360264,nan,nan,0.01,1,0,1,0,0,1786615503.3263261,nan,0.027503452859684065,-0.068870419376263536,0.54791803030360264,-1.8218939496549922,-0.23838156371241581,8.0944886695676246
1786615503.3515153,1786615503.3509061,vesc,0.55131129700652715,0.55131129700652715,nan,nan,0.01,1,0,1,0,0,1786615503.3509061,nan,0.17127929136141271,-0.22653923483504118,0.55131129700652715,-1.929695999462453,-1.094851782140374,9.5232471045384273
1786615503.366935,1786615503.3666434,vesc,0.51166039035320532,0.51166039035320532,nan,nan,0.01,1,0,1,0,0,1786615503.3666434,nan,-0.1052331543211782,0.10060468853753976,0.51166039035320532,-0.94568170308496491,-0.49853742854404004,12.214217723926936
1786615503.3913205,1786615503.3909471,vesc,0.40821579005298908,0.40821579005298908,nan,nan,0.01,1,0,1,0,0,1786615503.3909471,nan,0.24967220107752605,0.097686929247248949,0.40821579005298908,-1.7010966086844519,0.084284620537495414,9.2320937594934662
1786615503.4116611,1786615503.411319,vesc,0.39464099218658266,0.39464099218658266,nan,nan,0.01,1,0,1,0,0,1786615503.411319,nan,-0.075098670993847788,0.031676774010054948,0.39464099218658266,-2.439119628393513,-0.21166914258308367,8.8489917749373035
1786615503.4310205,1786615503.4307625,vesc,0.34926099352774143,0.34926099352774143,nan,nan,0.01,1,0,1,0,0,1786615503.4307625,nan,-0.10759485389823888,-0.063010125075165763,0.34926099352774143,-1.3961571365255878,-0.64676997961966975,8.5534711443347078
1786615503.4511268,1786615503.4508281,vesc,0.27481795118237912,0.27481795118237912,nan,nan,0.01,1,0,1,0,0,1786615503.4508281,nan,0.0573441333427245,0.05863054834015205,0.27481795118237912,-1.4396560374288327,-0.32552781171263234,10.220878433874873
1786615503.4711189,1786615503.4708586,vesc,0.22758870339685736,0.22758870339685736,nan,nan,0.01,1,0,1,0,0,1786615503.4708586,nan,0.019546974061611915,0.091780811930645023,0.22758870339685736,-2.1982152102897317,-0.0016883470467696782,9.1398053967383248
1786615503.4909823,1786615503.4907243,vesc,0.22091066051591551,0.22091066051591551,nan,nan,0.01,1,0,1,0,0,1786615503.4907243,nan,-0.14231210482937764,-0.10101480702303357,0.22091066051591551,-1.8603801785453555,-0.14740853217455907,8.1086529653700268
1786615503.5114222,1786615503.5110304,vesc,0.20968430467776827,0.20968430467776827,nan,nan,0.01,1,0,1,0,0,1786615503.5110304,nan,0.073018933597199256,-0.064765497773421055,0.20968430467776827,-0.75764532610552493,-0.6032411848251229,13.744275081358751
1786615503.5314548,1786615503.5310957,vesc,0.23239882173397441,0.23239882173397441,nan,nan,0.01,1,0,1,0,0,1786615503.5310957,nan,0.13348494920539072,0.19509888711194726,0.23239882173397441,-1.0345820427657557,-0.6447466967369806,9.5828594706651984
1786615503.5512121,1786615503.5509174,vesc,0.17547468553991222,0.17547468553991222,nan,nan,0.01,1,0,1,0,0,1786615503.5509174,nan,0.031876271823431702,0.070615513937186805,0.17547468553991222,-1.4977377486127068,-0.2984213613216653,9.0466253335580404
1786615503.5667608,1786615503.5661082,vesc,0.17000733233527723,0.17000733233527723,nan,nan,0.01,1,0,1,0,0,1786615503.5661082,nan,-0.12466933672025361,-0.091290565585853453,0.17000733233527723,-1.5019946679701803,-0.54997472902721967,8.1836300607239991
1786615503.5909901,1786615503.590692,vesc,0.15634235317645803,0.15634235317645803,nan,nan,0.01,1,0,1,0,0,1786615503.590692,nan,0.1151985616398218,0.11966928506314349,0.15634235317645803,-2.1105524338547212,-0.44533448812887855,10.24143022832925
1786615503.6110408,1786615503.6107419,vesc,0.15660309329193361,0.15660309329193361,nan,nan,0.01,1,0,1,0,0,1786615503.6107419,nan,-0.037148762779462344,0.088775800825140486,0.15660309329193361,-1.4834249335263792,0.42006859512364514,9.0535151080560468
1786615503.6310771,1786615503.6307383,vesc,0.16512284522471973,0.16512284522471973,nan,nan,0.01,1,0,1,0,0,1786615503.6307383,nan,-0.083064410518491769,-0.10832173042826237,0.16512284522471973,-1.5509029744852967,-0.44961457707936603,8.2695531442475954
1786615503.6511116,1786615503.650768,vesc,0.18078552809623463,0.18078552809623463,nan,nan,0.01,1,0,1,0,0,1786615503.650768,nan,0.045661290887791625,0.004554608316321318,0.18078552809623463,-0.93160628496428188,-0.45878827410891887,13.464780500101938
1786615503.6718147,1786615503.6709023,vesc,0.19141197360932793,0.19141197360932793,nan,nan,0.01,1,0,1,0,0,1786615503.6709023,nan,0.18084062224128564,0.19733960427411265,0.19141197360932793,-1.2316071254816308,-0.35529196791171813,8.8196557080324851
1786615503.6912096,1786615503.6907253,vesc,0.17178650703577511,0.17178650703577511,nan,nan,0.01,1,0,1,0,0,1786615503.6907253,nan,-0.11189955419472933,0.11856250028124177,0.17178650703577511,-2.2413081682289402,-0.36682304312259362,9.5455016082636348
1786615503.7112238,1786615503.7107952,vesc,0.31587447425904486,0.31587447425904486,nan,nan,0.01,1,0,1,0,0,1786615503.7107952,nan,-0.14448923902051741,-0.036288686583042851,0.31587447425904486,8.3799778165677594,1.8007007156161023,8.6459729304702932
1786615503.7312145,1786615503.7308164,vesc,1.0620827574773777,1.0620827574773777,nan,nan,0.01,1,0,1,0,0,1786615503.7308164,nan,0.068349858768126312,0.0021858466810340794,1.0620827574773777,7.5949276858798385,-0.52382605260109472,7.3658554015157165
1786615503.7515314,1786615503.7507355,vesc,1.5308082972370844,1.5308082972370844,nan,nan,0.01,1,0,1,0,0,1786615503.7507355,nan,-0.43253627647029708,-0.19934446523223792,1.5308082972370844,4.2154164037186206,-2.5250856889539932,8.7819049127222684
1786615503.7711856,1786615503.7707307,vesc,1.465386946110961,1.465386946110961,nan,nan,0.01,1,0,1,0,0,1786615503.7707307,nan,0.6815130429634193,-0.070271108951590708,1.465386946110961,-2.6646110777388969,-3.7997740779430274,12.544461461445394
1786615503.7913427,1786615503.7909977,vesc,0.84551043631147149,0.84551043631147149,nan,nan,0.01,1,0,1,0,0,1786615503.7909977,nan,-0.042036662065166527,-0.027059560082022097,0.84551043631147149,-3.3622541015071477,1.1984163545832374,9.9581139067585127
1786615503.8111081,1786615503.8107805,vesc,0.57234301250418262,0.57234301250418262,nan,nan,0.01,1,0,1,0,0,1786615503.8107805,nan,-0.078250322406874809,-0.03271694647519105,0.57234301250418262,-2.7213208858916289,-2.0225978813461722,7.1737603257979004
1786615503.8311985,1786615503.8309166,vesc,0.44061930327382376,0.44061930327382376,nan,nan,0.01,1,0,1,0,0,1786615503.8309166,nan,0.13316655165231495,-0.021710209880812844,0.44061930327382376,-3.3374630755234023,-1.4215333226407836,9.8795074444938109
1786615503.85186,1786615503.8514616,vesc,0.33751868351790493,0.33751868351790493,nan,nan,0.01,1,0,1,0,0,1786615503.8514616,nan,-0.11278337413674257,-0.049130083174755056,0.33751868351790493,-2.8672285108341953,-2.0248978837214509,9.81154525405816
1786615503.8672061,1786615503.8666129,vesc,0.2696526503796296,0.2696526503796296,nan,nan,0.01,1,0,1,0,0,1786615503.8666129,nan,-0.21212424293422841,0.10551622337791841,0.2696526503796296,-3.4715476299109582,-1.4528574429524781,9.0586945719025493
1786615503.8918383,1786615503.8907154,vesc,-0.044256885370505948,-0.044256885370505948,nan,nan,0.01,1,0,1,0,0,1786615503.8907154,nan,0.26669915479646128,0.13405695459564773,-0.044256885370505948,-3.637360931950667,-1.2726082419316924,9.7183078881620304
1786615503.9118867,1786615503.9107528,vesc,-0.25550860183021873,-0.25550860183021873,nan,nan,0.01,1,0,1,0,0,1786615503.9107528,nan,0.29154193703780423,-0.091212110524615392,-0.25550860183021873,-3.1955420823832128,-0.011481593146299929,9.2190983221499891
1786615503.9311657,1786615503.930747,vesc,-0.25788300967910616,-0.25788300967910616,nan,nan,0.01,1,0,1,0,0,1786615503.930747,nan,-0.084495518386894689,-0.12635959512985648,-0.25788300967910616,-2.5504915496898946,-0.16184698931259334,8.1340521018076402
1786615503.9513328,1786615503.9508839,vesc,-0.21760424615404128,-0.21760424615404128,nan,nan,0.01,1,0,1,0,0,1786615503.9508839,nan,0.13130099066395762,0.045040337428936823,-0.21760424615404128,-3.080194054273079,-0.30318706155286179,10.819656731162354
1786615503.9718506,1786615503.9712865,vesc,-0.22972101325789973,-0.22972101325789973,nan,nan,0.01,1,0,1,0,0,1786615503.9712865,nan,-0.0081141186891047715,0.10898899376176013,-0.22972101325789973,-3.1445824263490749,0.49955553846797685,9.7767543194378277
1786615503.9920118,1786615503.9914811,vesc,-0.10970965347511399,-0.10970965347511399,nan,nan,0.01,1,0,1,0,0,1786615503.9914811,nan,-0.46975098993744169,0.0032048459752067535,-0.10970965347511399,-2.6464961105119187,-0.42644111028486975,8.5585593916131302
1786615504.0113003,1786615504.0108929,vesc,-0.22557135887112234,-0.22557135887112234,nan,nan,0.01,1,0,1,0,0,1786615504.0108929,nan,0.46164768982011667,-0.0007447706838947728,-0.22557135887112234,-3.0112428072675073,-0.34476712546747734,10.250296946523918
1786615504.0310524,1786615504.0306866,vesc,-0.22659862332734998,-0.22659862332734998,nan,nan,0.01,1,0,1,0,0,1786615504.0306866,nan,0.30398688881174452,-0.091289824894175281,-0.22659862332734998,-2.6017160846044192,1.0795045214706818,9.6457591415723982
1786615504.0518234,1786615504.0511975,vesc,-0.13528205863135462,-0.13528205863135462,nan,nan,0.01,1,0,1,0,0,1786615504.0511975,nan,-0.34268088839588728,-0.15651665706980372,-0.13528205863135462,-3.0106969696630017,0.74339149480961453,8.1646201771031315
1786615504.0711675,1786615504.0707884,vesc,-0.21170025104393098,-0.21170025104393098,nan,nan,0.01,1,0,1,0,0,1786615504.0707884,nan,0.47107198441714826,-0.03380537209032803,-0.21170025104393098,-2.9328383663122395,0.16557352964260375,9.2849303718323313
1786615504.0880153,1786615504.0873566,vesc,-0.11114141048903263,-0.11114141048903263,nan,nan,0.01,1,0,1,0,0,1786615504.0873566,nan,-0.43457465996864375,0.10973552774957979,-0.11114141048903263,-2.2069518279305669,0.79843872021064755,9.0699978249638207
1786615504.1112704,1786615504.1108558,vesc,-0.071365826284803008,-0.071365826284803008,nan,nan,0.01,1,0,1,0,0,1786615504.1108558,nan,0.063534992514128349,0.051038878918934126,-0.071365826284803008,-2.841734357138165,0.13835015320613486,10.502683834856384
1786615504.1317987,1786615504.131115,vesc,-0.19609311172590108,-0.19609311172590108,nan,nan,0.01,1,0,1,0,0,1786615504.131115,nan,0.72763306751016632,-0.10308974240734155,-0.19609311172590108,-2.5565156438735244,0.93518441564566501,9.8758400706797147
1786615504.1522679,1786615504.1509476,vesc,-0.082124797351641368,-0.082124797351641368,nan,nan,0.01,1,0,1,0,0,1786615504.1509476,nan,-0.5446516965161341,-0.10872246959329204,-0.082124797351641368,-2.3645917454012562,0.93006612829554314,8.2158137217733724
1786615504.1709576,1786615504.1706586,vesc,-0.13971102868221089,-0.13971102868221089,nan,nan,0.01,1,0,1,0,0,1786615504.1706586,nan,0.41483244707080458,0.042700446644490374,-0.13971102868221089,-2.5286633080039849,-0.36940232314741905,8.7229679000322449
1786615504.1920207,1786615504.1907876,vesc,-0.11940662247825599,-0.11940662247825599,nan,nan,0.01,1,0,1,0,0,1786615504.1907876,nan,-0.32155200080795748,0.10869247574151504,-0.11940662247825599,-2.1905186661775673,0.57487798501119514,8.4851622139960341
1786615504.2064495,1786615504.2061279,vesc,-0.089581506923430337,-0.089581506923430337,nan,nan,0.01,1,0,1,0,0,1786615504.2061279,nan,0.068008154394323131,-0.0075019136104011487,-0.089581506923430337,-2.9621095291205393,-0.042714094893820942,10.146297195037505
1786615504.2310653,1786615504.2305241,vesc,-0.22073174602493267,-0.22073174602493267,nan,nan,0.01,1,0,1,0,0,1786615504.2305241,nan,0.53829143533226598,-0.12006781879789542,-0.22073174602493267,-2.4109559282771613,0.97762043887821903,10.126761646706996
1786615504.2510366,1786615504.2507126,vesc,-0.049264656033588122,-0.049264656033588122,nan,nan,0.01,1,0,1,0,0,1786615504.2507126,nan,-0.75064584196370454,-0.064069530556799287,-0.049264656033588122,-2.5817291312062309,1.047261291909301,9.1668686508218116
1786615504.2710946,1786615504.2707083,vesc,-0.13992326597633339,-0.13992326597633339,nan,nan,0.01,1,0,1,0,0,1786615504.2707083,nan,0.50538618256206036,-0.035063561741389949,-0.13992326597633339,-2.2022328323363922,-0.11058400895350928,8.6652172874488542
1786615504.2913229,1786615504.2909312,vesc,-0.12557005941281044,-0.12557005941281044,nan,nan,0.01,1,0,1,0,0,1786615504.2909312,nan,-0.50471486623027861,0.2003220950236492,-0.12557005941281044,-2.747402392425073,1.0812472841704448,8.9973531840333862
1786615504.3127735,1786615504.3124092,vesc,-0.16366751091277548,-0.16366751091277548,nan,nan,0.01,1,0,1,0,0,1786615504.3124092,nan,0.8273988103700608,0.031046907283926783,-0.16366751091277548,-3.0806311336617966,-0.68319557653576624,9.6306136829415436
1786615504.3310297,1786615504.3306804,vesc,-0.17834935155481418,-0.17834935155481418,nan,nan,0.01,1,0,1,0,0,1786615504.3306804,nan,0.0051211859554113181,-0.25760138039383029,-0.17834935155481418,-2.0833329129262381,1.618416975822015,8.7431150671461637
1786615504.351393,1786615504.3507438,vesc,-0.091474997813719858,-0.091474997813719858,nan,nan,0.01,1,0,1,0,0,1786615504.3507438,nan,-0.16741158251029065,-0.081000344160382667,-0.091474997813719858,-2.4683761731620564,0.35493232758861026,10.11962453497631
1786615504.3717318,1786615504.3706565,vesc,-0.23133027828085054,-0.23133027828085054,nan,nan,0.01,1,0,1,0,0,1786615504.3706565,nan,0.015345069702603919,0.20060638747001519,-0.23133027828085054,-2.8078567576418152,0.73568515661081335,9.2496055864000937
1786615504.3883605,1786615504.3868268,vesc,-0.19729243303330463,-0.19729243303330463,nan,nan,0.01,1,0,1,0,0,1786615504.3868268,nan,-0.21623869366034634,0.0023749945765650549,-0.19729243303330463,-2.9391448810239638,0.76397881110059984,9.4158056817717579
1786615504.4108748,1786615504.4105709,vesc,-0.30099898851624374,-0.30099898851624374,nan,nan,0.01,1,0,1,0,0,1786615504.4105709,nan,0.52431579843228904,-0.19548612737920154,-0.30099898851624374,-1.9867937703903209,1.4450461472282257,9.0886890353179979
1786615504.4321208,1786615504.431345,vesc,-0.1526508457209583,-0.1526508457209583,nan,nan,0.01,1,0,1,0,0,1786615504.431345,nan,-0.47670756617889215,-0.088292803271940987,-0.1526508457209583,-1.9684759047715232,1.3207112406366264,10.793946522838723
1786615504.4511113,1786615504.4506593,vesc,-0.31431945449854759,-0.31431945449854759,nan,nan,0.01,1,0,1,0,0,1786615504.4506593,nan,0.12285120496643494,0.16780612982578585,-0.31431945449854759,-1.1254597646844005,0.8103541036867199,9.9833072211963554
1786615504.471272,1786615504.4706514,vesc,-0.22815524098450127,-0.22815524098450127,nan,nan,0.01,1,0,1,0,0,1786615504.4706514,nan,-0.50138508262983894,0.069569836218734804,-0.22815524098450127,-0.10855342618721675,1.3253910598842538,9.0529128448180813
1786615504.4917121,1786615504.4910419,vesc,-0.37419121067662314,-0.37419121067662314,nan,nan,0.01,1,0,1,0,0,1786615504.4910419,nan,0.8969795530656971,-0.11859006399852409,-0.37419121067662314,-1.0639800901591414,0.57546084280138388,10.050462495837451
1786615504.5120196,1786615504.5109713,vesc,-0.2702457197096334,-0.2702457197096334,nan,nan,0.01,1,0,1,0,0,1786615504.5109713,nan,-0.47000728590284818,-0.26907234757810133,-0.2702457197096334,-0.090826330372625996,2.0844804290471188,9.9940766234457215
1786615504.5270445,1786615504.5265794,vesc,-0.42235194898767053,-0.42235194898767053,nan,nan,0.01,1,0,1,0,0,1786615504.5265794,nan,0.21892758754445849,-0.016194897930313115,-0.42235194898767053,-0.34288318904876647,1.1987461375601427,9.8354475032247137
1786615504.5508485,1786615504.5505404,vesc,-0.40806099381462824,-0.40806099381462824,nan,nan,0.01,1,0,1,0,0,1786615504.5505404,nan,-0.52057745263111754,0.20427718884803953,-0.40806099381462824,-0.22878737876926891,2.5073198005163988,9.5049757242860551
1786615504.5709133,1786615504.570549,vesc,-0.4620005586645522,-0.4620005586645522,nan,nan,0.01,1,0,1,0,0,1786615504.570549,nan,0.75419077569070903,-0.059764297628090809,-0.4620005586645522,-0.50573334133964565,0.83470965826612087,9.8325589785688408
1786615504.5913138,1786615504.5907514,vesc,-0.43554994284934434,-0.43554994284934434,nan,nan,0.01,1,0,1,0,0,1786615504.5907514,nan,-0.23901715987222802,-0.15357905722939183,-0.43554994284934434,0.20453367538187095,2.5748814566627232,9.3186243687493402
1786615504.6111333,1786615504.6108255,vesc,-0.51696753777351512,-0.51696753777351512,nan,nan,0.01,1,0,1,0,0,1786615504.6108255,nan,0.23175665037137222,0.002168974099112206,-0.51696753777351512,0.26935693414062101,1.9505671980855084,9.9165051183957758
1786615504.6312592,1786615504.6305139,vesc,-0.59406495277735938,-0.59406495277735938,nan,nan,0.01,1,0,1,0,0,1786615504.6305139,nan,-0.30426265914262224,0.21329927954144184,-0.59406495277735938,0.15641185595075058,2.8909728851713794,9.3380710393981303
1786615504.6512597,1786615504.6506267,vesc,-0.60793496205060116,-0.60793496205060116,nan,nan,0.01,1,0,1,0,0,1786615504.6506267,nan,-0.075059114729281701,-0.0018476085778372031,-0.60793496205060116,-0.27463474084958506,1.2597908523124488,8.5094749377189487
1786615504.6709375,1786615504.6706145,vesc,-0.637832740291294,-0.637832740291294,nan,nan,0.01,1,0,1,0,0,1786615504.6706145,nan,0.34076521004476606,-0.25636633943830606,-0.637832740291294,0.21207614535500241,2.81980320445237,9.0846421771918244
1786615504.6923981,1786615504.6919107,vesc,-0.69313075032375382,-0.69313075032375382,nan,nan,0.01,1,0,1,0,0,1786615504.6919107,nan,0.20079718631736251,-0.0048144116440775068,-0.69313075032375382,0.43279776487295862,2.6286851985118744,10.686706244299103
1786615504.7110798,1786615504.7107499,vesc,-0.78691516653338467,-0.78691516653338467,nan,nan,0.01,1,0,1,0,0,1786615504.7107499,nan,-0.037796372816353167,0.2308619447584033,-0.78691516653338467,0.39557471734304883,3.3592158881241687,9.7780605874704634
1786615504.7311661,1786615504.7308152,vesc,-0.72705050102171154,-0.72705050102171154,nan,nan,0.01,1,0,1,0,0,1786615504.7308152,nan,-0.43800517763731567,0.071976048036702628,-0.72705050102171154,-0.31732168273455841,2.5026996228709777,7.6596265451202612
1786615504.746356,1786615504.7459757,vesc,-0.7336935566238324,-0.7336935566238324,nan,nan,0.01,1,0,1,0,0,1786615504.7459757,nan,0.79678870311679906,-0.25717394303887253,-0.7336935566238324,-0.25952085718460438,2.43241871896916,8.8577117280128164
1786615504.7709656,1786615504.7705739,vesc,-0.70164381106430107,-0.70164381106430107,nan,nan,0.01,1,0,1,0,0,1786615504.7705739,nan,-0.57360927902348813,-0.18908297265702637,-0.70164381106430107,0.060548669845720937,3.9750019823074751,10.570989841587107
1786615504.789525,1786615504.7891157,vesc,-0.83608231342037298,-0.83608231342037298,nan,nan,0.01,1,0,1,0,0,1786615504.7891157,nan,0.35907940267659111,0.024332064926266033,-0.83608231342037298,0.27527194120256837,3.0241888356366076,11.457174003247587
1786615504.8109617,1786615504.8106105,vesc,-0.80023929436218744,-0.80023929436218744,nan,nan,0.01,1,0,1,0,0,1786615504.8106105,nan,-0.59268596796491646,0.073238020208750296,-0.80023929436218744,-0.031187843636065082,3.5577060638746332,8.997545557436581
1786615504.8317733,1786615504.8312023,vesc,-0.77984294252159747,-0.77984294252159747,nan,nan,0.01,1,0,1,0,0,1786615504.8312023,nan,0.894283368778101,-0.016299266797314402,-0.77984294252159747,-0.35943059078246264,1.8817238322133392,8.7975754513411744
1786615504.8510826,1786615504.8506985,vesc,-0.7325035896697577,-0.7325035896697577,nan,nan,0.01,1,0,1,0,0,1786615504.8506985,nan,-0.32182437560844535,-0.085668998709346064,-0.7325035896697577,0.22574382980177887,4.5131145375233359,9.9659947843520058
1786615504.8715799,1786615504.8713174,vesc,-0.78221881510908453,-0.78221881510908453,nan,nan,0.01,1,0,1,0,0,1786615504.8713174,nan,0.14431383657322208,-0.0056402308503812571,-0.78221881510908453,-0.038181269172219423,2.8162445888540617,10.408634875392977
1786615504.8880813,1786615504.8877621,vesc,-0.86954985936523532,-0.86954985936523532,nan,nan,0.01,1,0,1,0,0,1786615504.8877621,nan,-0.35323359763629902,0.19379963068463846,-0.86954985936523532,0.068034938024126301,4.8809339462357286,10.343574073488185
1786615504.9107101,1786615504.9104328,vesc,-0.8514261160408646,-0.8514261160408646,nan,nan,0.01,1,0,1,0,0,1786615504.9104328,nan,-0.041307505203459646,0.026503824941549813,-0.8514261160408646,-0.58395794386080979,2.0086019853617643,7.9282230853778515
1786615504.9307525,1786615504.9304988,vesc,-0.86251079170901968,-0.86251079170901968,nan,nan,0.01,1,0,1,0,0,1786615504.9304988,nan,0.42756402155706458,-0.19823797173358043,-0.86251079170901968,0.053285349614288435,4.2087473616209365,9.1487878898078634
1786615504.9507499,1786615504.9504814,vesc,-0.86074418379991569,-0.86074418379991569,nan,nan,0.01,1,0,1,0,0,1786615504.9504814,nan,-0.26172711626506739,-0.10023806280159832,-0.86074418379991569,-0.25911316005579721,2.9870569681296786,9.2328574058903428
1786615504.9717593,1786615504.9710958,vesc,-0.95369909190901403,-0.95369909190901403,nan,nan,0.01,1,0,1,0,0,1786615504.9710958,nan,0.11756517142014232,0.12584867599710317,-0.95369909190901403,-0.22374408196309759,4.4116112548665285,10.305357839792123
1786615504.9912353,1786615504.9908373,vesc,-0.87844554977539968,-0.87844554977539968,nan,nan,0.01,1,0,1,0,0,1786615504.9908373,nan,-0.25831913559712028,0.03722911950416629,-0.87844554977539968,-0.21558527888873513,2.749846236311555,8.3800415512210975
1786615505.0119903,1786615505.0114806,vesc,-0.8784062681493211,-0.8784062681493211,nan,nan,0.01,1,0,1,0,0,1786615505.0114806,nan,0.77611884463225789,-0.10232107921533902,-0.8784062681493211,-0.63731722421116643,3.4602250810372084,9.62250476392785
1786615505.0314498,1786615505.0305293,vesc,-0.82890016743459283,-0.82890016743459283,nan,nan,0.01,1,0,1,0,0,1786615505.0305293,nan,-0.55826261350482476,-0.038538104791832263,-0.82890016743459283,0.015908241649758015,4.1190513620362026,8.6594893547506899
1786615505.0513101,1786615505.0509,vesc,-0.90907369994504672,-0.90907369994504672,nan,nan,0.01,1,0,1,0,0,1786615505.0509,nan,0.38018012733599327,0.12466346944347705,-0.90907369994504672,-0.38194405308195556,3.6573551943687335,11.130211723293655
1786615505.0713654,1786615505.0710351,vesc,-0.92547005040736485,-0.92547005040736485,nan,nan,0.01,1,0,1,0,0,1786615505.0710351,nan,-0.40903903972495981,0.24295227998844271,-0.92547005040736485,-0.28046298984557794,3.8056493604819366,9.4216324324186758
1786615505.0907619,1786615505.0904272,vesc,-0.84797838769364797,-0.84797838769364797,nan,nan,0.01,1,0,1,0,0,1786615505.0904272,nan,0.54245472177487319,-0.04913946249521918,-0.84797838769364797,-1.502119944570893,2.1147453261980615,9.4267101547084735
1786615505.1107659,1786615505.1104269,vesc,-0.82914324746308976,-0.82914324746308976,nan,nan,0.01,1,0,1,0,0,1786615505.1104269,nan,-0.37608987808628147,-0.13121578615383189,-0.82914324746308976,-0.58194832884529291,4.0175784849020886,8.9875310307602376
1786615505.1308408,1786615505.1303885,vesc,-0.87775086420505255,-0.87775086420505255,nan,nan,0.01,1,0,1,0,0,1786615505.1303885,nan,0.071927603471998405,0.043618879358296232,-0.87775086420505255,-0.87060681304502197,3.2885131075949801,11.133068672983654
1786615505.1510739,1786615505.150656,vesc,-0.90461130722251004,-0.90461130722251004,nan,nan,0.01,1,0,1,0,0,1786615505.150656,nan,-0.30488770305046387,0.018124619254698028,-0.90461130722251004,-0.40933577451876957,4.3039184018160483,9.3831367018024707
1786615505.1706984,1786615505.1704359,vesc,-0.89432151856071629,-0.89432151856071629,nan,nan,0.01,1,0,1,0,0,1786615505.1704359,nan,0.23617944521745088,-0.10014778996302305,-0.89432151856071629,-1.3083967115850044,2.651711242375427,9.2483911196571285
1786615505.1907346,1786615505.1904266,vesc,-0.9518828826246073,-0.9518828826246073,nan,nan,0.01,1,0,1,0,0,1786615505.1904266,nan,-0.13388238438619304,-0.082948796037668693,-0.9518828826246073,-0.61787757022145939,4.8302353683916408,9.6024628467001776
1786615505.2109222,1786615505.210561,vesc,-0.98676163763110258,-0.98676163763110258,nan,nan,0.01,1,0,1,0,0,1786615505.210561,nan,-0.056763851347142243,0.080130988512039925,-0.98676163763110258,-1.4962193728232052,3.6732540667686351,10.561499810177224
1786615505.2307267,1786615505.2304192,vesc,-1.001947714536034,-1.001947714536034,nan,nan,0.01,1,0,1,0,0,1786615505.2304192,nan,-0.16951168476689987,0.074845462630830098,-1.001947714536034,-0.6263061126744276,3.8459501266472671,8.6847551746657246
1786615505.2508283,1786615505.2505136,vesc,-0.94180281789865727,-0.94180281789865727,nan,nan,0.01,1,0,1,0,0,1786615505.2505136,nan,-0.015746131359796845,-0.019059794513263156,-0.94180281789865727,-0.96519568980683346,3.3624391658904642,8.5788825599257166
1786615505.2665586,1786615505.2658224,vesc,-0.94385465036050897,-0.94385465036050897,nan,nan,0.01,1,0,1,0,0,1786615505.2658224,nan,0.094006041146595942,-0.07231768167028936,-0.94385465036050897,-1.5081020849804219,4.6211506221472973,10.760313336967101
1786615505.290693,1786615505.2902787,vesc,-0.94709451898464481,-0.94709451898464481,nan,nan,0.01,1,0,1,0,0,1786615505.2902787,nan,-0.10091145140560329,-0.030763521976807134,-0.94709451898464481,-1.4674810375640277,3.5966128537687894,10.561630787813442
1786615505.3106494,1786615505.3103654,vesc,-1.0003916295111008,-1.0003916295111008,nan,nan,0.01,1,0,1,0,0,1786615505.3103654,nan,-0.13011211394145422,0.085493962446700614,-1.0003916295111008,-0.96151508666675767,4.0843802953418731,9.0838568960961084
1786615505.330766,1786615505.330344,vesc,-0.73289500777097216,-0.73289500777097216,nan,nan,0.01,1,0,1,0,0,1786615505.330344,nan,0.10431457180456102,-0.10910381761663458,-0.73289500777097216,6.5573170045471443,2.4740649295136734,7.6204238861014346
1786615505.350754,1786615505.3503489,vesc,-0.075331922293446693,-0.075331922293446693,nan,nan,0.01,1,0,1,0,0,1786615505.3503489,nan,-0.87818143077429123,-0.089565910786296554,-0.075331922293446693,10.261046468239215,9.7290299279625856,13.700090009669339
1786615505.3711777,1786615505.3703425,vesc,0.11133511384644385,0.11133511384644385,nan,nan,0.01,1,0,1,0,0,1786615505.3703425,nan,-0.7290733050276812,0.53524484562424257,0.11133511384644385,0.54727422890771393,0.15472542752169893,11.538878320497474
1786615505.3925486,1786615505.392128,vesc,-0.17956513452670578,-0.17956513452670578,nan,nan,0.01,1,0,1,0,0,1786615505.392128,nan,0.59001102238701353,-0.09141621685503476,-0.17956513452670578,-2.6682299196610018,1.8794650527101737,4.2914775729009307
1786615505.4111423,1786615505.4108021,vesc,-0.30952396690266915,-0.30952396690266915,nan,nan,0.01,1,0,1,0,0,1786615505.4108021,nan,0.44450145977385958,-0.64074530641745908,-0.30952396690266915,-2.7536980897873775,1.7831397720958932,6.2686458026528271
1786615505.4272089,1786615505.426883,vesc,-0.53400710821811459,-0.53400710821811459,nan,nan,0.01,1,0,1,0,0,1786615505.426883,nan,0.012489683517577906,-0.22788318243439284,-0.53400710821811459,-2.6171635519366419,3.5144849057267606,12.603000278732452
1786615505.4505901,1786615505.4502568,vesc,-0.68037700502141873,-0.68037700502141873,nan,nan,0.01,1,0,1,0,0,1786615505.4502568,nan,0.28588751341134799,0.40527955508263586,-0.68037700502141873,-2.801280393916187,2.0600364353271914,11.959810037778539
1786615505.4708099,1786615505.4704175,vesc,-0.77425882634791932,-0.77425882634791932,nan,nan,0.01,1,0,1,0,0,1786615505.4704175,nan,-0.084827190133528838,-0.0077921732020845664,-0.77425882634791932,-3.3021245491337936,2.9363037188169017,8.5120038585968132
1786615505.4906514,1786615505.4903283,vesc,-0.98396352085278349,-0.98396352085278349,nan,nan,0.01,1,0,1,0,0,1786615505.4903283,nan,0.16371824413154148,-0.23732646869894802,-0.98396352085278349,-0.91686369950911484,3.6510364005036138,8.1347192691421242
1786615505.5109885,1786615505.5106254,vesc,-1.1945834106662534,-1.1945834106662534,nan,nan,0.01,1,0,1,0,0,1786615505.5106254,nan,0.011714303125904031,-0.24847830596084353,-1.1945834106662534,-2.4193285567280611,3.3367836290355228,9.213250521525822
1786615505.5311124,1786615505.5304713,vesc,-1.3035246755878522,-1.3035246755878522,nan,nan,0.01,1,0,1,0,0,1786615505.5304713,nan,0.071599152485807574,0.18005232655862216,-1.3035246755878522,-2.3422147425028896,2.4916513084230587,9.9879253523162106
1786615505.551059,1786615505.5507498,vesc,-1.2691652369939226,-1.2691652369939226,nan,nan,0.01,1,0,1,0,0,1786615505.5507498,nan,-0.10032141142133941,0.23748446073061696,-1.2691652369939226,0.25279677816723733,2.678148844357338,10.105091864572046
1786615505.5705905,1786615505.5703175,vesc,-1.0894244337038124,-1.0894244337038124,nan,nan,0.01,1,0,1,0,0,1786615505.5703175,nan,0.22781389031178037,-0.11773295056881732,-1.0894244337038124,-2.8376927615063039,1.9970066638661592,6.8957760804087229
1786615505.5904758,1786615505.5901816,vesc,-1.1669841401833807,-1.1669841401833807,nan,nan,0.01,1,0,1,0,0,1786615505.5901816,nan,-0.08662062106823705,-0.25281358267559945,-1.1669841401833807,-2.4412816364734908,4.1493498806785851,9.8618792579907222
1786615505.6105917,1786615505.6103024,vesc,-1.1589334042080712,-1.1589334042080712,nan,nan,0.01,1,0,1,0,0,1786615505.6103024,nan,-0.12292458337684502,0.12640029988264267,-1.1589334042080712,-2.5015094220740082,4.7574530255267007,11.731057596124288
1786615505.6306286,1786615505.6302371,vesc,-1.2667912951982259,-1.2667912951982259,nan,nan,0.01,1,0,1,0,0,1786615505.6302371,nan,0.078630705034322193,0.33974385447720706,-1.2667912951982259,-2.7668405846108044,3.6681947632089305,10.661551521486217
1786615505.6505907,1786615505.6503081,vesc,-1.092988409032611,-1.092988409032611,nan,nan,0.01,1,0,1,0,0,1786615505.6503081,nan,0.31094875808586153,-0.22105438799099575,-1.092988409032611,-0.97255696917718382,4.7925696500728066,7.5766592292354176
1786615505.6707199,1786615505.670388,vesc,-1.0436214584848393,-1.0436214584848393,nan,nan,0.01,1,0,1,0,0,1786615505.670388,nan,-0.39168688074741226,-0.19135960920439424,-1.0436214584848393,-0.13925810706423203,4.4815655917601873,9.2286994506620204
1786615505.6916821,1786615505.6906004,vesc,-1.1556059175840718,-1.1556059175840718,nan,nan,0.01,1,0,1,0,0,1786615505.6906004,nan,0.22327503157644471,0.24996246899158786,-1.1556059175840718,-2.0842156963471297,3.9981569572816795,10.866850780155232
1786615505.7107232,1786615505.7104223,vesc,-0.49585026822584088,-0.49585026822584088,nan,nan,0.01,1,0,1,0,0,1786615505.7104223,nan,-0.14136012460821518,-0.025584776371741873,-0.49585026822584088,13.426633263553526,-0.2149497961554232,10.069799238827272
1786615505.7306545,1786615505.7302659,vesc,2.073751609203446,2.073751609203446,nan,nan,0.01,1,0,1,0,0,1786615505.7302659,nan,-1.7748202989575399,0.36378830424752828,2.073751609203446,17.733277345062561,-1.3352927352936774,17.001085461412345
1786615505.7517946,1786615505.7514179,vesc,2.7851762122661996,2.7851762122661996,nan,nan,0.01,1,0,1,0,0,1786615505.7514179,nan,0.39543721077348915,-0.073818464490711472,2.7851762122661996,15.744778380334651,-0.511721511690574,6.426755690101686
1786615505.7706757,1786615505.7703462,vesc,3.5450647545301055,3.5450647545301055,nan,nan,0.01,1,0,1,0,0,1786615505.7703462,nan,0.29596288431587664,-0.32087262841387831,3.5450647545301055,7.1458404545846861,-0.5944013638236072,1.5448696709366203
1786615505.7911515,1786615505.7907567,vesc,3.9703121921234512,3.9703121921234512,nan,nan,0.01,1,0,1,0,0,1786615505.7907567,nan,0.23237988000072124,-0.37421374767734789,3.9703121921234512,4.8697543617907968,-0.69534353302436358,10.586102555808907
1786615505.8107202,1786615505.8103654,vesc,4.5918202209857508,4.5918202209857508,nan,nan,0.01,1,0,1,0,0,1786615505.8103654,nan,-0.16480146826017442,0.32399698242573205,4.5918202209857508,17.628705735860876,-2.0834466412755432,17.337965788980227
1786615505.8271341,1786615505.8268621,vesc,6.0176324601400788,6.0176324601400788,nan,nan,0.01,1,0,1,0,0,1786615505.8268621,nan,0.10184770233157743,0.096458354779746555,6.0176324601400788,30.114289241496863,-6.718458088719899,7.7714218048479893
1786615505.8503847,1786615505.8500857,vesc,7.8043222017599936,7.8043222017599936,nan,nan,0.01,1,0,1,0,0,1786615505.8500857,nan,0.54216084194858294,-0.59437667578295317,7.8043222017599936,28.928476195340636,-6.8340119388298035,7.9919320109659679
1786615505.8706865,1786615505.8703713,vesc,8.4272723323525707,8.4272723323525707,nan,nan,0.01,1,0,1,0,0,1786615505.8703713,nan,-0.31631073333511345,0.67161813451225716,8.4272723323525707,8.3203847462534668,-3.0954845238583175,12.488374966507877
1786615505.8908412,1786615505.8902009,vesc,8.5440668598546488,8.5440668598546488,nan,nan,0.01,1,0,1,0,0,1786615505.8902009,nan,-0.24844759638452352,0.22921789219371336,8.5440668598546488,1.3076533842633893,-3.0560818900556228,6.7392005024127002
1786615505.910639,1786615505.9102252,vesc,8.2732510738689271,8.2732510738689271,nan,nan,0.01,1,0,1,0,0,1786615505.9102252,nan,0.20854725140560212,-0.26114285201141763,8.2732510738689271,-1.5583603674670456,0.036161046941604269,9.3150756934180663
1786615505.93082,1786615505.9305694,vesc,7.791173110193836,7.791173110193836,nan,nan,0.01,1,0,1,0,0,1786615505.9305694,nan,-0.25560484181411147,-0.023357583074487018,7.791173110193836,-1.60306627991298,0.66628250453756266,11.903053451898586
1786615505.9504461,1786615505.9500966,vesc,7.3937367975480788,7.3937367975480788,nan,nan,0.01,1,0,1,0,0,1786615505.9500966,nan,0.11447835965728032,0.31966178893476016,7.3937367975480788,-1.9473218470791807,-1.1191487183803517,11.434339455704844
1786615505.9710088,1786615505.9705911,vesc,7.0316060114735022,7.0316060114735022,nan,nan,0.01,1,0,1,0,0,1786615505.9705911,nan,-0.26373983354840841,0.020229450702836754,7.0316060114735022,-1.1667729031930634,0.057935128790216339,6.5604645608675014
1786615505.9905698,1786615505.9902596,vesc,6.7610378994691578,6.7610378994691578,nan,nan,0.01,1,0,1,0,0,1786615505.9902596,nan,-0.098644851646593645,-0.29329742624935723,6.7610378994691578,-1.2345446205706878,-0.73367809975225384,7.0269998844159431
1786615506.0110083,1786615506.0101149,vesc,6.4918146838153028,6.4918146838153028,nan,nan,0.01,1,0,1,0,0,1786615506.0101149,nan,0.060058963919140479,-0.078454886468106527,6.4918146838153028,-1.9882944583517173,0.47162912568197157,11.256099942789774
1786615506.0304363,1786615506.0300536,vesc,6.1924476804150608,6.1924476804150608,nan,nan,0.01,1,0,1,0,0,1786615506.0300536,nan,-0.13030758164308762,0.3537833739538323,6.1924476804150608,-1.9452286899664557,-1.5317086112027027,11.6631936389158
1786615506.050396,1786615506.0500569,vesc,5.9042276040734532,5.9042276040734532,nan,nan,0.01,1,0,1,0,0,1786615506.0500569,nan,0.082933399637616673,0.00088901622703079115,5.9042276040734532,-1.1097022487289436,-1.6794408598676682,7.8163360243604529
1786615506.0713487,1786615506.070956,vesc,5.5776846396456055,5.5776846396456055,nan,nan,0.01,1,0,1,0,0,1786615506.070956,nan,-0.11885037135032253,-0.11541281294951868,5.5776846396456055,-0.4083532595216397,-1.5901778466205201,8.4667136631018138
1786615506.0908885,1786615506.0904484,vesc,5.3899184669895686,5.3899184669895686,nan,nan,0.01,1,0,1,0,0,1786615506.0904484,nan,0.28711842646718266,-0.0041202170940563207,5.3899184669895686,-1.8105982979743942,-2.6443759100256443,10.392329329127051
1786615506.1105959,1786615506.1103265,vesc,5.0323432842756812,5.0323432842756812,nan,nan,0.01,1,0,1,0,0,1786615506.1103265,nan,-0.59611285707660322,0.027733618637488765,5.0323432842756812,-3.0185877875235292,-0.56309909748134856,11.284347842815123
1786615506.1304419,1786615506.1301665,vesc,5.0303272713304912,5.0303272713304912,nan,nan,0.01,1,0,1,0,0,1786615506.1301665,nan,0.48310071740222277,0.11722162363952209,5.0303272713304912,-3.7857565472597798,-2.8794366205563904,10.521822941948699
1786615506.1506364,1786615506.1502507,vesc,4.7401694789797419,4.7401694789797419,nan,nan,0.01,1,0,1,0,0,1786615506.1502507,nan,-0.23793087310834152,-0.050310907996150164,4.7401694789797419,-3.254031490695894,1.5254860040391804,7.6752485518471758
1786615506.170464,1786615506.1701245,vesc,4.5936412905391464,4.5936412905391464,nan,nan,0.01,1,0,1,0,0,1786615506.1701245,nan,-0.19999024850706854,-0.033938039124506006,4.5936412905391464,-4.2349925901996528,-1.4458799602159331,10.02699761842041
1786615506.1918423,1786615506.190047,vesc,3.7152607218943445,3.7152607218943445,nan,nan,0.01,1,0,1,0,0,1786615506.190047,nan,-0.12149815268510655,0.21556511364163808,3.7152607218943445,-3.3732380965801383,-2.4950119957630648,10.067818202079479
1786615506.2118044,1786615506.2104981,vesc,2.1667521239462122,2.1667521239462122,nan,nan,0.01,1,0,1,0,0,1786615506.2104981,nan,-0.35368959739394784,0.22505354048667006,2.1667521239462122,-3.9719535362966667,-4.1623204673544762,8.4227923008496077
1786615506.2306106,1786615506.2302997,vesc,0.97282764591267168,0.97282764591267168,nan,nan,0.01,1,0,1,0,0,1786615506.2302997,nan,0.46250482821695871,-0.045511304984149722,0.97282764591267168,-6.664654931592338,-5.4520516963352748,8.8715719685882846
1786615506.2504876,1786615506.2501314,vesc,-0.084221778716348158,-0.084221778716348158,nan,nan,0.01,1,0,1,0,0,1786615506.2501314,nan,-0.36671478539038915,-0.079954579056957395,-0.084221778716348158,-7.6856618586480749,-4.6459825786423607,10.155167421561714
1786615506.26847,1786615506.2679074,vesc,-0.88609208447626253,-0.88609208447626253,nan,nan,0.01,1,0,1,0,0,1786615506.2679074,nan,0.16577686765417274,0.097969989981610758,-0.88609208447626253,-7.3403954540327163,-6.0169436233025522,10.529182247883682
1786615506.2904596,1786615506.2899714,vesc,-1.2787024163316596,-1.2787024163316596,nan,nan,0.01,1,0,1,0,0,1786615506.2899714,nan,-0.078905143784654852,0.16294131681778132,-1.2787024163316596,-5.527722856216883,-6.2969205998713278,9.5485000605784762
1786615506.3103147,1786615506.3099706,vesc,-0.55674834010900565,-0.55674834010900565,nan,nan,0.01,1,0,1,0,0,1786615506.3099706,nan,0.036198746639603832,-0.0722928893050164,-0.55674834010900565,-6.2180475045614685,-7.113237548155098,6.7310424667854249
1786615506.3304944,1786615506.3301089,vesc,-0.13500082882024222,-0.13500082882024222,nan,nan,0.01,1,0,1,0,0,1786615506.3301089,nan,0.080250015168009642,-0.31204657966621946,-0.13500082882024222,-4.7474496085605722,-4.3139797062196124,9.6013050979514674
1786615506.3504431,1786615506.3501043,vesc,-0.10249467570652016,-0.10249467570652016,nan,nan,0.01,1,0,1,0,0,1786615506.3501043,nan,0.042593487437210066,0.055383622339127442,-0.10249467570652016,-4.742432112594571,-2.40191057763667,12.854384954259217
1786615506.3704195,1786615506.3701599,vesc,-0.17562257420419566,-0.17562257420419566,nan,nan,0.01,1,0,1,0,0,1786615506.3701599,nan,0.14679159171716136,0.13867110588842696,-0.17562257420419566,-4.2377197316966146,-2.2063217904170642,7.8069728775356566
1786615506.390306,1786615506.3900423,vesc,-0.37250286641405372,-0.37250286641405372,nan,nan,0.01,1,0,1,0,0,1786615506.3900423,nan,-0.066103141171129809,-0.044025864468319978,-0.37250286641405372,-3.6866351280008871,-1.3282070790629348,9.0181838906863163
1786615506.4105451,1786615506.4099829,vesc,-0.6111005950593511,-0.6111005950593511,nan,nan,0.01,1,0,1,0,0,1786615506.4099829,nan,0.35750840394955335,0.10362247449389828,-0.6111005950593511,-4.1045450041034997,-1.2919464467254897,11.566654934921075
1786615506.4323599,1786615506.4320767,vesc,-0.8130163423240605,-0.8130163423240605,nan,nan,0.01,1,0,1,0,0,1786615506.4320767,nan,-0.25589815571867008,-0.20476263318049051,-0.8130163423240605,-3.8604854282986878,0.84205127637299881,7.1010332391232396
1786615506.4507823,1786615506.450407,vesc,-0.777726395245257,-0.777726395245257,nan,nan,0.01,1,0,1,0,0,1786615506.450407,nan,-0.037921291716234692,-0.31351484695420739,-0.777726395245257,-4.2557116150288437,-0.7819207738270606,8.9363310541525038
1786615506.4679863,1786615506.4675348,vesc,-0.77048918840393954,-0.77048918840393954,nan,nan,0.01,1,0,1,0,0,1786615506.4675348,nan,-0.17435322840487985,0.1999250010603616,-0.77048918840393954,-5.0946394548470835,1.6372988054146163,10.628789570784079
1786615506.4922526,1786615506.4919074,vesc,-0.71726278480442496,-0.71726278480442496,nan,nan,0.01,1,0,1,0,0,1786615506.4919074,nan,0.25753967828032448,-0.11447217613012428,-0.71726278480442496,-5.2669019436665394,-0.26948531707478196,8.9737520664858152
1786615506.5101321,1786615506.5098648,vesc,-0.70960399956254783,-0.70960399956254783,nan,nan,0.01,1,0,1,0,0,1786615506.5098648,nan,0.30645097861034032,-0.25297765004350514,-0.70960399956254783,-5.2057429889335367,0.6971446947929536,11.113579902380366
1786615506.5304615,1786615506.5301549,vesc,-0.74674178096370281,-0.74674178096370281,nan,nan,0.01,1,0,1,0,0,1786615506.5301549,nan,-0.30247604423582897,0.081616391577166839,-0.74674178096370281,-5.0215574421671363,0.94302655543380354,10.52239246077761
1786615506.5519414,1786615506.5515482,vesc,-0.71584977810905626,-0.71584977810905626,nan,nan,0.01,1,0,1,0,0,1786615506.5515482,nan,-0.069524004880850226,0.25304154926491024,-0.71584977810905626,-4.7793631282352464,0.43919081838004104,9.0676022206085349
1786615506.570883,1786615506.5706193,vesc,-0.65134348913348394,-0.65134348913348394,nan,nan,0.01,1,0,1,0,0,1786615506.5706193,nan,0.26635179536653086,-0.20200135124899868,-0.65134348913348394,-5.0388517526421879,-0.16014632656732886,7.5012815995921187
1786615506.5856516,1786615506.5853345,vesc,-0.65916206404076583,-0.65916206404076583,nan,nan,0.01,1,0,1,0,0,1786615506.5853345,nan,0.14179937974051013,-0.18919712239924988,-0.65916206404076583,-4.6626377884192607,1.1563001009703555,11.370283205492115
1786615506.6103621,1786615506.6100059,vesc,-0.69578532271931748,-0.69578532271931748,nan,nan,0.01,1,0,1,0,0,1786615506.6100059,nan,-0.15711954680632723,0.17309250458959316,-0.69578532271931748,-4.8852404207479765,0.89452974673783103,10.744219459916849
1786615506.6304007,1786615506.6300592,vesc,-0.68988888432880024,-0.68988888432880024,nan,nan,0.01,1,0,1,0,0,1786615506.6300592,nan,-0.030411780814645715,0.22847060919183709,-0.68988888432880024,-4.7467485273738532,0.57898883360640241,8.7378239214759219
1786615506.6505687,1786615506.650095,vesc,-0.64561536252385976,-0.64561536252385976,nan,nan,0.01,1,0,1,0,0,1786615506.650095,nan,0.21195208621451161,-0.21160416086284958,-0.64561536252385976,-4.7169864907905321,-0.0066569091246861944,7.4240328608599953
1786615506.6704447,1786615506.6700811,vesc,-0.63504287931235415,-0.63504287931235415,nan,nan,0.01,1,0,1,0,0,1786615506.6700811,nan,0.19797966175259959,-0.18073980494926931,-0.63504287931235415,-4.7523501602085219,1.3529900651248141,11.259581375138168
1786615506.6902757,1786615506.6899848,vesc,-0.67776863847076796,-0.67776863847076796,nan,nan,0.01,1,0,1,0,0,1786615506.6899848,nan,-0.25108124632077333,0.15173871304760619,-0.67776863847076796,-4.943279008714569,1.0668436910572296,10.791905844488724
1786615506.7103143,1786615506.7099931,vesc,-0.63522830190325097,-0.63522830190325097,nan,nan,0.01,1,0,1,0,0,1786615506.7099931,nan,-0.0065495666844401631,0.24643326455977166,-0.63522830190325097,-4.6178612708413027,0.44366671597306606,9.1844775415124218
1786615506.7306626,1786615506.729929,vesc,-0.54925606901428581,-0.54925606901428581,nan,nan,0.01,1,0,1,0,0,1786615506.729929,nan,0.25769605577058258,-0.23316852522327774,-0.54925606901428581,-4.8073727542125653,0.11802815433672897,7.3706138658172335
1786615506.7504413,1786615506.7500441,vesc,-0.55331592493805704,-0.55331592493805704,nan,nan,0.01,1,0,1,0,0,1786615506.7500441,nan,0.085160068625031921,-0.19800378000522159,-0.55331592493805704,-4.3208829293141946,1.1949958794606275,11.230684434147634
1786615506.7705574,1786615506.7701426,vesc,-0.58674984847415701,-0.58674984847415701,nan,nan,0.01,1,0,1,0,0,1786615506.7701426,nan,-0.2084703859186397,0.13871085356769641,-0.58674984847415701,-4.6062016299707693,1.0816151471409157,10.642606541961868
1786615506.790462,1786615506.7900279,vesc,-0.54717700573028816,-0.54717700573028816,nan,nan,0.01,1,0,1,0,0,1786615506.7900279,nan,-0.035281520670666915,0.2334133695959969,-0.54717700573028816,-4.7586312395310699,0.70300185096256484,8.9344236923250833
1786615506.810518,1786615506.8100467,vesc,-0.43958992493348092,-0.43958992493348092,nan,nan,0.01,1,0,1,0,0,1786615506.8100467,nan,0.25108324369159091,-0.22813694839676379,-0.43958992493348092,-4.6421488515358362,-0.0070712574615825474,7.5782017247905173
1786615506.8305051,1786615506.8300993,vesc,-0.44888645437721592,-0.44888645437721592,nan,nan,0.01,1,0,1,0,0,1786615506.8300993,nan,0.073283760000472403,-0.13649889854530384,-0.44888645437721592,-4.3741171523344349,1.5434460200447404,11.686083150288027
1786615506.8503764,1786615506.8500314,vesc,-0.49135908007401763,-0.49135908007401763,nan,nan,0.01,1,0,1,0,0,1786615506.8500314,nan,-0.25433284949846241,0.15656402804769351,-0.49135908007401763,-4.7513535022579276,1.5986071930656749,10.766843507687099
1786615506.8704908,1786615506.8699534,vesc,-0.43290352638461899,-0.43290352638461899,nan,nan,0.01,1,0,1,0,0,1786615506.8699534,nan,0.090151889449898048,0.18729968670159569,-0.43290352638461899,-4.5198759656322807,0.43458577040576785,8.998777565827254
1786615506.8903375,1786615506.8899989,vesc,-0.37096798680930021,-0.37096798680930021,nan,nan,0.01,1,0,1,0,0,1786615506.8899989,nan,0.12456609761612102,-0.30502072794691326,-0.37096798680930021,-4.3849792329558568,0.47747250434911237,7.2998876964244346
1786615506.9104166,1786615506.9100132,vesc,0.053086450323041552,0.053086450323041552,nan,nan,0.01,1,0,1,0,0,1786615506.9100132,nan,-0.1989360861238311,-0.06434461013026925,0.053086450323041552,11.03026760075727,3.5796737616598193,15.081796482993695
1786615506.930419,1786615506.9300075,vesc,0.68924253513223799,0.68924253513223799,nan,nan,0.01,1,0,1,0,0,1786615506.9300075,nan,-1.1928618101795718,1.1568735822629495,0.68924253513223799,4.2330796735171248,6.9976328272668411,15.878317097117701
1786615506.9519496,1786615506.9500163,vesc,0.37273050010822828,0.37273050010822828,nan,nan,0.01,1,0,1,0,0,1786615506.9500163,nan,1.0576242929174486,0.4131017585469029,0.37273050010822828,0.080333099439358513,3.1964674042997956,4.3895309981752177
1786615506.9704714,1786615506.9700036,vesc,-0.079939399038743933,-0.079939399038743933,nan,nan,0.01,1,0,1,0,0,1786615506.9700036,nan,0.13926353439529349,-0.29834608059636131,-0.079939399038743933,2.1789290457174673,4.5403628559901392,5.1746393086613693
1786615506.9912405,1786615506.9900208,vesc,-0.18193831066358904,-0.18193831066358904,nan,nan,0.01,1,0,1,0,0,1786615506.9900208,nan,-0.87587932774899935,-0.52284353640266601,-0.18193831066358904,2.4100149650580391,2.8736984552303966,5.0722720998549562
1786615507.0102422,1786615507.0098832,vesc,0.0043809390043291268,0.0043809390043291268,nan,nan,0.01,1,0,1,0,0,1786615507.0098832,nan,0.35986127348312469,-0.40936058313707324,0.0043809390043291268,-1.2194127567168067,-1.4438243714653822,11.044402660480159
1786615507.030431,1786615507.0299985,vesc,0.098696991347310359,0.098696991347310359,nan,nan,0.01,1,0,1,0,0,1786615507.0299985,nan,0.67091272971852245,0.02927644611362051,0.098696991347310359,-2.78597062851847,1.9176485419971812,11.470988635539015
1786615507.0505641,1786615507.0501075,vesc,0.21588535876272005,0.21588535876272005,nan,nan,0.01,1,0,1,0,0,1786615507.0501075,nan,0.071891259645497224,0.26545098112781157,0.21588535876272005,-3.6888012291319967,-3.0087045308441986,19.408779520298253
1786615507.0707879,1786615507.0703962,vesc,0.074717114911045088,0.074717114911045088,nan,nan,0.01,1,0,1,0,0,1786615507.0703962,nan,0.22376984690698143,0.5896720019802465,0.074717114911045088,7.8860781073168482,-0.27788257692267138,10.316018483825701
1786615507.0905213,1786615507.0899489,vesc,-0.012986001037416999,-0.012986001037416999,nan,nan,0.01,1,0,1,0,0,1786615507.0899489,nan,-0.77238695699672999,-0.34433261419346806,-0.012986001037416999,1.4288932132973571,-2.6343201604771878,1.3046680881843287
1786615507.1103165,1786615507.1099384,vesc,0.19875296050937452,0.19875296050937452,nan,nan,0.01,1,0,1,0,0,1786615507.1099384,nan,1.1800398879533307,0.15364392184669207,0.19875296050937452,-1.2265943072883516,-1.8165966644080527,7.163103774815454
1786615507.1308308,1786615507.1299925,vesc,-0.055861838685932412,-0.055861838685932412,nan,nan,0.01,1,0,1,0,0,1786615507.1299925,nan,0.12940193210251416,-0.01717995752504679,-0.055861838685932412,-5.4114065291532825,3.5026744066859408,9.8684176148129836
1786615507.150497,1786615507.1498685,vesc,-0.29447704016469423,-0.29447704016469423,nan,nan,0.01,1,0,1,0,0,1786615507.1498685,nan,-0.38875290946398561,-0.12626125790660531,-0.29447704016469423,-4.0922003618899794,0.90581019565708232,10.111639576939751
1786615507.1703451,1786615507.1699347,vesc,-0.54959931718928334,-0.54959931718928334,nan,nan,0.01,1,0,1,0,0,1786615507.1699347,nan,0.64229253643176787,-0.057398320348529208,-0.54959931718928334,-3.2375242154813293,3.2320214005954142,10.765037887416383
1786615507.1909113,1786615507.1899474,vesc,-0.65074840578790571,-0.65074840578790571,nan,nan,0.01,1,0,1,0,0,1786615507.1899474,nan,-0.094785523430526902,0.4062651910020742,-0.65074840578790571,-3.9905456363412952,-1.2294993503291494,13.283118026997499
1786615507.2101226,1786615507.2098541,vesc,-0.17505628628790396,-0.17505628628790396,nan,nan,0.01,1,0,1,0,0,1786615507.2098541,nan,0.49515901147539715,0.41457408715555327,-0.17505628628790396,-3.7178741713211991,-0.45479988814177119,8.4165761256235783
1786615507.2302725,1786615507.2298613,vesc,0.18325129901526852,0.18325129901526852,nan,nan,0.01,1,0,1,0,0,1786615507.2298613,nan,0.2277965131856676,-0.2692259786834853,0.18325129901526852,-0.25759975439981275,3.1542563526990932,5.8369411747928552
1786615507.2504182,1786615507.2499318,vesc,0.094898399848854231,0.094898399848854231,nan,nan,0.01,1,0,1,0,0,1786615507.2499318,nan,-0.12272957340602397,-0.2988159953707058,0.094898399848854231,-1.2385607808133727,3.262874235305361,8.1969681449193672
1786615507.2663474,1786615507.265002,vesc,0.14917059351892917,0.14917059351892917,nan,nan,0.01,1,0,1,0,0,1786615507.265002,nan,-0.58465700333151827,-0.28724396122306622,0.14917059351892917,-0.613725316028642,1.9128661041104635,4.3396171167052557
1786615507.2919967,1786615507.2916503,vesc,0.44069879863236266,0.44069879863236266,nan,nan,0.01,1,0,1,0,0,1786615507.2916503,nan,-1.5511631037646689,-0.96553817453496138,0.44069879863236266,-1.9957460041175636,-0.195292223738047,4.5380985216318663
1786615507.3101707,1786615507.3097959,vesc,0.34466321235328778,0.34466321235328778,nan,nan,0.01,1,0,1,0,0,1786615507.3097959,nan,-1.0131072250308204,-0.99297705614118392,0.34466321235328778,0.25576347279070788,-2.0039169036198246,12.698511042171504
1786615507.3303092,1786615507.3298116,vesc,-0.27391370812375637,-0.27391370812375637,nan,nan,0.01,1,0,1,0,0,1786615507.3298116,nan,1.383737756040494,0.18580713471341756,-0.27391370812375637,5.5554550317996245,-3.290782119725975,22.773909574947083
1786615507.3502183,1786615507.3498366,vesc,-0.23145811001317437,-0.23145811001317437,nan,nan,0.01,1,0,1,0,0,1786615507.3498366,nan,0.11014710265129472,-0.26065442826749707,-0.23145811001317437,6.8220754322862831,-0.37710018288316149,11.587095632273304
1786615507.3705125,1786615507.3701398,vesc,-0.61837468668176621,-0.61837468668176621,nan,nan,0.01,1,0,1,0,0,1786615507.3701398,nan,-0.26245775451013065,-0.68998289391528012,-0.61837468668176621,5.3017203602016139,-0.093206192926349019,3.9820546017683682
1786615507.3902731,1786615507.3898268,vesc,-0.98815460403926836,-0.98815460403926836,nan,nan,0.01,1,0,1,0,0,1786615507.3898268,nan,-0.34867619664187371,-0.74970920820832376,-0.98815460403926836,4.5356912228447754,-0.76700401442819555,5.1688552426905403
1786615507.4103084,1786615507.4099255,vesc,-1.0524915825485388,-1.0524915825485388,nan,nan,0.01,1,0,1,0,0,1786615507.4099255,nan,-0.062392866752323445,-0.17216091419552665,-1.0524915825485388,4.4082137300663362,-0.069729145991210828,9.5045336747638203
1786615507.4259546,1786615507.4252329,vesc,-1.2086556870242866,-1.2086556870242866,nan,nan,0.01,1,0,1,0,0,1786615507.4252329,nan,-0.054152663510211585,0.35237080002214061,-1.2086556870242866,4.4449275216362309,0.54003131911429136,7.1928468079470917
1786615507.4499745,1786615507.4496117,vesc,-1.4528149615530237,-1.4528149615530237,nan,nan,0.01,1,0,1,0,0,1786615507.4496117,nan,-0.1503543852682262,0.69923924291606854,-1.4528149615530237,4.550130922516189,0.72640080102030424,5.5754308754875979
1786615507.4701459,1786615507.4697523,vesc,-1.4607387979023909,-1.4607387979023909,nan,nan,0.01,1,0,1,0,0,1786615507.4697523,nan,-1.2507468148949346,0.96770811819115776,-1.4607387979023909,5.8937813758602147,2.2605439005640449,8.6467903712534735
1786615507.4855516,1786615507.4849854,vesc,-1.0079110648489396,-1.0079110648489396,nan,nan,0.01,1,0,1,0,0,1786615507.4849854,nan,1.2453246189155331,0.0056191195771072245,-1.0079110648489396,2.5729191310058184,3.1841581377424859,16.097695282236941
1786615507.5101585,1786615507.5096684,vesc,-0.4791531802974256,-0.4791531802974256,nan,nan,0.01,1,0,1,0,0,1786615507.5096684,nan,-0.38446109220926844,-0.28342458874572912,-0.4791531802974256,2.5594322351657297,3.7407022869264495,13.981682571991996
1786615507.5299835,1786615507.5296581,vesc,-0.50459166174034875,-0.50459166174034875,nan,nan,0.01,1,0,1,0,0,1786615507.5296581,nan,0.03239097555776535,-0.07243307976927385,-0.50459166174034875,1.8923074391774009,2.263489435574968,7.550769511383578
1786615507.5500915,1786615507.5496197,vesc,-0.53890582659574737,-0.53890582659574737,nan,nan,0.01,1,0,1,0,0,1786615507.5496197,nan,-0.098240234253226547,0.018206948383084304,-0.53890582659574737,2.3732159503163643,1.8110616898346734,6.5731652985294886
1786615507.5699804,1786615507.5696359,vesc,-0.48050956153011659,-0.48050956153011659,nan,nan,0.01,1,0,1,0,0,1786615507.5696359,nan,-0.040329388552911592,0.088357701178754841,-0.48050956153011659,2.9194564279976021,2.1195508605875943,9.4211003357715413
1786615507.5899715,1786615507.5896564,vesc,-0.3028190260947175,-0.3028190260947175,nan,nan,0.01,1,0,1,0,0,1786615507.5896564,nan,-0.055198145652771036,0.070835807293606792,-0.3028190260947175,2.601300347553746,1.8762999547421089,10.815507546757885
1786615507.6099064,1786615507.6096022,vesc,-0.2102730297262439,-0.2102730297262439,nan,nan,0.01,1,0,1,0,0,1786615507.6096022,nan,0.035333835141330157,0.020519456461978773,-0.2102730297262439,2.6826547089318638,1.5947677649236454,10.413312648115038
1786615507.6301363,1786615507.6297688,vesc,-0.20581974168568382,-0.20581974168568382,nan,nan,0.01,1,0,1,0,0,1786615507.6297688,nan,-0.13410652268143683,0.038617038389828696,-0.20581974168568382,2.5067403414204534,1.3349144204247807,9.074032988658189
1786615507.6500607,1786615507.6495652,vesc,-0.24221398515524553,-0.24221398515524553,nan,nan,0.01,1,0,1,0,0,1786615507.6495652,nan,-0.054845093716010596,0.024866376184125391,-0.24221398515524553,2.4082770263113957,0.6850582071615321,8.4819140855621526
1786615507.6706309,1786615507.6699548,vesc,-0.29350195702107534,-0.29350195702107534,nan,nan,0.01,1,0,1,0,0,1786615507.6699548,nan,0.12899247940729286,-0.041042395839320671,-0.29350195702107534,2.4861210116224015,0.19934511180561998,9.1952890437162864
1786615507.6900523,1786615507.6896369,vesc,-0.26613952478289477,-0.26613952478289477,nan,nan,0.01,1,0,1,0,0,1786615507.6896369,nan,-0.076939239879850393,-0.060290771286085849,-0.26613952478289477,2.5954706732988768,0.30713020468696328,10.083082943914746
1786615507.7101545,1786615507.7097111,vesc,-0.19704222904889168,-0.19704222904889168,nan,nan,0.01,1,0,1,0,0,1786615507.7097111,nan,-0.012762186274633757,0.00024379575303994124,-0.19704222904889168,3.0174145436526771,0.2497396344227738,10.049555007929371
1786615507.730083,1786615507.7297049,vesc,-0.16260198016063476,-0.16260198016063476,nan,nan,0.01,1,0,1,0,0,1786615507.7297049,nan,0.012402599190229614,0.020391323043437735,-0.16260198016063476,2.8573587027514407,0.29938311870234102,9.401108704600631
1786615507.7502012,1786615507.7497873,vesc,-0.21720763488870126,-0.21720763488870126,nan,nan,0.01,1,0,1,0,0,1786615507.7497873,nan,-0.0050684662889494076,-0.0050283467033949347,-0.21720763488870126,2.3142115484630637,-0.10818942786100649,9.5565154241377286
1786615507.7699416,1786615507.7695889,vesc,-0.21906497336719294,-0.21906497336719294,nan,nan,0.01,1,0,1,0,0,1786615507.7695889,nan,0.0077388132326340056,0.040783182880282688,-0.21906497336719294,2.3342837250330319,-0.23840904562715792,9.8869369170196251
1786615507.7897646,1786615507.7894576,vesc,-0.20961676025462112,-0.20961676025462112,nan,nan,0.01,1,0,1,0,0,1786615507.7894576,nan,-0.0051559251233259905,0.045018861531458849,-0.20961676025462112,2.4248242087744956,0.054770834814338087,9.5199282247921246
1786615507.8103144,1786615507.8096478,vesc,-0.19450293823901477,-0.19450293823901477,nan,nan,0.01,1,0,1,0,0,1786615507.8096478,nan,0.01597298691159036,0.02686867801089067,-0.19450293823901477,2.3868437640597051,0.1027495070911435,9.4908687311994981
1786615507.8304913,1786615507.8298347,vesc,-0.15529090388858111,-0.15529090388858111,nan,nan,0.01,1,0,1,0,0,1786615507.8298347,nan,-0.0015323438800828133,0.026763283410750783,-0.15529090388858111,2.156375749259638,0.21758851678440827,9.5363787820124344
1786615507.8500278,1786615507.8496766,vesc,-0.12543962277604542,-0.12543962277604542,nan,nan,0.01,1,0,1,0,0,1786615507.8496766,nan,0.0013134044705998282,0.022421972971650148,-0.12543962277604542,2.0799089294740867,0.17451936797745304,9.5209947569727547
1786615507.8699903,1786615507.8696535,vesc,-0.11042445423406966,-0.11042445423406966,nan,nan,0.01,1,0,1,0,0,1786615507.8696535,nan,0.018181552645376877,-0.013837505184077803,-0.11042445423406966,2.1460099510879473,0.0066476266694408537,9.6027552074953064
1786615507.8899534,1786615507.8895617,vesc,-0.099739785361644503,-0.099739785361644503,nan,nan,0.01,1,0,1,0,0,1786615507.8895617,nan,0.022317377319837284,-0.020257830013202912,-0.099739785361644503,2.0325175369444963,-0.036124209481418035,9.4767593992265802
1786615507.9100192,1786615507.9096303,vesc,-0.068965706447828734,-0.068965706447828734,nan,nan,0.01,1,0,1,0,0,1786615507.9096303,nan,0.011303147464001326,-0.017144741380819697,-0.068965706447828734,1.9108084688343467,-0.10842134306174245,9.6428004503256943
1786615507.9300582,1786615507.9296153,vesc,-0.042339925373110106,-0.042339925373110106,nan,nan,0.01,1,0,1,0,0,1786615507.9296153,nan,0.0099256117856983284,-0.014020503882263677,-0.042339925373110106,1.9446173635438413,-0.026927671764745753,9.6194642116585101
1786615507.9499946,1786615507.9495907,vesc,-0.028506024819179614,-0.028506024819179614,nan,nan,0.01,1,0,1,0,0,1786615507.9495907,nan,0.007632809538424495,-0.0097966117995057136,-0.028506024819179614,2.0687565345831018,0.030458549632616183,9.6546071486761775
1786615507.9701755,1786615507.9697576,vesc,-0.028542724427357665,-0.028542724427357665,nan,nan,0.01,1,0,1,0,0,1786615507.9697576,nan,0.002306853022767254,-0.00020909975746325266,-0.028542724427357665,2.0260424762343803,0.078450231964804829,9.6207026519866758
1786615507.9899976,1786615507.9895287,vesc,-0.025357833434975094,-0.025357833434975094,nan,nan,0.01,1,0,1,0,0,1786615507.9895287,nan,0.00013898996117231511,0.0051086810617069055,-0.025357833434975094,1.9535226733634659,0.15014833654845994,9.6775294044574593
1786615508.0101342,1786615508.0097771,vesc,-0.021169184544174043,-0.021169184544174043,nan,nan,0.01,1,0,1,0,0,1786615508.0097771,nan,-0.0063021330117392811,0.0061626910413897637,-0.021169184544174043,1.7060869150965061,0.097839289264404883,9.5355648495587957
1786615508.0304716,1786615508.029712,vesc,-0.00199295020421679,-0.00199295020421679,nan,nan,0.01,1,0,1,0,0,1786615508.029712,nan,-0.0065270203210396598,0.0071764165483959698,-0.00199295020421679,1.6815204222034197,0.011478048271658992,9.587739557057489
1786615508.050348,1786615508.049583,vesc,0.001236188923595693,0.001236188923595693,nan,nan,0.01,1,0,1,0,0,1786615508.049583,nan,-0.004434120042643948,0.010363542619529339,0.001236188923595693,1.5420570139070833,0.016143688020722635,9.6340202709263849
1786615508.0700619,1786615508.0696418,vesc,0.0012908495247465936,0.0012908495247465936,nan,nan,0.01,1,0,1,0,0,1786615508.0696418,nan,-0.0012385467574279839,0.016755005440340715,0.0012908495247465936,1.3073050363759933,-0.036552042959989706,9.6359147688788198
1786615508.0900655,1786615508.0896964,vesc,0.0055872578715265991,0.0055872578715265991,nan,nan,0.01,1,0,1,0,0,1786615508.0896964,nan,0.0029722430409005757,0.011417116194494505,0.0055872578715265991,1.1733056320700186,-0.022151994721415491,9.6248015503343822
1786615508.1107128,1786615508.1096666,vesc,0.0056843441372735485,0.0056843441372735485,nan,nan,0.01,1,0,1,0,0,1786615508.1096666,nan,0.011493772581699455,0.010351587522948404,0.0056843441372735485,0.86292949165513733,0.049926964615544023,9.5399175170766739
1786615508.1258454,1786615508.1253831,vesc,0.0078243495975986871,0.0078243495975986871,nan,nan,0.01,1,0,1,0,0,1786615508.1253831,nan,0.012533976255754585,0.0092805671219513153,0.0078243495975986871,0.69439072919303868,0.08804646343351763,9.6146893751524658
1786615508.1498828,1786615508.149488,vesc,0.012050480400148,0.012050480400148,nan,nan,0.01,1,0,1,0,0,1786615508.149488,nan,0.0092884276083562527,0.010334476712944646,0.012050480400148,0.49733849346831605,0.097478205409871066,9.6698882627159719
1786615508.1697772,1786615508.1694176,vesc,0.0013918402863378162,0.0013918402863378162,nan,nan,0.01,1,0,1,0,0,1786615508.1694176,nan,0.0083481736183685581,0.01249366161445621,0.0013918402863378162,0.31166344154093295,0.11211163065315688,9.5719427185750874
1786615508.1897702,1786615508.1894591,vesc,0.0045970326805457404,0.0045970326805457404,nan,nan,0.01,1,0,1,0,0,1786615508.1894591,nan,0.0093758833218409339,0.011419778315287286,0.0045970326805457404,0.14284382999001366,0.025626154595030926,9.6703279733518457
1786615508.2098179,1786615508.2095301,vesc,0.002473425426573304,0.002473425426573304,nan,nan,0.01,1,0,1,0,0,1786615508.2095301,nan,0.010466062878227081,0.0092949492321350458,0.002473425426573304,0.00038847440652745036,0.12650436987185287,9.5635390998799039
1786615508.2299352,1786615508.2295566,vesc,0.0034626092799560503,0.0034626092799560503,nan,nan,0.01,1,0,1,0,0,1786615508.2295566,nan,0.0029972304619174345,0.013553363580820463,0.0034626092799560503,-0.21604731858033688,0.078404952586659249,9.6375180754793064
1786615508.2499411,1786615508.2495375,vesc,-0.0018344355531913434,-0.0018344355531913434,nan,nan,0.01,1,0,1,0,0,1786615508.2495375,nan,0.0062552728198241956,0.010371796338313984,-0.0018344355531913434,-0.20669261367349989,0.073563128913431086,9.6567764657760335
1786615508.2697902,1786615508.2695293,vesc,-0.012488130353707791,-0.012488130353707791,nan,nan,0.01,1,0,1,0,0,1786615508.2695293,nan,0.0074454020602777778,0.0050740901361575981,-0.012488130353707791,-0.32553650944628743,0.15520323642368794,9.5789558693286381
1786615508.2853496,1786615508.2849569,vesc,-0.010475925936936081,-0.010475925936936081,nan,nan,0.01,1,0,1,0,0,1786615508.2849569,nan,-0.0021663062566842734,0.0029381449561975293,-0.010475925936936081,-0.15411817587766663,0.054375636109522674,9.6669225548101849
1786615508.3101163,1786615508.3095703,vesc,0.0033772346812216444,0.0033772346812216444,nan,nan,0.01,1,0,1,0,0,1786615508.3095703,nan,-0.0023287247533681802,0.0050314462692027046,0.0033772346812216444,-0.28693794092039582,0.0067757537879060692,9.5550571284916259
1786615508.3302875,1786615508.3294771,vesc,0.01301649943338491,0.01301649943338491,nan,nan,0.01,1,0,1,0,0,1786615508.3294771,nan,-0.0013759788733923326,0.019919294384978001,0.01301649943338491,-0.61359324203944254,0.0065671543605816396,9.632661377950626
1786615508.350116,1786615508.3497465,vesc,0.0033332457098568008,0.0033332457098568008,nan,nan,0.01,1,0,1,0,0,1786615508.3497465,nan,-0.0033939153282915181,-0.0066863850249970326,0.0033332457098568008,-0.14352752484569731,0.054607039678867153,9.5808199617583796
1786615508.3698983,1786615508.3694825,vesc,-0.0018919591825512418,-0.0018919591825512418,nan,nan,0.01,1,0,1,0,0,1786615508.3694825,nan,0.003059700054756882,0.0029150722023628156,-0.0018919591825512418,-0.25949180383058845,0.068749006425541381,9.6657250449933372
1786615508.3852642,1786615508.3849099,vesc,0.00021525017390675301,0.00021525017390675301,nan,nan,0.01,1,0,1,0,0,1786615508.3849099,nan,-0.00016086169177324127,0.0082357502495157345,0.00021525017390675301,-0.41158278649993107,0.10734437725523627,9.5634467138686432
1786615508.4053426,1786615508.4049377,vesc,-0.0008585268036270993,-0.0008585268036270993,nan,nan,0.01,1,0,1,0,0,1786615508.4049377,nan,-0.00014836720104183631,0.0050428312828627933,-0.0008585268036270993,-0.4557575890164145,0.1358412590427367,9.6540224270859198
1786615508.4258955,1786615508.425256,vesc,0.0023438023022975016,0.0023438023022975016,nan,nan,0.01,1,0,1,0,0,1786615508.425256,nan,0.00087934250243053844,0.0029036882290000275,0.0023438023022975016,-0.50748929682028887,0.088161543951500221,9.5718503325638267
1786615508.4498744,1786615508.4494784,vesc,-0.00091214645729137476,-0.00091214645729137476,nan,nan,0.01,1,0,1,0,0,1786615508.4494784,nan,-0.0022787488710371622,-0.0056097064469808255,-0.00091214645729137476,-0.36909333433206726,0.083251271307112518,9.6165745175594566
1786615508.4697051,1786615508.4693863,vesc,-0.00088533669547781837,-0.00088533669547781837,nan,nan,0.01,1,0,1,0,0,1786615508.4693863,nan,-0.0012135582961138242,-0.00028343732198469102,-0.00088533669547781837,-0.20635555822181573,0.059270303996470375,9.6279999774330918
1786615508.4903815,1786615508.4896162,vesc,0.00022019511334364655,0.00022019511334364655,nan,nan,0.01,1,0,1,0,0,1786615508.4896162,nan,0.0019695210185193849,0.00077885914584778699,0.00022019511334364655,-0.18195757478202168,0.016262349958445554,9.5898468936687777
1786615508.5099404,1786615508.5094926,vesc,-0.00086034914442379708,-0.00086034914442379708,nan,nan,0.01,1,0,1,0,0,1786615508.5094926,nan,0.00091682389403015165,-0.00028350494130924384,-0.00086034914442379708,-0.14442640638287063,0.10230129971966129,9.6575833815705892
1786615508.5297663,1786615508.529443,vesc,0.00020770137032592652,0.00020770137032592652,nan,nan,0.01,1,0,1,0,0,1786615508.529443,nan,0.00090432992344739716,0.00077889243536141293,0.00020770137032592652,-0.23988353075229085,0.059271327259253326,9.6276058750812581
1786615508.5496726,1786615508.5493491,vesc,0.0012546685047729958,0.0012546685047729958,nan,nan,0.01,1,0,1,0,0,1786615508.5493491,nan,-0.00017335514220734541,-0.0013544577229817802,0.0012546685047729958,-0.14380842875216704,0.088072848995278008,9.6048590357770536
1786615508.5700424,1786615508.5696685,vesc,0.00021446866681416318,0.00021446866681416318,nan,nan,0.01,1,0,1,0,0,1786615508.5696685,nan,0.0019695210185193849,-0.0013516614038371971,0.00021446866681416318,0.003942243211028984,0.0687407106879796,9.6688147138762588
1786615508.5897892,1786615508.5894444,vesc,0.00019807085057294823,0.00019807085057294823,nan,nan,0.01,1,0,1,0,0,1786615508.5894444,nan,-0.00016086117162459086,0.0018441870400148319,0.00019807085057294823,0.00044465792870385101,0.097777107777790917,9.5586730468057794
1786615508.6098413,1786615508.6094747,vesc,0.002313088564788322,0.002313088564788322,nan,nan,0.01,1,0,1,0,0,1786615508.6094747,nan,-0.0012510396877134374,0.00077323425834229539,0.002313088564788322,0.052007879119972955,0.068777840508960963,9.6550070982439138
1786615508.6303039,1786615508.6298432,vesc,-0.0019351668906431761,-0.0019351668906431761,nan,nan,0.01,1,0,1,0,0,1786615508.6298432,nan,-0.00013587375060773214,0.00078465256151601006,-0.0019351668906431761,0.061755836705082778,0.097556284014720163,9.6408275996801649
1786615508.6497118,1786615508.6493504,vesc,-0.001940893467209822,-0.001940893467209822,nan,nan,0.01,1,0,1,0,0,1786615508.6493504,nan,-0.00013587375060773214,-0.0013458690284662747,-0.001940893467209822,0.076574390285609084,0.10244885055845288,9.6026920575635586
1786615508.6652179,1786615508.6647325,vesc,-0.00087180203748276372,-0.00087180203748276372,nan,nan,0.01,1,0,1,0,0,1786615508.6647325,nan,0.00091682389403015165,-0.0045445470809765123,-0.00087180203748276372,0.089988479151435818,0.063909338913177294,9.6841823667114113
1786615508.6914611,1786615508.6899717,vesc,0.0012575316630191562,0.0012575316630191562,nan,nan,0.01,1,0,1,0,0,1786615508.6899717,nan,-0.00017335514220734541,-0.0002891974481392882,0.0012575316630191562,0.034759128963518515,0.11711637237947059,9.4920615632436238
1786615508.710139,1786615508.709691,vesc,0.0012575316630191562,0.0012575316630191562,nan,nan,0.01,1,0,1,0,0,1786615508.709691,nan,-0.00017335514220734541,-0.0002891974481392882,0.0012575316630191562,0.066320831250423318,0.059184459558000668,9.6599398095793276
1786615508.7320569,1786615508.7313671,vesc,0.00018661795751398149,0.00018661795751398149,nan,nan,0.01,1,0,1,0,0,1786615508.7313671,nan,-0.00016086117162459086,-0.0024168550996524372,0.00018661795751398149,0.009574637883110082,0.092883792059520687,9.5970892552857094
1786615508.7496021,1786615508.7492511,vesc,0.0012268176654356515,0.0012268176654356515,nan,nan,0.01,1,0,1,0,0,1786615508.7492511,nan,-0.0023037368122026708,-0.0024196514187970202,0.0012268176654356515,-0.0095280200406993032,0.073737193221830921,9.5920243968708974
1786615508.7697079,1786615508.7693577,vesc,0.0012489419282063498,0.0012489419282063498,nan,nan,0.01,1,0,1,0,0,1786615508.7693577,nan,-0.00017335514220734541,-0.0034849793129640648,0.0012489419282063498,-0.019275977625809126,0.06411881542288711,9.6062553509345889
1786615508.7901542,1786615508.7893553,vesc,0.00017985066102574486,0.00017985066102574486,nan,nan,0.01,1,0,1,0,0,1786615508.7893553,nan,-0.0012260522666965789,-0.00028630022015652622,0.00017985066102574486,-0.0053000992195926244,0.083188340645961034,9.6400031422379016
1786615508.8097136,1786615508.8093328,vesc,0.0012028710618682554,0.0012028710618682554,nan,nan,0.01,1,0,1,0,0,1786615508.8093328,nan,-0.0033689284274233092,-0.006680659228653363,0.0012028710618682554,-0.07602215728871009,0.073868024677651078,9.5433404772660424
1786615508.8296771,1786615508.8293722,vesc,0.0012018302444187928,0.0012018302444187928,nan,nan,0.01,1,0,1,0,0,1786615508.8293722,nan,-0.0044341190023466466,-0.0024195837994724673,0.0012018302444187928,-0.043280699251055488,0.064106718994988654,9.6107635543954757
1786615508.8500977,1786615508.8497212,vesc,0.0033303822915363153,0.0033303822915363153,nan,nan,0.01,1,0,1,0,0,1786615508.8497212,nan,-0.0033939153282915181,-0.0077516452998395245,0.0033303822915363153,-0.1008695814970908,0.088032868656544139,9.6197331835900286
1786615508.8703957,1786615508.8695066,vesc,0.00012519010863878009,0.00012519010863878009,nan,nan,0.01,1,0,1,0,0,1786615508.8695066,nan,-0.0044216250317638921,-0.0066777630409679016,0.00012519010863878009,-0.14876666683950557,0.049714199046889007,9.6190689398634959
1786615508.8898337,1786615508.8894033,vesc,-0.00096108061191279215,-0.00096108061191279215,nan,nan,0.01,1,0,1,0,0,1786615508.8894033,nan,-0.0054743226764017768,-0.0098706476778099156,-0.00096108061191279215,-0.11501399676542423,0.088084835787878291,9.600405796145651
1786615508.9063163,1786615508.9050252,vesc,-0.002047351251191138,-0.002047351251191138,nan,nan,0.01,1,0,1,0,0,1786615508.9050252,nan,-0.0065270192807423593,-0.013063534395246533,-0.002047351251191138,-0.15355636806472717,0.054504384494677538,9.6190256704658168
1786615508.9298053,1786615508.9294353,vesc,-0.0020377206989288686,-0.0020377206989288686,nan,nan,0.01,1,0,1,0,0,1786615508.9294353,nan,-0.0054618287058190215,-0.014128827959602651,-0.0020377206989288686,-0.096136040953358481,0.097599882318293751,9.6246050838800556
1786615508.9498467,1786615508.9494836,vesc,-0.00099075366200967172,-0.00099075366200967172,nan,nan,0.01,1,0,1,0,0,1786615508.9494836,nan,-0.0065395132513251146,-0.016262178117945843,-0.00099075366200967172,-0.048519850381138596,0.068793883807593659,9.6490382602505633
1786615508.9698665,1786615508.9694293,vesc,-0.002080928407020803,-0.002080928407020803,nan,nan,0.01,1,0,1,0,0,1786615508.9694293,nan,-0.0086574014708863355,-0.016259248640746755,-0.002080928407020803,-0.014149193540078819,0.092936015006550576,9.5776496012960024
1786615508.9899344,1786615508.9895191,vesc,-0.0010186043713098533,-0.0010186043713098533,nan,nan,0.01,1,0,1,0,0,1786615508.9895191,nan,-0.0086698954414690908,-0.017327371813761084,-0.0010186043713098533,0.037470218025572821,0.039999524911049633,9.6691304635349979
1786615509.0097642,1786615509.009342,vesc,8.6927372493030239e-05,8.6927372493030239e-05,nan,nan,0.01,1,0,1,0,0,1786615509.009342,nan,-0.0054868166469845304,-0.016265074305631306,8.6927372493030239e-05,0.00044465792870385101,0.092987105055499342,9.5586601829307938
1786615509.0297134,1786615509.0293441,vesc,7.7296852740051924e-05,7.7296852740051924e-05,nan,nan,0.01,1,0,1,0,0,1786615509.0293441,nan,-0.0065520072219078674,-0.015199780741275188,7.7296852740051924e-05,0.0089004904346423608,0.059199150687955893,9.6544761710399598
1786615509.0496609,1786615509.0493248,vesc,-0.0020137740953614725,-0.0020137740953614725,nan,nan,0.01,1,0,1,0,0,1786615509.0493248,nan,-0.0043966370905983831,-0.0098678201497463085,-0.0020137740953614725,0.0091252062507982679,0.064040645455289535,9.6353300472885621
1786615509.0696952,1786615509.0693636,vesc,-0.0030693311271678013,-0.0030693311271678013,nan,nan,0.01,1,0,1,0,0,1786615509.0693636,nan,-0.0033189535853895922,-0.010930250815930591,-0.0030693311271678013,-0.03392600348049335,0.03531473552990505,9.6299576253172745
1786615509.0898049,1786615509.0893059,vesc,-0.00095821732362946917,-0.00095821732362946917,nan,nan,0.01,1,0,1,0,0,1786615509.0893059,nan,-0.0054743226764017768,-0.0088053874029674246,-0.00095821732362946917,0.013240764595689569,0.059096020417474193,9.6928491101222107
1786615509.1095221,1786615509.1092346,vesc,0.00010696991909157669,0.00010696991909157669,nan,nan,0.01,1,0,1,0,0,1786615509.1092346,nan,-0.0054868166469845304,-0.0088082503011392595,0.00010696991909157669,-0.061259782662222761,0.069167667084165885,9.5099680772236752
1786615509.1295586,1786615509.1292877,vesc,-0.0020080477788691521,-0.0020080477788691521,nan,nan,0.01,1,0,1,0,0,1786615509.1292877,nan,-0.0043966370905983831,-0.0077372975194667229,-0.0020080477788691521,-0.010426883305322932,0.044791062527515635,9.6685819946833362
1786615509.1497235,1786615509.1493819,vesc,-0.0020012803848530438,-0.0020012803848530438,nan,nan,0.01,1,0,1,0,0,1786615509.1493819,nan,-0.0033314465156750457,-0.0098678534392599333,-0.0020012803848530438,-0.033757466618376419,0.064093526214108465,9.6156658602081961
1786615509.1697478,1786615509.1693144,vesc,-0.0019955540683607225,-0.0019955540683607225,nan,nan,0.01,1,0,1,0,0,1786615509.1693144,nan,-0.0033314465156750457,-0.0077373308089803486,-0.0019955540683607225,-0.018995082855614243,0.068973210610305813,9.5823191879158003
1786615509.189759,1786615509.1893768,vesc,-0.0019898274917940768,-0.0019898274917940768,nan,nan,0.01,1,0,1,0,0,1786615509.1893768,nan,-0.0033314465156750457,-0.005606810259295365,-0.0019898274917940768,-0.034206898250688234,0.049620460866950822,9.6539440743928253
1786615509.209857,1786615509.2095287,vesc,-0.00091214645729137476,-0.00091214645729137476,nan,nan,0.01,1,0,1,0,0,1786615509.2095287,nan,-0.0022787488710371622,-0.0056097064469808255,-0.00091214645729137476,0.0040546056872443614,0.087926558962415413,9.6592872602846001
1786615509.2302949,1786615509.2298827,vesc,-0.0030425211052799201,-0.0030425211052799201,nan,nan,0.01,1,0,1,0,0,1786615509.2298827,nan,-0.0022537619701689538,-0.005603980650637155,-0.0030425211052799201,-0.019163619717731173,0.049774498460884331,9.59663668077485
1786615509.2500882,1786615509.2493017,vesc,0.00015876724821379981,0.00015876724821379981,nan,nan,0.01,1,0,1,0,0,1786615509.2493017,nan,-0.0022912428416199163,-0.0034820487954676767,0.00015876724821379981,-0.00039803095001822442,0.049683756979096216,9.6303891498508847
1786615509.2655141,1786615509.2648997,vesc,0.0012403523234307059,0.0012403523234307059,nan,nan,0.01,1,0,1,0,0,1786615509.2648997,nan,-0.00017335462205869502,-0.0066807611777888421,0.0012403523234307059,-0.00011713617982334057,0.078488275413270969,9.6065184756502049
1786615509.2904925,1786615509.2895954,vesc,0.0012421747942645664,0.0012421747942645664,nan,nan,0.01,1,0,1,0,0,1786615509.2895954,nan,-0.0012385462372793334,-0.0013544244334681541,0.0012421747942645664,0.0038860642569900072,0.03519768157655534,9.6735147060187501
1786615509.3094461,1786615509.3091228,vesc,0.00016163047147854149,0.00016163047147854149,nan,nan,0.01,1,0,1,0,0,1786615509.3091228,nan,-0.0022912428416199163,-0.0024167885206251853,0.00016163047147854149,0.023775232105482491,0.073684641368906512,9.6115763174059339
1786615509.3298309,1786615509.3293841,vesc,0.00017126099123151978,0.00017126099123151978,nan,nan,0.01,1,0,1,0,0,1786615509.3293841,nan,-0.0012260522666965789,-0.0034820820849813029,0.00017126099123151978,0.023775232105482491,0.059314596656932395,9.6115377257809769
1786615509.349514,1786615509.3491218,vesc,-0.00089678945849962254,-0.00089678945849962254,nan,nan,0.01,1,0,1,0,0,1786615509.3491218,nan,-0.0012135582961138242,-0.0045444805019492608,-0.00089678945849962254,0.033523187406523602,0.07372294063306839,9.597319635592271
1786615509.3701386,1786615509.3693008,vesc,0.00017802828771975641,0.00017802828771975641,nan,nan,0.01,1,0,1,0,0,1786615509.3693008,nan,-0.00016086065147594044,-0.0056126380047745146,0.00017802828771975641,0.080689962334912657,0.0543940182945164,9.6600953455223362
1786615509.3896878,1786615509.3892689,vesc,-0.0019648400707772181,-0.0019648400707772181,nan,nan,0.01,1,0,1,0,0,1786615509.3892689,nan,-0.0012010643255310697,-0.0056068768383226164,-0.0019648400707772181,0.12046830716817247,0.07388757630582532,9.5360642017968758
1786615509.4097412,1786615509.4093351,vesc,0.0012125016141305244,0.0012125016141305244,nan,nan,0.01,1,0,1,0,0,1786615509.4093351,nan,-0.0023037368122026708,-0.0077459548736040825,0.0012125016141305244,0.19040384160819457,0.05428756241999011,9.6997055554895724
1786615509.4297762,1786615509.4293878,vesc,-0.0009025159050291058,-0.0009025159050291058,nan,nan,0.01,1,0,1,0,0,1786615509.4293878,nan,-0.0012135577759651739,-0.006675002091931545,-0.0009025159050291058,0.12013123344393861,0.059440275253738406,9.5647635068899035
1786615509.4494462,1786615509.4491858,vesc,0.00015199995172556318,0.00015199995172556318,nan,nan,0.01,1,0,1,0,0,1786615509.4491858,nan,-0.0033564344568405551,-0.0013514939159717662,0.00015199995172556318,0.047948504297258054,0.049785279265204707,9.5926336767679459
1786615509.4700615,1786615509.4694147,vesc,-0.0019169468636424257,-0.0019169468636424257,nan,nan,0.01,1,0,1,0,0,1786615509.4694147,nan,0.00092931734446425576,0.0029151398216873681,-0.0019169468636424257,-0.09630458695175026,0.054451065194665915,9.638858257364177
1786615509.4894924,1786615509.4892032,vesc,0.001291108818848821,0.001291108818848821,nan,nan,0.01,1,0,1,0,0,1786615509.4892032,nan,0.0019570270479366309,0.0029065178376582366,0.001291108818848821,-0.21971344986105379,0.059502475012902067,9.5416167180179627
1786615509.5094461,1786615509.5091565,vesc,0.00019520762730820652,0.00019520762730820652,nan,nan,0.01,1,0,1,0,0,1786615509.5091565,nan,-0.00016086117162459086,0.00077892676517233987,0.00019520762730820652,-0.14470731028934036,0.078286802280327805,9.6814680890894351
1786615509.5293212,1786615509.5290248,vesc,0.0023073619882216763,0.0023073619882216763,nan,nan,0.01,1,0,1,0,0,1786615509.5290248,nan,-0.0012510396877134374,-0.0013572873316399895,0.0023073619882216763,-0.10447952468749389,0.059563249513189476,9.5190160591113226
1786615509.5495422,1786615509.5492256,vesc,0.00016449369474328318,0.00016449369474328318,nan,nan,0.01,1,0,1,0,0,1786615509.5492256,nan,-0.0022912428416199163,-0.0013515272054853921,0.00016449369474328318,-0.043393066295408289,0.059290915432526958,9.6203295996120914
1786615509.5695047,1786615509.5691795,vesc,0.00017126099123151978,0.00017126099123151978,nan,nan,0.01,1,0,1,0,0,1786615509.5691795,nan,-0.0012260522666965789,-0.0034820820849813029,0.00017126099123151978,0.0091813852048372446,0.044893425350910121,9.6304885525212285
1786615509.5893638,1786615509.5890357,vesc,0.0012546685047729958,0.0012546685047729958,nan,nan,0.01,1,0,1,0,0,1786615509.5890357,nan,-0.00017335514220734541,-0.0013544577229817802,0.0012546685047729958,0.019041700698025021,0.064117609434607203,9.6067044171159068
1786615509.6094272,1786615509.6090627,vesc,0.00017698743776100315,0.00017698743776100315,nan,nan,0.01,1,0,1,0,0,1786615509.6090627,nan,-0.0012260522666965789,-0.001351561535296319,0.00017698743776100315,0.047667600390788323,0.064090931512051696,9.6166201258434967
1786615509.6301062,1786615509.6292939,vesc,0.0012364482176979203,0.0012364482176979203,nan,nan,0.01,1,0,1,0,0,1786615509.6292939,nan,-0.0012385462372793334,-0.0034849449831531381,0.0012364482176979203,0.052288783026442687,0.059262154439306158,9.6310335130433486
1786615509.6494398,1786615509.6490784,vesc,0.00017022014127276652,0.00017022014127276652,nan,nan,0.01,1,0,1,0,0,1786615509.6490784,nan,-0.0022912438819172173,0.00077899334419959175,0.00017022014127276652,0.05223260407240371,0.040089206584955406,9.6357709273676164
1786615509.6695688,1786615509.6692007,vesc,-0.00092568111528642941,-0.00092568111528642941,nan,nan,0.01,1,0,1,0,0,1786615509.6692007,nan,-0.0044091310611811384,-0.001348597728286305,-0.00092568111528642941,0.023101080088877346,0.068740125966389343,9.6690392469669177
1786615509.6899991,1786615509.6894763,vesc,-0.00086711640840274296,-0.00086711640840274296,nan,nan,0.01,1,0,1,0,0,1786615509.6894763,nan,-0.00014836720104183631,0.0018470499381866669,-0.00086711640840274296,0.00050083688274282778,0.078629887673411503,9.5538315520384458
1786615509.7098811,1786615509.7092044,vesc,0.0012257768479861889,0.0012257768479861889,nan,nan,0.01,1,0,1,0,0,1786615509.7092044,nan,-0.0033689294677206097,0.0018414250506811755,0.0012257768479861889,-0.029585724751308717,0.011261518557766692,9.6682662450245971
1786615509.7297089,1786615509.7292092,vesc,0.00017985066102574486,0.00017985066102574486,nan,nan,0.01,1,0,1,0,0,1786615509.7292092,nan,-0.0012260522666965789,-0.00028630022015652622,0.00017985066102574486,-0.057930725105739711,0.06404276507105422,9.6345430120280753
1786615509.7453101,1786615509.7447796,vesc,0.0013228636338817885,0.0013228636338817885,nan,nan,0.01,1,0,1,0,0,1786615509.7447796,nan,0.005152600853301245,0.00077589533883777302,0.0013228636338817885,-0.071850424557917236,0.073726266237112981,9.5960835341504662
1786615509.7703485,1786615509.7699325,vesc,-0.00084499214563204465,-0.00084499214563204465,nan,nan,0.01,1,0,1,0,0,1786615509.7699325,nan,0.0019820149891021394,0.00078172204401962214,-0.00084499214563204465,-0.085882472781897867,0.021113711902614796,9.5670345655464644
1786615509.7899427,1786615509.7893293,vesc,0.00017985066102574486,0.00017985066102574486,nan,nan,0.01,1,0,1,0,0,1786615509.7893293,nan,-0.0012260522666965789,-0.00028630022015652622,0.00017985066102574486,-0.039446040244496494,0.049517622957264251,9.6922059163729273
1786615509.8093429,1786615509.8089867,vesc,-0.00086997969668606593,-0.00086997969668606593,nan,nan,0.01,1,0,1,0,0,1786615509.8089867,nan,-0.00014836720104183631,0.00078178966334417502,-0.00086997969668606593,-0.032296804677088176,0.078798287491405716,9.4911727864264321
1786615509.8296578,1786615509.8291857,vesc,0.00016163047147854149,0.00016163047147854149,nan,nan,0.01,1,0,1,0,0,1786615509.8291857,nan,-0.0022912428416199163,-0.0024167885206251853,0.00016163047147854149,0.042484646487293887,0.016100747528938086,9.649963289806351
1786615509.8495274,1786615509.8491011,vesc,-0.00087284285493222644,-0.00087284285493222644,nan,nan,0.01,1,0,1,0,0,1786615509.8491011,nan,-0.00014836720104183631,-0.00028347165179561784,-0.00087284285493222644,0.032905214343957434,0.064001286383245315,9.6499796620108782
1786615509.8695524,1786615509.8691177,vesc,-0.0019476606011516052,-0.0019476606011516052,nan,nan,0.01,1,0,1,0,0,1786615509.8691177,nan,-0.0012010648456797202,0.00078468585102963622,-0.0019476606011516052,0.038200548996216943,0.044956940733651862,9.6068774947066231
1786615509.88977,1786615509.8890879,vesc,0.00019234440404346486,0.00019234440404346486,nan,nan,0.01,1,0,1,0,0,1786615509.8890879,nan,-0.00016086117162459086,-0.00028633454996745305,0.00019234440404346486,0.057078493387939133,0.054471968991517628,9.6310767824410277
1786615509.9093401,1786615509.9090402,vesc,0.00019234440404346486,0.00019234440404346486,nan,nan,0.01,1,0,1,0,0,1786615509.9090402,nan,-0.00016086117162459086,-0.00028633454996745305,0.00019234440404346486,-0.032858594217477943,0.064299530939376126,9.5390310791458433
1786615509.9297786,1786615509.9293525,vesc,-0.00087674696066501203,-0.00087674696066501203,nan,nan,0.01,1,0,1,0,0,1786615509.9293525,nan,-0.0012135582961138242,0.0029123435025427851,-0.00087674696066501203,0.027778432542295839,0.035184086799581848,9.6785842422062842
1786615509.9500713,1786615509.9497595,vesc,0.0023227191170505914,0.0023227191170505914,nan,nan,0.01,1,0,1,0,0,1786615509.9497595,nan,-0.00018584859264144957,-0.00029206034631112335,0.0023227191170505914,-0.013980656677961889,0.049864472495585233,9.563164878062139
1786615509.9698679,1786615509.9695694,vesc,0.001238270558494618,0.001238270558494618,nan,nan,0.01,1,0,1,0,0,1786615509.9695694,nan,-0.0023037378524999718,0.0018413907208702485,0.001238270558494618,-0.014373909356234726,0.06893443625985185,9.5967442695474574
1786615509.9854224,1786615509.9846604,vesc,0.0012546685047729958,0.0012546685047729958,nan,nan,0.01,1,0,1,0,0,1786615509.9846604,nan,-0.00017335514220734541,-0.0013544577229817802,0.0012546685047729958,-0.019613051350042987,0.016141349134361604,9.634864608902717
1786615510.0095448,1786615510.0091553,vesc,0.00017985066102574486,0.00017985066102574486,nan,nan,0.01,1,0,1,0,0,1786615510.0091553,nan,-0.0012260522666965789,-0.00028630022015652622,0.00017985066102574486,0.018929342789947068,0.083251965664000949,9.6163347817074509
1786615510.0295937,1786615510.0290842,vesc,0.0012575316630191562,0.0012575316630191562,nan,nan,0.01,1,0,1,0,0,1786615510.0290842,nan,-0.00017335514220734541,-0.0002891974481392882,0.0012575316630191562,0.0047849320897510594,0.03540364975672361,9.5968787555132167
1786615510.0494537,1786615510.0490885,vesc,0.0023505696963136103,0.0023505696963136103,nan,nan,0.01,1,0,1,0,0,1786615510.0490885,nan,0.0019445335975025262,0.00077313334950411658,0.0023505696963136103,0.0045040373195561756,0.064079456350842889,9.620904965656905
1786615510.069557,1786615510.069232,vesc,-0.0019255363383809071,-0.0019255363383809071,nan,nan,0.01,1,0,1,0,0,1786615510.069232,nan,0.00092931734446425576,-0.00028064204313740869,-0.0019255363383809071,0.019097879652063998,0.059340470587301297,9.6019015139735302
1786615510.0894616,1786615510.0891159,vesc,0.00021056459359066821,0.00021056459359066821,nan,nan,0.01,1,0,1,0,0,1786615510.0891159,nan,0.00090432992344739716,0.001844153750501206,0.00021056459359066821,0.04225993067113798,0.039999378730652069,9.6691865968076627
1786615510.1094389,1786615510.1090708,vesc,-0.00087674696066501203,-0.00087674696066501203,nan,nan,0.01,1,0,1,0,0,1786615510.1090708,nan,-0.0012135582961138242,0.0029123435025427851,-0.00087674696066501203,0.00050083688274282778,0.078629887673411503,9.5538315520384458
1786615510.1295462,1786615510.1291707,vesc,0.00020093407383768989,0.00020093407383768989,nan,nan,0.01,1,0,1,0,0,1786615510.1291707,nan,-0.00016086117162459086,0.0029094473148573237,0.00020093407383768989,0.0232696215191317,0.030458549632616183,9.65456738760804
1786615510.1492143,1786615510.1489053,vesc,0.00018271388429048652,0.00018271388429048652,nan,nan,0.01,1,0,1,0,0,1786615510.1489053,nan,-0.0012260522666965789,0.00077896005468596581,0.00018271388429048652,-0.0048506675872808103,0.059341201489289119,9.6016208476102065
1786615510.1694262,1786615510.1689894,vesc,-0.00086711640840274296,-0.00086711640840274296,nan,nan,0.01,1,0,1,0,0,1786615510.1689894,nan,-0.00014836720104183631,0.0018470499381866669,-0.00086711640840274296,0.0043355004574392453,0.083200912160151574,9.6353253695158401
1786615510.1894369,1786615510.1890209,vesc,0.0023380759858051808,0.0023380759858051808,nan,nan,0.01,1,0,1,0,0,1786615510.1890209,nan,0.00087934250243053844,0.00077316663901774252,0.0023380759858051808,-0.047508620072162167,0.059445537748050725,9.5627976729034572
1786615510.2048285,1786615510.2042544,vesc,0.00025090902965392456,0.00025090902965392456,nan,nan,0.01,1,0,1,0,0,1786615510.2042544,nan,0.004099903468737686,0.0029093131165055194,0.00025090902965392456,0.018255190773341923,0.049567324292436155,9.6737216974617013
1786615510.2299592,1786615510.2292793,vesc,0.00019807085057294823,0.00019807085057294823,nan,nan,0.01,1,0,1,0,0,1786615510.2292793,nan,-0.00016086117162459086,0.0018441870400148319,0.00019807085057294823,-0.0089662213640346877,0.054705821082521311,9.5440748875834061
1786615510.2501307,1786615510.2496862,vesc,-0.00085175953964815321,-0.00085175953964815321,nan,nan,0.01,1,0,1,0,0,1786615510.2496862,nan,0.00091682389403015165,0.0029122769235155332,-0.00085175953964815321,0.013802558704216761,0.030484642833581432,9.6448750425279286
1786615510.270082,1786615510.2693744,vesc,0.00018557710755522823,0.00018557710755522823,nan,nan,0.01,1,0,1,0,0,1786615510.2693744,nan,-0.0012260522666965789,0.0018442203295284576,0.00018557710755522823,0.0094061010209931517,0.073685079910099205,9.6114067481447591
1786615510.2894177,1786615510.2890425,vesc,0.0012825190840360147,0.0012825190840360147,nan,nan,0.01,1,0,1,0,0,1786615510.2890425,nan,0.0019570270479366309,-0.00028926402716654019,0.0012825190840360147,0.00016376315850896717,0.040232463374568539,9.5824665377565452
1786615510.3050554,1786615510.3045411,vesc,0.00019807085057294823,0.00019807085057294823,nan,nan,0.01,1,0,1,0,0,1786615510.3045411,nan,-0.00016086117162459086,0.0018441870400148319,0.00019807085057294823,0.02800315292658917,0.054395662823988999,9.6594778795230241
1786615510.3255315,1786615510.3251643,vesc,0.0012575316630191562,0.0012575316630191562,nan,nan,0.01,1,0,1,0,0,1786615510.3251643,nan,-0.00017335514220734541,-0.0002891974481392882,0.0012575316630191562,-0.028237420718098427,0.05468067805414023,9.553430433027529
1786615510.3494449,1786615510.3490081,vesc,0.00021056459359066821,0.00021056459359066821,nan,nan,0.01,1,0,1,0,0,1786615510.3490081,nan,0.00090432992344739716,0.001844153750501206,0.00021056459359066821,0.013858737658255738,0.05444759341022376,9.6401504920786465
1786615510.3654721,1786615510.3650842,vesc,0.00019520762730820652,0.00019520762730820652,nan,nan,0.01,1,0,1,0,0,1786615510.3650842,nan,-0.00016086117162459086,0.00077892676517233987,0.00019520762730820652,-0.00062274676617413149,0.049632264934054149,9.649548137477268
1786615510.3906167,1786615510.3902807,vesc,0.0012632581095486394,0.0012632581095486394,nan,nan,0.01,1,0,1,0,0,1786615510.3902807,nan,-0.00017335514220734541,0.0018413241418429966,0.0012632581095486394,-0.013587394863414204,0.073904679412340357,9.5297012614516916
1786615510.4049337,1786615510.4044211,vesc,0.0012661213978319625,0.0012661213978319625,nan,nan,0.01,1,0,1,0,0,1786615510.4044211,nan,-0.00017335514220734541,0.0029065844166854889,0.0012661213978319625,0.0036613484408341002,0.035146189531513272,9.6926725242019529
1786615510.4250307,1786615510.4245508,vesc,0.0012536276873235332,0.0012536276873235332,nan,nan,0.01,1,0,1,0,0,1786615510.4245508,nan,-0.0012385462372793334,0.002906617706199115,0.0012536276873235332,-0.0096403779487772567,0.078501468194151158,9.6016161698374844
1786615510.4496069,1786615510.4490643,vesc,0.00020483814706118484,0.00020483814706118484,nan,nan,0.01,1,0,1,0,0,1786615510.4490643,nan,0.00090432992344739716,-0.00028636783948107899,0.00020483814706118484,-0.0096965569028162335,0.044958439082726898,9.6063161619799757
1786615510.4700103,1786615510.4696405,vesc,-0.0019755114404889497,-0.0019755114404889497,nan,nan,0.01,1,0,1,0,0,1786615510.4696405,nan,-0.0033314465156750457,-0.00028050784478560387,-0.0019755114404889497,-0.00090364610450643923,0.068727992993391496,9.673548619870985
1786615510.4892855,1786615510.4889741,vesc,0.0012479011107568872,0.0012479011107568872,nan,nan,0.01,1,0,1,0,0,1786615510.4889741,nan,-0.0012385462372793334,0.00077609715651413066,0.0012479011107568872,-0.03274623630939999,0.078695303401321581,9.5294895922360183
1786615510.5092082,1786615510.5089073,vesc,-0.00087961024894833511,-0.00087961024894833511,nan,nan,0.01,1,0,1,0,0,1786615510.5089073,nan,-0.0012135582961138242,0.0018470832277002929,-0.00087961024894833511,0.013240764595689569,0.035145897170718143,9.6927847907472824
1786615510.5296781,1786615510.5293872,vesc,0.00021733189007890484,0.00021733189007890484,nan,nan,0.01,1,0,1,0,0,1786615510.5293872,nan,0.0019695210185193849,-0.00028640112899470504,0.00021733189007890484,0.0052343682902002975,0.059456793638663186,9.5586262690785588
1786615510.5444365,1786615510.5440998,vesc,0.0012200505314938681,0.0012200505314938681,nan,nan,0.01,1,0,1,0,0,1786615510.5440998,nan,-0.0033689284274233092,-0.00028909653930110944,0.0012200505314938681,-0.009808914810894187,0.049722677509947744,9.6159079349465628
1786615510.5652034,1786615510.5647047,vesc,0.0023227191170505914,0.0023227191170505914,nan,nan,0.01,1,0,1,0,0,1786615510.5647047,nan,-0.00018584859264144957,-0.00029206034631112335,0.0023227191170505914,-0.019332156579848103,0.068895954270193016,9.6110570846337851
1786615510.5845602,1786615510.5843043,vesc,0.002313088564788322,0.002313088564788322,nan,nan,0.01,1,0,1,0,0,1786615510.5843043,nan,-0.0012510396877134374,0.00077323425834229539,0.002313088564788322,0.0232696215191317,0.073568756858737316,9.654683162482911
1786615510.6092756,1786615510.6089406,vesc,-0.00089678945849962254,-0.00089678945849962254,nan,nan,0.01,1,0,1,0,0,1786615510.6089406,nan,-0.0012135582961138242,-0.0045444805019492608,-0.00089678945849962254,-0.032465341539205106,0.045229567175109509,9.5054516876605248
1786615510.6250567,1786615510.6247458,vesc,0.00020770137032592652,0.00020770137032592652,nan,nan,0.01,1,0,1,0,0,1786615510.6247458,nan,0.00090432992344739716,0.00077889243536141293,0.00020770137032592652,0.032961404718339971,0.044854102823965292,9.6451393366867251
1786615510.6492321,1786615510.6489244,vesc,0.00018948118077872315,0.00018948118077872315,nan,nan,0.01,1,0,1,0,0,1786615510.6489244,nan,-0.00016086117162459086,-0.001351594824809945,0.00018948118077872315,0.00016376315850896717,0.045022502641959505,9.5824794016315309
1786615510.6693361,1786615510.6690073,vesc,-0.00088533669547781837,-0.00088533669547781837,nan,nan,0.01,1,0,1,0,0,1786615510.6690073,nan,-0.0012135582961138242,-0.00028343732198469102,-0.00088533669547781837,-0.01448626726431268,0.068908671964781121,9.6063243480822393
1786615510.689554,1786615510.6891167,vesc,0.00019520762730820652,0.00019520762730820652,nan,nan,0.01,1,0,1,0,0,1786615510.6891167,nan,-0.00016086117162459086,0.00077892676517233987,0.00019520762730820652,-0.009808914810894187,0.059302719499630285,9.6159336626965342
1786615510.7096615,1786615510.709146,vesc,0.00018271388429048652,0.00018271388429048652,nan,nan,0.01,1,0,1,0,0,1786615510.709146,nan,-0.0012260522666965789,0.00077896005468596581,0.00018271388429048652,-0.024065687987305573,0.068909000870675641,9.6062120815369099
1786615510.7294035,1786615510.7290184,vesc,-0.00086997969668606593,-0.00086997969668606593,nan,nan,0.01,1,0,1,0,0,1786615510.7290184,nan,-0.00014836720104183631,0.00078178966334417502,-0.00086997969668606593,0.037582575933650775,0.059185373185485446,9.6596030099433392
1786615510.7497513,1786615510.7492132,vesc,-0.00088819985372397866,-0.00088819985372397866,nan,nan,0.01,1,0,1,0,0,1786615510.7492132,nan,-0.0012135582961138242,-0.001348698637124484,-0.00088819985372397866,-0.0046259472029874793,0.04502264882235707,9.5824232683588662
1786615510.7694602,1786615510.7689886,vesc,-0.00087570614321554941,-0.00087570614321554941,nan,nan,0.01,1,0,1,0,0,1786615510.7689886,nan,-0.00014836720104183631,-0.0013487319266381099,-0.00087570614321554941,-0.0094718410866603264,0.054589973117451507,9.5871829021035637
1786615510.7893164,1786615510.7888875,vesc,0.00017022014127276652,0.00017022014127276652,nan,nan,0.01,1,0,1,0,0,1786615510.7888875,nan,-0.0022912438819172173,0.00077899334419959175,0.00017022014127276652,0.022932543226760416,0.039961335282185928,9.6833310120759961
1786615510.8092189,1786615510.8088357,vesc,0.00017698743776100315,0.00017698743776100315,nan,nan,0.01,1,0,1,0,0,1786615510.8088357,nan,-0.0012260522666965789,-0.001351561535296319,0.00017698743776100315,0.01002407408355932,0.078616731437630705,9.5587338578511662
1786615510.8295498,1786615510.8288729,vesc,0.0012728886618109084,0.0012728886618109084,nan,nan,0.01,1,0,1,0,0,1786615510.8288729,nan,0.00089183595286464255,0.00077602953718957789,0.0012728886618109084,0.0089004904346423608,0.044829069430882384,9.6544375794150028
1786615510.8450296,1786615510.8446081,vesc,0.00017985066102574486,0.00017985066102574486,nan,nan,0.01,1,0,1,0,0,1786615510.8446081,nan,-0.0012260522666965789,-0.00028630022015652622,0.00017985066102574486,-0.0048506675872808103,0.054551198766997544,9.6016079837352208
1786615510.867306,1786615510.864969,vesc,0.00020093407383768989,0.00020093407383768989,nan,nan,0.01,1,0,1,0,0,1786615510.864969,nan,-0.00016086117162459086,0.0029094473148573237,0.00020093407383768989,0.0094622799750321285,0.044957817816037249,9.6065406950706347
1786615510.8894355,1786615510.8888173,vesc,0.00022019511334364655,0.00022019511334364655,nan,nan,0.01,1,0,1,0,0,1786615510.8888173,nan,0.0019695210185193849,0.00077885914584778699,0.00022019511334364655,0.018199011819302946,0.063924505129424603,9.6785491589108688
1786615510.9093587,1786615510.9088795,vesc,0.0012479011107568872,0.0012479011107568872,nan,nan,0.01,1,0,1,0,0,1786615510.9088795,nan,-0.0012385462372793334,0.00077609715651413066,0.0012479011107568872,-0.017983852546637813,0.073994982352935779,9.4961171921936511
1786615510.9249978,1786615510.9246488,vesc,0.00019911170053170147,0.00019911170053170147,nan,nan,0.01,1,0,1,0,0,1786615510.9246488,nan,0.00090432992344739716,-0.0024168883891660629,0.00019911170053170147,0.013577842888060854,0.03522315351083094,9.6640468940292976
1786615510.9496927,1786615510.9492815,vesc,0.00019234440404346486,0.00019234440404346486,nan,nan,0.01,1,0,1,0,0,1786615510.9492815,nan,-0.00016086117162459086,-0.00028633454996745305,0.00019234440404346486,-0.014093014586039843,0.064208789457588011,9.5727835482218779
1786615510.9717476,1786615510.9713001,vesc,-0.0019226731801347467,-0.0019226731801347467,nan,nan,0.01,1,0,1,0,0,1786615510.9713001,nan,0.00092931734446425576,0.00078461823170508345,-0.0019226731801347467,-0.014430088310273703,0.040181409870719165,9.6014571255649344
1786615510.989279,1786615510.9889019,vesc,0.0012575316630191562,0.0012575316630191562,nan,nan,0.01,1,0,1,0,0,1786615510.9889019,nan,-0.00017335514220734541,-0.0002891974481392882,0.0012575316630191562,-0.023728605126796865,0.049826136686323963,9.5774215598758019
1786615511.0046246,1786615511.0041358,vesc,-0.001944797442905445,-0.001944797442905445,nan,nan,0.01,1,0,1,0,0,1786615511.0041358,nan,-0.0012010648456797202,0.0018499461258721284,-0.001944797442905445,0.05640433223505914,0.063897534846073967,9.6885783036269686
1786615511.0292413,1786615511.0287368,vesc,0.00018661795751398149,0.00018661795751398149,nan,nan,0.01,1,0,1,0,0,1786615511.0287368,nan,-0.00016086117162459086,-0.0024168550996524372,0.00018661795751398149,-0.023503889310640957,0.064247709988439539,9.5583011638743756
1786615511.0491774,1786615511.048784,vesc,0.00020197492379644315,0.00020197492379644315,nan,nan,0.01,1,0,1,0,0,1786615511.048784,nan,0.00090432992344739716,-0.0013516281143235711,0.00020197492379644315,-0.00067892572021310826,0.035249356347094363,9.654299585119702
1786615511.066802,1786615511.0644639,vesc,0.00020483814706118484,0.00020483814706118484,nan,nan,0.01,1,0,1,0,0,1786615511.0644639,nan,0.00090432992344739716,-0.00028636783948107899,0.00020483814706118484,0.0045040373195561756,0.059289417083451923,9.6208921017819193
1786615511.0855317,1786615511.0840342,vesc,0.0023227191170505914,0.0023227191170505914,nan,nan,0.01,1,0,1,0,0,1786615511.0840342,nan,-0.00018584859264144957,-0.00029206034631112335,0.0023227191170505914,-0.0050192044493977406,0.016192402638210979,9.6158740210943279
1786615511.1090565,1786615511.1088262,vesc,0.00020483814706118484,0.00020483814706118484,nan,nan,0.01,1,0,1,0,0,1786615511.1088262,nan,0.00090432992344739716,-0.00028636783948107899,0.00020483814706118484,-0.00022949408790129411,0.097622631642664714,9.616148840241749
1786615511.1293356,1786615511.1289678,vesc,0.0012507643990402101,0.0012507643990402101,nan,nan,0.01,1,0,1,0,0,1786615511.1289678,nan,-0.0012385462372793334,0.0018413574313566226,0.0012507643990402101,-0.05269158311193145,0.025825435022010623,9.5961794284912685
1786615511.1489866,1786615511.1486645,vesc,0.00016449369474328318,0.00016449369474328318,nan,nan,0.01,1,0,1,0,0,1786615511.1486645,nan,-0.0022912428416199163,-0.0013515272054853921,0.00016449369474328318,0.023494337335287607,0.07841028817117035,9.6355370387315133
1786615511.1694696,1786615511.169107,vesc,-0.0040905290896857422,-0.0040905290896857422,nan,nan,0.01,1,0,1,0,0,1786615511.169107,nan,-0.0022412690398834999,0.00079044493688693257,-0.0040905290896857422,0.0090690272967592911,0.064027781580303866,9.6401200865559531
1786615511.1891298,1786615511.1888142,vesc,0.00019234440404346486,0.00019234440404346486,nan,nan,0.01,1,0,1,0,0,1786615511.1888142,nan,-0.00016086117162459086,-0.00028633454996745305,0.00019234440404346486,-0.018770367039458336,0.073814741922738847,9.5631730641644026
1786615511.2094226,1786615511.2089138,vesc,0.001291108818848821,0.001291108818848821,nan,nan,0.01,1,0,1,0,0,1786615511.2089138,nan,0.0019570270479366309,0.0029065178376582366,0.001291108818848821,0.018142832865263969,0.063911604709339542,9.6833391981782597
1786615511.2294438,1786615511.2291167,vesc,0.00016735691800802484,0.00016735691800802484,nan,nan,0.01,1,0,1,0,0,1786615511.2291167,nan,-0.0022912428416199163,-0.00028626693064290023,0.00016735691800802484,-0.014036835632000866,0.088171740034230339,9.5680578283294153
1786615511.2490139,1786615511.2486546,vesc,0.00020483814706118484,0.00020483814706118484,nan,nan,0.01,1,0,1,0,0,1786615511.2486546,nan,0.00090432992344739716,-0.00028636783948107899,0.00020483814706118484,0.0046725741816731059,0.02579788001706973,9.6064331062980273
1786615511.2691782,1786615511.2686796,vesc,-0.00087570614321554941,-0.00087570614321554941,nan,nan,0.01,1,0,1,0,0,1786615511.2686796,nan,-0.00014836720104183631,-0.0013487319266381099,-0.00087570614321554941,-0.00039803095001822442,0.078423919493243233,9.6304663331007987
1786615511.2923555,1786615511.2916975,vesc,0.0012575316630191562,0.0012575316630191562,nan,nan,0.01,1,0,1,0,0,1786615511.2916975,nan,-0.00017335514220734541,-0.0002891974481392882,0.0012575316630191562,-0.0045135892949095258,0.059418457829401916,9.5728829508922217
1786615511.3091199,1786615511.3087513,vesc,0.00017985066102574486,0.00017985066102574486,nan,nan,0.01,1,0,1,0,0,1786615511.3087513,nan,-0.0012260522666965789,-0.00028630022015652622,0.00017985066102574486,0.027553716726139932,0.054292678733904864,9.6977946853326102
1786615511.3294482,1786615511.328979,vesc,-0.00086997969668606593,-0.00086997969668606593,nan,nan,0.01,1,0,1,0,0,1786615511.328979,nan,-0.00014836720104183631,0.00078178966334417502,-0.00086997969668606593,-0.013250321139180343,0.045241809783405529,9.5008861814837928
1786615511.3452501,1786615511.3447473,vesc,0.00021733189007890484,0.00021733189007890484,nan,nan,0.01,1,0,1,0,0,1786615511.3447473,nan,0.0019695210185193849,-0.00028640112899470504,0.00021733189007890484,0.0232696215191317,0.040038591622298725,9.6545931153580113
1786615511.3692708,1786615511.3688333,vesc,-0.00090459766996519371,-0.00090459766996519371,nan,nan,0.01,1,0,1,0,0,1786615511.3688333,nan,-0.0033439415265551012,0.0018471508470248458,-0.00090459766996519371,-0.0097527358568552103,0.044945575207741228,9.6111050318041862
1786615511.3860073,1786615511.3855169,vesc,0.00020483814706118484,0.00020483814706118484,nan,nan,0.01,1,0,1,0,0,1786615511.3855169,nan,0.00090432992344739716,-0.00028636783948107899,0.00020483814706118484,0.023662874197404538,0.078448879796127358,9.621168090372521
1786615511.4091461,1786615511.4086962,vesc,0.00020483814706118484,0.00020483814706118484,nan,nan,0.01,1,0,1,0,0,1786615511.4086962,nan,0.00090432992344739716,-0.00028636783948107899,0.00020483814706118484,-0.023953330079227619,0.040194602651599354,9.5965548197522139
1786615511.4292111,1786615511.4287565,vesc,0.0012728886618109084,0.0012728886618109084,nan,nan,0.01,1,0,1,0,0,1786615511.4287565,nan,0.00089183595286464255,0.00077602953718957789,0.0012728886618109084,0.03262431957376255,0.07351697245290012,9.6739544166546239
1786615511.44892,1786615511.4486325,vesc,0.00020483814706118484,0.00020483814706118484,nan,nan,0.01,1,0,1,0,0,1786615511.4486325,nan,0.00090432992344739716,-0.00028636783948107899,0.00020483814706118484,-0.023897151125188643,0.059367587051049497,9.5918162359847656
1786615511.4670219,1786615511.4658113,vesc,0.00017022014127276652,0.00017022014127276652,nan,nan,0.01,1,0,1,0,0,1786615511.4658113,nan,-0.0022912438819172173,0.00077899334419959175,0.00017022014127276652,-0.014935698896624494,0.044855601173040327,9.6445768345168972
1786615511.4890726,1786615511.4887335,vesc,-0.00087284285493222644,-0.00087284285493222644,nan,nan,0.01,1,0,1,0,0,1786615511.4887335,nan,-0.00014836720104183631,-0.00028347165179561784,-0.00087284285493222644,-0.0047944886332418335,0.059354065364274788,9.5968308083428155
1786615511.5095778,1786615511.5087774,vesc,0.00018271388429048652,0.00018271388429048652,nan,nan,0.01,1,0,1,0,0,1786615511.5087774,nan,-0.0012260522666965789,0.00077896005468596581,0.00018271388429048652,0.0090690272967592911,0.030497652888964666,9.6400300394310534
1786615511.5290115,1786615511.5286884,vesc,0.00017985066102574486,0.00017985066102574486,nan,nan,0.01,1,0,1,0,0,1786615511.5286884,nan,-0.0012260522666965789,-0.00028630022015652622,0.00017985066102574486,0.037638745751414904,0.063988276327862081,9.6548258345509339
1786615511.5494025,1786615511.5488718,vesc,0.00018948118077872315,0.00018948118077872315,nan,nan,0.01,1,0,1,0,0,1786615511.5488718,nan,-0.00016086117162459086,-0.001351594824809945,0.00018948118077872315,-0.019107440763692196,0.054577401603260967,9.5918595053824447
1786615511.5693765,1786615511.5690057,vesc,0.00018271388429048652,0.00018271388429048652,nan,nan,0.01,1,0,1,0,0,1786615511.5690057,nan,-0.0012260522666965789,0.00077896005468596581,0.00018271388429048652,0.0096870003593254594,0.073749435830126941,9.5874588906941653
1786615511.5890658,1786615511.5887063,vesc,0.00019234440404346486,0.00019234440404346486,nan,nan,0.01,1,0,1,0,0,1786615511.5887063,nan,-0.00016086117162459086,-0.00028633454996745305,0.00019234440404346486,0.003942243211028984,0.049580626708614517,9.6687632583763161
1786615511.609483,1786615511.6089299,vesc,0.0012632581095486394,0.0012632581095486394,nan,nan,0.01,1,0,1,0,0,1786615511.6089299,nan,-0.00017335514220734541,0.0018413241418429966,0.0012632581095486394,-0.023335352448524027,0.078656382870470054,9.5439708071403402
1786615511.6290166,1786615511.6286833,vesc,-0.00087856930146170981,-0.00087856930146170981,nan,nan,0.01,1,0,1,0,0,1786615511.6286833,nan,-0.00014836720104183631,-0.002413992201480602,-0.00087856930146170981,0.032792865572154328,0.049605477376200469,9.6595211489207031
1786615511.6488702,1786615511.648576,vesc,-0.00089106301197013917,-0.00089106301197013917,nan,nan,0.01,1,0,1,0,0,1786615511.648576,nan,-0.0012135582961138242,-0.0024139589119669758,-0.00089106301197013917,0.01475760549101679,0.05465356159039203,9.5635145415731131
1786615511.669167,1786615511.6687403,vesc,0.0012632581095486394,0.0012632581095486394,nan,nan,0.01,1,0,1,0,0,1786615511.6687403,nan,-0.00017335514220734541,0.0018413241418429966,0.0012632581095486394,-0.014710983080468587,0.064067177197447478,9.6254693023904565
1786615511.6894526,1786615511.6886239,vesc,-0.00086997969668606593,-0.00086997969668606593,nan,nan,0.01,1,0,1,0,0,1786615511.6886239,nan,-0.00014836720104183631,0.00078178966334417502,-0.00086997969668606593,0.0090128483427203143,0.068804956972709164,9.6449218202551492
1786615511.7096887,1786615511.7085943,vesc,-0.00086034914442379708,-0.00086034914442379708,nan,nan,0.01,1,0,1,0,0,1786615511.7085943,nan,0.00091682389403015165,-0.00028350494130924384,-0.00086034914442379708,-0.028068883855981497,0.040349261512222512,9.5390228930435796
1786615511.729022,1786615511.7286446,vesc,0.00021342781685540992,0.00021342781685540992,nan,nan,0.01,1,0,1,0,0,1786615511.7286446,nan,0.00090432992344739716,0.002909414025343698,0.00021342781685540992,0.056629061755627319,0.039998940189459375,9.6693549966256569
1786615511.7448163,1786615511.7438421,vesc,0.0012603948212653164,0.0012603948212653164,nan,nan,0.01,1,0,1,0,0,1786615511.7438421,nan,-0.00017335514220734541,0.00077606386700050461,0.0012603948212653164,-0.023054457678329143,0.054770652088841132,9.519958630314818
1786615511.7691364,1786615511.7686739,vesc,0.00020483814706118484,0.00020483814706118484,nan,nan,0.01,1,0,1,0,0,1786615511.7686739,nan,0.00090432992344739716,-0.00028636783948107899,0.00020483814706118484,0.0091252062507982679,0.068830684722680502,9.6353429111635478
1786615511.7890408,1786615511.7887084,vesc,0.0012325442420022975,0.0012325442420022975,nan,nan,0.01,1,0,1,0,0,1786615511.7887084,nan,-0.0023037368122026708,-0.00028912982881473543,0.0012325442420022975,-0.00011713617982334057,0.064118230701296852,9.6064798840252479
1786615511.8092425,1786615511.8088095,vesc,-0.00087284285493222644,-0.00087284285493222644,nan,nan,0.01,1,0,1,0,0,1786615511.8088095,nan,-0.00014836720104183631,-0.00028347165179561784,-0.00087284285493222644,0.02834022665082303,0.078423005865758455,9.6308031327367871
1786615511.8291249,1786615511.8285995,vesc,0.0023255820152224267,0.0023255820152224267,nan,nan,0.01,1,0,1,0,0,1786615511.8285995,nan,-0.00018584859264144957,0.00077320096882866945,0.0023255820152224267,-0.018938903901575266,0.05940603249560894,9.577503420898438
1786615511.8496137,1786615511.8491912,vesc,0.00019520762730820652,0.00019520762730820652,nan,nan,0.01,1,0,1,0,0,1786615511.8491912,nan,-0.00016086117162459086,0.00077892676517233987,0.00019520762730820652,0.032568149755998421,0.054344024598549368,9.6786918309788916
1786615511.8693674,1786615511.8688879,vesc,0.0012507643990402101,0.0012507643990402101,nan,nan,0.01,1,0,1,0,0,1786615511.8688879,nan,-0.0012385462372793334,0.0018413574313566226,0.0012507643990402101,0.037975830895992324,0.04969545141090137,9.6260493462079921
1786615511.8889465,1786615511.8885462,vesc,0.0012575316630191562,0.0012575316630191562,nan,nan,0.01,1,0,1,0,0,1786615511.8885462,nan,-0.00017335514220734541,-0.0002891974481392882,0.0012575316630191562,-0.00045420990405720119,0.044880890381818972,9.63516632524329
1786615511.9089696,1786615511.9085679,vesc,-0.00089496711770292476,-0.00089496711770292476,nan,nan,0.01,1,0,1,0,0,1786615511.9085679,nan,-0.0022787499113344628,0.00078185624237142701,-0.00089496711770292476,0.014701426536977813,0.073800781694771445,9.5683560363404467
1786615511.9291427,1786615511.928607,vesc,0.0023198556987301055,0.0023198556987301055,nan,nan,0.01,1,0,1,0,0,1786615511.928607,nan,-0.00018584859264144957,-0.0013573206211536155,0.0023198556987301055,-0.010202167489167024,0.035262512582875161,9.6493972793069815
1786615511.9490082,1786615511.9486346,vesc,0.0012450379525107266,0.0012450379525107266,nan,nan,0.01,1,0,1,0,0,1786615511.9486346,nan,-0.0012385462372793334,-0.00028916311832836143,0.0012450379525107266,0.014420527198645505,0.064156383785061166,9.5922793354842497
1786615511.9693866,1786615511.9687912,vesc,-0.0019658808882266807,-0.0019658808882266807,nan,nan,0.01,1,0,1,0,0,1786615511.9687912,nan,-0.0022662549004544073,-0.001345801409141722,-0.0019658808882266807,0.0041107846412833382,0.068779338858035999,9.6544457655172664
1786615511.9890473,1786615511.9885781,vesc,-0.00088533669547781837,-0.00088533669547781837,nan,nan,0.01,1,0,1,0,0,1786615511.9885781,nan,-0.0012135582961138242,-0.00028343732198469102,-0.00088533669547781837,-0.014205372494117796,0.073763067152199824,9.5823881850634507
1786615512.0089493,1786615512.0085509,vesc,0.0012671622152814249,0.0012671622152814249,nan,nan,0.01,1,0,1,0,0,1786615512.0085509,nan,0.00089183595286464255,-0.0013544910124954062,0.0012671622152814249,0.027497537772100955,0.049489739046428838,9.7025718607250155
1786615512.0288103,1786615512.0285239,vesc,-0.00089496711770292476,-0.00089496711770292476,nan,nan,0.01,1,0,1,0,0,1786615512.0285239,nan,-0.0022787499113344628,0.00078185624237142701,-0.00089496711770292476,-0.01820856836279372,0.078733493030185286,9.5152890436950202
1786615512.049561,1786615512.0488093,vesc,-0.00088533669547781837,-0.00088533669547781837,nan,nan,0.01,1,0,1,0,0,1786615512.0488093,nan,-0.0012135582961138242,-0.00028343732198469102,-0.00088533669547781837,0.013746379750177784,0.049631826392861456,9.6497165372952622
1786615512.0692103,1786615512.0688193,vesc,0.00016735691800802484,0.00016735691800802484,nan,nan,0.01,1,0,1,0,0,1786615512.0688193,nan,-0.0022912428416199163,-0.00028626693064290023,0.00016735691800802484,-0.004906846541319787,0.064118376881694417,9.6064237507525831
1786615512.0853906,1786615512.0838075,vesc,-0.00086997969668606593,-0.00086997969668606593,nan,nan,0.01,1,0,1,0,0,1786615512.0838075,nan,-0.00014836720104183631,0.00078178966334417502,-0.00086997969668606593,-4.7782717453870305e-06,0.049773877194194682,9.5968612138655089
1786615512.1065321,1786615512.1061459,vesc,-0.00087961024894833511,-0.00087961024894833511,nan,nan,0.01,1,0,1,0,0,1786615512.1061459,nan,-0.0012135582961138242,0.0018470832277002929,-0.00087961024894833511,0.0281716897887061,0.073594374973410481,9.6451603866639744
1786615512.1294663,1786615512.1285272,vesc,0.001217187243210545,0.001217187243210545,nan,nan,0.01,1,0,1,0,0,1786615512.1285272,nan,-0.0033689284274233092,-0.0013543568141436014,0.001217187243210545,-0.022998278724290167,0.049993513241535226,9.5151557271724414
1786615512.148777,1786615512.1484499,vesc,-0.00086034914442379708,-0.00086034914442379708,nan,nan,0.01,1,0,1,0,0,1786615512.1484499,nan,0.00091682389403015165,-0.00028350494130924384,-0.00086034914442379708,0.01853609011167423,0.044841640945072925,9.6497598066929413
1786615512.1693003,1786615512.1687229,vesc,0.00018375473424923978,0.00018375473424923978,nan,nan,0.01,1,0,1,0,0,1786615512.1687229,nan,-0.00016086117162459086,-0.00348211641479223,0.00018375473424923978,0.005346726198278251,0.069062563378317066,9.5490719182937482
1786615512.1855195,1786615512.1849267,vesc,0.0022881011437714638,0.0022881011437714638,nan,nan,0.01,1,0,1,0,0,1786615512.1849267,nan,-0.0033814234383033647,0.00077330083736954739,0.0022881011437714638,-0.0096965569028162335,0.059328483794701015,9.6063547536049327
1786615512.2087936,1786615512.2084305,vesc,0.0012546685047729958,0.0012546685047729958,nan,nan,0.01,1,0,1,0,0,1786615512.2084305,nan,-0.00017335514220734541,-0.0013544577229817802,0.0012546685047729958,-0.010145988535128048,0.025695371013277679,9.6445815122896192
1786615512.2240665,1786615512.2236285,vesc,0.00019807085057294823,0.00019807085057294823,nan,nan,0.01,1,0,1,0,0,1786615512.2236285,nan,-0.00016086117162459086,0.0018441870400148319,0.00019807085057294823,0.023606695243365561,0.073646013198850113,9.6259452657649263
1786615512.2443655,1786615512.2438741,vesc,-0.00088533669547781837,-0.00088533669547781837,nan,nan,0.01,1,0,1,0,0,1786615512.2438741,nan,-0.0012135582961138242,-0.00028343732198469102,-0.00088533669547781837,-0.019107440763692196,0.054577401603260967,9.5918595053824447
1786615512.2695928,1786615512.2687805,vesc,-0.00086034914442379708,-0.00086034914442379708,nan,nan,0.01,1,0,1,0,0,1786615512.2687805,nan,0.00091682389403015165,-0.00028350494130924384,-0.00086034914442379708,-0.0049630254953587638,0.068895515729000323,9.6112254844517793
1786615512.2888558,1786615512.2884977,vesc,0.00017985066102574486,0.00017985066102574486,nan,nan,0.01,1,0,1,0,0,1786615512.2884977,nan,-0.0012260522666965789,-0.00028630022015652622,0.00017985066102574486,-6.09572257843638e-05,0.073711136565965063,9.6017155725078283
1786615512.3089492,1786615512.308444,vesc,0.0012575316630191562,0.0012575316630191562,nan,nan,0.01,1,0,1,0,0,1786615512.308444,nan,-0.00017335514220734541,-0.0002891974481392882,0.0012575316630191562,0.018030474957186016,0.054305834969685662,9.6928923795198898
1786615512.3294835,1786615512.3287194,vesc,0.0012325442420022975,0.0012325442420022975,nan,nan,0.01,1,0,1,0,0,1786615512.3287194,nan,-0.0023037368122026708,-0.00028912982881473543,0.0012325442420022975,0.014420527198645505,0.088106507031817216,9.5923436548591781
1786615512.3489485,1786615512.3484535,vesc,0.0022977314359594074,0.0022977314359594074,nan,nan,0.01,1,0,1,0,0,1786615512.3484535,nan,-0.0023162307827854257,-0.00029199272698657058,0.0022977314359594074,-0.00062274676617413149,0.049632264934054149,9.649548137477268
1786615512.3705039,1786615512.3698974,vesc,0.00021446866681416318,0.00021446866681416318,nan,nan,0.01,1,0,1,0,0,1786615512.3698974,nan,0.0019695210185193849,-0.0013516614038371971,0.00021446866681416318,0.0001075842044699904,0.088119809447995578,9.5873852157737929
1786615512.388792,1786615512.3884048,vesc,-0.0019226731801347467,-0.0019226731801347467,nan,nan,0.01,1,0,1,0,0,1786615512.3884048,nan,0.00092931734446425576,0.00078461823170508345,-0.0019226731801347467,0.013914916612294714,0.064040499274891971,9.6353861805612269
1786615512.4092712,1786615512.4087718,vesc,0.0012421747942645664,0.0012421747942645664,nan,nan,0.01,1,0,1,0,0,1786615512.4087718,nan,-0.0012385462372793334,-0.0013544244334681541,0.0012421747942645664,-0.037760662487052343,0.083433996804068045,9.5486053104647226
1786615512.4249165,1786615512.4236047,vesc,-0.0019380303089636616,-0.0019380303089636616,nan,nan,0.01,1,0,1,0,0,1786615512.4236047,nan,-0.00013587375060773214,-0.00028060875362378264,-0.0019380303089636616,0.046993462078595449,0.059146452654633919,9.6740842248476611
1786615512.4488771,1786615512.4484878,vesc,-0.00086997969668606593,-0.00086997969668606593,nan,nan,0.01,1,0,1,0,0,1786615512.4484878,nan,-0.00014836720104183631,0.00078178966334417502,-0.00086997969668606593,-0.022773562908134259,0.040464963296894751,9.4959710117960867
1786615512.4692268,1786615512.4685383,vesc,0.0012325442420022975,0.0012325442420022975,nan,nan,0.01,1,0,1,0,0,1786615512.4685383,nan,-0.0023037368122026708,-0.00028912982881473543,0.0012325442420022975,-0.0091909463164654426,0.078604452284235293,9.5632981945847177
1786615512.4887543,1786615512.4884446,vesc,0.0012700253735275855,0.0012700253735275855,nan,nan,0.01,1,0,1,0,0,1786615512.4884446,nan,0.00089183595286464255,-0.0002892307376529142,0.0012700253735275855,0.014195811382489598,0.064104891740019099,9.6114383231106331
1786615512.5088606,1786615512.5085146,vesc,0.00018948118077872315,0.00018948118077872315,nan,nan,0.01,1,0,1,0,0,1786615512.5085146,nan,-0.00016086117162459086,-0.001351594824809945,0.00018948118077872315,-0.014205372494117796,0.064183025162517282,9.5823624573134794
1786615512.5288455,1786615512.5283647,vesc,0.0012518052164896727,0.0012518052164896727,nan,nan,0.01,1,0,1,0,0,1786615512.5283647,nan,-0.00017335514220734541,-0.002419717997824272,0.0012518052164896727,0.022876364272721439,0.078268675911029817,9.6882239623432724
1786615512.5487475,1786615512.5484939,vesc,0.0012546685047729958,0.0012546685047729958,nan,nan,0.01,1,0,1,0,0,1786615512.5484939,nan,-0.00017335514220734541,-0.0013544577229817802,0.0012546685047729958,-0.018264747316832697,0.054770505908443567,9.5200147635874828
1786615512.5694764,1786615512.5690928,vesc,0.00017985066102574486,0.00017985066102574486,nan,nan,0.01,1,0,1,0,0,1786615512.5690928,nan,-0.0012260522666965789,-0.00028630022015652622,0.00017985066102574486,0.028396405604862007,0.044905741049404924,9.625924215787677
1786615512.5889249,1786615512.588527,vesc,0.00017985066102574486,0.00017985066102574486,nan,nan,0.01,1,0,1,0,0,1786615512.588527,nan,-0.0012260522666965789,-0.00028630022015652622,0.00017985066102574486,-0.014767162034507564,0.049684232065388301,9.6302207500328905
1786615512.6086867,1786615512.6083488,vesc,-0.0019476606011516052,-0.0019476606011516052,nan,nan,0.01,1,0,1,0,0,1786615512.6083488,nan,-0.0012010648456797202,0.00078468585102963622,-0.0019476606011516052,-0.004457410340870549,0.069011363694070127,9.5681186393748021
1786615512.629411,1786615512.6289771,vesc,-0.00086607559095328035,-0.00086607559095328035,nan,nan,0.01,1,0,1,0,0,1786615512.6289771,nan,0.00091682389403015165,-0.0024140254909942277,-0.00086607559095328035,-0.019669230304081964,0.030498566516449443,9.6396920703518845
1786615512.6447027,1786615512.6443813,vesc,0.00019234440404346486,0.00019234440404346486,nan,nan,0.01,1,0,1,0,0,1786615512.6443813,nan,-0.00016086117162459086,-0.00028633454996745305,0.00019234440404346486,0.0090128483427203143,0.078384998962391705,9.6449475480051206
1786615512.668824,1786615512.6684785,vesc,-0.00085748598617763668,-0.00085748598617763668,nan,nan,0.01,1,0,1,0,0,1786615512.6684785,nan,0.00091682389403015165,0.00078175533353324808,-0.00085748598617763668,0.028452584558900984,0.049708607646682168,9.6211470403952717
1786615512.6887212,1786615512.6884158,vesc,0.00016163047147854149,0.00016163047147854149,nan,nan,0.01,1,0,1,0,0,1786615512.6884158,nan,-0.0022912428416199163,-0.0024167885206251853,0.00016163047147854149,-0.0053000992195926244,0.083188340645961034,9.6400031422379016
1786615512.7093546,1786615512.7090223,vesc,0.00017308336453750821,0.00017308336453750821,nan,nan,0.01,1,0,1,0,0,1786615512.7090223,nan,-0.0022912438819172173,0.0018442536190420836,0.00017308336453750821,-0.004457410340870549,0.064221360971778552,9.5681057754998164
1786615512.728605,1786615512.7282441,vesc,0.00018271388429048652,0.00018271388429048652,nan,nan,0.01,1,0,1,0,0,1786615512.7282441,nan,-0.0012260522666965789,0.00077896005468596581,0.00018271388429048652,0.018030474957186016,0.049515832247394087,9.6928795156449041
1786615512.7488658,1786615512.7483449,vesc,0.0012603948212653164,0.0012603948212653164,nan,nan,0.01,1,0,1,0,0,1786615512.7483449,nan,-0.00017335514220734541,0.00077606386700050461,0.0012603948212653164,0.019603494806552213,0.078616439076835576,9.5588461243964957
1786615512.7691567,1786615512.7683318,vesc,0.00022982563309662484,0.00022982563309662484,nan,nan,0.01,1,0,1,0,0,1786615512.7683318,nan,0.0030347123736656984,-0.00028643441850833098,0.00022982563309662484,-0.0099212727189721406,0.068857033739341489,9.6255382995381069
1786615512.7888644,1786615512.7884707,vesc,0.00019234440404346486,0.00019234440404346486,nan,nan,0.01,1,0,1,0,0,1786615512.7884707,nan,-0.00016086117162459086,-0.00028633454996745305,0.00019234440404346486,-0.0096965569028162335,0.073698565051774523,9.6063933452298897
1786615512.8043664,1786615512.8038898,vesc,0.00019520762730820652,0.00019520762730820652,nan,nan,0.01,1,0,1,0,0,1786615512.8038898,nan,-0.00016086117162459086,0.00077892676517233987,0.00019520762730820652,0.013521659365884453,0.08311049958425798,9.6689655720465453
1786615512.8289278,1786615512.8286157,vesc,0.0023141293822377851,0.0023141293822377851,nan,nan,0.01,1,0,1,0,0,1786615512.8286157,nan,-0.00018584859264144957,-0.0034878422111359005,0.0023141293822377851,-0.032577699447283059,0.059573847592012896,9.5150691883770833
1786615512.8485765,1786615512.8482816,vesc,0.00017985066102574486,0.00017985066102574486,nan,nan,0.01,1,0,1,0,0,1786615512.8482816,nan,-0.0012260522666965789,-0.00028630022015652622,0.00017985066102574486,0.032511970801959444,0.049541084911073341,9.6834690063712969
1786615512.8686969,1786615512.8683653,vesc,0.00016449369474328318,0.00016449369474328318,nan,nan,0.01,1,0,1,0,0,1786615512.8683653,nan,-0.0022912428416199163,-0.0013515272054853921,0.00016449369474328318,0.018760805927830138,0.025733049010749909,9.6305493635666153
1786615512.8837912,1786615512.8834314,vesc,0.0023169925404839453,0.0023169925404839453,nan,nan,0.01,1,0,1,0,0,1786615512.8834314,nan,-0.00018584859264144957,-0.0024225808959961073,0.0023169925404839453,-0.014710983080468587,0.059277174475155903,9.6254564385154708
1786615512.9086103,1786615512.9082711,vesc,-0.00086321230266995738,-0.00086321230266995738,nan,nan,0.01,1,0,1,0,0,1786615512.9082711,nan,0.00091682389403015165,-0.0013487652161517359,-0.00086321230266995738,-0.004906846541319787,0.068908379603985992,9.6064366146275688
1786615512.9287658,1786615512.9284,vesc,0.00015486317499030486,0.00015486317499030486,nan,nan,0.01,1,0,1,0,0,1786615512.9284,nan,-0.0033564344568405551,-0.00028623364112927423,0.00015486317499030486,-0.03308331003363385,0.054667996904651517,9.5581631695790747
1786615512.9485581,1786615512.948247,vesc,-0.00087284285493222644,-0.00087284285493222644,nan,nan,0.01,1,0,1,0,0,1786615512.948247,nan,-0.00014836720104183631,-0.00028347165179561784,-0.00087284285493222644,0.037414029935258997,0.068726787005111589,9.6739976860523029
1786615512.9686337,1786615512.9682832,vesc,-0.00086321230266995738,-0.00086321230266995738,nan,nan,0.01,1,0,1,0,0,1786615512.9682832,nan,0.00091682389403015165,-0.0013487652161517359,-0.00086321230266995738,0.00044465792870385101,0.016346732592939617,9.5584543609310231
1786615512.9888558,1786615512.9884236,vesc,0.00019234440404346486,0.00019234440404346486,nan,nan,0.01,1,0,1,0,0,1786615512.9884236,nan,-0.00016086117162459086,-0.00028633454996745305,0.00019234440404346486,-0.009808914810894187,0.07846284002409476,9.6159851181964768
1786615513.0087125,1786615513.0083187,vesc,-0.0019726482822427895,-0.0019726482822427895,nan,nan,0.01,1,0,1,0,0,1786615513.0083187,nan,-0.0033314475559723463,0.0007847524300568881,-0.0019726482822427895,0.013465480411845476,0.030407386493468636,9.6736141086890939
1786615513.0284836,1786615513.0281706,vesc,0.0012479011107568872,0.0012479011107568872,nan,nan,0.01,1,0,1,0,0,1786615513.0281706,nan,-0.0012385462372793334,0.00077609715651413066,0.0012479011107568872,0.0096308168371490588,0.068946569232849697,9.5922360660865706
1786615513.0485661,1786615513.0482528,vesc,0.0012575316630191562,0.0012575316630191562,nan,nan,0.01,1,0,1,0,0,1786615513.0482528,nan,-0.00017335514220734541,-0.0002891974481392882,0.0012575316630191562,-0.0098650937649331638,0.035339768922987957,9.6206593825889968
1786615513.0684066,1786615513.0681372,vesc,0.00020197492379644315,0.00020197492379644315,nan,nan,0.01,1,0,1,0,0,1786615513.0681372,nan,0.00090432992344739716,-0.0013516281143235711,0.00020197492379644315,-6.09572257843638e-05,0.05455105258659998,9.6016641170078856
1786615513.0888109,1786615513.0882738,vesc,-0.00086034914442379708,-0.00086034914442379708,nan,nan,0.01,1,0,1,0,0,1786615513.0882738,nan,0.00091682389403015165,-0.00028350494130924384,-0.00086034914442379708,0.019041700698025021,0.059327606712315628,9.6066915532409212
1786615513.1085813,1786615513.1082251,vesc,0.00021446866681416318,0.00021446866681416318,nan,nan,0.01,1,0,1,0,0,1786615513.1082251,nan,0.0019695210185193849,-0.0013516614038371971,0.00021446866681416318,-0.005861893328119816,0.044739424302076003,9.6877971155823843
1786615513.1285646,1786615513.1281981,vesc,0.0012507643990402101,0.0012507643990402101,nan,nan,0.01,1,0,1,0,0,1786615513.1281981,nan,-0.0012385462372793334,0.0018413574313566226,0.0012507643990402101,-0.0086291476398008271,0.078733164124290766,9.5154013102403496
1786615513.1486862,1786615513.1481345,vesc,-0.00087961024894833511,-0.00087961024894833511,nan,nan,0.01,1,0,1,0,0,1786615513.1481345,nan,-0.0012135582961138242,0.0018470832277002929,-0.00087961024894833511,0.0090128483427203143,0.02569474974658803,9.6448060453802782
1786615513.1685522,1786615513.1681669,vesc,0.0012700253735275855,0.0012700253735275855,nan,nan,0.01,1,0,1,0,0,1786615513.1681669,nan,0.00089183595286464255,-0.0002892307376529142,0.0012700253735275855,-0.00017331513386231734,0.088055453527967842,9.6113330732243867
1786615513.1888502,1786615513.1883543,vesc,0.0012950129245816069,0.0012950129245816069,nan,nan,0.01,1,0,1,0,0,1786615513.1883543,nan,0.0030222186631572692,-0.00028929731668016619,0.0012950129245816069,0.0043355004574392453,0.049670746923712983,9.6352353223909404
1786615513.2085488,1786615513.2081473,vesc,-0.00087570614321554941,-0.00087570614321554941,nan,nan,0.01,1,0,1,0,0,1786615513.2081473,nan,-0.00014836720104183631,-0.0013487319266381099,-0.00087570614321554941,-0.0046259472029874793,0.073762774791404695,9.5825004516087802
1786615513.2284596,1786615513.2280951,vesc,0.0012354074002484579,0.0012354074002484579,nan,nan,0.01,1,0,1,0,0,1786615513.2280951,nan,-0.0023037378524999718,0.0007761304460277566,0.0012354074002484579,0.032849035389918457,0.063988422508259646,9.6547697012782692
1786615513.2486811,1786615513.24825,vesc,-0.0019601543116600346,-0.0019601543116600346,nan,nan,0.01,1,0,1,0,0,1786615513.24825,nan,-0.0022662559407517079,0.00078471914054326216,-0.0019601543116600346,-0.0037270793702264271,0.06917874024928139,9.5058528066714416
1786615513.2685499,1786615513.2681143,vesc,0.0012479011107568872,0.0012479011107568872,nan,nan,0.01,1,0,1,0,0,1786615513.2681143,nan,-0.0012385462372793334,0.00077609715651413066,0.0012479011107568872,-0.0042888734787536187,0.035519863172787325,9.55365964389091
1786615513.2885242,1786615513.2881162,vesc,0.0023102251464678365,0.0023102251464678365,nan,nan,0.01,1,0,1,0,0,1786615513.2881162,nan,-0.0012510396877134374,-0.00029202601650019658,0.0023102251464678365,-0.0049630254953587638,0.059315473739317781,9.6111997567018079
1786615513.3088069,1786615513.308233,vesc,0.00019520762730820652,0.00019520762730820652,nan,nan,0.01,1,0,1,0,0,1786615513.308233,nan,-0.00016086117162459086,0.00077892676517233987,0.00019520762730820652,-0.019444514487926057,0.059290184530539136,9.6206114354185956
1786615513.3289833,1786615513.3284261,vesc,0.00021056459359066821,0.00021056459359066821,nan,nan,0.01,1,0,1,0,0,1786615513.3284261,nan,0.00090432992344739716,0.001844153750501206,0.00021056459359066821,0.014083453474411645,0.064079127444948369,9.6210172322022345
1786615513.3487406,1786615513.3483727,vesc,0.00016449369474328318,0.00016449369474328318,nan,nan,0.01,1,0,1,0,0,1786615513.3483727,nan,-0.0022912428416199163,-0.0013515272054853921,0.00016449369474328318,-0.042775088664704697,0.035482440991010833,9.5675795260685845
1786615513.3689756,1786615513.368232,vesc,-0.00087961024894833511,-0.00087961024894833511,nan,nan,0.01,1,0,1,0,0,1786615513.368232,nan,-0.0012135582961138242,0.0018470832277002929,-0.00087961024894833511,0.0089566693886813376,0.054421975295550595,9.6496732678975832
1786615513.3895829,1786615513.3892064,vesc,0.00017985066102574486,0.00017985066102574486,nan,nan,0.01,1,0,1,0,0,1786615513.3892064,nan,-0.0012260522666965789,-0.00028630022015652622,0.00017985066102574486,0.0044478583655171988,0.059276553208466254,9.6256821410493103
1786615513.4083798,1786615513.4080176,vesc,0.0023198556987301055,0.0023198556987301055,nan,nan,0.01,1,0,1,0,0,1786615513.4080176,nan,-0.00018584859264144957,-0.0013573206211536155,0.0023198556987301055,-0.028405957580215357,0.049852047161792257,9.5677865175115357
1786615513.4283886,1786615513.4281156,vesc,0.00017022014127276652,0.00017022014127276652,nan,nan,0.01,1,0,1,0,0,1786615513.4281156,nan,-0.0022912438819172173,0.00077899334419959175,0.00017022014127276652,0.0087881325265644072,0.035223299691228505,9.6639907607566329
1786615513.4486976,1786615513.4480894,vesc,-0.00087961024894833511,-0.00087961024894833511,nan,nan,0.01,1,0,1,0,0,1786615513.4480894,nan,-0.0012135582961138242,0.0018470832277002929,-0.00087961024894833511,0.0048411110437900362,0.05936667342356472,9.5921542050639346
1786615513.4685898,1786615513.4681764,vesc,-0.0019101794696263173,-0.0019101794696263173,nan,nan,0.01,1,0,1,0,0,1786615513.4681764,nan,0.0019945084395362441,0.00078458494219145729,-0.0019101794696263173,0.02343815838124863,0.07839738775108529,9.6403270779989043
1786615513.4887826,1786615513.4880383,vesc,0.00021056459359066821,0.00021056459359066821,nan,nan,0.01,1,0,1,0,0,1786615513.4880383,nan,0.00090432992344739716,0.001844153750501206,0.00021056459359066821,-0.0099212727189721406,0.054486989027367372,9.6254997079131499
1786615513.5084331,1786615513.5080252,vesc,0.00017985066102574486,0.00017985066102574486,nan,nan,0.01,1,0,1,0,0,1786615513.5080252,nan,-0.0012260522666965789,-0.00028630022015652622,0.00017985066102574486,-0.023840963034874818,0.045010369668961658,9.5869887745355982
1786615513.5241821,1786615513.5238745,vesc,0.0023227191170505914,0.0023227191170505914,nan,nan,0.01,1,0,1,0,0,1786615513.5238745,nan,-0.00018584859264144957,-0.00029206034631112335,0.0023227191170505914,0.022988722180799392,0.020814151722905905,9.6784895173086625
1786615513.5497882,1786615513.5494277,vesc,0.00019911170053170147,0.00019911170053170147,nan,nan,0.01,1,0,1,0,0,1786615513.5494277,nan,0.00090432992344739716,-0.0024168883891660629,0.00019911170053170147,-0.027900346993864567,0.049967895126862061,9.5246785029913781
1786615513.5683215,1786615513.5680354,vesc,0.0033475617611619275,0.0033475617611619275,nan,nan,0.01,1,0,1,0,0,1786615513.5680354,nan,-0.0033939153282915181,-0.0013600826104872717,0.0033475617611619275,-0.00045420990405720119,0.040090851114428006,9.6351534613683043
1786615513.5882542,1786615513.5879786,vesc,0.00018271388429048652,0.00018271388429048652,nan,nan,0.01,1,0,1,0,0,1786615513.5879786,nan,-0.0012260522666965789,0.00077896005468596581,0.00018271388429048652,-0.033645108710298466,0.073699295953762345,9.6061115094233855
1786615513.6084464,1786615513.6080456,vesc,0.00020770137032592652,0.00020770137032592652,nan,nan,0.01,1,0,1,0,0,1786615513.6080456,nan,0.00090432992344739716,0.00077889243536141293,0.00020770137032592652,0.0094622799750321285,0.07848798305247584,9.6066307421955344
1786615513.6283367,1786615513.6280463,vesc,0.0012450379525107266,0.0012450379525107266,nan,nan,0.01,1,0,1,0,0,1786615513.6280463,nan,-0.0012385462372793334,-0.00028916311832836143,0.0012450379525107266,-0.037760662487052343,0.03074374758826437,9.5484638078398802
1786615513.6487994,1786615513.6484401,vesc,0.0012757519500942313,0.0012757519500942313,nan,nan,0.01,1,0,1,0,0,1786615513.6484401,nan,0.00089183595286464255,0.0018412908523293707,0.0012757519500942313,0.027666074634217885,0.078268529730632252,9.6882800956159372
1786615513.6687484,1786615513.6683602,vesc,-0.00087284285493222644,-0.00087284285493222644,nan,nan,0.01,1,0,1,0,0,1786615513.6683602,nan,-0.00014836720104183631,-0.00028347165179561784,-0.00087284285493222644,0.032624328710037398,0.01603672051480487,9.6738000501547958
1786615513.6881821,1786615513.6878614,vesc,-0.00089496711770292476,-0.00089496711770292476,nan,nan,0.01,1,0,1,0,0,1786615513.6878614,nan,-0.0022787499113344628,0.00078185624237142701,-0.00089496711770292476,-0.01955687239600401,0.073634501492541915,9.6302289361351541
1786615513.7092969,1786615513.7079706,vesc,0.0012450379525107266,0.0012450379525107266,nan,nan,0.01,1,0,1,0,0,1786615513.7079706,nan,-0.0012385462372793334,-0.00028916311832836143,0.0012450379525107266,0.019603494806552213,0.045086273840396984,9.558756077271596
1786615513.7285404,1786615513.7282043,vesc,0.00017698743776100315,0.00017698743776100315,nan,nan,0.01,1,0,1,0,0,1786615513.7282043,nan,-0.0012260522666965789,-0.001351561535296319,0.00017698743776100315,-0.0047944886332418335,0.03540397866261813,9.5967664889678872
1786615513.7484727,1786615513.7480652,vesc,-0.00085462269789431371,-0.00085462269789431371,nan,nan,0.01,1,0,1,0,0,1786615513.7480652,nan,0.00091682389403015165,0.001847016648673041,-0.00085462269789431371,0.033129932444182053,0.088002901675043432,9.6308861632026037
1786615513.7688057,1786615513.7680967,vesc,-0.0019159057861186379,-0.0019159057861186379,nan,nan,0.01,1,0,1,0,0,1786615513.7680967,nan,0.0019945084395362441,-0.0013459356074935265,-0.0019159057861186379,-0.019163619717731173,0.059354540450566873,9.5966624085248213
1786615513.7886024,1786615513.7879691,vesc,0.0012603948212653164,0.0012603948212653164,nan,nan,0.01,1,0,1,0,0,1786615513.7879691,nan,-0.00017335514220734541,0.00077606386700050461,0.0012603948212653164,-0.00017331513386231734,0.064105366826311183,9.6112687538494583
1786615513.8083646,1786615513.8078716,vesc,0.0012393115059812433,0.0012393115059812433,nan,nan,0.01,1,0,1,0,0,1786615513.8078716,nan,-0.0012385462372793334,-0.0024196847083106463,0.0012393115059812433,0.018760805927830138,0.0592632142471885,9.630639410691515
1786615513.8283339,1786615513.8278637,vesc,0.00015772639825504655,0.00015772639825504655,nan,nan,0.01,1,0,1,0,0,1786615513.8278637,nan,-0.0033564354971378557,0.0007790266337132178,0.00015772639825504655,-0.018601830177341405,0.088223414804769362,9.5488427074303672
1786615513.848619,1786615513.848,vesc,-0.00086997969668606593,-0.00086997969668606593,nan,nan,0.01,1,0,1,0,0,1786615513.848,nan,-0.00014836720104183631,0.00078178966334417502,-0.00086997969668606593,0.027946973972550193,0.035222714969638247,9.6642152938472918
1786615513.8685501,1786615513.8680067,vesc,-0.00087570614321554941,-0.00087570614321554941,nan,nan,0.01,1,0,1,0,0,1786615513.8680067,nan,-0.00014836720104183631,-0.0013487319266381099,-0.00087570614321554941,0.0001075842044699904,0.049799641489265412,9.5872823047739075
1786615513.8883364,1786615513.8879731,vesc,0.00021446866681416318,0.00021446866681416318,nan,nan,0.01,1,0,1,0,0,1786615513.8879731,nan,0.0019695210185193849,-0.0013516614038371971,0.00021446866681416318,-0.010033630627050094,0.073621308711661726,9.6351312419478745
1786615513.9084184,1786615513.9080076,vesc,0.00017698743776100315,0.00017698743776100315,nan,nan,0.01,1,0,1,0,0,1786615513.9080076,nan,-0.0012260522666965789,-0.001351561535296319,0.00017698743776100315,0.028115510834667123,0.059211393296251913,9.6499106648632278
1786615513.9283669,1786615513.9279749,vesc,0.0023284454335429122,0.0023284454335429122,nan,nan,0.01,1,0,1,0,0,1786615513.9279749,nan,-0.00018584859264144957,0.0018384612436711616,0.0023284454335429122,-0.023222994540446074,0.0595220631861757,9.5343404425487961
1786615513.9483469,1786615513.9479854,vesc,0.0023044988299755161,0.0023044988299755161,nan,nan,0.01,1,0,1,0,0,1786615513.9479854,nan,-0.0012510396877134374,-0.0024225476064824816,0.0023044988299755161,0.047049641032634426,0.054369277262228621,9.6692813217052844
1786615513.9685497,1786615513.9680541,vesc,0.0012632581095486394,0.0012632581095486394,nan,nan,0.01,1,0,1,0,0,1786615513.9680541,nan,-0.00017335514220734541,0.0018413241418429966,0.0012632581095486394,0.0051781893361613207,0.073813974475651634,9.5634537305277263
1786615513.9882464,1786615513.9879384,vesc,0.00017698743776100315,0.00017698743776100315,nan,nan,0.01,1,0,1,0,0,1786615513.9879384,nan,-0.0012260522666965789,-0.001351561535296319,0.00017698743776100315,0.013746379750177784,0.025681703146105406,9.6496522179203339
1786615514.0082703,1786615514.0078354,vesc,0.00017022014127276652,0.00017022014127276652,nan,nan,0.01,1,0,1,0,0,1786615514.0078354,nan,-0.0022912438819172173,0.00077899334419959175,0.00017022014127276652,-0.028293599672137404,-0.026762524460597348,9.5580006169769831
1786615514.0286753,1786615514.0282953,vesc,0.002394818221855007,0.002394818221855007,nan,nan,0.01,1,0,1,0,0,1786615514.0282953,nan,0.0062052984979391289,-0.0013575213985326721,0.002394818221855007,-0.0049068511094572109,0.15991881505106953,9.6066810282522965
1786615514.0481586,1786615514.0478649,vesc,0.00031051450522313754,0.00031051450522313754,nan,nan,0.01,1,0,1,0,0,1786615514.0478649,nan,0.0094258592041719519,0.0018438853537975962,0.00031051450522313754,-0.025189267068085108,0.05907146211068337,9.7019801224756748
1786615514.068208,1786615514.0678458,vesc,0.00014523265523732652,0.00014523265523732652,nan,nan,0.01,1,0,1,0,0,1786615514.0678458,nan,-0.0044216260720611935,0.00077906096352414452,0.00014523265523732652,0.037020774972917447,0.26502758239615432,9.7080530409120911
1786615514.0858538,1786615514.0854564,vesc,0.0012085976384349014,0.0012085976384349014,nan,nan,0.01,1,0,1,0,0,1786615514.0854564,nan,-0.0033689284274233092,-0.0045501386789683785,0.0012085976384349014,0.046544016741871364,0.063833471286841359,9.7124150639754134
1786615514.1082501,1786615514.107872,vesc,0.0044549161058358338,0.0044549161058358338,nan,nan,0.01,1,0,1,0,0,1786615514.107872,nan,-0.0012760276288789466,0.005028550081517244,0.0044549161058358338,0.11900764522688423,-0.0030874761769581482,9.660390045203826
1786615514.1282897,1786615514.1278951,vesc,0.00017985066102574486,0.00017985066102574486,nan,nan,0.01,1,0,1,0,0,1786615514.1278951,nan,-0.0012260522666965789,-0.00028630022015652622,0.00017985066102574486,0.15135585058626599,-0.22369986239283435,9.7607750478192656
1786615514.1483431,1786615514.1480229,vesc,-0.0067457371069002715,-0.0067457371069002715,nan,nan,0.01,1,0,1,0,0,1786615514.1480229,nan,0.046795002725027561,-0.011985636588793773,-0.0067457371069002715,0.16166561598431528,-0.2570629799799562,9.6985314345363349
1786615514.1651804,1786615514.1645739,vesc,0.00035294068996783638,0.00035294068996783638,nan,nan,0.01,1,0,1,0,0,1786615514.1645739,nan,0.014751815199680543,-0.0056131061385598802,0.00035294068996783638,0.34868899935373321,0.312995254598043,9.6830959539967125
1786615514.1881464,1786615514.1878417,vesc,0.010600328849356409,0.010600328849356409,nan,nan,0.01,1,0,1,0,0,1786615514.1878417,nan,-0.018394047933229983,-0.012032260633221575,0.010600328849356409,0.349924918070041,0.36596869178902836,9.5778636093980367
1786615514.2083566,1786615514.2078583,vesc,0.011162121641011323,0.011162121641011323,nan,nan,0.01,1,0,1,0,0,1786615514.2078583,nan,-0.058883806637440188,-0.022686453996219436,0.011162121641011323,0.45598712878569003,0.21653477538856514,9.9284042027575197
1786615514.2282386,1786615514.2278812,vesc,0.010302657139404703,0.010302657139404703,nan,nan,0.01,1,0,1,0,0,1786615514.2278812,nan,-0.13557756964381251,-0.0077703935377947623,0.010302657139404703,0.051670800827601671,0.092650707415604217,9.6838093143368269
1786615514.2482579,1786615514.2478938,vesc,0.014116657521480449,0.014116657521480449,nan,nan,0.01,1,0,1,0,0,1786615514.2478938,nan,-0.077029529363182483,-0.033347075356239014,0.014116657521480449,0.22443741558874564,0.26516331089529288,9.6575576538206178
1786615514.2681904,1786615514.2678411,vesc,0.015958634970028356,0.015958634970028356,nan,nan,0.01,1,0,1,0,0,1786615514.2678411,nan,-0.1026191119084541,-0.029090956943696494,0.015958634970028356,-0.13355486058070642,-0.021943468384289844,9.5471984703185626
1786615514.2882679,1786615514.2878995,vesc,0.024728967474850313,0.024728967474850313,nan,nan,0.01,1,0,1,0,0,1786615514.2878995,nan,-0.082480420903329424,-0.024853455691649304,0.024728967474850313,0.30996361933295447,-0.26080190909866019,9.3074491697163353
1786615514.3086634,1786615514.3081312,vesc,0.015749270977050697,0.015749270977050697,nan,nan,0.01,1,0,1,0,0,1786615514.3081312,nan,-0.035499579468484761,-0.003523955091636295,0.015749270977050697,-0.00046867262714123115,-0.24142598976229124,9.2272136731011756
1786615514.3282444,1786615514.3278856,vesc,0.0042570978524512394,0.0042570978524512394,nan,nan,0.01,1,0,1,0,0,1786615514.3278856,nan,-0.01618870504048138,-0.0034930645035859773,0.0042570978524512394,0.37026358150476923,-0.24209432653995577,9.475869452966208
1786615514.3490045,1786615514.3480656,vesc,0.0045626742614431649,0.0045626742614431649,nan,nan,0.01,1,0,1,0,0,1786615514.3480656,nan,0.0093758843621382336,-0.0013633481037145212,0.0045626742614431649,0.3313840907998582,-0.12726132851554084,9.5236260041289142
1786615514.3682241,1786615514.3679526,vesc,-0.0028368949005040788,-0.0028368949005040788,nan,nan,0.01,1,0,1,0,0,1786615514.3679526,nan,0.014789297111428805,-0.0034739968943593904,-0.0028368949005040788,0.37963272172586571,0.02021064595156119,9.9030296246266971
1786615514.388597,1786615514.3881116,vesc,0.0099890824046154833,0.0099890824046154833,nan,nan,0.01,1,0,1,0,0,1786615514.3881116,nan,0.012508988314589077,0.022057968784906755,0.0099890824046154833,-0.08801729130792868,0.05415468443860405,9.7491332409572351
1786615514.4085388,1786615514.4081304,vesc,0.0078139372619148578,0.0078139372619148578,nan,nan,0.01,1,0,1,0,0,1786615514.4081304,nan,0.013599167870975223,0.00075844955310315238,0.0078139372619148578,0.29809526939979847,0.32674885657348796,9.9124775560820808
1786615514.4282629,1786615514.4279013,vesc,0.023831049423816471,0.023831049423816471,nan,nan,0.01,1,0,1,0,0,1786615514.4279013,nan,0.015542143623269783,0.0060417398354135326,0.023831049423816471,-0.25524942942267259,0.12979598697400974,10.121025527906568
1786615514.4483681,1786615514.4480309,vesc,0.020295295280194362,0.020295295280194362,nan,nan,0.01,1,0,1,0,0,1786615514.4480309,nan,-0.013180537672966182,0.0049859733137382527,0.020295295280194362,0.47751997643322142,0.18245027581201256,10.134552477175589
1786615514.4682171,1786615514.4679492,vesc,-0.0035058305119128946,-0.0035058305119128946,nan,nan,0.01,1,0,1,0,0,1786615514.4679492,nan,-0.042731027223945048,-0.0013416651870736926,-0.0035058305119128946,0.33253661359935549,-0.0094421573296799011,10.242514302157588
1786615514.4882979,1786615514.4877884,vesc,0.0033791503887010904,0.0033791503887010904,nan,nan,0.01,1,0,1,0,0,1786615514.4877884,nan,-0.085426126740309249,-0.027991878684199199,0.0033791503887010904,0.41936934119189573,-0.10510370584881912,10.190581669397261
1786615514.5080929,1786615514.5078011,vesc,0.024367075091627565,0.024367075091627565,nan,nan,0.01,1,0,1,0,0,1786615514.5078011,nan,-0.024947613000345814,-0.014199799122058661,0.024367075091627565,0.71532010761432474,-0.33526583816698263,10.279661664786659
1786615514.5283947,1786615514.527848,vesc,0.053472101016020242,0.053472101016020242,nan,nan,0.01,1,0,1,0,0,1786615514.527848,nan,-0.07962219158578028,-0.045170811516404688,0.053472101016020242,0.74454953591911988,0.039565259494985128,9.830714766673168
1786615514.5479853,1786615514.5476978,vesc,0.025860713150187713,0.025860713150187713,nan,nan,0.01,1,0,1,0,0,1786615514.5476978,nan,-0.24016621401405633,-0.10475162150657825,0.025860713150187713,0.89141573881871494,0.15784336403899957,10.378859682573875
1786615514.5680082,1786615514.5677202,vesc,0.0040647671673284293,0.0040647671673284293,nan,nan,0.01,1,0,1,0,0,1786615514.5677202,nan,-0.28358917210109602,-0.097236164265617833,0.0040647671673284293,0.74921415240540057,-0.07392726428376406,11.066384683944307
1786615514.5889163,1786615514.5877349,vesc,-0.016616539789008008,-0.016616539789008008,nan,nan,0.01,1,0,1,0,0,1786615514.5877349,nan,-0.31743791626648948,-0.1131596038973651,-0.016616539789008008,0.67134283136005024,-0.069418074105193739,11.170872093236994
1786615514.6080248,1786615514.6077292,vesc,0.0068329343065056999,0.0068329343065056999,nan,nan,0.01,1,0,1,0,0,1786615514.6077292,nan,-0.30493048007547324,-0.16329024085485214,0.0068329343065056999,-0.011661093538234191,-0.28081415170562707,11.406602602349381
1786615514.6281116,1786615514.6277428,vesc,0.091720025278763939,0.091720025278763939,nan,nan,0.01,1,0,1,0,0,1786615514.6277428,nan,-0.14612628414258913,-0.19015011795057793,0.091720025278763939,-0.32112383487520901,-0.31979410488876425,11.651968153826033
1786615514.6480591,1786615514.6477597,vesc,0.16627860720354368,0.16627860720354368,nan,nan,0.01,1,0,1,0,0,1786615514.6477597,nan,-0.060707893053008721,-0.1722409421862835,0.16627860720354368,0.052304981641747794,-0.31984453712592398,11.670719005782416
1786615514.6680911,1786615514.6677318,vesc,0.13518412088226694,0.13518412088226694,nan,nan,0.01,1,0,1,0,0,1786615514.6677318,nan,-0.069932288281905369,-0.20624594732863741,0.13518412088226694,0.73209218861907743,-0.041027502011822037,11.301000713705662
1786615514.6881382,1786615514.6877737,vesc,0.073573836499830889,0.073573836499830889,nan,nan,0.01,1,0,1,0,0,1786615514.6877737,nan,-0.13206641645076,-0.26467012565144354,0.073573836499830889,0.7411515725777349,-0.025679181534247419,10.937079351474722
1786615514.7083032,1786615514.7079444,vesc,0.027738855494101052,0.027738855494101052,nan,nan,0.01,1,0,1,0,0,1786615514.7079444,nan,-0.20823544517622428,-0.33805041691905291,0.027738855494101052,0.55665615991359729,-0.10178581282020005,10.738304416309802
1786615514.7286477,1786615514.7282004,vesc,-0.0036942782873604233,-0.0036942782873604233,nan,nan,0.01,1,0,1,0,0,1786615514.7282004,nan,-0.2387636602259661,-0.40507785391957596,-0.0036942782873604233,0.510613025735843,-0.22590002355657646,10.57934785199825
1786615514.7483218,1786615514.7478871,vesc,-0.036207793064931701,-0.036207793064931701,nan,nan,0.01,1,0,1,0,0,1786615514.7478871,nan,-0.18511679342459861,-0.44866644398166178,-0.036207793064931701,0.70272147696003628,-0.30352495754183195,10.945461920192656
1786615514.7681799,1786615514.7678206,vesc,-0.073568302118190571,-0.073568302118190571,nan,nan,0.01,1,0,1,0,0,1786615514.7678206,nan,-0.098386541665612767,-0.45815345602236462,-0.073568302118190571,0.77017072038063361,-0.37528732668276632,10.912528061342982
1786615514.7880652,1786615514.78773,vesc,-0.12247070582568986,-0.12247070582568986,nan,nan,0.01,1,0,1,0,0,1786615514.78773,nan,-0.0051276966560684515,-0.43032505381720426,-0.12247070582568986,0.68558511440455305,-0.33659110965130168,10.772718790226008
1786615514.8083394,1786615514.8079324,vesc,-0.18845306848019538,-0.18845306848019538,nan,nan,0.01,1,0,1,0,0,1786615514.8079324,nan,0.07980951167895374,-0.37901479462200188,-0.18845306848019538,0.73883366310375465,-0.2885638323923061,10.725568010630809
1786615514.8282793,1786615514.8277323,vesc,-0.24523630680783554,-0.24523630680783554,nan,nan,0.01,1,0,1,0,0,1786615514.8277323,nan,0.12841778588881059,-0.3138807985774979,-0.24523630680783554,0.88697762885846032,-0.37965607404437662,10.755803964063034
1786615514.8482027,1786615514.84764,vesc,-0.30416189178487635,-0.30416189178487635,nan,nan,0.01,1,0,1,0,0,1786615514.84764,nan,0.17065989002613072,-0.22530515927541209,-0.30416189178487635,0.98131112846572677,-0.35604377369639195,10.881523783741159
1786615514.8679965,1786615514.8676741,vesc,-0.35883792054474817,-0.35883792054474817,nan,nan,0.01,1,0,1,0,0,1786615514.8676741,nan,0.2043304687145979,-0.10371760760146297,-0.35883792054474817,1.1596684627812337,-0.26587583069812126,11.19523276413031
1786615514.8880215,1786615514.8877196,vesc,-0.4187524204583194,-0.4187524204583194,nan,nan,0.01,1,0,1,0,0,1786615514.8877196,nan,0.23380277368163693,0.06901688907502869,-0.4187524204583194,1.3286710556448043,-0.19002622109618628,11.489633068165972
1786615514.9038861,1786615514.9034255,vesc,-0.47542348976979687,-0.47542348976979687,nan,nan,0.01,1,0,1,0,0,1786615514.9034255,nan,0.26536797372558518,0.25026480435433912,-0.47542348976979687,1.2308399707552127,-0.098381819537415538,11.25400196172393
1786615514.9281342,1786615514.9277859,vesc,-0.51870624907020069,-0.51870624907020069,nan,nan,0.01,1,0,1,0,0,1786615514.9277859,nan,0.26055426012099653,0.41869353130871506,-0.51870624907020069,0.98542676446895427,-0.01610681401543701,10.939970215016956
1786615514.9480424,1786615514.9476211,vesc,-0.55822096832327861,-0.55822096832327861,nan,nan,0.01,1,0,1,0,0,1786615514.9476211,nan,0.21734368913089064,0.5711331384209597,-0.55822096832327861,0.91707865778373332,-0.040350906041695112,11.049281577429269
1786615514.9682257,1786615514.9678266,vesc,-0.58492738076118855,-0.58492738076118855,nan,nan,0.01,1,0,1,0,0,1786615514.9678266,nan,0.17717875909766986,0.71927713327393372,-0.58492738076118855,0.98707034376896985,-0.069518134587326585,11.208107164104604
1786615514.9882848,1786615514.9878004,vesc,-0.61395423874639821,-0.61395423874639821,nan,nan,0.01,1,0,1,0,0,1786615514.9878004,nan,0.12425653010653454,0.85251368445102571,-0.61395423874639821,0.81464084384529656,-0.059932647377834769,11.206110924595464
1786615515.0081625,1786615515.0078053,vesc,-0.63079826658795868,-0.63079826658795868,nan,nan,0.01,1,0,1,0,0,1786615515.0078053,nan,0.023250767428234217,0.97186904107829775,-0.63079826658795868,0.71732979572004041,-0.036327144418336843,11.334373113748029
1786615515.0282273,1786615515.0278149,vesc,-0.63534994178604032,-0.63534994178604032,nan,nan,0.01,1,0,1,0,0,1786615515.0278149,nan,-0.1162518002390561,1.0762775392455544,-0.63534994178604032,0.77104232100111147,-0.18089213895437339,11.65557003882202
1786615515.0483229,1786615515.0479167,vesc,-0.62477053435570051,-0.62477053435570051,nan,nan,0.01,1,0,1,0,0,1786615515.0479167,nan,-0.23462545743187604,1.1689274488308117,-0.62477053435570051,0.51610586380962431,-0.29499489280275526,11.336108567427914
1786615515.0682535,1786615515.0677798,vesc,-0.6042944874194901,-0.6042944874194901,nan,nan,0.01,1,0,1,0,0,1786615515.0677798,nan,-0.3200906577388038,1.2327885870323121,-0.6042944874194901,0.37342579240998219,-0.45282937638260279,11.247782862889949
1786615515.0884774,1786615515.0877337,vesc,-0.56818814830852271,-0.56818814830852271,nan,nan,0.01,1,0,1,0,0,1786615515.0877337,nan,-0.43024262898146631,1.2742370941319239,-0.56818814830852271,0.1312292492270295,-0.73495666659955106,11.066940169455052
1786615515.1081223,1786615515.1077416,vesc,-0.52023826577678234,-0.52023826577678234,nan,nan,0.01,1,0,1,0,0,1786615515.1077416,nan,-0.5224237889253559,1.2836954439013948,-0.52023826577678234,-0.18840365522832059,-1.0065871810085909,10.545099539013677
1786615515.1245399,1786615515.1236124,vesc,-0.47089674841742102,-0.47089674841742102,nan,nan,0.01,1,0,1,0,0,1786615515.1236124,nan,-0.57946610289279032,1.2611922653224434,-0.47089674841742102,-0.47664340567922636,-1.2020677947339991,10.205866291766597
1786615515.1481144,1786615515.1477389,vesc,-0.40271333305623547,-0.40271333305623547,nan,nan,0.01,1,0,1,0,0,1786615515.1477389,nan,-0.56854860716206501,1.2141371383379422,-0.40271333305623547,-0.72312409431869895,-1.5750893983447156,9.9816150369141496
1786615515.1685753,1786615515.1675522,vesc,-0.32176595251203177,-0.32176595251203177,nan,nan,0.01,1,0,1,0,0,1786615515.1675522,nan,-0.46509688290593287,1.1521339544709355,-0.32176595251203177,-0.93076699021166576,-1.7670701609916364,10.122375065336882
1786615515.1878061,1786615515.1875417,vesc,-0.24865553933138829,-0.24865553933138829,nan,nan,0.01,1,0,1,0,0,1786615515.1875417,nan,-0.29976411400828762,1.0752381740511239,-0.24865553933138829,-1.2077836675493643,-1.7429310995810283,10.052125444040144
1786615515.2090046,1786615515.2086155,vesc,-0.18113887963861769,-0.18113887963861769,nan,nan,0.01,1,0,1,0,0,1786615515.2086155,nan,-0.15354237218537597,0.98237834079294117,-0.18113887963861769,-1.3294507818854129,-1.8476509357058433,9.8061073432687635
1786615515.2288671,1786615515.2279146,vesc,-0.11287693431478842,-0.11287693431478842,nan,nan,0.01,1,0,1,0,0,1786615515.2279146,nan,-0.032897687728234162,0.88205965911171902,-0.11287693431478842,-1.3081009886407315,-1.995640169509727,9.6191344286816047
1786615515.2480748,1786615515.2475481,vesc,-0.046053170881007577,-0.046053170881007577,nan,nan,0.01,1,0,1,0,0,1786615515.2475481,nan,0.054738567272407418,0.78707122777326333,-0.046053170881007577,-1.2479841539619656,-1.8752863398653972,9.3950147361869654
1786615515.2681797,1786615515.2676907,vesc,0.0096312086898657761,0.0096312086898657761,nan,nan,0.01,1,0,1,0,0,1786615515.2676907,nan,0.09776173910674496,0.70596112808645572,0.0096312086898657761,-1.2069698812761231,-1.7453389830897095,9.1659067838058377
1786615515.2879884,1786615515.2875638,vesc,0.085972782165940037,0.085972782165940037,nan,nan,0.01,1,0,1,0,0,1786615515.2875638,nan,0.088340656947778345,0.61201232825853968,0.085972782165940037,-1.2996741272623353,-1.6009273683358174,8.9017360012649078
1786615515.3060262,1786615515.3056931,vesc,0.16787515563228936,0.16787515563228936,nan,nan,0.01,1,0,1,0,0,1786615515.3056931,nan,0.0085419971301180352,0.51591805256694212,0.16787515563228936,-1.2562858849200467,-1.3853133284538615,8.878872802364242
1786615515.3288381,1786615515.3284526,vesc,0.26384604374163217,0.26384604374163217,nan,nan,0.01,1,0,1,0,0,1786615515.3284526,nan,-0.14706013822358224,0.43576499310736821,0.26384604374163217,-1.0977761209936503,-1.3612651912505385,8.8424732986491108
1786615515.3479548,1786615515.3475797,vesc,0.37112354870647446,0.37112354870647446,nan,nan,0.01,1,0,1,0,0,1786615515.3475797,nan,-0.33901621228837014,0.36090786250201223,0.37112354870647446,-1.0475756528542632,-1.2984687237040191,8.646825454548889
1786615515.3681109,1786615515.367764,vesc,0.48093197216851674,0.48093197216851674,nan,nan,0.01,1,0,1,0,0,1786615515.367764,nan,-0.49904153416008284,0.2956313207601618,0.48093197216851674,-0.97337046308962982,-1.3697804917694612,8.4463080490450011
1786615515.3883176,1786615515.3875246,vesc,0.60687675499145821,0.60687675499145821,nan,nan,0.01,1,0,1,0,0,1786615515.3875246,nan,-0.64647196828848374,0.23350726266917904,0.60687675499145821,-1.0129385731023675,-1.4264484923284897,8.1438970592228088
1786615515.4042301,1786615515.4039614,vesc,0.72857715811659929,0.72857715811659929,nan,nan,0.01,1,0,1,0,0,1786615515.4039614,nan,-0.79172203914292316,0.16819877963900443,0.72857715811659929,-0.99942660732409649,-1.5884081867276052,7.8082931788864585
1786615515.428051,1786615515.4276357,vesc,0.83991879670771397,0.83991879670771397,nan,nan,0.01,1,0,1,0,0,1786615515.4276357,nan,-0.91234779018919032,0.10504869712617659,0.83991879670771397,-0.90003694703567305,-1.7025475953106763,7.5025674023690954
1786615515.4479389,1786615515.4475055,vesc,0.94100267114914304,0.94100267114914304,nan,nan,0.01,1,0,1,0,0,1786615515.4475055,nan,-0.99876250729327221,0.039795628652621665,0.94100267114914304,-0.80300678454433694,-1.8507581462364726,7.3979186099174967
1786615515.4690056,1786615515.4675694,vesc,1.0379334790286481,1.0379334790286481,nan,nan,0.01,1,0,1,0,0,1786615515.4675694,nan,-1.0744753115568706,-0.031837878611247927,1.0379334790286481,-1.0137684392193407,-1.8879774296211451,6.9881638458342081
1786615515.487906,1786615515.4875433,vesc,1.1263919725322842,1.1263919725322842,nan,nan,0.01,1,0,1,0,0,1786615515.4875433,nan,-1.1436970601375644,-0.11303602490040703,1.1263919725322842,-1.1348596027889855,-1.9840831472782838,7.1014542386682251
1786615515.5079503,1786615515.5075002,vesc,1.2328852597798821,1.2328852597798821,nan,nan,0.01,1,0,1,0,0,1786615515.5075002,nan,-1.2120659979581876,-0.2262407111216001,1.2328852597798821,-1.2664287579854516,-2.2193049486071459,7.2908946783662714
1786615515.5280926,1786615515.5276892,vesc,1.3326122536459157,1.3326122536459157,nan,nan,0.01,1,0,1,0,0,1786615515.5276892,nan,-1.2217619016968937,-0.33836194018756494,1.3326122536459157,-1.2968524070481493,-2.4448212486201157,7.4336427601958803
1786615515.5481262,1786615515.5477695,vesc,1.421379407519892,1.421379407519892,nan,nan,0.01,1,0,1,0,0,1786615515.5477695,nan,-1.1684740456552256,-0.4429968070474784,1.421379407519892,-1.2275911114193434,-2.4885259715231314,7.6546955879496181
1786615515.5679178,1786615515.5675037,vesc,1.5027677409615854,1.5027677409615854,nan,nan,0.01,1,0,1,0,0,1786615515.5675037,nan,-1.1119033109378169,-0.53269806467379988,1.5027677409615854,-1.2450083596087467,-2.4929163535835812,7.5059774986834782
1786615515.5879726,1786615515.5875161,vesc,1.5693867156299177,1.5693867156299177,nan,nan,0.01,1,0,1,0,0,1786615515.5875161,nan,-1.0434405632677957,-0.62022917890684293,1.5693867156299177,-1.3318411237463863,-2.526585207472209,7.5575628068191918
1786615515.6080399,1786615515.6074862,vesc,1.6228942824615173,1.6228942824615173,nan,nan,0.01,1,0,1,0,0,1786615515.6074862,nan,-0.9130342199601581,-0.70346388193228848,1.6228942824615173,-1.5418019291133334,-2.5599286637958585,7.4879452695615214
1786615515.6280613,1786615515.6275642,vesc,1.6738345620022803,1.6738345620022803,nan,nan,0.01,1,0,1,0,0,1786615515.6275642,nan,-0.73146116184007337,-0.77603901637858286,1.6738345620022803,-1.5220250369464452,-2.6076875538449258,7.4353548250121548
1786615515.6483653,1786615515.6476934,vesc,1.720803402567463,1.720803402567463,nan,nan,0.01,1,0,1,0,0,1786615515.6476934,nan,-0.52640404962204745,-0.84327717600035834,1.720803402567463,-1.694960101775095,-2.6892287337711309,7.4762204322336743
1786615515.6680145,1786615515.6676245,vesc,1.7754906166039131,1.7754906166039131,nan,nan,0.01,1,0,1,0,0,1786615515.6676245,nan,-0.3022609273987778,-0.89668753745217,1.7754906166039131,-1.6942297845088632,-2.6746910932333492,7.4139931911552708
1786615515.6881146,1786615515.687659,vesc,1.8327869295603136,1.8327869295603136,nan,nan,0.01,1,0,1,0,0,1786615515.687659,nan,-0.13034960133166204,-0.94051750977755788,1.8327869295603136,-1.7373372143074306,-2.7225900241032832,7.4133587682298412
1786615515.7077737,1786615515.707469,vesc,1.9133741841461114,1.9133741841461114,nan,nan,0.01,1,0,1,0,0,1786615515.707469,nan,0.029569714245097876,-0.98654066183965328,1.9133741841461114,-1.7688988777651673,-2.7029781696052453,7.245377610894252
1786615515.7276509,1786615515.7273796,vesc,1.9944806219864202,1.9944806219864202,nan,nan,0.01,1,0,1,0,0,1786615515.7273796,nan,0.1404777694048015,-1.0219125677010039,1.9944806219864202,-1.7244995056129255,-2.5781430336931805,7.1360551387717237
1786615515.7478335,1786615515.7474494,vesc,2.0782575446098059,2.0782575446098059,nan,nan,0.01,1,0,1,0,0,1786615515.7474494,nan,0.20341472412901737,-1.0434430932708312,2.0782575446098059,-1.5587133931271637,-2.3965521889835486,7.2965705708429027
1786615515.767916,1786615515.7675068,vesc,2.159344541374157,2.159344541374157,nan,nan,0.01,1,0,1,0,0,1786615515.7675068,nan,0.21524748174737565,-1.0500526596222444,2.159344541374157,-1.3636837459282418,-2.0519859884725236,7.4147533292226058
1786615515.78789,1786615515.7874527,vesc,2.2315011600551453,2.2315011600551453,nan,nan,0.01,1,0,1,0,0,1786615515.7874527,nan,0.18670293888033618,-1.0321369757580361,2.2315011600551453,-1.1611531439890967,-1.8276467330207424,7.7099453462914767
1786615515.8081565,1786615515.8074014,vesc,2.2989288035884798,2.2989288035884798,nan,nan,0.01,1,0,1,0,0,1786615515.8074014,nan,0.11560071560918059,-1.0024907330823012,2.2989288035884798,-1.0424216243969369,-1.5165307005235888,7.7984014437440692
1786615515.828259,1786615515.8275764,vesc,2.3543537132468821,2.3543537132468821,nan,nan,0.01,1,0,1,0,0,1786615515.8275764,nan,0.019071331410329163,-0.96748581081916352,2.3543537132468821,-0.86316549990700508,-1.2824561229548124,8.0358621440420279
1786615515.8484843,1786615515.8474898,vesc,2.3958521546169327,2.3958521546169327,nan,nan,0.01,1,0,1,0,0,1786615515.8474898,nan,-0.087947532758990615,-0.915399240166203,2.3958521546169327,-0.83414627901390759,-1.1291120819175475,8.012662730226964
1786615515.8673592,1786615515.8657107,vesc,2.4244931205601898,2.4244931205601898,nan,nan,0.01,1,0,1,0,0,1786615515.8657107,nan,-0.2044032063018707,-0.84942961075065948,2.4244931205601898,-0.79193771247996381,-1.1149493940995185,8.0898418870898468
1786615515.8879523,1786615515.887687,vesc,2.435615546536797,2.435615546536797,nan,nan,0.01,1,0,1,0,0,1786615515.887687,nan,-0.26525653707872215,-0.80578346311951432,2.435615546536797,-0.69827832377606569,-1.1872918801481873,8.2727808074258178
1786615515.9077301,1786615515.9074123,vesc,2.4436495045972388,2.4436495045972388,nan,nan,0.01,1,0,1,0,0,1786615515.9074123,nan,-0.3218116257247266,-0.74082370438932876,2.4436495045972388,-0.63612453834743832,-1.182529468975936,8.2831028976586367
1786615515.9278805,1786615515.9274201,vesc,2.4457371565757522,2.4457371565757522,nan,nan,0.01,1,0,1,0,0,1786615515.9274201,nan,-0.342075218984976,-0.6683911156403809,2.4457371565757522,-0.58901388527137044,-1.2306114907938195,8.3505920483277691
1786615515.947871,1786615515.9473908,vesc,2.4418854266911705,2.4418854266911705,nan,nan,0.01,1,0,1,0,0,1786615515.9473908,nan,-0.32498221887100681,-0.59061615916570687,2.4418854266911705,-0.53164973711404073,-1.3647597798347135,8.3604849529133389
1786615515.9679246,1786615515.9673841,vesc,2.4361393903232154,2.4361393903232154,nan,nan,0.01,1,0,1,0,0,1786615515.9673841,nan,-0.28869075677476541,-0.50857508494083481,2.4361393903232154,-0.47168690348410891,-1.365289537595487,8.5575928468244342
1786615515.9877787,1786615515.987411,vesc,2.4293390084796984,2.4293390084796984,nan,nan,0.01,1,0,1,0,0,1786615515.987411,nan,-0.25025641539690535,-0.43185750328746314,2.4293390084796984,-0.5528872272682932,-1.4035554726267208,8.5373760978412747
1786615516.0095079,1786615516.0082128,vesc,2.424624947034149,2.424624947034149,nan,nan,0.01,1,0,1,0,0,1786615516.0082128,nan,-0.21610781593752576,-0.35301495211080353,2.424624947034149,-0.53096111780621413,-1.4088097808367763,8.7100730348022921
1786615516.0279193,1786615516.0274417,vesc,2.4167766113016853,2.4167766113016853,nan,nan,0.01,1,0,1,0,0,1786615516.0274417,nan,-0.17446541406579946,-0.28375142519050905,2.4167766113016853,-0.45161472691414062,-1.4476089819583251,8.8881435631777777
1786615516.0479186,1786615516.0476184,vesc,2.4154407696989018,2.4154407696989018,nan,nan,0.01,1,0,1,0,0,1786615516.0476184,nan,-0.12331126604474613,-0.21130958195677318,2.4154407696989018,-0.49043801125618813,-1.4764638229943614,8.9307241588235229
1786615516.0675349,1786615516.0672998,vesc,2.4160855209988097,2.4160855209988097,nan,nan,0.01,1,0,1,0,0,1786615516.0672998,nan,-0.081768807615303432,-0.15272155264789994,2.4160855209988097,-0.58786139901697254,-1.5343144229696861,9.0683471559145232
1786615516.0876544,1786615516.087352,vesc,2.4153598096017634,2.4153598096017634,nan,nan,0.01,1,0,1,0,0,1786615516.087352,nan,-0.062582883296100608,-0.11010887796727367,2.4153598096017634,-0.66049354152341522,-1.4434820169742864,9.1348048576984411
1786615516.1076753,1786615516.1073465,vesc,2.4079450364947643,2.4079450364947643,nan,nan,0.01,1,0,1,0,0,1786615516.1073465,nan,-0.066756189882309261,-0.076000367404678179,2.4079450364947643,-0.80063106072311996,-1.343170104557629,9.2388192272246101
1786615516.1278238,1786615516.1274302,vesc,2.400293508366858,2.400293508366858,nan,nan,0.01,1,0,1,0,0,1786615516.1274302,nan,-0.084776981224602435,-0.06958818290193193,2.400293508366858,-0.93440593193843569,-1.237708256734777,9.2087908499569266
1786615516.147747,1786615516.1473765,vesc,2.3925516990779978,2.3925516990779978,nan,nan,0.01,1,0,1,0,0,1786615516.1473765,nan,-0.11025411179284546,-0.064241038131000391,2.3925516990779978,-1.0710041313523107,-1.1796959081495473,9.0109391901830236
1786615516.1677704,1786615516.1673155,vesc,2.3870421514148417,2.3870421514148417,nan,nan,0.01,1,0,1,0,0,1786615516.1673155,nan,-0.12510432247242603,-0.067422034250288726,2.3870421514148417,-1.1340006467728969,-1.1654911203770197,9.0725132972451092
1786615516.1886179,1786615516.187984,vesc,2.3855257474901506,2.3855257474901506,nan,nan,0.01,1,0,1,0,0,1786615516.187984,nan,-0.1591779373023631,-0.086592791034845712,2.3855257474901506,-1.2051721547468759,-0.96894353592978888,9.0147223388719908
1786615516.2081351,1786615516.2073705,vesc,2.378338408340245,2.378338408340245,nan,nan,0.01,1,0,1,0,0,1786615516.2073705,nan,-0.22088406219452839,-0.11320517724151907,2.378338408340245,-1.2736888074304886,-0.84952555319066647,9.1387897353360472
1786615516.2278829,1786615516.2274437,vesc,2.3677009439981411,2.3677009439981411,nan,nan,0.01,1,0,1,0,0,1786615516.2274437,nan,-0.30279136250889432,-0.14619992054672981,2.3677009439981411,-1.3403514541317918,-0.74884285419558694,9.1047454901864739
1786615516.2476933,1786615516.2473285,vesc,2.3516271689228589,2.3516271689228589,nan,nan,0.01,1,0,1,0,0,1786615516.2473285,nan,-0.39209251347094493,-0.18770219021084752,2.3516271689228589,-1.2843355643262981,-0.720439272046832,9.2300291075582663
1786615516.2677691,1786615516.2672749,vesc,2.3460052358617016,2.3460052358617016,nan,nan,0.01,1,0,1,0,0,1786615516.2672749,nan,-0.49856166582116418,-0.22923253957970877,2.3460052358617016,-1.3316148364909566,-0.75382629012895563,9.1766902193733699
1786615516.2879016,1786615516.2875409,vesc,2.3489964983980784,2.3489964983980784,nan,nan,0.01,1,0,1,0,0,1786615516.2875409,nan,-0.59660927030379396,-0.27398181846863512,2.3489964983980784,-1.3521781791967413,-0.74935755537541127,9.2962207610186169
1786615516.3075144,1786615516.3072348,vesc,2.3690450414003044,2.3690450414003044,nan,nan,0.01,1,0,1,0,0,1786615516.3072348,nan,-0.69166115145522078,-0.32729916901937578,2.3690450414003044,-1.308943864813088,-0.93723846950204148,9.6938255951779411
1786615516.3276322,1786615516.3272562,vesc,2.3957403018511494,2.3957403018511494,nan,nan,0.01,1,0,1,0,0,1786615516.3272562,nan,-0.76548417660929902,-0.37850380058784289,2.3957403018511494,-1.1691288926606092,-1.1297320329836182,10.025484358944823
1786615516.3477139,1786615516.3472915,vesc,2.4250462591185995,2.4250462591185995,nan,nan,0.01,1,0,1,0,0,1786615516.3472915,nan,-0.80205044364052291,-0.41373642312418246,2.4250462591185995,-1.0432335834152084,-1.1975816645131445,10.318992377833752
1786615516.3681295,1786615516.3676839,vesc,2.4523420623952576,2.4523420623952576,nan,nan,0.01,1,0,1,0,0,1786615516.3676839,nan,-0.83007029383854636,-0.44150676841757908,2.4523420623952576,-1.0201277981447845,-1.2025655389877059,10.391104922117052
1786615516.3876626,1786615516.3872781,vesc,2.4774386272437283,2.4774386272437283,nan,nan,0.01,1,0,1,0,0,1786615516.3872781,nan,-0.86658662659933139,-0.45755324609168802,2.4774386272437283,-0.80818632148103831,-1.1219660531826108,10.700392237840674
1786615516.408057,1786615516.4076989,vesc,2.4997577813913554,2.4997577813913554,nan,nan,0.01,1,0,1,0,0,1786615516.4076989,nan,-0.87110973939472192,-0.45761323379524205,2.4997577813913554,-0.6248290328472379,-1.0641825500097681,10.587729251273004
1786615516.4277,1786615516.4273946,vesc,2.5119867508008902,2.5119867508008902,nan,nan,0.01,1,0,1,0,0,1786615516.4273946,nan,-0.83076990625691027,-0.44379758629775162,2.5119867508008902,-0.41741088931552639,-0.86746334977579664,10.46614107435164
1786615516.4476616,1786615516.4472725,vesc,2.5135795874488664,2.5135795874488664,nan,nan,0.01,1,0,1,0,0,1786615516.4472725,nan,-0.70081656665069525,-0.41823543431170779,2.5135795874488664,-0.39576566548736736,-1.1314430745371098,10.662090634792435
1786615516.4675696,1786615516.4672396,vesc,2.5254777922510137,2.5254777922510137,nan,nan,0.01,1,0,1,0,0,1786615516.4672396,nan,-0.51558578993144111,-0.36713453286769926,2.5254777922510137,-0.43003842714343321,-1.1209348966581913,10.316809027415729
1786615516.4877625,1786615516.4872482,vesc,2.538770960832144,2.538770960832144,nan,nan,0.01,1,0,1,0,0,1786615516.4872482,nan,-0.39109582543298282,-0.32455950862698402,2.538770960832144,-0.44120536698397572,-0.90464974257101716,10.044208313708054
1786615516.507508,1786615516.5071986,vesc,2.5600986201059346,2.5600986201059346,nan,nan,0.01,1,0,1,0,0,1786615516.5071986,nan,-0.30824831274052122,-0.28200612257012564,2.5600986201059346,-0.49789536769283771,-0.89488752326086995,9.9765034007721169
1786615516.5276301,1786615516.5273104,vesc,2.5898474610626647,2.5898474610626647,nan,nan,0.01,1,0,1,0,0,1786615516.5273104,nan,-0.23721779508171595,-0.22562686913509367,2.5898474610626647,-0.43630331698695102,-0.86630399304271322,10.034787279445823
1786615516.5478384,1786615516.5473177,vesc,2.6205355989358661,2.6205355989358661,nan,nan,0.01,1,0,1,0,0,1786615516.5473177,nan,-0.17791695406232622,-0.16498905466945687,2.6205355989358661,-0.3678429072113012,-0.77976380897079878,9.9160642383167215
1786615516.5677943,1786615516.5673532,vesc,2.656233409135615,2.656233409135615,nan,nan,0.01,1,0,1,0,0,1786615516.5673532,nan,-0.14637349207077574,-0.10116888753685148,2.656233409135615,-0.43648633484470167,-0.7167574994635757,9.6423759424511672
1786615516.5878382,1786615516.5874906,vesc,2.6915538494089,2.6915538494089,nan,nan,0.01,1,0,1,0,0,1786615516.5874906,nan,-0.14359022241553393,-0.052261482079929866,2.6915538494089,-0.45085546592919101,-0.65927673589408897,9.6423619091330011
1786615516.6078432,1786615516.6075103,vesc,2.7364158632357207,2.7364158632357207,nan,nan,0.01,1,0,1,0,0,1786615516.6075103,nan,-0.14304976716181597,-0.010836603252911477,2.7364158632357207,-0.50067714411338926,-0.6394584015844913,9.3975208529228098
1786615516.6275547,1786615516.6272302,vesc,2.7908157221905512,2.7908157221905512,nan,nan,0.01,1,0,1,0,0,1786615516.6272302,nan,-0.14581734081138314,0.026301570340325906,2.7908157221905512,-0.5227155566658972,-0.55279959211995333,9.2346220956497405
1786615516.6477838,1786615516.6473882,vesc,2.8340811709438696,2.8340811709438696,nan,nan,0.01,1,0,1,0,0,1786615516.6473882,nan,-0.18787203330936733,0.056012789985469463,2.8340811709438696,-0.54520347394091573,-0.50456393470422967,9.1099384026295525
1786615516.6677182,1786615516.6672375,vesc,2.8666737353125864,2.8666737353125864,nan,nan,0.01,1,0,1,0,0,1786615516.6672375,nan,-0.23086698811971765,0.08255689523850672,2.8666737353125864,-0.51753258448985306,-0.49522936614715718,9.2013052441584477
1786615516.6876187,1786615516.6872158,vesc,2.8898999621274943,2.8898999621274943,nan,nan,0.01,1,0,1,0,0,1786615516.6872158,nan,-0.25351086482800944,0.10273455994170903,2.8898999621274943,-0.54548435957483576,-0.49025820936718389,9.1339254364266935
1786615516.7076323,1786615516.7072453,vesc,2.9044568006458675,2.9044568006458675,nan,nan,0.01,1,0,1,0,0,1786615516.7072453,nan,-0.28670673505217004,0.11441337852668237,2.9044568006458675,-0.67718054553678542,-0.43701017229937378,8.9265369675156876
1786615516.7276826,1786615516.7272773,vesc,2.9189167001005614,2.9189167001005614,nan,nan,0.01,1,0,1,0,0,1786615516.7272773,nan,-0.32522852798232554,0.11330924858349234,2.9189167001005614,-0.73916593114741858,-0.37467351519339331,8.9020254384520854
1786615516.7476711,1786615516.747215,vesc,2.9344855398331648,2.9344855398331648,nan,nan,0.01,1,0,1,0,0,1786615516.747215,nan,-0.3573716839170914,0.10048418049821368,2.9344855398331648,-0.77703418240707833,-0.3362491937013985,8.8633618927394764
1786615516.7676713,1786615516.7672272,vesc,2.9435669191503351,2.9435669191503351,nan,nan,0.01,1,0,1,0,0,1786615516.7672272,nan,-0.39689615699766179,0.08448074616522315,2.9435669191503351,-0.88150894709537653,-0.19233923352684812,8.7858769264848888
1786615516.7877619,1786615516.787358,vesc,2.9444106085836723,2.9444106085836723,nan,nan,0.01,1,0,1,0,0,1786615516.787358,nan,-0.40969098155981126,0.057846771708963324,2.9444106085836723,-0.93662590054604777,-0.27801713597862943,8.5838041615509155
1786615516.8074696,1786615516.8071496,vesc,2.9287608087539305,2.9287608087539305,nan,nan,0.01,1,0,1,0,0,1786615516.8071496,nan,-0.37861302348204978,0.045105618165157395,2.9287608087539305,-0.81181254551322013,-0.2492166009602883,8.5613935371611092
1786615516.8279204,1786615516.8272948,vesc,2.8928502119830841,2.8928502119830841,nan,nan,0.01,1,0,1,0,0,1786615516.8272948,nan,-0.34942807359663031,0.033484186540486065,2.8928502119830841,-0.85875457950069745,-0.24420612165337019,8.4794196632581134
1786615516.8477075,1786615516.8472748,vesc,2.8462166633991424,2.8462166633991424,nan,nan,0.01,1,0,1,0,0,1786615516.8472748,nan,-0.32544411087256742,0.018695775762357553,2.8462166633991424,-0.99776855616472204,-0.1915372878658097,8.4875116253456895
1786615516.8677502,1786615516.8672056,vesc,2.7973676311043643,2.7973676311043643,nan,nan,0.01,1,0,1,0,0,1786615516.8672056,nan,-0.30676117029830735,-0.0046088270511936988,2.7973676311043643,-1.089784219388207,-0.23487637704941733,8.5725430084441427
1786615516.887887,1786615516.887255,vesc,2.7494499062427864,2.7494499062427864,nan,nan,0.01,1,0,1,0,0,1786615516.887255,nan,-0.29874262528267415,-0.031111738611713399,2.7494499062427864,-1.2043440427946734,-0.20604247635533213,8.5377438877215468
1786615516.9078605,1786615516.9075651,vesc,2.6812692539112319,2.6812692539112319,nan,nan,0.01,1,0,1,0,0,1786615516.9075651,nan,-0.28942149488836955,-0.071408669888839649,2.6812692539112319,-1.2739424304202629,-0.19115524539677509,8.34535235815747
1786615516.9273477,1786615516.9270914,vesc,2.6166990490694975,2.6166990490694975,nan,nan,0.01,1,0,1,0,0,1786615516.9270914,nan,-0.24498650229758612,-0.11065004894553458,2.6166990490694975,-1.3480914138220328,-0.26832113638857891,8.5406809442694112
1786615516.9478941,1786615516.9472711,vesc,2.5365602708112696,2.5365602708112696,nan,nan,0.01,1,0,1,0,0,1786615516.9472711,nan,-0.1684084037063073,-0.13706635159457248,2.5365602708112696,-1.3682052518053069,-0.25895937827755944,8.6219063745368771
1786615516.9675663,1786615516.9671862,vesc,2.4407642358722472,2.4407642358722472,nan,nan,0.01,1,0,1,0,0,1786615516.9671862,nan,-0.068208686263216897,-0.14639627874285274,2.4407642358722472,-1.2265365660313137,-0.27379741953233605,8.7959820850077222
1786615516.9878647,1786615516.9874198,vesc,2.3354708358537839,2.3354708358537839,nan,nan,0.01,1,0,1,0,0,1786615516.9874198,nan,0.035299039277212597,-0.1365258630513409,2.3354708358537839,-1.2743211838303523,-0.1731796977239739,8.7861113998425822
1786615517.0027256,1786615517.0023532,vesc,2.2237532254957779,2.2237532254957779,nan,nan,0.01,1,0,1,0,0,1786615517.0023532,nan,0.13462096218025607,-0.12024655019655338,2.2237532254957779,-1.2248929136410993,-0.14518786921005855,9.0646090307880058
1786615517.0276139,1786615517.0272081,vesc,2.1019893725576653,2.1019893725576653,nan,nan,0.01,1,0,1,0,0,1786615517.0272081,nan,0.19144769325744859,-0.089026487507501001,2.1019893725576653,-1.1700711715033094,-0.029739817162891313,8.8835277709442835
1786615517.0475729,1786615517.0472417,vesc,1.9741067738570415,1.9741067738570415,nan,nan,0.01,1,0,1,0,0,1786615517.0472417,nan,0.18122985987935752,-0.05992051699315918,1.9741067738570415,-1.2962473663826302,0.14342597515076427,8.6142511994772235
1786615517.0675116,1786615517.0671659,vesc,1.8389108684869508,1.8389108684869508,nan,nan,0.01,1,0,1,0,0,1786615517.0671659,nan,0.097588775116322718,-0.053165533723849287,1.8389108684869508,-1.4505999790728907,0.22571099402997596,8.2964965304050793
1786615517.08815,1786615517.0878024,vesc,1.7205601228018841,1.7205601228018841,nan,nan,0.01,1,0,1,0,0,1786615517.0878024,nan,-0.0011648843458547725,-0.054977968809648739,1.7205601228018841,-1.5785739004814587,0.1733337901355565,8.1798855036599889
1786615517.1082499,1786615517.1072621,vesc,1.5924615417368548,1.5924615417368548,nan,nan,0.01,1,0,1,0,0,1786615517.1072621,nan,-0.10939281220680021,-0.074873767039790595,1.5924615417368548,-1.6238160026256594,0.072255508712117944,8.361118206395588
1786615517.1276646,1786615517.1271741,vesc,1.4700562664501966,1.4700562664501966,nan,nan,0.01,1,0,1,0,0,1786615517.1271741,nan,-0.18466229169506296,-0.10224174198198988,1.4700562664501966,-1.731844632049345,0.010477881991523219,8.1776501130204338
1786615517.1475196,1786615517.1470256,vesc,1.3522404166700723,1.3522404166700723,nan,nan,0.01,1,0,1,0,0,1786615517.1470256,nan,-0.23122157137410487,-0.13281786064183951,1.3522404166700723,-1.7062105837128456,-0.08493709674202421,8.0339828488509397
1786615517.1674562,1786615517.1671014,vesc,1.2391186546273214,1.2391186546273214,nan,nan,0.01,1,0,1,0,0,1786615517.1671014,nan,-0.24161434114630051,-0.16021079439687988,1.2391186546273214,-1.6868270629958033,-0.19026668785017975,8.0147653890655306
1786615517.1877177,1786615517.1871054,vesc,1.1190882532427417,1.1190882532427417,nan,nan,0.01,1,0,1,0,0,1786615517.1871054,nan,-0.2071816156881231,-0.17906299550317134,1.1190882532427417,-1.6164420786509197,-0.21455379345842118,8.1400759036304748
1786615517.2074296,1786615517.2070973,vesc,0.99235980197953089,0.99235980197953089,nan,nan,0.01,1,0,1,0,0,1786615517.2070973,nan,-0.10874995008679031,-0.1947013936744961,0.99235980197953089,-1.6826552206297123,-0.23351865351683898,8.0673920863534931
1786615517.2275677,1786615517.227133,vesc,0.86723270947978459,0.86723270947978459,nan,nan,0.01,1,0,1,0,0,1786615517.227133,nan,0.034407234013118328,-0.206083011804195,0.86723270947978459,-1.6866585169974115,-0.21896822219427037,8.0003192574566242
1786615517.2474113,1786615517.2470586,vesc,0.7416265808789605,0.7416265808789605,nan,nan,0.01,1,0,1,0,0,1786615517.2470586,nan,0.22657572014197527,-0.21320227389873569,0.7416265808789605,-1.621007146286459,-0.16660190873946945,8.1209894214812834
1786615517.2675273,1786615517.2671309,vesc,0.61529800325342499,0.61529800325342499,nan,nan,0.01,1,0,1,0,0,1786615517.2671309,nan,0.44432123034708843,-0.20434057208198339,0.61529800325342499,-1.5962158279419185,-0.04186898947040163,8.0497598067992726
1786615517.2877162,1786615517.2872524,vesc,0.50432258260170992,0.50432258260170992,nan,nan,0.01,1,0,1,0,0,1786615517.2872524,nan,0.60861986050394223,-0.19552014926212735,0.50432258260170992,-1.6363312373631373,0.091840868013097321,8.2029410759638495
1786615517.307796,1786615517.3073676,vesc,0.38731117391835757,0.38731117391835757,nan,nan,0.01,1,0,1,0,0,1786615517.3073676,nan,0.71439535925873676,-0.19520564658214579,0.38731117391835757,-1.7493596749247189,0.29236868887031164,8.4464641697095999
1786615517.3275251,1786615517.3271093,vesc,0.27895334101256786,0.27895334101256786,nan,nan,0.01,1,0,1,0,0,1786615517.3271093,nan,0.74123429725039169,-0.19811018993552709,0.27895334101256786,-1.7331783819967228,0.51681681217317887,8.7011472597270085
1786615517.3476169,1786615517.3471222,vesc,0.17965822865156089,0.17965822865156089,nan,nan,0.01,1,0,1,0,0,1786615517.3471222,nan,0.72109241045195904,-0.19145168799908371,0.17965822865156089,-1.6222701449214156,0.85118784358157029,9.0482549526300886
1786615517.3676381,1786615517.3670838,vesc,0.098636945387107461,0.098636945387107461,nan,nan,0.01,1,0,1,0,0,1786615517.3670838,nan,0.62403190662736707,-0.18484232138475229,0.098636945387107461,-1.6682573285520021,1.2252487167287711,8.885847946214426
1786615517.3876331,1786615517.3870265,vesc,0.042000001988285907,0.042000001988285907,nan,nan,0.01,1,0,1,0,0,1786615517.3870265,nan,0.42654349822734622,-0.18042903069481389,0.042000001988285907,-1.5926330925780121,1.3974553646363574,8.9734246223952709
1786615517.4074168,1786615517.407048,vesc,-0.0097886181550462716,-0.0097886181550462716,nan,nan,0.01,1,0,1,0,0,1786615517.407048,nan,0.18851541973921684,-0.17709403728549172,-0.0097886181550462716,-1.6296442150765529,1.4014482821958296,9.2700053532410038
1786615517.4273558,1786615517.427058,vesc,-0.078577807997170485,-0.078577807997170485,nan,nan,0.01,1,0,1,0,0,1786615517.427058,nan,-0.04398683667478271,-0.18117022171569658,-0.078577807997170485,-1.7931540064114415,1.4672648367560299,9.7329317751343751
1786615517.4479296,1786615517.4475265,vesc,-0.1582662540374449,-0.1582662540374449,nan,nan,0.01,1,0,1,0,0,1786615517.4475265,nan,-0.2071142044230305,-0.18308658250184714,-0.1582662540374449,-1.8238023347451957,1.2416969350627198,9.8948388445903674
1786615517.4675684,1786615517.4670715,vesc,-0.238922367982178,-0.238922367982178,nan,nan,0.01,1,0,1,0,0,1786615517.4670715,nan,-0.27328425335535933,-0.1754129168473792,-0.238922367982178,-1.7156614387761806,0.9729888591617879,10.067839252056729
1786615517.487777,1786615517.4872591,vesc,-0.29145984509720252,-0.29145984509720252,nan,nan,0.01,1,0,1,0,0,1786615517.4872591,nan,-0.3046277785280721,-0.16355376064471547,-0.29145984509720252,-1.8036738787221651,0.90072925739853815,10.219904287705504
1786615517.5072455,1786615517.5069735,vesc,-0.34611706528187569,-0.34611706528187569,nan,nan,0.01,1,0,1,0,0,1786615517.5069735,nan,-0.33381595749631326,-0.157015250760137,-0.34611706528187569,-2.0242815871653193,0.8096613547826621,10.241024431545611
1786615517.5272381,1786615517.5269573,vesc,-0.38532934930366153,-0.38532934930366153,nan,nan,0.01,1,0,1,0,0,1786615517.5269573,nan,-0.31950619374807226,-0.14306135191255781,-0.38532934930366153,-2.0211771540622436,0.71347458009507392,10.384513940351667
1786615517.5475204,1786615517.5469718,vesc,-0.4112893109775359,-0.4112893109775359,nan,nan,0.01,1,0,1,0,0,1786615517.5469718,nan,-0.26380391586213847,-0.13553470107264065,-0.4112893109775359,-2.1437850854370168,0.54996106116004739,10.626946528331587
1786615517.567518,1786615517.5669253,vesc,-0.42581132866465621,-0.42581132866465621,nan,nan,0.01,1,0,1,0,0,1786615517.5669253,nan,-0.14218472250548778,-0.1237777103872951,-0.42581132866465621,-2.0952555323319899,0.38614600860994486,10.981563800618346
1786615517.5874276,1786615517.5870361,vesc,-0.43019435918670867,-0.43019435918670867,nan,nan,0.01,1,0,1,0,0,1786615517.5870361,nan,0.022994883420558842,-0.097134215130138216,-0.43019435918670867,-2.0200246678078457,0.30439136875819628,11.101986042688736
1786615517.6072359,1786615517.60695,vesc,-0.42167164448720984,-0.42167164448720984,nan,nan,0.01,1,0,1,0,0,1786615517.60695,nan,0.10918791525043224,-0.076917019129505049,-0.42167164448720984,-2.0951992528789276,0.54422958358724216,10.977198269225482
1786615517.6275074,1786615517.6271465,vesc,-0.40887821808463259,-0.40887821808463259,nan,nan,0.01,1,0,1,0,0,1786615517.6271465,nan,0.10584241067718268,-0.058841845205514616,-0.40887821808463259,-2.1392055459421186,0.77394597532813236,11.053946486276345
1786615517.6473236,1786615517.6469679,vesc,-0.39752659380671079,-0.39752659380671079,nan,nan,0.01,1,0,1,0,0,1786615517.6469679,nan,0.071618868200252553,-0.046089140200480459,-0.39752659380671079,-2.2518970376873142,0.83564038885741354,11.268358046207936
1786615517.6675158,1786615517.6671581,vesc,-0.37435120007910955,-0.37435120007910955,nan,nan,0.01,1,0,1,0,0,1786615517.6671581,nan,0.046844599939141078,-0.035498747230644119,-0.37435120007910955,-2.2442839625821591,0.92140998296356713,11.436340372986706
1786615517.6873076,1786615517.6870022,vesc,-0.34077013689278268,-0.34077013689278268,nan,nan,0.01,1,0,1,0,0,1786615517.6870022,nan,-0.0014888043171519202,-0.014283645003909521,-0.34077013689278268,-2.0949602479289098,1.0078188239482699,11.366468481837273
1786615517.707464,1786615517.7069705,vesc,-0.2383814633200261,-0.2383814633200261,nan,nan,0.01,1,0,1,0,0,1786615517.7069705,nan,-0.51405493835783644,-0.11256355515589175,-0.2383814633200261,-2.8785607076141844,2.60854797166499,12.832228683761173
1786615517.7277255,1786615517.7270348,vesc,0.0021743171960863406,0.0021743171960863406,nan,nan,0.01,1,0,1,0,0,1786615517.7270348,nan,-1.7889166769234386,-0.96968584819567794,0.0021743171960863406,-1.6028399926575503,2.2666007391567291,13.52171718023169
1786615517.7475231,1786615517.7470486,vesc,0.28666735355755046,0.28666735355755046,nan,nan,0.01,1,0,1,0,0,1786615517.7470486,nan,-1.5408424224342303,-1.2420939381971581,0.28666735355755046,-0.69838730126244997,-0.23330435305400954,11.551967898016983
1786615517.7675009,1786615517.767046,vesc,0.38885827077461188,0.38885827077461188,nan,nan,0.01,1,0,1,0,0,1786615517.767046,nan,-0.92733899028135525,-1.1752565843194394,0.38885827077461188,-0.74072267929128088,-0.36614893221922529,11.076865233728086
1786615517.7873414,1786615517.7869766,vesc,0.43400883810554275,0.43400883810554275,nan,nan,0.01,1,0,1,0,0,1786615517.7869766,nan,-0.54327980237009343,-1.1146576187162043,0.43400883810554275,-0.90403673507383076,-0.51364312610675711,10.70569332377795
1786615517.807693,1786615517.8069913,vesc,0.43532607087020958,0.43532607087020958,nan,nan,0.01,1,0,1,0,0,1786615517.8069913,nan,-0.35259806753166523,-1.0603325945880047,0.43532607087020958,-0.74198750518120704,-0.48399386770015695,10.367557014234194
1786615517.8271351,1786615517.8269062,vesc,0.314914071790935,0.314914071790935,nan,nan,0.01,1,0,1,0,0,1786615517.8269062,nan,-0.87319239794619119,-0.7809086730108199,0.314914071790935,0.1211058546996,1.3770190526960562,14.794628015586341
1786615517.84795,1786615517.8472939,vesc,0.064623301615967632,0.064623301615967632,nan,nan,0.01,1,0,1,0,0,1786615517.8472939,nan,0.041709634205683202,0.40327715754851889,0.064623301615967632,-0.31110265699077644,1.7379203279133151,17.746196183877714
1786615517.8674715,1786615517.8670321,vesc,-0.1202508195766759,-0.1202508195766759,nan,nan,0.01,1,0,1,0,0,1786615517.8670321,nan,-0.32686543994634271,0.21415630142498615,-0.1202508195766759,-1.6377484563175244,0.45226453532641386,9.5499911006336333
1786615517.8874722,1786615517.8870399,vesc,-0.13154711668295138,-0.13154711668295138,nan,nan,0.01,1,0,1,0,0,1786615517.8870399,nan,-0.12752473642914455,-0.10219799956108534,-0.13154711668295138,-0.83734857989315259,-0.37781244687029414,8.2876964704717011
1786615517.9072814,1786615517.9069304,vesc,-0.10050164917048893,-0.10050164917048893,nan,nan,0.01,1,0,1,0,0,1786615517.9069304,nan,-0.027746601547802903,-0.085237150493832917,-0.10050164917048893,-0.046609729398713995,-0.47683095512930151,9.4847209683995288
1786615517.9277346,1786615517.9273593,vesc,-0.042809740278913704,-0.042809740278913704,nan,nan,0.01,1,0,1,0,0,1786615517.9273593,nan,-0.040138377484914861,0.029656758000851439,-0.042809740278913704,0.11372683268349526,-0.98625202590340422,10.107981558671099
1786615517.9472036,1786615517.946877,vesc,-0.0029040492121634098,-0.0029040492121634098,nan,nan,0.01,1,0,1,0,0,1786615517.946877,nan,0.010528532731140853,-0.0098654253853598384,-0.0029040492121634098,0.044731841193952349,-0.67793746763537399,9.456509321112776
1786615517.96734,1786615517.9669864,vesc,0.014973777192971036,0.014973777192971036,nan,nan,0.01,1,0,1,0,0,1786615517.9669864,nan,0.0060553760524325777,-0.077025376496357642,0.014973777192971036,0.064381793958105504,-0.015704744831936068,9.0082231583962766
1786615517.9872544,1786615517.9869156,vesc,0.040034093922292249,0.040034093922292249,nan,nan,0.01,1,0,1,0,0,1786615517.9869156,nan,-0.032591353462658595,-0.097332837013187692,0.040034093922292249,-0.11689685510370307,0.0036284167381452903,8.943873962666828
1786615518.0072298,1786615518.0068741,vesc,0.025550165680543854,0.025550165680543854,nan,nan,0.01,1,0,1,0,0,1786615518.0068741,nan,0.0048652478522762969,-0.10048970655747561,0.025550165680543854,-0.19707153153720114,0.42913174322753989,9.2458715543247081
1786615518.0271513,1786615518.0268552,vesc,-0.026577638196231643,-0.026577638196231643,nan,nan,0.01,1,0,1,0,0,1786615518.0268552,nan,0.011868591699182092,-0.1035454009474757,-0.026577638196231643,-0.12206537369293802,0.75447745070990635,9.3865467981168536
1786615518.0472665,1786615518.0469475,vesc,-0.03349298121386713,-0.03349298121386713,nan,nan,0.01,1,0,1,0,0,1786615518.0469475,nan,-0.026403328061102155,-0.13122379228185896,-0.03349298121386713,-0.029712581927570092,0.6302430431416326,9.2723272826759171
1786615518.0671079,1786615518.0668168,vesc,0.00065730300699113318,0.00065730300699113318,nan,nan,0.01,1,0,1,0,0,1786615518.0668168,nan,-0.022542364497678543,-0.12598924096838893,0.00065730300699113318,-0.0087270336885199029,0.17341345845222911,9.9324189011962289
1786615518.0872335,1786615518.0868351,vesc,0.0024956394149861969,0.0024956394149861969,nan,nan,0.01,1,0,1,0,0,1786615518.0868351,nan,-0.0577186611769629,-0.081252911700263053,0.0024956394149861969,0.082404292947349411,-0.062369145699339157,10.330455259889163
1786615518.1071882,1786615518.1068413,vesc,-0.02347551533769629,-0.02347551533769629,nan,nan,0.01,1,0,1,0,0,1786615518.1068413,nan,-0.010537907890415773,-0.040702909379362814,-0.02347551533769629,0.10968189317503985,-0.20161540301509362,10.454951842000469
1786615518.1272576,1786615518.1268547,vesc,-0.024446738978329163,-0.024446738978329163,nan,nan,0.01,1,0,1,0,0,1786615518.1268547,nan,-0.0051994584444730787,-0.0289823499054917,-0.024446738978329163,0.065773522705667276,-0.23423004042158624,10.114231063027773
1786615518.1480923,1786615518.1470356,vesc,0.0077566730566943493,0.0077566730566943493,nan,nan,0.01,1,0,1,0,0,1786615518.1470356,nan,0.013599167870975223,-0.020546762185530493,0.0077566730566943493,0.11191457947724004,-0.041935318825796486,9.8566085775761394
1786615518.1670928,1786615518.1667886,vesc,0.021629876042649522,0.021629876042649522,nan,nan,0.01,1,0,1,0,0,1786615518.1667886,nan,0.013436748333994015,-0.010996636347884621,0.021629876042649522,0.032511961665684597,0.17408168559459547,9.6838034671209243
1786615518.1871269,1786615518.1868136,vesc,-0.0029732851587216643,-0.0029732851587216643,nan,nan,0.01,1,0,1,0,0,1786615518.1868136,nan,0.0041373851204116246,-0.0077347030179984975,-0.0029732851587216643,0.065309587237034616,0.28887378965279176,9.7467721351757746
1786615518.2072937,1786615518.2069027,vesc,-0.013716517567696044,-0.013716517567696044,nan,nan,0.01,1,0,1,0,0,1786615518.2069027,nan,-0.0042592054947826847,-0.004510022734454458,-0.013716517567696044,-0.048295134564982689,0.12632564606328067,9.630033639124008
1786615518.2272902,1786615518.2269182,vesc,-0.00095639498283277139,-0.00095639498283277139,nan,nan,0.01,1,0,1,0,0,1786615518.2269182,nan,-0.0065395132513251146,-0.0034790516989440367,-0.00095639498283277139,-0.049081639921528364,-0.027135284474386623,9.6966766976520375
1786615518.2476718,1786615518.2468445,vesc,0.0065681115442730916,0.0065681115442730916,nan,nan,0.01,1,0,1,0,0,1786615518.2468445,nan,-0.0013010150498958054,-0.0013687399646246309,0.0065681115442730916,-0.092020496312879452,0.011224827277978022,9.6819054608389479
1786615518.2676723,1786615518.2669122,vesc,-0.0008535818804448511,-0.0008535818804448511,nan,nan,0.01,1,0,1,0,0,1786615518.2669122,nan,0.0019820149891021394,-0.0024140598208051544,-0.0008535818804448511,-0.11946663340268682,0.059422075794241636,9.5715345829050875
1786615518.2883291,1786615518.2868497,vesc,-0.0029782302119410755,-0.0029782302119410755,nan,nan,0.01,1,0,1,0,0,1786615518.2868497,nan,0.0020070024101189981,-0.00027781243447919947,-0.0029782302119410755,-0.10594017749250728,0.083178619649523,9.643612043892972
1786615518.307338,1786615518.3069329,vesc,0.00021733189007890484,0.00021733189007890484,nan,nan,0.01,1,0,1,0,0,1786615518.3069329,nan,0.0019695210185193849,-0.00028640112899470504,0.00021733189007890484,-0.14859813911366349,0.09765305543790781,9.6048286302543602
1786615518.3272614,1786615518.3268867,vesc,0.0044252426656274666,0.0044252426656274666,nan,nan,0.01,1,0,1,0,0,1786615518.3268867,nan,-0.0023412176836536337,-0.0013629787981727331,0.0044252426656274666,-0.12988874757253921,0.068809305839536705,9.6432927859046913
1786615518.3472791,1786615518.3468773,vesc,-0.0019380303089636616,-0.0019380303089636616,nan,nan,0.01,1,0,1,0,0,1786615518.3468773,nan,-0.00013587375060773214,-0.00028060875362378264,-0.0019380303089636616,-0.16347288078450362,0.035267336535994787,9.6475998451385294
1786615518.3671827,1786615518.366827,vesc,-0.0019380303089636616,-0.0019380303089636616,nan,nan,0.01,1,0,1,0,0,1786615518.366827,nan,-0.00013587375060773214,-0.00028060875362378264,-0.0019380303089636616,-0.14324663921177727,0.064251474133676822,9.5568966626145766
1786615518.3823376,1786615518.382026,vesc,0.0012603948212653164,0.0012603948212653164,nan,nan,0.01,1,0,1,0,0,1786615518.382026,nan,-0.00017335514220734541,0.00077606386700050461,0.0012603948212653164,-0.1253799228449628,0.04958468321464693,9.6672464905711877
1786615518.4072165,1786615518.4068122,vesc,0.0012671622152814249,0.0012671622152814249,nan,nan,0.01,1,0,1,0,0,1786615518.4068122,nan,0.00089183595286464255,-0.0013544910124954062,0.0012671622152814249,-0.16268635715540825,0.083347786914604427,9.5806726119176346
1786615518.4270644,1786615518.4266989,vesc,-0.00089783040598624762,-0.00089783040598624762,nan,nan,0.01,1,0,1,0,0,1786615518.4266989,nan,-0.0022787488710371622,-0.00028340403247106507,-0.00089783040598624762,-0.15845845460685126,0.073638850359369457,9.6285999017846962
1786615518.4425385,1786615518.4421976,vesc,-0.001940893467209822,-0.001940893467209822,nan,nan,0.01,1,0,1,0,0,1786615518.4421976,nan,-0.00013587375060773214,-0.0013458690284662747,-0.001940893467209822,-0.15834607842622361,0.054504530675075102,9.6189683677499715
1786615518.4672062,1786615518.4668295,vesc,0.0023294862509923749,0.0023294862509923749,nan,nan,0.01,1,0,1,0,0,1786615518.4668295,nan,0.00087934250243053844,-0.0024226141855097335,0.0023294862509923749,-0.11084224576208168,0.092733080069631768,9.6531617169050605
1786615518.4871681,1786615518.4868493,vesc,0.00020770137032592652,0.00020770137032592652,nan,nan,0.01,1,0,1,0,0,1786615518.4868493,nan,0.00090432992344739716,0.00077889243536141293,0.00020770137032592652,-0.096529302767906167,0.054399573149623848,9.6580172449905604
1786615518.502363,1786615518.5019705,vesc,0.00017698743776100315,0.00017698743776100315,nan,nan,0.01,1,0,1,0,0,1786615518.5019705,nan,-0.0012260522666965789,-0.001351561535296319,0.00017698743776100315,-0.14279720757946546,0.078724539480834466,9.5186184484299474
1786615518.5279217,1786615518.5275772,vesc,-0.00085748598617763668,-0.00085748598617763668,nan,nan,0.01,1,0,1,0,0,1786615518.5275772,nan,0.00091682389403015165,0.00078175533353324808,-0.00085748598617763668,-0.10594017749250728,0.078388616927231425,9.6435991800179863
1786615518.546994,1786615518.5467002,vesc,0.00020197492379644315,0.00020197492379644315,nan,nan,0.01,1,0,1,0,0,1786615518.5467002,nan,0.00090432992344739716,-0.0013516281143235711,0.00020197492379644315,-0.11523871258158014,0.068873223218371749,9.6195133282720917
1786615518.5672474,1786615518.5668657,vesc,-0.0008824734071944954,-0.0008824734071944954,nan,nan,0.01,1,0,1,0,0,1786615518.5668657,nan,-0.0012135582961138242,0.00078182295285780096,-0.0008824734071944954,-0.081879276913221943,0.078413613775214941,9.6343009372897086
1786615518.5869536,1786615518.5866761,vesc,-0.00087856930146170981,-0.00087856930146170981,nan,nan,0.01,1,0,1,0,0,1786615518.5866761,nan,-0.00014836720104183631,-0.002413992201480602,-0.00087856930146170981,-0.12408779776579149,0.049880808155013057,9.5570837735234591
1786615518.6070437,1786615518.6067564,vesc,0.0023313085917890724,0.0023313085917890724,nan,nan,0.01,1,0,1,0,0,1786615518.6067564,nan,-0.00018584859264144957,0.0029037215185136536,0.0023313085917890724,-0.053197202834557089,0.059239752293379411,9.6393763206931453
1786615518.6269269,1786615518.6266859,vesc,-0.00086034914442379708,-0.00086034914442379708,nan,nan,0.01,1,0,1,0,0,1786615518.6266859,nan,0.00091682389403015165,-0.00028350494130924384,-0.00086034914442379708,-0.076640134919413683,0.049776289170754495,9.5959630815028731
1786615518.6469455,1786615518.6466596,vesc,-0.0008824734071944954,-0.0008824734071944954,nan,nan,0.01,1,0,1,0,0,1786615518.6466596,nan,-0.0012135582961138242,0.00078182295285780096,-0.0008824734071944954,-0.086107188598053774,0.05459238509401132,9.5862836002977474
1786615518.6668875,1786615518.6666508,vesc,0.00019520762730820652,0.00019520762730820652,nan,nan,0.01,1,0,1,0,0,1786615518.6666508,nan,-0.00016086117162459086,0.00077892676517233987,0.00019520762730820652,-0.067791040598927488,0.040028614810164953,9.6583154530015918
1786615518.6870484,1786615518.6867101,vesc,0.00019234440404346486,0.00019234440404346486,nan,nan,0.01,1,0,1,0,0,1786615518.6867101,nan,-0.00016086117162459086,-0.00028633454996745305,0.00019234440404346486,-0.11072988785400373,0.044858634416289789,9.6434529996204219
1786615518.7070925,1786615518.7067637,vesc,0.0012632581095486394,0.0012632581095486394,nan,nan,0.01,1,0,1,0,0,1786615518.7067637,nan,-0.00017335514220734541,0.0018413241418429966,0.0012632581095486394,-0.072468393052345981,0.073584653976972447,9.6487692883190448
1786615518.7269924,1786615518.7266974,vesc,-0.00087284285493222644,-0.00087284285493222644,nan,nan,0.01,1,0,1,0,0,1786615518.7266974,nan,-0.00014836720104183631,-0.00028347165179561784,-0.00087284285493222644,-0.095630439503282538,0.064185583319474659,9.5814070222349983
1786615518.7469726,1786615518.7466581,vesc,0.0012853823723193377,0.0012853823723193377,nan,nan,0.01,1,0,1,0,0,1786615518.7466581,nan,0.0019570270479366309,0.00077599624767595173,0.0012853823723193377,-0.10075722358901285,0.07368855169454136,9.6101156828734702
1786615518.7669964,1786615518.7666657,vesc,0.0012546685047729958,0.0012546685047729958,nan,nan,0.01,1,0,1,0,0,1786615518.7666657,nan,-0.00017335514220734541,-0.0013544577229817802,0.0012546685047729958,-0.077482819229998334,0.059163226855254436,9.6678335510478064
1786615518.7870319,1786615518.7866476,vesc,-0.00086997969668606593,-0.00086997969668606593,nan,nan,0.01,1,0,1,0,0,1786615518.7866476,nan,-0.00014836720104183631,0.00078178966334417502,-0.00086997969668606593,-0.13338633285486434,0.083475621672274514,9.5331125272092549
1786615518.8074114,1786615518.8069801,vesc,-0.00086997969668606593,-0.00086997969668606593,nan,nan,0.01,1,0,1,0,0,1786615518.8069801,nan,-0.00014836720104183631,0.00078178966334417502,-0.00086997969668606593,-0.072524572006384957,0.044831664132939153,9.6534821443365217
1786615518.827075,1786615518.8267636,vesc,0.00018271388429048652,0.00018271388429048652,nan,nan,0.01,1,0,1,0,0,1786615518.8267636,nan,-0.0012260522666965789,0.00077896005468596581,0.00018271388429048652,-0.12915841203375766,0.073766685117039543,9.5810398170763165
1786615518.8470576,1786615518.846683,vesc,0.00019520762730820652,0.00019520762730820652,nan,nan,0.01,1,0,1,0,0,1786615518.846683,nan,-0.00016086117162459086,0.00077892676517233987,0.00019520762730820652,-0.086781354319071191,0.073597992938250201,9.6438120186768401
1786615518.8675303,1786615518.8669336,vesc,0.0012700253735275855,0.0012700253735275855,nan,nan,0.01,1,0,1,0,0,1786615518.8669336,nan,0.00089183595286464255,-0.0002892307376529142,0.0012700253735275855,-0.11005574040553601,0.054593152541098533,9.5860029339344237
1786615518.8875489,1786615518.8867784,vesc,-0.00086997969668606593,-0.00086997969668606593,nan,nan,0.01,1,0,1,0,0,1786615518.8867784,nan,-0.00014836720104183631,0.00078178966334417502,-0.00086997969668606593,-0.14262867985362337,0.064393086393817356,9.504210908445998
1786615518.9078908,1786615518.9067943,vesc,-0.0019533871777182511,-0.0019533871777182511,nan,nan,0.01,1,0,1,0,0,1786615518.9067943,nan,-0.0012010648456797202,-0.0013458357389526487,-0.0019533871777182511,-0.067903407643280289,0.054372895227068341,9.6679329537181502
1786615518.9270463,1786615518.9266696,vesc,0.00018557710755522823,0.00018557710755522823,nan,nan,0.01,1,0,1,0,0,1786615518.9266696,nan,-0.0012260522666965789,0.0018442203295284576,0.00018557710755522823,-0.14352752484569731,0.059397078946258119,9.5808328256333652
1786615518.9472418,1786615518.946878,vesc,0.0012728886618109084,0.0012728886618109084,nan,nan,0.01,1,0,1,0,0,1786615518.946878,nan,0.00089183595286464255,0.00077602953718957789,0.0012728886618109084,-0.11484545076703245,0.073753382700861181,9.5859982561617016
1786615518.9672041,1786615518.966748,vesc,0.0012479011107568872,0.0012479011107568872,nan,nan,0.01,1,0,1,0,0,1786615518.966748,nan,-0.0012385462372793334,0.00077609715651413066,0.0012479011107568872,-0.11529488239934427,0.044910272641729421,9.6242390481645543
1786615518.9868574,1786615518.9865749,vesc,0.00019807085057294823,0.00019807085057294823,nan,nan,0.01,1,0,1,0,0,1786615518.9865749,nan,-0.00016086117162459086,0.0018441870400148319,0.00019807085057294823,-0.091458706772489684,0.059253822156644986,9.6341372152444364
1786615519.0075293,1786615519.0069246,vesc,0.00019520762730820652,0.00019520762730820652,nan,nan,0.01,1,0,1,0,0,1786615519.0069246,nan,-0.00016086117162459086,0.00077892676517233987,0.00019520762730820652,-0.10504131422788365,0.045064419870961103,9.5668743518307338
1786615519.0269914,1786615519.0266769,vesc,0.00019520762730820652,0.00019520762730820652,nan,nan,0.01,1,0,1,0,0,1786615519.0266769,nan,-0.00016086117162459086,0.00077892676517233987,0.00019520762730820652,-0.082160171683416827,0.049609095341040188,9.6581727809335689
1786615519.0471654,1786615519.0468049,vesc,0.00017985066102574486,0.00017985066102574486,nan,nan,0.01,1,0,1,0,0,1786615519.0468049,nan,-0.0012260522666965789,-0.00028630022015652622,0.00017985066102574486,-0.11089843385239551,0.083140137659864166,9.6579260284224802
1786615519.0671406,1786615519.0667968,vesc,0.00017698743776100315,0.00017698743776100315,nan,nan,0.01,1,0,1,0,0,1786615519.0667968,nan,-0.0012260522666965789,-0.001351561535296319,0.00017698743776100315,-0.12898986603536589,0.054645229307730858,9.5666194132173814
1786615519.0868766,1786615519.08656,vesc,0.00017698743776100315,0.00017698743776100315,nan,nan,0.01,1,0,1,0,0,1786615519.08656,nan,-0.0012260522666965789,-0.001351561535296319,0.00017698743776100315,-0.12464958730618125,0.068912143749223276,9.6050321133677699
1786615519.1068292,1786615519.1065218,vesc,0.00018271388429048652,0.00018271388429048652,nan,nan,0.01,1,0,1,0,0,1786615519.1065218,nan,-0.0012260522666965789,0.00077896005468596581,0.00018271388429048652,-0.11546342839773605,0.040081605204282056,9.638595132648561
1786615519.1246583,1786615519.1229308,vesc,0.003387906050933376,0.003387906050933376,nan,nan,0.01,1,0,1,0,0,1786615519.1229308,nan,-0.00019834256322420413,-0.00029492324448295856,0.003387906050933376,-0.096136040953358481,0.092809861323452481,9.62459222000507
1786615519.1467776,1786615519.1464863,vesc,0.00019520762730820652,0.00019520762730820652,nan,nan,0.01,1,0,1,0,0,1786615519.1464863,nan,-0.00016086117162459086,0.00077892676517233987,0.00019520762730820652,-0.11072988785400373,0.064018718395654872,9.6435044551203646
1786615519.1673574,1786615519.1665978,vesc,-0.00088533669547781837,-0.00088533669547781837,nan,nan,0.01,1,0,1,0,0,1786615519.1665978,nan,-0.0012135582961138242,-0.00028343732198469102,-0.00088533669547781837,-0.13383576448717616,0.064212553602825295,9.571379046962079
1786615519.1869299,1786615519.1865473,vesc,0.00020770137032592652,0.00020770137032592652,nan,nan,0.01,1,0,1,0,0,1786615519.1865473,nan,0.00090432992344739716,0.00077889243536141293,0.00020770137032592652,-0.082441066453611711,0.078284865390060077,9.6821978216340767
1786615519.2069919,1786615519.2065547,vesc,0.00018271388429048652,0.00018271388429048652,nan,nan,0.01,1,0,1,0,0,1786615519.2065547,nan,-0.0012260522666965789,0.00077896005468596581,0.00018271388429048652,-0.12346982013508789,0.064392501672227098,9.504435441536657
1786615519.2270455,1786615519.2265646,vesc,0.0023169925404839453,0.0023169925404839453,nan,nan,0.01,1,0,1,0,0,1786615519.2265646,nan,-0.00018584859264144957,-0.0024225808959961073,0.0023169925404839453,-0.09630458695175026,0.054451065194665915,9.638858257364177
1786615519.2467875,1786615519.2464745,vesc,-0.00087856930146170981,-0.00087856930146170981,nan,nan,0.01,1,0,1,0,0,1786615519.2464745,nan,-0.00014836720104183631,-0.002413992201480602,-0.00087856930146170981,-0.095798967229124621,0.064146955149418261,9.5957759705939907
1786615519.2672093,1786615519.2668149,vesc,-0.00088533669547781837,-0.00088533669547781837,nan,nan,0.01,1,0,1,0,0,1786615519.2668149,nan,-0.0012135582961138242,-0.00028343732198469102,-0.00088533669547781837,-0.11050517203784782,0.068860213162988515,9.6243595008121474
1786615519.2877588,1786615519.2866437,vesc,0.00019234440404346486,0.00019234440404346486,nan,nan,0.01,1,0,1,0,0,1786615519.2866437,nan,-0.00016086117162459086,-0.00028633454996745305,0.00019234440404346486,-0.072693118004776736,0.063953119942247838,9.6679025481954568
1786615519.3068972,1786615519.3066244,vesc,0.00019234440404346486,0.00019234440404346486,nan,nan,0.01,1,0,1,0,0,1786615519.3066244,nan,-0.00016086117162459086,-0.00028633454996745305,0.00019234440404346486,-0.15215191248630244,0.088356365876354204,9.4993729220082059
1786615519.3268266,1786615519.3265071,vesc,0.00018557710755522823,0.00018557710755522823,nan,nan,0.01,1,0,1,0,0,1786615519.3265071,nan,-0.0012260522666965789,0.0018442203295284576,0.00018557710755522823,-0.091458706772489684,0.03051365964249797,9.6340600319945224
1786615519.3472862,1786615519.3468719,vesc,0.00017698743776100315,0.00017698743776100315,nan,nan,0.01,1,0,1,0,0,1786615519.3468719,nan,-0.0012260522666965789,-0.001351561535296319,0.00017698743776100315,-0.096079871135594352,0.088032722476146574,9.6197893168626933
1786615519.3670001,1786615519.3666508,vesc,-0.00087284285493222644,-0.00087284285493222644,nan,nan,0.01,1,0,1,0,0,1786615519.3666508,nan,-0.00014836720104183631,-0.00028347165179561784,-0.00087284285493222644,-0.10520986022627543,0.064185875680269788,9.5812947556896688
1786615519.3891485,1786615519.3886502,vesc,-0.001939071126413124,-0.001939071126413124,nan,nan,0.01,1,0,1,0,0,1786615519.3886502,nan,-0.0012010648456797202,0.0039804671957057629,-0.001939071126413124,-0.10633343930705497,0.035188289486011826,9.677011341128491
1786615519.4071577,1786615519.4066525,vesc,0.0012728886618109084,0.0012728886618109084,nan,nan,0.01,1,0,1,0,0,1786615519.4066525,nan,0.00089183595286464255,0.00077602953718957789,0.0012728886618109084,-0.091571064680567638,0.068808099851256799,9.6437430215291897
1786615519.4270291,1786615519.4266489,vesc,0.00019234440404346486,0.00019234440404346486,nan,nan,0.01,1,0,1,0,0,1786615519.4266489,nan,-0.00016086117162459086,-0.00028633454996745305,0.00019234440404346486,-0.11484545076703245,0.064173340711178639,9.5859725284117303
1786615519.4474754,1786615519.4471049,vesc,-0.00088819985372397866,-0.00088819985372397866,nan,nan,0.01,1,0,1,0,0,1786615519.4471049,nan,-0.0012135582961138242,-0.001348698637124484,-0.00088819985372397866,-0.095967513227516399,0.083268447503826337,9.6101975438961063
1786615519.4669414,1786615519.4665821,vesc,0.00017985066102574486,0.00017985066102574486,nan,nan,0.01,1,0,1,0,0,1786615519.4665821,nan,-0.0012260522666965789,-0.00028630022015652622,0.00017985066102574486,-0.063113697281783843,0.054372749046670776,9.6679890869908149
1786615519.4877696,1786615519.4873643,vesc,0.0012825190840360147,0.0012825190840360147,nan,nan,0.01,1,0,1,0,0,1786615519.4873643,nan,0.0019570270479366309,-0.00028926402716654019,0.0012825190840360147,-0.10148755912779439,0.03520100718059993,9.6722786045769453
1786615519.5068128,1786615519.5065019,vesc,0.0012479011107568872,0.0012479011107568872,nan,nan,0.01,1,0,1,0,0,1786615519.5065019,nan,-0.0012385462372793334,0.00077609715651413066,0.0012479011107568872,-0.096023683045280528,0.097625646613364481,9.6150250053452737
1786615519.5272923,1786615519.5269303,vesc,0.0012632581095486394,0.0012632581095486394,nan,nan,0.01,1,0,1,0,0,1786615519.5269303,nan,-0.00017335514220734541,0.0018413241418429966,0.0012632581095486394,-0.1057716497666652,0.064057127295114924,9.6291916400340369
1786615519.5466633,1786615519.5464003,vesc,0.0012421747942645664,0.0012421747942645664,nan,nan,0.01,1,0,1,0,0,1786615519.5464003,nan,-0.0012385462372793334,-0.0013544244334681541,0.0012421747942645664,-0.10537838795211751,0.078517328767286898,9.5957022956736182
1786615519.5667067,1786615519.566437,vesc,-0.00087284285493222644,-0.00087284285493222644,nan,nan,0.01,1,0,1,0,0,1786615519.566437,nan,-0.00014836720104183631,-0.00028347165179561784,-0.00087284285493222644,-0.087062239952991227,0.078323639740514039,9.6677727400024196
1786615519.5869296,1786615519.5866237,vesc,0.00021733189007890484,0.00021733189007890484,nan,nan,0.01,1,0,1,0,0,1786615519.5866237,nan,0.0019695210185193849,-0.00028640112899470504,0.00021733189007890484,-0.14319046939401314,0.088214461255418541,9.5521721121652945
1786615519.6066909,1786615519.6063952,vesc,0.00022019511334364655,0.00022019511334364655,nan,nan,0.01,1,0,1,0,0,1786615519.6063952,nan,0.0019695210185193849,0.00077885914584778699,0.00022019511334364655,-0.09173959240640972,0.030449303722470233,9.6580090588882967
1786615519.6269698,1786615519.6264462,vesc,0.0023198556987301055,0.0023198556987301055,nan,nan,0.01,1,0,1,0,0,1786615519.6264462,nan,-0.00018584859264144957,-0.0013573206211536155,0.0023198556987301055,-0.11005574040553601,0.06896319725307265,9.5860415255593807
1786615519.6467957,1786615519.6465254,vesc,0.00018271388429048652,0.00018271388429048652,nan,nan,0.01,1,0,1,0,0,1786615519.6465254,nan,-0.0012260522666965789,0.00077896005468596581,0.00018271388429048652,-0.10571546167635137,0.064070027715199984,9.6244027702098265
1786615519.6673126,1786615519.6668632,vesc,0.0012603948212653164,0.0012603948212653164,nan,nan,0.01,1,0,1,0,0,1786615519.6668632,nan,-0.00017335514220734541,0.00077606386700050461,0.0012603948212653164,-0.10064486568093489,0.064134237454830156,9.6005098765887169
1786615519.6867146,1786615519.6863763,vesc,0.00019234440404346486,0.00019234440404346486,nan,nan,0.01,1,0,1,0,0,1786615519.6863763,nan,-0.00016086117162459086,-0.00028633454996745305,0.00019234440404346486,-0.15254517430085013,0.064316158959599079,9.5328365386186533
1786615519.7067356,1786615519.7063956,vesc,-0.00087284285493222644,-0.00087284285493222644,nan,nan,0.01,1,0,1,0,0,1786615519.7063956,nan,-0.00014836720104183631,-0.00028347165179561784,-0.00087284285493222644,-0.062888972329353088,0.05921428035910381,9.6488441326825978
1786615519.7224662,1786615519.7217586,vesc,-0.00087284285493222644,-0.00087284285493222644,nan,nan,0.01,1,0,1,0,0,1786615519.7217586,nan,-0.00014836720104183631,-0.00028347165179561784,-0.00087284285493222644,-0.10943776277483241,0.078684851502895725,9.533380329697593
1786615519.7471018,1786615519.7466223,vesc,-0.00089783040598624762,-0.00089783040598624762,nan,nan,0.01,1,0,1,0,0,1786615519.7466223,nan,-0.0022787488710371622,-0.00028340403247106507,-0.00089783040598624762,-0.12481813330457303,0.049713431599801794,9.6193496062268196
1786615519.767235,1786615519.766885,vesc,0.00020197492379644315,0.00020197492379644315,nan,nan,0.01,1,0,1,0,0,1786615519.766885,nan,0.00090432992344739716,-0.0013516281143235711,0.00020197492379644315,-0.1057716497666652,0.064057127295114924,9.6291916400340369
1786615519.7867863,1786615519.7863452,vesc,0.0012603948212653164,0.0012603948212653164,nan,nan,0.01,1,0,1,0,0,1786615519.7863452,nan,-0.00017335514220734541,0.00077606386700050461,0.0012603948212653164,-0.11011192849584983,0.083320378090061098,9.5908701564517287
1786615519.8066685,1786615519.80636,vesc,0.00017308336453750821,0.00017308336453750821,nan,nan,0.01,1,0,1,0,0,1786615519.80636,nan,-0.0022912438819172173,0.0018442536190420836,0.00017308336453750821,-0.12008459276084071,0.059280463534101102,9.6242215065168466
1786615519.8278003,1786615519.826926,vesc,-0.00089783040598624762,-0.00089783040598624762,nan,nan,0.01,1,0,1,0,0,1786615519.826926,nan,-0.0022787488710371622,-0.00028340403247106507,-0.00089783040598624762,-0.096136040953358481,0.092809861323452481,9.62459222000507
1786615519.8465443,1786615519.8462682,vesc,0.00021160544354942147,0.00021160544354942147,nan,nan,0.01,1,0,1,0,0,1786615519.8462682,nan,0.0019695210185193849,-0.0024169227189769897,0.00021160544354942147,-0.11529488239934427,0.049700275364020996,9.62425191203954
1786615519.8617616,1786615519.8614919,vesc,0.00019234440404346486,0.00019234440404346486,nan,nan,0.01,1,0,1,0,0,1786615519.8614919,nan,-0.00016086117162459086,-0.00028633454996745305,0.00019234440404346486,-0.11022428640392778,0.064134566360724676,9.6003976100433874
1786615519.8869596,1786615519.8862946,vesc,-0.0008824734071944954,-0.0008824734071944954,nan,nan,0.01,1,0,1,0,0,1786615519.8862946,nan,-0.0012135582961138242,0.00078182295285780096,-0.0008824734071944954,-0.095349535596812807,0.073830017774284329,9.5574848925343758
1786615519.9070616,1786615519.906374,vesc,-0.00086997969668606593,-0.00086997969668606593,nan,nan,0.01,1,0,1,0,0,1786615519.906374,nan,-0.00014836720104183631,0.00078178966334417502,-0.00086997969668606593,-0.087006070135227098,0.063966458903525591,9.6629441091100716
1786615519.9267359,1786615519.9263995,vesc,0.00019624847726695978,0.00019624847726695978,nan,nan,0.01,1,0,1,0,0,1786615519.9263995,nan,0.00090432992344739716,-0.0034821497043058562,0.00019624847726695978,-0.10036396177446516,0.088148716621613943,9.5766263385130515
1786615519.9468215,1786615519.9464812,vesc,0.0012450379525107266,0.0012450379525107266,nan,nan,0.01,1,0,1,0,0,1786615519.9464812,nan,-0.0012385462372793334,-0.00028916311832836143,0.0012450379525107266,-0.11969134921884272,0.040210499769834485,9.5906421150315282
1786615519.9667063,1786615519.9663641,vesc,-0.00087570614321554941,-0.00087570614321554941,nan,nan,0.01,1,0,1,0,0,1786615519.9663641,nan,-0.00014836720104183631,-0.0013487319266381099,-0.00087570614321554941,-0.11050517203784782,0.059280171173305973,9.6243337730621761
1786615519.9868953,1786615519.9864306,vesc,0.0012268176654356515,0.0012268176654356515,nan,nan,0.01,1,0,1,0,0,1786615519.9864306,nan,-0.0023037368122026708,-0.0024196514187970202,0.0012268176654356515,-0.08210399272937785,0.087942163719855415,9.6534856526660633
1786615520.0068018,1786615520.006367,vesc,0.0023255820152224267,0.0023255820152224267,nan,nan,0.01,1,0,1,0,0,1786615520.006367,nan,-0.00018584859264144957,0.00077320096882866945,0.0023255820152224267,-0.099352740601763578,0.088380449096852942,9.4904114789159166
1786615520.0269084,1786615520.0265284,vesc,-0.00086997969668606593,-0.00086997969668606593,nan,nan,0.01,1,0,1,0,0,1786615520.0265284,nan,-0.00014836720104183631,0.00078178966334417502,-0.00086997969668606593,-0.072524572006384957,0.044831664132939153,9.6534821443365217
1786615520.0467646,1786615520.0464346,vesc,-0.00086711640840274296,-0.00086711640840274296,nan,nan,0.01,1,0,1,0,0,1786615520.0464346,nan,-0.00014836720104183631,0.0018470499381866669,-0.00086711640840274296,-0.12476194521425921,0.068886415999251938,9.6146110224593713
1786615520.0666621,1786615520.0663545,vesc,0.00019520762730820652,0.00019520762730820652,nan,nan,0.01,1,0,1,0,0,1786615520.0663545,nan,-0.00016086117162459086,0.00077892676517233987,0.00019520762730820652,-0.11478928094926832,0.088136327832920358,9.5812468085192677
1786615520.0868707,1786615520.0865214,vesc,-0.0019351668906431761,-0.0019351668906431761,nan,nan,0.01,1,0,1,0,0,1786615520.0865214,nan,-0.00013587375060773214,0.00078465256151601006,-0.0019351668906431761,-0.081991634821299897,0.097547933459509295,9.6439324713244332
1786615520.1066551,1786615520.1063197,vesc,0.00020197492379644315,0.00020197492379644315,nan,nan,0.01,1,0,1,0,0,1786615520.1063197,nan,0.00090432992344739716,-0.0013516281143235711,0.00020197492379644315,-0.12391925176739971,0.05470943904736103,9.5427276890394523
1786615520.1267097,1786615520.1263473,vesc,-0.00087961024894833511,-0.00087961024894833511,nan,nan,0.01,1,0,1,0,0,1786615520.1263473,nan,-0.0012135582961138242,0.0018470832277002929,-0.00087961024894833511,-0.058155440921895618,0.049621228314038035,9.6536634080295016
1786615520.1467335,1786615520.1463399,vesc,0.0022948682777132472,0.0022948682777132472,nan,nan,0.01,1,0,1,0,0,1786615520.1463399,nan,-0.0023162307827854257,-0.0013572530018290626,0.0022948682777132472,-0.11512635467350218,0.035368858822103277,9.6098432026124101
1786615520.1665969,1786615520.1663072,vesc,0.0012421747942645664,0.0012421747942645664,nan,nan,0.01,1,0,1,0,0,1786615520.1663072,nan,-0.0012385462372793334,-0.0013544244334681541,0.0012421747942645664,-0.11941044531237299,0.078595023648592388,9.5667959991376392
1786615520.1867664,1786615520.1863234,vesc,0.0012728886618109084,0.0012728886618109084,nan,nan,0.01,1,0,1,0,0,1786615520.1863234,nan,0.00089183595286464255,0.00077602953718957789,0.0012728886618109084,-0.072861654866893666,0.044754407792826356,9.6822200410545065
1786615520.2069726,1786615520.2064385,vesc,0.00017308336453750821,0.00017308336453750821,nan,nan,0.01,1,0,1,0,0,1786615520.2064385,nan,-0.0022912438819172173,0.0018442536190420836,0.00017308336453750821,-0.091346330591862035,0.083229673153372374,9.6246226255277634
1786615520.2268736,1786615520.2264555,vesc,0.0012757519500942313,0.0012757519500942313,nan,nan,0.01,1,0,1,0,0,1786615520.2264555,nan,0.00089183595286464255,0.0018412908523293707,0.0012757519500942313,-0.11028045622169191,0.040171579238982957,9.6051233299358501
1786615520.2467144,1786615520.2464015,vesc,0.00018948118077872315,0.00018948118077872315,nan,nan,0.01,1,0,1,0,0,1786615520.2464015,nan,-0.00016086117162459086,-0.001351594824809945,0.00018948118077872315,-0.12008459276084071,0.064070502801492069,9.6242343703918323
1786615520.266814,1786615520.2663867,vesc,-0.00089783040598624762,-0.00089783040598624762,nan,nan,0.01,1,0,1,0,0,1786615520.2663867,nan,-0.0022787488710371622,-0.00028340403247106507,-0.00089783040598624762,-0.082160171683416827,0.08313926057747878,9.6582628280584686
1786615520.286736,1786615520.2862976,vesc,-0.00088819985372397866,-0.00088819985372397866,nan,nan,0.01,1,0,1,0,0,1786615520.2862976,nan,-0.0012135582961138242,-0.001348698637124484,-0.00088819985372397866,-0.077763714000193218,0.044728826223252582,9.6917439863166237
1786615520.3072429,1786615520.3067527,vesc,0.0023198556987301055,0.0023198556987301055,nan,nan,0.01,1,0,1,0,0,1786615520.3067527,nan,-0.00018584859264144957,-0.0013573206211536155,0.0023198556987301055,-0.10481659841172775,0.083436116419832729,9.5478182752042358
1786615520.3271809,1786615520.3267744,vesc,0.0012603948212653164,0.0012603948212653164,nan,nan,0.01,1,0,1,0,0,1786615520.3267744,nan,-0.00017335514220734541,0.00077606386700050461,0.0012603948212653164,-0.081991634821299897,0.040067681521414045,9.6437781048246052
1786615520.3468862,1786615520.3462317,vesc,0.00019234440404346486,0.00019234440404346486,nan,nan,0.01,1,0,1,0,0,1786615520.3462317,nan,-0.00016086117162459086,-0.00028633454996745305,0.00019234440404346486,-0.12014078085115454,0.07363764437108955,9.6290489679660141
1786615520.3671079,1786615520.3662996,vesc,0.00017698743776100315,0.00017698743776100315,nan,nan,0.01,1,0,1,0,0,1786615520.3662996,nan,-0.0012260522666965789,-0.001351561535296319,0.00017698743776100315,-0.10081339340677697,0.083255729809238233,9.614930280447652
1786615520.3866138,1786615520.3862853,vesc,-0.00091032411649467708,-0.00091032411649467708,nan,nan,0.01,1,0,1,0,0,1786615520.3862853,nan,-0.0033439404862578002,-0.00028337074295743903,-0.00091032411649467708,-0.13377957639686233,0.059435414755519389,9.5665761438197023
1786615520.4064715,1786615520.4061739,vesc,-0.00087856930146170981,-0.00087856930146170981,nan,nan,0.01,1,0,1,0,0,1786615520.4061739,nan,-0.00014836720104183631,-0.002413992201480602,-0.00087856930146170981,-0.053309560742635043,0.078374071977673765,9.6490078547278699
1786615520.4266603,1786615520.42628,vesc,-0.0019630177299805205,-0.0019630177299805205,nan,nan,0.01,1,0,1,0,0,1786615520.42628,nan,-0.0022662549004544073,-0.00028054113429922987,-0.0019630177299805205,-0.12848426458528994,0.06913115852987417,9.5235511597653613
1786615520.4465051,1786615520.4461944,vesc,-0.00086425325015658267,-0.00086425325015658267,nan,nan,0.01,1,0,1,0,0,1786615520.4461944,nan,-0.00014836720104183631,0.002912310213029159,-0.00086425325015658267,-0.086612808320679413,0.054476500583842125,9.6293904453747245
1786615520.4619422,1786615520.4615242,vesc,-0.00087284285493222644,-0.00087284285493222644,nan,nan,0.01,1,0,1,0,0,1786615520.4615242,nan,-0.00014836720104183631,-0.00028347165179561784,-0.00087284285493222644,-0.10103812749548258,0.059254114517440115,9.634024948699107
1786615520.4864666,1786615520.4861743,vesc,0.0012700253735275855,0.0012700253735275855,nan,nan,0.01,1,0,1,0,0,1786615520.4861743,nan,0.00089183595286464255,-0.0002892307376529142,0.0012700253735275855,-0.091065444957941999,0.10245413132531489,9.6007250541339317
1786615520.5069163,1786615520.5062759,vesc,-0.001950524019472091,-0.001950524019472091,nan,nan,0.01,1,0,1,0,0,1786615520.5062759,nan,-0.0012010648456797202,-0.00028057442381285586,-0.001950524019472091,-0.086781354319071191,0.054437908958885117,9.6437605631768974
1786615520.5272284,1786615520.5263898,vesc,0.00019234440404346486,0.00019234440404346486,nan,nan,0.01,1,0,1,0,0,1786615520.5263898,nan,-0.00016086117162459086,-0.00028633454996745305,0.00019234440404346486,-0.11935427549460886,0.059447803544212974,9.5619545043703056
1786615520.5466146,1786615520.5461938,vesc,-0.0008824734071944954,-0.0008824734071944954,nan,nan,0.01,1,0,1,0,0,1786615520.5461938,nan,-0.0012135582961138242,0.00078182295285780096,-0.0008824734071944954,-0.067453966874693627,0.040105834605178359,9.629577556283607
