t,phase,kind,v_cmd,delta_cmd,servo_cmd,erpm_cmd,erpm_meas,current_motor,duty,v_batt,wz,ax,ay,v_pose,x,y,yaw,pose_t
0.03190183639526367,IDLE,stop,0.0,0.0,0.5,0.0,0.0,0.0,0.0,0.0,0.0,0.0,0.0,0.0,0.0,0.0,0.0,0.0
0.040426015853881836,IDLE,stop,0.0,0.0,0.5,0.0,0.0,0.0,0.0,0.0,0.0,0.0,0.0,0.0,0.0,0.0,0.0,0.0
0.06057572364807129,IDLE,stop,0.0,0.0,0.5,0.0,0.0,0.0,0.0,0.0,0.0,0.0,0.0,0.0,0.0,0.0,0.0,0.0
0.08064866065979004,IDLE,stop,0.0,0.0,0.5,0.0,0.0,0.0,0.0,0.0,0.0,0.0,0.0,0.0,0.0,0.0,0.0,0.0
0.10064148902893066,IDLE,stop,0.0,0.0,0.5,0.0,0.0,0.0,0.0,0.0,0.0,0.0,0.0,0.0,0.0,0.0,0.0,0.0
0.12065267562866211,IDLE,stop,0.0,0.0,0.5,0.0,0.0,0.0,0.0,0.0,0.0,0.0,0.0,0.0,0.0,0.0,0.0,0.0
0.14061784744262695,IDLE,stop,0.0,0.0,0.5,0.0,0.0,0.0,0.0,0.0,0.0,0.0,0.0,0.0,0.0,0.0,0.0,0.0
0.16062307357788086,IDLE,stop,0.0,0.0,0.5,0.0,0.0,0.0,0.0,0.0,0.0,0.0,0.0,0.0,0.0,0.0,0.0,0.0
0.1805555820465088,IDLE,stop,0.0,0.0,0.5,0.0,0.0,0.0,0.0,0.0,0.0,0.0,0.0,0.0,0.0,0.0,0.0,0.0
0.20069074630737305,IDLE,stop,0.0,0.0,0.5,0.0,0.0,0.0,0.0,0.0,0.0,0.0,0.0,0.0,0.0,0.0,0.0,0.0
0.22064924240112305,IDLE,stop,0.0,0.0,0.5,0.0,0.0,0.0,0.0,0.0,0.0,0.0,0.0,0.0,0.0,0.0,0.0,0.0
0.24060654640197754,IDLE,stop,0.0,0.0,0.5,0.0,0.0,0.0,0.0,0.0,0.0,0.0,0.0,0.0,0.0,0.0,0.0,0.0
0.2607724666595459,IDLE,stop,0.0,0.0,0.5,0.0,0.0,0.0,0.0,0.0,0.0,0.0,0.0,0.0,0.0,0.0,0.0,0.0
0.28070068359375,IDLE,stop,0.0,0.0,0.5,0.0,0.0,0.0,0.0,0.0,0.0,0.0,0.0,0.0,0.0,0.0,0.0,0.0
0.30075740814208984,IDLE,stop,0.0,0.0,0.5,0.0,0.0,0.0,0.0,0.0,0.0,0.0,0.0,0.0,0.0,0.0,0.0,0.0
0.32082438468933105,IDLE,stop,0.0,0.0,0.5,0.0,0.0,0.0,0.0,0.0,0.0,0.0,0.0,0.0,0.0,0.0,0.0,0.0
0.3408026695251465,IDLE,stop,0.0,0.0,0.5,0.0,0.0,0.0,0.0,0.0,0.0,0.0,0.0,0.0,0.0,0.0,0.0,0.0
0.3606748580932617,IDLE,stop,0.0,0.0,0.5,0.0,0.0,0.0,0.0,0.0,0.0,0.0,0.0,0.0,0.0,0.0,0.0,0.0
0.38077449798583984,IDLE,stop,0.0,0.0,0.5,0.0,0.0,0.0,0.0,0.0,0.0,0.0,0.0,0.0,0.0,0.0,0.0,0.0
0.4006366729736328,IDLE,stop,0.0,0.0,0.5,0.0,0.0,0.0,0.0,0.0,0.0,0.0,0.0,0.0,0.0,0.0,0.0,0.0
0.4207744598388672,IDLE,stop,0.0,0.0,0.5,0.0,0.0,0.0,0.0,0.0,0.0,0.0,0.0,0.0,0.0,0.0,0.0,0.0
0.4408397674560547,IDLE,stop,0.0,0.0,0.5,0.0,0.0,0.0,0.0,0.0,0.0,0.0,0.0,0.0,0.0,0.0,0.0,0.0
0.4621880054473877,IDLE,stop,0.0,0.0,0.5,0.0,0.0,0.0,0.0,0.0,0.0,0.0,0.0,0.0,0.0,0.0,0.0,0.0
0.4807889461517334,IDLE,stop,0.0,0.0,0.5,0.0,0.0,0.0,0.0,0.0,0.0,0.0,0.0,0.0,0.0,0.0,0.0,0.0
0.5007822513580322,IDLE,stop,0.0,0.0,0.5,0.0,0.0,0.0,0.0,0.0,0.0,0.0,0.0,0.0,0.0,0.0,0.0,0.0
0.5206422805786133,IDLE,stop,0.0,0.0,0.5,0.0,0.0,0.0,0.0,0.0,0.0,0.0,0.0,0.0,0.0,0.0,0.0,0.0
0.54060959815979,IDLE,stop,0.0,0.0,0.5,0.0,0.0,0.0,0.0,0.0,0.0,0.0,0.0,0.0,0.0,0.0,0.0,0.0
0.5606386661529541,IDLE,stop,0.0,0.0,0.5,0.0,0.0,0.0,0.0,0.0,0.0,0.0,0.0,0.0,0.0,0.0,0.0,0.0
0.5805826187133789,IDLE,stop,0.0,0.0,0.5,0.0,0.0,0.0,0.0,0.0,0.0,0.0,0.0,0.0,0.0,0.0,0.0,0.0
0.6007580757141113,IDLE,stop,0.0,0.0,0.5,0.0,0.0,0.0,0.0,0.0,0.0,0.0,0.0,0.0,0.0,0.0,0.0,0.0
0.6209802627563477,IDLE,stop,0.0,0.0,0.5,0.0,0.0,0.0,0.0,0.0,0.0,0.0,0.0,0.0,0.0,0.0,0.0,0.0
0.6407971382141113,IDLE,stop,0.0,0.0,0.5,0.0,0.0,0.0,0.0,0.0,0.0,0.0,0.0,0.0,0.0,0.0,0.0,0.0
0.6606223583221436,IDLE,stop,0.0,0.0,0.5,0.0,0.0,0.0,0.0,0.0,0.0,0.0,0.0,0.0,0.0,0.0,0.0,0.0
0.6806843280792236,IDLE,stop,0.0,0.0,0.5,0.0,0.0,0.0,0.0,0.0,0.0,0.0,0.0,0.0,0.0,0.0,0.0,0.0
0.7007582187652588,IDLE,stop,0.0,0.0,0.5,0.0,0.0,0.0,0.0,0.0,0.0,0.0,0.0,0.0,0.0,0.0,0.0,0.0
0.720632791519165,IDLE,stop,0.0,0.0,0.5,0.0,0.0,0.0,0.0,0.0,0.0,0.0,0.0,0.0,0.0,0.0,0.0,0.0
0.740656852722168,IDLE,stop,0.0,0.0,0.5,0.0,0.0,0.0,0.0,0.0,0.0,0.0,0.0,0.0,0.0,0.0,0.0,0.0
0.7629938125610352,IDLE,stop,0.0,0.0,0.5,0.0,0.0,0.0,0.0,0.0,0.0,0.0,0.0,0.0,0.0,0.0,0.0,0.0
0.7807207107543945,IDLE,stop,0.0,0.0,0.5,0.0,0.0,0.0,0.0,0.0,0.0,0.0,0.0,0.0,0.0,0.0,0.0,0.0
0.8006181716918945,IDLE,stop,0.0,0.0,0.5,0.0,0.0,0.0,0.0,0.0,0.0,0.0,0.0,0.0,0.0,0.0,0.0,0.0
0.8207342624664307,IDLE,stop,0.0,0.0,0.5,0.0,0.0,0.0,0.0,0.0,0.0,0.0,0.0,0.0,0.0,0.0,0.0,0.0
0.8405811786651611,IDLE,stop,0.0,0.0,0.5,0.0,0.0,0.0,0.0,0.0,0.0,0.0,0.0,0.0,0.0,0.0,0.0,0.0
0.8605902194976807,IDLE,stop,0.0,0.0,0.5,0.0,0.0,0.0,0.0,0.0,0.0,0.0,0.0,0.0,0.0,0.0,0.0,0.0
0.8806803226470947,IDLE,stop,0.0,0.0,0.5,0.0,0.0,0.0,0.0,0.0,0.0,0.0,0.0,0.0,0.0,0.0,0.0,0.0
0.900606632232666,IDLE,stop,0.0,0.0,0.5,0.0,0.0,0.0,0.0,0.0,0.0,0.0,0.0,0.0,0.0,0.0,0.0,0.0
0.9206547737121582,IDLE,stop,0.0,0.0,0.5,0.0,0.0,0.0,0.0,0.0,0.0,0.0,0.0,0.0,0.0,0.0,0.0,0.0
0.9407849311828613,IDLE,stop,0.0,0.0,0.5,0.0,0.0,0.0,0.0,0.0,0.0,0.0,0.0,0.0,0.0,0.0,0.0,0.0
0.9607682228088379,IDLE,stop,0.0,0.0,0.5,0.0,0.0,0.0,0.0,0.0,0.0,0.0,0.0,0.0,0.0,0.0,0.0,0.0
0.9807116985321045,IDLE,stop,0.0,0.0,0.5,0.0,0.0,0.0,0.0,0.0,0.0,0.0,0.0,0.0,0.0,0.0,0.0,0.0
1.0008025169372559,IDLE,stop,0.0,0.0,0.5,0.0,0.0,0.0,0.0,0.0,0.0,0.0,0.0,0.0,0.0,0.0,0.0,0.0
1.0206704139709473,IDLE,stop,0.0,0.0,0.5,0.0,0.0,0.0,0.0,0.0,0.0,0.0,0.0,0.0,0.0,0.0,0.0,0.0
1.0406687259674072,IDLE,stop,0.0,0.0,0.5,0.0,0.0,0.0,0.0,0.0,0.0,0.0,0.0,0.0,0.0,0.0,0.0,0.0
1.061732292175293,IDLE,stop,0.0,0.0,0.5,0.0,0.0,0.0,0.0,0.0,0.0,0.0,0.0,0.0,0.0,0.0,0.0,0.0
1.0806021690368652,IDLE,stop,0.0,0.0,0.5,0.0,0.0,0.0,0.0,0.0,0.0,0.0,0.0,0.0,0.0,0.0,0.0,0.0
1.1007637977600098,IDLE,stop,0.0,0.0,0.5,0.0,0.0,0.0,0.0,0.0,0.0,0.0,0.0,0.0,0.0,0.0,0.0,0.0
1.1206023693084717,IDLE,stop,0.0,0.0,0.5,0.0,0.0,0.0,0.0,0.0,0.0,0.0,0.0,0.0,0.0,0.0,0.0,0.0
1.1406042575836182,IDLE,stop,0.0,0.0,0.5,0.0,0.0,0.0,0.0,0.0,0.0,0.0,0.0,0.0,0.0,0.0,0.0,0.0
1.1607556343078613,IDLE,stop,0.0,0.0,0.5,0.0,0.0,0.0,0.0,0.0,0.0,0.0,0.0,0.0,0.0,0.0,0.0,0.0
1.1807360649108887,IDLE,stop,0.0,0.0,0.5,0.0,0.0,0.0,0.0,0.0,0.0,0.0,0.0,0.0,0.0,0.0,0.0,0.0
1.2007341384887695,IDLE,stop,0.0,0.0,0.5,0.0,0.0,0.0,0.0,0.0,0.0,0.0,0.0,0.0,0.0,0.0,0.0,0.0
1.22059965133667,IDLE,stop,0.0,0.0,0.5,0.0,0.0,0.0,0.0,0.0,0.0,0.0,0.0,0.0,0.0,0.0,0.0,0.0
1.2407097816467285,IDLE,stop,0.0,0.0,0.5,0.0,0.0,0.0,0.0,0.0,0.0,0.0,0.0,0.0,0.0,0.0,0.0,0.0
1.260770559310913,IDLE,stop,0.0,0.0,0.5,0.0,0.0,0.0,0.0,0.0,0.0,0.0,0.0,0.0,0.0,0.0,0.0,0.0
1.2807483673095703,IDLE,stop,0.0,0.0,0.5,0.0,0.0,0.0,0.0,0.0,0.0,0.0,0.0,0.0,0.0,0.0,0.0,0.0
1.300753116607666,IDLE,stop,0.0,0.0,0.5,0.0,0.0,0.0,0.0,0.0,0.0,0.0,0.0,0.0,0.0,0.0,0.0,0.0
1.3206801414489746,IDLE,stop,0.0,0.0,0.5,0.0,0.0,0.0,0.0,0.0,0.0,0.0,0.0,0.0,0.0,0.0,0.0,0.0
1.340782880783081,IDLE,stop,0.0,0.0,0.5,0.0,0.0,0.0,0.0,0.0,0.0,0.0,0.0,0.0,0.0,0.0,0.0,0.0
1.360776662826538,IDLE,stop,0.0,0.0,0.5,0.0,0.0,0.0,0.0,0.0,0.0,0.0,0.0,0.0,0.0,0.0,0.0,0.0
1.3807013034820557,IDLE,stop,0.0,0.0,0.5,0.0,0.0,0.0,0.0,0.0,0.0,0.0,0.0,0.0,0.0,0.0,0.0,0.0
1.4007542133331299,IDLE,stop,0.0,0.0,0.5,0.0,0.0,0.0,0.0,0.0,0.0,0.0,0.0,0.0,0.0,0.0,0.0,0.0
1.421147108078003,IDLE,stop,0.0,0.0,0.5,0.0,0.0,0.0,0.0,0.0,0.0,0.0,0.0,0.0,0.0,0.0,0.0,0.0
1.4408106803894043,IDLE,stop,0.0,0.0,0.5,0.0,0.0,0.0,0.0,0.0,0.0,0.0,0.0,0.0,0.0,0.0,0.0,0.0
1.4609806537628174,IDLE,stop,0.0,0.0,0.5,0.0,0.0,0.0,0.0,0.0,0.0,0.0,0.0,0.0,0.0,0.0,0.0,0.0
1.4806098937988281,IDLE,stop,0.0,0.0,0.5,0.0,0.0,0.0,0.0,0.0,0.0,0.0,0.0,0.0,0.0,0.0,0.0,0.0
1.5007264614105225,IDLE,stop,0.0,0.0,0.5,0.0,0.0,0.0,0.0,0.0,0.0,0.0,0.0,0.0,0.0,0.0,0.0,0.0
1.5207927227020264,IDLE,stop,0.0,0.0,0.5,0.0,0.0,0.0,0.0,0.0,0.0,0.0,0.0,0.0,0.0,0.0,0.0,0.0
1.5406274795532227,IDLE,stop,0.0,0.0,0.5,0.0,0.0,0.0,0.0,0.0,0.0,0.0,0.0,0.0,0.0,0.0,0.0,0.0
1.5606966018676758,IDLE,stop,0.0,0.0,0.5,0.0,0.0,0.0,0.0,0.0,0.0,0.0,0.0,0.0,0.0,0.0,0.0,0.0
1.580749750137329,IDLE,stop,0.0,0.0,0.5,0.0,0.0,0.0,0.0,0.0,0.0,0.0,0.0,0.0,0.0,0.0,0.0,0.0
1.6007637977600098,IDLE,stop,0.0,0.0,0.5,0.0,0.0,0.0,0.0,0.0,0.0,0.0,0.0,0.0,0.0,0.0,0.0,0.0
1.6206493377685547,IDLE,stop,0.0,0.0,0.5,0.0,0.0,0.0,0.0,0.0,0.0,0.0,0.0,0.0,0.0,0.0,0.0,0.0
1.640772819519043,IDLE,stop,0.0,0.0,0.5,0.0,0.0,0.0,0.0,0.0,0.0,0.0,0.0,0.0,0.0,0.0,0.0,0.0
1.660719394683838,IDLE,stop,0.0,0.0,0.5,0.0,0.0,0.0,0.0,0.0,0.0,0.0,0.0,0.0,0.0,0.0,0.0,0.0
1.6806280612945557,IDLE,stop,0.0,0.0,0.5,0.0,0.0,0.0,0.0,0.0,0.0,0.0,0.0,0.0,0.0,0.0,0.0,0.0
1.7006280422210693,IDLE,stop,0.0,0.0,0.5,0.0,0.0,0.0,0.0,0.0,0.0,0.0,0.0,0.0,0.0,0.0,0.0,0.0
1.7206175327301025,IDLE,stop,0.0,0.0,0.5,0.0,0.0,0.0,0.0,0.0,0.0,0.0,0.0,0.0,0.0,0.0,0.0,0.0
1.740640640258789,IDLE,stop,0.0,0.0,0.5,0.0,0.0,0.0,0.0,0.0,0.0,0.0,0.0,0.0,0.0,0.0,0.0,0.0
1.760765790939331,IDLE,stop,0.0,0.0,0.5,0.0,0.0,0.0,0.0,0.0,0.0,0.0,0.0,0.0,0.0,0.0,0.0,0.0
1.7806429862976074,IDLE,stop,0.0,0.0,0.5,0.0,0.0,0.0,0.0,0.0,0.0,0.0,0.0,0.0,0.0,0.0,0.0,0.0
1.800757646560669,IDLE,stop,0.0,0.0,0.5,0.0,0.0,0.0,0.0,0.0,0.0,0.0,0.0,0.0,0.0,0.0,0.0,0.0
1.8206133842468262,IDLE,stop,0.0,0.0,0.5,0.0,0.0,0.0,0.0,0.0,0.0,0.0,0.0,0.0,0.0,0.0,0.0,0.0
1.8406040668487549,IDLE,stop,0.0,0.0,0.5,0.0,0.0,0.0,0.0,0.0,0.0,0.0,0.0,0.0,0.0,0.0,0.0,0.0
1.8606882095336914,IDLE,stop,0.0,0.0,0.5,0.0,0.0,0.0,0.0,0.0,0.0,0.0,0.0,0.0,0.0,0.0,0.0,0.0
1.8808040618896484,IDLE,stop,0.0,0.0,0.5,0.0,0.0,0.0,0.0,0.0,0.0,0.0,0.0,0.0,0.0,0.0,0.0,0.0
1.901341438293457,IDLE,stop,0.0,0.0,0.5,0.0,0.0,0.0,0.0,0.0,0.0,0.0,0.0,0.0,0.0,0.0,0.0,0.0
1.9216139316558838,IDLE,stop,0.0,0.0,0.5,0.0,0.0,0.0,0.0,0.0,0.0,0.0,0.0,0.0,0.0,0.0,0.0,0.0
1.9407978057861328,IDLE,stop,0.0,0.0,0.5,0.0,0.0,0.0,0.0,0.0,0.0,0.0,0.0,0.0,0.0,0.0,0.0,0.0
1.9604675769805908,IDLE,stop,0.0,0.0,0.5,0.0,0.0,0.0,0.0,0.0,0.0012575316630191562,-0.3030486287163683,0.0542773297921606,0.0,0.0,0.0,0.0,0.0
1.9803240299224854,IDLE,stop,0.0,0.0,0.5,0.0,0.0,0.0,0.0,16.6,-0.0008853366954778184,-0.2969667932757005,0.06415331399671231,0.0,0.0,0.0,0.0,0.0
2.0004703998565674,IDLE,stop,0.0,0.0,0.5,0.0,0.0,0.0,-0.001,16.6,0.0012575316630191562,-0.3118415258102658,0.02092769734671407,0.0,0.0,0.0,0.0,0.0
2.0204081535339355,IDLE,stop,0.0,0.0,0.5,0.0,0.0,0.0,-0.001,16.6,0.0012728886618109084,-0.2785944389137107,0.09271261481397275,0.0,0.0,0.0,0.0,0.0
2.0403971672058105,IDLE,stop,0.0,0.0,0.5,0.0,0.0,0.0,-0.001,16.6,-0.0008478554339153676,-0.2975847709064041,0.044851581212107305,0.0,0.0,0.0,0.0,0.0
2.0605006217956543,IDLE,stop,0.0,0.0,0.5,0.0,0.0,0.0,-0.001,16.6,0.00020197492379644315,-0.3260983172592269,0.07364414939878117,0.0,0.0,0.0,0.0,0.0
2.0805275440216064,IDLE,stop,0.0,0.0,0.5,0.0,0.0,0.0,0.0,16.6,0.00017698743776100315,-0.2647309458243967,0.03511603982451561,0.0,0.0,0.0,0.0,0.0
2.1005847454071045,ARM,stop,0.0,0.0,0.5,0.0,0.0,0.0,-0.001,16.6,0.0012728886618109084,-0.34418974944219727,0.10741949570703468,0.0,0.0,0.0,0.0,0.0
2.1204628944396973,ARM,stop,0.0,0.0,0.5,0.0,0.0,0.0,-0.001,16.6,0.0002009340738376899,-0.2789877007282584,0.020772161403705525,0.0,0.0,0.0,0.0,0.0
2.140608310699463,ARM,stop,0.0,0.0,0.5,0.0,0.0,0.0,0.0,16.6,0.00019520762730820652,-0.32147711635102283,0.08318541703800975,0.0,0.0,0.0,0.0,0.0
2.1616976261138916,ARM,stop,0.0,0.0,0.5,0.0,0.0,0.0,-0.001,16.6,-0.0008699796966860659,-0.2975285645435406,0.05444452362187491,0.0,0.0,0.0,0.0,0.0
2.180695056915283,ARM,stop,0.0,0.0,0.5,0.0,0.0,0.0,0.0,16.6,0.00020770137032592652,-0.2698015418198132,0.06379195605393306,0.0,0.0,0.0,0.0,0.0
2.2006359100341797,ARM,stop,0.0,0.0,0.5,0.0,0.0,0.0,-0.001,16.6,0.00015199995172556318,-0.37231003398047235,0.08361189834790395,0.0,0.0,0.0,0.0,0.0
2.2205657958984375,ARM,stop,0.0,0.0,0.5,0.0,0.0,0.0,-0.001,16.6,-0.0008603491444237971,-0.24602153601072274,0.015852350488376743,0.0,0.0,0.0,0.0,0.0
2.2405779361724854,ARM,stop,0.0,0.0,0.5,0.0,0.0,0.0,-0.002,16.6,0.0012479011107568872,-0.3161256347216863,0.06894393798569354,0.0,0.0,0.0,0.0,0.0
2.260599374771118,ARM,stop,0.0,0.0,0.5,0.0,0.0,0.0,-0.001,16.6,-0.0008728428549322264,-0.30192501309048936,0.05453482656247033,0.0,0.0,0.0,0.0,0.0
2.280414581298828,ARM,stop,0.0,0.0,0.5,0.0,0.0,0.0,-0.001,16.6,-0.0008757061432155494,-0.28271000182673944,0.04496702718108381,0.0,0.0,0.0,0.0,0.0
2.3005051612854004,ARM,stop,0.0,0.0,0.5,0.0,0.0,0.0,-0.001,16.6,-0.0008546226978943137,-0.2738609349150778,0.08790956549119855,0.0,0.0,0.0,0.0,0.0
2.3204033374786377,ARM,stop,0.0,0.0,0.5,0.0,0.0,0.0,-0.002,16.6,-0.001935166890643176,-0.32063442290416333,0.05942843464153569,0.0,0.0,0.0,0.0,0.0
2.3403098583221436,ARM,stop,0.0,0.0,0.5,0.0,0.0,0.0,-0.001,16.6,-0.0008574859861776367,-0.264337684009849,0.04478620202929662,0.0,0.0,0.0,0.0,0.0
2.3604061603546143,ARM,stop,0.0,0.0,0.5,0.0,0.0,0.0,-0.001,16.6,0.00020770137032592652,-0.2874997121882359,0.06412725734084646,0.0,0.0,0.0,0.0,0.0
2.380415678024292,ARM,stop,0.0,0.0,0.5,0.0,0.0,0.0,-0.001,16.6,0.00019234440404346486,-0.28867949763187895,0.030326768004211857,0.0,0.0,0.0,0.0,0.0
2.4005508422851562,ARM,stop,0.0,0.0,0.5,0.0,0.0,0.0,-0.001,16.6,0.00017985066102574486,-0.30682709963261345,0.07366929242716225,0.0,0.0,0.0,0.0,0.0
2.4204301834106445,ARM,stop,0.0,0.0,0.5,0.0,0.0,0.0,-0.001,16.6,0.001267162215281425,-0.2924579685481241,0.04492869137182254,0.0,0.0,0.0,0.0,0.0
2.4404163360595703,ARM,stop,0.0,0.0,0.5,0.0,0.0,0.0,-0.002,16.6,-0.0008699796966860659,-0.2928512303626718,0.04483857115672407,0.0,0.0,0.0,0.0,0.0
2.4603724479675293,ARM,stop,0.0,0.0,0.5,0.0,0.0,0.0,-0.001,16.6,-0.0008824734071944954,-0.2785382690959466,0.06877535544220237,0.0,0.0,0.0,0.0,0.0
2.4804000854492188,ARM,stop,0.0,0.0,0.5,0.0,0.0,0.0,-0.001,16.6,0.00019807085057294823,-0.32519941744950387,0.08822019883602294,0.0,0.0,0.0,0.0,0.0
2.5004117488861084,ARM,stop,0.0,0.0,0.5,0.0,0.0,0.0,-0.001,16.6,0.00019807085057294823,-0.2320456667407811,0.02055179445437716,0.0,0.0,0.0,0.0,0.0
2.5204226970672607,ARM,stop,0.0,0.0,0.5,0.0,0.0,0.0,-0.001,16.6,0.0012325442420022975,-0.3346103287192044,0.06430903266521781,0.0,0.0,0.0,0.0,0.0
2.540407180786133,ARM,stop,0.0,0.0,0.5,0.0,0.0,0.0,-0.001,16.6,0.00125076439904021,-0.2785944389137107,0.05439244685524258,0.0,0.0,0.0,0.0,0.0
2.5606048107147217,ARM,stop,0.0,0.0,0.5,0.0,0.0,0.0,-0.001,16.6,0.00019520762730820652,-0.30237448126790056,0.049641766659895836,0.0,0.0,0.0,0.0,0.0
2.5804126262664795,ARM,stop,0.0,0.0,0.5,0.0,0.0,0.0,-0.001,16.6,0.00019234440404346486,-0.3307756514400957,0.06408998133946753,0.0,0.0,0.0,0.0,0.0
2.600533962249756,ARM,stop,0.0,0.0,0.5,0.0,0.0,0.0,0.0,16.6,0.0012728886618109084,-0.25560095673371563,0.07333289478726712,0.0,0.0,0.0,0.0,0.0
2.620661973953247,ARM,stop,0.0,0.0,0.5,0.0,0.0,0.0,-0.001,16.6,0.00018375473424923978,-0.34903562962145784,0.10261675701760531,0.0,0.0,0.0,0.0,0.0
2.6405484676361084,ARM,stop,0.0,0.0,0.5,0.0,0.0,0.0,-0.001,16.6,-0.000867116408402743,-0.30276770653734886,0.03997160445511483,0.0,0.0,0.0,0.0,0.0
2.660738229751587,ARM,stop,0.0,0.0,0.5,0.0,0.0,0.0,-0.001,16.6,0.0012296809537189744,-0.2881738596367036,0.06876282047311122,0.0,0.0,0.0,0.0,0.0
2.680464029312134,ARM,stop,0.0,0.0,0.5,0.0,0.0,0.0,0.0,16.6,-0.0030003542146374487,-0.29268268436428,0.0879874065529016,0.0,0.0,0.0,0.0,0.0
2.7006285190582275,ARM,stop,0.0,0.0,0.5,0.0,0.0,0.0,-0.001,16.6,-0.0008824734071944954,-0.31618180453945044,0.025820866884586735,0.0,0.0,0.0,0.0,0.0
2.7205183506011963,ARM,stop,0.0,0.0,0.5,0.0,0.0,0.0,0.0,16.6,-0.0008699796966860659,-0.2783697230975548,0.059233978167675616,0.0,0.0,0.0,0.0,0.0
2.7405948638916016,ARM,stop,0.0,0.0,0.5,0.0,0.0,0.0,-0.001,16.6,0.0012479011107568872,-0.29257034472875176,0.07364308959089882,0.0,0.0,0.0,0.0,0.0
2.7603344917297363,ARM,stop,0.0,0.0,0.5,0.0,0.0,0.0,-0.001,16.6,-0.0008757061432155494,-0.30705181544876936,0.06882776111472921,0.0,0.0,0.0,0.0,0.0
2.7804665565490723,ARM,stop,0.0,0.0,0.5,0.0,0.0,0.0,0.0,16.6,0.00019807085057294823,-0.3254241332656598,0.07379862553390737,0.0,0.0,0.0,0.0,0.0
2.8004918098449707,ARM,stop,0.0,0.0,0.5,0.0,0.0,0.0,-0.001,16.6,0.00020483814706118484,-0.2791562467266502,0.006363488521675009,0.0,0.0,0.0,0.0,0.0
2.820413112640381,ARM,stop,0.0,0.0,0.5,0.0,0.0,0.0,-0.001,16.6,-0.0009199546687569459,-0.29724767890962056,0.12156921001477983,0.0,0.0,0.0,0.0,0.0
2.840343475341797,ARM,stop,0.0,0.0,0.5,0.0,0.0,0.0,-0.002,16.6,-0.0008574859861776367,-0.28766825818662767,0.054508587181107515,0.0,0.0,0.0,0.0,0.0
2.8604843616485596,ARM,stop,0.0,0.0,0.5,0.0,0.0,0.0,-0.001,16.6,0.00017985066102574486,-0.31663123617176225,0.06882805347552434,0.0,0.0,0.0,0.0,0.0
2.8804101943969727,ARM,stop,0.0,0.0,0.5,0.0,0.0,0.0,-0.001,16.6,0.00018271388429048652,-0.25971651964674436,0.06869751438049931,0.0,0.0,0.0,0.0,0.0
2.9003801345825195,ARM,stop,0.0,0.0,0.5,0.0,0.0,0.0,-0.001,16.6,0.00018948118077872315,-0.34886708362306607,0.06433519895638184,0.0,0.0,0.0,0.0,0.0
2.9204025268554688,ARM,stop,0.0,0.0,0.5,0.0,0.0,0.0,-0.001,16.6,0.00019520762730820652,-0.24590919637519448,0.044618204207395706,0.0,0.0,0.0,0.0,0.0
2.9403345584869385,ARM,stop,0.0,0.0,0.5,0.0,0.0,0.0,-0.001,16.6,0.00018271388429048652,-0.33500355398865267,0.06421891245011935,0.0,0.0,0.0,0.0,0.0
2.960414409637451,ARM,stop,0.0,0.0,0.5,0.0,0.0,0.0,-0.001,16.6,0.002353432854559771,-0.2973038487273847,0.06407609420169891,0.0,0.0,0.0,0.0,0.0
2.980466365814209,ARM,stop,0.0,0.0,0.5,0.0,0.0,0.0,-0.001,16.6,0.0002009340738376899,-0.27380476509731366,0.05439230067484502,0.0,0.0,0.0,0.0,0.0
3.0004513263702393,ARM,stop,0.0,0.0,0.5,0.0,0.0,0.0,-0.001,16.6,0.0012479011107568872,-0.36819447106744363,0.05950715278562413,0.0,0.0,0.0,0.0,0.0
3.020334005355835,ARM,stop,0.0,0.0,0.5,0.0,0.0,0.0,-0.001,16.6,0.0013007393711110902,-0.2503618147399074,0.05427564871758861,0.0,0.0,0.0,0.0,0.0
3.040463924407959,ARM,stop,0.0,0.0,0.5,0.0,0.0,0.0,-0.001,16.6,0.00017985066102574486,-0.3254241332656598,0.09295870951327245,0.0,0.0,0.0,0.0,0.0
3.0607995986938477,ARM,stop,0.0,0.0,0.5,0.0,0.0,0.0,-0.001,16.6,0.00019520762730820652,-0.31685595198791816,0.044826474728825616,0.0,0.0,0.0,0.0,0.0
3.0806212425231934,ARM,stop,0.0,0.0,0.5,0.0,0.0,0.0,-0.001,16.6,0.0012450379525107266,-0.2837212412719907,0.011205129469406216,0.0,0.0,0.0,0.0,0.0
3.100597620010376,spool,drive,1.544952392578125e-05,0.28,0.31799999999999995,0.05524749755859375,0.0,0.0,-0.001,16.6,-0.0008910630119701392,-0.283047093823523,0.10716006204645723,0.0,0.0,0.0,0.0,0.0
3.120570182800293,spool,drive,0.023982524871826172,0.28,0.31799999999999995,85.76150894165039,0.0,0.0,-0.001,16.6,0.00020770137032592652,-0.2638320825597731,0.049692052716658,0.0,0.0,0.0,0.0,0.0
3.1405255794525146,spool,drive,0.047929000854492185,0.28,0.31799999999999995,171.39410705566405,0.0,0.0,-0.001,16.6,-0.007355326878189652,-0.29809037235648006,-0.17081522979336938,0.0,0.0,0.0,0.0,0.0
3.1605820655822754,spool,drive,0.07199678421020507,0.28,0.31799999999999995,257.4605003356933,0.0,0.0,-0.001,16.6,0.006254304823185791,-0.1550732089600544,-0.5877061554347591,0.0,0.0,0.0,0.0,0.0
3.1805901527404785,spool,drive,0.09600648880004882,0.28,0.31799999999999995,343.3192039489746,0.0,0.0,-0.001,16.6,0.1797695321403694,0.056052800355878674,-0.25122672760719666,0.0,0.0,0.0,0.0,0.0
3.2004804611206055,spool,drive,0.11987485885620117,0.28,0.31799999999999995,428.67249526977537,0.0,0.0,-0.001,16.6,0.01819381150876965,-0.31562003327161037,0.6917626249154267,0.0,0.0,0.0,0.0,0.0
3.220538854598999,spool,drive,0.14394493103027342,0.28,0.31799999999999995,514.7470733642577,0.0,0.0,-0.001,16.6,-0.08368076586327698,-0.5539112940434308,0.9208671420572117,0.0,0.0,0.0,0.0,0.0
3.2405037879943848,spool,drive,0.16790285110473632,0.28,0.31799999999999995,600.4205955505371,0.0,0.0,-0.001,16.6,-0.005233541704939589,-0.45525195102123917,0.27486775240330275,0.0,0.0,0.0,0.0,0.0
3.2605490684509277,spool,drive,0.19195718765258787,0.28,0.31799999999999995,686.4389030456542,0.0,0.0,-0.001,16.6,0.015748229639452584,-0.39698890305418644,-0.3428666341187423,0.0,0.0,0.0,0.0,0.0
3.280410051345825,spool,drive,0.21579036712646485,0.28,0.31799999999999995,771.6663528442383,0.0,0.0,-0.001,16.6,-0.012536023560842583,-0.34069212761477274,-0.4820494491419538,0.0,0.0,0.0,0.0,0.0
3.3004074096679688,spool,drive,0.2397871971130371,0.28,0.31799999999999995,857.4790168762206,0.0,0.0,-0.001,16.7,-0.006977651104318986,-0.22719975001642112,-0.1470862409430289,0.0,0.0,0.0,0.0,0.0
3.3203117847442627,spool,drive,0.2636724472045898,0.28,0.31799999999999995,942.8926712036132,0.0,0.0,-0.001,16.6,0.022611252984938324,-0.3141593621940473,0.3759559192761266,0.0,0.0,0.0,0.0,0.0
3.34021258354187,spool,drive,0.28755340576171873,0.28,0.31799999999999995,1028.2909790039062,0.0,-0.03,0.0,16.6,0.011846935830271084,-0.2024647111249429,0.3799956511079188,0.0,0.0,0.0,0.0,0.0
3.3603219985961914,spool,drive,0.3116847038269043,0.28,0.31799999999999995,1114.5845008850097,0.0,-0.05,0.0,16.6,-0.013764670849156039,-0.2167214660288046,0.11657062613771352,0.0,0.0,0.0,0.0,0.0
3.380547046661377,spool,drive,0.33595476150512693,0.28,0.31799999999999995,1201.374227142334,3.0,6.68,0.05,16.6,-0.014754895519988246,-0.24010824656844676,-0.15633112782619563,0.0,0.0,0.0,0.0,0.0
3.4004790782928467,spool,drive,0.3598731994628906,0.28,0.31799999999999995,1286.9065612792967,130.0,5.87,0.032,16.6,0.07822067809499086,-4.448563320484453,-0.3916178697966757,0.0,0.0,0.0,0.0,0.0
3.4204599857330322,spool,drive,0.3838502883911133,0.28,0.31799999999999995,1372.6486312866211,35.0,15.8,0.036,16.6,0.04330661123691683,-1.2641509750306028,-0.4626413701181207,0.0,0.0,0.0,0.0,0.0
3.44044828414917,spool,drive,0.4078362464904785,0.28,0.31799999999999995,1458.4224174499511,147.0,15.85,0.036,16.6,0.06091348492797364,-1.2555684315288005,-0.2915270552313345,0.0,0.0,0.0,0.0,0.0
3.4604110717773438,spool,drive,0.4317915916442871,0.28,0.31799999999999995,1544.0867317199707,172.0,17.33,0.034,16.6,0.0992433138778049,-1.6934127822668756,-0.20943912407313903,0.0,0.0,0.0,0.0,0.0
3.4804673194885254,spool,drive,0.45585908889770504,0.28,0.31799999999999995,1630.1521018981932,213.0,16.7,0.038,16.6,0.1119927648328821,-0.8557898217674946,-0.08874926223990798,0.0,0.0,0.0,0.0,0.0
3.50039005279541,spool,drive,0.4797663688659668,0.28,0.31799999999999995,1715.6445350646973,266.0,17.47,0.042,16.7,0.12574389725296536,-1.1688625519762468,-0.24241928556374148,0.0,0.0,0.0,0.0,0.0
3.52044939994812,spool,drive,0.5038375854492188,0.28,0.31799999999999995,1801.7232055664062,323.0,18.48,0.043,16.6,0.16520969756576992,-1.4369739194943207,-0.2711252418648584,0.0,0.0,0.0,0.0,0.0
3.540614366531372,spool,drive,0.5280355453491211,0.28,0.31799999999999995,1888.2551101684571,453.0,18.59,0.044,16.6,0.19832472420608976,-1.6446728755697535,-0.27630784858990864,0.0,0.0,0.0,0.0,0.0
3.5607376098632812,spool,drive,0.552183437347412,0.28,0.31799999999999995,1974.6079719543454,568.0,17.65,0.044,16.6,0.21216538877307017,-1.9510457927071343,-0.22356932329780932,0.0,0.0,0.0,0.0,0.0
3.5805938243865967,spool,drive,0.5760108947753906,0.28,0.31799999999999995,2059.8149597167967,638.0,19.05,0.047,16.7,0.2355810329205101,-2.2336386674903252,-0.2235604062935579,0.0,0.0,0.0,0.0,0.0
3.600356101989746,spool,drive,0.5997256278991699,0.28,0.31799999999999995,2144.6188453674317,705.0,19.63,0.048,16.6,0.2567889831033016,-1.983281640158438,-0.20890209383758673,0.0,0.0,0.0,0.0,0.0
3.6204216480255127,spool,drive,0.6238042831420898,0.28,0.31799999999999995,2230.724116516113,775.0,19.41,0.055,16.6,0.28869072348525177,-2.095425686314755,-0.23220485719372874,0.0,0.0,0.0,0.0,0.0
3.640620231628418,spool,drive,0.6480425834655762,0.28,0.31799999999999995,2317.4002784729005,862.0,19.91,0.055,16.6,0.32382680643207595,-2.3211457618019296,-0.3962946192559542,0.0,0.0,0.0,0.0,0.0
3.6604437828063965,spool,drive,0.6718308448791503,0.28,0.31799999999999995,2402.4671012878416,964.0,20.11,0.052,16.6,0.3527331563779595,-2.100762732629832,-0.3914986596824619,0.0,0.0,0.0,0.0,0.0
3.680459499359131,spool,drive,0.6958497047424316,0.28,0.31799999999999995,2488.3585441589353,1074.0,20.24,0.055,16.6,0.3878871823726281,-1.9063091823777114,-0.4147982070698575,0.0,0.0,0.0,0.0,0.0
3.7004218101501465,spool,drive,0.7198044776916503,0.28,0.31799999999999995,2574.0208122253416,1171.0,20.19,0.058,16.6,0.41973792321970327,-2.1288415019351987,-0.47646923173552835,0.0,0.0,0.0,0.0,0.0
3.720590114593506,spool,drive,0.7440064430236816,0.28,0.31799999999999995,2660.5670402526853,1254.0,20.25,0.063,16.6,0.45189915536036807,-1.9833940528841651,-0.46758906494428487,0.0,0.0,0.0,0.0,0.0
3.7407238483428955,spool,drive,0.7681669235229492,0.28,0.31799999999999995,2746.9649185180665,1380.0,20.26,0.066,16.6,0.4857810891708466,-2.37553232489617,-0.38600461562040067,0.0,0.0,0.0,0.0,0.0
3.760350465774536,spool,drive,0.791718864440918,0.28,0.31799999999999995,2831.1866592407227,1506.0,19.7,0.065,16.6,0.5059152860916318,-2.3188985305501717,-0.42930975440667396,0.0,0.0,0.0,0.0,0.0
3.7806029319763184,spool,drive,0.8160218238830567,0.28,0.31799999999999995,2918.0940422058106,1630.0,20.07,0.065,16.6,0.5430078603332826,-2.0654933495682712,-0.6689219377959859,0.0,0.0,0.0,0.0,0.0
3.8004720211029053,spool,drive,0.8398647308349609,0.28,0.31799999999999995,3003.3562774658203,1730.0,20.27,0.069,16.6,0.5817393106202547,-1.954824409803777,-0.8125101183703975,0.0,0.0,0.0,0.0,0.0
3.820417642593384,spool,drive,0.8637994766235352,0.28,0.31799999999999995,3088.946928405762,1838.0,19.78,0.073,16.6,0.6145688297469613,-2.037541611028388,-0.7361633126912466,0.0,0.0,0.0,0.0,0.0
3.840548515319824,spool,drive,0.8879565238952637,0.28,0.31799999999999995,3175.332529449463,1937.0,19.97,0.072,16.6,0.6573572397700191,-2.231110623694846,-0.6301329693022666,0.0,0.0,0.0,0.0,0.0
3.860417366027832,spool,drive,0.911799144744873,0.28,0.31799999999999995,3260.593741607666,2048.0,20.17,0.075,16.6,0.6835468990879129,-1.8630750141744556,-0.5691489194149497,0.0,0.0,0.0,0.0,0.0
3.8804690837860107,spool,drive,0.9358612060546875,0.28,0.31799999999999995,3346.6396728515624,2160.0,20.07,0.077,16.6,0.707075128370436,-1.7782086687448526,-0.602990777804095,0.0,0.0,0.0,0.0,0.0
3.9004085063934326,spool,drive,0.9597885131835937,0.28,0.31799999999999995,3432.203723144531,2259.0,20.23,0.079,16.6,0.744250460342961,-1.9043991893031347,-0.5724311809716625,0.0,0.0,0.0,0.0,0.0
3.920430898666382,spool,drive,0.9838153839111328,0.28,0.31799999999999995,3518.1238128662108,2381.0,19.9,0.082,16.6,0.7771335755866053,-2.0508577681641214,-0.6965036206594348,0.0,0.0,0.0,0.0,0.0
3.940437078475952,spool,drive,1.0078227996826172,0.28,0.31799999999999995,3603.9743316650392,2478.0,19.93,0.083,16.6,0.7927792475166574,-2.066968455960094,-0.6873222491590099,0.0,0.0,0.0,0.0,0.0
3.9605624675750732,spool,drive,1.0319732666015624,0.28,0.31799999999999995,3690.336401367187,2603.0,19.71,0.085,16.6,0.8306225002905744,-1.8043480627157322,-1.044174108093138,0.0,0.0,0.0,0.0,0.0
3.9806435108184814,spool,drive,1.0560705184936523,0.28,0.31799999999999995,3776.5081741333006,2713.0,19.65,0.086,16.6,0.8469495419855232,-1.8968839088839502,-1.1775450097797844,0.0,0.0,0.0,0.0,0.0
4.000452041625977,spool,drive,1.0798407554626464,0.28,0.31799999999999995,3861.5105415344233,2844.0,19.51,0.088,16.6,0.8658137772509905,-2.0536394349493747,-0.7188957532289493,0.0,0.0,0.0,0.0,0.0
4.0205113887786865,spool,drive,1.1039119720458983,0.28,0.31799999999999995,3947.5892120361323,2942.0,19.51,0.089,16.6,0.8806696887597795,-1.753094876443285,-0.6255768917611775,0.0,0.0,0.0,0.0,0.0
4.040449619293213,spool,drive,1.12783784866333,0.28,0.31799999999999995,4033.148146820068,3063.0,19.25,0.093,16.6,0.91150223654309,-1.9621565261848133,-0.5533337352926537,0.0,0.0,0.0,0.0,0.0
4.060535669326782,spool,drive,1.1519411087036133,0.28,0.31799999999999995,4119.341404724121,3148.0,19.57,0.095,16.6,0.879198891468756,-1.6748010940489735,-1.4321185375892185,0.0,0.0,0.0,0.0,0.0
4.080388069152832,spool,drive,1.175763988494873,0.28,0.31799999999999995,4204.532022857666,3254.0,19.54,0.094,16.6,0.8856856195148891,-1.653338888078565,-1.3549507827973457,0.0,0.0,0.0,0.0,0.0
4.100391387939453,spool,drive,1.1997679710388183,0.28,0.31799999999999995,4290.370264434814,3364.0,20.16,0.095,16.6,0.9398073778728883,-1.6574833947103116,-1.477147947254963,0.0,0.0,0.0,0.0,0.0
4.120381593704224,base,drive,1.2,0.28,0.31799999999999995,4291.2,3467.0,19.41,0.097,16.6,0.9782117586884849,-1.8991890275731436,-1.2359526301600283,0.0,0.0,0.0,0.0,0.0
4.140446186065674,base,drive,1.2,0.28,0.31799999999999995,4291.2,3547.0,18.69,0.094,16.6,1.0908837794021484,-1.6999150325309387,-0.8395197973381769,0.0,0.0,0.0,0.0,0.0
4.16044807434082,base,drive,1.2,0.28,0.31799999999999995,4291.2,3634.0,17.41,0.097,16.6,1.1341485623651943,-1.324366042936532,-0.7996663431893936,0.0,0.0,0.0,0.0,0.0
4.180824041366577,base,drive,1.2,0.28,0.31799999999999995,4291.2,3742.0,16.11,0.096,16.6,1.0829041498279441,-1.26957324451746,-1.0508609841993248,0.0,0.0,0.0,0.0,0.0
4.200385093688965,base,drive,1.2,0.28,0.31799999999999995,4291.2,3816.0,15.61,0.097,16.6,0.981129318241694,-1.1497743156622846,-1.2759829625898647,0.0,0.0,0.0,0.0,0.0
4.2203898429870605,base,drive,1.2,0.28,0.31799999999999995,4291.2,3881.0,15.11,0.097,16.6,1.0146354800223625,-0.9664586884417901,-1.6743590445267387,0.0,0.0,0.0,0.0,0.0
4.240414619445801,base,drive,1.2,0.28,0.31799999999999995,4291.2,3964.0,14.37,0.095,16.6,1.056259955491001,-0.9312453655626953,-1.6117034948834714,0.0,0.0,0.0,0.0,0.0
4.260427474975586,base,drive,1.2,0.28,0.31799999999999995,4291.2,4023.0,13.94,0.094,16.6,1.0967402703763145,-0.2628335242640105,-1.6586200934817725,0.0,0.0,0.0,0.0,0.0
4.280383348464966,base,drive,1.2,0.28,0.31799999999999995,4291.2,4054.0,13.69,0.096,16.6,1.1701582287285919,-0.3308590108118068,-1.4613516934941515,0.0,0.0,0.0,0.0,0.0
4.300432443618774,base,drive,1.2,0.28,0.31799999999999995,4291.2,4094.0,13.08,0.096,16.6,1.1808103404566908,-0.8824638705424661,-1.0308119041321717,0.0,0.0,0.0,0.0,0.0
4.320470571517944,base,drive,1.2,0.28,0.31799999999999995,4291.2,4171.0,12.23,0.095,16.6,1.1547145575672222,-0.39735490222458836,-0.8245472701176411,0.0,0.0,0.0,0.0,0.0
4.340473175048828,base,drive,1.2,0.28,0.31799999999999995,4291.2,4210.0,11.88,0.097,16.6,1.1075911870797879,-0.18784184741538112,-1.7345418065648062,0.0,0.0,0.0,0.0,0.0
4.360424518585205,base,drive,1.2,0.28,0.31799999999999995,4291.2,4235.0,11.57,0.097,16.6,1.1327321601394356,-0.2818383281160628,-1.4898358210419644,0.0,0.0,0.0,0.0,0.0
4.380556583404541,base,drive,1.2,0.28,0.31799999999999995,4291.2,4270.0,11.23,0.097,16.6,1.1579793267475504,-0.29550604910793865,-1.5305891617181544,0.0,0.0,0.0,0.0,0.0
4.400505065917969,base,drive,1.2,0.28,0.31799999999999995,4291.2,4293.0,11.05,0.094,16.6,1.1473602382169685,-0.47243169260969964,-1.0338508484171385,0.0,0.0,0.0,0.0,0.0
4.420639753341675,base,drive,1.2,0.28,0.31799999999999995,4291.2,4304.0,11.15,0.096,16.6,1.1483457409783522,-0.4229743325213313,-1.6738611540926343,0.0,0.0,0.0,0.0,0.0
4.440566062927246,base,drive,1.2,0.28,0.31799999999999995,4291.2,4321.0,10.71,0.097,16.6,1.1242421357423176,-0.2613311552280422,-1.8631489814556232,0.0,0.0,0.0,0.0,0.0
4.460485458374023,base,drive,1.2,0.28,0.31799999999999995,4291.2,4360.0,10.22,0.096,16.6,1.1860125593300515,0.1941841397794093,-1.5597822641941548,0.0,0.0,0.0,0.0,0.0
4.480497121810913,base,drive,1.2,0.28,0.31799999999999995,4291.2,4375.0,10.19,0.096,16.6,1.221948322973199,-0.0344315683854699,-0.9275955333963068,0.0,0.0,0.0,0.0,0.0
4.500495195388794,base,drive,1.2,0.28,0.31799999999999995,4291.2,4381.0,10.08,0.096,16.6,1.1790431999153685,-0.31762964828712725,-1.2262033478150656,0.0,0.0,0.0,0.0,0.0
4.520670652389526,base,drive,1.2,0.28,0.31799999999999995,4291.2,4397.0,9.77,0.095,16.6,1.1372888287645613,-0.10037837881617495,-1.5345743317165557,0.0,0.0,0.0,0.0,0.0
4.540569067001343,base,drive,1.2,0.28,0.31799999999999995,4291.2,4422.0,9.5,0.094,16.6,1.1136392259153578,-0.04396925460495815,-1.5827208921799638,0.0,0.0,0.0,0.0,0.0
4.560570955276489,base,drive,1.2,0.28,0.31799999999999995,4291.2,4418.0,9.68,0.096,16.6,1.1186661422099642,-0.033251792078101694,-1.2865769483621534,0.0,0.0,0.0,0.0,0.0
4.580482482910156,base,drive,1.2,0.28,0.31799999999999995,4291.2,4408.0,9.82,0.097,16.6,1.1577566864804196,0.29218380721249204,-1.9723194259646846,0.0,0.0,0.0,0.0,0.0
4.600375652313232,base,drive,1.2,0.28,0.31799999999999995,4291.2,4398.0,9.83,0.094,16.6,1.2102851421372516,0.0800303598360026,-1.7191630440194388,0.0,0.0,0.0,0.0,0.0
4.6205034255981445,base,drive,1.2,0.28,0.31799999999999995,4291.2,4410.0,9.68,0.094,16.6,1.1995221097497508,-0.015863469334866487,-1.1075567590338906,0.0,0.0,0.0,0.0,0.0
4.6405112743377686,base,drive,1.2,0.28,0.31799999999999995,4291.2,4413.0,9.64,0.096,16.6,1.207088683038884,-0.13438474497022934,-1.154075600770419,0.0,0.0,0.0,0.0,0.0
4.66037130355835,base,drive,1.2,0.28,0.31799999999999995,4291.2,4416.0,9.45,0.095,16.6,1.1934355882364294,-0.07291776986700871,-1.3108347082555838,0.0,0.0,0.0,0.0,0.0
4.680436611175537,base,drive,1.2,0.28,0.31799999999999995,4291.2,4412.0,9.47,0.094,16.6,1.1556872771553737,0.015980870466660413,-1.6392368651255254,0.0,0.0,0.0,0.0,0.0
4.7004005908966064,base,drive,1.2,0.28,0.31799999999999995,4291.2,4411.0,9.7,0.095,16.6,1.1152533678520549,-0.0774410481813943,-1.4964864444095554,0.0,0.0,0.0,0.0,0.0
4.720615863800049,base,drive,1.2,0.28,0.31799999999999995,4291.2,4408.0,9.6,0.096,16.6,1.1589239499862014,-0.01979599611759486,-1.4677096637058185,0.0,0.0,0.0,0.0,0.0
4.740563631057739,base,drive,1.2,0.28,0.31799999999999995,4291.2,4412.0,9.35,0.095,16.6,1.1681817637255894,-0.1660298317536011,-1.6971111463252555,0.0,0.0,0.0,0.0,0.0
4.760515213012695,base,drive,1.2,0.28,0.31799999999999995,4291.2,4419.0,9.29,0.094,16.6,1.2011230690390522,0.214171184540346,-1.5632853312413886,0.0,0.0,0.0,0.0,0.0
4.780941724777222,base,drive,1.2,0.28,0.31799999999999995,4291.2,4423.0,9.36,0.094,16.6,1.218133477869715,0.05113802352799102,-1.2269227746416789,0.0,0.0,0.0,0.0,0.0
4.800540447235107,base,drive,1.2,0.28,0.31799999999999995,4291.2,4415.0,9.45,0.097,16.6,1.1954992717651318,-0.28483206611308276,-0.6659392729640814,0.0,0.0,0.0,0.0,0.0
4.820533275604248,base,drive,1.2,0.28,0.31799999999999995,4291.2,4423.0,9.0,0.096,16.6,1.1204525906691893,-0.06610560802383425,-1.4013817701149378,0.0,0.0,0.0,0.0,0.0
4.84057092666626,base,drive,1.2,0.28,0.31799999999999995,4291.2,4411.0,9.38,0.093,16.6,1.0665164546391688,-0.12262707187057931,-1.597552062956055,0.0,0.0,0.0,0.0,0.0
4.860496997833252,base,drive,1.2,0.28,0.31799999999999995,4291.2,4416.0,9.37,0.094,16.6,1.0749319105257646,0.14093381864288723,-1.7040093992863206,0.0,0.0,0.0,0.0,0.0
4.880346775054932,base,drive,1.2,0.28,0.31799999999999995,4291.2,4399.0,9.48,0.095,16.6,1.164020441364286,0.06960823196173793,-1.2499336157438847,0.0,0.0,0.0,0.0,0.0
4.900454998016357,base,drive,1.2,0.28,0.31799999999999995,4291.2,4397.0,9.36,0.095,16.6,1.2268819620506255,-0.1336671636711353,-1.276954769872873,0.0,0.0,0.0,0.0,0.0
4.920398235321045,up0,drive,1.6,0.28,0.31799999999999995,5721.6,4384.0,9.67,0.094,16.6,1.1637896784558308,-0.0957427425937114,-1.2914163966039212,0.0,0.0,0.0,0.0,0.0
4.940410375595093,up0,drive,1.6,0.28,0.31799999999999995,5721.6,4400.0,10.76,0.108,16.6,1.1238872695270645,0.024520112593821697,-1.6181202296149593,0.0,0.0,0.0,0.0,0.0
4.960531234741211,up0,drive,1.6,0.28,0.31799999999999995,5721.6,4517.0,18.89,0.113,16.6,1.1836291633124851,-1.8402083069442483,-1.3921835147785941,0.0,0.0,0.0,0.0,0.0
4.9818198680877686,up0,drive,1.6,0.28,0.31799999999999995,5721.6,4619.0,24.41,0.12,16.6,1.1788260191284725,-2.0708591934216685,-1.42956944381649,0.0,0.0,0.0,0.0,0.0
5.000608205795288,up0,drive,1.6,0.28,0.31799999999999995,5721.6,4710.0,26.82,0.112,16.6,1.120730491528939,-2.8557679676651446,-1.6534397525528846,0.0,0.0,0.0,0.0,0.0
5.0207579135894775,up0,drive,1.6,0.28,0.31799999999999995,5721.6,4764.0,22.63,0.118,16.6,1.0727937916445944,-1.3698054886174447,-1.7464283194123595,0.0,0.0,0.0,0.0,0.0
5.040424346923828,up0,drive,1.6,0.28,0.31799999999999995,5721.6,4863.0,20.94,0.116,16.6,1.1418223278882031,-1.6111594114437366,-1.9469319839588763,0.0,0.0,0.0,0.0,0.0
5.0603368282318115,up0,drive,1.6,0.28,0.31799999999999995,5721.6,4942.0,20.42,0.119,16.6,1.2369946504999287,-1.4024744685867319,-2.091810498902589,0.0,0.0,0.0,0.0,0.0
5.0804078578948975,up0,drive,1.6,0.28,0.31799999999999995,5721.6,5021.0,19.5,0.121,16.6,1.3425635545331605,-1.3222727396434095,-2.1223303346668843,0.0,0.0,0.0,0.0,0.0
5.100371837615967,up0,drive,1.6,0.28,0.31799999999999995,5721.6,5133.0,18.14,0.123,16.6,1.3597228340687588,-1.2956999207937514,-1.622869046010237,0.0,0.0,0.0,0.0,0.0
5.120452880859375,up0,drive,1.6,0.28,0.31799999999999995,5721.6,5227.0,17.1,0.119,16.6,1.3226435090535311,-1.4363574767577916,-1.7946099631711832,0.0,0.0,0.0,0.0,0.0
5.140436172485352,up0,drive,1.6,0.28,0.31799999999999995,5721.6,5290.0,16.8,0.12,16.6,1.2349603949012717,-1.087605839103702,-2.3213300952832583,0.0,0.0,0.0,0.0,0.0
5.160370826721191,up0,drive,1.6,0.28,0.31799999999999995,5721.6,5341.0,16.54,0.121,16.6,1.2927087794527135,-0.44543147882266254,-2.815340024553933,0.0,0.0,0.0,0.0,0.0
5.180385112762451,up0,drive,1.6,0.28,0.31799999999999995,5721.6,5415.0,15.54,0.12,16.6,1.411149806298734,-0.27291854643707936,-2.621529960411891,0.0,0.0,0.0,0.0,0.0
5.200490474700928,up0,drive,1.6,0.28,0.31799999999999995,5721.6,5487.0,14.72,0.121,16.6,1.4425197134109955,-0.45842684307594084,-2.1090951614714015,0.0,0.0,0.0,0.0,0.0
5.220571756362915,up0,drive,1.6,0.28,0.31799999999999995,5721.6,5577.0,13.58,0.12,16.6,1.3814462390805353,-0.7066217892376514,-1.6995406645327762,0.0,0.0,0.0,0.0,0.0
5.240445375442505,up0,drive,1.6,0.28,0.31799999999999995,5721.6,5616.0,13.47,0.12,16.6,1.399048934937632,-0.41919582505998676,-1.937543986466494,0.0,0.0,0.0,0.0,0.0
5.260540962219238,up0,drive,1.6,0.28,0.31799999999999995,5721.6,5641.0,13.45,0.123,16.6,1.3596958029836945,-0.32883649537620485,-2.629653205104546,0.0,0.0,0.0,0.0,0.0
5.280488014221191,up0,drive,1.6,0.28,0.31799999999999995,5721.6,5681.0,12.87,0.121,16.6,1.3691253906133927,-0.4833014477019937,-2.7821050340852764,0.0,0.0,0.0,0.0,0.0
5.300474166870117,up0,drive,1.6,0.28,0.31799999999999995,5721.6,5720.0,12.38,0.121,16.6,1.4908176045181818,-0.2494483699806267,-1.9775819202770037,0.0,0.0,0.0,0.0,0.0
5.320539474487305,up0,drive,1.6,0.28,0.31799999999999995,5721.6,5767.0,11.92,0.124,16.6,1.492647861977339,-0.37125706003171643,-1.6059267379325206,0.0,0.0,0.0,0.0,0.0
5.340528726577759,up0,drive,1.6,0.28,0.31799999999999995,5721.6,5802.0,11.39,0.124,16.6,1.4089922463416065,-0.42151358835356945,-2.559680449480794,0.0,0.0,0.0,0.0,0.0
5.360476016998291,up0,drive,1.6,0.28,0.31799999999999995,5721.6,5802.0,11.46,0.12,16.6,1.3636115818924925,-0.5643622422967027,-2.5211624994441593,0.0,0.0,0.0,0.0,0.0
5.380549669265747,up0,drive,1.6,0.28,0.31799999999999995,5721.6,5817.0,11.51,0.121,16.6,1.3378373757046513,0.16592260843198758,-3.047173364267252,0.0,0.0,0.0,0.0,0.0
5.400466442108154,up0,drive,1.6,0.28,0.31799999999999995,5721.6,5822.0,11.37,0.123,16.6,1.4599695438215217,0.20983096062881046,-2.8325381483273873,0.0,0.0,0.0,0.0,0.0
5.420515775680542,up0,drive,1.6,0.28,0.31799999999999995,5721.6,5865.0,10.67,0.124,16.6,1.5170787697113444,-0.24554480518916577,-1.8307913657331483,0.0,0.0,0.0,0.0,0.0
5.440454006195068,up0,drive,1.6,0.28,0.31799999999999995,5721.6,5877.0,10.46,0.122,16.6,1.4387083304169286,-0.4167801209000359,-2.406412641520859,0.0,0.0,0.0,0.0,0.0
5.460604906082153,up0,drive,1.6,0.28,0.31799999999999995,5721.6,5886.0,10.44,0.121,16.6,1.402324223604266,-0.042296594542102106,-2.414304628824567,0.0,0.0,0.0,0.0,0.0
5.480554103851318,up0,drive,1.6,0.28,0.31799999999999995,5721.6,5874.0,10.7,0.122,16.6,1.4155137952189925,-0.32161836316016945,-2.1947019106146683,0.0,0.0,0.0,0.0,0.0
5.500443696975708,up0,drive,1.6,0.28,0.31799999999999995,5721.6,5884.0,10.46,0.123,16.6,1.4047757965457384,-0.3653726777630588,-2.2070234563253734,0.0,0.0,0.0,0.0,0.0
5.520407676696777,up0,drive,1.6,0.28,0.31799999999999995,5721.6,5898.0,10.27,0.125,16.6,1.4118984208811551,0.2556639239399665,-2.594609086035632,0.0,0.0,0.0,0.0,0.0
5.54041314125061,up0,drive,1.6,0.28,0.31799999999999995,5721.6,5901.0,10.02,0.121,16.6,1.4860216508691126,0.12159372264019641,-2.50727711584031,0.0,0.0,0.0,0.0,0.0
5.560366630554199,up0,drive,1.6,0.28,0.31799999999999995,5721.6,5907.0,10.07,0.122,16.6,1.4522072281922676,0.15089202932106893,-2.153087275036029,0.0,0.0,0.0,0.0,0.0
5.580418825149536,up0,drive,1.6,0.28,0.31799999999999995,5721.6,5935.0,9.47,0.121,16.6,1.417451777544243,-0.026693271497251203,-1.9689493830792344,0.0,0.0,0.0,0.0,0.0
5.600443363189697,up0,drive,1.6,0.28,0.31799999999999995,5721.6,5919.0,9.85,0.12,16.6,1.3351305387726946,-0.4000242293743135,-2.030048988570826,0.0,0.0,0.0,0.0,0.0
5.620594024658203,up0,drive,1.6,0.28,0.31799999999999995,5721.6,5902.0,10.22,0.123,16.6,1.355055644258395,0.42060712370827247,-3.1029745150687233,0.0,0.0,0.0,0.0,0.0
5.640296459197998,up0,drive,1.6,0.28,0.31799999999999995,5721.6,5908.0,9.81,0.122,16.6,1.4562752067573637,0.3517951866215796,-2.7238655942524304,0.0,0.0,0.0,0.0,0.0
5.660454750061035,up0,drive,1.6,0.28,0.31799999999999995,5721.6,5932.0,9.41,0.122,16.6,1.5040845409625752,0.058285578020827344,-2.031505530052158,0.0,0.0,0.0,0.0,0.0
5.680445194244385,up0,drive,1.6,0.28,0.31799999999999995,5721.6,5933.0,9.42,0.122,16.6,1.4623160550579906,-0.0797316401935797,-1.7140593016188745,0.0,0.0,0.0,0.0,0.0
5.700472116470337,up0,drive,1.6,0.28,0.31799999999999995,5721.6,5925.0,9.48,0.119,16.6,1.3958649926963878,-0.3598653678299186,-2.464023505644178,0.0,0.0,0.0,0.0,0.0
5.720783233642578,dn0,drive,1.2,0.28,0.31799999999999995,4291.2,5912.0,9.75,0.12,16.6,1.3588414609059971,0.05995823808368339,-3.0067898599969,0.0,0.0,0.0,0.0,0.0
5.740466356277466,dn0,drive,1.2,0.28,0.31799999999999995,4291.2,5891.0,8.92,0.108,16.6,1.4383059267762175,0.6328150141465798,-2.719444806669287,0.0,0.0,0.0,0.0,0.0
5.760481119155884,dn0,drive,1.2,0.28,0.31799999999999995,4291.2,5765.0,0.87,0.084,16.6,1.5225414457393147,1.6249157177565365,-2.1891359457970054,0.0,0.0,0.0,0.0,0.0
5.780629873275757,dn0,drive,1.2,0.28,0.31799999999999995,4291.2,5671.0,-4.99,0.071,16.7,1.4956463150486592,2.3008519757492536,-1.1142613229681828,0.0,0.0,0.0,0.0,0.0
5.800312280654907,dn0,drive,1.2,0.28,0.31799999999999995,4291.2,5609.0,-9.02,0.073,16.7,1.397000431427143,2.8754359554358473,-1.6732565519683078,0.0,0.0,0.0,0.0,0.0
5.8202879428863525,dn0,drive,1.2,0.28,0.31799999999999995,4291.2,5515.0,-4.04,0.08,16.7,1.303713493709139,1.9200236810968079,-2.4194911093301528,0.0,0.0,0.0,0.0,0.0
5.840264797210693,dn0,drive,1.2,0.28,0.31799999999999995,4291.2,5381.0,-1.41,0.086,16.6,1.3073060980196558,1.6725735971508868,-2.4371757214667014,0.0,0.0,0.0,0.0,0.0
5.860541343688965,dn0,drive,1.2,0.28,0.31799999999999995,4291.2,5299.0,-0.98,0.086,16.6,1.3507798059702183,1.531031649781582,-1.872553935874123,0.0,0.0,0.0,0.0,0.0
5.881041049957275,dn0,drive,1.2,0.28,0.31799999999999995,4291.2,5258.0,-1.03,0.087,16.6,1.3428616954171948,1.510383083904017,-1.4348070874612233,0.0,0.0,0.0,0.0,0.0
5.900407552719116,dn0,drive,1.2,0.28,0.31799999999999995,4291.2,5241.0,-1.29,0.084,16.7,1.3025986944768317,1.438481331754005,-1.8467595276414954,0.0,0.0,0.0,0.0,0.0
5.920390844345093,dn0,drive,1.2,0.28,0.31799999999999995,4291.2,5169.0,-0.35,0.081,16.7,1.294187233331871,1.2813759959972089,-1.4968641745568618,0.0,0.0,0.0,0.0,0.0
5.940398931503296,dn0,drive,1.2,0.28,0.31799999999999995,4291.2,5056.0,1.32,0.084,16.6,1.2962068415445325,1.4111347800600385,-1.830572972219187,0.0,0.0,0.0,0.0,0.0
5.9603917598724365,dn0,drive,1.2,0.28,0.31799999999999995,4291.2,4946.0,2.36,0.086,16.6,1.2440688053035063,0.8536020859375455,-1.5237368094019246,0.0,0.0,0.0,0.0,0.0
5.980641603469849,dn0,drive,1.2,0.28,0.31799999999999995,4291.2,4862.0,3.1,0.09,16.6,1.1995360913454738,0.671087527295704,-1.6004870729783534,0.0,0.0,0.0,0.0,0.0
6.000405550003052,dn0,drive,1.2,0.28,0.31799999999999995,4291.2,4767.0,4.03,0.091,16.6,1.2166293244860384,0.8485893408344651,-1.2743074428729813,0.0,0.0,0.0,0.0,0.0
6.020716905593872,dn0,drive,1.2,0.28,0.31799999999999995,4291.2,4701.0,4.69,0.091,16.6,1.2552163981524145,0.9711844814244515,-1.4685516627957895,0.0,0.0,0.0,0.0,0.0
6.040469169616699,dn0,drive,1.2,0.28,0.31799999999999995,4291.2,4656.0,5.03,0.091,16.6,1.2259523856721333,0.9269100935121273,-1.0727425817303455,0.0,0.0,0.0,0.0,0.0
6.060570955276489,dn0,drive,1.2,0.28,0.31799999999999995,4291.2,4611.0,5.42,0.093,16.6,1.1550459879648824,0.38137259736277684,-1.033594594180208,0.0,0.0,0.0,0.0,0.0
6.080339431762695,dn0,drive,1.2,0.28,0.31799999999999995,4291.2,4554.0,5.95,0.092,16.6,1.12318113236403,0.27805039201907533,-1.1598571816744894,0.0,0.0,0.0,0.0,0.0
6.100411415100098,dn0,drive,1.2,0.28,0.31799999999999995,4291.2,4499.0,6.58,0.09,16.6,1.0833600164275385,0.11777175391940098,-1.4068471628190764,0.0,0.0,0.0,0.0,0.0
6.120402812957764,dn0,drive,1.2,0.28,0.31799999999999995,4291.2,4452.0,7.19,0.091,16.6,1.0869142712183582,0.24806345689410136,-1.6807579452497237,0.0,0.0,0.0,0.0,0.0
6.140421152114868,dn0,drive,1.2,0.28,0.31799999999999995,4291.2,4401.0,7.72,0.092,16.6,1.1458085474078337,0.46346078433666804,-1.711732402050444,0.0,0.0,0.0,0.0,0.0
6.160393476486206,dn0,drive,1.2,0.28,0.31799999999999995,4291.2,4368.0,7.87,0.092,16.6,1.2143932012767533,0.14452927170138175,-1.2385534717934945,0.0,0.0,0.0,0.0,0.0
6.180649042129517,dn0,drive,1.2,0.28,0.31799999999999995,4291.2,4355.0,8.0,0.091,16.6,1.1999122628494474,0.3056378490082281,-1.2676977500167084,0.0,0.0,0.0,0.0,0.0
6.200523614883423,dn0,drive,1.2,0.28,0.31799999999999995,4291.2,4348.0,7.98,0.097,16.6,1.148791953618995,-0.01788591168026965,-1.2469310703779115,0.0,0.0,0.0,0.0,0.0
6.220466136932373,dn0,drive,1.2,0.28,0.31799999999999995,4291.2,4348.0,7.73,0.094,16.6,1.0773455334217035,-0.34161993459811413,-1.0021789649396382,0.0,0.0,0.0,0.0,0.0
6.240450859069824,dn0,drive,1.2,0.28,0.31799999999999995,4291.2,4326.0,8.09,0.09,16.6,1.0799214759860827,0.1239948818505896,-1.0159324938248844,0.0,0.0,0.0,0.0,0.0
6.260459661483765,dn0,drive,1.2,0.28,0.31799999999999995,4291.2,4292.0,8.78,0.09,16.6,1.0983912970941092,0.009574701837034016,-1.3632827730977226,0.0,0.0,0.0,0.0,0.0
6.2807457447052,dn0,drive,1.2,0.28,0.31799999999999995,4291.2,4266.0,9.13,0.094,16.6,1.0658832880900024,-0.08758225844477696,-1.6451057157269418,0.0,0.0,0.0,0.0,0.0
6.300504207611084,dn0,drive,1.2,0.28,0.31799999999999995,4291.2,4260.0,8.78,0.09,16.6,1.0853541248727625,-0.22297177437766535,-1.7087623087327302,0.0,0.0,0.0,0.0,0.0
6.320461273193359,dn0,drive,1.2,0.28,0.31799999999999995,4291.2,4252.0,9.04,0.091,16.6,1.1252315000872821,0.14766253888787695,-0.9441472474517312,0.0,0.0,0.0,0.0,0.0
6.340466260910034,dn0,drive,1.2,0.28,0.31799999999999995,4291.2,4235.0,9.4,0.093,16.6,1.1702454472542918,0.17012147589907833,-1.042884358445427,0.0,0.0,0.0,0.0,0.0
6.36035680770874,dn0,drive,1.2,0.28,0.31799999999999995,4291.2,4242.0,8.99,0.095,16.6,1.1496690657240125,-0.3766647114788171,-0.9977355193948725,0.0,0.0,0.0,0.0,0.0
6.380362272262573,dn0,drive,1.2,0.28,0.31799999999999995,4291.2,4261.0,8.59,0.09,16.6,1.054008186210312,-0.2688753793659444,-1.174416018369918,0.0,0.0,0.0,0.0,0.0
6.400439500808716,dn0,drive,1.2,0.28,0.31799999999999995,4291.2,4261.0,8.98,0.091,16.6,1.0139495828836125,0.0768136601875975,-1.4457712020001452,0.0,0.0,0.0,0.0,0.0
6.420461177825928,dn0,drive,1.2,0.28,0.31799999999999995,4291.2,4228.0,9.52,0.092,16.6,1.0830283197137691,-0.05565453186271441,-1.681199117689573,0.0,0.0,0.0,0.0,0.0
6.440423250198364,dn0,drive,1.2,0.28,0.31799999999999995,4291.2,4231.0,9.2,0.091,16.6,1.1092501367018255,-0.1293830547597148,-1.5788424338717846,0.0,0.0,0.0,0.0,0.0
6.46048641204834,dn0,drive,1.2,0.28,0.31799999999999995,4291.2,4230.0,9.42,0.091,16.6,1.1131772340452564,0.22596880143363052,-1.1678000397565498,0.0,0.0,0.0,0.0,0.0
6.480406761169434,dn0,drive,1.2,0.28,0.31799999999999995,4291.2,4217.0,9.58,0.093,16.6,1.148509791701501,-0.22513557316751331,-1.1083098804421425,0.0,0.0,0.0,0.0,0.0
6.50075364112854,up1,drive,1.6,0.28,0.31799999999999995,5721.6,4210.0,9.48,0.092,16.6,1.1711872741737983,-0.2081532116608642,-1.1434371761572706,0.0,0.0,0.0,0.0,0.0
6.520672082901001,up1,drive,1.6,0.28,0.31799999999999995,5721.6,4247.0,10.14,0.104,16.6,1.155094723812831,0.13642498477903597,-1.4452838365546654,0.0,0.0,0.0,0.0,0.0
6.540485382080078,up1,drive,1.6,0.28,0.31799999999999995,5721.6,4362.0,18.53,0.109,16.6,1.1266513644224576,-1.5042399988767698,-1.512884669047537,0.0,0.0,0.0,0.0,0.0
6.560451030731201,up1,drive,1.6,0.28,0.31799999999999995,5721.6,4477.0,23.89,0.125,16.6,1.1072009674010639,-2.0085367889044505,-1.5109890016519216,0.0,0.0,0.0,0.0,0.0
6.580540180206299,up1,drive,1.6,0.28,0.31799999999999995,5721.6,4685.0,24.62,0.12,16.6,1.0625310340678653,-2.3692544615423685,-1.691144354857471,0.0,0.0,0.0,0.0,0.0
6.600469589233398,up1,drive,1.6,0.28,0.31799999999999995,5721.6,4774.0,19.46,0.106,16.6,1.078735237457534,-2.284092685529288,-1.7403863912202269,0.0,0.0,0.0,0.0,0.0
6.620704889297485,up1,drive,1.6,0.28,0.31799999999999995,5721.6,4785.0,20.87,0.113,16.6,1.1152121554341858,-1.3186626685451586,-1.4280477058778445,0.0,0.0,0.0,0.0,0.0
6.640569686889648,up1,drive,1.6,0.28,0.31799999999999995,5721.6,4823.0,20.27,0.116,16.6,1.1950855496897879,-1.4715818362569024,-1.6110810587506421,0.0,0.0,0.0,0.0,0.0
6.660396575927734,up1,drive,1.6,0.28,0.31799999999999995,5721.6,4922.0,18.95,0.118,16.6,1.283973744235308,-1.1914627723416942,-1.8994569762418791,0.0,0.0,0.0,0.0,0.0
6.680628538131714,up1,drive,1.6,0.28,0.31799999999999995,5721.6,5013.0,17.75,0.118,16.6,1.2068571211821018,-1.8212196194810275,-1.6464935524214184,0.0,0.0,0.0,0.0,0.0
6.700399875640869,up1,drive,1.6,0.28,0.31799999999999995,5721.6,5060.0,17.73,0.116,16.6,1.1695728659209923,-1.5670968389274833,-1.659313280927023,0.0,0.0,0.0,0.0,0.0
6.7204906940460205,up1,drive,1.6,0.28,0.31799999999999995,5721.6,5095.0,17.55,0.117,16.6,1.1921408924724872,-1.2081352314055067,-1.9239345914532464,0.0,0.0,0.0,0.0,0.0
6.740611791610718,up1,drive,1.6,0.28,0.31799999999999995,5721.6,5168.0,16.69,0.116,16.6,1.3077714854201472,-0.6424982229518434,-2.115050550868176,0.0,0.0,0.0,0.0,0.0
6.760611534118652,up1,drive,1.6,0.28,0.31799999999999995,5721.6,5237.0,15.97,0.118,16.6,1.3688247197263228,-0.6542558777789438,-2.2415869342470955,0.0,0.0,0.0,0.0,0.0
6.780303478240967,up1,drive,1.6,0.28,0.31799999999999995,5721.6,5311.0,15.13,0.118,16.6,1.3939979836141876,-0.6713233893671742,-2.108483250327197,0.0,0.0,0.0,0.0,0.0
6.800423622131348,up1,drive,1.6,0.28,0.31799999999999995,5721.6,5404.0,14.08,0.117,16.6,1.3937259417088361,-0.6013044407377919,-1.6851869189351305,0.0,0.0,0.0,0.0,0.0
6.820373773574829,up1,drive,1.6,0.28,0.31799999999999995,5721.6,5455.0,13.72,0.119,16.6,1.3641692478247551,-0.66577430838543,-2.1440349077364544,0.0,0.0,0.0,0.0,0.0
6.840603828430176,up1,drive,1.6,0.28,0.31799999999999995,5721.6,5494.0,13.5,0.119,16.6,1.285447803898667,-0.6133266820844838,-2.818387008760766,0.0,0.0,0.0,0.0,0.0
6.860460042953491,up1,drive,1.6,0.28,0.31799999999999995,5721.6,5521.0,13.38,0.12,16.6,1.3183716655069897,-0.16472148065030012,-2.3585327141026085,0.0,0.0,0.0,0.0,0.0
6.880679130554199,up1,drive,1.6,0.28,0.31799999999999995,5721.6,5570.0,12.71,0.12,16.6,1.3993220421074195,-0.02772999201305293,-2.2056940917899226,0.0,0.0,0.0,0.0,0.0
6.900379657745361,up1,drive,1.6,0.28,0.31799999999999995,5721.6,5625.0,11.97,0.12,16.6,1.4520987043778468,-0.4986691005371462,-1.6821253166885413,0.0,0.0,0.0,0.0,0.0
6.92041802406311,up1,drive,1.6,0.28,0.31799999999999995,5721.6,5675.0,11.45,0.122,16.6,1.3634991964944914,-0.7384788832788658,-1.6980589800230632,0.0,0.0,0.0,0.0,0.0
6.94079852104187,up1,drive,1.6,0.28,0.31799999999999995,5721.6,5694.0,11.38,0.121,16.6,1.310992845074707,-0.5576190136472547,-2.5431684964935073,0.0,0.0,0.0,0.0,0.0
6.960474967956543,up1,drive,1.6,0.28,0.31799999999999995,5721.6,5697.0,11.46,0.12,16.6,1.2921039755691566,-0.3349182942717732,-2.7688599206227593,0.0,0.0,0.0,0.0,0.0
6.980406045913696,up1,drive,1.6,0.28,0.31799999999999995,5721.6,5713.0,11.44,0.122,16.6,1.419933311047979,0.13093394655139967,-2.3816938286535105,0.0,0.0,0.0,0.0,0.0
7.000298261642456,up1,drive,1.6,0.28,0.31799999999999995,5721.6,5751.0,10.68,0.122,16.6,1.4902013490419377,-0.35822171543970427,-1.9617923908144803,0.0,0.0,0.0,0.0,0.0
7.020342588424683,up1,drive,1.6,0.28,0.31799999999999995,5721.6,5771.0,10.38,0.12,16.6,1.4592370413636953,-0.5095967796119751,-2.2476566367147655,0.0,0.0,0.0,0.0,0.0
7.040356636047363,up1,drive,1.6,0.28,0.31799999999999995,5721.6,5790.0,10.34,0.12,16.6,1.4015176852681355,-0.07274918732351754,-2.4172910943468082,0.0,0.0,0.0,0.0,0.0
7.060367822647095,up1,drive,1.6,0.28,0.31799999999999995,5721.6,5803.0,10.13,0.122,16.6,1.4149135187092885,0.13047006133227868,-2.8453347803301767,0.0,0.0,0.0,0.0,0.0
7.080408096313477,up1,drive,1.6,0.28,0.31799999999999995,5721.6,5816.0,9.9,0.118,16.6,1.367105782400731,-0.2712493490223906,-2.3186775057890543,0.0,0.0,0.0,0.0,0.0
7.100480794906616,up1,drive,1.6,0.28,0.31799999999999995,5721.6,5811.0,10.19,0.119,16.6,1.3563528700253726,-0.23819807076837307,-1.9377813834321387,0.0,0.0,0.0,0.0,0.0
7.120632886886597,up1,drive,1.6,0.28,0.31799999999999995,5721.6,5818.0,10.02,0.121,16.6,1.4415766880689984,0.19710548193453548,-2.6464478709807224,0.0,0.0,0.0,0.0,0.0
7.140604734420776,up1,drive,1.6,0.28,0.31799999999999995,5721.6,5838.0,9.58,0.121,16.6,1.4796046310645123,0.02203379873370981,-2.714507125200356,0.0,0.0,0.0,0.0,0.0
7.160653829574585,up1,drive,1.6,0.28,0.31799999999999995,5721.6,5851.0,9.35,0.119,16.6,1.397603637414046,-0.14394963901621427,-2.0604837473437385,0.0,0.0,0.0,0.0,0.0
7.1803953647613525,up1,drive,1.6,0.28,0.31799999999999995,5721.6,5840.0,9.68,0.118,16.6,1.3426539688521686,-0.08499799001388464,-2.310326512036994,0.0,0.0,0.0,0.0,0.0
7.200376033782959,up1,drive,1.6,0.28,0.31799999999999995,5721.6,5819.0,10.03,0.118,16.6,1.3613168691392257,0.16866085963916433,-2.2646746662384203,0.0,0.0,0.0,0.0,0.0
7.220414400100708,up1,drive,1.6,0.28,0.31799999999999995,5721.6,5830.0,9.79,0.119,16.6,1.4398261922844893,0.32992528352236405,-2.819188662061009,0.0,0.0,0.0,0.0,0.0
7.240406036376953,up1,drive,1.6,0.28,0.31799999999999995,5721.6,5845.0,9.46,0.121,16.6,1.4823274469630092,0.3340536006750803,-2.902267659769592,0.0,0.0,0.0,0.0,0.0
7.2604029178619385,up1,drive,1.6,0.28,0.31799999999999995,5721.6,5863.0,9.0,0.117,16.6,1.4574023896887398,-0.16319363968005618,-1.7230058343106123,0.0,0.0,0.0,0.0,0.0
7.2804014682769775,up1,drive,1.6,0.28,0.31799999999999995,5721.6,5856.0,9.47,0.119,16.6,1.4036000109244684,0.22964772349913432,-1.9359550055449688,0.0,0.0,0.0,0.0,0.0
7.300459146499634,up1,drive,1.6,0.28,0.31799999999999995,5721.6,5860.0,9.16,0.117,16.6,1.4100094407199621,0.0327078388302835,-2.462979777605568,0.0,0.0,0.0,0.0,0.0
7.320478916168213,dn1,drive,1.2,0.28,0.31799999999999995,4291.2,5850.0,9.45,0.117,16.6,1.3556418060143214,0.1971616517522996,-2.4644140996664703,0.0,0.0,0.0,0.0,0.0
7.3405373096466064,dn1,drive,1.2,0.28,0.31799999999999995,4291.2,5828.0,8.75,0.106,16.6,1.3950568564636032,0.5455745163350336,-2.5413485505438302,0.0,0.0,0.0,0.0,0.0
7.360563278198242,dn1,drive,1.2,0.28,0.31799999999999995,4291.2,5687.0,1.04,0.081,16.6,1.4960664287106191,1.5042867766039905,-2.372852545848019,0.0,0.0,0.0,0.0,0.0
7.38047981262207,dn1,drive,1.2,0.28,0.31799999999999995,4291.2,5584.0,-4.29,0.069,16.7,1.440554300526517,1.8845822437073139,-1.5920527563996814,0.0,0.0,0.0,0.0,0.0
7.400544166564941,dn1,drive,1.2,0.28,0.31799999999999995,4291.2,5465.0,-8.09,0.076,16.7,1.3130259022508735,2.349144131888636,-2.0765673917661616,0.0,0.0,0.0,0.0,0.0
7.420409917831421,dn1,drive,1.2,0.28,0.31799999999999995,4291.2,5424.0,-3.84,0.08,16.7,1.2937921533841579,2.301600273204386,-2.7334167290684945,0.0,0.0,0.0,0.0,0.0
7.440401554107666,dn1,drive,1.2,0.28,0.31799999999999995,4291.2,5334.0,-2.04,0.083,16.7,1.348181359694628,2.034344353372859,-1.89642958020832,0.0,0.0,0.0,0.0,0.0
7.460411310195923,dn1,drive,1.2,0.28,0.31799999999999995,4291.2,5264.0,-1.54,0.083,16.7,1.362161890153108,1.622288125110316,-1.6212221776512763,0.0,0.0,0.0,0.0,0.0
7.4803972244262695,dn1,drive,1.2,0.28,0.31799999999999995,4291.2,5213.0,-1.21,0.084,16.7,1.3662198818641162,1.608410050526345,-1.5481612149485784,0.0,0.0,0.0,0.0,0.0
7.500391960144043,dn1,drive,1.2,0.28,0.31799999999999995,4291.2,5176.0,-1.14,0.083,16.7,1.3496487614552617,1.555920762812093,-1.684430289197337,0.0,0.0,0.0,0.0,0.0
7.520466089248657,dn1,drive,1.2,0.28,0.31799999999999995,4291.2,5114.0,-0.68,0.083,16.6,1.2758499044880758,1.33921840987027,-1.88217933033215,0.0,0.0,0.0,0.0,0.0
7.540270566940308,dn1,drive,1.2,0.28,0.31799999999999995,4291.2,5014.0,0.83,0.082,16.6,1.2497370773676308,1.0669770075798084,-2.024596752102468,0.0,0.0,0.0,0.0,0.0
7.560362100601196,dn1,drive,1.2,0.28,0.31799999999999995,4291.2,4934.0,1.7,0.082,16.6,1.2261746264651003,0.9870397920658789,-1.4999453649767247,0.0,0.0,0.0,0.0,0.0
7.58061146736145,dn1,drive,1.2,0.28,0.31799999999999995,4291.2,4826.0,2.62,0.086,16.6,1.2418541205409963,0.7601129973968099,-1.3791056316908907,0.0,0.0,0.0,0.0,0.0
7.600608587265015,dn1,drive,1.2,0.28,0.31799999999999995,4291.2,4740.0,3.62,0.09,16.6,1.240040374680598,0.960718915131423,-1.1876399356747882,0.0,0.0,0.0,0.0,0.0
7.6206464767456055,dn1,drive,1.2,0.28,0.31799999999999995,4291.2,4657.0,4.59,0.094,16.6,1.24090550256071,0.6280797194380767,-1.618126369191657,0.0,0.0,0.0,0.0,0.0
7.640584468841553,dn1,drive,1.2,0.28,0.31799999999999995,4291.2,4625.0,4.46,0.094,16.6,1.2148964055647238,0.5613463579694518,-1.5498922832165363,0.0,0.0,0.0,0.0,0.0
7.660590648651123,dn1,drive,1.2,0.28,0.31799999999999995,4291.2,4588.0,4.65,0.093,16.6,1.1386491714493738,0.4841347125132103,-1.2088325849920878,0.0,0.0,0.0,0.0,0.0
7.68052864074707,dn1,drive,1.2,0.28,0.31799999999999995,4291.2,4540.0,5.35,0.089,16.6,1.0981178570291852,0.5425246085202495,-1.0037518660174314,0.0,0.0,0.0,0.0,0.0
7.700485944747925,dn1,drive,1.2,0.28,0.31799999999999995,4291.2,4462.0,6.5,0.09,16.6,1.0898593279098223,0.49649587311165533,-1.2630810807008288,0.0,0.0,0.0,0.0,0.0
7.7205235958099365,dn1,drive,1.2,0.28,0.31799999999999995,4291.2,4385.0,7.35,0.09,16.6,1.1278039805422442,0.0188732232216946,-1.3393974808572864,0.0,0.0,0.0,0.0,0.0
7.740402698516846,dn1,drive,1.2,0.28,0.31799999999999995,4291.2,4360.0,7.35,0.089,16.6,1.1635418713163987,0.3718238745232725,-1.4090053702087175,0.0,0.0,0.0,0.0,0.0
7.760404348373413,dn1,drive,1.2,0.28,0.31799999999999995,4291.2,4338.0,7.57,0.091,16.6,1.173371998374045,0.2815207512023541,-1.3204258965005806,0.0,0.0,0.0,0.0,0.0
7.780399799346924,dn1,drive,1.2,0.28,0.31799999999999995,4291.2,4307.0,7.82,0.093,16.6,1.1848490242497958,0.10638013480780195,-1.473224757745129,0.0,0.0,0.0,0.0,0.0
7.8006205558776855,dn1,drive,1.2,0.28,0.31799999999999995,4291.2,4299.0,7.68,0.091,16.6,1.1752491274683872,-0.010890741115619385,-1.1900431414107473,0.0,0.0,0.0,0.0,0.0
7.820491313934326,dn1,drive,1.2,0.28,0.31799999999999995,4291.2,4310.0,7.47,0.089,16.6,1.1275360665365821,0.27772777188165065,-0.8209372721095889,0.0,0.0,0.0,0.0,0.0
7.840357542037964,dn1,drive,1.2,0.28,0.31799999999999995,4291.2,4284.0,8.09,0.091,16.6,1.0875672783176458,0.250928592686364,-1.1484089176588341,0.0,0.0,0.0,0.0,0.0
7.860402345657349,dn1,drive,1.2,0.28,0.31799999999999995,4291.2,4236.0,8.72,0.091,16.6,1.069265502674403,-0.2531290096658019,-1.7654689009167157,0.0,0.0,0.0,0.0,0.0
7.880385398864746,dn1,drive,1.2,0.28,0.31799999999999995,4291.2,4223.0,8.85,0.089,16.6,1.0862138598516673,0.2803699460225282,-1.6725566402247694,0.0,0.0,0.0,0.0,0.0
7.900424003601074,dn1,drive,1.2,0.28,0.31799999999999995,4291.2,4214.0,8.92,0.091,16.6,1.1649849051530583,0.15243778652628936,-1.2975147504295137,0.0,0.0,0.0,0.0,0.0
7.92049503326416,dn1,drive,1.2,0.28,0.31799999999999995,4291.2,4201.0,8.91,0.091,16.6,1.1559541258965995,-0.14105561432288294,-0.8453506410362266,0.0,0.0,0.0,0.0,0.0
7.940531492233276,dn1,drive,1.2,0.28,0.31799999999999995,4291.2,4191.0,9.15,0.09,16.6,1.1142763872061594,-0.1215596808801136,-1.1997354864908587,0.0,0.0,0.0,0.0,0.0
7.9605278968811035,dn1,drive,1.2,0.28,0.31799999999999995,4291.2,4220.0,8.68,0.093,16.6,1.0790717278612656,-0.11221944783263549,-1.1412127490475328,0.0,0.0,0.0,0.0,0.0
7.980484485626221,dn1,drive,1.2,0.28,0.31799999999999995,4291.2,4218.0,8.67,0.091,16.6,1.0622306960759313,-0.22771982332585594,-0.8933510211020703,0.0,0.0,0.0,0.0,0.0
8.000869274139404,dn1,drive,1.2,0.28,0.31799999999999995,4291.2,4204.0,8.96,0.091,16.6,1.0544427475211855,-0.0661183531272469,-1.3807276493822656,0.0,0.0,0.0,0.0,0.0
8.02040696144104,dn1,drive,1.2,0.28,0.31799999999999995,4291.2,4188.0,9.32,0.09,16.6,1.0676018925204578,-0.1341165770308974,-1.4686589592076018,0.0,0.0,0.0,0.0,0.0
8.04041576385498,dn1,drive,1.2,0.28,0.31799999999999995,4291.2,4187.0,9.4,0.09,16.6,1.0883287426523265,-0.05236891729313253,-1.4914397123640413,0.0,0.0,0.0,0.0,0.0
8.060452938079834,dn1,drive,1.2,0.28,0.31799999999999995,4291.2,4172.0,9.38,0.09,16.6,1.11853032099437,0.009308274358060586,-1.1584706606035908,0.0,0.0,0.0,0.0,0.0
8.080407857894897,dn1,drive,1.2,0.28,0.31799999999999995,4291.2,4181.0,9.32,0.09,16.6,1.159782819437752,0.011049835637681138,-1.3400924224673076,0.0,0.0,0.0,0.0,0.0
8.100537538528442,dn1,drive,1.2,0.28,0.31799999999999995,4291.2,4180.0,9.43,0.091,16.6,1.1412482835152364,-0.2883568409493549,-1.1085266659717306,0.0,0.0,0.0,0.0,0.0
8.120386362075806,up2,drive,1.6,0.28,0.31799999999999995,5721.6,4168.0,9.54,0.092,16.6,1.1274950538557948,-0.2891850259917561,-1.5600763791540544,0.0,0.0,0.0,0.0,0.0
8.140360593795776,up2,drive,1.6,0.28,0.31799999999999995,5721.6,4215.0,10.14,0.103,16.6,1.1223516908425248,0.03286357577133869,-1.2447819261729194,0.0,0.0,0.0,0.0,0.0
8.160538911819458,up2,drive,1.6,0.28,0.31799999999999995,5721.6,4328.0,18.83,0.11,16.6,1.1336669296820534,-1.5100408755933188,-1.537066415134234,0.0,0.0,0.0,0.0,0.0
8.180509090423584,up2,drive,1.6,0.28,0.31799999999999995,5721.6,4496.0,23.2,0.123,16.6,1.0933920110958124,-1.9531822192175383,-1.7955849864229378,0.0,0.0,0.0,0.0,0.0
8.20048189163208,up2,drive,1.6,0.28,0.31799999999999995,5721.6,4557.0,25.82,0.111,16.6,1.0199442919183537,-3.311267548279858,-1.219838214763918,0.0,0.0,0.0,0.0,0.0
8.220645427703857,up2,drive,1.6,0.28,0.31799999999999995,5721.6,4576.0,22.75,0.113,16.6,1.038561518992716,-1.6899151238943517,-1.1581597348979713,0.0,0.0,0.0,0.0,0.0
8.240516185760498,up2,drive,1.6,0.28,0.31799999999999995,5721.6,4660.0,21.3,0.112,16.6,1.1305682085956916,-1.6872039160607244,-1.4029271892779889,0.0,0.0,0.0,0.0,0.0
8.260468244552612,up2,drive,1.6,0.28,0.31799999999999995,5721.6,4746.0,20.38,0.116,16.6,1.1748856059795914,-1.7207607957648179,-1.6546086110118097,0.0,0.0,0.0,0.0,0.0
8.280532360076904,up2,drive,1.6,0.28,0.31799999999999995,5721.6,4853.0,19.16,0.117,16.6,1.1719384187592552,-1.7492744517529388,-1.7647265968578836,0.0,0.0,0.0,0.0,0.0
8.300420761108398,up2,drive,1.6,0.28,0.31799999999999995,5721.6,4935.0,18.44,0.119,16.6,1.19240587700095,-1.2769326966328407,-1.8764312247391217,0.0,0.0,0.0,0.0,0.0
8.320718050003052,up2,drive,1.6,0.28,0.31799999999999995,5721.6,5003.0,17.83,0.118,16.6,1.2576948690208967,-1.4309482173263177,-1.8132289604089635,0.0,0.0,0.0,0.0,0.0
8.340388059616089,up2,drive,1.6,0.28,0.31799999999999995,5721.6,5055.0,17.59,0.116,16.6,1.2280112755108734,-1.450795568444832,-1.711698195837414,0.0,0.0,0.0,0.0,0.0
8.360466003417969,up2,drive,1.6,0.28,0.31799999999999995,5721.6,5147.0,16.55,0.118,16.6,1.2628197230645906,-0.5289914100392323,-2.4517849903992897,0.0,0.0,0.0,0.0,0.0
8.380460739135742,up2,drive,1.6,0.28,0.31799999999999995,5721.6,5233.0,15.54,0.118,16.6,1.35690387805491,-0.6267118363678676,-2.082693227506496,0.0,0.0,0.0,0.0,0.0
8.4002525806427,up2,drive,1.6,0.28,0.31799999999999995,5721.6,5320.0,14.58,0.117,16.6,1.3416630066105502,-1.0164361583846926,-1.5794327103171497,0.0,0.0,0.0,0.0,0.0
8.42064642906189,up2,drive,1.6,0.28,0.31799999999999995,5721.6,5395.0,14.01,0.119,16.6,1.301347141922549,-0.7567099177415102,-1.8820620936533032,0.0,0.0,0.0,0.0,0.0
8.440431833267212,up2,drive,1.6,0.28,0.31799999999999995,5721.6,5444.0,13.55,0.12,16.6,1.3449936890278575,-0.8087352288738927,-2.359414181899922,0.0,0.0,0.0,0.0,0.0
8.460459470748901,up2,drive,1.6,0.28,0.31799999999999995,5721.6,5471.0,13.58,0.119,16.6,1.272226141192805,-0.7800097574897009,-2.3770812523887628,0.0,0.0,0.0,0.0,0.0
8.480446577072144,up2,drive,1.6,0.28,0.31799999999999995,5721.6,5516.0,13.11,0.12,16.6,1.324272431534278,-0.39469821967925256,-2.319123648362421,0.0,0.0,0.0,0.0,0.0
8.50040340423584,up2,drive,1.6,0.28,0.31799999999999995,5721.6,5596.0,11.84,0.122,16.6,1.4488259457142485,-0.20620141099258404,-2.090316535239481,0.0,0.0,0.0,0.0,0.0
8.521290063858032,up2,drive,1.6,0.28,0.31799999999999995,5721.6,5632.0,11.52,0.12,16.6,1.4165958375698915,-0.8696404875269224,-1.915125175974424,0.0,0.0,0.0,0.0,0.0
8.540447235107422,up2,drive,1.6,0.28,0.31799999999999995,5721.6,5660.0,11.4,0.12,16.6,1.3024302495378843,-0.5037668860865097,-2.6328156718254547,0.0,0.0,0.0,0.0,0.0
8.56058931350708,up2,drive,1.6,0.28,0.31799999999999995,5721.6,5666.0,11.56,0.12,16.6,1.296001911298651,0.009632671500943157,-2.838197083877901,0.0,0.0,0.0,0.0,0.0
8.580650091171265,up2,drive,1.6,0.28,0.31799999999999995,5721.6,5693.0,11.11,0.119,16.6,1.3706954572340488,-0.12008448312554254,-2.292620265201606,0.0,0.0,0.0,0.0,0.0
8.60067105293274,up2,drive,1.6,0.28,0.31799999999999995,5721.6,5728.0,10.65,0.119,16.6,1.436854637140179,-0.15588860321766873,-1.8358930616081466,0.0,0.0,0.0,0.0,0.0
8.620445489883423,up2,drive,1.6,0.28,0.31799999999999995,5721.6,5747.0,10.45,0.121,16.6,1.4649018513184027,-0.1674759944267059,-1.9332512529116173,0.0,0.0,0.0,0.0,0.0
8.640622615814209,up2,drive,1.6,0.28,0.31799999999999995,5721.6,5761.0,10.36,0.119,16.6,1.4643152900883127,-0.1993602780218673,-2.6237343608071626,0.0,0.0,0.0,0.0,0.0
8.660479068756104,up2,drive,1.6,0.28,0.31799999999999995,5721.6,5791.0,9.94,0.12,16.6,1.380325847209939,0.0876145825851884,-2.3305479387928756,0.0,0.0,0.0,0.0,0.0
8.680447578430176,up2,drive,1.6,0.28,0.31799999999999995,5721.6,5787.0,9.97,0.12,16.6,1.371743144806886,-0.0729739122759483,-2.168261385024806,0.0,0.0,0.0,0.0,0.0
8.700276851654053,up2,drive,1.6,0.28,0.31799999999999995,5721.6,5788.0,10.17,0.118,16.6,1.4118623350483848,-0.04564013309421888,-2.2595946050622615,0.0,0.0,0.0,0.0,0.0
8.722137928009033,up2,drive,1.6,0.28,0.31799999999999995,5721.6,5802.0,9.87,0.12,16.6,1.43370544915116,0.10954069204726746,-2.469922761768288,0.0,0.0,0.0,0.0,0.0
8.740725994110107,up2,drive,1.6,0.28,0.31799999999999995,5721.6,5824.0,9.43,0.12,16.6,1.4294652972215904,0.23257078327393188,-2.7539799255938817,0.0,0.0,0.0,0.0,0.0
8.760554313659668,up2,drive,1.6,0.28,0.31799999999999995,5721.6,5830.0,9.48,0.118,16.6,1.3679183128493142,-0.02379916457744624,-2.2339326362698273,0.0,0.0,0.0,0.0,0.0
8.780976057052612,up2,drive,1.6,0.28,0.31799999999999995,5721.6,5830.0,9.53,0.118,16.6,1.3510041772920576,0.22741503719693412,-2.3207661313094547,0.0,0.0,0.0,0.0,0.0
8.800347328186035,up2,drive,1.6,0.28,0.31799999999999995,5721.6,5821.0,9.7,0.118,16.6,1.4000763824861846,-0.10499952490672992,-2.051857642083462,0.0,0.0,0.0,0.0,0.0
8.820403814315796,up2,drive,1.6,0.28,0.31799999999999995,5721.6,5814.0,9.8,0.119,16.6,1.4457345483208845,0.22615185583648056,-2.289720923196313,0.0,0.0,0.0,0.0,0.0
8.840398788452148,up2,drive,1.6,0.28,0.31799999999999995,5721.6,5830.0,9.35,0.118,16.6,1.4789865113755047,0.3205415983517099,-2.558286765570415,0.0,0.0,0.0,0.0,0.0
8.860440015792847,up2,drive,1.6,0.28,0.31799999999999995,5721.6,5843.0,9.31,0.12,16.6,1.48187630747435,0.44307877841406196,-2.422431966568354,0.0,0.0,0.0,0.0,0.0
8.880409002304077,up2,drive,1.6,0.28,0.31799999999999995,5721.6,5836.0,9.3,0.118,16.6,1.4629542816132277,0.08075898689138761,-2.318147748028281,0.0,0.0,0.0,0.0,0.0
8.900712728500366,dn2,drive,1.2,0.28,0.31799999999999995,4291.2,5847.0,9.13,0.116,16.6,1.4398771918193645,-0.229898020884864,-2.0784823549742555,0.0,0.0,0.0,0.0,0.0
8.920453071594238,dn2,drive,1.2,0.28,0.31799999999999995,4291.2,5812.0,8.36,0.102,16.6,1.3600891518766993,0.1973157441638822,-2.793792449231347,0.0,0.0,0.0,0.0,0.0
8.940413475036621,dn2,drive,1.2,0.28,0.31799999999999995,4291.2,5651.0,1.08,0.082,16.6,1.4187484706790026,1.967822916935603,-2.554733412466419,0.0,0.0,0.0,0.0,0.0
8.96044921875,dn2,drive,1.2,0.28,0.31799999999999995,4291.2,5498.0,-3.04,0.074,16.7,1.5089061941161637,1.8691474940696793,-2.061319606857012,0.0,0.0,0.0,0.0,0.0
8.980401277542114,dn2,drive,1.2,0.28,0.31799999999999995,4291.2,5438.0,-8.54,0.081,16.7,1.4227534654843184,2.5254353524649673,-1.0399456939131895,0.0,0.0,0.0,0.0,0.0
9.000401258468628,dn2,drive,1.2,0.28,0.31799999999999995,4291.2,5461.0,-4.61,0.073,16.7,1.3180817804223344,1.7213694909402761,-1.9292286607314395,0.0,0.0,0.0,0.0,0.0
9.0205659866333,dn2,drive,1.2,0.28,0.31799999999999995,4291.2,5363.0,-2.97,0.082,16.7,1.2982079407876181,2.08218525062496,-2.145525070709226,0.0,0.0,0.0,0.0,0.0
9.04049563407898,dn2,drive,1.2,0.28,0.31799999999999995,4291.2,5258.0,-1.54,0.08,16.6,1.2794009634855876,1.6225271300603339,-2.2593379122841384,0.0,0.0,0.0,0.0,0.0
9.060688257217407,dn2,drive,1.2,0.28,0.31799999999999995,4291.2,5152.0,-0.43,0.083,16.6,1.329254806459653,1.7203020816772607,-1.8815732664038478,0.0,0.0,0.0,0.0,0.0
9.080321550369263,dn2,drive,1.2,0.28,0.31799999999999995,4291.2,5074.0,0.63,0.083,16.6,1.4093254077939752,1.3311413581832454,-1.9286372148428939,0.0,0.0,0.0,0.0,0.0
9.10027551651001,dn2,drive,1.2,0.28,0.31799999999999995,4291.2,5015.0,0.77,0.084,16.6,1.3809242595068798,0.8865265161515765,-1.5776642198674153,0.0,0.0,0.0,0.0,0.0
9.12031364440918,dn2,drive,1.2,0.28,0.31799999999999995,4291.2,4996.0,0.53,0.084,16.6,1.3030789955794275,1.341873338250835,-1.9736791960228288,0.0,0.0,0.0,0.0,0.0
9.140291213989258,dn2,drive,1.2,0.28,0.31799999999999995,4291.2,4964.0,0.68,0.082,16.6,1.2983833099453999,1.4122295250573984,-1.7514861611680885,0.0,0.0,0.0,0.0,0.0
9.160593748092651,dn2,drive,1.2,0.28,0.31799999999999995,4291.2,4872.0,1.9,0.084,16.6,1.2450776107244284,0.9979402450416615,-1.5593185799730804,0.0,0.0,0.0,0.0,0.0
9.1807701587677,dn2,drive,1.2,0.28,0.31799999999999995,4291.2,4763.0,3.23,0.089,16.6,1.1766090706790362,0.7508978582245476,-1.3193462080841698,0.0,0.0,0.0,0.0,0.0
9.200359106063843,dn2,drive,1.2,0.28,0.31799999999999995,4291.2,4649.0,4.7,0.091,16.6,1.2256232189613994,0.7598320386726911,-1.2115193806993219,0.0,0.0,0.0,0.0,0.0
9.220400333404541,dn2,drive,1.2,0.28,0.31799999999999995,4291.2,4574.0,5.21,0.09,16.6,1.25279758209235,0.39123465788446055,-1.0858213419004343,0.0,0.0,0.0,0.0,0.0
9.240403890609741,dn2,drive,1.2,0.28,0.31799999999999995,4291.2,4525.0,5.61,0.091,16.6,1.2077659249040913,0.36298752530619893,-1.4438615012863636,0.0,0.0,0.0,0.0,0.0
9.26051640510559,dn2,drive,1.2,0.28,0.31799999999999995,4291.2,4481.0,6.0,0.092,16.6,1.1532247852534319,0.4452842020721164,-1.6422508125625086,0.0,0.0,0.0,0.0,0.0
9.280394792556763,dn2,drive,1.2,0.28,0.31799999999999995,4291.2,4467.0,5.85,0.092,16.6,1.1289627219325373,0.48827925569005615,-1.484207291014144,0.0,0.0,0.0,0.0,0.0
9.30054521560669,dn2,drive,1.2,0.28,0.31799999999999995,4291.2,4424.0,6.29,0.09,16.6,1.1067429036935703,0.5052743348912934,-0.9891360189669527,0.0,0.0,0.0,0.0,0.0
9.32040810585022,dn2,drive,1.2,0.28,0.31799999999999995,4291.2,4373.0,7.19,0.088,16.6,1.1232642229900405,0.16299947556699124,-1.0508032429422869,0.0,0.0,0.0,0.0,0.0
9.340383291244507,dn2,drive,1.2,0.28,0.31799999999999995,4291.2,4310.0,8.04,0.092,16.6,1.1125600464626306,-0.04679271071136526,-1.3092390030357706,0.0,0.0,0.0,0.0,0.0
9.360422611236572,dn2,drive,1.2,0.28,0.31799999999999995,4291.2,4278.0,8.11,0.09,16.6,1.1207351520608468,0.1227172743121514,-1.6975061257594746,0.0,0.0,0.0,0.0,0.0
9.380492210388184,dn2,drive,1.2,0.28,0.31799999999999995,4291.2,4272.0,8.02,0.091,16.6,1.175018364559932,0.42845766886927095,-1.6055911077397127,0.0,0.0,0.0,0.0,0.0
9.400430679321289,dn2,drive,1.2,0.28,0.31799999999999995,4291.2,4252.0,8.35,0.092,16.6,1.177092301258831,0.0082536239028701,-1.1697892626066064,0.0,0.0,0.0,0.0,0.0
9.42044997215271,dn2,drive,1.2,0.28,0.31799999999999995,4291.2,4235.0,8.45,0.092,16.6,1.1392779437827414,-0.16980833921494565,-1.1747668513240725,0.0,0.0,0.0,0.0,0.0
9.440577030181885,dn2,drive,1.2,0.28,0.31799999999999995,4291.2,4247.0,8.07,0.09,16.6,1.1131716414069672,0.05564511236334635,-1.2082268134245808,0.0,0.0,0.0,0.0,0.0
9.460410118103027,dn2,drive,1.2,0.28,0.31799999999999995,4291.2,4249.0,8.26,0.089,16.6,1.1028332500552795,0.08119561860263769,-1.1238355542870622,0.0,0.0,0.0,0.0,0.0
9.480406999588013,dn2,drive,1.2,0.28,0.31799999999999995,4291.2,4213.0,8.88,0.092,16.6,1.1021592039833805,-0.0052710915469509345,-1.1931462588902448,0.0,0.0,0.0,0.0,0.0
9.500878095626831,dn2,drive,1.2,0.28,0.31799999999999995,4291.2,4186.0,9.18,0.091,16.6,1.1104970287242006,-0.2615142096308922,-1.39746121185226,0.0,0.0,0.0,0.0,0.0
9.520401000976562,dn2,drive,1.2,0.28,0.31799999999999995,4291.2,4190.0,9.02,0.089,16.6,1.1489819701627721,0.138391257306675,-1.416093072965026,0.0,0.0,0.0,0.0,0.0
9.540398597717285,dn2,drive,1.2,0.28,0.31799999999999995,4291.2,4178.0,9.29,0.093,16.6,1.1216309062934948,-0.1273044425965475,-1.1855842007438397,0.0,0.0,0.0,0.0,0.0
9.5605309009552,dn2,drive,1.2,0.28,0.31799999999999995,4291.2,4177.0,9.06,0.09,16.6,1.1062335075560656,-0.36826507619946725,-1.3812077058078671,0.0,0.0,0.0,0.0,0.0
9.580365419387817,dn2,drive,1.2,0.28,0.31799999999999995,4291.2,4185.0,9.15,0.089,16.6,1.1122433300299928,0.0003885383604513848,-1.3152920409381181,0.0,0.0,0.0,0.0,0.0
9.600398778915405,dn2,drive,1.2,0.28,0.31799999999999995,4291.2,4208.0,8.83,0.091,16.6,1.1193584309353304,0.29687389563304833,-1.2409660330748977,0.0,0.0,0.0,0.0,0.0
9.62034797668457,dn2,drive,1.2,0.28,0.31799999999999995,4291.2,4195.0,8.97,0.091,16.6,1.0798387848342357,0.05641886348020453,-1.15386246975077,0.0,0.0,0.0,0.0,0.0
9.640400171279907,dn2,drive,1.2,0.28,0.31799999999999995,4291.2,4194.0,8.93,0.09,16.6,1.0805309404015473,0.19711818135657388,-1.0959745937740664,0.0,0.0,0.0,0.0,0.0
9.660465955734253,dn2,drive,1.2,0.28,0.31799999999999995,4291.2,4179.0,9.52,0.089,16.6,1.0599198711980697,-0.05187780597496516,-0.9824871497641325,0.0,0.0,0.0,0.0,0.0
9.680438756942749,dn2,drive,1.2,0.28,0.31799999999999995,4291.2,4152.0,9.88,0.092,16.6,1.0735209012012135,-0.09412801564966511,-1.323478727923316,0.0,0.0,0.0,0.0,0.0
9.70083498954773,up3,drive,1.6,0.28,0.31799999999999995,5721.6,4168.0,9.29,0.092,16.6,1.155510576417047,-0.03834961417256455,-1.4612835734288865,0.0,0.0,0.0,0.0,0.0
9.720720052719116,up3,drive,1.6,0.28,0.31799999999999995,5721.6,4187.0,10.0,0.1,16.6,1.1839245078773748,-0.0425920251255798,-1.2301390357488913,0.0,0.0,0.0,0.0,0.0
9.740345239639282,up3,drive,1.6,0.28,0.31799999999999995,5721.6,4289.0,18.61,0.108,16.6,1.143765370219525,-1.5875895765012444,-1.3924749984913376,0.0,0.0,0.0,0.0,0.0
9.760408639907837,up3,drive,1.6,0.28,0.31799999999999995,5721.6,4394.0,24.06,0.122,16.6,1.110680254207198,-2.097799655971201,-1.6063874985456437,0.0,0.0,0.0,0.0,0.0
9.78045129776001,up3,drive,1.6,0.28,0.31799999999999995,5721.6,4615.0,25.07,0.112,16.6,1.0931912753286477,-2.2707348669802485,-2.01843992611785,0.0,0.0,0.0,0.0,0.0
9.800417423248291,up3,drive,1.6,0.28,0.31799999999999995,5721.6,4599.0,21.98,0.111,16.6,1.0719068258435436,-1.886854910348248,-1.4408934544942156,0.0,0.0,0.0,0.0,0.0
9.820418119430542,up3,drive,1.6,0.28,0.31799999999999995,5721.6,4655.0,21.56,0.113,16.6,1.0870811182606517,-2.018692525844841,-0.9735404708919972,0.0,0.0,0.0,0.0,0.0
9.840612411499023,up3,drive,1.6,0.28,0.31799999999999995,5721.6,4734.0,20.68,0.117,16.6,1.164570783603551,-1.7474767252236916,-1.4433831990255328,0.0,0.0,0.0,0.0,0.0
9.860435485839844,up3,drive,1.6,0.28,0.31799999999999995,5721.6,4814.0,19.55,0.118,16.6,1.179012706720887,-1.6732841800634475,-2.0975837475239985,0.0,0.0,0.0,0.0,0.0
9.880452632904053,up3,drive,1.6,0.28,0.31799999999999995,5721.6,4896.0,18.84,0.117,16.6,1.1987636414712963,-1.3948486757869887,-2.122495518516132,0.0,0.0,0.0,0.0,0.0
9.901474714279175,up3,drive,1.6,0.28,0.31799999999999995,5721.6,5006.0,17.63,0.117,16.6,1.2051084896103557,-1.1431161640042191,-1.8993555270459694,0.0,0.0,0.0,0.0,0.0
9.920782804489136,up3,drive,1.6,0.28,0.31799999999999995,5721.6,5084.0,16.97,0.116,16.6,1.2385213075948167,-1.1433136537213286,-1.5714840050191867,0.0,0.0,0.0,0.0,0.0
9.94048023223877,up3,drive,1.6,0.28,0.31799999999999995,5721.6,5161.0,16.4,0.115,16.6,1.256717622058892,-1.0119962211694684,-1.5540663182885908,0.0,0.0,0.0,0.0,0.0
9.960368394851685,up3,drive,1.6,0.28,0.31799999999999995,5721.6,5227.0,15.81,0.119,16.6,1.2805099037634966,-0.8610705886295094,-2.068238325073736,0.0,0.0,0.0,0.0,0.0
9.980358123779297,up3,drive,1.6,0.28,0.31799999999999995,5721.6,5304.0,14.88,0.119,16.6,1.346228729983382,-0.5015742166681427,-2.4977932240071254,0.0,0.0,0.0,0.0,0.0
10.000464677810669,up3,drive,1.6,0.28,0.31799999999999995,5721.6,5373.0,14.2,0.12,16.6,1.3893751354359736,-0.5584054641861513,-2.4188078621519367,0.0,0.0,0.0,0.0,0.0
10.020775079727173,up3,drive,1.6,0.28,0.31799999999999995,5721.6,5448.0,13.37,0.12,16.6,1.425266157972808,-0.6316862822067861,-2.302377806739031,0.0,0.0,0.0,0.0,0.0
10.040470361709595,up3,drive,1.6,0.28,0.31799999999999995,5721.6,5488.0,13.01,0.121,16.6,1.3711564504187415,-1.0530539825235863,-1.84838096061128,0.0,0.0,0.0,0.0,0.0
10.060734748840332,up3,drive,1.6,0.28,0.31799999999999995,5721.6,5518.0,13.01,0.12,16.6,1.3248210427188345,-0.49474755555678485,-2.43136417358113,0.0,0.0,0.0,0.0,0.0
10.080501317977905,up3,drive,1.6,0.28,0.31799999999999995,5721.6,5557.0,12.52,0.119,16.6,1.3420454365430854,-0.3624351461289024,-2.274109149097228,0.0,0.0,0.0,0.0,0.0
10.103160619735718,up3,drive,1.6,0.28,0.31799999999999995,5721.6,5601.0,11.91,0.122,16.6,1.3661514386241012,-0.2664306949421764,-2.3735565506426894,0.0,0.0,0.0,0.0,0.0
10.120282173156738,up3,drive,1.6,0.28,0.31799999999999995,5721.6,5649.0,11.31,0.119,16.6,1.3938808045262243,-0.3949663510734851,-2.176981630461114,0.0,0.0,0.0,0.0,0.0
10.14058780670166,up3,drive,1.6,0.28,0.31799999999999995,5721.6,5655.0,11.57,0.12,16.6,1.369098492686383,-0.563505040445385,-2.1484419543622266,0.0,0.0,0.0,0.0,0.0
10.160649538040161,up3,drive,1.6,0.28,0.31799999999999995,5721.6,5694.0,10.93,0.119,16.6,1.3555135748078342,-0.070136002582732,-2.0931661759096016,0.0,0.0,0.0,0.0,0.0
10.180441856384277,up3,drive,1.6,0.28,0.31799999999999995,5721.6,5711.0,10.85,0.119,16.6,1.4100670981575623,0.08302237107707633,-2.4811883002869877,0.0,0.0,0.0,0.0,0.0
10.200412034988403,up3,drive,1.6,0.28,0.31799999999999995,5721.6,5739.0,10.57,0.118,16.6,1.4756984395356385,0.09188419222842548,-2.123598303435358,0.0,0.0,0.0,0.0,0.0
10.220332145690918,up3,drive,1.6,0.28,0.31799999999999995,5721.6,5752.0,10.37,0.119,16.6,1.5431617694275803,-0.13755797422290872,-1.995251914373796,0.0,0.0,0.0,0.0,0.0
10.240310192108154,up3,drive,1.6,0.28,0.31799999999999995,5721.6,5759.0,10.35,0.117,16.6,1.4774073900071423,0.004406265474272697,-2.5476027326732265,0.0,0.0,0.0,0.0,0.0
10.260411500930786,up3,drive,1.6,0.28,0.31799999999999995,5721.6,5793.0,9.93,0.118,16.6,1.4264173093539947,0.2186221401030366,-2.8570680961210826,0.0,0.0,0.0,0.0,0.0
10.2808096408844,up3,drive,1.6,0.28,0.31799999999999995,5721.6,5798.0,9.9,0.12,16.6,1.3911998002568415,0.20721774847920038,-2.5004297336575974,0.0,0.0,0.0,0.0,0.0
10.300392150878906,up3,drive,1.6,0.28,0.31799999999999995,5721.6,5788.0,10.08,0.116,16.6,1.4051104227367068,0.06856808991100571,-2.1245505225450927,0.0,0.0,0.0,0.0,0.0
10.32035493850708,up3,drive,1.6,0.28,0.31799999999999995,5721.6,5799.0,10.0,0.118,16.6,1.453934288159184,0.11965293118310782,-2.1323039308319096,0.0,0.0,0.0,0.0,0.0
10.340489387512207,up3,drive,1.6,0.28,0.31799999999999995,5721.6,5802.0,9.88,0.119,16.6,1.4526439866110405,-0.05371718478124343,-2.2006719180511993,0.0,0.0,0.0,0.0,0.0
10.360507488250732,up3,drive,1.6,0.28,0.31799999999999995,5721.6,5819.0,9.59,0.118,16.6,1.398123086984666,0.09548141772424046,-2.6636474565581523,0.0,0.0,0.0,0.0,0.0
10.380489587783813,up3,drive,1.6,0.28,0.31799999999999995,5721.6,5819.0,9.6,0.118,16.6,1.3778726763718123,0.2023012083502671,-2.408350701231768,0.0,0.0,0.0,0.0,0.0
10.400330781936646,up3,drive,1.6,0.28,0.31799999999999995,5721.6,5825.0,9.59,0.12,16.6,1.457221427892669,-0.019473366843895334,-2.194621219035213,0.0,0.0,0.0,0.0,0.0
10.42047119140625,up3,drive,1.6,0.28,0.31799999999999995,5721.6,5825.0,9.52,0.116,16.6,1.4402693422898785,-0.14563502590993327,-2.147090370406346,0.0,0.0,0.0,0.0,0.0
10.440540790557861,up3,drive,1.6,0.28,0.31799999999999995,5721.6,5814.0,9.82,0.12,16.6,1.4017203518270906,0.1424796215294819,-2.3189733749137247,0.0,0.0,0.0,0.0,0.0
10.460527181625366,up3,drive,1.6,0.28,0.31799999999999995,5721.6,5821.0,9.59,0.12,16.6,1.4529911296591325,0.31965720694644517,-2.7320283076524277,0.0,0.0,0.0,0.0,0.0
10.480454444885254,up3,drive,1.6,0.28,0.31799999999999995,5721.6,5845.0,9.09,0.119,16.6,1.4675377150073088,0.1599513950071767,-2.358079847230954,0.0,0.0,0.0,0.0,0.0
10.5005464553833,up3,drive,1.6,0.28,0.31799999999999995,5721.6,5830.0,9.39,0.119,16.6,1.3992543978157317,-0.3627739557453573,-1.7955838169797573,0.0,0.0,0.0,0.0,0.0
10.52057933807373,dn3,drive,1.2,0.28,0.31799999999999995,4291.2,5831.0,9.45,0.119,16.6,1.3893948428280403,-0.17608587366285278,-2.1161474885714995,0.0,0.0,0.0,0.0,0.0
10.54053521156311,dn3,drive,1.2,0.28,0.31799999999999995,4291.2,5809.0,8.56,0.105,16.6,1.3553585788323916,0.05484588931221257,-2.184077519319686,0.0,0.0,0.0,0.0,0.0
10.56046175956726,dn3,drive,1.2,0.28,0.31799999999999995,4291.2,5649.0,1.11,0.083,16.7,1.3774296595244777,1.2995798409059063,-2.388027825279977,0.0,0.0,0.0,0.0,0.0
10.580413103103638,dn3,drive,1.2,0.28,0.31799999999999995,4291.2,5471.0,-2.7,0.073,16.7,1.4503130548669487,1.6451691580194847,-2.2920706269067637,0.0,0.0,0.0,0.0,0.0
10.600449085235596,dn3,drive,1.2,0.28,0.31799999999999995,4291.2,5426.0,-8.32,0.08,16.7,1.3503724754814905,2.931705468231115,-1.575139976762273,0.0,0.0,0.0,0.0,0.0
10.620461702346802,dn3,drive,1.2,0.28,0.31799999999999995,4291.2,5487.0,-4.93,0.072,16.7,1.3083003892126368,2.379948288526194,-2.3140994280981317,0.0,0.0,0.0,0.0,0.0
10.640416383743286,dn3,drive,1.2,0.28,0.31799999999999995,4291.2,5412.0,-3.78,0.079,16.7,1.3326299636671648,2.080878690231529,-2.2213669692951896,0.0,0.0,0.0,0.0,0.0
10.660491466522217,dn3,drive,1.2,0.28,0.31799999999999995,4291.2,5301.0,-2.07,0.08,16.7,1.308620900649828,1.5540939463837304,-2.247875907311112,0.0,0.0,0.0,0.0,0.0
10.680418729782104,dn3,drive,1.2,0.28,0.31799999999999995,4291.2,5156.0,-0.1,0.082,16.7,1.3460999661446766,1.4870670181316967,-1.9099711475170977,0.0,0.0,0.0,0.0,0.0
10.700477361679077,dn3,drive,1.2,0.28,0.31799999999999995,4291.2,5067.0,0.62,0.082,16.7,1.4269615263227526,1.2429187108255633,-1.6763213701836435,0.0,0.0,0.0,0.0,0.0
10.72046184539795,dn3,drive,1.2,0.28,0.31799999999999995,4291.2,5015.0,0.83,0.085,16.7,1.38992640978162,1.1005466780686888,-1.5588581117207525,0.0,0.0,0.0,0.0,0.0
10.740531206130981,dn3,drive,1.2,0.28,0.31799999999999995,4291.2,5038.0,-0.64,0.084,16.7,1.281498202844025,1.3226149479541078,-1.8410774955881664,0.0,0.0,0.0,0.0,0.0
10.760457277297974,dn3,drive,1.2,0.28,0.31799999999999995,4291.2,4982.0,0.24,0.081,16.7,1.232406956048104,1.4022296164208115,-1.442426302143076,0.0,0.0,0.0,0.0,0.0
10.780503273010254,dn3,drive,1.2,0.28,0.31799999999999995,4291.2,4865.0,2.15,0.084,16.6,1.2347735741508028,1.0832289787300269,-1.2695378688612493,0.0,0.0,0.0,0.0,0.0
10.8004891872406,dn3,drive,1.2,0.28,0.31799999999999995,4291.2,4748.0,3.35,0.09,16.7,1.2329074971749843,0.5046691115002773,-1.1201019607528693,0.0,0.0,0.0,0.0,0.0
10.820538520812988,dn3,drive,1.2,0.28,0.31799999999999995,4291.2,4665.0,4.16,0.089,16.6,1.1549289420349735,0.40242878727895004,-1.4675555895667856,0.0,0.0,0.0,0.0,0.0
10.840415954589844,dn3,drive,1.2,0.28,0.31799999999999995,4291.2,4598.0,4.83,0.089,16.6,1.119285726637571,0.7350407934183494,-1.5326432886647297,0.0,0.0,0.0,0.0,0.0
10.861018180847168,dn3,drive,1.2,0.28,0.31799999999999995,4291.2,4532.0,5.58,0.091,16.6,1.1127076521660482,0.6392611311379781,-1.615165046697797,0.0,0.0,0.0,0.0,0.0
10.88042140007019,dn3,drive,1.2,0.28,0.31799999999999995,4291.2,4467.0,6.2,0.093,16.6,1.1756724369236553,0.34863286608106847,-1.526385890566587,0.0,0.0,0.0,0.0,0.0
10.900451421737671,dn3,drive,1.2,0.28,0.31799999999999995,4291.2,4445.0,6.05,0.09,16.6,1.1738728058170342,0.27146295512833163,-0.9830381036825528,0.0,0.0,0.0,0.0,0.0
10.920445442199707,dn3,drive,1.2,0.28,0.31799999999999995,4291.2,4405.0,6.64,0.089,16.6,1.1186035579243472,0.3063536578700017,-0.8161739107647534,0.0,0.0,0.0,0.0,0.0
10.940434694290161,dn3,drive,1.2,0.28,0.31799999999999995,4291.2,4360.0,7.3,0.09,16.6,1.1210825614250475,0.41688303189992126,-1.1631705065656845,0.0,0.0,0.0,0.0,0.0
10.960523128509521,dn3,drive,1.2,0.28,0.31799999999999995,4291.2,4312.0,7.73,0.091,16.6,1.140294072896661,-0.07523559711451533,-1.2911079559650602,0.0,0.0,0.0,0.0,0.0
10.980525493621826,dn3,drive,1.2,0.28,0.31799999999999995,4291.2,4293.0,7.73,0.088,16.6,1.1243960664533241,0.09090187822934226,-1.3452455738422486,0.0,0.0,0.0,0.0,0.0
11.000391721725464,dn3,drive,1.2,0.28,0.31799999999999995,4291.2,4265.0,8.27,0.089,16.6,1.1447764393273736,0.41481885505101346,-1.7108038641651149,0.0,0.0,0.0,0.0,0.0
11.02039384841919,dn3,drive,1.2,0.28,0.31799999999999995,4291.2,4243.0,8.48,0.093,16.6,1.1727181923264303,0.2311934715680799,-1.497114143036697,0.0,0.0,0.0,0.0,0.0
11.04050350189209,dn3,drive,1.2,0.28,0.31799999999999995,4291.2,4239.0,8.2,0.089,16.6,1.178856512322954,-0.1398486027801935,-1.3458308801540966,0.0,0.0,0.0,0.0,0.0
11.06052851676941,dn3,drive,1.2,0.28,0.31799999999999995,4291.2,4254.0,8.11,0.091,16.6,1.1447050666101595,0.21800410765468392,-1.2860825662575905,0.0,0.0,0.0,0.0,0.0
11.080608606338501,dn3,drive,1.2,0.28,0.31799999999999995,4291.2,4248.0,8.18,0.09,16.6,1.1047398736586944,0.08635134640708575,-0.7906457701262894,0.0,0.0,0.0,0.0,0.0
11.10061001777649,dn3,drive,1.2,0.28,0.31799999999999995,4291.2,4215.0,8.7,0.09,16.6,1.0740721755468599,0.01452018568468505,-1.0647691719451942,0.0,0.0,0.0,0.0,0.0
11.120542049407959,dn3,drive,1.2,0.28,0.31799999999999995,4291.2,4192.0,9.09,0.09,16.6,1.026252987645615,-0.22206019341845362,-0.8717964291204012,0.0,0.0,0.0,0.0,0.0
11.140412092208862,dn3,drive,1.2,0.28,0.31799999999999995,4291.2,4192.0,9.11,0.091,16.6,1.0174680181577707,0.014784900112124522,-1.447211663637745,0.0,0.0,0.0,0.0,0.0
11.160430669784546,dn3,drive,1.2,0.28,0.31799999999999995,4291.2,4179.0,9.01,0.089,16.6,1.0646086991922905,-0.24798777199326238,-1.5030350338596463,0.0,0.0,0.0,0.0,0.0
11.180448770523071,dn3,drive,1.2,0.28,0.31799999999999995,4291.2,4182.0,9.07,0.091,16.6,1.1066182011755274,0.11448613021354426,-1.3283652462530995,0.0,0.0,0.0,0.0,0.0
11.200504779815674,dn3,drive,1.2,0.28,0.31799999999999995,4291.2,4181.0,9.21,0.09,16.6,1.119231531309388,-0.160270616450358,-0.8693129703461793,0.0,0.0,0.0,0.0,0.0
11.22034239768982,dn3,drive,1.2,0.28,0.31799999999999995,4291.2,4179.0,9.21,0.093,16.6,1.1162170992715272,-0.2767549778809588,-1.0122632196656198,0.0,0.0,0.0,0.0,0.0
11.24071478843689,dn3,drive,1.2,0.28,0.31799999999999995,4291.2,4198.0,8.64,0.091,16.6,1.0591183928680103,-0.18021598152543916,-0.8838627438569588,0.0,0.0,0.0,0.0,0.0
11.26049280166626,dn3,drive,1.2,0.28,0.31799999999999995,4291.2,4199.0,8.95,0.09,16.6,1.041603514747859,0.22542150202514932,-1.1833932489451442,0.0,0.0,0.0,0.0,0.0
11.280404567718506,dn3,drive,1.2,0.28,0.31799999999999995,4291.2,4180.0,9.37,0.093,16.6,1.0596964985616393,-0.18545508697414803,-1.4731382189497708,0.0,0.0,0.0,0.0,0.0
11.300517559051514,dn3,drive,1.2,0.28,0.31799999999999995,4291.2,4186.0,9.1,0.091,16.6,1.1122789498095726,-0.21714363501697065,-1.3518672534911218,0.0,0.0,0.0,0.0,0.0
11.32046365737915,up4,drive,1.6,0.28,0.31799999999999995,5721.6,4195.0,9.06,0.09,16.6,1.1416251208094828,0.1159467921548325,-1.308870336073113,0.0,0.0,0.0,0.0,0.0
11.340430498123169,up4,drive,1.6,0.28,0.31799999999999995,5721.6,4202.0,10.54,0.106,16.6,1.1422006299210488,-0.1466173216364668,-1.416637741126351,0.0,0.0,0.0,0.0,0.0
11.36040210723877,up4,drive,1.6,0.28,0.31799999999999995,5721.6,4332.0,18.64,0.113,16.6,1.0853794249031181,-1.6592811212395588,-1.7505912447741991,0.0,0.0,0.0,0.0,0.0
11.380484819412231,up4,drive,1.6,0.28,0.31799999999999995,5721.6,4507.0,22.52,0.117,16.6,1.0373082353837249,-1.947618739466634,-1.5352499775140984,0.0,0.0,0.0,0.0,0.0
11.400357007980347,up4,drive,1.6,0.28,0.31799999999999995,5721.6,4641.0,24.62,0.108,16.6,1.0164094116244642,-2.5567404693249784,-1.4215578809475744,0.0,0.0,0.0,0.0,0.0
11.420409679412842,up4,drive,1.6,0.28,0.31799999999999995,5721.6,4677.0,21.0,0.111,16.6,1.0257786120764447,-1.5101260987650988,-1.2139589853542745,0.0,0.0,0.0,0.0,0.0
11.44040322303772,up4,drive,1.6,0.28,0.31799999999999995,5721.6,4740.0,20.22,0.115,16.6,1.0501980016387356,-1.8809995083434075,-1.3452482050894048,0.0,0.0,0.0,0.0,0.0
11.460530519485474,up4,drive,1.6,0.28,0.31799999999999995,5721.6,4784.0,19.95,0.117,16.6,1.119217017081447,-1.7864685921092303,-1.4052163743038477,0.0,0.0,0.0,0.0,0.0
11.480509757995605,up4,drive,1.6,0.28,0.31799999999999995,5721.6,4844.0,19.35,0.116,16.6,1.2149298282364043,-1.4976652431355149,-1.8462803482982793,0.0,0.0,0.0,0.0,0.0
11.50041151046753,up4,drive,1.6,0.28,0.31799999999999995,5721.6,4918.0,18.6,0.115,16.6,1.2791808532214926,-1.277086624591476,-2.1505954839791457,0.0,0.0,0.0,0.0,0.0
11.520406246185303,up4,drive,1.6,0.28,0.31799999999999995,5721.6,5011.0,17.52,0.116,16.6,1.271802831737537,-1.2468750832856443,-1.4859427446940288,0.0,0.0,0.0,0.0,0.0
11.540518283843994,up4,drive,1.6,0.28,0.31799999999999995,5721.6,5100.0,16.67,0.117,16.6,1.2935090593602823,-0.955474839549197,-1.6213470157107963,0.0,0.0,0.0,0.0,0.0
11.56046748161316,up4,drive,1.6,0.28,0.31799999999999995,5721.6,5164.0,16.13,0.117,16.6,1.2519435063307616,-1.1735960194297803,-1.9189138795184988,0.0,0.0,0.0,0.0,0.0
11.580441951751709,up4,drive,1.6,0.28,0.31799999999999995,5721.6,5220.0,15.83,0.119,16.6,1.2065360771126925,-1.1663198901410112,-2.1685230479364463,0.0,0.0,0.0,0.0,0.0
11.600457906723022,up4,drive,1.6,0.28,0.31799999999999995,5721.6,5288.0,14.99,0.121,16.6,1.3028833863973612,-0.4436065627394683,-2.4582648750625253,0.0,0.0,0.0,0.0,0.0
11.620294570922852,up4,drive,1.6,0.28,0.31799999999999995,5721.6,5376.0,13.81,0.119,16.6,1.3640435466213034,-0.8235120936322886,-2.2865590411969947,0.0,0.0,0.0,0.0,0.0
11.640394687652588,up4,drive,1.6,0.28,0.31799999999999995,5721.6,5425.0,13.62,0.119,16.6,1.3541184778707962,-0.9322711134124049,-1.874292020801164,0.0,0.0,0.0,0.0,0.0
11.660425901412964,up4,drive,1.6,0.28,0.31799999999999995,5721.6,5458.0,13.32,0.12,16.6,1.3505932515358583,-0.7844497677951239,-1.463603748699029,0.0,0.0,0.0,0.0,0.0
11.680419206619263,up4,drive,1.6,0.28,0.31799999999999995,5721.6,5501.0,12.91,0.118,16.6,1.3540023640472687,-0.4569227564203011,-2.1838939167403453,0.0,0.0,0.0,0.0,0.0
11.700464487075806,up4,drive,1.6,0.28,0.31799999999999995,5721.6,5546.0,12.46,0.12,16.6,1.3291300373625827,-0.29376445585135613,-2.540884866322756,0.0,0.0,0.0,0.0,0.0
11.720404148101807,up4,drive,1.6,0.28,0.31799999999999995,5721.6,5581.0,12.09,0.118,16.6,1.3301813202028916,-0.35303874326366014,-2.2970039229637678,0.0,0.0,0.0,0.0,0.0
11.740477085113525,up4,drive,1.6,0.28,0.31799999999999995,5721.6,5609.0,11.86,0.118,16.6,1.391133620703753,-0.057733125753332004,-2.486398754377774,0.0,0.0,0.0,0.0,0.0
11.760412216186523,up4,drive,1.6,0.28,0.31799999999999995,5721.6,5648.0,11.42,0.118,16.6,1.4116544753253042,-0.27543387253797036,-1.914680202844238,0.0,0.0,0.0,0.0,0.0
11.780395746231079,up4,drive,1.6,0.28,0.31799999999999995,5721.6,5686.0,10.93,0.117,16.6,1.345494496470847,-0.1643299730005232,-2.013960666375681,0.0,0.0,0.0,0.0,0.0
11.800399780273438,up4,drive,1.6,0.28,0.31799999999999995,5721.6,5703.0,10.91,0.119,16.6,1.3871210358893307,0.05646062082439629,-2.3694205224740017,0.0,0.0,0.0,0.0,0.0
11.820456504821777,up4,drive,1.6,0.28,0.31799999999999995,5721.6,5716.0,10.73,0.117,16.6,1.4144161733757161,-0.1802721147981039,-1.8706199692143457,0.0,0.0,0.0,0.0,0.0
11.84053111076355,up4,drive,1.6,0.28,0.31799999999999995,5721.6,5745.0,10.49,0.118,16.6,1.4362150790043962,0.0648458116532118,-2.4931373783446986,0.0,0.0,0.0,0.0,0.0
11.860288143157959,up4,drive,1.6,0.28,0.31799999999999995,5721.6,5769.0,10.02,0.119,16.6,1.4141535856922345,-0.2367228912863517,-2.561243995013143,0.0,0.0,0.0,0.0,0.0
11.880461692810059,up4,drive,1.6,0.28,0.31799999999999995,5721.6,5782.0,10.09,0.118,16.6,1.381603099268741,-0.12080034680496521,-2.4759027094718533,0.0,0.0,0.0,0.0,0.0
11.90040898323059,up4,drive,1.6,0.28,0.31799999999999995,5721.6,5796.0,9.82,0.12,16.6,1.4244030274635135,0.17249553691827302,-2.1547230336847747,0.0,0.0,0.0,0.0,0.0
11.920293092727661,up4,drive,1.6,0.28,0.31799999999999995,5721.6,5813.0,9.61,0.12,16.6,1.4559548284782269,-0.2147423661712793,-2.1645229675374935,0.0,0.0,0.0,0.0,0.0
11.940406560897827,up4,drive,1.6,0.28,0.31799999999999995,5721.6,5816.0,9.68,0.119,16.6,1.3892145468222419,-0.3387402538562938,-2.013311625410495,0.0,0.0,0.0,0.0,0.0
11.96033501625061,up4,drive,1.6,0.28,0.31799999999999995,5721.6,5809.0,9.74,0.119,16.6,1.3301155401239666,-0.039065404761788436,-2.9426619813893637,0.0,0.0,0.0,0.0,0.0
11.980421543121338,up4,drive,1.6,0.28,0.31799999999999995,5721.6,5812.0,9.7,0.121,16.6,1.3612108753278407,0.18204773154221954,-2.4539063603287445,0.0,0.0,0.0,0.0,0.0
12.000580787658691,up4,drive,1.6,0.28,0.31799999999999995,5721.6,5824.0,9.44,0.12,16.6,1.405769421948447,-0.1712272392439047,-1.9787177419660793,0.0,0.0,0.0,0.0,0.0
12.020258903503418,up4,drive,1.6,0.28,0.31799999999999995,5721.6,5847.0,9.01,0.117,16.6,1.443805088111122,-0.1599624681722922,-1.8394212716837615,0.0,0.0,0.0,0.0,0.0
12.040414333343506,up4,drive,1.6,0.28,0.31799999999999995,5721.6,5833.0,9.45,0.12,16.6,1.4301601159499922,-0.23478559902252982,-2.1610327643652454,0.0,0.0,0.0,0.0,0.0
12.060300827026367,up4,drive,1.6,0.28,0.31799999999999995,5721.6,5832.0,9.4,0.12,16.6,1.4292650275076166,0.33630247645631073,-2.9732034518524983,0.0,0.0,0.0,0.0,0.0
12.080427885055542,up4,drive,1.6,0.28,0.31799999999999995,5721.6,5841.0,9.16,0.118,16.6,1.4539711729402816,0.09688590984776457,-2.9890473604229157,0.0,0.0,0.0,0.0,0.0
12.101063251495361,dn4,drive,1.2,0.28,0.31799999999999995,4291.2,5833.0,9.26,0.12,16.6,1.4572572474093304,-0.1874774927744518,-2.27353524485639,0.0,0.0,0.0,0.0,0.0
12.121001958847046,dn4,drive,1.2,0.28,0.31799999999999995,4291.2,5823.0,8.33,0.106,16.6,1.423275977690192,0.08327428558345407,-1.8514425628578692,0.0,0.0,0.0,0.0,0.0
12.14040756225586,dn4,drive,1.2,0.28,0.31799999999999995,4291.2,5660.0,0.93,0.083,16.7,1.4295630352335966,1.09203473969891,-2.5166177508838814,0.0,0.0,0.0,0.0,0.0
12.160417556762695,dn4,drive,1.2,0.28,0.31799999999999995,4291.2,5506.0,-3.19,0.066,16.7,1.3754388134515891,1.8354926734992176,-2.1704204694968325,0.0,0.0,0.0,0.0,0.0
12.180317163467407,dn4,drive,1.2,0.28,0.31799999999999995,4291.2,5388.0,-6.71,0.073,16.7,1.3276064429029484,2.7096515971148563,-1.8783979358079534,0.0,0.0,0.0,0.0,0.0
12.20060110092163,dn4,drive,1.2,0.28,0.31799999999999995,4291.2,5396.0,-3.68,0.081,16.7,1.3618457729317155,1.92418105160354,-2.265257633663907,0.0,0.0,0.0,0.0,0.0
12.22032117843628,dn4,drive,1.2,0.28,0.31799999999999995,4291.2,5395.0,-3.54,0.081,16.7,1.3859974482254263,1.6949618559398658,-1.390015951843509,0.0,0.0,0.0,0.0,0.0
12.240504503250122,dn4,drive,1.2,0.28,0.31799999999999995,4291.2,5349.0,-3.49,0.081,16.7,1.314180116267314,1.537983258587758,-1.7213724145482274,0.0,0.0,0.0,0.0,0.0
12.260399103164673,dn4,drive,1.2,0.28,0.31799999999999995,4291.2,5276.0,-2.47,0.08,16.7,1.2668292452437595,1.6235112164967376,-2.0553370279062904,0.0,0.0,0.0,0.0,0.0
12.280445575714111,dn4,drive,1.2,0.28,0.31799999999999995,4291.2,5130.0,-0.23,0.08,16.7,1.2860110624692187,1.1288644523240734,-2.0736832525222155,0.0,0.0,0.0,0.0,0.0
12.300637483596802,dn4,drive,1.2,0.28,0.31799999999999995,4291.2,5012.0,1.22,0.081,16.7,1.2995921187641868,1.1915656102513807,-1.7371865023175417,0.0,0.0,0.0,0.0,0.0
12.320460081100464,dn4,drive,1.2,0.28,0.31799999999999995,4291.2,4947.0,1.37,0.084,16.6,1.3187999018102743,1.2109492040586218,-1.770665614050131,0.0,0.0,0.0,0.0,0.0
12.340478897094727,dn4,drive,1.2,0.28,0.31799999999999995,4291.2,4911.0,1.28,0.083,16.6,1.2647646296086756,0.9590607908818498,-1.7318868781842411,0.0,0.0,0.0,0.0,0.0
12.360307931900024,dn4,drive,1.2,0.28,0.31799999999999995,4291.2,4863.0,1.62,0.084,16.6,1.2477698002703894,1.1092144447422712,-2.0940529062012274,0.0,0.0,0.0,0.0,0.0
12.380372285842896,dn4,drive,1.2,0.28,0.31799999999999995,4291.2,4780.0,2.63,0.086,16.6,1.286030104071013,1.0901952055759594,-1.2008809560861735,0.0,0.0,0.0,0.0,0.0
12.400543689727783,dn4,drive,1.2,0.28,0.31799999999999995,4291.2,4694.0,3.5,0.09,16.6,1.197928607311502,0.6016720113474676,-0.734031783224161,0.0,0.0,0.0,0.0,0.0
12.420464515686035,dn4,drive,1.2,0.28,0.31799999999999995,4291.2,4621.0,4.66,0.089,16.6,1.107732001722426,0.3845331271934178,-1.163298560593951,0.0,0.0,0.0,0.0,0.0
12.44061803817749,dn4,drive,1.2,0.28,0.31799999999999995,4291.2,4548.0,5.34,0.091,16.6,1.0819062633674914,0.40723296949980536,-1.2962093594792634,0.0,0.0,0.0,0.0,0.0
12.460452318191528,dn4,drive,1.2,0.28,0.31799999999999995,4291.2,4475.0,5.98,0.09,16.6,1.1340646727908568,0.2834180996725415,-1.4574048227599121,0.0,0.0,0.0,0.0,0.0
12.480495691299438,dn4,drive,1.2,0.28,0.31799999999999995,4291.2,4433.0,6.44,0.089,16.6,1.1584629568015088,0.6133880047612621,-1.5713971738630335,0.0,0.0,0.0,0.0,0.0
12.501364707946777,dn4,drive,1.2,0.28,0.31799999999999995,4291.2,4394.0,6.74,0.091,16.6,1.1734779921854301,0.17850667586416868,-1.2528215556781674,0.0,0.0,0.0,0.0,0.0
12.520670413970947,dn4,drive,1.2,0.28,0.31799999999999995,4291.2,4367.0,6.97,0.092,16.6,1.1555719622801732,0.09143471491473942,-1.1513271169354127,0.0,0.0,0.0,0.0,0.0
12.540623903274536,dn4,drive,1.2,0.28,0.31799999999999995,4291.2,4357.0,6.75,0.091,16.6,1.14497204850944,0.24427047757339793,-1.023198682846619,0.0,0.0,0.0,0.0,0.0
12.560519933700562,dn4,drive,1.2,0.28,0.31799999999999995,4291.2,4346.0,7.0,0.091,16.6,1.1287316927079731,0.3851528224437928,-1.0190568074620288,0.0,0.0,0.0,0.0,0.0
12.580381870269775,dn4,drive,1.2,0.28,0.31799999999999995,4291.2,4315.0,7.47,0.09,16.6,1.0821761747439709,-0.08047474824459844,-1.1139800718832689,0.0,0.0,0.0,0.0,0.0
12.600404024124146,dn4,drive,1.2,0.28,0.31799999999999995,4291.2,4261.0,8.23,0.089,16.6,1.070514192330514,0.05945256811154609,-1.7806599678316104,0.0,0.0,0.0,0.0,0.0
12.620394706726074,dn4,drive,1.2,0.28,0.31799999999999995,4291.2,4251.0,8.21,0.089,16.6,1.1535972283318794,0.2818161452407324,-1.6663375413907886,0.0,0.0,0.0,0.0,0.0
12.640444040298462,dn4,drive,1.2,0.28,0.31799999999999995,4291.2,4231.0,8.49,0.091,16.6,1.1678561922823272,0.10784080588536504,-1.750711112700202,0.0,0.0,0.0,0.0,0.0
12.660414695739746,dn4,drive,1.2,0.28,0.31799999999999995,4291.2,4218.0,8.48,0.092,16.6,1.1443280961578586,-0.1627986602458371,-1.1956137840011323,0.0,0.0,0.0,0.0,0.0
12.680355548858643,dn4,drive,1.2,0.28,0.31799999999999995,4291.2,4212.0,8.52,0.089,16.6,1.1608261127947905,-0.005805654988294329,-1.2772936160344273,0.0,0.0,0.0,0.0,0.0
12.700363159179688,dn4,drive,1.2,0.28,0.31799999999999995,4291.2,4243.0,8.12,0.09,16.6,1.18351371527923,0.4096486371146568,-0.7256431480197278,0.0,0.0,0.0,0.0,0.0
12.720403671264648,dn4,drive,1.2,0.28,0.31799999999999995,4291.2,4234.0,8.3,0.09,16.6,1.1143155356741834,-0.013812064998195872,-1.0326417903488831,0.0,0.0,0.0,0.0,0.0
12.74032735824585,dn4,drive,1.2,0.28,0.31799999999999995,4291.2,4200.0,8.77,0.09,16.6,1.033671023124949,-0.3804849168985669,-1.6404738436497155,0.0,0.0,0.0,0.0,0.0
12.760549306869507,dn4,drive,1.2,0.28,0.31799999999999995,4291.2,4191.0,9.1,0.09,16.6,1.001629799680906,-0.08780697426093287,-1.463136263787618,0.0,0.0,0.0,0.0,0.0
12.780522584915161,dn4,drive,1.2,0.28,0.31799999999999995,4291.2,4183.0,9.03,0.092,16.6,1.0922123638909618,0.2426702407612602,-1.710733989935079,0.0,0.0,0.0,0.0,0.0
12.80033826828003,dn4,drive,1.2,0.28,0.31799999999999995,4291.2,4172.0,9.06,0.089,16.6,1.17854212615627,-0.09009586692599658,-1.1629873425275363,0.0,0.0,0.0,0.0,0.0
12.820273876190186,dn4,drive,1.2,0.28,0.31799999999999995,4291.2,4180.0,9.07,0.091,16.6,1.1716385468205124,-0.1511968063137159,-1.0514499450211119,0.0,0.0,0.0,0.0,0.0
12.84044361114502,dn4,drive,1.2,0.28,0.31799999999999995,4291.2,4179.0,9.13,0.093,16.6,1.1288908165831053,-0.14060616441802143,-1.0943287486778885,0.0,0.0,0.0,0.0,0.0
12.860478401184082,dn4,drive,1.2,0.28,0.31799999999999995,4291.2,4200.0,8.65,0.093,16.6,1.112541737230136,0.02300325342594478,-1.1490456794706247,0.0,0.0,0.0,0.0,0.0
12.880490064620972,dn4,drive,1.2,0.28,0.31799999999999995,4291.2,4199.0,8.69,0.089,16.6,1.1125702330537999,0.08442679011040166,-1.0869704660056883,0.0,0.0,0.0,0.0,0.0
12.900688409805298,brake,stop,0.0,0.0,0.5,0.0,4189.0,9.25,0.088,16.6,1.0730553806426677,-0.020076900024064592,-1.2761729971066984,0.0,0.0,0.0,0.0,0.0
12.920483112335205,brake,stop,0.0,0.0,0.5,0.0,4164.0,8.46,0.079,16.6,1.0617408075934114,-0.32015772862770575,-1.356113209318778,0.0,0.0,0.0,0.0,0.0
12.940437078475952,brake,stop,0.0,0.0,0.5,0.0,4045.0,0.36,0.046,16.6,1.0953410455395869,1.3571266780150921,-1.1772355458781405,0.0,0.0,0.0,0.0,0.0
12.96035361289978,brake,stop,0.0,0.0,0.5,0.0,3964.0,-6.72,0.041,16.7,1.1352657584424826,1.940628539035501,-0.1907024516153193,0.0,0.0,0.0,0.0,0.0
12.98067307472229,brake,stop,0.0,0.0,0.5,0.0,3797.0,-9.5,0.032,16.7,0.6458088411770541,1.9566412859651052,2.7304893204268694,0.0,0.0,0.0,0.0,0.0
13.000508308410645,brake,stop,0.0,0.0,0.5,0.0,3587.0,-12.94,0.027,16.7,0.25750347593425627,2.748165161739564,2.923443059799979,0.0,0.0,0.0,0.0,0.0
13.020397901535034,brake,stop,0.0,0.0,0.5,0.0,3383.0,-17.06,0.019,16.7,0.03898556578923602,3.4223760524998283,2.277605784206969,0.0,0.0,0.0,0.0,0.0
13.040539741516113,brake,stop,0.0,0.0,0.5,0.0,3172.0,-20.9,0.013,16.7,0.007652390014220382,3.761813075221113,0.35295903840188814,0.0,0.0,0.0,0.0,0.0
13.060418367385864,brake,stop,0.0,0.0,0.5,0.0,2963.0,-26.82,0.0,16.7,0.052293947678093616,4.685117994678308,-0.47709576091948946,0.0,0.0,0.0,0.0,0.0
13.080629587173462,brake,stop,0.0,0.0,0.5,0.0,2780.0,-28.46,0.0,16.7,0.08357289951675037,6.085427970118303,-0.5460027152645992,0.0,0.0,0.0,0.0,0.0
13.10063362121582,brake,stop,0.0,0.0,0.5,0.0,2569.0,-25.05,0.0,16.7,0.04777559112196235,4.816757828096996,-0.1471549091847848,0.0,0.0,0.0,0.0,0.0
13.120662689208984,brake,stop,0.0,0.0,0.5,0.0,2337.0,-19.84,0.0,16.7,0.027191894221063818,3.7845961672639135,0.14083255217247448,0.0,0.0,0.0,0.0,0.0
13.140549659729004,brake,stop,0.0,0.0,0.5,0.0,2115.0,-14.58,0.0,16.7,0.03791065987782039,2.9307918407463376,0.336967049088738,0.0,0.0,0.0,0.0,0.0
13.160457611083984,brake,stop,0.0,0.0,0.5,0.0,1897.0,-11.02,0.0,16.7,0.036347284449403,2.4806155654893303,0.29388392178126566,0.0,0.0,0.0,0.0,0.0
13.18064546585083,brake,stop,0.0,0.0,0.5,0.0,1704.0,-8.22,0.0,16.7,0.022561541338121712,1.8806096452231031,0.15948604798408006,0.0,0.0,0.0,0.0,0.0
13.200350046157837,brake,stop,0.0,0.0,0.5,0.0,1516.0,-5.38,0.0,16.7,0.017225972995553618,1.4125663246933868,-0.07490130081783519,0.0,0.0,0.0,0.0,0.0
13.220409631729126,brake,stop,0.0,0.0,0.5,0.0,1346.0,-3.51,0.0,16.7,0.021534876093139352,1.062580412852462,-0.06538744200314994,0.0,0.0,0.0,0.0,0.0
13.24044394493103,brake,stop,0.0,0.0,0.5,0.0,1197.0,-2.26,0.0,16.7,0.02281740037866187,0.8714976363877796,0.08322510501594849,0.0,0.0,0.0,0.0,0.0
13.260351657867432,brake,stop,0.0,0.0,0.5,0.0,1059.0,-1.17,0.0,16.7,0.02053059388488127,0.7986408146102804,0.11173578257846906,0.0,0.0,0.0,0.0,0.0
13.28079605102539,brake,stop,0.0,0.0,0.5,0.0,950.0,-1.0,0.0,16.7,0.015196067920208587,0.8554431549546706,0.13073956316773838,0.0,0.0,0.0,0.0,0.0
13.300447463989258,brake,stop,0.0,0.0,0.5,0.0,846.0,-1.16,0.0,16.7,0.01088534326204913,0.7236346293571927,0.13606164426461476,0.0,0.0,0.0,0.0,0.0
13.320442199707031,brake,stop,0.0,0.0,0.5,0.0,741.0,-0.93,0.0,16.7,0.008707075667000118,0.7454483991837435,-0.027289066252624394,0.0,0.0,0.0,0.0,0.0
13.340391874313354,brake,stop,0.0,0.0,0.5,0.0,498.0,-0.96,0.0,16.7,0.0076822325027401306,0.694615481554294,0.04019774553014699,0.0,0.0,0.0,0.0,0.0
13.360392093658447,brake,stop,0.0,0.0,0.5,0.0,144.0,-0.79,0.0,16.6,0.00776396241988114,0.8615249903953384,0.03523506721323244,0.0,0.0,0.0,0.0,0.0
13.38051462173462,brake,stop,0.0,0.0,0.5,0.0,167.0,0.16,0.0,16.7,0.006688103596137974,0.6028806674196296,0.03045317750300569,0.0,0.0,0.0,0.0,0.0
13.400293350219727,brake,stop,0.0,0.0,0.5,0.0,100.0,0.08,0.0,16.7,0.005487567221487067,0.8998988065599747,0.131047181541863,0.0,0.0,0.0,0.0,0.0
13.420408725738525,brake,stop,0.0,0.0,0.5,0.0,134.0,0.08,0.0,16.7,0.003434758440618706,0.40756998840639014,0.10255430144274591,0.0,0.0,0.0,0.0,0.0
13.440401554107666,brake,stop,0.0,0.0,0.5,0.0,12.0,0.01,0.0,16.7,-0.001912001810423015,0.6216462470510677,0.04952255654568205,0.0,0.0,0.0,0.0,0.0
13.46046257019043,brake,stop,0.0,0.0,0.5,0.0,0.0,0.0,0.0,16.7,0.001289027183949896,0.3625524924430472,0.035057640755688624,0.0,0.0,0.0,0.0,0.0
13.480252027511597,brake,stop,0.0,0.0,0.5,0.0,0.0,0.07,0.0,16.7,0.00020483814706118484,0.27261540483763014,0.025725045633983257,0.0,0.0,0.0,0.0,0.0
13.500329494476318,brake,stop,0.0,0.0,0.5,0.0,0.0,0.03,0.0,16.7,-0.003022478737482472,0.24365246339759494,0.09752481868414442,0.0,0.0,0.0,0.0,0.0
13.52055048942566,brake,stop,0.0,0.0,0.5,0.0,0.0,0.08,0.0,16.7,-0.004056951933856077,0.10052294209309132,0.06891795442002646,0.0,0.0,0.0,0.0,0.0
13.5405433177948,brake,stop,0.0,0.0,0.5,0.0,0.0,0.05,0.0,16.7,-0.000876746960665012,0.03256814975599842,0.025603898629501742,0.0,0.0,0.0,0.0,0.0
13.560408353805542,brake,stop,0.0,0.0,0.5,0.0,0.0,0.1,0.0,16.7,-0.003016751900841501,-0.0721874982821511,0.04490892047305195,0.0,0.0,0.0,0.0,0.0
13.580396890640259,brake,stop,0.0,0.0,0.5,0.0,0.0,0.09,0.0,16.7,-0.004059814832027913,-0.16820642132823593,0.06881051182781661,0.0,0.0,0.0,0.0,0.0
13.600371837615967,brake,stop,0.0,0.0,0.5,0.0,0.0,0.06,0.0,16.7,-0.005168209994151282,-0.2265256025679534,0.01592898556179989,0.0,0.0,0.0,0.0,0.0
13.620443344116211,brake,stop,0.0,0.0,0.5,0.0,0.0,0.03,0.0,16.7,-0.0019601543116600346,-0.34007418652916854,0.09768483140182838,0.0,0.0,0.0,0.0,0.0
13.640423059463501,brake,stop,0.0,0.0,0.5,0.0,0.0,0.06,0.0,16.7,-0.005127865704379834,-0.39811251868006536,0.020917537809083342,0.0,0.0,0.0,0.0,0.0
13.660458326339722,brake,stop,0.0,0.0,0.5,0.0,0.0,0.07,0.0,16.7,-0.004047321381593808,-0.5035984862685154,0.06400530634417834,0.0,0.0,0.0,0.0,0.0
13.680457353591919,brake,stop,0.0,0.0,0.5,0.0,0.0,0.05,0.0,16.7,-0.005165346575830797,-0.5366208208038152,0.05933221139483891,0.0,0.0,0.0,0.0,0.0
13.700534105300903,brake,stop,0.0,0.0,0.5,0.0,0.0,0.04,0.0,16.7,-0.0029889015816528066,-0.5526753387820236,0.015836234099545266,0.0,0.0,0.0,0.0,0.0
13.720476388931274,brake,stop,0.0,0.0,0.5,0.0,0.0,0.0,0.0,16.7,-0.002979271029390538,-0.6698900174788562,0.08347964163320754,0.0,0.0,0.0,0.0,0.0
13.740488767623901,brake,stop,0.0,0.0,0.5,0.0,0.0,-0.24,0.0,16.7,-0.004047321381593808,-0.575668857507118,0.020845872869177384,0.0,0.0,0.0,0.0,0.0
13.76051139831543,brake,stop,0.0,0.0,0.5,0.0,0.0,0.01,0.0,16.7,-0.0019380303089636616,-0.5464811637058276,0.040108027311141825,0.0,0.0,0.0,0.0,0.0
13.78041410446167,brake,stop,0.0,0.0,0.5,0.0,0.0,0.02,0.0,16.7,-0.0008749246198683141,-0.6616588916527988,0.054430234488012985,0.0,0.0,0.0,0.0,0.0
13.800321817398071,brake,stop,0.0,0.0,0.5,0.0,0.0,0.0,0.0,16.7,-0.0019226731801347467,-0.7131659201856166,0.05470223966278098,0.0,0.0,0.0,0.0,0.0
13.820507526397705,brake,stop,0.0,0.0,0.5,0.0,0.0,0.08,0.0,16.7,-0.000876746960665012,-0.6193379854833267,0.0350885579097735,0.0,0.0,0.0,0.0,0.0
13.84052562713623,brake,stop,0.0,0.0,0.5,0.0,0.0,0.06,0.0,16.7,0.00019807085057294823,-0.5788855571555231,0.03557658116704232,0.0,0.0,0.0,0.0,0.0
13.860531091690063,brake,stop,0.0,0.0,0.5,0.0,0.0,0.08,0.0,16.7,0.0012700253735275855,-0.45581375883417863,0.016077833751619863,0.0,0.0,0.0,0.0,0.0
13.880426406860352,brake,stop,0.0,0.0,0.5,0.0,0.0,0.06,0.0,16.7,0.0023505696963136103,-0.345144782524585,0.04493037244639453,0.0,0.0,0.0,0.0,0.0
13.900594234466553,brake,stop,0.0,0.0,0.5,0.0,0.0,0.1,0.0,16.7,0.0023659268251425255,-0.25966034982898023,0.03518021301904639,0.0,0.0,0.0,0.0,0.0
13.92054295539856,brake,stop,0.0,0.0,0.5,0.0,0.0,0.11,0.0,16.7,0.0023284454335429122,-0.23526236638918618,0.09755275741262892,0.0,0.0,0.0,0.0,0.0
13.940394639968872,brake,stop,0.0,0.0,0.5,0.0,0.0,0.08,0.0,16.7,0.00019807085057294823,-0.22489642203709792,0.049832458988518624,0.0,0.0,0.0,0.0,0.0
13.960303544998169,brake,stop,0.0,0.0,0.5,0.0,0.0,0.09,0.0,16.7,0.0012603948212653164,-0.19728173894889878,0.030414001156458426,0.0,0.0,0.0,0.0,0.0
13.980485677719116,brake,stop,0.0,0.0,0.5,0.0,0.0,0.05,0.0,16.7,0.00019234440404346486,-0.2024647111249429,0.054274150368513574,0.0,0.0,0.0,0.0,0.0
14.000393390655518,brake,stop,0.0,0.0,0.5,0.0,0.0,0.07,0.0,16.7,-0.004080898537423474,-0.23881612148927545,0.09783612811330755,0.0,0.0,0.0,0.0,0.0
14.020403623580933,brake,stop,0.0,0.0,0.5,0.0,0.0,0.03,0.0,16.7,0.00021733189007890484,-0.1979558863973665,-0.0032706036700069774,0.0,0.0,0.0,0.0,0.0
14.040948629379272,brake,stop,0.0,0.0,0.5,0.0,0.0,0.09,0.0,16.7,-0.0008949671177029248,-0.2540279460206243,0.07369337564766099,0.0,0.0,0.0,0.0,0.0
14.060460090637207,brake,stop,0.0,0.0,0.5,0.0,0.0,0.08,0.0,16.7,-0.001940893467209822,-0.2591547483789043,0.049666178786289095,0.0,0.0,0.0,0.0,0.0
14.080400228500366,brake,stop,0.0,0.0,0.5,0.0,0.0,0.06,0.0,16.7,-0.0008824734071944954,-0.26952065618589316,0.06864635124135177,0.0,0.0,0.0,0.0,0.0
14.100420713424683,brake,stop,0.0,0.0,0.5,0.0,0.0,0.06,0.0,16.7,-0.0019572911534138744,-0.37315272742733185,0.06904874933074723,0.0,0.0,0.0,0.0,0.0
14.120764017105103,brake,stop,0.0,0.0,0.5,0.0,0.0,0.06,0.0,16.7,-0.001939071126413124,-0.3466054536021481,0.03501561389138885,0.0,0.0,0.0,0.0,0.0
14.140572786331177,brake,stop,0.0,0.0,0.5,0.0,0.0,0.06,0.0,16.7,-0.001935166890643176,-0.4546901797533991,0.05465549848065976,0.0,0.0,0.0,0.0,0.0
14.160619735717773,brake,stop,0.0,0.0,0.5,0.0,0.0,0.08,0.0,16.7,0.0012603948212653164,-0.41253781958231883,0.030485154464972908,0.0,0.0,0.0,0.0,0.0
14.180595397949219,brake,stop,0.0,0.0,0.5,0.0,0.0,0.1,0.0,16.7,0.00020770137032592652,-0.4169904379470317,0.025772554263191694,0.0,0.0,0.0,0.0,0.0
14.200776815414429,brake,stop,0.0,0.0,0.5,0.0,0.0,0.09,0.0,16.7,0.0012546685047729958,-0.34581892997305275,0.06872598301292498,0.0,0.0,0.0,0.0,0.0
14.220438480377197,brake,stop,0.0,0.0,0.5,0.0,0.0,0.07,0.0,16.7,-0.0008632123026699574,-0.349091799439222,0.054703664921657236,0.0,0.0,0.0,0.0,0.0
14.240387201309204,brake,stop,0.0,0.0,0.5,0.0,0.0,0.08,0.0,16.7,0.0023073619882216763,-0.22624471693403336,0.0351534620062921,0.0,0.0,0.0,0.0,0.0
14.260348558425903,brake,stop,0.0,0.0,0.5,0.0,0.0,0.07,0.0,16.7,0.00019520762730820652,-0.25926708801443255,0.030480330511853282,0.0,0.0,0.0,0.0,0.0
14.280311822891235,brake,stop,0.0,0.0,0.5,0.0,0.0,0.07,0.0,16.7,0.0012296809537189744,-0.2593232578321967,0.006517343390111563,0.0,0.0,0.0,0.0,0.0
14.300370693206787,brake,stop,0.0,0.0,0.5,0.0,0.0,0.03,0.0,16.7,0.0012421747942645664,-0.26371970637914544,0.07845794298077635,0.0,0.0,0.0,0.0,0.0
14.320345878601074,brake,stop,0.0,0.0,0.5,0.0,0.0,0.02,0.0,16.7,-0.0008949671177029248,-0.28783680418501945,0.011359788330029374,0.0,0.0,0.0,0.0,0.0
14.340437889099121,brake,stop,0.0,0.0,0.5,0.0,0.0,0.04,0.0,16.7,0.0012354074002484579,-0.30722036144716114,0.09752927718627014,0.0,0.0,0.0,0.0,0.0
14.360309600830078,brake,stop,0.0,0.0,0.5,0.0,0.0,0.06,0.0,16.7,-0.0019630177299805205,-0.3360709632516681,0.04960423484282117,0.0,0.0,0.0,0.0,0.0
14.380626916885376,brake,stop,0.0,0.0,0.5,0.0,0.0,0.08,0.0,16.7,-0.0008796102489483351,-0.34987832306831734,0.07368350847082539,0.0,0.0,0.0,0.0,0.0
14.400420904159546,brake,stop,0.0,0.0,0.5,0.0,0.0,0.07,0.0,16.7,-0.0019169468636424257,-0.3269971805238505,0.025537934725100797,0.0,0.0,0.0,0.0,0.0
14.420539617538452,IDLE,stop,0.0,0.0,0.5,0.0,0.0,0.09,0.0,16.7,0.0023380759858051808,-0.3679697552512877,0.09308881006710479,0.0,0.0,0.0,0.0,0.0
14.440441370010376,IDLE,stop,0.0,0.0,0.5,0.0,0.0,0.08,0.0,16.7,0.0012632581095486394,-0.27904387054602253,0.011179218993937923,0.0,0.0,0.0,0.0,0.0
14.46052098274231,IDLE,stop,0.0,0.0,0.5,0.0,0.0,0.06,0.0,16.7,-0.0008921039594567642,-0.3258735648979716,0.04495551547477561,0.0,0.0,0.0,0.0,0.0
14.481005430221558,IDLE,stop,0.0,0.0,0.5,0.0,0.0,0.12,0.0,16.7,-0.0008603491444237971,-0.32147711635102283,0.04486524907927958,0.0,0.0,0.0,0.0,0.0
14.50035834312439,IDLE,stop,0.0,0.0,0.5,0.0,0.0,0.03,0.0,16.6,0.0023313085917890724,-0.2502494751043791,0.0447213710229768,0.0,0.0,0.0,0.0,0.0
14.520365476608276,IDLE,stop,0.0,0.0,0.5,0.0,0.0,0.06,0.0,16.7,0.0012479011107568872,-0.34881091380530194,0.049977981574294006,0.0,0.0,0.0,0.0,0.0
14.540667295455933,IDLE,stop,0.0,0.0,0.5,0.0,0.0,0.07,0.0,16.7,-0.0008978304059862476,-0.24072622419915035,0.015968052273048983,0.0,0.0,0.0,0.0,0.0
14.560330390930176,IDLE,stop,0.0,0.0,0.5,0.0,0.0,0.06,0.0,16.7,-0.0008574859861776367,-0.34497623652619325,0.0497590033387425,0.0,0.0,0.0,0.0,0.0
14.580403089523315,IDLE,stop,0.0,0.0,0.5,0.0,0.0,0.09,0.0,16.7,0.00020770137032592652,-0.32604211089636337,0.04491688730471921,0.0,0.0,0.0,0.0,0.0
14.600317478179932,IDLE,stop,0.0,0.0,0.5,0.0,0.0,0.08,0.0,16.7,0.00020197492379644315,-0.3455380443391327,0.006520084272565896,0.0,0.0,0.0,0.0,0.0
14.620373964309692,IDLE,stop,0.0,0.0,0.5,0.0,0.0,0.05,0.0,16.7,-0.0008824734071944954,-0.30254299072119295,0.09271338226105996,0.0,0.0,0.0,0.0,0.0
14.640375137329102,IDLE,stop,0.0,0.0,0.5,0.0,0.0,0.11,0.0,16.7,-0.0008632123026699574,-0.34497623652619325,0.06412908459581601,0.0,0.0,0.0,0.0,0.0
14.660363674163818,IDLE,stop,0.0,0.0,0.5,0.0,0.0,0.05,0.0,16.7,0.00019234440404346486,-0.2834403556380707,0.054379692615555086,0.0,0.0,0.0,0.0,0.0
14.680383682250977,IDLE,stop,0.0,0.0,0.5,0.0,0.0,0.05,0.0,16.7,0.00023555206337146287,-0.3069394758132411,0.030533320905970385,0.0,0.0,0.0,0.0,0.0
14.700438022613525,IDLE,stop,0.0,0.0,0.5,0.0,0.0,0.08,0.0,16.7,0.00019234440404346486,-0.2834403556380707,0.011269485389433953,0.0,0.0,0.0,0.0,0.0
14.720378398895264,IDLE,stop,0.0,0.0,0.5,0.0,0.0,0.04,0.0,16.7,0.00018271388429048652,-0.30192501309048936,0.08327495253151795,0.0,0.0,0.0,0.0,0.0
14.740439891815186,IDLE,stop,0.0,0.0,0.5,0.0,0.0,0.06,0.0,16.7,0.00019520762730820652,-0.30705181544876936,0.01613754844402493,0.0,0.0,0.0,0.0,0.0
14.760449647903442,IDLE,stop,0.0,0.0,0.5,0.0,0.0,0.05,0.0,16.7,0.0001759465878022499,-0.3075574168988453,0.06871191314965941,0.0,0.0,0.0,0.0,0.0
14.78040337562561,IDLE,stop,0.0,0.0,0.5,0.0,0.0,0.07,0.0,16.7,0.00019234440404346486,-0.31217861780704936,0.06875068750011337,0.0,0.0,0.0,0.0,0.0
14.800400018692017,IDLE,stop,0.0,0.0,0.5,0.0,0.0,0.06,0.0,16.7,-0.001953387177718251,-0.3687562788803831,0.07374848565754277,0.0,0.0,0.0,0.0,0.0
14.820321798324585,IDLE,stop,0.0,0.0,0.5,0.0,0.0,0.09,0.0,16.7,0.00020197492379644315,-0.2602221210968203,0.039841540446381885,0.0,0.0,0.0,0.0,0.0
14.840436458587646,IDLE,stop,0.0,0.0,0.5,0.0,0.0,0.07,0.0,16.7,-0.0008603491444237971,-0.3822265467002488,0.07395492892400313,0.0,0.0,0.0,0.0,0.0
14.860492706298828,IDLE,stop,0.0,0.0,0.5,0.0,0.0,0.07,0.0,16.7,-0.0008632123026699574,-0.3218142083478064,0.016047866770119157,0.0,0.0,0.0,0.0,0.0
14.880442380905151,IDLE,stop,0.0,0.0,0.5,0.0,0.0,0.05,0.0,16.7,-0.0008699796966860659,-0.30727653126492527,0.059196227080004604,0.0,0.0,0.0,0.0,0.0
14.900498628616333,IDLE,stop,0.0,0.0,0.5,0.0,0.0,0.11,0.0,16.7,-0.0008603491444237971,-0.3352282698048086,0.04021729715832123,0.0,0.0,0.0,0.0,0.0
14.920642375946045,IDLE,stop,0.0,0.0,0.5,0.0,0.0,0.04,0.0,16.7,0.00022878478313787158,-0.26968920218428494,0.0638176838039044,0.0,0.0,0.0,0.0,0.0
14.940404891967773,IDLE,stop,0.0,0.0,0.5,0.0,0.0,0.05,0.0,16.7,0.003387906050933376,-0.3728156719756477,0.0739160083931516,0.0,0.0,0.0,0.0,0.0
14.96039867401123,IDLE,stop,0.0,0.0,0.5,0.0,0.0,0.05,0.0,16.7,0.00020770137032592652,-0.29825891835487184,0.015956979107933478,0.0,0.0,0.0,0.0,0.0
14.980380296707153,IDLE,stop,0.0,0.0,0.5,0.0,0.0,0.06,0.0,16.7,-0.0008603491444237971,-0.3167436123523899,0.05922228373587046,0.0,0.0,0.0,0.0,0.0
15.000445365905762,IDLE,stop,0.0,0.0,0.5,0.0,0.0,0.07,0.0,16.7,0.00020666050411252793,-0.321027684718711,0.0641283171487288,0.0,0.0,0.0,0.0,0.0
15.020446538925171,IDLE,stop,0.0,0.0,0.5,0.0,0.0,0.05,0.0,16.7,0.00021342781685540992,-0.32621065689475515,0.020928172433006154,0.0,0.0,0.0,0.0,0.0
15.040396451950073,IDLE,stop,0.0,0.0,0.5,0.0,0.0,0.08,0.0,16.7,0.00017985066102574486,-0.30727653126492527,0.06877626906968715,0.0,0.0,0.0,0.0,0.0
15.060405254364014,IDLE,stop,0.0,0.0,0.5,0.0,0.0,0.08,0.0,16.7,-0.0008603491444237971,-0.34029890234532445,0.04494309014098263,0.0,0.0,0.0,0.0,0.0
15.080496549606323,IDLE,stop,0.0,0.0,0.5,0.0,0.0,0.08,0.0,16.7,0.00015772639825504655,-0.3267724647076946,0.03995950802721637,0.0,0.0,0.0,0.0,0.0
15.100475549697876,IDLE,stop,0.0,0.0,0.5,0.0,0.0,0.08,0.0,16.7,0.00019234440404346486,-0.3495974008892979,0.06416785894626997,0.0,0.0,0.0,0.0,0.0
15.120479345321655,IDLE,stop,0.0,0.0,0.5,0.0,0.0,0.06,0.0,16.7,0.00019234440404346486,-0.27436653636515373,-0.003216699648405097,0.0,0.0,0.0,0.0,0.0
15.140544414520264,IDLE,stop,0.0,0.0,0.5,0.0,0.0,0.06,0.0,16.7,0.0022977314359594074,-0.3397932643501491,0.10732922931153865,0.0,0.0,0.0,0.0,0.0
15.160423755645752,IDLE,stop,0.0,0.0,0.5,0.0,0.0,0.05,0.0,16.7,-0.0008853366954778184,-0.29747239472577647,0.044877345507178035,0.0,0.0,0.0,0.0,0.0
15.180375337600708,IDLE,stop,0.0,0.0,0.5,0.0,0.0,0.08,0.0,16.7,0.00021733189007890484,-0.32621065689475515,0.03529821714498027,0.0,0.0,0.0,0.0,0.0
15.200499296188354,IDLE,stop,0.0,0.0,0.5,0.0,0.0,0.07,0.0,16.7,0.0012479011107568872,-0.26974537200204907,0.03985469668216268,0.0,0.0,0.0,0.0,0.0
15.220466136932373,IDLE,stop,0.0,0.0,0.5,0.0,0.0,0.06,0.0,16.7,0.0012661213978319625,-0.35839033452829483,0.05955835246987107,0.0,0.0,0.0,0.0,0.0
15.240556001663208,IDLE,stop,0.0,0.0,0.5,0.0,0.0,0.1,0.0,16.7,-0.001925536338380907,-0.2653489234551003,0.02060434630730157,0.0,0.0,0.0,0.0,0.0
15.260403156280518,IDLE,stop,0.0,0.0,0.5,0.0,0.0,0.08,0.0,16.7,0.00017985066102574486,-0.33962475489685673,0.05467764481089077,0.0,0.0,0.0,0.0,0.0
15.280397176742554,IDLE,stop,0.0,0.0,0.5,0.0,0.0,0.06,0.0,16.7,0.0023198556987301055,-0.3454818745213686,0.05922316081825585,0.0,0.0,0.0,0.0,0.0
15.300383567810059,IDLE,stop,0.0,0.0,0.5,0.0,0.0,0.05,0.0,16.7,0.001267162215281425,-0.28360886509136307,0.0687111457025722,0.0,0.0,0.0,0.0,0.0
15.32036304473877,IDLE,stop,0.0,0.0,0.5,0.0,0.0,0.08,0.0,16.7,0.0012325442420022975,-0.36825067743030715,0.05470424964324749,0.0,0.0,0.0,0.0,0.0
15.340440034866333,IDLE,stop,0.0,0.0,0.5,0.0,0.0,0.07,0.0,16.7,0.0012603948212653164,-0.28400212690591076,0.04467093878581707,0.0,0.0,0.0,0.0,0.0
15.360399007797241,IDLE,stop,0.0,0.0,0.5,0.0,0.0,0.04,0.0,16.7,0.00018271388429048652,-0.3587274265250784,0.045111051417784154,0.0,0.0,0.0,0.0,0.0
15.380537748336792,IDLE,stop,0.0,0.0,0.5,0.0,0.0,0.04,0.0,16.6,0.00019520762730820652,-0.3359586236161398,0.035259881335719,0.0,0.0,0.0,0.0,0.0
15.400372505187988,IDLE,stop,0.0,0.0,0.5,0.0,0.0,0.04,0.0,16.7,0.00018557710755522823,-0.2979779961758524,0.039971458274717264,0.0,0.0,0.0,0.0,0.0
15.420743942260742,IDLE,stop,0.0,0.0,0.5,0.0,0.0,0.06,0.0,16.7,0.0002105645935906682,-0.3116168099941099,0.08324948059724235,0.0,0.0,0.0,0.0,0.0
15.440621376037598,IDLE,stop,0.0,0.0,0.5,0.0,0.0,0.04,0.0,16.7,-0.0008785693014617098,-0.3022059352695088,0.025730271583196185,0.0,0.0,0.0,0.0,0.0
15.460619449615479,IDLE,stop,0.0,0.0,0.5,0.0,0.0,0.05,0.0,16.7,-0.0008949671177029248,-0.31189769562802994,0.06402504069784953,0.0,0.0,0.0,0.0,0.0
15.480365753173828,IDLE,stop,0.0,0.0,0.5,0.0,0.0,0.05,0.0,16.7,0.0002009340738376899,-0.31234712726034175,0.044761936083300924,0.0,0.0,0.0,0.0,0.0
15.500391960144043,IDLE,stop,0.0,0.0,0.5,0.0,0.0,0.05,0.0,16.7,-0.0008757061432155494,-0.307950678713393,0.04946170895519586,0.0,0.0,0.0,0.0,0.0
15.520578145980835,IDLE,stop,0.0,0.0,0.5,0.0,0.0,0.06,0.0,16.7,-0.0008757061432155494,-0.3299329579932362,0.07386316417943206,0.0,0.0,0.0,0.0,0.0
15.540398120880127,IDLE,stop,0.0,0.0,0.5,0.0,0.0,0.07,0.0,16.7,-0.0019323037323970157,-0.2982027119920083,0.020759882250310113,0.0,0.0,0.0,0.0,0.0
15.560464143753052,IDLE,stop,0.0,0.0,0.5,0.0,0.0,0.05,0.0,16.7,0.00019807085057294823,-0.3160694283588228,0.09290692510743526,0.0,0.0,0.0,0.0,0.0
15.580437660217285,IDLE,stop,0.0,0.0,0.5,0.0,0.0,0.04,0.0,16.7,0.0012786151083403919,-0.3120100718086576,0.040049153156022754,0.0,0.0,0.0,0.0,0.0
15.6004159450531,IDLE,stop,0.0,0.0,0.5,0.0,0.0,0.0,0.0,16.7,-0.0019283997567013926,-0.33556536180159213,0.03535000155081747,0.0,0.0,0.0,0.0,0.0
15.620848655700684,IDLE,stop,0.0,0.0,0.5,0.0,0.0,0.09,0.0,16.7,0.00017022014127276652,-0.27904387054602253,0.05907946548745002,0.0,0.0,0.0,0.0,0.0
15.640285968780518,IDLE,stop,0.0,0.0,0.5,0.0,0.0,0.05,0.0,16.7,0.0012518052164896727,-0.37253474979662826,0.06919036159088776,0.0,0.0,0.0,0.0,0.0
15.660373449325562,IDLE,stop,0.0,0.0,0.5,0.0,0.0,0.08,0.0,16.7,0.00015199995172556318,-0.27910007690888605,0.020746397108634795,0.0,0.0,0.0,0.0,0.0
15.6803560256958,IDLE,stop,0.0,0.0,0.5,0.0,0.0,0.09,0.0,16.7,-0.0008949671177029248,-0.3118415258102658,0.04008778132607915,0.0,0.0,0.0,0.0,0.0
15.700428247451782,IDLE,stop,0.0,0.0,0.5,0.0,0.0,0.07,0.0,16.7,-0.0008574859861776367,-0.32170183216717874,0.030443712322263394,0.0,0.0,0.0,0.0,0.0
15.72036361694336,IDLE,stop,0.0,0.0,0.5,0.0,0.0,0.03,0.0,16.7,0.00020770137032592652,-0.30254299072119295,0.08313334027137742,0.0,0.0,0.0,0.0,0.0
15.740387201309204,IDLE,stop,0.0,0.0,0.5,0.0,0.0,0.06,0.0,16.7,0.00016735691800802484,-0.34948506125376966,0.05461354470655877,0.0,0.0,0.0,0.0,0.0
15.760449886322021,IDLE,stop,0.0,0.0,0.5,0.0,0.0,0.04,0.0,16.7,0.00016735691800802484,-0.26478711564216084,0.06384330191857757,0.0,0.0,0.0,0.0,0.0
15.78040361404419,IDLE,stop,0.0,0.0,0.5,0.0,0.0,0.08,0.0,16.7,0.0023352125674846952,-0.34520095234234915,0.04012746930401789,0.0,0.0,0.0,0.0,0.0
15.800392150878906,IDLE,stop,0.0,0.0,0.5,0.0,0.0,0.09,0.0,16.7,0.00019520762730820652,-0.321027684718711,0.054548275159046256,0.0,0.0,0.0,0.0,0.0
15.820436239242554,IDLE,stop,0.0,0.0,0.5,0.0,0.0,0.1,0.0,16.7,-0.000867116408402743,-0.3126842192571253,0.025524632308922435,0.0,0.0,0.0,0.0,0.0
15.840489625930786,IDLE,stop,0.0,0.0,0.5,0.0,0.0,0.1,0.0,16.7,0.00019234440404346486,-0.34480769052780147,0.07374775475555495,0.0,0.0,0.0,0.0,0.0
15.860480070114136,IDLE,stop,0.0,0.0,0.5,0.0,0.0,0.06,0.0,16.7,0.0012882456606026608,-0.3166874059895264,0.02570501891951693,0.0,0.0,0.0,0.0,0.0
15.880556583404541,IDLE,stop,0.0,0.0,0.5,0.0,0.0,0.05,0.0,16.7,-0.0008853366954778184,-0.32621065689475515,0.07361838510371044,0.0,0.0,0.0,0.0,0.0
15.90051007270813,IDLE,stop,0.0,0.0,0.5,0.0,0.0,0.09,0.0,16.7,0.00018948118077872315,-0.34029890234532445,0.07368321611003026,0.0,0.0,0.0,0.0,0.0
15.920451164245605,IDLE,stop,0.0,0.0,0.5,0.0,0.0,0.04,0.0,16.7,-0.0008757061432155494,-0.2796618481767261,0.05414781395991852,0.0,0.0,0.0,0.0,0.0
15.940420627593994,IDLE,stop,0.0,0.0,0.5,0.0,0.0,0.06,0.0,16.7,-0.0008824734071944954,-0.3538815098007184,0.10260402105046751,0.0,0.0,0.0,0.0,0.0
15.960758209228516,IDLE,stop,0.0,0.0,0.5,0.0,0.0,0.08,0.0,16.6,-0.0019476606011516052,-0.29341300163051187,0.0015996520905474654,0.0,0.0,0.0,0.0,0.0
15.980449676513672,IDLE,stop,0.0,0.0,0.5,0.0,0.0,0.09,0.0,16.7,-0.0008824734071944954,-0.3450886127068209,0.06410332030074528,0.0,0.0,0.0,0.0,0.0
16.000471115112305,IDLE,stop,0.0,0.0,0.5,0.0,0.0,0.02,0.0,16.7,-0.0009103241164946771,-0.30722036144716114,0.05920909095499027,0.0,0.0,0.0,0.0,0.0
16.020612716674805,IDLE,stop,0.0,0.0,0.5,0.0,0.0,0.05,0.0,16.7,0.0012603948212653164,-0.349372685073142,0.021109143765190908,0.0,0.0,0.0,0.0,0.0
16.040470838546753,IDLE,stop,0.0,0.0,0.5,0.0,0.0,0.04,0.0,16.7,0.00017985066102574486,-0.269970087818205,0.03501320191482904,0.0,0.0,0.0,0.0,0.0
16.06039786338806,IDLE,stop,0.0,0.0,0.5,0.0,0.0,0.05,0.0,16.7,0.00019234440404346486,-0.3492041756198496,0.07862802387334256,0.0,0.0,0.0,0.0,0.0
16.080451726913452,IDLE,stop,0.0,0.0,0.5,0.0,0.0,0.05,0.0,16.7,0.0012575316630191562,-0.2976971105419324,0.02087576676047931,0.0,0.0,0.0,0.0,0.0
16.100388288497925,IDLE,stop,0.0,0.0,0.5,0.0,0.0,0.06,0.0,16.7,0.00019807085057294823,-0.3165750663539981,0.05926091190592686,0.0,0.0,0.0,0.0,0.0
16.120420217514038,IDLE,stop,0.0,0.0,0.5,0.0,0.0,0.07,0.0,16.7,0.0012575316630191562,-0.33094419743848746,0.011361140498706845,0.0,0.0,0.0,0.0,0.0
16.14034342765808,IDLE,stop,0.0,0.0,0.5,0.0,0.0,0.11,0.0,16.7,0.00017022014127276652,-0.29803420253871593,0.09743884633782685,0.0,0.0,0.0,0.0,0.0
16.16041326522827,IDLE,stop,0.0,0.0,0.5,0.0,0.0,0.05,0.0,16.7,-0.0008449921456320446,-0.34942889143600553,0.059416411303836014,0.0,0.0,0.0,0.0,0.0
16.18041205406189,IDLE,stop,0.0,0.0,0.5,0.0,0.0,0.04,0.0,16.7,0.00019234440404346486,-0.3026553669018206,0.0495774107398681,0.0,0.0,0.0,0.0,0.0
16.200446128845215,IDLE,stop,0.0,0.0,0.5,0.0,0.0,0.07,0.0,16.7,0.00019234440404346486,-0.3124595034409694,0.04952621105562116,0.0,0.0,0.0,0.0,0.0
16.22035312652588,IDLE,stop,0.0,0.0,0.5,0.0,0.0,0.04,0.0,16.7,-0.003003217632957934,-0.34452680489388143,0.08339215266526523,0.0,0.0,0.0,0.0,0.0
16.240301609039307,IDLE,stop,0.0,0.0,0.5,0.0,0.0,0.02,0.0,16.7,0.0023380759858051808,-0.29809037235648006,0.0112056045556983,0.0,0.0,0.0,0.0,0.0
16.26025152206421,IDLE,stop,0.0,0.0,0.5,0.0,0.0,0.02,0.0,16.7,0.0012603948212653164,-0.33071948162233156,0.09284300772860021,0.0,0.0,0.0,0.0,0.0
16.28170943260193,IDLE,stop,0.0,0.0,0.5,0.0,0.0,0.04,0.0,16.7,0.0023198556987301055,-0.31679978217015403,0.04004929933642032,0.0,0.0,0.0,0.0,0.0
16.30047583580017,IDLE,stop,0.0,0.0,0.5,0.0,0.0,0.07,0.0,16.7,-0.001935166890643176,-0.28867949763187895,0.07343697523033299,0.0,0.0,0.0,0.0,0.0
16.32044553756714,IDLE,stop,0.0,0.0,0.5,0.0,0.0,0.04,0.0,16.7,0.00018271388429048652,-0.36841918688359954,0.05945566074058206,0.0,0.0,0.0,0.0,0.0
16.340388536453247,IDLE,stop,0.0,0.0,0.5,0.0,0.0,0.05,0.0,16.7,-0.0008517595396481532,-0.24619008200911452,0.02060372504061192,0.0,0.0,0.0,0.0,0.0
16.360496520996094,IDLE,stop,0.0,0.0,0.5,0.0,0.0,0.05,0.0,16.7,-0.0008824734071944954,-0.3350597603515162,0.09294613799908191,0.0,0.0,0.0,0.0,0.0
16.381563663482666,IDLE,stop,0.0,0.0,0.5,0.0,0.0,0.05,0.0,16.7,-0.0008574859861776367,-0.2930197763610636,0.01605981701762005,0.0,0.0,0.0,0.0,0.0
16.400574922561646,IDLE,stop,0.0,0.0,0.5,0.0,0.0,0.04,0.0,16.7,-0.0008853366954778184,-0.31679978217015403,0.044839338603811285,0.0,0.0,0.0,0.0,0.0
16.420427322387695,IDLE,stop,0.0,0.0,0.5,0.0,0.0,0.05,0.0,16.7,-0.0008853366954778184,-0.28332797945744304,0.054405456910625816,0.0,0.0,0.0,0.0,0.0
16.440412282943726,IDLE,stop,0.0,0.0,0.5,0.0,0.0,0.06,0.0,16.7,0.0023198556987301055,-0.3492041756198496,0.045097895182003356,0.0,0.0,0.0,0.0,0.0
16.460591793060303,IDLE,stop,0.0,0.0,0.5,0.0,0.0,0.04,0.0,16.7,-0.0008421289873858844,-0.2985398039887919,0.06379286968141784,0.0,0.0,0.0,0.0,0.0
16.480491876602173,IDLE,stop,0.0,0.0,0.5,0.0,0.0,0.07,0.0,16.7,-0.0008978304059862476,-0.35951391360907436,0.0640908949669523,0.0,0.0,0.0,0.0,0.0
16.500341415405273,IDLE,stop,0.0,0.0,0.5,0.0,0.0,0.05,0.0,16.7,-0.0008824734071944954,-0.3169121218056823,0.04002357158644898,0.0,0.0,0.0,0.0,0.0
16.520326375961304,IDLE,stop,0.0,0.0,0.5,0.0,0.0,0.06,0.0,16.7,0.00018557710755522823,-0.3211962307171028,0.09282981494772002,0.0,0.0,0.0,0.0,0.0
16.540385246276855,IDLE,stop,0.0,0.0,0.5,0.0,0.0,0.07,0.0,16.7,0.00019520762730820652,-0.34536949834074093,0.030508799144278953,0.0,0.0,0.0,0.0,0.0
16.56050419807434,IDLE,stop,0.0,0.0,0.5,0.0,0.0,0.08,0.0,16.7,0.0012632581095486394,-0.3075012470810812,0.08788486100401016,0.0,0.0,0.0,0.0,0.0
16.580397605895996,IDLE,stop,0.0,0.0,0.5,0.0,0.0,0.07,0.0,16.7,-0.0008574859861776367,-0.34987832306831734,0.02578329852241268,0.0,0.0,0.0,0.0,0.0
16.600421905517578,IDLE,stop,0.0,0.0,0.5,0.0,0.0,0.06,0.0,16.7,0.0012882456606026608,-0.3360709632516681,0.06397431609989468,0.0,0.0,0.0,0.0,0.0
16.62041401863098,IDLE,stop,0.0,0.0,0.5,0.0,0.0,0.07,0.0,16.7,0.00019520762730820652,-0.29831508817263597,0.02552415722263035,0.0,0.0,0.0,0.0,0.0
16.640549898147583,IDLE,stop,0.0,0.0,0.5,0.0,0.0,0.05,0.0,16.7,0.0012325442420022975,-0.35867125670731426,0.08344411979659938,0.0,0.0,0.0,0.0,0.0
16.660409212112427,IDLE,stop,0.0,0.0,0.5,0.0,0.0,0.06,0.0,16.7,0.00018557710755522823,-0.2934692079933754,0.015956832927535913,0.0,0.0,0.0,0.0,0.0
16.680476188659668,IDLE,stop,0.0,0.0,0.5,0.0,0.0,0.08,0.0,16.7,0.0023380759858051808,-0.3401865261646968,0.06891894113771002,0.0,0.0,0.0,0.0,0.0
16.701271057128906,IDLE,stop,0.0,0.0,0.5,0.0,0.0,0.05,0.0,16.7,0.0001730833645375082,-0.3408045037954004,0.05440728416559537,0.0,0.0,0.0,0.0,0.0
16.720413208007812,IDLE,stop,0.0,0.0,0.5,0.0,0.0,0.08,0.0,16.7,0.00018271388429048652,-0.2696330323665208,0.059040544956598495,0.0,0.0,0.0,0.0,0.0
16.740469694137573,IDLE,stop,0.0,0.0,0.5,0.0,0.0,0.03,0.0,16.7,0.0012825190840360147,-0.38228271651801293,0.09310214902838254,0.0,0.0,0.0,0.0,0.0
16.760596990585327,IDLE,stop,0.0,0.0,0.5,0.0,0.0,0.06,0.0,16.7,0.00019520762730820652,-0.2744789125457814,0.015917620035889257,0.0,0.0,0.0,0.0,0.0
16.78029751777649,IDLE,stop,0.0,0.0,0.5,0.0,0.0,0.06,0.0,16.7,-0.0019476606011516052,-0.35433094143303023,0.0641808690016532,0.0,0.0,0.0,0.0,0.0
16.80052161216736,IDLE,stop,0.0,0.0,0.5,0.0,0.0,0.05,0.0,16.7,0.0001730833645375082,-0.31189769562802994,0.049654959440776025,0.0,0.0,0.0,0.0,0.0
16.820802211761475,IDLE,stop,0.0,0.0,0.5,0.0,0.0,0.04,0.0,16.6,0.00021733189007890484,-0.3356777379822198,0.02095419254377262,0.0,0.0,0.0,0.0,0.0
16.84049153327942,IDLE,stop,0.0,0.0,0.5,0.0,0.0,0.05,0.0,16.6,0.0012700253735275855,-0.2977532803596965,0.05439303157683284,0.0,0.0,0.0,0.0,0.0
16.860246658325195,IDLE,stop,0.0,0.0,0.5,0.0,0.0,0.06,0.0,16.6,0.0023438023022975016,-0.34942889143600553,0.04983636931415347,0.0,0.0,0.0,0.0,0.0
16.881722688674927,IDLE,stop,0.0,0.0,0.5,0.0,0.0,0.05,0.0,16.7,-0.0019169468636424257,-0.2881738596367036,0.04481269722635517,0.0,0.0,0.0,0.0,0.0
16.900330781936646,IDLE,stop,0.0,0.0,0.5,0.0,0.0,0.04,0.0,16.7,0.001267162215281425,-0.3403550721630886,0.02577010574153249,0.0,0.0,0.0,0.0,0.0
16.92041826248169,IDLE,stop,0.0,0.0,0.5,0.0,0.0,0.05,0.0,16.7,0.0012632581095486394,-0.3080068485311571,0.02549872183345414,0.0,0.0,0.0,0.0,0.0
16.940449953079224,IDLE,stop,0.0,0.0,0.5,0.0,0.0,0.07,0.0,16.7,0.0012661213978319625,-0.3260983172592269,0.09759425437298752,0.0,0.0,0.0,0.0,0.0
16.960625886917114,IDLE,stop,0.0,0.0,0.5,0.0,0.0,0.04,0.0,16.7,0.0012479011107568872,-0.316518896536234,0.025743610544473938,0.0,0.0,0.0,0.0,0.0
16.98027992248535,IDLE,stop,0.0,0.0,0.5,0.0,0.0,0.06,0.0,16.7,-0.0019697848639223035,-0.30276770653734886,0.06871173042416245,0.0,0.0,0.0,0.0,0.0
17.000398874282837,IDLE,stop,0.0,0.0,0.5,0.0,0.0,0.08,0.0,16.7,0.00125076439904021,-0.3024306510856647,0.04962890278491017,0.0,0.0,0.0,0.0,0.0
17.02042269706726,IDLE,stop,0.0,0.0,0.5,0.0,0.0,0.06,0.0,16.7,0.0012853823723193377,-0.3546680334298138,0.09284373863058804,0.0,0.0,0.0,0.0,0.0
17.04042911529541,IDLE,stop,0.0,0.0,0.5,0.0,0.0,0.06,0.0,16.7,-0.0008642532501565827,-0.2838897872703825,-0.007993582680015265,0.0,0.0,0.0,0.0,0.0
17.060407161712646,IDLE,stop,0.0,0.0,0.5,0.0,0.0,0.05,0.0,16.7,-0.0008949671177029248,-0.3732651036079595,0.11213319226179763,0.0,0.0,0.0,0.0,0.0
17.080305337905884,IDLE,stop,0.0,0.0,0.5,0.0,0.0,0.07,0.0,16.7,0.00019234440404346486,-0.3124595034409694,0.035156166343647044,0.0,0.0,0.0,0.0,0.0
17.10039496421814,IDLE,stop,0.0,0.0,0.5,0.0,0.0,0.07,0.0,16.7,-0.0008853366954778184,-0.3118415258102658,0.0640379045728352,0.0,0.0,0.0,0.0,0.0
17.120448350906372,IDLE,stop,0.0,0.0,0.5,0.0,0.0,0.05,0.0,16.7,-0.003003217632957934,-0.3450886127068209,0.04015319705398923,0.0,0.0,0.0,0.0,0.0
17.14029550552368,IDLE,stop,0.0,0.0,0.5,0.0,0.0,0.08,0.0,16.7,0.0012757519500942313,-0.2653489234551003,0.04455446955405762,0.0,0.0,0.0,0.0,0.0
17.16080403327942,IDLE,stop,0.0,0.0,0.5,0.0,0.0,0.06,0.0,16.7,-0.0019226731801347467,-0.35354445434903425,0.09789123812318934,0.0,0.0,0.0,0.0,0.0
17.18035364151001,IDLE,stop,0.0,0.0,0.5,0.0,0.0,0.04,0.0,16.7,0.00020483814706118484,-0.29831508817263597,0.030314196490021317,0.0,0.0,0.0,0.0,0.0
17.200371503829956,IDLE,stop,0.0,0.0,0.5,0.0,0.0,0.05,0.0,16.7,0.00019234440404346486,-0.33071948162233156,0.05931284249216162,0.0,0.0,0.0,0.0,0.0
17.22041130065918,IDLE,stop,0.0,0.0,0.5,0.0,0.0,0.06,0.0,16.7,0.0012825190840360147,-0.33556536180159213,0.06409016406496448,0.0,0.0,0.0,0.0,0.0
17.240604162216187,IDLE,stop,0.0,0.0,0.5,0.0,0.0,0.05,0.0,16.7,0.0012354074002484579,-0.3308318212578598,0.011386904793777575,0.0,0.0,0.0,0.0,0.0
17.26049041748047,IDLE,stop,0.0,0.0,0.5,0.0,0.0,0.06,0.0,16.7,-0.0019572911534138744,-0.28360886509136307,0.04955106172320711,0.0,0.0,0.0,0.0,0.0
17.280569553375244,IDLE,stop,0.0,0.0,0.5,0.0,0.0,0.06,0.0,16.7,-0.0008632123026699574,-0.33539681580320035,0.059338752967629915,0.0,0.0,0.0,0.0,0.0
17.300596237182617,IDLE,stop,0.0,0.0,0.5,0.0,0.0,0.03,0.0,16.7,0.00019520762730820652,-0.2975847709064041,0.04964162047949827,0.0,0.0,0.0,0.0,0.0
17.320576190948486,IDLE,stop,0.0,0.0,0.5,0.0,0.0,0.03,0.0,16.7,0.00018271388429048652,-0.33984947071301264,0.05462611622074931,0.0,0.0,0.0,0.0,0.0
17.340324878692627,IDLE,stop,0.0,0.0,0.5,0.0,0.0,0.04,0.0,16.7,0.0023352125674846952,-0.30766979307947295,0.02078593890617597,0.0,0.0,0.0,0.0,0.0
17.360467672348022,IDLE,stop,0.0,0.0,0.5,0.0,0.0,0.05,0.0,16.7,0.0023255820152224267,-0.3401865261646968,0.07849898312739256,0.0,0.0,0.0,0.0,0.0
17.380457401275635,IDLE,stop,0.0,0.0,0.5,0.0,0.0,0.07,0.0,16.7,-0.0029907236623751793,-0.32153332271388635,0.03527230666951198,0.0,0.0,0.0,0.0,0.0
17.400298833847046,IDLE,stop,0.0,0.0,0.5,0.0,0.0,0.06,0.0,16.7,-0.0008853366954778184,-0.31685595198791816,0.059196555985899124,0.0,0.0,0.0,0.0,0.0
17.42052388191223,IDLE,stop,0.0,0.0,0.5,0.0,0.0,0.08,0.0,16.7,0.00020483814706118484,-0.3077821327150012,0.04950030058015287,0.0,0.0,0.0,0.0,0.0
17.440651178359985,IDLE,stop,0.0,0.0,0.5,0.0,0.0,0.06,0.0,16.7,-0.0008796102489483351,-0.3346664985369685,0.0738761742348153,0.0,0.0,0.0,0.0,0.0
17.460641622543335,IDLE,stop,0.0,0.0,0.5,0.0,0.0,0.08,0.0,16.7,-0.0008824734071944954,-0.289241268899719,0.03498802234134857,0.0,0.0,0.0,0.0,0.0
17.480353832244873,IDLE,stop,0.0,0.0,0.5,0.0,0.0,0.06,0.0,16.7,-0.0019630177299805205,-0.35416239543463846,0.07379953916139215,0.0,0.0,0.0,0.0,0.0
17.500455141067505,IDLE,stop,0.0,0.0,0.5,0.0,0.0,0.05,0.0,16.7,-0.0008978304059862476,-0.31623797435721457,0.04496808698896615,0.0,0.0,0.0,0.0,0.0
17.52078914642334,IDLE,stop,0.0,0.0,0.5,0.0,0.0,0.08,0.0,16.7,0.00019520762730820652,-0.3077259628972371,0.054303240267628894,0.0,0.0,0.0,0.0,0.0
17.54044508934021,IDLE,stop,0.0,0.0,0.5,0.0,0.0,0.11,0.0,16.7,-0.0008449921456320446,-0.3777177219726724,0.049940303576821776,0.0,0.0,0.0,0.0,0.0
17.56034803390503,IDLE,stop,0.0,0.0,0.5,0.0,0.0,0.08,0.0,16.7,0.0012757519500942313,-0.27481596799746555,0.07811065490126268,0.0,0.0,0.0,0.0,0.0
17.580512285232544,IDLE,stop,0.0,0.0,0.5,0.0,0.0,0.05,0.0,16.7,-0.0008728428549322264,-0.3589521423412343,0.03068951466076797,0.0,0.0,0.0,0.0,0.0
17.600295066833496,IDLE,stop,0.0,0.0,0.5,0.0,0.0,0.04,0.0,16.7,-0.0008824734071944954,-0.32598594107859924,0.02097966447804822,0.0,0.0,0.0,0.0,0.0
17.620441675186157,IDLE,stop,0.0,0.0,0.5,0.0,0.0,0.07,0.0,16.7,-0.0008728428549322264,-0.3220389241639623,0.03515645870444217,0.0,0.0,0.0,0.0,0.0
17.640393257141113,IDLE,stop,0.0,0.0,0.5,0.0,0.0,0.06,0.0,16.7,0.0012325442420022975,-0.33088802762072334,0.06885425631178776,0.0,0.0,0.0,0.0,0.0
17.660320520401,IDLE,stop,0.0,0.0,0.5,0.0,0.0,0.05,0.0,16.7,-0.0008507185921615281,-0.3357339077999839,0.040101412648152035,0.0,0.0,0.0,0.0,0.0
17.68049120903015,IDLE,stop,0.0,0.0,0.5,0.0,0.0,0.04,0.0,16.7,-0.0008603491444237971,-0.30214976545174466,0.0832234239413765,0.0,0.0,0.0,0.0,0.0
17.700401067733765,IDLE,stop,0.0,0.0,0.5,0.0,0.0,0.06,0.0,16.7,0.0023091843290183743,-0.3265477488915387,0.025640918815184932,0.0,0.0,0.0,0.0,0.0
17.720346450805664,IDLE,stop,0.0,0.0,0.5,0.0,0.0,0.05,0.0,16.7,0.00020197492379644315,-0.2984274278081642,0.030288432194950587,0.0,0.0,0.0,0.0,0.0
17.740432739257812,IDLE,stop,0.0,0.0,0.5,0.0,0.0,0.07,0.0,16.7,0.00021733189007890484,-0.3205782530863992,0.10734150846493407,0.0,0.0,0.0,0.0,0.0
17.76060652732849,IDLE,stop,0.0,0.0,0.5,0.0,0.0,0.09,0.0,16.7,-0.0008535818804448511,-0.30299242235350476,0.011179986441025136,0.0,0.0,0.0,0.0,0.0
17.780396699905396,IDLE,stop,0.0,0.0,0.5,0.0,0.0,0.04,0.0,16.7,0.00018557710755522823,-0.32175803853004226,0.08312106111798201,0.0,0.0,0.0,0.0,0.0
17.800360679626465,IDLE,stop,0.0,0.0,0.5,0.0,0.0,0.04,0.0,16.7,0.00019520762730820652,-0.3167436123523899,0.04964220520108853,0.0,0.0,0.0,0.0,0.0
17.820451021194458,IDLE,stop,0.0,0.0,0.5,0.0,0.0,0.05,0.0,16.7,0.0001884403308199699,-0.3450324063439574,0.04974613946375683,0.0,0.0,0.0,0.0,0.0
17.840409517288208,IDLE,stop,0.0,0.0,0.5,0.0,0.0,0.07,0.0,16.7,0.0012978762128649296,-0.2838897872703825,0.0303265852787149,0.0,0.0,0.0,0.0,0.0
17.860402584075928,IDLE,stop,0.0,0.0,0.5,0.0,0.0,0.07,0.0,16.7,0.0012421747942645664,-0.38228271651801293,0.07873206777130903,0.0,0.0,0.0,0.0,0.0
17.880403995513916,IDLE,stop,0.0,0.0,0.5,0.0,0.0,0.07,0.0,16.7,0.00019807085057294823,-0.2793809625428061,0.006311996476632942,0.0,0.0,0.0,0.0,0.0
17.900453805923462,IDLE,stop,0.0,0.0,0.5,0.0,0.0,0.05,0.0,16.7,0.00019520762730820652,-0.3122347876248135,0.03520765838868911,0.0,0.0,0.0,0.0,0.0
17.92037296295166,IDLE,stop,0.0,0.0,0.5,0.0,0.0,0.04,0.0,16.7,-0.0008853366954778184,-0.3403550721630886,0.040140186998606,0.0,0.0,0.0,0.0,0.0
17.940406560897827,IDLE,stop,0.0,0.0,0.5,0.0,0.0,0.05,0.0,16.7,-0.0008853366954778184,-0.3263792028931469,0.07357979347875343,0.0,0.0,0.0,0.0,0.0
17.96042561531067,IDLE,stop,0.0,0.0,0.5,0.0,0.0,0.05,0.0,16.7,-0.0008603491444237971,-0.3730965576095677,0.059481571216050355,0.0,0.0,0.0,0.0,0.0
17.980313062667847,IDLE,stop,0.0,0.0,0.5,0.0,0.0,0.07,0.0,16.7,0.0012757519500942313,-0.31240333362320527,0.03995903294092429,0.0,0.0,0.0,0.0,0.0
18.00045609474182,IDLE,stop,0.0,0.0,0.5,0.0,0.0,0.07,0.0,16.7,0.00022019511334364655,-0.34029890234532445,0.04015305087359167,0.0,0.0,0.0,0.0,0.0
18.020460844039917,IDLE,stop,0.0,0.0,0.5,0.0,0.0,0.06,0.0,16.7,0.00019520762730820652,-0.34970977706992556,0.07372213664088179,0.0,0.0,0.0,0.0,0.0
18.04049515724182,IDLE,stop,0.0,0.0,0.5,0.0,0.0,0.07,0.0,16.7,-0.0008603491444237971,-0.31251567325873353,-0.0175469467471423,0.0,0.0,0.0,0.0,0.0
18.06033158302307,IDLE,stop,0.0,0.0,0.5,0.0,0.0,0.06,0.0,16.7,0.00017022014127276652,-0.3353406459854362,0.08330174008937163,0.0,0.0,0.0,0.0,0.0
18.080453395843506,IDLE,stop,0.0,0.0,0.5,0.0,0.0,0.06,0.0,16.7,-0.0008728428549322264,-0.3211962307171028,0.04013960227701574,0.0,0.0,0.0,0.0,0.0
18.10036849975586,IDLE,stop,0.0,0.0,0.5,0.0,0.0,0.06,0.0,16.7,0.0012603948212653164,-0.32598594107859924,0.05929983243677839,0.0,0.0,0.0,0.0,0.0
18.120532751083374,IDLE,stop,0.0,0.0,0.5,0.0,0.0,0.06,0.0,16.7,0.00023268885636136652,-0.32598594107859924,0.04492975117970488,0.0,0.0,0.0,0.0,0.0
18.14031434059143,IDLE,stop,0.0,0.0,0.5,0.0,0.0,0.07,0.0,16.7,-0.0008517595396481532,-0.28462010453661435,0.015789200556628913,0.0,0.0,0.0,0.0,0.0
18.160350561141968,IDLE,stop,0.0,0.0,0.5,0.0,0.0,0.08,0.0,16.7,-0.0019226731801347467,-0.36825067743030715,0.08344441215739451,0.0,0.0,0.0,0.0,0.0
18.180346965789795,IDLE,stop,0.0,0.0,0.5,0.0,0.0,0.06,0.0,16.7,0.00017698743776100315,-0.30766979307947295,0.025575978173566938,0.0,0.0,0.0,0.0,0.0
18.200393438339233,IDLE,stop,0.0,0.0,0.5,0.0,0.0,0.06,0.0,16.7,-0.0008699796966860659,-0.32621065689475515,0.06882838238141886,0.0,0.0,0.0,0.0,0.0
18.22040581703186,IDLE,stop,0.0,0.0,0.5,0.0,0.0,0.05,0.0,16.7,0.0022977314359594074,-0.3024868209034288,0.063986120166998,0.0,0.0,0.0,0.0,0.0
18.240408420562744,IDLE,stop,0.0,0.0,0.5,0.0,0.0,0.08,0.0,16.7,0.00020197492379644315,-0.34942889143600553,0.07378649256090952,0.0,0.0,0.0,0.0,0.0
18.260361671447754,IDLE,stop,0.0,0.0,0.5,0.0,0.0,0.06,0.0,16.7,-0.0008603491444237971,-0.28935364508034667,0.03496229459137723,0.0,0.0,0.0,0.0,0.0
18.28041648864746,IDLE,stop,0.0,0.0,0.5,0.0,0.0,0.03,0.0,16.7,-0.0008632123026699574,-0.36808213143191537,0.05953291708069486,0.0,0.0,0.0,0.0,0.0
18.300545692443848,IDLE,stop,0.0,0.0,0.5,0.0,0.0,0.08,0.0,16.7,-0.0008603491444237971,-0.31217861780704936,0.040010524985966356,0.0,0.0,0.0,0.0,0.0
18.320564031600952,IDLE,stop,0.0,0.0,0.5,0.0,0.0,0.04,0.0,16.7,0.00019234440404346486,-0.3068832694503776,0.04491630258312895,0.0,0.0,0.0,0.0,0.0
18.340502500534058,IDLE,stop,0.0,0.0,0.5,0.0,0.0,0.06,0.0,16.7,0.00018557710755522823,-0.35483657942820557,0.025744816532753845,0.0,0.0,0.0,0.0,0.0
18.360523223876953,IDLE,stop,0.0,0.0,0.5,0.0,0.0,0.07,0.0,16.7,0.0012546685047729958,-0.3028800827179765,0.07826604466387366,0.0,0.0,0.0,0.0,0.0
18.38062071800232,IDLE,stop,0.0,0.0,0.5,0.0,0.0,0.06,0.0,16.7,-0.0008699796966860659,-0.36374185270273074,0.05942978681021316,0.0,0.0,0.0,0.0,0.0
18.40053367614746,IDLE,stop,0.0,0.0,0.5,0.0,0.0,0.05,0.0,16.7,-0.0019437566254559822,-0.30299242235350476,0.025550031152999253,0.0,0.0,0.0,0.0,0.0
18.420536518096924,IDLE,stop,0.0,0.0,0.5,0.0,0.0,0.08,0.0,16.7,0.0012642990570352647,-0.3363518854306875,0.0399598003880115,0.0,0.0,0.0,0.0,0.0
18.44048023223877,IDLE,stop,0.0,0.0,0.5,0.0,0.0,0.03,0.0,16.7,0.00020197492379644315,-0.3591768581573902,0.07853819601903922,0.0,0.0,0.0,0.0,0.0
18.460453033447266,IDLE,stop,0.0,0.0,0.5,0.0,0.0,0.05,0.0,16.7,-0.0008757061432155494,-0.3032733445325242,0.015905633243288975,0.0,0.0,0.0,0.0,0.0
18.480337619781494,IDLE,stop,0.0,0.0,0.5,0.0,0.0,0.01,0.0,16.7,0.0012421747942645664,-0.31618180453945044,0.07372107683299944,0.0,0.0,0.0,0.0,0.0
18.50032138824463,IDLE,stop,0.0,0.0,0.5,0.0,0.0,0.08,0.0,16.7,0.0012757519500942313,-0.34074833397763626,0.03526006406121596,0.0,0.0,0.0,0.0,0.0
18.520554304122925,IDLE,stop,0.0,0.0,0.5,0.0,0.0,0.05,0.0,16.7,0.0012479011107568872,-0.3218703781655705,0.06872521556583777,0.0,0.0,0.0,0.0,0.0
18.540799140930176,IDLE,stop,0.0,0.0,0.5,0.0,0.0,0.06,0.0,16.7,0.0012757519500942313,-0.37337744324348776,0.07378726000799674,0.0,0.0,0.0,0.0,0.0
18.560294151306152,IDLE,stop,0.0,0.0,0.5,0.0,0.0,0.06,0.0,16.7,0.00022019511334364655,-0.27926858636217844,0.011127726948895855,0.0,0.0,0.0,0.0,0.0
18.580405712127686,IDLE,stop,0.0,0.0,0.5,0.0,0.0,0.07,0.0,16.7,0.0012296809537189744,-0.3730965576095677,0.08343165791770701,0.0,0.0,0.0,0.0,0.0
18.600284099578857,ARM,stop,0.0,0.0,0.5,0.0,0.0,0.02,0.0,16.7,0.00018948118077872315,-0.31685595198791816,0.04961647745111719,0.0,0.0,0.0,0.0,0.0
18.62059497833252,ARM,stop,0.0,0.0,0.5,0.0,0.0,0.05,0.0,16.7,-0.0008421289873858844,-0.35032775470062916,0.05442044040137617,0.0,0.0,0.0,0.0,0.0
18.640668392181396,ARM,stop,0.0,0.0,0.5,0.0,0.0,0.04,0.0,16.7,0.0002009340738376899,-0.3026553669018206,0.054367450007259066,0.0,0.0,0.0,0.0,0.0
18.66053080558777,ARM,stop,0.0,0.0,0.5,0.0,0.0,0.04,0.0,16.7,0.0012853823723193377,-0.3540500557991102,0.04508514094231586,0.0,0.0,0.0,0.0,0.0
18.680365324020386,ARM,stop,0.0,0.0,0.5,0.0,0.0,0.04,0.0,16.7,-0.0019226731801347467,-0.28445155853822257,0.01582779218158592,0.0,0.0,0.0,0.0,0.0
18.70042848587036,ARM,stop,0.0,0.0,0.5,0.0,0.0,0.01,0.0,16.7,0.00019520762730820652,-0.35912068833962607,0.06418101518205077,0.0,0.0,0.0,0.0,0.0
18.720816612243652,ARM,stop,0.0,0.0,0.5,0.0,0.0,0.05,0.0,16.7,-0.0008785693014617098,-0.34097304979379217,0.04478861400585643,0.0,0.0,0.0,0.0,0.0
18.741334676742554,ARM,stop,0.0,0.0,0.5,0.0,0.0,0.02,0.0,16.7,-0.0008757061432155494,-0.32598594107859924,0.06887987442646093,0.0,0.0,0.0,0.0,0.0
18.760587453842163,ARM,stop,0.0,0.0,0.5,0.0,0.0,0.09,0.0,16.7,-0.0008728428549322264,-0.3401865261646968,0.030598773178979854,0.0,0.0,0.0,0.0,0.0
18.780444383621216,ARM,stop,0.0,0.0,0.5,0.0,0.0,0.05,0.0,16.7,0.00019807085057294823,-0.29825891835487184,0.05906718633405461,0.0,0.0,0.0,0.0,0.0
18.80045485496521,ARM,stop,0.0,0.0,0.5,0.0,0.0,0.05,0.0,16.7,0.00017022014127276652,-0.33562153161935626,0.07844734490195293,0.0,0.0,0.0,0.0,0.0
18.82063055038452,ARM,stop,0.0,0.0,0.5,0.0,0.0,0.06,0.0,16.7,-0.0008728428549322264,-0.3359024537983757,0.04964282646777818,0.0,0.0,0.0,0.0,0.0
18.84047842025757,ARM,stop,0.0,0.0,0.5,0.0,0.0,0.04,0.0,16.7,-0.0008728428549322264,-0.2983712579904001,0.05904145858408327,0.0,0.0,0.0,0.0,0.0
18.860456705093384,ARM,stop,0.0,0.0,0.5,0.0,0.0,0.03,0.0,16.7,-0.003028205053974793,-0.3636856828849666,0.08818277665424645,0.0,0.0,0.0,0.0,0.0
18.8804190158844,ARM,stop,0.0,0.0,0.5,0.0,0.0,0.04,0.0,16.7,-0.0008728428549322264,-0.3026553669018206,0.006467203513746966,0.0,0.0,0.0,0.0,0.0
18.900437593460083,ARM,stop,0.0,0.0,0.5,0.0,0.0,0.05,0.0,16.7,0.00019234440404346486,-0.3214209465332587,0.08319828091299541,0.0,0.0,0.0,0.0,0.0
18.92049503326416,ARM,stop,0.0,0.0,0.5,0.0,0.0,0.02,0.0,16.7,0.0001866179575139815,-0.3169121218056823,0.059183692110913455,0.0,0.0,0.0,0.0,0.0
18.94040322303772,ARM,stop,0.0,0.0,0.5,0.0,0.0,0.06,0.0,16.7,0.0002105645935906682,-0.30293625253574064,0.05430309408723133,0.0,0.0,0.0,0.0,0.0
18.960419178009033,ARM,stop,0.0,0.0,0.5,0.0,0.0,0.04,0.0,16.7,-0.0008757061432155494,-0.3632924210704189,0.07390281561227141,0.0,0.0,0.0,0.0,0.0
18.980401515960693,ARM,stop,0.0,0.0,0.5,0.0,0.0,0.06,0.0,16.7,0.0002230583366083882,-0.289241268899719,0.02061797762937445,0.0,0.0,0.0,0.0,0.0
19.00043249130249,ARM,stop,0.0,0.0,0.5,0.0,0.0,0.04,0.0,16.7,-0.0008699796966860659,-0.3497659468876897,0.05933919150882261,0.0,0.0,0.0,0.0,0.0
19.020458459854126,ARM,stop,0.0,0.0,0.5,0.0,0.0,0.1,0.0,16.7,0.0012757519500942313,-0.30722036144716114,0.04962904896530773,0.0,0.0,0.0,0.0,0.0
19.04043412208557,ARM,stop,0.0,0.0,0.5,0.0,0.0,0.05,0.0,16.7,0.001267162215281425,-0.35951391360907436,0.01140064575114863,0.0,0.0,0.0,0.0,0.0
19.060428857803345,ARM,stop,0.0,0.0,0.5,0.0,0.0,0.03,0.0,16.7,0.0012421747942645664,-0.3077821327150012,0.10219056806850624,0.0,0.0,0.0,0.0,0.0
19.08040976524353,ARM,stop,0.0,0.0,0.5,0.0,0.0,0.07,0.0,16.7,0.00020483814706118484,-0.36847539324646306,0.054652757598205426,0.0,0.0,0.0,0.0,0.0
19.10048246383667,ARM,stop,0.0,0.0,0.5,0.0,0.0,0.03,0.0,16.7,0.0002230583366083882,-0.307950678713393,0.044671706232904285,0.0,0.0,0.0,0.0,0.0
19.120513916015625,ARM,stop,0.0,0.0,0.5,0.0,0.0,0.03,0.0,16.7,0.00017985066102574486,-0.3165750663539981,0.03531078865917081,0.0,0.0,0.0,0.0,0.0
19.140491485595703,ARM,stop,0.0,0.0,0.5,0.0,0.0,0.05,0.0,16.7,0.0012614357687519416,-0.31730538362023,0.015983364669693856,0.0,0.0,0.0,0.0,0.0
19.16037893295288,ARM,stop,0.0,0.0,0.5,0.0,0.0,0.08,0.0,16.7,-0.0029878607642033444,-0.3116168099941099,0.07366943860755981,0.0,0.0,0.0,0.0,0.0
19.18040156364441,ARM,stop,0.0,0.0,0.5,0.0,0.0,0.04,0.0,16.7,0.0033725491821787862,-0.3452571587052127,0.02095448490456775,0.0,0.0,0.0,0.0,0.0
19.200313568115234,ARM,stop,0.0,0.0,0.5,0.0,0.0,0.01,0.0,16.7,0.00019520762730820652,-0.3022621050872729,0.05924757294464911,0.0,0.0,0.0,0.0,0.0
19.220409154891968,ARM,stop,0.0,0.0,0.5,0.0,0.0,0.08,0.0,16.7,0.00020483814706118484,-0.336295679067824,0.035182624995606204,0.0,0.0,0.0,0.0,0.0
19.240400314331055,ARM,stop,0.0,0.0,0.5,0.0,0.0,0.05,0.0,16.7,0.0001884403308199699,-0.359345404155782,0.04975947842503459,0.0,0.0,0.0,0.0,0.0
19.260401964187622,ARM,stop,0.0,0.0,0.5,0.0,0.0,0.03,0.0,16.7,-0.0008853366954778184,-0.2887356674496431,0.020733862139543646,0.0,0.0,0.0,0.0,0.0
19.280395984649658,ARM,stop,0.0,0.0,0.5,0.0,0.0,0.09,0.0,16.7,0.0023255820152224267,-0.34452680489388143,0.09776221564978904,0.0,0.0,0.0,0.0,0.0
19.30059838294983,ARM,stop,0.0,0.0,0.5,0.0,0.0,0.06,0.0,16.7,-0.0008824734071944954,-0.3120662416264217,0.016086202579380426,0.0,0.0,0.0,0.0,0.0
19.320732831954956,ARM,stop,0.0,0.0,0.5,0.0,0.0,0.05,0.0,16.7,0.0012450379525107266,-0.3263230330753828,0.030482450127617966,0.0,0.0,0.0,0.0,0.0
19.340528964996338,ARM,stop,0.0,0.0,0.5,0.0,0.0,0.07,0.0,16.7,-0.0008353617234069384,-0.344863896890665,0.07852489360286086,0.0,0.0,0.0,0.0,0.0
19.36058759689331,ARM,stop,0.0,0.0,0.5,0.0,0.0,0.05,0.0,16.7,0.0012411338467779411,-0.28912892926419076,0.030223783914127722,0.0,0.0,0.0,0.0,0.0
19.380322694778442,ARM,stop,0.0,0.0,0.5,0.0,0.0,0.07,0.0,16.7,0.0012489419282063498,-0.37231003398047235,0.11235204258950127,0.0,0.0,0.0,0.0,0.0
19.400357484817505,ARM,stop,0.0,0.0,0.5,0.0,0.0,0.09,0.0,16.7,0.0012728886618109084,-0.2883985754528595,0.03518112664653117,0.0,0.0,0.0,0.0,0.0
19.420493602752686,ARM,stop,0.0,0.0,0.5,0.0,0.0,0.05,0.0,16.7,0.00016735691800802484,-0.35461182706695027,0.035376387112577845,0.0,0.0,0.0,0.0,0.0
19.440392017364502,ARM,stop,0.0,0.0,0.5,0.0,0.0,0.07,0.0,16.7,0.0012575316630191562,-0.31640652035560635,0.05450950080859229,0.0,0.0,0.0,0.0,0.0
19.460413455963135,ARM,stop,0.0,0.0,0.5,0.0,0.0,0.06,0.0,16.7,-0.001935166890643176,-0.35928919779291846,0.03540226104294675,0.0,0.0,0.0,0.0,0.0
19.480440855026245,ARM,stop,0.0,0.0,0.5,0.0,0.0,0.07,0.0,16.7,0.0012757519500942313,-0.29335683181274774,0.07346284916070189,0.0,0.0,0.0,0.0,0.0
19.50039577484131,ARM,stop,0.0,0.0,0.5,0.0,0.0,0.06,0.0,16.7,0.0012354074002484579,-0.33556536180159213,0.049720082807890975,0.0,0.0,0.0,0.0,0.0
19.520394563674927,ARM,stop,0.0,0.0,0.5,0.0,0.0,0.04,0.0,16.7,0.0012450379525107266,-0.34046744834371623,0.0688545486725829,0.0,0.0,0.0,0.0,0.0
19.54036235809326,ARM,stop,0.0,0.0,0.5,0.0,0.0,0.08,0.0,16.7,-0.0008853366954778184,-0.321027684718711,0.07849836186070291,0.0,0.0,0.0,0.0,0.0
19.56049132347107,ARM,stop,0.0,0.0,0.5,0.0,0.0,0.01,0.0,16.7,-0.001935166890643176,-0.31747392961862175,-0.008005386747118592,0.0,0.0,0.0,0.0,0.0
19.580394506454468,ARM,stop,0.0,0.0,0.5,0.0,0.0,0.06,0.0,16.7,-0.0008853366954778184,-0.3259297712608351,0.0688927383014466,0.0,0.0,0.0,0.0,0.0
19.60045337677002,spool,drive,0.00020313262939453125,0.28,0.31799999999999995,0.7264022827148438,0.0,0.06,0.0,16.7,0.0023477065380674497,-0.31172918617473755,0.03053346708636795,0.0,0.0,0.0,0.0,0.0
19.620545387268066,spool,drive,0.02431354522705078,0.28,0.31799999999999995,86.94523773193359,0.0,0.06,0.0,16.6,0.00021342781685540992,-0.3215894925316505,0.049629524051599816,0.0,0.0,0.0,0.0,0.0
19.640371084213257,spool,drive,0.048104381561279295,0.28,0.31799999999999995,172.02126846313476,0.0,0.04,0.0,16.6,-0.0013706075583539141,-0.3722955255760141,-0.161773606753016,0.0,0.0,0.0,0.0,0.0
19.660405158996582,spool,drive,0.07214527130126953,0.28,0.31799999999999995,257.99149017333986,-12.0,-0.17,0.0,16.7,0.034258230150128396,-0.37591992235322635,-0.883701945419638,0.0,0.0,0.0,0.0,0.0
19.680559635162354,spool,drive,0.09633064270019531,0.28,0.31799999999999995,344.47837829589844,-120.0,-0.73,0.0,16.7,0.24849628229820153,0.03595338855058916,-0.2956496348034463,0.0,0.0,0.0,0.0,0.0
19.700634241104126,spool,drive,0.12042016983032226,0.28,0.31799999999999995,430.6225273132324,-26.0,-0.33,0.0,16.7,0.059443457456952724,-0.3870724268795094,0.6343747589885922,0.0,0.0,0.0,0.0,0.0
19.720412254333496,spool,drive,0.1441537857055664,0.28,0.31799999999999995,515.4939376831054,-1.0,-0.1,0.0,16.7,-0.09272137384863374,-0.5412420217120193,1.3430967219980516,0.0,0.0,0.0,0.0,0.0
19.740602254867554,spool,drive,0.16838178634643555,0.28,0.31799999999999995,602.1332679748535,0.0,0.0,0.0,16.7,-0.0681438840637547,-0.28845481836082243,0.9548524765065665,0.0,0.0,0.0,0.0,0.0
19.760332822799683,spool,drive,0.19205846786499023,0.28,0.31799999999999995,686.801081085205,0.0,0.05,0.0,16.7,0.023810322540395088,-0.19125607332599515,-0.12258362888367813,0.0,0.0,0.0,0.0,0.0
19.780314683914185,spool,drive,0.21603670120239257,0.28,0.31799999999999995,772.5472434997558,0.0,0.07,0.0,16.7,-9.787487611954614e-05,-0.08779253894667338,-0.8894281239530315,0.0,0.0,0.0,0.0,0.0
19.800368547439575,spool,drive,0.24010133743286133,0.28,0.31799999999999995,858.6023826599121,0.0,0.03,0.0,16.7,-0.03671153830749859,-0.23481289821177498,-0.5442071814413154,0.0,0.0,0.0,0.0,0.0
19.820476531982422,spool,drive,0.26423091888427735,0.28,0.31799999999999995,944.8897659301758,0.0,0.0,0.0,16.7,0.0006132275609131592,-0.3177548517976412,0.21227125964065152,0.0,0.0,0.0,0.0,0.0
19.840420722961426,spool,drive,0.288163948059082,0.28,0.31799999999999995,1030.4742782592773,0.0,1.13,0.031,16.7,0.02898103288910887,-0.498022288823023,0.634197953797738,0.0,0.0,0.0,0.0,0.0
19.86042833328247,spool,drive,0.31217308044433595,0.28,0.31799999999999995,1116.3309356689454,133.0,11.33,0.019,16.7,0.004521292275114157,-1.7085683273451622,-0.15213863747894862,0.0,0.0,0.0,0.0,0.0
19.88040828704834,spool,drive,0.3361490249633789,0.28,0.31799999999999995,1202.068913269043,90.0,11.97,0.031,16.7,0.012698688607986782,-1.1281290918341256,-0.30413716104683175,0.0,0.0,0.0,0.0,0.0
19.900469064712524,spool,drive,0.36022195816040037,0.28,0.31799999999999995,1288.1537223815917,85.0,16.02,0.029,16.7,0.0587784245208679,-1.4984952554328856,-0.521131436242591,0.0,0.0,0.0,0.0,0.0
19.92046856880188,spool,drive,0.38422136306762694,0.28,0.31799999999999995,1373.975594329834,119.0,13.61,0.04,16.7,0.09424950400449962,-1.054190388934252,-0.22332717546924385,0.0,0.0,0.0,0.0,0.0
19.940407514572144,spool,drive,0.40814809799194335,0.28,0.31799999999999995,1459.5375984191894,213.0,14.96,0.041,16.7,0.11747461562070122,-2.0624450497378604,-0.12325861686943185,0.0,0.0,0.0,0.0,0.0
19.96038818359375,spool,drive,0.4321249008178711,0.28,0.31799999999999995,1545.278645324707,286.0,16.41,0.035,16.7,0.12926403029231848,-2.129163975892226,0.006151307674610251,0.0,0.0,0.0,0.0,0.0
19.980412006378174,spool,drive,0.45615348815917967,0.28,0.31799999999999995,1631.2048736572265,311.0,16.97,0.036,16.7,0.13877992098609193,-1.2947433162720898,-0.07507353787126547,0.0,0.0,0.0,0.0,0.0
20.00044894218445,spool,drive,0.48019781112670895,0.28,0.31799999999999995,1717.1873725891112,361.0,17.3,0.039,16.6,0.16327244760981904,-1.042813241682012,-0.07442482581197396,0.0,0.0,0.0,0.0,0.0
20.02026915550232,spool,drive,0.5039820671081543,0.28,0.31799999999999995,1802.2398719787598,481.0,16.47,0.044,16.6,0.177916970707083,-1.3269228842703313,-0.16577390642256518,0.0,0.0,0.0,0.0,0.0
20.04040789604187,spool,drive,0.5281485557556153,0.28,0.31799999999999995,1888.6592353820802,540.0,17.6,0.045,16.7,0.20349761501794608,-2.1227450484547745,-0.3335670026766877,0.0,0.0,0.0,0.0,0.0
20.06051206588745,spool,drive,0.5522735595703124,0.28,0.31799999999999995,1974.9302490234372,618.0,18.06,0.045,16.7,0.2280057710683206,-1.9164504474587432,-0.2903860441381454,0.0,0.0,0.0,0.0,0.0
20.080556869506836,spool,drive,0.5763273239135742,0.28,0.31799999999999995,2060.9465103149414,681.0,18.52,0.049,16.6,0.2610065314531192,-2.091984453575691,-0.2325140287345775,0.0,0.0,0.0,0.0,0.0
20.100407361984253,spool,drive,0.6001479148864746,0.28,0.31799999999999995,2146.128943634033,747.0,18.8,0.052,16.6,0.2951664327023748,-1.9784920394322398,-0.24243244179952228,0.0,0.0,0.0,0.0,0.0
20.1203031539917,spool,drive,0.6240228652954102,0.28,0.31799999999999995,2231.505766296387,826.0,19.23,0.054,16.6,0.31850348030814385,-2.2761843260210526,-0.2952806023897949,0.0,0.0,0.0,0.0,0.0
20.140433073043823,spool,drive,0.6481787681579589,0.28,0.31799999999999995,2317.887274932861,944.0,19.18,0.055,16.6,0.33870558783672605,-2.3768245596106397,-0.3144504804557968,0.0,0.0,0.0,0.0,0.0
20.160502195358276,spool,drive,0.6722617149353027,0.28,0.31799999999999995,2404.0078926086426,1040.0,19.09,0.059,16.7,0.3634279785520406,-2.2336386674903252,-0.3720511119512864,0.0,0.0,0.0,0.0,0.0
20.1803777217865,spool,drive,0.6961123466491699,0.28,0.31799999999999995,2489.2977516174315,1129.0,19.5,0.062,16.6,0.3974486297657987,-2.528409831194608,-0.4002797892543555,0.0,0.0,0.0,0.0,0.0
20.20032787322998,spool,drive,0.7200525283813476,0.28,0.31799999999999995,2574.907841491699,1237.0,19.47,0.06,16.6,0.43370220839553375,-2.3807152970722143,-0.5250052167780481,0.0,0.0,0.0,0.0,0.0
20.220353364944458,spool,drive,0.7440831184387207,0.28,0.31799999999999995,2660.841231536865,1365.0,19.4,0.061,16.6,0.4635435942001442,-2.316651299298414,-0.342574419504011,0.0,0.0,0.0,0.0,0.0
20.240410804748535,spool,drive,0.7681520462036132,0.28,0.31799999999999995,2746.911717224121,1466.0,19.25,0.063,16.6,0.4783692788305608,-1.9699238216093988,-0.31930476600791735,0.0,0.0,0.0,0.0,0.0
20.260412216186523,spool,drive,0.7921537399291992,0.28,0.31799999999999995,2832.7417739868165,1569.0,19.14,0.065,16.6,0.5111298220850342,-2.096759728622928,-0.4683193822105167,0.0,0.0,0.0,0.0,0.0
20.28034019470215,spool,drive,0.8160673141479492,0.28,0.31799999999999995,2918.2567153930663,1687.0,19.57,0.067,16.6,0.5502822182718069,-2.072825612129705,-0.548656035660791,0.0,0.0,0.0,0.0,0.0
20.300291299819946,spool,drive,0.8400086402893067,0.28,0.31799999999999995,3003.8708976745606,1786.0,19.3,0.069,16.6,0.5867714200789867,-2.0078066178186162,-0.5336571228784948,0.0,0.0,0.0,0.0,0.0
20.3204984664917,spool,drive,0.8642572402954102,0.28,0.31799999999999995,3090.583891296387,1897.0,19.31,0.072,16.6,0.5986816091060391,-2.240072212967533,-0.48150032247850305,0.0,0.0,0.0,0.0,0.0
20.340410470962524,spool,drive,0.8881516456604004,0.28,0.31799999999999995,3176.030284881592,1998.0,19.6,0.071,16.6,0.5924742466582551,-2.0601979646665,-0.5682157037568984,0.0,0.0,0.0,0.0,0.0
20.360469579696655,spool,drive,0.9122225761413574,0.28,0.31799999999999995,3262.107932281494,2113.0,19.37,0.075,16.6,0.5962153887785712,-1.8920380287046896,-0.7368503605597994,0.0,0.0,0.0,0.0,0.0
20.380305290222168,spool,drive,0.9360254287719726,0.28,0.31799999999999995,3347.226933288574,2210.0,19.7,0.078,16.6,0.6337473846000852,-2.005361896849749,-0.6263028236154824,0.0,0.0,0.0,0.0,0.0
20.400450706481934,spool,drive,0.9601999282836914,0.28,0.31799999999999995,3433.6749435424804,2346.0,19.22,0.08,16.6,0.6741771660037144,-2.1162699877446585,-0.9079835327178714,0.0,0.0,0.0,0.0,0.0
20.420386791229248,spool,drive,0.9841232299804688,0.28,0.31799999999999995,3519.2246704101562,2434.0,19.38,0.082,16.6,0.7239889976115836,-2.1079827286459363,-0.67356893954436,0.0,0.0,0.0,0.0,0.0
20.44040298461914,spool,drive,1.0081426620483398,0.28,0.31799999999999995,3605.118159484863,2552.0,19.21,0.084,16.6,0.7889725250544981,-2.056531906475982,-0.6978038952957704,0.0,0.0,0.0,0.0,0.0
20.460402727127075,spool,drive,1.0321423530578613,0.28,0.31799999999999995,3690.941054534912,2660.0,19.21,0.085,16.6,0.8365818558618446,-1.9118855260036014,-0.9418807203874948,0.0,0.0,0.0,0.0,0.0
20.480446338653564,spool,drive,1.0561946868896483,0.28,0.31799999999999995,3776.9522003173824,2785.0,18.9,0.086,16.6,0.8381663035523873,-1.9124056358581356,-0.8642618528887382,0.0,0.0,0.0,0.0,0.0
20.50034236907959,spool,drive,1.0800699234008788,0.28,0.31799999999999995,3862.3300460815426,2886.0,18.92,0.086,16.6,0.8325457020717751,-2.1411319112212226,-0.5909529682450625,0.0,0.0,0.0,0.0,0.0
20.520411729812622,spool,drive,1.1041531562805176,0.28,0.31799999999999995,3948.451686859131,3022.0,18.77,0.088,16.6,0.8259515820546844,-1.7944044335322076,-0.8790346976862011,0.0,0.0,0.0,0.0,0.0
20.540806531906128,spool,drive,1.1286269187927245,0.28,0.31799999999999995,4035.9698616027827,3098.0,18.88,0.091,16.6,0.8244137396832181,-1.8436914934574133,-1.2349109486469843,0.0,0.0,0.0,0.0,0.0
20.560576915740967,spool,drive,1.1523513793945312,0.28,0.31799999999999995,4120.808532714844,3186.0,18.94,0.094,16.6,0.7818135485702017,-1.7885744669165433,-1.2019233685012054,0.0,0.0,0.0,0.0,0.0
20.580561876296997,spool,drive,1.1763333320617675,0.28,0.31799999999999995,4206.5679954528805,3288.0,19.37,0.097,16.6,0.8617398065734417,-1.5085803872412527,-1.1247896737419651,0.0,0.0,0.0,0.0,0.0
20.6003155708313,base,drive,1.2,0.28,0.31799999999999995,4291.2,3409.0,19.01,0.094,16.6,0.8966254192197439,-2.1670194363670987,-0.5508809013117215,0.0,0.0,0.0,0.0,0.0
20.62042474746704,base,drive,1.2,0.28,0.31799999999999995,4291.2,3511.0,19.27,0.097,16.6,0.917215249713528,-1.7192858355533929,-0.568033270620738,0.0,0.0,0.0,0.0,0.0
20.640437841415405,base,drive,1.2,0.28,0.31799999999999995,4291.2,3576.0,18.19,0.093,16.6,0.9965624033377304,-1.9289930179305657,-1.058566006774548,0.0,0.0,0.0,0.0,0.0
20.66093158721924,base,drive,1.2,0.28,0.31799999999999995,4291.2,3682.0,16.5,0.095,16.6,1.0241097421793464,-1.2935634942833474,-0.8412067191260704,0.0,0.0,0.0,0.0,0.0
20.6804678440094,base,drive,1.2,0.28,0.31799999999999995,4291.2,3805.0,15.79,0.093,16.6,1.032599100786192,-1.3893721733726352,-1.0844004684361082,0.0,0.0,0.0,0.0,0.0
20.70039701461792,base,drive,1.2,0.28,0.31799999999999995,4291.2,3874.0,15.11,0.094,16.6,1.002533476817797,-0.9899995065753657,-1.3640110438383886,0.0,0.0,0.0,0.0,0.0
20.720438718795776,base,drive,1.2,0.28,0.31799999999999995,4291.2,3939.0,14.44,0.092,16.6,0.9930736623097265,-0.8984332018939938,-1.5746461793793003,0.0,0.0,0.0,0.0,0.0
20.74044895172119,base,drive,1.2,0.28,0.31799999999999995,4291.2,4003.0,14.32,0.089,16.6,0.9972807910417794,-0.6601002431637681,-1.4146514418842457,0.0,0.0,0.0,0.0,0.0
20.760525226593018,base,drive,1.2,0.28,0.31799999999999995,4291.2,4056.0,13.31,0.096,16.6,1.0653968617168994,-0.21738106852771466,-1.5468157705693955,0.0,0.0,0.0,0.0,0.0
20.780524253845215,base,drive,1.2,0.28,0.31799999999999995,4291.2,4107.0,12.61,0.093,16.6,1.083762819542413,-0.445040007717985,-1.5175533785849495,0.0,0.0,0.0,0.0,0.0
20.800450325012207,base,drive,1.2,0.28,0.31799999999999995,4291.2,4170.0,12.06,0.095,16.6,1.1121486546532404,-0.6166413225992571,-1.2096991423888497,0.0,0.0,0.0,0.0,0.0
20.820398569107056,base,drive,1.2,0.28,0.31799999999999995,4291.2,4192.0,11.87,0.097,16.6,1.1204492617178268,-0.24930708662638068,-1.639653771619379,0.0,0.0,0.0,0.0,0.0
20.84040331840515,base,drive,1.2,0.28,0.31799999999999995,4291.2,4232.0,11.42,0.097,16.6,1.1039536419258758,-0.46984572483168563,-1.2436200843730774,0.0,0.0,0.0,0.0,0.0
20.86041259765625,base,drive,1.2,0.28,0.31799999999999995,4291.2,4280.0,10.77,0.095,16.6,1.0830010223125959,-0.39538859315184993,-1.3941092953361078,0.0,0.0,0.0,0.0,0.0
20.880458116531372,base,drive,1.2,0.28,0.31799999999999995,4291.2,4316.0,10.48,0.097,16.6,1.0642371882202244,-0.5916688136519355,-1.2684423929619015,0.0,0.0,0.0,0.0,0.0
20.90039610862732,base,drive,1.2,0.28,0.31799999999999995,4291.2,4319.0,10.52,0.096,16.6,1.0766437904744675,-0.40649760900985754,-1.5127133456215915,0.0,0.0,0.0,0.0,0.0
20.920335292816162,base,drive,1.2,0.28,0.31799999999999995,4291.2,4342.0,10.23,0.095,16.6,1.1521870845346824,-0.27016578682544434,-1.70600505407387,0.0,0.0,0.0,0.0,0.0
20.940499544143677,base,drive,1.2,0.28,0.31799999999999995,4291.2,4377.0,9.77,0.095,16.6,1.1984097073624247,0.1293047112028951,-1.5965036571447229,0.0,0.0,0.0,0.0,0.0
20.96037721633911,base,drive,1.2,0.28,0.31799999999999995,4291.2,4392.0,9.7,0.097,16.6,1.1971730685102466,-0.36948652305641616,-1.1430844428579476,0.0,0.0,0.0,0.0,0.0
20.980457305908203,base,drive,1.2,0.28,0.31799999999999995,4291.2,4407.0,9.34,0.096,16.6,1.15990013168377,-0.46238836839503605,-1.1019029397972915,0.0,0.0,0.0,0.0,0.0
21.0003662109375,base,drive,1.2,0.28,0.31799999999999995,4291.2,4430.0,9.1,0.094,16.6,1.1646661247705756,0.12853094181348723,-1.4353172570487231,0.0,0.0,0.0,0.0,0.0
21.02047872543335,base,drive,1.2,0.28,0.31799999999999995,4291.2,4458.0,8.73,0.095,16.6,1.181581725066432,0.0973769754845577,-1.287379186383987,0.0,0.0,0.0,0.0,0.0
21.04042911529541,base,drive,1.2,0.28,0.31799999999999995,4291.2,4459.0,8.81,0.096,16.6,1.137682443973675,-0.3771703494739924,-1.2277723751123233,0.0,0.0,0.0,0.0,0.0
21.06053876876831,base,drive,1.2,0.28,0.31799999999999995,4291.2,4441.0,9.03,0.097,16.6,1.101077095053454,-0.01219559302565365,-1.67263762416502,0.0,0.0,0.0,0.0,0.0
21.080535650253296,base,drive,1.2,0.28,0.31799999999999995,4291.2,4448.0,8.92,0.095,16.6,1.1206925414834055,-0.03705747995711839,-1.7244386945675387,0.0,0.0,0.0,0.0,0.0
21.100680828094482,base,drive,1.2,0.28,0.31799999999999995,4291.2,4460.0,8.79,0.096,16.6,1.1804615995119447,0.11247643297155374,-1.44528295947228,0.0,0.0,0.0,0.0,0.0
21.120887517929077,base,drive,1.2,0.28,0.31799999999999995,4291.2,4459.0,8.67,0.096,16.6,1.1973991708867942,-0.015919648288905464,-1.1458897908676065,0.0,0.0,0.0,0.0,0.0
21.14044713973999,base,drive,1.2,0.28,0.31799999999999995,4291.2,4453.0,8.68,0.095,16.6,1.1721956801205569,-0.2935542849847579,-1.1650025854883594,0.0,0.0,0.0,0.0,0.0
21.160566091537476,base,drive,1.2,0.28,0.31799999999999995,4291.2,4470.0,8.44,0.095,16.6,1.134066803319729,0.07139150033603858,-1.5262484809928765,0.0,0.0,0.0,0.0,0.0
21.18041729927063,base,drive,1.2,0.28,0.31799999999999995,4291.2,4478.0,8.34,0.095,16.6,1.0907701955816567,-0.16691422315886584,-1.5163906597027221,0.0,0.0,0.0,0.0,0.0
21.20043158531189,base,drive,1.2,0.28,0.31799999999999995,4291.2,4464.0,8.55,0.095,16.6,1.0614958633521514,-0.10186625772023472,-1.4844204220337929,0.0,0.0,0.0,0.0,0.0
21.22095227241516,base,drive,1.2,0.28,0.31799999999999995,4291.2,4448.0,8.66,0.093,16.6,1.1075286693731983,-0.10571538858615259,-1.593277455770476,0.0,0.0,0.0,0.0,0.0
21.24047541618347,base,drive,1.2,0.28,0.31799999999999995,4291.2,4461.0,8.49,0.093,16.6,1.20144171626348,0.47624239630360776,-1.3996474858782335,0.0,0.0,0.0,0.0,0.0
21.26063346862793,base,drive,1.2,0.28,0.31799999999999995,4291.2,4462.0,8.42,0.094,16.6,1.2410997801622314,0.04456333174065996,-1.219248523040143,0.0,0.0,0.0,0.0,0.0
21.280505657196045,base,drive,1.2,0.28,0.31799999999999995,4291.2,4463.0,8.42,0.096,16.6,1.191288148291444,-0.23293173922061783,-1.054112913323543,0.0,0.0,0.0,0.0,0.0
21.30042314529419,base,drive,1.2,0.28,0.31799999999999995,4291.2,4460.0,8.19,0.094,16.6,1.1251476105129445,-0.04214257522071829,-1.4407972677926182,0.0,0.0,0.0,0.0,0.0
21.320358991622925,base,drive,1.2,0.28,0.31799999999999995,4291.2,4445.0,8.55,0.092,16.6,1.1007880754961532,0.09914747591475859,-1.495139830587192,0.0,0.0,0.0,0.0,0.0
21.34054946899414,base,drive,1.2,0.28,0.31799999999999995,4291.2,4446.0,8.61,0.097,16.6,1.1069864497752582,0.24561880901543276,-1.5114719816854745,0.0,0.0,0.0,0.0,0.0
21.360687017440796,base,drive,1.2,0.28,0.31799999999999995,4291.2,4444.0,8.36,0.096,16.6,1.1256645300805288,-0.15420325286904912,-1.1026335494243185,0.0,0.0,0.0,0.0,0.0
21.380526542663574,base,drive,1.2,0.28,0.31799999999999995,4291.2,4438.0,8.36,0.092,16.6,1.1382887125958314,-0.09016650860311959,-1.391826834608537,0.0,0.0,0.0,0.0,0.0
21.40086555480957,up0,drive,1.6,0.28,0.31799999999999995,5721.6,4444.0,8.4,0.093,16.6,1.141039891159938,0.1418054375359148,-1.2796933134408448,0.0,0.0,0.0,0.0,0.0
21.420457363128662,up0,drive,1.6,0.28,0.31799999999999995,5721.6,4447.0,9.4,0.107,16.6,1.165831923537758,0.27687236074020305,-1.638730203867567,0.0,0.0,0.0,0.0,0.0
21.440634727478027,up0,drive,1.6,0.28,0.31799999999999995,5721.6,4573.0,17.4,0.114,16.6,1.1683576655155892,-1.552840303294218,-1.2186573695123926,0.0,0.0,0.0,0.0,0.0
21.460451126098633,up0,drive,1.6,0.28,0.31799999999999995,5721.6,4709.0,22.26,0.125,16.6,1.1001729518633723,-2.009127357710611,-1.5089287351286487,0.0,0.0,0.0,0.0,0.0
21.480384826660156,up0,drive,1.6,0.28,0.31799999999999995,5721.6,4857.0,24.01,0.115,16.6,1.0349087938205905,-2.748455476009127,-1.7126743885323492,0.0,0.0,0.0,0.0,0.0
21.500505685806274,up0,drive,1.6,0.28,0.31799999999999995,5721.6,4892.0,20.27,0.113,16.6,1.002628085615522,-1.6372989515950138,-1.7989427501549926,0.0,0.0,0.0,0.0,0.0
21.520418882369995,up0,drive,1.6,0.28,0.31799999999999995,5721.6,4921.0,20.22,0.115,16.6,1.0784003449504564,-1.361279078388307,-1.7717178205517996,0.0,0.0,0.0,0.0,0.0
21.540555953979492,up0,drive,1.6,0.28,0.31799999999999995,5721.6,4976.0,19.66,0.118,16.6,1.2090611533002513,-1.2265764732798488,-1.9941231093438034,0.0,0.0,0.0,0.0,0.0
21.560414791107178,up0,drive,1.6,0.28,0.31799999999999995,5721.6,5056.0,18.57,0.121,16.6,1.3134229795694043,-1.4237282213102134,-1.7994000024385741,0.0,0.0,0.0,0.0,0.0
21.580404043197632,up0,drive,1.6,0.28,0.31799999999999995,5721.6,5151.0,17.43,0.121,16.6,1.3243278252849517,-1.3229630034807087,-1.5182471507517903,0.0,0.0,0.0,0.0,0.0
21.600354194641113,up0,drive,1.6,0.28,0.31799999999999995,5721.6,5210.0,16.88,0.12,16.6,1.3279151032732885,-1.4252179457417924,-1.5915750388604408,0.0,0.0,0.0,0.0,0.0
21.620399475097656,up0,drive,1.6,0.28,0.31799999999999995,5721.6,5276.0,16.38,0.12,16.6,1.2488361299708572,-1.1184371852952069,-2.2153303035973693,0.0,0.0,0.0,0.0,0.0
21.64042901992798,up0,drive,1.6,0.28,0.31799999999999995,5721.6,5337.0,15.63,0.118,16.6,1.2709571449333823,-0.7827064203737706,-2.5836701145250913,0.0,0.0,0.0,0.0,0.0
21.66043782234192,up0,drive,1.6,0.28,0.31799999999999995,5721.6,5394.0,15.23,0.119,16.6,1.34061345482495,-0.6505190682760045,-2.36267692837356,0.0,0.0,0.0,0.0,0.0
21.680309295654297,up0,drive,1.6,0.28,0.31799999999999995,5721.6,5464.0,14.44,0.122,16.6,1.4167625514541307,-0.34806601504441304,-2.30763971632976,0.0,0.0,0.0,0.0,0.0
21.700393676757812,up0,drive,1.6,0.28,0.31799999999999995,5721.6,5537.0,13.43,0.119,16.6,1.475607093110249,-0.6508868581562766,-1.7574219623915894,0.0,0.0,0.0,0.0,0.0
21.720316886901855,up0,drive,1.6,0.28,0.31799999999999995,5721.6,5578.0,13.24,0.119,16.6,1.405233327621014,-0.7586199839062857,-1.8729196792288292,0.0,0.0,0.0,0.0,0.0
21.740326166152954,up0,drive,1.6,0.28,0.31799999999999995,5721.6,5603.0,13.19,0.119,16.6,1.2630520838697001,-0.7188543841764385,-2.781196669094811,0.0,0.0,0.0,0.0,0.0
21.76038694381714,up0,drive,1.6,0.28,0.31799999999999995,5721.6,5642.0,12.73,0.119,16.6,1.2893589222755573,-0.05710065799071984,-3.0142541234573343,0.0,0.0,0.0,0.0,0.0
21.78037667274475,up0,drive,1.6,0.28,0.31799999999999995,5721.6,5671.0,12.44,0.12,16.6,1.4081422984797076,-0.23016271703975377,-2.333112820048541,0.0,0.0,0.0,0.0,0.0
21.800456762313843,up0,drive,1.6,0.28,0.31799999999999995,5721.6,5738.0,11.48,0.122,16.6,1.469019497837829,-0.5205389670912624,-1.8349288557058117,0.0,0.0,0.0,0.0,0.0
21.820471048355103,up0,drive,1.6,0.28,0.31799999999999995,5721.6,5764.0,11.25,0.12,16.6,1.4167837235847967,-0.6229767810296991,-1.8353507323331826,0.0,0.0,0.0,0.0,0.0
21.84043049812317,up0,drive,1.6,0.28,0.31799999999999995,5721.6,5781.0,11.18,0.12,16.6,1.4009971704330795,-0.33955396703933616,-2.408474954569698,0.0,0.0,0.0,0.0,0.0
21.860416412353516,up0,drive,1.6,0.28,0.31799999999999995,5721.6,5801.0,10.97,0.122,16.6,1.3841960860640965,-0.002799130774624903,-2.931357851245707,0.0,0.0,0.0,0.0,0.0
21.88051176071167,up0,drive,1.6,0.28,0.31799999999999995,5721.6,5823.0,10.64,0.121,16.6,1.4603841980032468,0.21726105442131427,-2.314610474768017,0.0,0.0,0.0,0.0,0.0
21.9005126953125,up0,drive,1.6,0.28,0.31799999999999995,5721.6,5838.0,10.45,0.12,16.6,1.4696887502197657,-0.2412317525590275,-2.1300776033770035,0.0,0.0,0.0,0.0,0.0
21.92040705680847,up0,drive,1.6,0.28,0.31799999999999995,5721.6,5861.0,10.24,0.122,16.6,1.417783873732176,-0.20913718846196971,-2.5784736937524713,0.0,0.0,0.0,0.0,0.0
21.940655946731567,up0,drive,1.6,0.28,0.31799999999999995,5721.6,5875.0,9.86,0.119,16.6,1.4075299045870437,-0.13057725724506763,-2.29652123529101,0.0,0.0,0.0,0.0,0.0
21.96043610572815,up0,drive,1.6,0.28,0.31799999999999995,5721.6,5885.0,9.92,0.121,16.6,1.3907065828229588,-0.22937791103032978,-2.366862073155829,0.0,0.0,0.0,0.0,0.0
21.98061466217041,up0,drive,1.6,0.28,0.31799999999999995,5721.6,5881.0,10.0,0.122,16.6,1.340480296770446,-0.4184799431080144,-2.4871349188599083,0.0,0.0,0.0,0.0,0.0
22.000404357910156,up0,drive,1.6,0.28,0.31799999999999995,5721.6,5888.0,9.83,0.12,16.6,1.386985347831791,0.03092631091634135,-2.50719730134324,0.0,0.0,0.0,0.0,0.0
22.020462036132812,up0,drive,1.6,0.28,0.31799999999999995,5721.6,5894.0,9.71,0.122,16.6,1.4373615698536752,0.03521041754369314,-2.72765400543571,0.0,0.0,0.0,0.0,0.0
22.040329694747925,up0,drive,1.6,0.28,0.31799999999999995,5721.6,5922.0,9.14,0.121,16.6,1.4558022293477655,-0.2487469964331126,-2.1572463997075317,0.0,0.0,0.0,0.0,0.0
22.060330629348755,up0,drive,1.6,0.28,0.31799999999999995,5721.6,5927.0,9.15,0.121,16.6,1.475841184970067,-0.06662566306071938,-2.037476122210279,0.0,0.0,0.0,0.0,0.0
22.080390453338623,up0,drive,1.6,0.28,0.31799999999999995,5721.6,5916.0,9.4,0.122,16.6,1.4501588578398332,-0.2270745465059072,-2.5914653304056117,0.0,0.0,0.0,0.0,0.0
22.100437879562378,up0,drive,1.6,0.28,0.31799999999999995,5721.6,5912.0,9.31,0.121,16.6,1.4013396529492637,-0.0012533461605799268,-2.9140389824638646,0.0,0.0,0.0,0.0,0.0
22.12055492401123,up0,drive,1.6,0.28,0.31799999999999995,5721.6,5905.0,9.41,0.12,16.6,1.4017626960884226,0.11400954557238485,-3.0454975521895733,0.0,0.0,0.0,0.0,0.0
22.140611171722412,up0,drive,1.6,0.28,0.31799999999999995,5721.6,5907.0,9.33,0.121,16.6,1.4427928205807832,0.15732544689042882,-2.59449038755281,0.0,0.0,0.0,0.0,0.0
22.160522937774658,up0,drive,1.6,0.28,0.31799999999999995,5721.6,5938.0,8.65,0.121,16.6,1.4433387686042494,-0.08797721960644633,-2.0000568640417384,0.0,0.0,0.0,0.0,0.0
22.180674076080322,up0,drive,1.6,0.28,0.31799999999999995,5721.6,5926.0,8.88,0.119,16.6,1.3939192872039758,-0.256767878302373,-1.983350783486486,0.0,0.0,0.0,0.0,0.0
22.20056962966919,dn0,drive,1.2,0.28,0.31799999999999995,4291.2,5898.0,9.47,0.121,16.6,1.2876457107463093,-0.17298151364997594,-2.978737549343492,0.0,0.0,0.0,0.0,0.0
22.220539093017578,dn0,drive,1.2,0.28,0.31799999999999995,4291.2,5873.0,8.24,0.105,16.6,1.32514967679735,0.3137166914051228,-2.667426804556783,0.0,0.0,0.0,0.0,0.0
22.24060869216919,dn0,drive,1.2,0.28,0.31799999999999995,4291.2,5709.0,0.64,0.082,16.7,1.4993511715991228,1.5052851887193555,-2.3136468535872723,0.0,0.0,0.0,0.0,0.0
22.26042628288269,dn0,drive,1.2,0.28,0.31799999999999995,4291.2,5633.0,-4.29,0.069,16.7,1.5233453209143553,1.5596268744315438,-1.3390986881246647,0.0,0.0,0.0,0.0,0.0
22.280407428741455,dn0,drive,1.2,0.28,0.31799999999999995,4291.2,5520.0,-8.37,0.079,16.7,1.3397741596074115,2.5644418373902624,-1.0600468142018755,0.0,0.0,0.0,0.0,0.0
22.300434112548828,dn0,drive,1.2,0.28,0.31799999999999995,4291.2,5476.0,-3.91,0.078,16.7,1.2680793330594429,1.6677003812372817,-2.813011955542322,0.0,0.0,0.0,0.0,0.0
22.320406436920166,dn0,drive,1.2,0.28,0.31799999999999995,4291.2,5357.0,-1.75,0.084,16.7,1.2654246940848517,1.6503937916088347,-2.5830646353183795,0.0,0.0,0.0,0.0,0.0
22.34040927886963,dn0,drive,1.2,0.28,0.31799999999999995,4291.2,5277.0,-1.2,0.084,16.7,1.286692299076061,1.5645595857669576,-1.7288542196563697,0.0,0.0,0.0,0.0,0.0
22.360488653182983,dn0,drive,1.2,0.28,0.31799999999999995,4291.2,5243.0,-1.31,0.086,16.7,1.3390013102590703,1.7517659504490268,-1.8735649195036785,0.0,0.0,0.0,0.0,0.0
22.380413055419922,dn0,drive,1.2,0.28,0.31799999999999995,4291.2,5222.0,-1.54,0.083,16.7,1.3633487278929017,1.587636354228465,-1.5831585562902717,0.0,0.0,0.0,0.0,0.0
22.40047812461853,dn0,drive,1.2,0.28,0.31799999999999995,4291.2,5175.0,-1.1,0.082,16.7,1.2898472128614233,1.3276565636857072,-1.656803363500842,0.0,0.0,0.0,0.0,0.0
22.420450687408447,dn0,drive,1.2,0.28,0.31799999999999995,4291.2,5091.0,0.21,0.081,16.7,1.2401401100634215,1.4904106023651877,-1.887450595468323,0.0,0.0,0.0,0.0,0.0
22.4405734539032,dn0,drive,1.2,0.28,0.31799999999999995,4291.2,4998.0,1.44,0.083,16.7,1.2104667697235951,1.0390958741719487,-1.9249066910970498,0.0,0.0,0.0,0.0,0.0
22.460430145263672,dn0,drive,1.2,0.28,0.31799999999999995,4291.2,4933.0,1.62,0.083,16.7,1.2166422408173254,0.9973078686417978,-1.5775259332113194,0.0,0.0,0.0,0.0,0.0
22.480459451675415,dn0,drive,1.2,0.28,0.31799999999999995,4291.2,4829.0,2.73,0.088,16.7,1.2403551603214453,0.622305959185276,-1.228164430938591,0.0,0.0,0.0,0.0,0.0
22.50063920021057,dn0,drive,1.2,0.28,0.31799999999999995,4291.2,4749.0,3.5,0.089,16.7,1.2496181672249589,0.8190790999859487,-1.4001216950879325,0.0,0.0,0.0,0.0,0.0
22.520490646362305,dn0,drive,1.2,0.28,0.31799999999999995,4291.2,4687.0,4.3,0.09,16.7,1.2245274613308863,0.746601031618539,-1.4805969275550979,0.0,0.0,0.0,0.0,0.0
22.54032850265503,dn0,drive,1.2,0.28,0.31799999999999995,4291.2,4638.0,4.64,0.091,16.7,1.1998350311778352,0.5855051171886316,-1.132015224613177,0.0,0.0,0.0,0.0,0.0
22.561161994934082,dn0,drive,1.2,0.28,0.31799999999999995,4291.2,4581.0,5.11,0.092,16.7,1.1206248971917174,0.34076605835084095,-1.1070658852588693,0.0,0.0,0.0,0.0,0.0
22.580610513687134,dn0,drive,1.2,0.28,0.31799999999999995,4291.2,4522.0,5.67,0.091,16.6,1.1092785659464621,0.27418848864092027,-1.3869707218014469,0.0,0.0,0.0,0.0,0.0
22.600475072860718,dn0,drive,1.2,0.28,0.31799999999999995,4291.2,4475.0,6.31,0.089,16.6,1.0895816267871543,0.2599317337370586,-1.5306452949908191,0.0,0.0,0.0,0.0,0.0
22.62041664123535,dn0,drive,1.2,0.28,0.31799999999999995,4291.2,4410.0,7.15,0.091,16.6,1.1331769080414789,0.4532489141236127,-1.5239683591516666,0.0,0.0,0.0,0.0,0.0
22.640361070632935,dn0,drive,1.2,0.28,0.31799999999999995,4291.2,4372.0,7.28,0.092,16.6,1.1865338731134343,0.07018448879334915,-1.0688784491011276,0.0,0.0,0.0,0.0,0.0
22.66055464744568,dn0,drive,1.2,0.28,0.31799999999999995,4291.2,4348.0,7.48,0.088,16.6,1.1845936271012574,0.30598941286437054,-1.1489642569891814,0.0,0.0,0.0,0.0,0.0
22.680431842803955,dn0,drive,1.2,0.28,0.31799999999999995,4291.2,4339.0,7.64,0.095,16.6,1.1479880784439547,0.15007653456443126,-1.418205379709832,0.0,0.0,0.0,0.0,0.0
22.70030951499939,dn0,drive,1.2,0.28,0.31799999999999995,4291.2,4355.0,7.01,0.093,16.6,1.1290021367166707,-0.04050064045017532,-1.1976265418951968,0.0,0.0,0.0,0.0,0.0
22.720415830612183,dn0,drive,1.2,0.28,0.31799999999999995,4291.2,4332.0,7.37,0.091,16.6,1.0658849525656837,-0.004667599480018492,-1.2398106232125485,0.0,0.0,0.0,0.0,0.0
22.74047350883484,dn0,drive,1.2,0.28,0.31799999999999995,4291.2,4300.0,8.03,0.089,16.6,1.033044314741426,0.014898980208011281,-1.394096139100327,0.0,0.0,0.0,0.0,0.0
22.760404109954834,dn0,drive,1.2,0.28,0.31799999999999995,4291.2,4265.0,8.64,0.092,16.6,1.0245853161710075,0.036346707466854644,-1.7229859537765435,0.0,0.0,0.0,0.0,0.0
22.780473470687866,dn0,drive,1.2,0.28,0.31799999999999995,4291.2,4237.0,8.66,0.089,16.6,1.0970244962436533,-0.038659470934026885,-1.2915081978935916,0.0,0.0,0.0,0.0,0.0
22.800575494766235,dn0,drive,1.2,0.28,0.31799999999999995,4291.2,4225.0,8.86,0.091,16.6,1.1136452180278105,-0.060192327717833116,-1.0466628293616722,0.0,0.0,0.0,0.0,0.0
22.820394277572632,dn0,drive,1.2,0.28,0.31799999999999995,4291.2,4224.0,8.78,0.092,16.6,1.1440994637782753,0.04237234339686502,-1.2628609330220968,0.0,0.0,0.0,0.0,0.0
22.840638875961304,dn0,drive,1.2,0.28,0.31799999999999995,4291.2,4224.0,8.7,0.092,16.6,1.1265343184925487,-0.07314248568316462,-1.2917260066859626,0.0,0.0,0.0,0.0,0.0
22.86041283607483,dn0,drive,1.2,0.28,0.31799999999999995,4291.2,4243.0,8.25,0.09,16.6,1.096661906861239,-0.11750032432994839,-0.7640110438782628,0.0,0.0,0.0,0.0,0.0
22.880418062210083,dn0,drive,1.2,0.28,0.31799999999999995,4291.2,4236.0,8.69,0.09,16.6,1.0300975269952535,0.05747178261131136,-0.7836917493435536,0.0,0.0,0.0,0.0,0.0
22.900453090667725,dn0,drive,1.2,0.28,0.31799999999999995,4291.2,4210.0,9.15,0.092,16.6,1.0247507650537284,-0.021916333647991948,-1.4405531465286856,0.0,0.0,0.0,0.0,0.0
22.920423984527588,dn0,drive,1.2,0.28,0.31799999999999995,4291.2,4202.0,9.07,0.09,16.6,1.003461188983526,-0.23116120224531755,-1.697765742145549,0.0,0.0,0.0,0.0,0.0
22.940645694732666,dn0,drive,1.2,0.28,0.31799999999999995,4291.2,4206.0,9.07,0.091,16.6,1.03069434139554,0.08713787917245597,-1.3365279596530968,0.0,0.0,0.0,0.0,0.0
22.96039628982544,dn0,drive,1.2,0.28,0.31799999999999995,4291.2,4190.0,9.37,0.092,16.6,1.1303628788756466,0.13572360209524703,-1.4524300114699997,0.0,0.0,0.0,0.0,0.0
22.980401277542114,dn0,drive,1.2,0.28,0.31799999999999995,4291.2,4195.0,9.1,0.09,16.6,1.1636085835017054,-0.11005568558788692,-1.1333323099952324,0.0,0.0,0.0,0.0,0.0
23.0004940032959,up1,drive,1.6,0.28,0.31799999999999995,5721.6,4209.0,8.96,0.091,16.7,1.1140146650500318,-0.2645913069996233,-1.0883116711533418,0.0,0.0,0.0,0.0,0.0
23.020424604415894,up1,drive,1.6,0.28,0.31799999999999995,5721.6,4240.0,10.11,0.105,16.6,1.0459479960131324,-0.14850019824729532,-1.5873144649930282,0.0,0.0,0.0,0.0,0.0
23.04037117958069,up1,drive,1.6,0.28,0.31799999999999995,5721.6,4340.0,18.67,0.111,16.6,1.063016328597505,-1.7550320590718087,-1.260499242519046,0.0,0.0,0.0,0.0,0.0
23.060376167297363,up1,drive,1.6,0.28,0.31799999999999995,5721.6,4441.0,24.17,0.119,16.6,1.023796221540017,-2.16399861845143,-1.2815652996120548,0.0,0.0,0.0,0.0,0.0
23.080698251724243,up1,drive,1.6,0.28,0.31799999999999995,5721.6,4608.0,25.11,0.11,16.6,0.9763443501321214,-2.677931035564967,-1.38027244362425,0.0,0.0,0.0,0.0,0.0
23.10056781768799,up1,drive,1.6,0.28,0.31799999999999995,5721.6,4623.0,21.79,0.114,16.6,0.954929538911658,-1.8133383033463417,-1.3531948638618019,0.0,0.0,0.0,0.0,0.0
23.12053894996643,up1,drive,1.6,0.28,0.31799999999999995,5721.6,4693.0,20.97,0.114,16.6,1.0840517059416592,-1.708160630216355,-1.173417606254553,0.0,0.0,0.0,0.0,0.0
23.14057421684265,up1,drive,1.6,0.28,0.31799999999999995,5721.6,4784.0,19.89,0.117,16.6,1.197439784093418,-1.4929045861280343,-1.6716511988422553,0.0,0.0,0.0,0.0,0.0
23.1605966091156,up1,drive,1.6,0.28,0.31799999999999995,5721.6,4882.0,18.66,0.117,16.6,1.2053597588592047,-1.520181994493953,-1.70963559042778,0.0,0.0,0.0,0.0,0.0
23.180542469024658,up1,drive,1.6,0.28,0.31799999999999995,5721.6,4978.0,17.74,0.116,16.6,1.169994710637661,-1.2724527059886839,-1.7737163989473004,0.0,0.0,0.0,0.0,0.0
23.2006893157959,up1,drive,1.6,0.28,0.31799999999999995,5721.6,5088.0,16.62,0.118,16.6,1.1790820820672838,-0.9748310976220935,-2.107778368450141,0.0,0.0,0.0,0.0,0.0
23.22065806388855,up1,drive,1.6,0.28,0.31799999999999995,5721.6,5139.0,16.44,0.117,16.6,1.1395109703781234,-1.2560322619302724,-1.9478830336254305,0.0,0.0,0.0,0.0,0.0
23.240442276000977,up1,drive,1.6,0.28,0.31799999999999995,5721.6,5198.0,16.06,0.117,16.6,1.234698339850008,-0.5810602098398903,-2.4564317728770675,0.0,0.0,0.0,0.0,0.0
23.26037883758545,up1,drive,1.6,0.28,0.31799999999999995,5721.6,5269.0,15.25,0.119,16.6,1.370136459721241,-0.6091822485429361,-2.0016367817786147,0.0,0.0,0.0,0.0,0.0
23.280521631240845,up1,drive,1.6,0.28,0.31799999999999995,5721.6,5363.0,14.06,0.12,16.6,1.3766436275287408,-0.9711939831502931,-1.7561756283219552,0.0,0.0,0.0,0.0,0.0
23.300272703170776,up1,drive,1.6,0.28,0.31799999999999995,5721.6,5426.0,13.48,0.119,16.6,1.3018556725326995,-1.0354681883357912,-1.743361747032253,0.0,0.0,0.0,0.0,0.0
23.32040500640869,up1,drive,1.6,0.28,0.31799999999999995,5721.6,5444.0,13.59,0.12,16.6,1.26472188587318,-0.8338490942656591,-2.264977844382969,0.0,0.0,0.0,0.0,0.0
23.340516567230225,up1,drive,1.6,0.28,0.31799999999999995,5721.6,5473.0,13.37,0.119,16.6,1.254420911934808,-0.6717710668347152,-2.2806276253854207,0.0,0.0,0.0,0.0,0.0
23.36040949821472,up1,drive,1.6,0.28,0.31799999999999995,5721.6,5526.0,12.74,0.12,16.6,1.3029362501449993,-0.18157695757186332,-2.3867446537501564,0.0,0.0,0.0,0.0,0.0
23.380313634872437,up1,drive,1.6,0.28,0.31799999999999995,5721.6,5569.0,12.13,0.122,16.6,1.380261931343777,-0.34361336013460075,-2.0107359268054097,0.0,0.0,0.0,0.0,0.0
23.400306224822998,up1,drive,1.6,0.28,0.31799999999999995,5721.6,5630.0,11.32,0.119,16.6,1.4108226369588177,-0.5196818383301434,-1.6250693533543767,0.0,0.0,0.0,0.0,0.0
23.42040181159973,up1,drive,1.6,0.28,0.31799999999999995,5721.6,5654.0,11.29,0.119,16.6,1.3649109381883424,-0.5148359216057834,-2.003468422160097,0.0,0.0,0.0,0.0,0.0
23.441345930099487,up1,drive,1.6,0.28,0.31799999999999995,5721.6,5674.0,11.22,0.118,16.6,1.3063629395196041,-0.26518026782141035,-2.61386923049713,0.0,0.0,0.0,0.0,0.0
23.460266828536987,up1,drive,1.6,0.28,0.31799999999999995,5721.6,5686.0,11.11,0.12,16.6,1.349274986796269,-0.004540705758657726,-2.4862847336676737,0.0,0.0,0.0,0.0,0.0
23.480497360229492,up1,drive,1.6,0.28,0.31799999999999995,5721.6,5709.0,10.85,0.119,16.6,1.4442628855025068,0.14608957385615984,-2.1420132328381385,0.0,0.0,0.0,0.0,0.0
23.50049638748169,up1,drive,1.6,0.28,0.31799999999999995,5721.6,5741.0,10.33,0.119,16.6,1.468717495370214,-0.2230007180963831,-1.9939748824206731,0.0,0.0,0.0,0.0,0.0
23.52062749862671,up1,drive,1.6,0.28,0.31799999999999995,5721.6,5766.0,10.09,0.119,16.6,1.4241954340565415,-0.41061485299745826,-2.250621467538167,0.0,0.0,0.0,0.0,0.0
23.54024314880371,up1,drive,1.6,0.28,0.31799999999999995,5721.6,5779.0,10.0,0.117,16.6,1.3172737773476044,0.1329002190790387,-2.4578836365856773,0.0,0.0,0.0,0.0,0.0
23.560442686080933,up1,drive,1.6,0.28,0.31799999999999995,5721.6,5780.0,10.12,0.119,16.6,1.2913052935582416,0.12753424731779361,-2.672468858829575,0.0,0.0,0.0,0.0,0.0
23.580450534820557,up1,drive,1.6,0.28,0.31799999999999995,5721.6,5788.0,10.01,0.117,16.6,1.320671837740491,-0.025933983103477054,-1.99492096195371,0.0,0.0,0.0,0.0,0.0
23.600562810897827,up1,drive,1.6,0.28,0.31799999999999995,5721.6,5805.0,9.73,0.118,16.6,1.3755385488344125,0.06636262513971447,-1.8748770347522168,0.0,0.0,0.0,0.0,0.0
23.62045979499817,up1,drive,1.6,0.28,0.31799999999999995,5721.6,5808.0,9.64,0.118,16.6,1.41784992012721,-0.027927472593887614,-2.217914188304718,0.0,0.0,0.0,0.0,0.0
23.640496730804443,up1,drive,1.6,0.28,0.31799999999999995,5721.6,5826.0,9.55,0.12,16.6,1.4034462133715164,0.13079262665205427,-2.1496096433779712,0.0,0.0,0.0,0.0,0.0
23.660663843154907,up1,drive,1.6,0.28,0.31799999999999995,5721.6,5849.0,9.05,0.118,16.6,1.3533518869510168,0.04848143691354112,-2.160887168689271,0.0,0.0,0.0,0.0,0.0
23.68068027496338,up1,drive,1.6,0.28,0.31799999999999995,5721.6,5833.0,9.37,0.117,16.6,1.3191550343416363,-0.286798265550523,-2.0698661899810133,0.0,0.0,0.0,0.0,0.0
23.700484037399292,up1,drive,1.6,0.28,0.31799999999999995,5721.6,5827.0,9.57,0.118,16.6,1.3259888388568342,-0.05457262333151558,-2.290381366232509,0.0,0.0,0.0,0.0,0.0
23.720356941223145,up1,drive,1.6,0.28,0.31799999999999995,5721.6,5839.0,9.28,0.119,16.6,1.389768883803142,0.4421254629513456,-2.4941018766078287,0.0,0.0,0.0,0.0,0.0
23.74044680595398,up1,drive,1.6,0.28,0.31799999999999995,5721.6,5847.0,9.09,0.119,16.6,1.4135780765806683,0.05638996544286101,-2.3156486479515195,0.0,0.0,0.0,0.0,0.0
23.76048183441162,up1,drive,1.6,0.28,0.31799999999999995,5721.6,5861.0,8.86,0.12,16.6,1.3744951223193194,-0.21554336165973353,-1.766036957941651,0.0,0.0,0.0,0.0,0.0
23.780538320541382,up1,drive,1.6,0.28,0.31799999999999995,5721.6,5853.0,9.03,0.118,16.6,1.3378020888202076,-0.13369607084475366,-2.1992402272374534,0.0,0.0,0.0,0.0,0.0
23.80036997795105,dn1,drive,1.2,0.28,0.31799999999999995,4291.2,5826.0,9.6,0.119,16.6,1.3089755005489718,-0.10839746997556521,-2.610474336944094,0.0,0.0,0.0,0.0,0.0
23.820428133010864,dn1,drive,1.2,0.28,0.31799999999999995,4291.2,5806.0,8.21,0.102,16.6,1.3557683061661001,-0.06493854941105415,-2.4151021890736786,0.0,0.0,0.0,0.0,0.0
23.840277433395386,dn1,drive,1.2,0.28,0.31799999999999995,4291.2,5627.0,0.94,0.081,16.7,1.4481413801560437,1.294860699131334,-2.3843189362329724,0.0,0.0,0.0,0.0,0.0
23.860454559326172,dn1,drive,1.2,0.28,0.31799999999999995,4291.2,5551.0,-3.69,0.069,16.7,1.449097454987382,1.6179187930271155,-1.551870103995583,0.0,0.0,0.0,0.0,0.0
23.8806414604187,dn1,drive,1.2,0.28,0.31799999999999995,4291.2,5417.0,-8.36,0.082,16.7,1.3166625818774311,2.3983187790881146,-1.069274013256937,0.0,0.0,0.0,0.0,0.0
23.900477647781372,dn1,drive,1.2,0.28,0.31799999999999995,4291.2,5414.0,-4.26,0.074,16.7,1.2914822606126775,2.0339239385494636,-2.5070540445536267,0.0,0.0,0.0,0.0,0.0
23.920701503753662,dn1,drive,1.2,0.28,0.31799999999999995,4291.2,5331.0,-2.59,0.082,16.7,1.2761893243690066,1.739363128437276,-2.093455028375189,0.0,0.0,0.0,0.0,0.0
23.940411806106567,dn1,drive,1.2,0.28,0.31799999999999995,4291.2,5240.0,-1.34,0.082,16.7,1.2657626492271827,1.5118165288825338,-1.8917260797362871,0.0,0.0,0.0,0.0,0.0
23.960530519485474,dn1,drive,1.2,0.28,0.31799999999999995,4291.2,5174.0,-1.06,0.084,16.7,1.3244312890933014,1.534163126258207,-1.750987978373189,0.0,0.0,0.0,0.0,0.0
23.980452299118042,dn1,drive,1.2,0.28,0.31799999999999995,4291.2,5135.0,-1.01,0.083,16.7,1.322099957875046,1.2452764544578798,-1.5516394313282262,0.0,0.0,0.0,0.0,0.0
24.000617742538452,dn1,drive,1.2,0.28,0.31799999999999995,4291.2,5086.0,-0.67,0.083,16.7,1.2312450188645023,1.1094519147981146,-1.5973333770812985,0.0,0.0,0.0,0.0,0.0
24.020463466644287,dn1,drive,1.2,0.28,0.31799999999999995,4291.2,5031.0,0.03,0.081,16.7,1.1514939968609894,1.376707980810039,-1.5481664774428907,0.0,0.0,0.0,0.0,0.0
24.040510654449463,dn1,drive,1.2,0.28,0.31799999999999995,4291.2,4955.0,0.89,0.082,16.7,1.187054254790436,1.2779634146160674,-1.7047148658849665,0.0,0.0,0.0,0.0,0.0
24.06046199798584,dn1,drive,1.2,0.28,0.31799999999999995,4291.2,4889.0,1.56,0.082,16.7,1.1763126608497103,0.9004317071992958,-1.2461615767651324,0.0,0.0,0.0,0.0,0.0
24.08039402961731,dn1,drive,1.2,0.28,0.31799999999999995,4291.2,4792.0,2.62,0.087,16.7,1.1948274893801594,0.7073971300663331,-1.2667446538245883,0.0,0.0,0.0,0.0,0.0
24.10043740272522,dn1,drive,1.2,0.28,0.31799999999999995,4291.2,4711.0,3.42,0.09,16.7,1.2109609192638593,0.5872194478010684,-1.2439881666141446,0.0,0.0,0.0,0.0,0.0
24.120343685150146,dn1,drive,1.2,0.28,0.31799999999999995,4291.2,4646.0,4.09,0.09,16.7,1.2092306635036347,0.7291419758354323,-1.5531550296901742,0.0,0.0,0.0,0.0,0.0
24.140414476394653,dn1,drive,1.2,0.28,0.31799999999999995,4291.2,4585.0,4.75,0.092,16.6,1.1522866867594515,0.4749775338685822,-1.258831324182836,0.0,0.0,0.0,0.0,0.0
24.160434246063232,dn1,drive,1.2,0.28,0.31799999999999995,4291.2,4546.0,4.97,0.091,16.7,1.0937407520405582,0.3654594358290133,-1.0984136137074287,0.0,0.0,0.0,0.0,0.0
24.180425882339478,dn1,drive,1.2,0.28,0.31799999999999995,4291.2,4498.0,5.34,0.089,16.7,1.0793426379231539,0.49670611706845236,-1.1517647810457206,0.0,0.0,0.0,0.0,0.0
24.200289964675903,dn1,drive,1.2,0.28,0.31799999999999995,4291.2,4436.0,6.21,0.088,16.7,1.0740982745255425,0.1691519709573317,-1.2240296453032826,0.0,0.0,0.0,0.0,0.0
24.220312356948853,dn1,drive,1.2,0.28,0.31799999999999995,4291.2,4387.0,6.92,0.091,16.6,1.0875793957006055,0.23898963762118441,-1.393240399052985,0.0,0.0,0.0,0.0,0.0
24.240442276000977,dn1,drive,1.2,0.28,0.31799999999999995,4291.2,4332.0,7.3,0.092,16.7,1.1230856580389506,0.08264352630423843,-1.1746971232744343,0.0,0.0,0.0,0.0,0.0
24.26043200492859,dn1,drive,1.2,0.28,0.31799999999999995,4291.2,4322.0,7.18,0.089,16.6,1.0971054563407916,0.04523747918912768,-1.2813641553850061,0.0,0.0,0.0,0.0,0.0
24.280385494232178,dn1,drive,1.2,0.28,0.31799999999999995,4291.2,4317.0,7.25,0.09,16.6,1.065426023330836,0.19104910015559362,-1.3372655859392069,0.0,0.0,0.0,0.0,0.0
24.300402879714966,dn1,drive,1.2,0.28,0.31799999999999995,4291.2,4297.0,7.55,0.091,16.7,1.0549152588775927,0.15556936350193773,-1.5495703939810994,0.0,0.0,0.0,0.0,0.0
24.32134246826172,dn1,drive,1.2,0.28,0.31799999999999995,4291.2,4289.0,7.34,0.09,16.6,1.0636373777637114,-0.002701317816104609,-1.3160001387839202,0.0,0.0,0.0,0.0,0.0
24.340455532073975,dn1,drive,1.2,0.28,0.31799999999999995,4291.2,4268.0,7.84,0.088,16.6,1.0531089698682465,0.045926089360679434,-0.9086825673790244,0.0,0.0,0.0,0.0,0.0
24.360539197921753,dn1,drive,1.2,0.28,0.31799999999999995,4291.2,4242.0,8.36,0.091,16.6,1.065476290496411,-0.10082782872103646,-1.0796250472084736,0.0,0.0,0.0,0.0,0.0
24.380386352539062,dn1,drive,1.2,0.28,0.31799999999999995,4291.2,4226.0,8.27,0.091,16.6,1.049310103731303,-0.11984535026767684,-1.1344779257709448,0.0,0.0,0.0,0.0,0.0
24.400410890579224,dn1,drive,1.2,0.28,0.31799999999999995,4291.2,4228.0,8.14,0.088,16.7,1.0802949177499388,-0.005173210066369283,-1.1441259781905941,0.0,0.0,0.0,0.0,0.0
24.420462131500244,dn1,drive,1.2,0.28,0.31799999999999995,4291.2,4235.0,8.24,0.091,16.6,1.0697507972040428,0.13405097857749038,-1.3249794158847124,0.0,0.0,0.0,0.0,0.0
24.440322875976562,dn1,drive,1.2,0.28,0.31799999999999995,4291.2,4222.0,8.3,0.091,16.6,1.080474081912274,-0.10655810030556179,-1.18152871797421,0.0,0.0,0.0,0.0,0.0
24.46049165725708,dn1,drive,1.2,0.28,0.31799999999999995,4291.2,4213.0,8.41,0.091,16.6,1.0748020814226231,-0.22304245259988775,-1.0801878417390967,0.0,0.0,0.0,0.0,0.0
24.480434894561768,dn1,drive,1.2,0.28,0.31799999999999995,4291.2,4224.0,8.37,0.089,16.6,1.0551658623361693,-0.20311155938416547,-1.3279951174864664,0.0,0.0,0.0,0.0,0.0
24.500415563583374,dn1,drive,1.2,0.28,0.31799999999999995,4291.2,4217.0,8.54,0.092,16.6,1.0181570445108015,0.0029455578516102143,-1.503712726182755,0.0,0.0,0.0,0.0,0.0
24.52044701576233,dn1,drive,1.2,0.28,0.31799999999999995,4291.2,4196.0,8.66,0.091,16.6,1.0572639006429336,-0.35081881120114744,-1.379006229020547,0.0,0.0,0.0,0.0,0.0
24.540533781051636,dn1,drive,1.2,0.28,0.31799999999999995,4291.2,4205.0,8.55,0.089,16.6,1.095635391419068,0.09045245573330529,-1.4986291566770547,0.0,0.0,0.0,0.0,0.0
24.5604190826416,dn1,drive,1.2,0.28,0.31799999999999995,4291.2,4209.0,8.64,0.092,16.6,1.121208395786554,0.12465456657597329,-1.1919143966799695,0.0,0.0,0.0,0.0,0.0
24.580386638641357,dn1,drive,1.2,0.28,0.31799999999999995,4291.2,4194.0,8.8,0.092,16.6,1.0836674783753881,-0.43251205528591896,-1.131480935260079,0.0,0.0,0.0,0.0,0.0
24.60048508644104,up2,drive,1.6,0.28,0.31799999999999995,5721.6,4208.0,8.49,0.09,16.6,1.031342421646811,-0.36083494586186404,-1.1890020446192935,0.0,0.0,0.0,0.0,0.0
24.62077522277832,up2,drive,1.6,0.28,0.31799999999999995,5721.6,4224.0,9.69,0.103,16.6,1.054369643749263,0.1159885175220623,-1.652644531190134,0.0,0.0,0.0,0.0,0.0
24.640719175338745,up2,drive,1.6,0.28,0.31799999999999995,5721.6,4352.0,17.87,0.112,16.6,1.094475251869202,-1.3262614179713523,-1.558021959846684,0.0,0.0,0.0,0.0,0.0
24.660869598388672,up2,drive,1.6,0.28,0.31799999999999995,5721.6,4502.0,22.42,0.122,16.6,1.0727966545427665,-1.7978873276845775,-1.636656196386923,0.0,0.0,0.0,0.0,0.0
24.680611848831177,up2,drive,1.6,0.28,0.31799999999999995,5721.6,4679.0,23.64,0.117,16.6,1.0185081823005282,-2.4628850527079464,-1.534770213449292,0.0,0.0,0.0,0.0,0.0
24.70063877105713,up2,drive,1.6,0.28,0.31799999999999995,5721.6,4743.0,19.24,0.109,16.6,1.0018341307155423,-2.0802429516825214,-1.2069877883748248,0.0,0.0,0.0,0.0,0.0
24.72135853767395,up2,drive,1.6,0.28,0.31799999999999995,5721.6,4761.0,19.89,0.109,16.6,1.068199372711017,-1.6015237843578802,-1.1661458623777108,0.0,0.0,0.0,0.0,0.0
24.740408658981323,up2,drive,1.6,0.28,0.31799999999999995,5721.6,4810.0,19.55,0.114,16.6,1.165019925721393,-1.406001216858371,-1.6582236522435778,0.0,0.0,0.0,0.0,0.0
24.760460138320923,up2,drive,1.6,0.28,0.31799999999999995,5721.6,4884.0,18.55,0.117,16.6,1.17062175191632,-1.308367329325094,-1.7860379446580055,0.0,0.0,0.0,0.0,0.0
24.78040385246277,up2,drive,1.6,0.28,0.31799999999999995,5721.6,5026.0,16.47,0.119,16.6,1.1630160301591628,-1.0998692050161765,-2.083940438658516,0.0,0.0,0.0,0.0,0.0
24.800390481948853,up2,drive,1.6,0.28,0.31799999999999995,5721.6,5048.0,16.59,0.114,16.6,1.090661405451127,-1.7650897089654336,-1.5745543780896298,0.0,0.0,0.0,0.0,0.0
24.820504665374756,up2,drive,1.6,0.28,0.31799999999999995,5721.6,5103.0,16.59,0.115,16.6,1.1581596227533488,-1.0588115167522574,-1.7800454254402496,0.0,0.0,0.0,0.0,0.0
24.840566396713257,up2,drive,1.6,0.28,0.31799999999999995,5721.6,5140.0,16.27,0.114,16.6,1.2601645514577817,-0.825955133526584,-1.8725825872320456,0.0,0.0,0.0,0.0,0.0
24.860453605651855,up2,drive,1.6,0.28,0.31799999999999995,5721.6,5209.0,15.56,0.116,16.6,1.3243872137772605,-0.5391342831046373,-2.500213094308407,0.0,0.0,0.0,0.0,0.0
24.88043761253357,up2,drive,1.6,0.28,0.31799999999999995,5721.6,5295.0,14.32,0.117,16.6,1.30293065750671,-0.8517865984899942,-1.98098821590105,0.0,0.0,0.0,0.0,0.0
24.900435209274292,up2,drive,1.6,0.28,0.31799999999999995,5721.6,5356.0,13.95,0.117,16.6,1.2681352594423343,-0.7742251067972816,-1.8300923310719952,0.0,0.0,0.0,0.0,0.0
24.92041826248169,up2,drive,1.6,0.28,0.31799999999999995,5721.6,5391.0,13.69,0.118,16.6,1.3063107415622386,-0.76630212924929,-1.6745970262139735,0.0,0.0,0.0,0.0,0.0
24.940441608428955,up2,drive,1.6,0.28,0.31799999999999995,5721.6,5430.0,13.46,0.118,16.6,1.3069807928925028,-0.953789452655478,-1.7981916752723066,0.0,0.0,0.0,0.0,0.0
24.96039867401123,up2,drive,1.6,0.28,0.31799999999999995,5721.6,5476.0,12.82,0.12,16.6,1.2841532412927794,-0.6961417510852641,-2.1444073753894486,0.0,0.0,0.0,0.0,0.0
24.98056936264038,up2,drive,1.6,0.28,0.31799999999999995,5721.6,5521.0,12.36,0.119,16.6,1.3608789122979623,-0.32285256425680586,-2.2424856513313216,0.0,0.0,0.0,0.0,0.0
25.000354528427124,up2,drive,1.6,0.28,0.31799999999999995,5721.6,5562.0,11.91,0.119,16.6,1.4001032804131943,-0.33111263380158107,-2.2591478777673046,0.0,0.0,0.0,0.0,0.0
25.020299673080444,up2,drive,1.6,0.28,0.31799999999999995,5721.6,5613.0,11.22,0.12,16.6,1.3761307027027916,-0.6626155692646591,-2.0777476522960967,0.0,0.0,0.0,0.0,0.0
25.040377855300903,up2,drive,1.6,0.28,0.31799999999999995,5721.6,5629.0,11.36,0.118,16.6,1.3399591161451172,-0.42203201713353167,-2.2325807599531515,0.0,0.0,0.0,0.0,0.0
25.060436964035034,up2,drive,1.6,0.28,0.31799999999999995,5721.6,5639.0,11.29,0.118,16.6,1.3376795834100639,-0.07461584704649127,-2.4737024021277136,0.0,0.0,0.0,0.0,0.0
25.080399751663208,up2,drive,1.6,0.28,0.31799999999999995,5721.6,5680.0,10.75,0.119,16.6,1.407101135651541,0.14714252039609121,-2.5909361573664285,0.0,0.0,0.0,0.0,0.0
25.10037851333618,up2,drive,1.6,0.28,0.31799999999999995,5721.6,5712.0,10.21,0.119,16.6,1.475300962742944,-0.1903860806898905,-2.2804884616469394,0.0,0.0,0.0,0.0,0.0
25.120507955551147,up2,drive,1.6,0.28,0.31799999999999995,5721.6,5734.0,10.19,0.119,16.6,1.4369688867509431,-0.2778367859131343,-2.184968635023239,0.0,0.0,0.0,0.0,0.0
25.140281677246094,up2,drive,1.6,0.28,0.31799999999999995,5721.6,5747.0,10.02,0.119,16.6,1.3656350516887348,-0.19316606640057188,-2.5371920571194835,0.0,0.0,0.0,0.0,0.0
25.160425186157227,up2,drive,1.6,0.28,0.31799999999999995,5721.6,5758.0,9.98,0.117,16.6,1.3738935142290705,0.1335888749319647,-2.765384920211858,0.0,0.0,0.0,0.0,0.0
25.18054747581482,up2,drive,1.6,0.28,0.31799999999999995,5721.6,5773.0,9.78,0.118,16.6,1.3726375674589892,0.10952621105163374,-2.320337530383796,0.0,0.0,0.0,0.0,0.0
25.200496673583984,up2,drive,1.6,0.28,0.31799999999999995,5721.6,5773.0,9.79,0.118,16.6,1.423410467325241,-0.21693335451507423,-1.6908128177157948,0.0,0.0,0.0,0.0,0.0
25.220513105392456,up2,drive,1.6,0.28,0.31799999999999995,5721.6,5787.0,9.65,0.117,16.6,1.4732969340226596,0.0639758875391685,-2.5625923630002774,0.0,0.0,0.0,0.0,0.0
25.242380619049072,up2,drive,1.6,0.28,0.31799999999999995,5721.6,5797.0,9.54,0.121,16.6,1.4517100160167498,0.08268529735284247,-2.6393361946392133,0.0,0.0,0.0,0.0,0.0
25.26060152053833,up2,drive,1.6,0.28,0.31799999999999995,5721.6,5820.0,8.96,0.12,16.6,1.3950764306976153,0.024239245232451356,-2.2169371185273974,0.0,0.0,0.0,0.0,0.0
25.280466318130493,up2,drive,1.6,0.28,0.31799999999999995,5721.6,5814.0,9.35,0.117,16.6,1.3902016474802796,0.034155735111540686,-2.1018995775816904,0.0,0.0,0.0,0.0,0.0
25.30056142807007,up2,drive,1.6,0.28,0.31799999999999995,5721.6,5810.0,9.46,0.119,16.6,1.4062213603854334,-0.06207514951101256,-1.98853317094094,0.0,0.0,0.0,0.0,0.0
25.320507287979126,up2,drive,1.6,0.28,0.31799999999999995,5721.6,5818.0,9.18,0.119,16.6,1.4340836180259515,-0.030779845010187934,-2.5888963560988145,0.0,0.0,0.0,0.0,0.0
25.34054470062256,up2,drive,1.6,0.28,0.31799999999999995,5721.6,5830.0,8.95,0.118,16.6,1.383843217219661,0.2073445782466372,-2.669149102000887,0.0,0.0,0.0,0.0,0.0
25.360445499420166,up2,drive,1.6,0.28,0.31799999999999995,5721.6,5832.0,9.06,0.12,16.6,1.361731257004842,0.09223576522084276,-2.637147874087674,0.0,0.0,0.0,0.0,0.0
25.380321741104126,up2,drive,1.6,0.28,0.31799999999999995,5721.6,5827.0,9.0,0.118,16.6,1.3660423821774623,-0.061386521066911115,-2.0421632504777847,0.0,0.0,0.0,0.0,0.0
25.400354862213135,dn2,drive,1.2,0.28,0.31799999999999995,4291.2,5813.0,9.27,0.117,16.6,1.3754177744789773,-0.2522028837570325,-1.9355021386733142,0.0,0.0,0.0,0.0,0.0
25.420395135879517,dn2,drive,1.2,0.28,0.31799999999999995,4291.2,5784.0,8.16,0.103,16.6,1.3519499989531991,-0.019149038223074122,-2.3846507657354437,0.0,0.0,0.0,0.0,0.0
25.44048571586609,dn2,drive,1.2,0.28,0.31799999999999995,4291.2,5618.0,0.53,0.08,16.7,1.391603402320043,1.3507931199298184,-2.3820800372638757,0.0,0.0,0.0,0.0,0.0
25.460461616516113,dn2,drive,1.2,0.28,0.31799999999999995,4291.2,5515.0,-3.49,0.068,16.7,1.4358072158834507,1.9159915871907884,-1.9668598804764486,0.0,0.0,0.0,0.0,0.0
25.480280876159668,dn2,drive,1.2,0.28,0.31799999999999995,4291.2,5401.0,-8.85,0.081,16.7,1.3803219856263582,2.5092543518977664,-1.3218739595188538,0.0,0.0,0.0,0.0,0.0
25.50044870376587,dn2,drive,1.2,0.28,0.31799999999999995,4291.2,5407.0,-4.49,0.074,16.7,1.3157106349457826,1.7348397222150425,-1.8384249060939624,0.0,0.0,0.0,0.0,0.0
25.520426750183105,dn2,drive,1.2,0.28,0.31799999999999995,4291.2,5319.0,-2.84,0.082,16.7,1.2593877073678055,1.6727003355555752,-2.3184939032097134,0.0,0.0,0.0,0.0,0.0
25.540578842163086,dn2,drive,1.2,0.28,0.31799999999999995,4291.2,5222.0,-1.42,0.081,16.7,1.2706881656632842,1.5669752168367097,-2.255203053558631,0.0,0.0,0.0,0.0,0.0
25.5603928565979,dn2,drive,1.2,0.28,0.31799999999999995,4291.2,5132.0,-0.63,0.083,16.7,1.2966441325955236,1.4430462532091468,-2.0767322832546142,0.0,0.0,0.0,0.0,0.0
25.58041477203369,dn2,drive,1.2,0.28,0.31799999999999995,4291.2,5064.0,-0.28,0.083,16.7,1.2775138475371575,1.0716815313146242,-1.572158773734344,0.0,0.0,0.0,0.0,0.0
25.600338220596313,dn2,drive,1.2,0.28,0.31799999999999995,4291.2,5021.0,0.23,0.083,16.7,1.2611090415383783,1.2951977911281176,-1.7088485551672932,0.0,0.0,0.0,0.0,0.0
25.620344877243042,dn2,drive,1.2,0.28,0.31799999999999995,4291.2,5014.0,-0.53,0.082,16.7,1.2584906215546123,1.4786256848939416,-1.5419760299668326,0.0,0.0,0.0,0.0,0.0
25.640315771102905,dn2,drive,1.2,0.28,0.31799999999999995,4291.2,4951.0,0.7,0.081,16.7,1.2265920769659702,1.0957296685179472,-1.4556793093470617,0.0,0.0,0.0,0.0,0.0
25.6605122089386,dn2,drive,1.2,0.28,0.31799999999999995,4291.2,4849.0,1.8,0.083,16.7,1.1912240992672274,0.818908872912985,-1.4101397300938174,0.0,0.0,0.0,0.0,0.0
25.68057084083557,dn2,drive,1.2,0.28,0.31799999999999995,4291.2,4745.0,3.06,0.088,16.7,1.1895152819537782,0.7977837589393602,-1.3483197476030284,0.0,0.0,0.0,0.0,0.0
25.700567960739136,dn2,drive,1.2,0.28,0.31799999999999995,4291.2,4669.0,3.79,0.089,16.7,1.233866634641576,0.6581662765039908,-1.0957057680229454,0.0,0.0,0.0,0.0,0.0
25.720415115356445,dn2,drive,1.2,0.28,0.31799999999999995,4291.2,4603.0,4.48,0.09,16.6,1.185800305391172,0.476999939668886,-0.7937356582798074,0.0,0.0,0.0,0.0,0.0
25.74038600921631,dn2,drive,1.2,0.28,0.31799999999999995,4291.2,4528.0,5.28,0.091,16.6,1.1276151624209574,0.2328788584617989,-1.2907571230109056,0.0,0.0,0.0,0.0,0.0
25.760634183883667,dn2,drive,1.2,0.28,0.31799999999999995,4291.2,4490.0,5.47,0.092,16.6,1.0765562390536312,0.31065227518588046,-1.6508482664648625,0.0,0.0,0.0,0.0,0.0
25.780343294143677,dn2,drive,1.2,0.28,0.31799999999999995,4291.2,4464.0,5.39,0.089,16.6,1.0797594892127786,0.47052487895876993,-1.2539638093047358,0.0,0.0,0.0,0.0,0.0
25.800418853759766,dn2,drive,1.2,0.28,0.31799999999999995,4291.2,4427.0,6.08,0.089,16.6,1.0750466261897198,0.5017495235099219,-1.216172448934195,0.0,0.0,0.0,0.0,0.0
25.82039785385132,dn2,drive,1.2,0.28,0.31799999999999995,4291.2,4368.0,6.93,0.09,16.6,1.1041200229149786,0.1225886903799438,-1.1843045375435608,0.0,0.0,0.0,0.0,0.0
25.840457916259766,dn2,drive,1.2,0.28,0.31799999999999995,4291.2,4335.0,7.05,0.091,16.6,1.1149935764877177,-0.0634651880477275,-1.319346500444965,0.0,0.0,0.0,0.0,0.0
25.860409259796143,dn2,drive,1.2,0.28,0.31799999999999995,4291.2,4320.0,7.12,0.087,16.6,1.1178347033176415,0.3311321854297553,-1.4994609231391962,0.0,0.0,0.0,0.0,0.0
25.880451679229736,dn2,drive,1.2,0.28,0.31799999999999995,4291.2,4296.0,7.51,0.092,16.6,1.0707259136371752,0.12843305576476816,-1.422067465813484,0.0,0.0,0.0,0.0,0.0
25.900524139404297,dn2,drive,1.2,0.28,0.31799999999999995,4291.2,4276.0,7.51,0.089,16.6,1.0665674541740437,0.02676727532351819,-1.4786945358611945,0.0,0.0,0.0,0.0,0.0
25.920494556427002,dn2,drive,1.2,0.28,0.31799999999999995,4291.2,4267.0,7.69,0.09,16.6,1.1058176549518495,0.24883550866383786,-1.550152776684996,0.0,0.0,0.0,0.0,0.0
25.940452814102173,dn2,drive,1.2,0.28,0.31799999999999995,4291.2,4268.0,7.57,0.087,16.6,1.1038102307011752,0.03069979525404043,-0.8359304838563801,0.0,0.0,0.0,0.0,0.0
25.960696935653687,dn2,drive,1.2,0.28,0.31799999999999995,4291.2,4236.0,8.17,0.089,16.6,1.0900521407727441,-0.07388731135385473,-0.8932272063053333,0.0,0.0,0.0,0.0,0.0
25.980666637420654,dn2,drive,1.2,0.28,0.31799999999999995,4291.2,4223.0,8.21,0.091,16.6,1.0897347585498338,-0.24013715374206512,-0.9780260163912615,0.0,0.0,0.0,0.0,0.0
26.000377655029297,dn2,drive,1.2,0.28,0.31799999999999995,4291.2,4218.0,8.3,0.089,16.6,1.0350545353112452,0.0351669243072803,-1.340054707924736,0.0,0.0,0.0,0.0,0.0
26.020338535308838,dn2,drive,1.2,0.28,0.31799999999999995,4291.2,4199.0,8.59,0.09,16.6,1.035295684547952,0.1778759257212279,-1.4861801416596734,0.0,0.0,0.0,0.0,0.0
26.040411949157715,dn2,drive,1.2,0.28,0.31799999999999995,4291.2,4198.0,8.44,0.091,16.6,1.0876171460090573,0.0857751032798868,-1.5608736470423707,0.0,0.0,0.0,0.0,0.0
26.060437202453613,dn2,drive,1.2,0.28,0.31799999999999995,4291.2,4210.0,8.27,0.089,16.6,1.1166505287389377,-0.06680870832729457,-1.3322869739589578,0.0,0.0,0.0,0.0,0.0
26.080448389053345,dn2,drive,1.2,0.28,0.31799999999999995,4291.2,4212.0,8.36,0.092,16.6,1.0876311941838075,-0.24707615448895126,-1.2887719932119808,0.0,0.0,0.0,0.0,0.0
26.100262880325317,dn2,drive,1.2,0.28,0.31799999999999995,4291.2,4217.0,8.2,0.09,16.6,1.073367037069234,-0.03541384583945373,-0.9204360560647942,0.0,0.0,0.0,0.0,0.0
26.12047576904297,dn2,drive,1.2,0.28,0.31799999999999995,4291.2,4211.0,8.36,0.09,16.6,1.0830115417989015,0.17241206791126373,-0.9738022799840351,0.0,0.0,0.0,0.0,0.0
26.140400171279907,dn2,drive,1.2,0.28,0.31799999999999995,4291.2,4207.0,8.58,0.089,16.6,1.0458202974388633,0.027988717612329683,-0.9025143393233961,0.0,0.0,0.0,0.0,0.0
26.160308599472046,dn2,drive,1.2,0.28,0.31799999999999995,4291.2,4187.0,8.88,0.091,16.6,1.0336285457055623,-0.19393987233507914,-1.159340141608304,0.0,0.0,0.0,0.0,0.0
26.182806968688965,dn2,drive,1.2,0.28,0.31799999999999995,4291.2,4194.0,8.56,0.09,16.6,1.0511625985855622,-0.06795951350712048,-1.4305468059546058,0.0,0.0,0.0,0.0,0.0
26.200356006622314,up3,drive,1.6,0.28,0.31799999999999995,5721.6,4194.0,8.75,0.09,16.6,1.0796355856430626,0.03467579700063195,-1.5376558144972137,0.0,0.0,0.0,0.0,0.0
26.220332622528076,up3,drive,1.6,0.28,0.31799999999999995,5721.6,4215.0,10.19,0.107,16.6,1.0988066170661068,-0.2742541236394267,-1.2390165712929786,0.0,0.0,0.0,0.0,0.0
26.240328550338745,up3,drive,1.6,0.28,0.31799999999999995,5721.6,4334.0,18.38,0.11,16.6,1.1195069021661022,-1.8557718415121371,-1.266818621105756,0.0,0.0,0.0,0.0,0.0
26.260462999343872,up3,drive,1.6,0.28,0.31799999999999995,5721.6,4442.0,23.78,0.12,16.6,1.0437737247201646,-2.118067568093508,-1.3155472719122656,0.0,0.0,0.0,0.0,0.0
26.280420780181885,up3,drive,1.6,0.28,0.31799999999999995,5721.6,4657.0,23.65,0.111,16.6,1.0016816647431352,-1.9514243999368261,-1.7863010693736214,0.0,0.0,0.0,0.0,0.0
26.300455570220947,up3,drive,1.6,0.28,0.31799999999999995,5721.6,4747.0,19.05,0.111,16.6,1.032420935309266,-1.652483440392018,-1.701133153783843,0.0,0.0,0.0,0.0,0.0
26.320404291152954,up3,drive,1.6,0.28,0.31799999999999995,5721.6,4800.0,19.09,0.113,16.6,1.0371619612608522,-1.7128958518346593,-1.1738039610453157,0.0,0.0,0.0,0.0,0.0
26.340338468551636,up3,drive,1.6,0.28,0.31799999999999995,5721.6,4817.0,19.4,0.117,16.6,1.057541934660738,-1.5530777002598626,-1.6914273601071557,0.0,0.0,0.0,0.0,0.0
26.36071276664734,up3,drive,1.6,0.28,0.31799999999999995,5721.6,4893.0,18.32,0.117,16.6,1.1725600005576797,-1.2830561934868143,-1.9736350495427644,0.0,0.0,0.0,0.0,0.0
26.38027000427246,up3,drive,1.6,0.28,0.31799999999999995,5721.6,4960.0,17.59,0.114,16.6,1.2155791069101656,-1.4328437385415356,-1.441139622283714,0.0,0.0,0.0,0.0,0.0
26.400479078292847,up3,drive,1.6,0.28,0.31799999999999995,5721.6,5024.0,17.11,0.115,16.6,1.2363139465253046,-1.1707308836375176,-1.2955544712981748,0.0,0.0,0.0,0.0,0.0
26.420414209365845,up3,drive,1.6,0.28,0.31799999999999995,5721.6,5097.0,16.53,0.117,16.6,1.2831926390875878,-0.9891713215329645,-1.381883643966205,0.0,0.0,0.0,0.0,0.0
26.440467357635498,up3,drive,1.6,0.28,0.31799999999999995,5721.6,5176.0,15.52,0.116,16.6,1.2611402005231322,-1.2178142740694398,-1.8823436370990123,0.0,0.0,0.0,0.0,0.0
26.460331678390503,up3,drive,1.6,0.28,0.31799999999999995,5721.6,5221.0,15.32,0.118,16.6,1.2096232134483125,-1.2710755404632295,-1.9671972648340272,0.0,0.0,0.0,0.0,0.0
26.480332851409912,up3,drive,1.6,0.28,0.31799999999999995,5721.6,5266.0,14.98,0.119,16.6,1.2129376505829705,-0.8270496592533476,-2.665382325516447,0.0,0.0,0.0,0.0,0.0
26.500425338745117,up3,drive,1.6,0.28,0.31799999999999995,5721.6,5337.0,14.02,0.12,16.6,1.2934794982721824,-0.6360521059604451,-2.294496636784743,0.0,0.0,0.0,0.0,0.0
26.520440101623535,up3,drive,1.6,0.28,0.31799999999999995,5721.6,5390.0,13.53,0.12,16.6,1.3320091808170673,-0.8669294989638914,-1.8293813096182419,0.0,0.0,0.0,0.0,0.0
26.540424585342407,up3,drive,1.6,0.28,0.31799999999999995,5721.6,5438.0,13.04,0.12,16.6,1.3605809045719826,-0.7777644265831114,-1.8835937718589832,0.0,0.0,0.0,0.0,0.0
26.560428619384766,up3,drive,1.6,0.28,0.31799999999999995,5721.6,5479.0,12.74,0.118,16.6,1.3285000666067244,-0.5585323487712373,-1.9770571326497475,0.0,0.0,0.0,0.0,0.0
26.580605268478394,up3,drive,1.6,0.28,0.31799999999999995,5721.6,5521.0,12.36,0.117,16.6,1.3188770003238321,-0.28425399573091426,-2.4723435091519548,0.0,0.0,0.0,0.0,0.0
26.600489616394043,up3,drive,1.6,0.28,0.31799999999999995,5721.6,5564.0,11.85,0.12,16.6,1.359656521357616,-0.15178576713550296,-2.8596183593369915,0.0,0.0,0.0,0.0,0.0
26.620282649993896,up3,drive,1.6,0.28,0.31799999999999995,5721.6,5610.0,11.33,0.117,16.6,1.4183563202084886,-0.2246298986272386,-1.951237873749534,0.0,0.0,0.0,0.0,0.0
26.64048981666565,up3,drive,1.6,0.28,0.31799999999999995,5721.6,5642.0,11.08,0.118,16.6,1.4122642060568775,-0.5289803368741168,-1.8549257493710343,0.0,0.0,0.0,0.0,0.0
26.66051697731018,up3,drive,1.6,0.28,0.31799999999999995,5721.6,5656.0,11.03,0.117,16.6,1.4039065407659366,-0.2545751723389067,-2.2219502290814717,0.0,0.0,0.0,0.0,0.0
26.680634260177612,up3,drive,1.6,0.28,0.31799999999999995,5721.6,5682.0,10.71,0.116,16.6,1.3546491127179945,0.012215181198927283,-2.6703536284768177,0.0,0.0,0.0,0.0,0.0
26.700488090515137,up3,drive,1.6,0.28,0.31799999999999995,5721.6,5710.0,10.51,0.119,16.6,1.3760204478336624,0.2138613734602579,-2.648495565989805,0.0,0.0,0.0,0.0,0.0
26.72035503387451,up3,drive,1.6,0.28,0.31799999999999995,5721.6,5720.0,10.29,0.118,16.6,1.3850883781873276,-0.19058181624222925,-2.613240362426808,0.0,0.0,0.0,0.0,0.0
26.74048399925232,up3,drive,1.6,0.28,0.31799999999999995,5721.6,5745.0,10.13,0.118,16.6,1.4337304828654067,0.0942020194759321,-2.1768553305976184,0.0,0.0,0.0,0.0,0.0
26.760875463485718,up3,drive,1.6,0.28,0.31799999999999995,5721.6,5764.0,9.76,0.12,16.6,1.440419544575359,-0.04141222140938705,-2.1064425719771975,0.0,0.0,0.0,0.0,0.0
26.780592679977417,up3,drive,1.6,0.28,0.31799999999999995,5721.6,5775.0,9.68,0.118,16.6,1.4417272898286424,-0.09456293887751865,-2.115029793251722,0.0,0.0,0.0,0.0,0.0
26.80039882659912,up3,drive,1.6,0.28,0.31799999999999995,5721.6,5782.0,9.68,0.118,16.6,1.4217706258840246,-0.023012659220900566,-2.1762720708113363,0.0,0.0,0.0,0.0,0.0
26.820422410964966,up3,drive,1.6,0.28,0.31799999999999995,5721.6,5785.0,9.71,0.121,16.6,1.4272281087478695,-0.032577598948259734,-2.249216673917573,0.0,0.0,0.0,0.0,0.0
26.840444087982178,up3,drive,1.6,0.28,0.31799999999999995,5721.6,5801.0,9.3,0.118,16.6,1.4363932444813228,-0.2841288653105991,-2.5025516883086425,0.0,0.0,0.0,0.0,0.0
26.860344648361206,up3,drive,1.6,0.28,0.31799999999999995,5721.6,5807.0,9.38,0.12,16.6,1.3515133736924807,-0.1535690126691165,-2.549773511577058,0.0,0.0,0.0,0.0,0.0
26.880436897277832,up3,drive,1.6,0.28,0.31799999999999995,5721.6,5810.0,9.26,0.12,16.6,1.365219465400628,0.22813263676857787,-2.5394458664891317,0.0,0.0,0.0,0.0,0.0
26.900341033935547,up3,drive,1.6,0.28,0.31799999999999995,5721.6,5819.0,9.09,0.12,16.6,1.4126161427949315,-0.18667825145076833,-1.92996745646073,0.0,0.0,0.0,0.0,0.0
26.92033576965332,up3,drive,1.6,0.28,0.31799999999999995,5721.6,5824.0,9.01,0.119,16.6,1.3889752617982982,-0.17579223378924524,-1.9116060290834582,0.0,0.0,0.0,0.0,0.0
26.940423011779785,up3,drive,1.6,0.28,0.31799999999999995,5721.6,5823.0,9.15,0.121,16.6,1.3742113625051715,0.09966762231439219,-2.6505137325585792,0.0,0.0,0.0,0.0,0.0
26.960402965545654,up3,drive,1.6,0.28,0.31799999999999995,5721.6,5816.0,9.08,0.118,16.6,1.3668791473919653,-0.05924995751238438,-2.6448170824654937,0.0,0.0,0.0,0.0,0.0
26.98086714744568,up3,drive,1.6,0.28,0.31799999999999995,5721.6,5822.0,9.05,0.12,16.6,1.4150504051893185,0.06912989315580775,-2.440563013639064,0.0,0.0,0.0,0.0,0.0
27.000434637069702,dn3,drive,1.2,0.28,0.31799999999999995,4291.2,5830.0,8.85,0.119,16.6,1.4887663046885484,0.022735135736124512,-1.8164168625190484,0.0,0.0,0.0,0.0,0.0
27.020503044128418,dn3,drive,1.2,0.28,0.31799999999999995,4291.2,5802.0,7.77,0.102,16.6,1.4665998828294373,-0.30557831704132,-1.829179873030398,0.0,0.0,0.0,0.0,0.0
27.04034972190857,dn3,drive,1.2,0.28,0.31799999999999995,4291.2,5629.0,0.27,0.079,16.7,1.3652386401604764,1.2119187455454679,-2.557104750875709,0.0,0.0,0.0,0.0,0.0
27.060410499572754,dn3,drive,1.2,0.28,0.31799999999999995,4291.2,5425.0,-2.74,0.072,16.7,1.4002682632427248,1.963890371880325,-3.015476776302563,0.0,0.0,0.0,0.0,0.0
27.080583572387695,dn3,drive,1.2,0.28,0.31799999999999995,4291.2,5393.0,-8.37,0.081,16.7,1.3777609567640836,2.755385011575271,-1.431228006607256,0.0,0.0,0.0,0.0,0.0
27.10058307647705,dn3,drive,1.2,0.28,0.31799999999999995,4291.2,5452.0,-4.7,0.072,16.7,1.326736787648983,1.8322069767031621,-1.8476474273763017,0.0,0.0,0.0,0.0,0.0
27.12039589881897,dn3,drive,1.2,0.28,0.31799999999999995,4291.2,5371.0,-3.73,0.079,16.7,1.3189129529985482,1.8724764602634139,-1.4629017904299246,0.0,0.0,0.0,0.0,0.0
27.140389442443848,dn3,drive,1.2,0.28,0.31799999999999995,4291.2,5275.0,-2.45,0.081,16.7,1.2681102257280876,1.4276514108200473,-2.0998191381635536,0.0,0.0,0.0,0.0,0.0
27.160311698913574,dn3,drive,1.2,0.28,0.31799999999999995,4291.2,5142.0,-0.75,0.082,16.7,1.2431227173262556,1.2062717967875543,-2.034090876563482,0.0,0.0,0.0,0.0,0.0
27.18030834197998,dn3,drive,1.2,0.28,0.31799999999999995,4291.2,5063.0,0.32,0.081,16.7,1.2622713781961434,1.5258214880515908,-2.0377062101560455,0.0,0.0,0.0,0.0,0.0
27.200406074523926,dn3,drive,1.2,0.28,0.31799999999999995,4291.2,4982.0,0.89,0.082,16.7,1.3010272962756306,1.1863826380753366,-1.651056134990199,0.0,0.0,0.0,0.0,0.0
27.22026300430298,dn3,drive,1.2,0.28,0.31799999999999995,4291.2,4928.0,1.25,0.085,16.7,1.3038137617241805,0.7967997455931553,-1.1978588225469267,0.0,0.0,0.0,0.0,0.0
27.24031639099121,dn3,drive,1.2,0.28,0.31799999999999995,4291.2,4934.0,0.53,0.083,16.7,1.2380130433007752,1.1528963635032667,-1.3338060806504473,0.0,0.0,0.0,0.0,0.0
27.260379791259766,dn3,drive,1.2,0.28,0.31799999999999995,4291.2,4885.0,1.0,0.08,16.7,1.19730502814226,1.0576512098465898,-1.6147919943232125,0.0,0.0,0.0,0.0,0.0
27.280381202697754,dn3,drive,1.2,0.28,0.31799999999999995,4291.2,4772.0,2.54,0.084,16.7,1.195931635968106,0.8420853364056313,-1.5120058324973797,0.0,0.0,0.0,0.0,0.0
27.30049777030945,dn3,drive,1.2,0.28,0.31799999999999995,4291.2,4690.0,3.57,0.088,16.7,1.1490307060107205,0.6420121731299417,-1.1982016155792152,0.0,0.0,0.0,0.0,0.0
27.32040309906006,dn3,drive,1.2,0.28,0.31799999999999995,4291.2,4598.0,4.63,0.09,16.6,1.1530426250348704,0.6187811843490039,-1.2827601781817464,0.0,0.0,0.0,0.0,0.0
27.340463399887085,dn3,drive,1.2,0.28,0.31799999999999995,4291.2,4532.0,5.12,0.091,16.6,1.1706620988068346,0.39636142369764116,-1.37793531142799,0.0,0.0,0.0,0.0,0.0
27.360849380493164,dn3,drive,1.2,0.28,0.31799999999999995,4291.2,4474.0,5.64,0.089,16.6,1.1521723039906326,0.23818864213273017,-1.186355302340992,0.0,0.0,0.0,0.0,0.0
27.380595684051514,dn3,drive,1.2,0.28,0.31799999999999995,4291.2,4458.0,5.71,0.089,16.6,1.1109661445502181,0.609553290937054,-1.087386056875964,0.0,0.0,0.0,0.0,0.0
27.400575876235962,dn3,drive,1.2,0.28,0.31799999999999995,4291.2,4415.0,6.11,0.09,16.6,1.1112550975284916,0.4138910115225727,-0.8274568447507633,0.0,0.0,0.0,0.0,0.0
27.42055583000183,dn3,drive,1.2,0.28,0.31799999999999995,4291.2,4356.0,6.84,0.09,16.6,1.0675334492804427,-0.02763388753792917,-0.9451978459690267,0.0,0.0,0.0,0.0,0.0
27.44062089920044,dn3,drive,1.2,0.28,0.31799999999999995,4291.2,4342.0,6.9,0.089,16.6,1.04964912413807,0.07688258424504912,-1.4807822842992096,0.0,0.0,0.0,0.0,0.0
27.460437774658203,dn3,drive,1.2,0.28,0.31799999999999995,4291.2,4323.0,7.08,0.091,16.6,1.0539240303198654,0.03341089345236958,-1.3345691423257335,0.0,0.0,0.0,0.0,0.0
27.480751037597656,dn3,drive,1.2,0.28,0.31799999999999995,4291.2,4284.0,7.51,0.09,16.6,1.0898923511073393,0.11156481546724262,-1.4104648352980007,0.0,0.0,0.0,0.0,0.0
27.50054931640625,dn3,drive,1.2,0.28,0.31799999999999995,4291.2,4269.0,7.65,0.088,16.6,1.1171530672366357,0.15898355286745236,-1.7053618603245866,0.0,0.0,0.0,0.0,0.0
27.52041721343994,dn3,drive,1.2,0.28,0.31799999999999995,4291.2,4257.0,7.84,0.09,16.6,1.159148188149986,0.21484359609659265,-1.276129142987429,0.0,0.0,0.0,0.0,0.0
27.540510892868042,dn3,drive,1.2,0.28,0.31799999999999995,4291.2,4229.0,8.23,0.091,16.6,1.151149117499824,-0.17472486107132923,-1.2790784786886888,0.0,0.0,0.0,0.0,0.0
27.56052589416504,dn3,drive,1.2,0.28,0.31799999999999995,4291.2,4228.0,7.96,0.091,16.6,1.135740999539007,0.04012517153089368,-1.2058955284442234,0.0,0.0,0.0,0.0,0.0
27.580552339553833,dn3,drive,1.2,0.28,0.31799999999999995,4291.2,4238.0,7.76,0.088,16.7,1.1086864120780828,0.22924167089979974,-1.1585677243875736,0.0,0.0,0.0,0.0,0.0
27.60041356086731,dn3,drive,1.2,0.28,0.31799999999999995,4291.2,4222.0,8.28,0.089,16.6,1.0955483060514222,-0.1681646502796319,-1.151537762888303,0.0,0.0,0.0,0.0,0.0
27.620410203933716,dn3,drive,1.2,0.28,0.31799999999999995,4291.2,4197.0,8.6,0.092,16.6,1.0655168371240076,-0.06474284126753993,-1.1291359093223505,0.0,0.0,0.0,0.0,0.0
27.64044213294983,dn3,drive,1.2,0.28,0.31799999999999995,4291.2,4193.0,8.54,0.088,16.6,1.078725184024419,-0.03273170049611718,-1.2875554799434497,0.0,0.0,0.0,0.0,0.0
27.660502433776855,dn3,drive,1.2,0.28,0.31799999999999995,4291.2,4201.0,8.5,0.091,16.6,1.050578900253644,0.12379741040602976,-1.3347138609193223,0.0,0.0,0.0,0.0,0.0
27.680482387542725,dn3,drive,1.2,0.28,0.31799999999999995,4291.2,4188.0,8.6,0.091,16.6,1.0624481431789365,-0.10835582683480904,-1.340011438527057,0.0,0.0,0.0,0.0,0.0
27.700438737869263,dn3,drive,1.2,0.28,0.31799999999999995,4291.2,4186.0,8.61,0.088,16.6,1.11286750841048,-0.1593572813263755,-1.1623926806702443,0.0,0.0,0.0,0.0,0.0
27.72042942047119,dn3,drive,1.2,0.28,0.31799999999999995,4291.2,4218.0,8.18,0.091,16.6,1.1232650219383675,0.2488209637142802,-0.7922348972282123,0.0,0.0,0.0,0.0,0.0
27.740434646606445,dn3,drive,1.2,0.28,0.31799999999999995,4291.2,4219.0,8.28,0.091,16.6,1.0829334445999348,0.09765785198220289,-0.9615932931794546,0.0,0.0,0.0,0.0,0.0
27.76043152809143,dn3,drive,1.2,0.28,0.31799999999999995,4291.2,4197.0,8.54,0.091,16.6,1.026968512451492,-0.3602441943302068,-1.5024134748092024,0.0,0.0,0.0,0.0,0.0
27.78057312965393,dn3,drive,1.2,0.28,0.31799999999999995,4291.2,4197.0,8.67,0.09,16.6,1.0490294065524088,-0.08380378752853179,-1.3675161574111883,0.0,0.0,0.0,0.0,0.0
27.80044436454773,up4,drive,1.6,0.28,0.31799999999999995,5721.6,4183.0,8.99,0.091,16.6,1.0662882217337488,-0.0130672484637806,-1.3449201762772702,0.0,0.0,0.0,0.0,0.0
27.820416927337646,up4,drive,1.6,0.28,0.31799999999999995,5721.6,4197.0,10.42,0.107,16.6,1.1019531418940356,-0.03254868263836652,-1.499372045457477,0.0,0.0,0.0,0.0,0.0
27.84039855003357,up4,drive,1.6,0.28,0.31799999999999995,5721.6,4314.0,18.69,0.106,16.6,1.1400521247116275,-1.8073545549524397,-1.1336780266354722,0.0,0.0,0.0,0.0,0.0
27.860425233840942,up4,drive,1.6,0.28,0.31799999999999995,5721.6,4421.0,24.27,0.12,16.6,1.1150056938706774,-1.938489042736748,-1.1186212995059392,0.0,0.0,0.0,0.0,0.0
27.88039255142212,up4,drive,1.6,0.28,0.31799999999999995,5721.6,4592.0,24.68,0.115,16.6,1.0888439977442295,-2.3555868867308902,-1.7270313500987413,0.0,0.0,0.0,0.0,0.0
27.900532960891724,up4,drive,1.6,0.28,0.31799999999999995,5721.6,4713.0,19.31,0.113,16.6,1.0973260326580774,-1.7306067764427695,-1.8329978126539856,0.0,0.0,0.0,0.0,0.0
27.920427083969116,up4,drive,1.6,0.28,0.31799999999999995,5721.6,4755.0,19.6,0.115,16.6,1.0742414860131615,-1.8933589147770817,-1.7552321800360744,0.0,0.0,0.0,0.0,0.0
27.940509796142578,up4,drive,1.6,0.28,0.31799999999999995,5721.6,4816.0,19.03,0.115,16.6,1.1165443351904707,-1.3783881782996446,-1.855272489274057,0.0,0.0,0.0,0.0,0.0
27.960445880889893,up4,drive,1.6,0.28,0.31799999999999995,5721.6,4882.0,18.37,0.111,16.6,1.1399294861434293,-1.700913298465906,-1.7513496286767634,0.0,0.0,0.0,0.0,0.0
27.980477333068848,up4,drive,1.6,0.28,0.31799999999999995,5721.6,4946.0,18.02,0.115,16.6,1.1970119472642966,-1.0933072400597084,-1.6302786380019825,0.0,0.0,0.0,0.0,0.0
28.000471353530884,up4,drive,1.6,0.28,0.31799999999999995,5721.6,5015.0,17.39,0.116,16.6,1.2240760555261179,-1.124995788102531,-1.6048084578911528,0.0,0.0,0.0,0.0,0.0
28.02042865753174,up4,drive,1.6,0.28,0.31799999999999995,5721.6,5089.0,16.46,0.118,16.6,1.2792010932457771,-1.3349019950909877,-1.571477865442489,0.0,0.0,0.0,0.0,0.0
28.04045033454895,up4,drive,1.6,0.28,0.31799999999999995,5721.6,5171.0,15.62,0.118,16.6,1.264192715764581,-1.152668395173265,-1.7726130293064841,0.0,0.0,0.0,0.0,0.0
28.0603346824646,up4,drive,1.6,0.28,0.31799999999999995,5721.6,5221.0,15.24,0.117,16.6,1.216626794483003,-1.141767796017085,-2.176867902111809,0.0,0.0,0.0,0.0,0.0
28.08042287826538,up4,drive,1.6,0.28,0.31799999999999995,5721.6,5251.0,15.16,0.117,16.6,1.224450495975383,-0.6852684876634285,-2.4742236814254284,0.0,0.0,0.0,0.0,0.0
28.10054874420166,up4,drive,1.6,0.28,0.31799999999999995,5721.6,5308.0,14.6,0.118,16.6,1.314134443054619,-0.5616076919751976,-2.318951155493295,0.0,0.0,0.0,0.0,0.0
28.12038564682007,up4,drive,1.6,0.28,0.31799999999999995,5721.6,5381.0,13.68,0.118,16.6,1.3703573689336632,-0.6047023309889781,-1.9276621915911392,0.0,0.0,0.0,0.0,0.0
28.140422821044922,up4,drive,1.6,0.28,0.31799999999999995,5721.6,5439.0,13.02,0.118,16.6,1.399420712225807,-0.7575525746432703,-1.570903668840856,0.0,0.0,0.0,0.0,0.0
28.16103506088257,up4,drive,1.6,0.28,0.31799999999999995,5721.6,5486.0,12.67,0.118,16.6,1.3967727311539413,-0.6425144489759731,-1.7742642830773718,0.0,0.0,0.0,0.0,0.0
28.18040680885315,up4,drive,1.6,0.28,0.31799999999999995,5721.6,5514.0,12.59,0.117,16.6,1.2886808814620232,-0.5325051482554883,-2.3837336299211245,0.0,0.0,0.0,0.0,0.0
28.200462102890015,up4,drive,1.6,0.28,0.31799999999999995,5721.6,5559.0,12.08,0.118,16.6,1.2421542587958483,-0.19923342998188076,-2.562532721398071,0.0,0.0,0.0,0.0,0.0
28.220515489578247,up4,drive,1.6,0.28,0.31799999999999995,5721.6,5593.0,11.71,0.12,16.6,1.3110106882540105,-0.13250009592208034,-2.400845799620811,0.0,0.0,0.0,0.0,0.0
28.240297555923462,up4,drive,1.6,0.28,0.31799999999999995,5721.6,5641.0,11.08,0.119,16.6,1.3722222474869912,-0.1883202227664107,-1.9048966411960464,0.0,0.0,0.0,0.0,0.0
28.260422706604004,up4,drive,1.6,0.28,0.31799999999999995,5721.6,5685.0,10.61,0.121,16.6,1.3521464070835925,-0.5642788463798922,-1.7573342541530508,0.0,0.0,0.0,0.0,0.0
28.280344486236572,up4,drive,1.6,0.28,0.31799999999999995,5721.6,5703.0,10.45,0.118,16.6,1.3359955334947524,-0.3115750024004065,-2.2004836376991364,0.0,0.0,0.0,0.0,0.0
28.300398111343384,up4,drive,1.6,0.28,0.31799999999999995,5721.6,5714.0,10.53,0.118,16.6,1.2829709309268387,-0.27644507543812225,-2.4513943963769975,0.0,0.0,0.0,0.0,0.0
28.320377349853516,up4,drive,1.6,0.28,0.31799999999999995,5721.6,5722.0,10.51,0.119,16.6,1.3834336230440067,0.3638464813222875,-2.833469902181463,0.0,0.0,0.0,0.0,0.0
28.34037470817566,up4,drive,1.6,0.28,0.31799999999999995,5721.6,5736.0,10.17,0.121,16.6,1.4880584364708054,-0.35794079326068484,-2.0239979971940443,0.0,0.0,0.0,0.0,0.0
28.361354112625122,up4,drive,1.6,0.28,0.31799999999999995,5721.6,5775.0,9.65,0.121,16.6,1.48193396491195,-0.31435674227585864,-1.9546345214673408,0.0,0.0,0.0,0.0,0.0
28.380335330963135,up4,drive,1.6,0.28,0.31799999999999995,5721.6,5793.0,9.32,0.118,16.6,1.4314773154251452,-0.35787015158356184,-2.1687803254361597,0.0,0.0,0.0,0.0,0.0
28.40042543411255,up4,drive,1.6,0.28,0.31799999999999995,5721.6,5775.0,9.93,0.12,16.6,1.39739178294933,-0.34699856923629824,-2.475046092342126,0.0,0.0,0.0,0.0,0.0
28.420710802078247,up4,drive,1.6,0.28,0.31799999999999995,5721.6,5793.0,9.48,0.119,16.6,1.3267953771929646,0.041080263999067945,-2.340911836619398,0.0,0.0,0.0,0.0,0.0
28.440332174301147,up4,drive,1.6,0.28,0.31799999999999995,5721.6,5799.0,9.42,0.12,16.6,1.3163292872670078,-0.017407490647865842,-2.1878609603694485,0.0,0.0,0.0,0.0,0.0
28.460403203964233,up4,drive,1.6,0.28,0.31799999999999995,5721.6,5793.0,9.47,0.118,16.6,1.3325167793208363,-0.2856167624872086,-2.3278576347561,0.0,0.0,0.0,0.0,0.0
28.4804048538208,up4,drive,1.6,0.28,0.31799999999999995,5721.6,5822.0,9.12,0.119,16.6,1.3676454719956357,0.20466070614735443,-2.024608154173478,0.0,0.0,0.0,0.0,0.0
28.5002920627594,up4,drive,1.6,0.28,0.31799999999999995,5721.6,5827.0,9.0,0.119,16.6,1.4115378288695586,0.09708163626382849,-2.076702754814306,0.0,0.0,0.0,0.0,0.0
28.520779848098755,up4,drive,1.6,0.28,0.31799999999999995,5721.6,5820.0,9.19,0.12,16.6,1.414459183427321,-0.3191464526373551,-2.055224761360961,0.0,0.0,0.0,0.0,0.0
28.540882349014282,up4,drive,1.6,0.28,0.31799999999999995,5721.6,5815.0,9.2,0.117,16.6,1.3942670960423402,-0.11072977821870555,-2.4124227023863227,0.0,0.0,0.0,0.0,0.0
28.560543060302734,up4,drive,1.6,0.28,0.31799999999999995,5721.6,5812.0,9.3,0.119,16.6,1.4090712090679272,0.369100131720554,-2.810511393661585,0.0,0.0,0.0,0.0,0.0
28.58046054840088,up4,drive,1.6,0.28,0.31799999999999995,5721.6,5813.0,9.11,0.117,16.6,1.4195578053342777,-0.03527419787840547,-2.3408451783581086,0.0,0.0,0.0,0.0,0.0
28.600607872009277,dn4,drive,1.2,0.28,0.31799999999999995,4291.2,5831.0,8.91,0.118,16.6,1.3943672308993271,0.14438798834713573,-2.074643950095009,0.0,0.0,0.0,0.0,0.0
28.62042784690857,dn4,drive,1.2,0.28,0.31799999999999995,4291.2,5815.0,7.44,0.099,16.6,1.400306346446313,0.0744251958311053,-1.9279150836789256,0.0,0.0,0.0,0.0,0.0
28.640419721603394,dn4,drive,1.2,0.28,0.31799999999999995,4291.2,5641.0,0.27,0.079,16.7,1.3576534247437129,1.0909383136269781,-2.107521383311223,0.0,0.0,0.0,0.0,0.0
28.660431146621704,dn4,drive,1.2,0.28,0.31799999999999995,4291.2,5409.0,-2.39,0.071,16.7,1.353823266463961,1.4657316967463743,-2.4719996928568833,0.0,0.0,0.0,0.0,0.0
28.680410623550415,dn4,drive,1.2,0.28,0.31799999999999995,4291.2,5346.0,-7.25,0.078,16.7,1.3433314770334848,2.7007895566929108,-1.9869070601984333,0.0,0.0,0.0,0.0,0.0
28.700385332107544,dn4,drive,1.2,0.28,0.31799999999999995,4291.2,5388.0,-4.33,0.077,16.7,1.3132201798523948,1.8128940611181434,-1.8487800330966309,0.0,0.0,0.0,0.0,0.0
28.72127079963684,dn4,drive,1.2,0.28,0.31799999999999995,4291.2,5388.0,-3.94,0.078,16.7,1.3068891801510039,1.7278990769386837,-1.3735867369612436,0.0,0.0,0.0,0.0,0.0
28.740508556365967,dn4,drive,1.2,0.28,0.31799999999999995,4291.2,5323.0,-3.46,0.079,16.7,1.2613388723404522,1.6182140774301956,-1.4427294802876247,0.0,0.0,0.0,0.0,0.0
28.760414838790894,dn4,drive,1.2,0.28,0.31799999999999995,4291.2,5219.0,-1.82,0.079,16.7,1.2106768931336023,1.4414461625774067,-2.1511445375523977,0.0,0.0,0.0,0.0,0.0
28.780426502227783,dn4,drive,1.2,0.28,0.31799999999999995,4291.2,5090.0,0.22,0.082,16.7,1.2327735401721531,1.4859016680023132,-2.1412571878219353,0.0,0.0,0.0,0.0,0.0
28.80061960220337,dn4,drive,1.2,0.28,0.31799999999999995,4291.2,5013.0,0.64,0.082,16.7,1.285778834822164,1.4234251893460623,-1.8981097776979254,0.0,0.0,0.0,0.0,0.0
28.821465015411377,dn4,drive,1.2,0.28,0.31799999999999995,4291.2,4939.0,1.06,0.082,16.7,1.2956779377520429,0.9167816192158824,-1.3282363151424477,0.0,0.0,0.0,0.0,0.0
28.840479135513306,dn4,drive,1.2,0.28,0.31799999999999995,4291.2,4893.0,1.37,0.083,16.7,1.2596578850603941,0.9109099911869123,-1.2555358333001436,0.0,0.0,0.0,0.0,0.0
28.860504150390625,dn4,drive,1.2,0.28,0.31799999999999995,4291.2,4894.0,0.83,0.083,16.7,1.2292552380560495,1.1078789406301226,-1.4348331075719898,0.0,0.0,0.0,0.0,0.0
28.880486488342285,dn4,drive,1.2,0.28,0.31799999999999995,4291.2,4837.0,1.42,0.082,16.7,1.2202454977722024,0.9932501931662046,-1.4811585526425404,0.0,0.0,0.0,0.0,0.0
28.90044665336609,dn4,drive,1.2,0.28,0.31799999999999995,4291.2,4736.0,2.92,0.086,16.7,1.2140746872103798,0.8624239998403596,-1.5404762190878216,0.0,0.0,0.0,0.0,0.0
28.920400619506836,dn4,drive,1.2,0.28,0.31799999999999995,4291.2,4651.0,3.84,0.091,16.7,1.1592718919826204,0.32819465379559887,-1.4227948594717645,0.0,0.0,0.0,0.0,0.0
28.940395832061768,dn4,drive,1.2,0.28,0.31799999999999995,4291.2,4564.0,4.81,0.088,16.7,1.1252742438227779,0.24859628444322368,-1.2425485820589302,0.0,0.0,0.0,0.0,0.0
28.960347652435303,dn4,drive,1.2,0.28,0.31799999999999995,4291.2,4504.0,5.45,0.089,16.7,1.1286633826260126,0.47975448999039116,-1.0226263865901544,0.0,0.0,0.0,0.0,0.0
28.98050284385681,dn4,drive,1.2,0.28,0.31799999999999995,4291.2,4450.0,5.92,0.091,16.7,1.1746431251623397,0.47884111832130927,-1.2899791509350678,0.0,0.0,0.0,0.0,0.0
29.00069499015808,dn4,drive,1.2,0.28,0.31799999999999995,4291.2,4410.0,6.24,0.092,16.6,1.1545606268562156,0.08411694248521417,-1.151906283670563,0.0,0.0,0.0,0.0,0.0
29.020448684692383,dn4,drive,1.2,0.28,0.31799999999999995,4291.2,4391.0,6.16,0.09,16.6,1.117740294256998,0.11642172313024446,-1.033933878882955,0.0,0.0,0.0,0.0,0.0
29.04029631614685,dn4,drive,1.2,0.28,0.31799999999999995,4291.2,4370.0,6.49,0.092,16.6,1.0631800464255174,0.3710645769932235,-1.3878238306016328,0.0,0.0,0.0,0.0,0.0
29.060560941696167,dn4,drive,1.2,0.28,0.31799999999999995,4291.2,4334.0,6.95,0.091,16.7,1.0219336732526427,0.009701536172608272,-1.445782019349565,0.0,0.0,0.0,0.0,0.0
29.080255270004272,dn4,drive,1.2,0.28,0.31799999999999995,4291.2,4292.0,7.43,0.088,16.6,1.035202673646881,-0.10633336621685618,-1.3874481469798923,0.0,0.0,0.0,0.0,0.0
29.100369215011597,dn4,drive,1.2,0.28,0.31799999999999995,4291.2,4266.0,7.8,0.091,16.6,1.1119130314757957,0.33033118994130106,-0.9860143365769645,0.0,0.0,0.0,0.0,0.0
29.120338916778564,dn4,drive,1.2,0.28,0.31799999999999995,4291.2,4255.0,7.8,0.09,16.6,1.1611222563080073,0.005473610783364169,-1.1630417216354303,0.0,0.0,0.0,0.0,0.0
29.14037299156189,dn4,drive,1.2,0.28,0.31799999999999995,4291.2,4245.0,7.79,0.092,16.6,1.150781068637175,-0.1570539168019529,-1.0948047120523583,0.0,0.0,0.0,0.0,0.0
29.16042923927307,dn4,drive,1.2,0.28,0.31799999999999995,4291.2,4247.0,7.75,0.088,16.6,1.1296763159466243,-0.08741373071893488,-1.376825802210476,0.0,0.0,0.0,0.0,0.0
29.18045711517334,dn4,drive,1.2,0.28,0.31799999999999995,4291.2,4244.0,7.89,0.093,16.6,1.1153925180190114,0.050364258706720566,-1.1854868445990618,0.0,0.0,0.0,0.0,0.0
29.200393676757812,dn4,drive,1.2,0.28,0.31799999999999995,4291.2,4242.0,7.8,0.091,16.6,1.0889388062790364,-0.06986962535327024,-0.9998824708939011,0.0,0.0,0.0,0.0,0.0
29.220421075820923,dn4,drive,1.2,0.28,0.31799999999999995,4291.2,4226.0,8.01,0.09,16.6,1.0626914229445152,-0.1596526388196544,-1.4775040427034298,0.0,0.0,0.0,0.0,0.0
29.24025011062622,dn4,drive,1.2,0.28,0.31799999999999995,4291.2,4214.0,8.36,0.09,16.6,1.0231806984330722,-0.13819044198552088,-1.4913470339919854,0.0,0.0,0.0,0.0,0.0
29.260382175445557,dn4,drive,1.2,0.28,0.31799999999999995,4291.2,4198.0,8.53,0.09,16.6,1.0514055454560045,-0.050246862143064064,-1.3744962713948894,0.0,0.0,0.0,0.0,0.0
29.280325174331665,dn4,drive,1.2,0.28,0.31799999999999995,4291.2,4188.0,8.57,0.09,16.6,1.111634597983828,0.05820384947417656,-1.3483475218785657,0.0,0.0,0.0,0.0,0.0
29.300318241119385,dn4,drive,1.2,0.28,0.31799999999999995,4291.2,4200.0,8.35,0.09,16.6,1.1432503148647035,0.09026942873927979,-1.1718518680162404,0.0,0.0,0.0,0.0,0.0
29.320337772369385,dn4,drive,1.2,0.28,0.31799999999999995,4291.2,4195.0,8.57,0.091,16.6,1.093207254295188,-0.2957597451879117,-0.9153290976954835,0.0,0.0,0.0,0.0,0.0
29.340485334396362,dn4,drive,1.2,0.28,0.31799999999999995,4291.2,4220.0,7.95,0.092,16.6,1.0393725847026996,-0.2910262411892788,-0.8722319005247456,0.0,0.0,0.0,0.0,0.0
29.360384464263916,dn4,drive,1.2,0.28,0.31799999999999995,4291.2,4219.0,8.12,0.088,16.6,1.0067252257945545,-0.017055981609372495,-1.1973436828259096,0.0,0.0,0.0,0.0,0.0
29.380540132522583,dn4,drive,1.2,0.28,0.31799999999999995,4291.2,4205.0,8.6,0.091,16.6,1.0020574367729453,-0.010341687542367417,-1.413551580572971,0.0,0.0,0.0,0.0,0.0
29.40042781829834,brake,stop,0.0,0.0,0.5,0.0,4201.0,8.53,0.091,16.6,1.0350535366258364,-0.16865577987034897,-1.4449394355380036,0.0,0.0,0.0,0.0,0.0
29.42043685913086,brake,stop,0.0,0.0,0.5,0.0,4170.0,7.16,0.073,16.6,1.075793642875487,-0.16674571370557345,-1.1283602761328737,0.0,0.0,0.0,0.0,0.0
29.440444946289062,brake,stop,0.0,0.0,0.5,0.0,3964.0,-0.32,0.052,16.6,1.1182673338367246,1.321280905645935,-1.0281771486464706,0.0,0.0,0.0,0.0,0.0
29.460453033447266,brake,stop,0.0,0.0,0.5,0.0,3939.0,-6.56,0.04,16.7,1.1369711136465148,2.2128411437876423,0.1694547836508864,0.0,0.0,0.0,0.0,0.0
29.480445623397827,brake,stop,0.0,0.0,0.5,0.0,3819.0,-10.4,0.023,16.7,0.6677180016748634,1.9304166688224456,2.4782927589720316,0.0,0.0,0.0,0.0,0.0
29.50063180923462,brake,stop,0.0,0.0,0.5,0.0,3567.0,-12.79,0.018,16.7,0.271066938721273,2.754359409905959,2.396862091426385,0.0,0.0,0.0,0.0,0.0
29.52043080329895,brake,stop,0.0,0.0,0.5,0.0,3359.0,-17.05,0.015,16.7,0.08471912404992046,3.6295838424394447,1.53433459586455,0.0,0.0,0.0,0.0,0.0
29.54047417640686,brake,stop,0.0,0.0,0.5,0.0,3179.0,-21.99,0.008,16.7,0.02918648952542468,4.253313671787197,0.7825261799435737,0.0,0.0,0.0,0.0,0.0
29.560402154922485,brake,stop,0.0,0.0,0.5,0.0,2920.0,-27.22,0.0,16.7,0.052057517229943416,4.486800604157764,-0.3891179657277277,0.0,0.0,0.0,0.0,0.0
29.58043885231018,brake,stop,0.0,0.0,0.5,0.0,2706.0,-26.35,0.0,16.7,0.015920441494926336,5.370566649681734,-0.3918754396571842,0.0,0.0,0.0,0.0,0.0
29.600670099258423,brake,stop,0.0,0.0,0.5,0.0,2519.0,-24.59,0.0,16.7,0.02421289262867419,4.654708671294571,-0.42109522005574007,0.0,0.0,0.0,0.0,0.0
29.620506048202515,brake,stop,0.0,0.0,0.5,0.0,2318.0,-20.54,0.0,16.7,0.04284824792380057,4.028309587887293,0.11195598507485016,0.0,0.0,0.0,0.0,0.0
29.64063310623169,brake,stop,0.0,0.0,0.5,0.0,2110.0,-15.79,0.0,16.7,0.05148375165665346,3.2019515080948224,0.350903705467033,0.0,0.0,0.0,0.0,0.0
29.660290479660034,brake,stop,0.0,0.0,0.5,0.0,1901.0,-11.48,0.0,16.7,0.04603053401174191,2.5228239858428765,0.4086371053086104,0.0,0.0,0.0,0.0,0.0
29.68047857284546,brake,stop,0.0,0.0,0.5,0.0,1706.0,-8.25,0.0,16.7,0.029035434196157544,1.9367794629872321,0.36625352429368263,0.0,0.0,0.0,0.0,0.0
29.700437307357788,brake,stop,0.0,0.0,0.5,0.0,1519.0,-5.88,0.0,16.6,0.009570021523523905,1.4986687715647946,0.13104120641811257,0.0,0.0,0.0,0.0,0.0
29.720426321029663,brake,stop,0.0,0.0,0.5,0.0,1373.0,-4.04,0.0,16.7,0.009586419729876608,1.2386762633274486,-0.022540322947545377,0.0,0.0,0.0,0.0,0.0
29.740483045578003,brake,stop,0.0,0.0,0.5,0.0,1221.0,-2.37,0.0,16.7,0.01711873394829939,1.0378453739609839,-0.05598690954167651,0.0,0.0,0.0,0.0,0.0
29.76048493385315,brake,stop,0.0,0.0,0.5,0.0,1083.0,-1.44,0.0,16.7,0.017150489023406684,0.7769394575094566,0.026031074296284373,0.0,0.0,0.0,0.0,0.0
29.780400037765503,brake,stop,0.0,0.0,0.5,0.0,948.0,-1.33,0.0,16.7,0.018340614102671064,0.779425766801431,0.0015529839986250238,0.0,0.0,0.0,0.0,0.0
29.800424337387085,brake,stop,0.0,0.0,0.5,0.0,840.0,-1.14,0.0,16.7,0.016195922623154415,0.6498789443150699,0.09730600490154018,0.0,0.0,0.0,0.0,0.0
29.82048273086548,brake,stop,0.0,0.0,0.5,0.0,742.0,-1.18,0.0,16.7,0.010872849291466376,0.621590113778403,0.14052009157268053,0.0,0.0,0.0,0.0,0.0
29.84054970741272,brake,stop,0.0,0.0,0.5,0.0,211.0,-0.25,0.0,16.7,0.007630176025807489,0.5922338374336213,0.07810912000708825,0.0,0.0,0.0,0.0,0.0
29.8606538772583,brake,stop,0.0,0.0,0.5,0.0,238.0,0.32,0.0,16.7,0.005492252720529925,0.5464715523446877,0.04985972163266439,0.0,0.0,0.0,0.0,0.0
29.88049554824829,brake,stop,0.0,0.0,0.5,0.0,149.0,0.24,0.0,16.7,0.006622771885349668,0.7314724568236031,0.030281780986861406,0.0,0.0,0.0,0.0,0.0
29.900880575180054,brake,stop,0.0,0.0,0.5,0.0,187.0,0.44,0.0,16.7,0.0056036555577306515,0.4166999409519718,0.025810670801856617,0.0,0.0,0.0,0.0,0.0
29.92051887512207,brake,stop,0.0,0.0,0.5,0.0,16.0,0.26,0.0,16.7,0.005551858114825912,0.5166097110949295,0.04481309922244847,0.0,0.0,0.0,0.0,0.0
29.940632581710815,brake,stop,0.0,0.0,0.5,0.0,101.0,0.1,0.0,16.7,0.0012518052164896727,0.6312256677740606,0.068682348164252,0.0,0.0,0.0,0.0,0.0
29.960517168045044,brake,stop,0.0,0.0,0.5,0.0,107.0,-0.19,0.0,16.7,0.006583208858851129,0.34468577607623274,0.06409451293179202,0.0,0.0,0.0,0.0,0.0
29.980751991271973,brake,stop,0.0,0.0,0.5,0.0,7.0,-0.04,0.0,16.7,0.001273929479260371,0.3160598900878817,0.03059098907280955,0.0,0.0,0.0,0.0,0.0
30.000611543655396,brake,stop,0.0,0.0,0.5,0.0,0.0,0.06,0.0,16.7,-0.002982133927562373,0.23469102030530564,0.030606411104752596,0.0,0.0,0.0,0.0,0.0
30.02055811882019,IDLE,stop,0.0,0.0,0.5,0.0,0.0,0.07,0.0,16.7,-0.0008306760943269177,0.17163828024930616,0.0591683066240698,0.0,0.0,0.0,0.0,0.0
30.040438652038574,IDLE,stop,0.0,0.0,0.5,0.0,0.0,0.04,0.0,16.7,0.00019520762730820652,0.08514259897217524,0.05431657922890665,0.0,0.0,0.0,0.0,0.0
30.060429573059082,IDLE,stop,0.0,0.0,0.5,0.0,0.0,0.04,0.0,16.7,-0.003009984766899717,-0.028967756256879973,0.10241354799244107,0.0,0.0,0.0,0.0,0.0
30.08038878440857,IDLE,stop,0.0,0.0,0.5,0.0,0.0,0.08,0.0,16.7,-0.0029532422707755665,-0.09686637649214003,0.006422106861098342,0.0,0.0,0.0,0.0,0.0
30.100573301315308,IDLE,stop,0.0,0.0,0.5,0.0,0.0,0.04,0.0,16.7,-0.0008910630119701392,-0.18725288659359407,0.09278698409123365,0.0,0.0,0.0,0.0,0.0
30.120418310165405,IDLE,stop,0.0,0.0,0.5,0.0,0.0,0.07,0.0,16.7,-0.003006080531129769,-0.25442120783517197,0.04007312674122332,0.0,0.0,0.0,0.0,0.0
30.14042901992798,IDLE,stop,0.0,0.0,0.5,0.0,0.0,0.04,0.0,16.7,-0.0061641609814758105,-0.3454818745213686,0.04485311610628173,0.0,0.0,0.0,0.0,0.0
30.160438060760498,IDLE,stop,0.0,0.0,0.5,0.0,0.0,0.07,0.0,16.7,-0.005149989707076206,-0.35117044814748866,0.05901733881848514,0.0,0.0,0.0,0.0,0.0
30.180408239364624,IDLE,stop,0.0,0.0,0.5,0.0,0.0,0.08,0.0,16.7,-0.004087665671365257,-0.47317487375091716,0.10271078755833862,0.0,0.0,0.0,0.0,0.0
30.200399160385132,IDLE,stop,0.0,0.0,0.5,0.0,0.0,0.07,0.0,16.7,-0.004040554247652025,-0.4977413666440036,0.07861983777107895,0.0,0.0,0.0,0.0,0.0
30.220398426055908,IDLE,stop,0.0,0.0,0.5,0.0,0.0,0.09,0.0,16.7,-0.004047321381593808,-0.5088375917172243,0.016002258486079057,0.0,0.0,0.0,0.0,0.0
30.240403175354004,IDLE,stop,0.0,0.0,0.5,0.0,0.0,0.09,0.0,16.7,-0.0008546226978943137,-0.5656400051518133,0.025738567320757966,0.0,0.0,0.0,0.0,0.0
30.260353088378906,IDLE,stop,0.0,0.0,0.5,0.0,0.0,0.07,0.0,16.7,-0.0008392656991025613,-0.5282773553422295,0.03988861053439763,0.0,0.0,0.0,0.0,0.0
30.280292987823486,IDLE,stop,0.0,0.0,0.5,0.0,0.0,0.06,0.0,16.7,-0.0018976857591178878,-0.6170908273217677,0.08829376412109724,0.0,0.0,0.0,0.0,0.0
30.30024743080139,IDLE,stop,0.0,0.0,0.5,0.0,0.0,0.02,0.0,16.7,-0.0019265774159046949,-0.6051374369423286,0.0206794099414509,0.0,0.0,0.0,0.0,0.0
30.32040309906006,IDLE,stop,0.0,0.0,0.5,0.0,0.0,0.06,0.0,16.7,-0.0008546226978943137,-0.6515176996619658,0.059348693234664296,0.0,0.0,0.0,0.0,0.0
30.34035634994507,IDLE,stop,0.0,0.0,0.5,0.0,0.0,0.01,0.0,16.7,0.00019520762730820652,-0.550933745525441,0.04018546637675158,0.0,0.0,0.0,0.0,0.0
30.360419988632202,IDLE,stop,0.0,0.0,0.5,0.0,0.0,-0.01,0.0,16.7,-0.0008632123026699574,-0.4655617255555633,0.02082953720974956,0.0,0.0,0.0,0.0,0.0
30.38043475151062,IDLE,stop,0.0,0.0,0.5,0.0,0.0,-0.03,0.0,16.7,0.00017022014127276652,-0.33111274343687924,0.07838280625642824,0.0,0.0,0.0,0.0,0.0
30.40044903755188,IDLE,stop,0.0,0.0,0.5,0.0,0.0,0.0,0.0,16.7,0.0012575316630191562,-0.26371970637914544,0.030557733032363643,0.0,0.0,0.0,0.0,0.0
30.42044973373413,IDLE,stop,0.0,0.0,0.5,0.0,0.0,0.05,0.0,16.7,0.0012325442420022975,-0.24456086493315965,0.0449271930227475,0.0,0.0,0.0,0.0,0.0
30.440600395202637,IDLE,stop,0.0,0.0,0.5,0.0,0.0,0.03,0.0,16.7,0.0012661213978319625,-0.22049997349014916,0.05932227112780453,0.0,0.0,0.0,0.0,0.0
30.46131134033203,IDLE,stop,0.0,0.0,0.5,0.0,0.0,0.03,0.0,16.7,0.0012700253735275855,-0.14025465537952808,0.011149142377139043,0.0,0.0,0.0,0.0,0.0
30.48048686981201,IDLE,stop,0.0,0.0,0.5,0.0,0.0,0.1,0.0,16.7,-0.0008881998537239787,-0.19153699550501457,0.0785329335247269,0.0,0.0,0.0,0.0,0.0
30.500672101974487,IDLE,stop,0.0,0.0,0.5,0.0,0.0,0.05,0.0,16.7,0.00019520762730820652,-0.17333318714141654,0.006463147007714554,0.0,0.0,0.0,0.0,0.0
30.520416736602783,IDLE,stop,0.0,0.0,0.5,0.0,0.0,0.03,0.0,16.7,0.0012421747942645664,-0.2112014384010763,0.06883762829156481,0.0,0.0,0.0,0.0,0.0
30.54039716720581,IDLE,stop,0.0,0.0,0.5,0.0,0.0,0.05,0.0,16.7,-0.001919810021888586,-0.18787086422429766,0.06390524586204549,0.0,0.0,0.0,0.0,0.0
30.56040596961975,IDLE,stop,0.0,0.0,0.5,0.0,0.0,0.04,0.0,16.7,0.00018948118077872315,-0.25329762875439243,0.06428067366809032,0.0,0.0,0.0,0.0,0.0
30.58027410507202,IDLE,stop,0.0,0.0,0.5,0.0,0.0,0.05,0.0,16.7,-0.001950524019472091,-0.22263479201617997,0.03488291863549975,0.0,0.0,0.0,0.0,0.0
30.600355625152588,IDLE,stop,0.0,0.0,0.5,0.0,0.0,0.05,0.0,16.7,-0.0008796102489483351,-0.35839033452829483,0.05955835246987107,0.0,0.0,0.0,0.0,0.0
30.62035298347473,IDLE,stop,0.0,0.0,0.5,0.0,0.0,0.07,0.0,16.7,0.001238270558494618,-0.35945774379131024,0.06889379810932894,0.0,0.0,0.0,0.0,0.0
30.64039707183838,IDLE,stop,0.0,0.0,0.5,0.0,0.0,0.06,0.0,16.7,-0.0019323037323970157,-0.37906601686960784,0.044841312039178405,0.0,0.0,0.0,0.0,0.0
30.66129207611084,IDLE,stop,0.0,0.0,0.5,0.0,0.0,0.11,0.0,16.7,0.0023255820152224267,-0.42623280321834045,0.02585010296409962,0.0,0.0,0.0,0.0,0.0
30.6807279586792,IDLE,stop,0.0,0.0,0.5,0.0,0.0,0.08,0.0,16.7,-0.000867116408402743,-0.3460998156069728,0.06866162709289725,0.0,0.0,0.0,0.0,0.0
30.7005398273468,IDLE,stop,0.0,0.0,0.5,0.0,0.0,0.06,0.0,16.7,-0.001944797442905445,-0.3639103987011225,0.04023107466079168,0.0,0.0,0.0,0.0,0.0
30.72047185897827,IDLE,stop,0.0,0.0,0.5,0.0,0.0,0.02,0.0,16.7,0.00020770137032592652,-0.2596041800112161,0.04477315542881399,0.0,0.0,0.0,0.0,0.0
30.740426301956177,IDLE,stop,0.0,0.0,0.5,0.0,0.0,0.03,0.0,16.7,-0.000876746960665012,-0.2596041800112161,0.03998315270652242,0.0,0.0,0.0,0.0,0.0
30.76056432723999,IDLE,stop,0.0,0.0,0.5,0.0,0.0,0.05,0.0,16.7,0.00018948118077872315,-0.2538032302044684,0.09290495167206814,0.0,0.0,0.0,0.0,0.0
30.780665159225464,IDLE,stop,0.0,0.0,0.5,0.0,0.0,0.06,0.0,16.7,0.0012450379525107266,-0.226357093114661,0.006387535197074357,0.0,0.0,0.0,0.0,0.0
30.800403118133545,IDLE,stop,0.0,0.0,0.5,0.0,0.0,0.05,0.0,16.7,-0.0008546226978943137,-0.23013556403090618,0.06888974160329653,0.0,0.0,0.0,0.0,0.0
30.820411443710327,IDLE,stop,0.0,0.0,0.5,0.0,0.0,0.07,0.0,16.7,0.00019807085057294823,-0.24506650292833498,0.059181426314751207,0.0,0.0,0.0,0.0,0.0
30.840365886688232,IDLE,stop,0.0,0.0,0.5,0.0,0.0,0.09,0.0,16.7,-0.0019601543116600346,-0.29780948672256,0.06396020969152971,0.0,0.0,0.0,0.0,0.0
30.860625982284546,IDLE,stop,0.0,0.0,0.5,0.0,0.0,0.04,0.0,16.7,0.00015772639825504655,-0.3538253399829543,0.0499266357096495,0.0,0.0,0.0,0.0,0.0
30.880413055419922,IDLE,stop,0.0,0.0,0.5,0.0,0.0,0.08,0.0,16.7,-0.0008949671177029248,-0.3033295143502883,0.015892769368303306,0.0,0.0,0.0,0.0,0.0
30.90040683746338,IDLE,stop,0.0,0.0,0.5,0.0,0.0,0.09,0.0,16.7,-0.0008603491444237971,-0.35906448197676255,0.09772404429347503,0.0,0.0,0.0,0.0,0.0
30.920440912246704,IDLE,stop,0.0,0.0,0.5,0.0,0.0,0.0,0.0,16.7,0.0012728886618109084,-0.2975847709064041,0.04006157848981573,0.0,0.0,0.0,0.0,0.0
30.94043755531311,IDLE,stop,0.0,0.0,0.5,0.0,0.0,0.07,0.0,16.7,0.0023102251464678365,-0.3264915425286752,0.0735540291836827,0.0,0.0,0.0,0.0,0.0
30.96040916442871,IDLE,stop,0.0,0.0,0.5,0.0,0.0,0.05,0.0,16.7,-0.0008853366954778184,-0.2647309458243967,0.054276123803880694,0.0,0.0,0.0,0.0,0.0
30.980395317077637,IDLE,stop,0.0,0.0,0.5,0.0,0.0,0.07,0.0,16.7,-0.0008910630119701392,-0.32029736745247916,0.04034557045718401,0.0,0.0,0.0,0.0,0.0
31.000807762145996,IDLE,stop,0.0,0.0,0.5,0.0,0.0,0.05,0.0,16.7,0.00021733189007890484,-0.2075353071203594,0.04462989863920086,0.0,0.0,0.0,0.0,0.0
31.02040672302246,IDLE,stop,0.0,0.0,0.5,0.0,0.0,0.05,0.0,16.7,0.00018271388429048652,-0.23576796783926213,0.02558657625239036,0.0,0.0,0.0,0.0,0.0
31.040441036224365,IDLE,stop,0.0,0.0,0.5,0.0,0.0,0.05,0.0,16.7,0.00019520762730820652,-0.2926265145465159,0.049680102469157106,0.0,0.0,0.0,0.0,0.0
31.06048274040222,IDLE,stop,0.0,0.0,0.5,0.0,0.0,0.03,0.0,16.7,0.00018557710755522823,-0.29296356999820006,0.06876296665350878,0.0,0.0,0.0,0.0,0.0
31.08050537109375,IDLE,stop,0.0,0.0,0.5,0.0,0.0,0.07,0.0,16.7,0.0012853823723193377,-0.34458297471164556,0.02589903685218431,0.0,0.0,0.0,0.0,0.0
31.10049319267273,IDLE,stop,0.0,0.0,0.5,0.0,0.0,0.07,0.0,16.7,0.00016735691800802484,-0.2694083165503649,0.07825212098100565,0.0,0.0,0.0,0.0,0.0
31.120424509048462,IDLE,stop,0.0,0.0,0.5,0.0,0.0,0.05,0.0,16.7,0.0023352125674846952,-0.31601325854105866,0.035439537044325675,0.0,0.0,0.0,0.0,0.0
31.14043426513672,IDLE,stop,0.0,0.0,0.5,0.0,0.0,0.02,0.0,16.7,0.0012700253735275855,-0.31663123617176225,0.04008792750647672,0.0,0.0,0.0,0.0,0.0
31.160412311553955,IDLE,stop,0.0,0.0,0.5,0.0,0.0,0.08,0.0,16.7,0.00020483814706118484,-0.2838897872703825,0.015956540566740784,0.0,0.0,0.0,0.0,0.0
31.180548906326294,IDLE,stop,0.0,0.0,0.5,0.0,0.0,0.06,0.0,16.7,0.0013007393711110902,-0.3015879576388052,0.0785621330591404,0.0,0.0,0.0,0.0,0.0
31.20048213005066,IDLE,stop,0.0,0.0,0.5,0.0,0.0,0.06,0.0,16.7,0.0023227191170505914,-0.25966034982898023,0.016020129039681308,0.0,0.0,0.0,0.0,0.0
31.22040033340454,IDLE,stop,0.0,0.0,0.5,0.0,0.0,0.07,0.0,16.7,-0.0019658808882266807,-0.2879491438205477,0.04007418654910566,0.0,0.0,0.0,0.0,0.0
31.24040389060974,IDLE,stop,0.0,0.0,0.5,0.0,0.0,0.07,0.0,16.7,-0.0008824734071944954,-0.2977532803596965,0.0448129895871503,0.0,0.0,0.0,0.0,0.0
31.260323524475098,IDLE,stop,0.0,0.0,0.5,0.0,0.0,0.05,0.0,16.7,0.0012546685047729958,-0.27419802691186135,0.039932099202673044,0.0,0.0,0.0,0.0,0.0
31.280377626419067,IDLE,stop,0.0,0.0,0.5,0.0,0.0,0.06,0.0,16.7,0.0012796559257898545,-0.33455412235634086,0.10264204622638395,0.0,0.0,0.0,0.0,0.0
31.30041003227234,IDLE,stop,0.0,0.0,0.5,0.0,0.0,0.06,0.0,16.7,0.00017985066102574486,-0.2553200710997956,-0.00803308793245705,0.0,0.0,0.0,0.0,0.0
31.320491313934326,IDLE,stop,0.0,0.0,0.5,0.0,0.0,0.05,0.0,16.7,-0.0008824734071944954,-0.31150443381348225,0.07369520290263054,0.0,0.0,0.0,0.0,0.0
31.340469360351562,IDLE,stop,0.0,0.0,0.5,0.0,0.0,0.06,0.0,16.7,-0.0008632123026699574,-0.29290740018043593,0.04961574654912937,0.0,0.0,0.0,0.0,0.0
31.360403299331665,IDLE,stop,0.0,0.0,0.5,0.0,0.0,0.03,0.0,16.7,-0.0008603491444237971,-0.3165750663539981,0.030520749391779844,0.0,0.0,0.0,0.0,0.0
31.380484104156494,IDLE,stop,0.0,0.0,0.5,0.0,0.0,0.05,0.0,16.7,0.0023159517230344827,-0.28377741108975485,0.05909251208793265,0.0,0.0,0.0,0.0,0.0
31.401005268096924,IDLE,stop,0.0,0.0,0.5,0.0,0.0,0.06,0.0,16.7,-0.0008574859861776367,-0.3299329579932362,0.0690731249120411,0.0,0.0,0.0,0.0,0.0
31.420499086380005,IDLE,stop,0.0,0.0,0.5,0.0,0.0,0.06,0.0,16.7,-0.000876746960665012,-0.32536796344789565,0.0642314474192105,0.0,0.0,0.0,0.0,0.0
31.44052743911743,IDLE,stop,0.0,0.0,0.5,0.0,0.0,0.06,0.0,16.7,0.0012796559257898545,-0.2834965254558348,0.030416705493813367,0.0,0.0,0.0,0.0,0.0
31.460408687591553,IDLE,stop,0.0,0.0,0.5,0.0,0.0,0.09,0.0,16.7,0.00018948118077872315,-0.307164191629397,0.030481828860928317,0.0,0.0,0.0,0.0,0.0
31.480449199676514,IDLE,stop,0.0,0.0,0.5,0.0,0.0,0.07,0.0,16.7,-0.0009295850909820523,-0.2832156398219148,0.0783813079073532,0.0,0.0,0.0,0.0,0.0
31.500487565994263,IDLE,stop,0.0,0.0,0.5,0.0,0.0,0.02,0.0,16.7,0.0012700253735275855,-0.3208029689025551,0.040229722492114206,0.0,0.0,0.0,0.0,0.0
31.520394325256348,IDLE,stop,0.0,0.0,0.5,0.0,0.0,0.03,0.0,16.7,-0.000867116408402743,-0.24506650292833498,0.0448113450576777,0.0,0.0,0.0,0.0,0.0
31.540470123291016,IDLE,stop,0.0,0.0,0.5,0.0,0.0,0.04,0.0,16.7,-0.0008853366954778184,-0.2881176898189395,0.04003555837904926,0.0,0.0,0.0,0.0,0.0
