t,phase,kind,v_cmd,delta_cmd,servo_cmd,erpm_cmd,erpm_meas,current_motor,duty,v_batt,wz,ax,ay,v_pose,x,y,yaw,pose_t
0.03505134582519531,ARM,stop,0.0,0.0,0.5,0.0,0.0,0.0,0.0,0.0,0.0,0.0,0.0,0.0,0.0,0.0,0.0,0.0
0.04054117202758789,ARM,stop,0.0,0.0,0.5,0.0,0.0,0.0,0.0,0.0,0.0,0.0,0.0,0.0,0.0,0.0,0.0,0.0
0.0607602596282959,ARM,stop,0.0,0.0,0.5,0.0,0.0,0.0,0.0,0.0,0.0,0.0,0.0,0.0,0.0,0.0,0.0,0.0
0.08083105087280273,ARM,stop,0.0,0.0,0.5,0.0,0.0,0.0,0.0,0.0,0.0,0.0,0.0,0.0,0.0,0.0,0.0,0.0
0.10071492195129395,ARM,stop,0.0,0.0,0.5,0.0,0.0,0.0,0.0,0.0,0.0,0.0,0.0,0.0,0.0,0.0,0.0,0.0
0.12057137489318848,ARM,stop,0.0,0.0,0.5,0.0,0.0,0.0,0.0,0.0,0.0,0.0,0.0,0.0,0.0,0.0,0.0,0.0
0.14116930961608887,ARM,stop,0.0,0.0,0.5,0.0,0.0,0.0,0.0,0.0,0.0,0.0,0.0,0.0,0.0,0.0,0.0,0.0
0.1605668067932129,ARM,stop,0.0,0.0,0.5,0.0,0.0,0.0,0.0,0.0,0.0,0.0,0.0,0.0,0.0,0.0,0.0,0.0
0.1804821491241455,ARM,stop,0.0,0.0,0.5,0.0,0.0,0.0,0.0,0.0,0.0,0.0,0.0,0.0,0.0,0.0,0.0,0.0
0.2005598545074463,ARM,stop,0.0,0.0,0.5,0.0,0.0,0.0,0.0,0.0,0.0,0.0,0.0,0.0,0.0,0.0,0.0,0.0
0.22065186500549316,ARM,stop,0.0,0.0,0.5,0.0,0.0,0.0,0.0,0.0,0.0,0.0,0.0,0.0,0.0,0.0,0.0,0.0
0.24119997024536133,ARM,stop,0.0,0.0,0.5,0.0,0.0,0.0,0.0,0.0,0.0,0.0,0.0,0.0,0.0,0.0,0.0,0.0
0.26047849655151367,ARM,stop,0.0,0.0,0.5,0.0,0.0,0.0,0.0,0.0,0.0,0.0,0.0,0.0,0.0,0.0,0.0,0.0
0.28061413764953613,ARM,stop,0.0,0.0,0.5,0.0,0.0,0.0,0.0,0.0,0.0,0.0,0.0,0.0,0.0,0.0,0.0,0.0
0.30067992210388184,ARM,stop,0.0,0.0,0.5,0.0,0.0,0.0,0.0,0.0,0.0,0.0,0.0,0.0,0.0,0.0,0.0,0.0
0.3205578327178955,ARM,stop,0.0,0.0,0.5,0.0,0.0,0.0,0.0,0.0,0.0,0.0,0.0,0.0,0.0,0.0,0.0,0.0
0.34163951873779297,ARM,stop,0.0,0.0,0.5,0.0,0.0,0.0,0.0,0.0,0.0,0.0,0.0,0.0,0.0,0.0,0.0,0.0
0.3605046272277832,ARM,stop,0.0,0.0,0.5,0.0,0.0,0.0,0.0,0.0,0.0,0.0,0.0,0.0,0.0,0.0,0.0,0.0
0.38047170639038086,ARM,stop,0.0,0.0,0.5,0.0,0.0,0.0,0.0,0.0,0.0,0.0,0.0,0.0,0.0,0.0,0.0,0.0
0.40069079399108887,ARM,stop,0.0,0.0,0.5,0.0,0.0,0.0,0.0,0.0,0.0,0.0,0.0,0.0,0.0,0.0,0.0,0.0
0.4205019474029541,ARM,stop,0.0,0.0,0.5,0.0,0.0,0.0,0.0,0.0,0.0,0.0,0.0,0.0,0.0,0.0,0.0,0.0
0.4422023296356201,ARM,stop,0.0,0.0,0.5,0.0,0.0,0.0,0.0,0.0,0.0,0.0,0.0,0.0,0.0,0.0,0.0,0.0
0.46087050437927246,ARM,stop,0.0,0.0,0.5,0.0,0.0,0.0,0.0,0.0,0.0,0.0,0.0,0.0,0.0,0.0,0.0,0.0
0.4806487560272217,ARM,stop,0.0,0.0,0.5,0.0,0.0,0.0,0.0,0.0,0.0,0.0,0.0,0.0,0.0,0.0,0.0,0.0
0.5007097721099854,ARM,stop,0.0,0.0,0.5,0.0,0.0,0.0,0.0,0.0,0.0,0.0,0.0,0.0,0.0,0.0,0.0,0.0
0.5205357074737549,ARM,stop,0.0,0.0,0.5,0.0,0.0,0.0,0.0,0.0,0.0,0.0,0.0,0.0,0.0,0.0,0.0,0.0
0.5405228137969971,ARM,stop,0.0,0.0,0.5,0.0,0.0,0.0,0.0,0.0,0.0,0.0,0.0,0.0,0.0,0.0,0.0,0.0
0.5604860782623291,ARM,stop,0.0,0.0,0.5,0.0,0.0,0.0,0.0,0.0,0.0,0.0,0.0,0.0,0.0,0.0,0.0,0.0
0.5804994106292725,ARM,stop,0.0,0.0,0.5,0.0,0.0,0.0,0.0,0.0,0.0,0.0,0.0,0.0,0.0,0.0,0.0,0.0
0.6004714965820312,ARM,stop,0.0,0.0,0.5,0.0,0.0,0.0,0.0,0.0,0.0,0.0,0.0,0.0,0.0,0.0,0.0,0.0
0.6205649375915527,ARM,stop,0.0,0.0,0.5,0.0,0.0,0.0,0.0,0.0,0.0,0.0,0.0,0.0,0.0,0.0,0.0,0.0
0.6406123638153076,ARM,stop,0.0,0.0,0.5,0.0,0.0,0.0,0.0,0.0,0.0,0.0,0.0,0.0,0.0,0.0,0.0,0.0
0.6606690883636475,ARM,stop,0.0,0.0,0.5,0.0,0.0,0.0,0.0,0.0,0.0,0.0,0.0,0.0,0.0,0.0,0.0,0.0
0.6807458400726318,ARM,stop,0.0,0.0,0.5,0.0,0.0,0.0,0.0,0.0,0.0,0.0,0.0,0.0,0.0,0.0,0.0,0.0
0.7004930973052979,ARM,stop,0.0,0.0,0.5,0.0,0.0,0.0,0.0,0.0,0.0,0.0,0.0,0.0,0.0,0.0,0.0,0.0
0.7204692363739014,ARM,stop,0.0,0.0,0.5,0.0,0.0,0.0,0.0,0.0,0.0,0.0,0.0,0.0,0.0,0.0,0.0,0.0
0.7405149936676025,ARM,stop,0.0,0.0,0.5,0.0,0.0,0.0,0.0,0.0,0.0,0.0,0.0,0.0,0.0,0.0,0.0,0.0
0.7611563205718994,ARM,stop,0.0,0.0,0.5,0.0,0.0,0.0,0.0,0.0,0.0,0.0,0.0,0.0,0.0,0.0,0.0,0.0
0.7804715633392334,ARM,stop,0.0,0.0,0.5,0.0,0.0,0.0,0.0,0.0,0.0,0.0,0.0,0.0,0.0,0.0,0.0,0.0
0.8004865646362305,ARM,stop,0.0,0.0,0.5,0.0,0.0,0.0,0.0,0.0,0.0,0.0,0.0,0.0,0.0,0.0,0.0,0.0
0.8204810619354248,ARM,stop,0.0,0.0,0.5,0.0,0.0,0.0,0.0,0.0,0.0,0.0,0.0,0.0,0.0,0.0,0.0,0.0
0.8405015468597412,ARM,stop,0.0,0.0,0.5,0.0,0.0,0.0,0.0,0.0,0.0,0.0,0.0,0.0,0.0,0.0,0.0,0.0
0.8604798316955566,ARM,stop,0.0,0.0,0.5,0.0,0.0,0.0,0.0,0.0,0.0,0.0,0.0,0.0,0.0,0.0,0.0,0.0
0.8806138038635254,ARM,stop,0.0,0.0,0.5,0.0,0.0,0.0,0.0,0.0,0.0,0.0,0.0,0.0,0.0,0.0,0.0,0.0
0.9005935192108154,ARM,stop,0.0,0.0,0.5,0.0,0.0,0.0,0.0,0.0,0.0,0.0,0.0,0.0,0.0,0.0,0.0,0.0
0.9204885959625244,ARM,stop,0.0,0.0,0.5,0.0,0.0,0.0,0.0,0.0,0.0,0.0,0.0,0.0,0.0,0.0,0.0,0.0
0.9406907558441162,ARM,stop,0.0,0.0,0.5,0.0,0.0,0.0,0.0,0.0,0.0,0.0,0.0,0.0,0.0,0.0,0.0,0.0
0.960465669631958,ARM,stop,0.0,0.0,0.5,0.0,0.0,0.0,0.0,0.0,0.0,0.0,0.0,0.0,0.0,0.0,0.0,0.0
0.9805343151092529,ARM,stop,0.0,0.0,0.5,0.0,0.0,0.0,0.0,0.0,0.0,0.0,0.0,0.0,0.0,0.0,0.0,0.0
1.000509262084961,ARM,stop,0.0,0.0,0.5,0.0,0.0,0.0,0.0,0.0,0.0,0.0,0.0,0.0,0.0,0.0,0.0,0.0
1.0205059051513672,ARM,stop,0.0,0.0,0.5,0.0,0.0,0.0,0.0,0.0,0.0,0.0,0.0,0.0,0.0,0.0,0.0,0.0
1.0404787063598633,ARM,stop,0.0,0.0,0.5,0.0,0.0,0.0,0.0,0.0,0.0,0.0,0.0,0.0,0.0,0.0,0.0,0.0
1.0605683326721191,ARM,stop,0.0,0.0,0.5,0.0,0.0,0.0,0.0,0.0,0.0,0.0,0.0,0.0,0.0,0.0,0.0,0.0
1.0805132389068604,ARM,stop,0.0,0.0,0.5,0.0,0.0,0.0,0.0,0.0,0.0,0.0,0.0,0.0,0.0,0.0,0.0,0.0
1.100592851638794,ARM,stop,0.0,0.0,0.5,0.0,0.0,0.0,0.0,0.0,0.0,0.0,0.0,0.0,0.0,0.0,0.0,0.0
1.1205458641052246,ARM,stop,0.0,0.0,0.5,0.0,0.0,0.0,0.0,0.0,0.0,0.0,0.0,0.0,0.0,0.0,0.0,0.0
1.1408028602600098,ARM,stop,0.0,0.0,0.5,0.0,0.0,0.0,0.0,0.0,0.0,0.0,0.0,0.0,0.0,0.0,0.0,0.0
1.160701036453247,ARM,stop,0.0,0.0,0.5,0.0,0.0,0.0,0.0,0.0,0.0,0.0,0.0,0.0,0.0,0.0,0.0,0.0
1.1809136867523193,ARM,stop,0.0,0.0,0.5,0.0,0.0,0.0,0.0,0.0,0.0,0.0,0.0,0.0,0.0,0.0,0.0,0.0
1.2006151676177979,ARM,stop,0.0,0.0,0.5,0.0,0.0,0.0,0.0,0.0,0.0,0.0,0.0,0.0,0.0,0.0,0.0,0.0
1.2204790115356445,ARM,stop,0.0,0.0,0.5,0.0,0.0,0.0,0.0,0.0,0.0,0.0,0.0,0.0,0.0,0.0,0.0,0.0
1.2406220436096191,ARM,stop,0.0,0.0,0.5,0.0,0.0,0.0,0.0,0.0,0.0,0.0,0.0,0.0,0.0,0.0,0.0,0.0
1.260667085647583,ARM,stop,0.0,0.0,0.5,0.0,0.0,0.0,0.0,0.0,0.0,0.0,0.0,0.0,0.0,0.0,0.0,0.0
1.2806179523468018,ARM,stop,0.0,0.0,0.5,0.0,0.0,0.0,0.0,0.0,0.0,0.0,0.0,0.0,0.0,0.0,0.0,0.0
1.3004779815673828,ARM,stop,0.0,0.0,0.5,0.0,0.0,0.0,0.0,0.0,0.0,0.0,0.0,0.0,0.0,0.0,0.0,0.0
1.3204641342163086,ARM,stop,0.0,0.0,0.5,0.0,0.0,0.0,0.0,0.0,0.0,0.0,0.0,0.0,0.0,0.0,0.0,0.0
1.3404996395111084,ARM,stop,0.0,0.0,0.5,0.0,0.0,0.0,0.0,0.0,0.0,0.0,0.0,0.0,0.0,0.0,0.0,0.0
1.3612241744995117,ARM,stop,0.0,0.0,0.5,0.0,0.0,0.0,0.0,0.0,0.0,0.0,0.0,0.0,0.0,0.0,0.0,0.0
1.3807470798492432,ARM,stop,0.0,0.0,0.5,0.0,0.0,0.0,0.0,0.0,0.0,0.0,0.0,0.0,0.0,0.0,0.0,0.0
1.4004998207092285,ARM,stop,0.0,0.0,0.5,0.0,0.0,0.0,0.0,0.0,0.0,0.0,0.0,0.0,0.0,0.0,0.0,0.0
1.4207639694213867,ARM,stop,0.0,0.0,0.5,0.0,0.0,0.0,0.0,0.0,0.0,0.0,0.0,0.0,0.0,0.0,0.0,0.0
1.440711259841919,ARM,stop,0.0,0.0,0.5,0.0,0.0,0.0,0.0,0.0,0.0,0.0,0.0,0.0,0.0,0.0,0.0,0.0
1.460496187210083,ARM,stop,0.0,0.0,0.5,0.0,0.0,0.0,0.0,0.0,0.0,0.0,0.0,0.0,0.0,0.0,0.0,0.0
1.4805326461791992,ARM,stop,0.0,0.0,0.5,0.0,0.0,0.0,0.0,0.0,0.0,0.0,0.0,0.0,0.0,0.0,0.0,0.0
1.5007786750793457,ARM,stop,0.0,0.0,0.5,0.0,0.0,0.0,0.0,0.0,0.0,0.0,0.0,0.0,0.0,0.0,0.0,0.0
1.520493984222412,ARM,stop,0.0,0.0,0.5,0.0,0.0,0.0,0.0,0.0,0.0,0.0,0.0,0.0,0.0,0.0,0.0,0.0
1.5405464172363281,ARM,stop,0.0,0.0,0.5,0.0,0.0,0.0,0.0,0.0,0.0,0.0,0.0,0.0,0.0,0.0,0.0,0.0
1.560490608215332,ARM,stop,0.0,0.0,0.5,0.0,0.0,0.0,0.0,0.0,0.0,0.0,0.0,0.0,0.0,0.0,0.0,0.0
1.5804882049560547,ARM,stop,0.0,0.0,0.5,0.0,0.0,0.0,0.0,0.0,0.0,0.0,0.0,0.0,0.0,0.0,0.0,0.0
1.6005847454071045,ARM,stop,0.0,0.0,0.5,0.0,0.0,0.0,0.0,0.0,0.0,0.0,0.0,0.0,0.0,0.0,0.0,0.0
1.6206672191619873,ARM,stop,0.0,0.0,0.5,0.0,0.0,0.0,0.0,0.0,0.0,0.0,0.0,0.0,0.0,0.0,0.0,0.0
1.6405384540557861,ARM,stop,0.0,0.0,0.5,0.0,0.0,0.0,0.0,0.0,0.0,0.0,0.0,0.0,0.0,0.0,0.0,0.0
1.6605093479156494,ARM,stop,0.0,0.0,0.5,0.0,0.0,0.0,0.0,0.0,0.0,0.0,0.0,0.0,0.0,0.0,0.0,0.0
1.6805088520050049,ARM,stop,0.0,0.0,0.5,0.0,0.0,0.0,0.0,0.0,0.0,0.0,0.0,0.0,0.0,0.0,0.0,0.0
1.7007074356079102,ARM,stop,0.0,0.0,0.5,0.0,0.0,0.0,0.0,0.0,0.0,0.0,0.0,0.0,0.0,0.0,0.0,0.0
1.7205376625061035,ARM,stop,0.0,0.0,0.5,0.0,0.0,0.0,0.0,0.0,0.0,0.0,0.0,0.0,0.0,0.0,0.0,0.0
1.7409803867340088,ARM,stop,0.0,0.0,0.5,0.0,0.0,0.0,0.0,0.0,0.0,0.0,0.0,0.0,0.0,0.0,0.0,0.0
1.7604889869689941,ARM,stop,0.0,0.0,0.5,0.0,0.0,0.0,0.0,0.0,0.0,0.0,0.0,0.0,0.0,0.0,0.0,0.0
1.7808074951171875,ARM,stop,0.0,0.0,0.5,0.0,0.0,0.0,0.0,0.0,0.0,0.0,0.0,0.0,0.0,0.0,0.0,0.0
1.8004708290100098,ARM,stop,0.0,0.0,0.5,0.0,0.0,0.0,0.0,0.0,0.0,0.0,0.0,0.0,0.0,0.0,0.0,0.0
1.8204734325408936,ARM,stop,0.0,0.0,0.5,0.0,0.0,0.0,0.0,0.0,0.0,0.0,0.0,0.0,0.0,0.0,0.0,0.0
1.8406085968017578,ARM,stop,0.0,0.0,0.5,0.0,0.0,0.0,0.0,0.0,0.0,0.0,0.0,0.0,0.0,0.0,0.0,0.0
1.8604884147644043,ARM,stop,0.0,0.0,0.5,0.0,0.0,0.0,0.0,0.0,0.0,0.0,0.0,0.0,0.0,0.0,0.0,0.0
1.8806817531585693,ARM,stop,0.0,0.0,0.5,0.0,0.0,0.0,0.0,0.0,0.0,0.0,0.0,0.0,0.0,0.0,0.0,0.0
1.900465726852417,ARM,stop,0.0,0.0,0.5,0.0,0.0,0.0,0.0,0.0,0.0,0.0,0.0,0.0,0.0,0.0,0.0,0.0
1.9205083847045898,ARM,stop,0.0,0.0,0.5,0.0,0.0,0.0,0.0,0.0,0.0,0.0,0.0,0.0,0.0,0.0,0.0,0.0
1.9417858123779297,ARM,stop,0.0,0.0,0.5,0.0,0.0,0.0,0.0,0.0,0.0,0.0,0.0,0.0,0.0,0.0,0.0,0.0
1.9604759216308594,ARM,stop,0.0,0.0,0.5,0.0,0.0,0.0,0.0,0.0,0.0,0.0,0.0,0.0,0.0,0.0,0.0,0.0
1.980722427368164,ARM,stop,0.0,0.0,0.5,0.0,0.0,0.0,0.0,0.0,0.0,0.0,0.0,0.0,0.0,0.0,0.0,0.0
2.000483751296997,ARM,stop,0.0,0.0,0.5,0.0,0.0,0.0,0.0,0.0,0.0,0.0,0.0,0.0,0.0,0.0,0.0,0.0
2.0205018520355225,ARM,stop,0.0,0.0,0.5,0.0,0.0,0.0,0.0,0.0,0.0,0.0,0.0,0.0,0.0,0.0,0.0,0.0
2.0405070781707764,ARM,stop,0.0,0.0,0.5,0.0,0.0,0.0,0.0,0.0,0.00020483814706118484,-0.32108385453647514,0.0689054559960347,0.0,0.0,0.0,0.0,0.0
2.0604135990142822,ARM,stop,0.0,0.0,0.5,0.0,0.0,0.0,0.001,16.7,0.0012825190840360147,-0.2874997121882359,0.021017086659824713,0.0,0.0,0.0,0.0,0.0
2.080502986907959,ARM,stop,0.0,0.0,0.5,0.0,0.0,0.0,0.0,16.7,0.00019911170053170147,-0.3306071054417039,0.05933860678723235,0.0,0.0,0.0,0.0,0.0
2.1004931926727295,ARM,stop,0.0,0.0,0.5,0.0,0.0,0.0,0.001,16.7,-0.0018976857591178878,-0.31274038907488944,0.049461855135593424,0.0,0.0,0.0,0.0,0.0
2.1207244396209717,ARM,stop,0.0,0.0,0.5,0.0,0.0,0.0,0.001,16.7,0.0012546685047729958,-0.2935253778111395,0.05426413701128041,0.0,0.0,0.0,0.0,0.0
2.1406893730163574,ARM,stop,0.0,0.0,0.5,0.0,0.0,0.0,0.001,16.7,-0.0008853366954778184,-0.3197355596395397,0.08837452879075158,0.0,0.0,0.0,0.0,0.0
2.16050386428833,ARM,stop,0.0,0.0,0.5,0.0,0.0,0.0,0.002,16.7,0.0012603948212653164,-0.29809037235648006,0.001625562566015759,0.0,0.0,0.0,0.0,0.0
2.180483341217041,ARM,stop,0.0,0.0,0.5,0.0,0.0,0.0,0.001,16.7,0.00019807085057294823,-0.3457065903375245,0.06875174730799571,0.0,0.0,0.0,0.0,0.0
2.200678586959839,ARM,stop,0.0,0.0,0.5,0.0,0.0,0.0,0.001,16.7,-0.0008699796966860659,-0.30660238381645755,0.04019061923576572,0.0,0.0,0.0,0.0,0.0
2.2204997539520264,ARM,stop,0.0,0.0,0.5,0.0,0.0,0.0,0.001,16.7,0.00019520762730820652,-0.3157323729071386,0.05945401621110946,0.0,0.0,0.0,0.0,0.0
2.2413370609283447,ARM,stop,0.0,0.0,0.5,0.0,0.0,0.0,0.001,16.7,-0.0008546226978943137,-0.2843392189026943,0.04938372171309524,0.0,0.0,0.0,0.0,0.0
2.2606778144836426,ARM,stop,0.0,0.0,0.5,0.0,0.0,0.0,0.002,16.7,0.00019234440404346486,-0.3730965576095677,0.06427161048344132,0.0,0.0,0.0,0.0,0.0
2.2817020416259766,ARM,stop,0.0,0.0,0.5,0.0,0.0,0.0,0.001,16.7,0.0012296809537189744,-0.3536006241667984,0.0930883349808127,0.0,0.0,0.0,0.0,0.0
2.30049991607666,ARM,stop,0.0,0.0,0.5,0.0,0.0,0.0,0.001,16.7,-0.0029810931101129107,-0.3019812194533529,0.025781763628238252,0.0,0.0,0.0,0.0,0.0
2.3206377029418945,ARM,stop,0.0,0.0,0.5,0.0,0.0,0.0,0.001,16.7,-0.0008853366954778184,-0.3365203948839799,0.05908125619732019,0.0,0.0,0.0,0.0,0.0
2.340360164642334,ARM,stop,0.0,0.0,0.5,0.0,0.0,0.0,0.001,16.7,0.0012825190840360147,-0.3250870778139756,0.07387588187402017,0.0,0.0,0.0,0.0,0.0
2.360457420349121,ARM,stop,0.0,0.0,0.5,0.0,0.0,0.0,0.001,16.7,-0.0008632123026699574,-0.35839033452829483,0.04518827121279756,0.0,0.0,0.0,0.0,0.0
2.380525827407837,ARM,stop,0.0,0.0,0.5,0.0,0.0,0.0,0.001,16.7,0.00015486317499030486,-0.28355269527359894,0.035193880886218665,0.0,0.0,0.0,0.0,0.0
2.400441884994507,ARM,stop,0.0,0.0,0.5,0.0,0.0,0.0,0.001,16.7,-0.0008728428549322264,-0.32643537271091105,0.0687768903363768,0.0,0.0,0.0,0.0,0.0
2.4206275939941406,ARM,stop,0.0,0.0,0.5,0.0,0.0,0.0,0.001,16.7,-0.0008853366954778184,-0.3395685485339932,0.030740385439120388,0.0,0.0,0.0,0.0,0.0
2.44024658203125,ARM,stop,0.0,0.0,0.5,0.0,0.0,0.0,0.001,16.7,-0.0008728428549322264,-0.32643537271091105,-0.00786348212618293,0.0,0.0,0.0,0.0,0.0
2.4610209465026855,ARM,stop,0.0,0.0,0.5,0.0,0.0,0.0,0.001,16.7,-0.0019601543116600346,-0.3018126734549611,0.09288072227117183,0.0,0.0,0.0,0.0,0.0
2.4816744327545166,ARM,stop,0.0,0.0,0.5,0.0,0.0,0.0,0.001,16.7,-0.0008853366954778184,-0.27842592946041833,0.0688011197372731,0.0,0.0,0.0,0.0,0.0
2.5003719329833984,ARM,stop,0.0,0.0,0.5,0.0,0.0,0.0,0.001,16.7,0.00018948118077872315,-0.32576122526244333,0.05456128521442949,0.0,0.0,0.0,0.0,0.0
2.5207464694976807,ARM,stop,0.0,0.0,0.5,0.0,0.0,0.0,0.001,16.7,0.00022019511334364655,-0.3306071054417039,0.054548567519841384,0.0,0.0,0.0,0.0,0.0
2.540566921234131,ARM,stop,0.0,0.0,0.5,0.0,0.0,0.0,0.001,16.7,-0.0008824734071944954,-0.2841145030865384,0.015905048521698717,0.0,0.0,0.0,0.0,0.0
2.5604665279388428,ARM,stop,0.0,0.0,0.5,0.0,0.0,0.0,0.001,16.7,0.0012479011107568872,-0.34396503362604136,0.09789094576239421,0.0,0.0,0.0,0.0,0.0
2.5806496143341064,ARM,stop,0.0,0.0,0.5,0.0,0.0,0.0,0.0,16.7,0.0012479011107568872,-0.3408606736131645,0.030444297043853652,0.0,0.0,0.0,0.0,0.0
2.6004626750946045,ARM,stop,0.0,0.0,0.5,0.0,0.0,0.0,0.001,16.7,-0.001959113494210572,-0.3405797879792445,0.07361882364490313,0.0,0.0,0.0,0.0,0.0
2.620837450027466,ARM,stop,0.0,0.0,0.5,0.0,0.0,0.0,0.001,16.7,-0.0008881998537239787,-0.3022059352695088,0.059260436819634776,0.0,0.0,0.0,0.0,0.0
2.6408188343048096,ARM,stop,0.0,0.0,0.5,0.0,0.0,0.0,0.001,16.7,-0.0008603491444237971,-0.34942889143600553,0.05462640858154444,0.0,0.0,0.0,0.0,0.0
2.6604812145233154,ARM,stop,0.0,0.0,0.5,0.0,0.0,0.0,0.001,16.7,0.0001866179575139815,-0.28355269527359894,0.05435396486558375,0.0,0.0,0.0,0.0,0.0
2.6805918216705322,ARM,stop,0.0,0.0,0.5,0.0,0.0,0.0,0.001,16.7,0.00018948118077872315,-0.3028239129002124,0.03995874058012916,0.0,0.0,0.0,0.0,0.0
2.700437068939209,ARM,stop,0.0,0.0,0.5,0.0,0.0,0.0,0.001,16.7,0.0023227191170505914,-0.34993449288608147,0.06888060532844875,0.0,0.0,0.0,0.0,0.0
2.7204606533050537,ARM,stop,0.0,0.0,0.5,0.0,0.0,0.0,0.001,16.7,-0.0008642532501565827,-0.32559267926405155,0.0689699946415594,0.0,0.0,0.0,0.0,0.0
2.7404918670654297,ARM,stop,0.0,0.0,0.5,0.0,0.0,0.0,0.001,16.7,0.0001866179575139815,-0.3590083121589984,-0.0028535509957556826,0.0,0.0,0.0,0.0,0.0
2.760496139526367,ARM,stop,0.0,0.0,0.5,0.0,0.0,0.0,0.001,16.7,0.00018271388429048652,-0.3026553669018206,0.07352753398662415,0.0,0.0,0.0,0.0,0.0
2.7805471420288086,ARM,stop,0.0,0.0,0.5,0.0,0.0,0.0,0.001,16.7,-0.0019312629149475528,-0.33945620889846495,0.05950623915813935,0.0,0.0,0.0,0.0,0.0
2.8004941940307617,ARM,stop,0.0,0.0,0.5,0.0,0.0,0.0,0.001,16.7,0.0012479011107568872,-0.29257034472875176,0.04490292707675181,0.0,0.0,0.0,0.0,0.0
2.8211519718170166,ARM,stop,0.0,0.0,0.5,0.0,0.0,0.0,0.001,16.7,0.00017985066102574486,-0.32175803853004226,0.06396094059351753,8.906534387604076e-06,16.023298338658886,3.3991503985897755,2.73995565422946,1787260497.5378098
2.8406918048858643,ARM,stop,0.0,0.0,0.5,0.0,0.0,0.0,0.001,16.7,-0.0009228178270031064,-0.33010150399162796,0.04508437349522865,2.16644938118866e-05,16.02329792180465,3.3991505756378473,2.73995565422946,1787260497.5466154
2.8604326248168945,ARM,stop,0.0,0.0,0.5,0.0,0.0,0.0,0.0,16.7,0.00018557710755522823,-0.2834965254558348,0.035206744761204334,2.6854122964446128e-05,16.023297843250774,3.399150609012005,2.73995565422946,1787260497.5667503
2.8832850456237793,ARM,stop,0.0,0.0,0.5,0.0,0.0,0.0,0.001,16.7,0.0012393115059812433,-0.3211962307171028,-0.002970604949105393,2.6854122964446128e-05,16.023297843250774,3.399150609012005,2.73995565422946,1787260497.5667503
2.9005179405212402,ARM,stop,0.0,0.0,0.5,0.0,0.0,0.0,0.001,16.7,-0.0008699796966860659,-0.31195390199089346,0.06880217954515544,2.884828304022638e-05,16.02329654243677,3.399151161499162,2.73995565422946,1787260497.608936
2.9206650257110596,ARM,stop,0.0,0.0,0.5,0.0,0.0,0.0,0.001,16.7,0.00020483814706118484,-0.307164191629397,0.08317207807673199,0.0042889878409364795,16.02308846778867,3.3990730119794583,2.7398158793854384,1787260497.6266866
2.940451145172119,ARM,stop,0.0,0.0,0.5,0.0,0.0,0.0,0.001,16.7,-0.0008728428549322264,-0.32519941744950387,0.040319988887610236,0.0021119064013977373,16.02308848493172,3.3990730047429225,2.7398158793854384,1787260497.6465786
2.9609410762786865,ARM,stop,0.0,0.0,0.5,0.0,0.0,0.0,0.001,16.7,0.0001730833645375082,-0.283833580907519,0.05907961166784759,0.0010414205977885332,16.023088478520247,3.3990730074867854,2.7398158793854384,1787260497.667515
2.9809908866882324,ARM,stop,0.0,0.0,0.5,0.0,0.0,0.0,0.001,16.7,-0.0008881998537239787,-0.33455412235634086,0.07390190198478663,0.0264094772152484,16.021224692844324,3.399655780713464,2.7398178883306223,1787260497.6976345
3.000467538833618,ARM,stop,0.0,0.0,0.5,0.0,0.0,0.0,0.001,16.7,-0.0008728428549322264,-0.31189769562802994,0.04486495671848445,0.018604491167469882,16.021221455558855,3.3996571561933404,2.7398178883306223,1787260497.7065878
3.020390510559082,ARM,stop,0.0,0.0,0.5,0.0,0.0,0.0,0.001,16.7,-0.0008728428549322264,-0.3122909574425776,0.0591448812153601,0.006516603472718672,16.021222639178898,3.3996566534640285,2.7398178883306223,1787260497.7375422
3.0408568382263184,entry,drive,1.2,0.001857757568359375,0.4987924575805664,4291.2,0.0,0.0,0.001,16.7,0.00017698743776100315,-0.31195390199089346,0.07359218226744701,0.003269587810160844,16.02122199187959,3.399656928526337,2.7398178883306223,1787260497.7575715
3.061218500137329,entry,drive,1.2,0.008373489379882812,0.49455723190307616,4291.2,0.0,0.04,0.0,16.7,0.0012450379525107266,-0.3395685485339932,0.05948051140816801,0.00165932085218753,16.021221509625583,3.3996571334479464,2.7398178883306223,1787260497.7778428
3.080453634262085,entry,drive,1.2,0.014528732299804687,0.49055632400512694,4291.2,0.0,0.02,0.0,16.7,0.0001730833645375082,-0.3489794598036937,0.0643094712064105,0.02554326853846879,16.021910842773003,3.399235986959318,2.740143344928496,1787260497.7877822
3.1011106967926025,entry,drive,1.2,0.021138992309570313,0.4862596549987793,4291.2,14.0,6.94,0.062,16.7,-0.001940893467209822,-0.3022621050872729,0.011347362996236399,0.01261621192897445,16.021911384836017,3.399235758138447,2.7401433449284966,1787260497.8065913
3.120748519897461,entry,drive,1.2,0.027423095703125,0.48217498779296875,4291.2,309.0,13.19,0.041,16.7,-0.028874419060532435,-2.4154647164596383,0.27355178164677874,0.006255082780439829,16.021911751976205,3.3992356029930204,2.7401433449284966,1787260497.8265898
3.1404571533203125,entry,drive,1.2,0.0337298583984375,0.47807559204101563,4291.2,114.0,33.11,0.045,16.6,0.004936708474612339,-1.7885328055032375,0.16913011698789582,0.03604996729091266,16.020461245333976,3.3998516020460636,2.739709992070951,1787260497.8465772
3.161541700363159,entry,drive,1.2,0.04047691345214844,0.4736900062561035,4291.2,227.0,33.91,0.054,16.6,-0.0033270101678357323,-2.1734094200858323,0.1075800931463089,0.02553451017103698,16.020389830799765,3.399882079378474,2.73956639782513,1787260497.8690898
3.1806561946868896,entry,drive,1.2,0.046593551635742185,0.46971419143676757,4291.2,429.0,36.69,0.064,16.6,-0.02512617587084103,-4.1192530909848415,0.25954435568351286,0.10702074399505215,16.016421494107522,3.401407141398846,2.739287769929229,1787260497.8866374
3.200460195541382,entry,drive,1.2,0.05293083190917969,0.4655949592590332,4291.2,650.0,41.17,0.075,16.6,-0.043087037766229005,-4.826163659597881,0.1402667061260523,0.10317425703036046,16.014343212374413,3.4022909746706818,2.7388222646106004,1787260497.9066417
3.2212653160095215,entry,drive,1.2,0.059588470458984376,0.46126749420166013,4291.2,899.0,44.46,0.083,16.6,-0.025250591266828964,-5.340642937578707,-0.002773955769281855,0.18419683555286204,16.007958959468898,3.4050096416170295,2.737709138454539,1787260497.937725
3.240297317504883,entry,drive,1.2,0.0656787109375,0.457308837890625,4291.2,1137.0,42.94,0.077,16.6,0.004522592646740172,-5.723778251265514,0.04624559402838102,0.24718665398655165,16.002801765156438,3.4072106638108126,2.737353722063723,1787260497.9576833
3.2611114978790283,entry,drive,1.2,0.07233924865722656,0.4529794883728027,4291.2,1405.0,37.28,0.083,16.6,0.01906690390501691,-4.219599501975324,-0.029296159656283294,0.31917041511056415,15.996366729368823,3.4099596019584557,2.7375236950156068,1787260497.977636
3.280319929122925,entry,drive,1.2,0.07848594665527343,0.4489841346740723,4291.2,1656.0,34.66,0.082,16.6,0.03604560655454587,-4.338653495524511,-0.21225313327135353,0.47722600005005367,15.984504495802938,3.414842754246317,2.737291422344482,1787260497.9976733
3.300454616546631,entry,drive,1.2,0.08492904663085937,0.4447961196899414,4291.2,1919.0,32.01,0.088,16.6,0.08308694751921655,-3.9415988843816194,-0.3475965932427343,0.43211619688729724,15.98173098335401,3.4160294641763644,2.7376591029641375,1787260498.0069027
3.320474624633789,entry,drive,1.2,0.09133544921875,0.4406319580078125,4291.2,2169.0,29.67,0.089,16.6,0.10958361937652598,-3.632346359592617,-0.17085188452805866,0.4604006117016836,15.972387197767684,3.420020344939472,2.739086033617468,1787260498.0266001
3.3408408164978027,entry,drive,1.2,0.09785263061523437,0.43639579010009766,4291.2,2413.0,27.32,0.091,16.6,0.10516774042690312,-3.13195477888587,0.05847402282583758,0.5770165936945544,15.954170139299853,3.427768135733589,2.7422140251642713,1787260498.0576823
3.3604698181152344,entry,drive,1.2,0.1041339111328125,0.43231295776367185,4291.2,2644.0,25.17,0.088,16.6,0.10532131327563823,-3.071627882975804,0.0841733041647501,0.5682565005843079,15.949643047535233,3.429678844460197,2.743273911449798,1787260498.066652
3.3818840980529785,entry,drive,1.2,0.11098648071289063,0.4278587875366211,4291.2,2857.0,23.27,0.09,16.6,0.11253399406779187,-2.717470201858987,-0.016492730265007083,1.1558966671847593,15.908058335263638,3.4470392462645107,2.7476326475500468,1787260498.0977287
3.400407552719116,entry,drive,1.2,0.11691398620605468,0.42400590896606444,4291.2,3022.0,21.72,0.091,16.6,0.11011070056814469,-2.5036746461227324,-0.2611897256933986,1.0095704792347622,15.902261474680724,3.4494489525144987,2.748762885169698,1787260498.1071246
3.4209325313568115,entry,drive,1.2,0.12348197937011719,0.4197367134094238,4291.2,3201.0,20.07,0.094,16.6,0.10761540185052453,-2.1170003050108903,-0.31418823282256625,0.9141527726928802,15.877737909845502,3.459618981390206,2.7520618517038513,1787260498.13771
3.4405124187469482,entry,drive,1.2,0.12974754333496094,0.4156640968322754,4291.2,3376.0,18.66,0.093,16.7,0.14585515769886226,-2.027849704489469,-0.6594974682944112,0.8888688429311868,15.870904292946914,3.462424225847388,2.753140578823723,1787260498.1466115
3.4605329036712646,entry,drive,1.2,0.1361540985107422,0.41149983596801754,4291.2,3499.0,17.29,0.091,16.6,0.22048463796528692,-1.7547240569741405,-0.6690604437226781,0.9025908494748189,15.853502868974202,3.469555401424837,2.755921347943353,1787260498.166964
3.4824440479278564,entry,drive,1.2,0.14316566467285158,0.40694231796264646,4291.2,3601.0,16.14,0.096,16.6,0.25499203180252744,-1.4879609112628032,-0.5400729805275972,2.1379616920573623,15.804576151632682,3.4894979828825177,2.763248199860508,1787260498.187768
3.5014407634735107,entry,drive,1.2,0.14924461364746094,0.4029910011291504,4291.2,3708.0,15.27,0.1,16.6,0.29686396487070493,-1.2265637555852607,-0.5011301571654414,1.3740419892175006,15.777745453392411,3.5001157133671716,2.7709160919103257,1787260498.216647
3.520845413208008,entry,drive,1.2,0.1554541015625,0.398954833984375,4291.2,3848.0,13.76,0.095,16.6,0.29681935692244615,-1.2846872743628381,-0.3841205695663916,1.242457985306423,15.75614184803358,3.508537968118609,2.7770488453663678,1787260498.2376983
3.540391683578491,entry,drive,1.2,0.1617089080810547,0.39488920974731445,4291.2,3960.0,12.75,0.095,16.7,0.28752881959116383,-1.4196706920150177,-0.1665696028716077,1.1979255615818605,15.747092043610838,3.5119913675668033,2.7800171262027145,1787260498.2465522
3.5629289150238037,entry,drive,1.2,0.1689208221435547,0.39020146560668945,4291.2,4031.0,12.09,0.094,16.7,0.3171395423558597,-1.082535279653385,-1.004009728238735,1.1051852487050744,15.717115928966871,3.5232688963077496,2.7886963000801237,1787260498.2766156
3.581516981124878,entry,drive,1.2,0.17486900329589844,0.386335147857666,4291.2,4087.0,11.6,0.094,16.7,0.430669800020315,-0.14658492440585658,-1.5090380780660269,1.899052087186095,15.674800872318345,3.5393321731965983,2.796567876638833,1787260498.2886808
3.600430488586426,entry,drive,1.2,0.18092132568359376,0.382401138305664,4291.2,4137.0,11.2,0.092,16.7,0.5272444433935356,-0.687531944939316,-0.8454364489295969,1.570816319915292,15.653473890188915,3.54698038364537,2.804611839668608,1787260498.3065698
3.6211116313934326,entry,drive,1.2,0.18753929138183595,0.37809946060180666,4291.2,4179.0,10.88,0.094,16.7,0.5689344326249903,-0.7280005992912493,-0.5530380854385797,1.2742654925120205,15.6203350855738,3.5584576162686945,2.820161238367109,1787260498.337946
3.641242265701294,entry,drive,1.2,0.19398109436035157,0.3739122886657715,4291.2,4202.0,10.7,0.097,16.7,0.6052899104559344,-0.783467435523491,-0.5989792222439334,1.220484770144143,15.598301055119274,3.5657470764364123,2.8317008171331395,1787260498.357706
3.6605122089385986,entry,drive,1.2,0.20014747619628906,0.3699041404724121,4291.2,4256.0,9.85,0.092,16.6,0.6346699701807158,-0.4046292408034873,-0.967320202614836,1.2006221214805073,15.576061961024598,3.5727939337597205,2.8441804416555967,1787260498.3771756
3.6815543174743652,entry,drive,1.2,0.20688095092773437,0.36552738189697265,4291.2,4296.0,9.47,0.092,16.7,0.6231046605148288,-0.4034911533182495,-1.1070679317844352,1.7954320805204036,15.522591777739722,3.589686026399005,2.8639309850998975,1787260498.3976603
3.700512170791626,entry,drive,1.2,0.21294746398925782,0.3615841484069824,4291.2,4308.0,9.6,0.095,16.7,0.6219830036427146,-0.3537690970749914,-1.161936013108253,1.650334597157578,15.511258667401995,3.592916238693304,2.870183889412999,1787260498.4066439
3.7206082344055176,entry,drive,1.2,0.21937820434570313,0.357404167175293,4291.2,4321.0,9.26,0.095,16.7,0.6490348613635215,-0.4412904805204576,-1.108444658768697,1.4392863582840607,15.488091183773236,3.5993036106894207,2.8826251725193415,1787260498.4266505
3.7404239177703857,entry,drive,1.2,0.22571922302246095,0.3532825050354004,4291.2,4353.0,9.0,0.093,16.7,0.6951859117369679,-0.21340686205913073,-1.2909360478175245,1.3363484996437112,15.464764748504331,3.6054198194050455,2.8954683844631695,1787260498.4466395
3.761009693145752,entry,drive,1.2,0.23230667114257814,0.3490006637573242,4291.2,4364.0,8.91,0.095,16.7,0.7626410524085576,-0.28231670346709237,-1.1428683882303474,1.2674317840359106,15.42874837016491,3.614226859028062,2.9165686916835805,1787260498.4773037
3.7811951637268066,entry,drive,1.2,0.23876602172851563,0.3448020858764648,4291.2,4365.0,8.96,0.096,16.7,0.7942656243000579,-0.468946861567062,-1.0661833211112324,1.5882166829968267,15.386712318317024,3.6226967888314627,2.941567677163741,1787260498.4977882
3.8005826473236084,entry,drive,1.2,0.24497001647949218,0.34076948928833006,4291.2,4383.0,8.52,0.095,16.7,0.8504616522520924,-0.5393463177713045,-0.8923112399341946,1.5267333175342466,15.37475762420184,3.6251204361564398,2.9495387513156244,1787260498.5066063
3.8205864429473877,entry,drive,1.2,0.2513712310791016,0.336608699798584,4291.2,4419.0,8.04,0.093,16.7,0.782543720762074,-0.18834744886545707,-1.7394476207070682,1.3930895241008001,15.350662476892216,3.629710289492518,2.9662951076018604,1787260498.526648
3.8406121730804443,entry,drive,1.2,0.2577794647216797,0.33244334793090824,4291.2,4427.0,8.08,0.095,16.7,0.7684624562353619,-0.3055059577445256,-1.4945606638520417,1.2709857799168396,15.314103837639484,3.6359065133354256,2.989989837882408,1787260498.5576103
3.8610076904296875,entry,drive,1.2,0.2643060302734375,0.3282010803222656,4291.2,4427.0,8.08,0.095,16.7,0.7684624562353619,-0.3055059577445256,-1.4945606638520417,1.2709857799168396,15.314103837639484,3.6359065133354256,2.989989837882408,1787260498.5576103
3.880336284637451,entry,drive,1.2,0.2704911804199219,0.3241807327270508,4291.2,4409.0,8.31,0.092,16.7,0.9947305479819194,0.09372531606319967,-1.1972055423502113,1.5265463266720287,15.267169147475775,3.64132583152229,3.021981910334318,1787260498.5879428
3.901311159133911,entry,drive,1.2,0.27720314025878906,0.3198179588317871,4291.2,4417.0,8.24,0.092,16.7,1.037959378270249,-0.026060858552288124,-1.1316483118152902,1.342237855245137,15.230415903536889,3.6453875355484873,3.051343691849747,1787260498.6180081
3.9218838214874268,entry,drive,1.2,0.2837863922119141,0.3155388450622558,4291.2,4405.0,8.42,0.096,16.7,1.0333838012013838,-0.2927677613556625,-1.4665937225508117,1.2790017518392525,15.205782899496096,3.647485265140725,3.07214000183734,1787260498.6382093
3.9403164386749268,entry,drive,1.2,0.28968482971191406,0.3117048606872559,4291.2,4397.0,8.32,0.095,16.7,1.0331187500938939,-0.10085501827498344,-1.8673905518713525,1.3262776749892184,15.193415662884643,3.648345586265257,3.082520206975598,1787260498.646839
3.9608168601989746,entry,drive,1.2,0.29624496459960936,0.3074407730102539,4291.2,4393.0,8.4,0.093,16.7,1.0713201980344265,0.21122091693905176,-1.8970675114632911,1.3218028127429724,15.168920284313028,3.6496635389667094,3.1031260944063592,1787260498.6667056
3.980694532394409,entry,drive,1.2,0.30260581970214845,0.3033062171936035,4291.2,4412.0,8.23,0.093,16.7,1.1081758840971148,0.07539470990912678,-1.6605493823688278,1.9082387453922474,15.122427932223335,3.6512535807029325,3.13507690039443,1787260498.6879327
4.000944137573242,entry,drive,1.2,0.309085693359375,0.2990942993164062,4291.2,4409.0,8.12,0.096,16.7,1.095163545852933,-0.06048768521111203,-1.3569841521274668,1.642194685822015,15.097711246172556,3.6512649467663656,-3.125929286694299,1787260498.7066424
4.020781755447388,entry,drive,1.2,0.31543373107910155,0.294968074798584,4291.2,4403.0,8.1,0.093,16.7,1.1010166412967093,-0.2552366020927863,-1.423664925198068,1.467068001485313,15.073017401767274,3.6507325992376582,-3.1039385485475504,1787260498.7266302
4.040440559387207,entry,drive,1.2,0.32,0.292,4291.2,4399.0,8.23,0.092,16.7,1.1428708144093673,-0.07463209134317061,-1.4958429582994768,1.359018361791705,15.048400245716937,3.6496610056197376,-3.081945828291341,1787260498.7468529
4.061361312866211,entry,drive,1.2,0.32,0.292,4291.2,4393.0,8.4,0.093,16.7,1.194480479490122,0.16429335481093332,-1.7925610987189202,1.3147694235143157,15.023840995480993,3.648048153155654,-3.0592961279403412,1787260498.7666328
4.080402612686157,entry,drive,1.2,0.32,0.292,4291.2,4374.0,8.63,0.094,16.7,1.2049778615588873,0.10858734917572654,-2.2302409965097354,1.2967657558953818,14.999384605279346,3.645875749067372,-3.0354306192716303,1787260498.786605
4.100399494171143,entry,drive,1.2,0.32,0.292,4291.2,4369.0,8.47,0.092,16.7,1.2345814270781534,-0.05467225440873058,-1.7985290596298853,1.6166569823973682,14.958652283632075,3.6404542722199262,-2.999982303239461,1787260498.8069777
4.12055778503418,entry,drive,1.2,0.32,0.292,4291.2,4382.0,8.31,0.093,16.7,1.2292596322718483,-0.1057733125686875,-1.344608812030458,1.4470250278183545,14.934958763447005,3.6369130489008383,-2.975925357000415,1787260498.8265302
4.141313552856445,entry,drive,1.2,0.32,0.292,4291.2,4395.0,8.14,0.094,16.7,1.23305490314132,0.04438032758732158,-1.6061846001538242,1.448429374041843,14.910719563767966,3.632696174312342,-2.9512550447513854,1787260498.8466854
4.160382032394409,entry,drive,1.2,0.32,0.292,4291.2,4385.0,8.17,0.094,16.7,1.2635740634433557,0.0761684701622598,-1.6492955382819332,1.3217531142571057,14.874551217859372,3.625259740183871,-2.9142296156012515,1787260498.8766725
4.180378198623657,entry,drive,1.2,0.32,0.292,4291.2,4366.0,8.49,0.091,16.7,1.3084613773005322,0.37467625607584765,-1.5745058461976384,1.254752350439839,14.86265451400142,3.6224986198485305,-2.901445149191557,1787260498.8877912
4.200445890426636,entry,drive,1.2,0.32,0.292,4291.2,4364.0,8.71,0.093,16.7,1.2964234896992106,0.1617218406197285,-1.382705177800517,1.6325866718752375,14.823047674697072,3.6126460642562326,-2.86547834834612,1787260498.906692
4.221374750137329,entry,drive,1.2,0.32,0.292,4291.2,4351.0,8.67,0.093,16.7,1.2881294739583222,-0.14355643201931567,-1.3275203235551771,1.3789797243018687,14.786054223776498,3.6015980896463047,-2.824557964936637,1787260498.9381635
4.240785837173462,entry,drive,1.2,0.32,0.292,4291.2,4343.0,8.69,0.093,16.7,1.2557266598172736,-0.11824509518298942,-1.3235164424658876,1.2861121397761934,14.776436135450389,3.5984219827823116,-2.8137789583134523,1787260498.947635
4.260601997375488,entry,drive,1.2,0.32,0.292,4291.2,4361.0,8.31,0.092,16.7,1.2599383159231794,-0.06346517891145265,-1.4343068581407579,1.291093497087496,14.75334741630898,3.5903908193086806,-2.788533076110896,1787260498.9667437
4.2815842628479,entry,drive,1.2,0.32,0.292,4291.2,4358.0,8.47,0.092,16.7,1.275246964817282,-0.1460700039554359,-1.5016349180117743,1.3688518780849686,14.714498660942413,3.572761754150044,-2.7410406825861506,1787260498.9975479
4.300534248352051,entry,drive,1.2,0.32,0.292,4291.2,4354.0,8.55,0.094,16.7,1.308455518346134,0.1555004394444861,-1.8163306160844854,1.3646648113542903,14.703187339676727,3.5679720429288655,-2.728238952194427,1787260499.006614
4.320688962936401,entry,drive,1.2,0.32,0.292,4291.2,4355.0,8.36,0.092,16.7,1.2745145955175101,0.10184412052627856,-1.9447840091970647,1.3114495186177288,14.680964516839481,3.5580451739357146,-2.702258015409976,1787260499.0265777
4.340703248977661,entry,drive,1.2,0.32,0.292,4291.2,4347.0,8.62,0.091,16.7,1.2165667402004217,0.045223007329768805,-1.3664902633810811,1.2838971313282868,14.658982241985905,3.547534645779703,-2.6765969397578067,1787260499.046587
4.360454559326172,entry,drive,1.2,0.32,0.292,4291.2,4332.0,8.87,0.092,16.7,1.2599142143153141,0.12316496091596729,-1.4199811791794446,1.2442669513630262,14.626241639000769,3.5305880152284117,-2.6394616024570583,1787260499.076923
4.380944728851318,entry,drive,1.2,0.32,0.292,4291.2,4311.0,9.14,0.094,16.7,1.304046921477617,-0.12290795750449934,-1.4634958675656264,1.2278814035476944,14.606584788163754,3.5164607760038975,-2.606518532254727,1787260499.0978086
4.400707483291626,entry,drive,1.2,0.32,0.292,4291.2,4321.0,8.71,0.091,16.7,1.3103233263766612,0.0654220273715862,-1.5648389365067032,1.2710851237243912,14.596108029135545,3.510250640872398,-2.5934277330252287,1787260499.106686
4.420531272888184,entry,drive,1.2,0.32,0.292,4291.2,4325.0,8.8,0.092,16.7,1.2672369752066506,-0.011044778709552894,-1.694128481493351,1.2073284548280512,14.565480287694461,3.490986686706532,-2.55444408884585,1787260499.1377492
4.440717935562134,entry,drive,1.2,0.32,0.292,4291.2,4314.0,8.96,0.095,16.7,1.2054630895094995,-0.20579367731867748,-1.665008761576928,1.257048701361939,14.555360134344424,3.4842523950441304,-2.541726859279524,1787260499.1466024
4.460489511489868,entry,drive,1.2,0.32,0.292,4291.2,4350.0,8.19,0.094,16.7,1.2077771101806694,0.138054192718716,-1.5694509280498607,1.23437288400283,14.534359372532519,3.4696797651841207,-2.5158901136341805,1787260499.1680734
4.480285406112671,entry,drive,1.2,0.32,0.292,4291.2,4374.0,7.82,0.093,16.7,1.2060733528732912,0.9358715366044166,-1.0728846690767782,1.175890499415634,14.515850053693317,3.4561611276904367,-2.4931307527780113,1787260499.1880403
4.500459671020508,entry,drive,1.2,0.32,0.292,4291.2,4360.0,8.35,0.09,16.7,1.2497362784193038,0.2540890859719056,-1.0002917760070815,1.3583955697629173,14.492407594458012,3.4390235299844667,-2.4636724499319573,1787260499.207107
4.520470857620239,entry,drive,1.2,0.32,0.292,4291.2,4309.0,9.27,0.092,16.7,1.247115195274448,-0.20340695342254378,-1.235954384324799,1.3112308171540838,14.47364117637887,3.4237280054186403,-2.4390566265804736,1787260499.2266078
4.540349245071411,entry,drive,1.2,0.32,0.292,4291.2,4303.0,9.09,0.092,16.7,1.2728863388270357,0.10340264110746133,-1.7229880003021094,1.2334477999747469,14.446451851234201,3.400090081052648,-2.401565686611832,1787260499.257686
4.56217622756958,entry,drive,1.2,0.32,0.292,4291.2,4298.0,9.13,0.092,16.7,1.2515111421277874,0.0884445035198107,-1.998349476998186,1.2653434383491993,14.43743251937438,3.391854177515356,-2.388725742284225,1787260499.2668023
4.584401607513428,entry,drive,1.2,0.32,0.292,4291.2,4292.0,9.19,0.092,16.7,1.2330141567766417,-0.038378557891282306,-1.7081758329777017,1.2610555819562523,14.420014013357868,3.375312422904886,-2.3637233515400564,1787260499.2866538
4.600616216659546,entry,drive,1.2,0.32,0.292,4291.2,4281.0,9.24,0.092,16.7,1.2772896093733728,0.0197721001907305,-1.5547422564469286,1.2191379399621698,14.40628733772003,3.3612825066063197,-2.3364020003656822,1787260499.3066773
4.620887994766235,entry,drive,1.2,0.32,0.292,4291.2,4323.0,8.6,0.092,16.7,1.314453356595156,0.26493168805535205,-1.5390796115694911,1.2352409364244379,14.389825886377348,3.343933599652223,-2.3111623385682667,1787260499.326592
4.640413284301758,entry,drive,1.2,0.32,0.292,4291.2,4333.0,8.34,0.091,16.7,1.2694085167595013,-0.17527219702490981,-1.2371913628489892,1.2094115285575882,14.365664409198635,3.31681656273221,-2.272170637691302,1787260499.3575735
4.662503480911255,entry,drive,1.2,0.32,0.292,4291.2,4294.0,9.27,0.093,16.7,1.213627142989192,-0.1761420800257163,-1.5365676476177441,1.2408051489600551,14.357865290831702,3.307582907578299,-2.259443395853942,1787260499.3667715
4.68096137046814,entry,drive,1.2,0.32,0.292,4291.2,4252.0,9.79,0.092,16.6,1.2120066094658788,0.0679935369946536,-1.9172143862164148,1.1312362837155352,14.342720542597728,3.2889538134105782,-2.235183327421514,1787260499.389332
4.700487375259399,entry,drive,1.2,0.32,0.292,4291.2,4253.0,9.81,0.091,16.7,1.2628044098883227,0.1839288357157276,-1.5555459562727378,1.1384960458462927,14.33279999293313,3.2739324768545512,-2.2075579937128387,1787260499.4067214
4.720404148101807,entry,drive,1.2,0.32,0.292,4291.2,4260.0,9.49,0.095,16.7,1.2756957074609603,-0.16027057990525861,-1.5255459380021819,1.1879795747499156,14.318796691809945,3.254737105491533,-2.1825902685711904,1787260499.4265945
4.740467548370361,entry,drive,1.2,0.32,0.292,4291.2,4266.0,9.18,0.093,16.7,1.2696199717500536,-0.2814467839211865,-1.566785474680671,1.1835813062314708,14.298664688136977,3.2252450791242047,-2.1444627739493383,1787260499.4575133
4.760512113571167,entry,drive,1.2,0.32,0.292,4291.2,4298.0,8.88,0.093,16.7,1.2265009968566896,-0.26515311481256276,-1.4572720909589236,1.1861679782910182,14.285777331205335,3.2050184719663997,-2.1189481513977895,1787260499.4775326
4.780440807342529,entry,drive,1.2,0.32,0.292,4291.2,4329.0,8.41,0.093,16.7,1.1966811826569088,0.07209459150322406,-1.3510521515943026,1.1822254229532523,14.279496996237508,3.1947591949468035,-2.1069641481275863,1787260499.4877872
4.802031755447388,entry,drive,1.2,0.32,0.292,4291.2,4323.0,8.62,0.095,16.7,1.1916532676768938,0.15349245068589212,-1.0945952355426485,1.1303503375926214,14.264823946378693,3.1683734350808237,-2.0689366697740073,1787260499.517785
4.820427417755127,entry,drive,1.2,0.32,0.292,4291.2,4303.0,8.98,0.091,16.7,1.1945477243076463,-0.00025666993743600486,-1.1930949495706997,1.2022805814061739,14.259081735746584,3.157815771302021,-2.0569933234546833,1787260499.5265567
4.84038519859314,entry,drive,1.2,0.32,0.292,4291.2,4291.0,9.3,0.092,16.7,1.2284156765224021,-0.02753597408038555,-1.451820146851361,1.1905699769362141,14.242617804341512,3.1257541378387685,-2.021014941647003,1787260499.5576406
4.863275766372681,entry,drive,1.2,0.32,0.292,4291.2,4279.0,9.47,0.093,16.7,1.260010088114557,-0.06596601488043508,-1.427894508821197,1.23603854923917,14.23736122064885,3.114878253647336,-2.008650707402232,1787260499.5666409
4.881344556808472,entry,drive,1.2,0.32,0.292,4291.2,4275.0,9.21,0.093,16.6,1.281919115454312,-0.2599411989178009,-1.4785311061767175,1.2363585681402605,14.227420279058878,3.0932881247235513,-1.9837840453811184,1787260499.586479
4.90055775642395,entry,drive,1.2,0.32,0.292,4291.2,4278.0,9.24,0.09,16.6,1.2656942059871676,-0.05318264874872458,-1.6806325224686134,1.0651623708779823,14.223244709410507,3.082086572592418,-1.96045994536645,1787260499.6066701
4.920982599258423,entry,drive,1.2,0.32,0.292,4291.2,4271.0,9.46,0.093,16.7,1.250832036049817,-0.0715966736602951,-1.7198793279675044,1.1444301324008839,14.21430680515988,3.0599345912169924,-1.9350950388410804,1787260499.6267035
4.940671682357788,entry,drive,1.2,0.32,0.292,4291.2,4277.0,9.36,0.097,16.7,1.2730778201094124,-0.1462240598219191,-1.7278990769386837,1.1615610127250986,14.201966684491582,3.0263253131336096,-1.8974424439127993,1787260499.6575105
4.960443019866943,entry,drive,1.2,0.32,0.292,4291.2,4308.0,8.47,0.093,16.6,1.247206408541783,-0.047410679205794004,-1.1848399963398393,1.1901676311186855,14.195126195309546,3.0061338815275285,-1.874708943774959,1787260499.6744716
4.9809606075286865,entry,drive,1.2,0.32,0.292,4291.2,4311.0,8.77,0.092,16.7,1.1723502766218359,0.14440243279767007,-1.1368942877426846,1.7774823803645752,14.177663021948584,2.956930476015468,-1.8310429994080137,1787260499.6976082
5.000680685043335,entry,drive,1.2,0.32,0.292,4291.2,4285.0,9.41,0.091,16.6,1.1998169216824226,-0.1401005264228461,-1.4534646763239607,1.633821091910887,14.174545243264415,2.9452220785167667,-1.8192474561177758,1787260499.7069385
5.021981716156006,entry,drive,1.2,0.32,0.292,4291.2,4242.0,9.97,0.094,16.7,1.2208641500934279,-0.24871808925949423,-1.742703642882418,1.3128740671027768,14.166204587597306,2.9105226265341093,-1.783338975070972,1787260499.7380912
5.040909290313721,tr0,drive,1.2,0.32,0.292,4291.2,4275.0,9.14,0.091,16.7,1.2708667306143742,0.16558547989010464,-1.9263854519988115,1.263842680019499,14.161313544058803,2.887153912341906,-1.758718267866779,1787260499.7575786
5.0610082149505615,tr0,drive,1.2,0.32,0.292,4291.2,4282.0,9.24,0.094,16.6,1.219590626460152,-0.20580814917803636,-1.754924908840394,1.263842680019499,14.161313544058803,2.887153912341906,-1.758718267866779,1787260499.7575786
5.081418991088867,tr0,drive,1.2,0.32,0.292,4291.2,4270.0,9.37,0.093,16.7,1.2021075065359998,-0.2867276238734,-1.7595962496249626,1.288273527323278,14.152974887630007,2.8366594014250563,-1.7027929596524956,1787260499.7975528
5.100775957107544,tr0,drive,1.2,0.32,0.292,4291.2,4319.0,8.57,0.094,16.7,1.2797742055123622,0.297912361177346,-1.7989649695754224,1.2965851290180797,14.151383364400628,2.8246722064057055,-1.6906497438093702,1787260499.8067417
5.122839450836182,tr0,drive,1.2,0.32,0.292,4291.2,4337.0,8.21,0.09,16.7,1.2815418786859023,0.3907996615664082,-0.7804572156866456,1.267741250673665,14.148642343611277,2.8007754579962816,-1.665520992555965,1787260499.826603
5.1410300731658936,tr0,drive,1.2,0.32,0.292,4291.2,4317.0,8.98,0.093,16.6,1.2596754619235886,0.01596635749406472,-0.7950987904870956,1.2124891474896022,14.145651900981683,2.764613046460326,-1.6272412015084308,1787260499.857549
5.162684679031372,tr0,drive,1.2,0.32,0.292,4291.2,4271.0,9.6,0.093,16.6,1.2381673734859453,-0.35202754036350825,-1.4680982112025447,1.247619828872798,14.144969091607996,2.752528971970145,-1.6145812340153813,1787260499.866652
5.180386781692505,tr0,drive,1.2,0.32,0.292,4291.2,4262.0,9.62,0.09,16.6,1.239827721267555,0.0016244981899959932,-1.6790505582061712,1.1759435453927134,14.144083185090665,2.7286476322402624,-1.5896916078806649,1787260499.8878899
5.200473785400391,tr0,drive,1.2,0.32,0.292,4291.2,4271.0,9.45,0.093,16.6,1.271210411553049,0.0483418346338671,-1.669742375210859,1.1850226187576025,14.146178492641102,2.7237686124541827,-1.569158149152825,1787260499.9066117
5.220996141433716,tr0,drive,1.2,0.32,0.292,4291.2,4263.0,9.46,0.093,16.7,1.286589767374093,-0.2807853541673069,-1.6609376375047589,1.1685444350747054,14.146682618131257,2.6880321164943917,-1.531165135740327,1787260499.937562
5.240972995758057,tr0,drive,1.2,0.32,0.292,4291.2,4263.0,9.3,0.091,16.7,1.2918951837396944,-0.3711446838510888,-1.5771607745782035,1.1720245591846121,14.147780960550303,2.664200729453675,-1.5053890708443576,1787260499.957696
5.261258602142334,tr0,drive,1.2,0.32,0.292,4291.2,4297.0,8.95,0.093,16.7,1.2910873138230188,0.27475029645385973,-1.6023932653625934,1.2097308937949367,14.148682095189145,2.6504430934187484,-1.4904449767207382,1787260499.9683201
5.280631065368652,tr0,drive,1.2,0.32,0.292,4291.2,4318.0,8.7,0.092,16.6,1.262442219980072,0.04307545283660019,-1.4660762439434336,1.909134162768237,14.150227301217033,2.5932270040831624,-1.4380977691908865,1787260499.997725
5.300473928451538,tr0,drive,1.2,0.32,0.292,4291.2,4293.0,9.11,0.094,16.7,1.1982247508247188,-0.4791442599207585,-1.1621251705427014,1.7441310939059678,14.151816668742143,2.5813201109318658,-1.4254775802131487,1787260500.0065634
5.3203887939453125,tr0,drive,1.2,0.32,0.292,4291.2,4273.0,9.44,0.09,16.7,1.165635115933201,-0.040344848691471036,-1.3685347424214171,1.4827001795291392,14.155443375504852,2.557570972954188,-1.4011796506392735,1787260500.0266092
5.341094255447388,tr0,drive,1.2,0.32,0.292,4291.2,4256.0,9.77,0.092,16.7,1.2402066890906733,0.0989499953339239,-1.5887900099260435,1.2750917651981544,14.161903854030095,2.522446658891139,-1.3657093443910815,1787260500.0579422
5.364394664764404,tr0,drive,1.2,0.32,0.292,4291.2,4249.0,9.89,0.095,16.7,1.2693864125224537,-0.10499954317927962,-1.5632756833351493,1.3091171094272447,14.164356871929993,2.510653959090203,-1.3532314339492637,1787260500.066617
5.380285739898682,tr0,drive,1.2,0.32,0.292,4291.2,4265.0,9.2,0.093,16.7,1.282039357177529,-0.3596406885588621,-1.5730279623782621,1.2554323130899079,14.167423568485878,2.50043029120657,-1.3222378532605987,1787260500.0975134
5.400885343551636,tr0,drive,1.2,0.32,0.292,4291.2,4274.0,9.32,0.091,16.7,1.24852667065219,-0.1906942289679563,-1.6983720984346462,1.2022576928202786,14.173427789711447,2.4773549466949647,-1.2967708793066224,1787260500.1180694
5.421452045440674,tr0,drive,1.2,0.32,0.292,4291.2,4281.0,9.35,0.096,16.7,1.2210283339746313,-0.259027827248719,-1.8434611131508518,1.1966524024128242,14.180032177631386,2.454376040376283,-1.271923113641611,1787260500.1380527
5.440469741821289,tr0,drive,1.2,0.32,0.292,4291.2,4307.0,8.66,0.095,16.7,1.2420702360634563,0.09035456054831137,-1.1069675058513084,1.2540383736798926,14.183535920343463,2.443004021045004,-1.2597048898015206,1787260500.1466262
5.461931228637695,tr0,drive,1.2,0.32,0.292,4291.2,4313.0,8.68,0.091,16.7,1.2137346015391768,0.3223392517907584,-0.608336229492032,1.223872462873682,14.191114832864914,2.4198719900030556,-1.2346767034736907,1787260500.1673267
5.480524301528931,tr0,drive,1.2,0.32,0.292,4291.2,4296.0,9.22,0.09,16.6,1.1833190382035452,-0.14239115498013089,-1.158504866816621,1.2745401469039692,14.199100946233743,2.397406478513288,-1.210531587860995,1787260500.186627
5.500635623931885,tr0,drive,1.2,0.32,0.292,4291.2,4260.0,9.87,0.095,16.7,1.2058816052748056,-0.24532008937300986,-1.682249277665676,1.1300206763130238,14.201018575717347,2.383892118587278,-1.1912947418611695,1787260500.2070148
5.5207483768463135,tr0,drive,1.2,0.32,0.292,4291.2,4257.0,9.53,0.092,16.7,1.2416862082342668,0.23280997094944667,-2.065259460932168,1.1806907214055786,14.209785237843406,2.362281572536317,-1.167786730924663,1787260500.226587
5.540859937667847,tr0,drive,1.2,0.32,0.292,4291.2,4263.0,9.53,0.091,16.7,1.2826456257996857,0.02565817723837238,-1.7051773806628603,1.1659171178977656,14.224179404672665,2.3296393033099334,-1.1305690138819944,1787260500.2576149
5.56078839302063,tr0,drive,1.2,0.32,0.292,4291.2,4255.0,9.69,0.093,16.7,1.2629361032042272,-0.2685093436504431,-1.612419486470742,1.1990649681946737,14.231263675293182,2.3146002489749766,-1.112675512549152,1787260500.270639
5.580583333969116,tr0,drive,1.2,0.32,0.292,4291.2,4254.0,9.68,0.096,16.7,1.2570305434869764,-0.047171473257729524,-1.6553050144258066,1.160042656929216,14.239873723455029,2.2973564614831026,-1.0921933431616866,1787260500.2879221
5.6005942821502686,tr0,drive,1.2,0.32,0.292,4291.2,4298.0,8.77,0.091,16.7,1.2519448379113065,-0.13903313543238038,-1.314309123944895,1.169604594888706,14.244071916935539,2.278326491125133,-1.0714772461683186,1787260500.3069174
5.620497703552246,tr0,drive,1.2,0.32,0.292,4291.2,4296.0,9.06,0.092,16.7,1.231289626812761,-0.14939907978446865,-0.9456574371389692,1.2153419544951085,14.255654344340421,2.2573750071163943,-1.0464851250930083,1787260500.326589
5.640394449234009,tr0,drive,1.2,0.32,0.292,4291.2,4266.0,9.7,0.092,16.7,1.2400138762277517,-0.07155498483816469,-1.4792707789883934,1.2329172353202662,14.267811656987048,2.23663065309528,-1.0217188525808178,1787260500.34663
5.660767555236816,tr0,drive,1.2,0.32,0.292,4291.2,4249.0,9.85,0.092,16.7,1.2453746863440267,-0.3312250099822087,-1.78017143294295,1.225771990604989,14.280415498467098,2.2163165428898015,-0.9969137656938528,1787260500.3668108
5.6806793212890625,tr0,drive,1.2,0.32,0.292,4291.2,4253.0,9.7,0.092,16.7,1.2394472887058374,-0.013924395497449282,-1.7894910180092722,1.50097617093555,14.302584523195222,2.172022591862378,-0.9529305793316197,1787260500.3976033
5.700396299362183,tr0,drive,1.2,0.32,0.292,4291.2,4260.0,9.62,0.094,16.7,1.2351051377065176,0.046150832585659884,-1.5840242366046482,1.4438563587765576,14.309537859644415,2.162238694650619,-0.9404810091013205,1787260500.406762
5.721657752990723,tr0,drive,1.2,0.32,0.292,4291.2,4271.0,9.28,0.092,16.7,1.2295559089431196,-0.2775414649649548,-1.5776659740321861,1.3412508220400317,14.323710672234158,2.1430709560596393,-0.9157489623659094,1787260500.426616
5.740675210952759,tr0,drive,1.2,0.32,0.292,4291.2,4301.0,8.98,0.093,16.7,1.2387193136218642,-0.038182794930119,-1.5766047043458684,1.255906438653536,14.345929951981777,2.1148576763894833,-0.8788425383929258,1787260500.4576583
5.760422706604004,tr0,drive,1.2,0.32,0.292,4291.2,4327.0,8.61,0.094,16.6,1.243591034203946,0.2734454171350009,-1.17967354254872,1.2807553266894716,14.353572944731368,2.1056339832220354,-0.8664394839139874,1787260500.4666061
5.780460596084595,tr0,drive,1.2,0.32,0.292,4291.2,4324.0,8.78,0.092,16.7,1.2601949114942086,0.04116533185417559,-0.7911207102379763,1.1988560377783326,14.369335909009202,2.087279440081002,-0.8415578381594536,1787260500.4878247
5.800447463989258,tr0,drive,1.2,0.32,0.292,4291.2,4295.0,9.2,0.092,16.7,1.206043924943246,-0.28869389640103904,-1.2858349366641164,1.1662605214203579,14.377598275914774,2.0725611072138266,-0.820749937091882,1787260500.5065758
5.82044792175293,tr0,drive,1.2,0.32,0.292,4291.2,4283.0,9.48,0.09,16.7,1.1683906887131061,0.13826443667551302,-1.7024256808591076,1.201939049390031,14.39408771748525,2.0550757862446494,-0.7963421295182115,1787260500.5266213
5.841042995452881,tr0,drive,1.2,0.32,0.292,4291.2,4276.0,9.59,0.094,16.7,1.2521252670751595,0.2317135814226141,-1.88129464656609,1.1756008217368834,14.419462463144919,2.0297497107879603,-0.7607264186582813,1787260500.5577064
5.86127495765686,tr0,drive,1.2,0.32,0.292,4291.2,4278.0,9.35,0.094,16.7,1.3211521388430867,-0.212732714610663,-1.4296925277112393,1.2180546325676551,14.436910758524297,2.0133486871590347,-0.735695167017772,1787260500.576589
5.880898952484131,tr0,drive,1.2,0.32,0.292,4291.2,4292.0,9.05,0.091,16.7,1.3128280293818806,-0.2498144422412274,-1.5491584576207629,1.142213876102201,14.447675042477819,1.9984358260123312,-0.7125017682832897,1787260500.5976107
5.900460481643677,tr0,drive,1.2,0.32,0.292,4291.2,4282.0,9.41,0.093,16.7,1.2754999651208396,-0.18927525584879845,-1.6225041797379163,1.1994769436603907,14.456771516172582,1.9905774906621354,-0.6992935770409656,1787260500.606628
5.920526742935181,tr0,drive,1.2,0.32,0.292,4291.2,4309.0,8.91,0.094,16.7,1.2134644238465881,0.0018219833389681028,-1.7434710899696313,1.2171326516725622,14.475178208215677,1.9752945178228039,-0.6736200958153405,1787260500.6265996
5.940277338027954,tr0,drive,1.2,0.32,0.292,4291.2,4319.0,8.63,0.093,16.7,1.1758769676953733,0.04136110395161374,-1.03796144119665,1.1915397310592868,14.5037089018873,1.953067278538691,-0.6371463903484342,1787260500.6576061
5.960625886917114,tr0,drive,1.2,0.32,0.292,4291.2,4307.0,9.09,0.091,16.7,1.1556016565263276,-0.042958060841081114,-0.9549963180177699,1.2275261711996692,14.513459690092175,1.9458505474165613,-0.6252640799622791,1787260500.6668558
5.980517625808716,tr0,drive,1.2,0.32,0.292,4291.2,4283.0,9.55,0.093,16.7,1.1914822927349107,-0.23394294212076971,-1.4423362550181764,0.99550494466802,14.525246955606073,1.933682839924562,-0.6038414594361916,1787260500.6878855
6.000507354736328,tr0,drive,1.2,0.32,0.292,4291.2,4287.0,9.22,0.094,16.7,1.2290457804363148,-0.025230891936291577,-1.8963646761118014,1.1473959533393,14.545083021723634,1.9201695450856013,-0.5801397667421522,1787260500.7066257
6.020355939865112,tr0,drive,1.2,0.32,0.292,4291.2,4298.0,9.04,0.09,16.7,1.2579358850995488,0.12178944905626032,-1.8200637710774856,1.1630501586119226,14.57537083708114,1.9008336572130449,-0.5433923087574778,1787260500.7376041
6.040957450866699,tr0,drive,1.2,0.32,0.292,4291.2,4306.0,9.05,0.092,16.7,1.2266892823457582,-0.4678794523040466,-1.4683005248727738,1.1771361430038234,14.596049304827037,1.8885133848595919,-0.5183757434731434,1787260500.7576706
6.060819149017334,tr0,drive,1.2,0.32,0.292,4291.2,4296.0,9.19,0.094,16.7,1.214604256793142,-0.016283929839636002,-1.6415409605519358,1.1830042422186944,14.61698151547048,1.8767412811597366,-0.4939070697552591,1787260500.7777135
6.0812883377075195,tr0,drive,1.2,0.32,0.292,4291.2,4326.0,8.51,0.092,16.7,1.2734586521452937,0.3421015990080889,-1.3303939378104985,1.0914874993767107,14.631526331605787,1.8654107058763167,-0.47225901721695096,1787260500.7976177
6.101067781448364,tr0,drive,1.2,0.32,0.292,4291.2,4338.0,8.46,0.092,16.7,1.268780143900297,0.24602650614423993,-0.8322932232041822,1.1651784425186422,14.642273112950395,1.8599211309254795,-0.4594458599882879,1787260500.8066428
6.120755672454834,tr0,drive,1.2,0.32,0.292,4291.2,4322.0,8.96,0.092,16.7,1.2855199755642082,-0.08683746931918623,-1.2532510336862117,1.1782314111140828,14.67497017426458,1.8442351226391778,-0.42136310132103266,1787260500.8375225
6.14044189453125,tr0,drive,1.2,0.32,0.292,4291.2,4285.0,9.51,0.092,16.7,1.231164591399582,-0.5592354764835221,-1.4864406351281332,1.2245671440307253,14.686029832287442,1.8392780900863654,-0.4084268568019965,1787260500.8466167
6.16047739982605,tr0,drive,1.2,0.32,0.292,4291.2,4280.0,9.38,0.09,16.7,1.202143991842934,0.011274578862661588,-1.9579536935744386,1.2218092501563533,14.710148012365135,1.8290429628782123,-0.3812584946377052,1787260500.8684752
6.181094646453857,tr0,drive,1.2,0.32,0.292,4291.2,4273.0,9.57,0.092,16.7,1.242083285552798,0.09621169844537292,-1.8204362387304798,0.9809459520493442,14.728490720302721,1.8203949225729321,-0.35190717758090634,1787260500.8976343
6.201042890548706,tr0,drive,1.2,0.32,0.292,4291.2,4273.0,9.39,0.094,16.7,1.2819814334238198,-0.18399441589658494,-1.4392734833284067,1.0871131834917351,14.739679377213434,1.8162865450504022,-0.33949043317529637,1787260500.9065635
6.220320701599121,tr0,drive,1.2,0.32,0.292,4291.2,4280.0,9.11,0.092,16.7,1.2720853931291944,-0.22662515141869477,-1.4896574809569358,1.1441896679588037,14.773626715496722,1.804773427015898,-0.3013166254107811,1787260500.9374802
6.24043083190918,hold0,drive,1.2,0.32,0.292,4291.2,4310.0,8.78,0.091,16.7,1.2530031781285043,0.37131827307319654,-1.466601323931485,1.195317121697213,14.785065350029674,1.8012185344658704,-0.28855477294095966,1787260500.9465919
6.26071572303772,hold0,drive,1.2,0.32,0.292,4291.2,4315.0,8.91,0.095,16.7,1.2222298191004206,0.06088596740868857,-1.0640237980980132,1.215316554402573,14.80820716074715,1.7944948945020698,-0.2633846889489625,1787260500.9665945
6.280917406082153,hold0,drive,1.2,0.32,0.292,4291.2,4292.0,9.2,0.092,16.7,1.199052061817352,-0.2996922902431898,-1.2467419129434631,1.2514392357033142,14.844592071242953,1.7809913501835783,-0.22673009657916196,1787260500.9977293
6.300537109375,hold0,drive,1.2,0.32,0.292,4291.2,4279.0,9.41,0.092,16.7,1.1763901588374317,-0.1918322799080947,-1.6975350694781923,1.2826059862947043,14.85628081778122,1.7782947935376756,-0.21474505446992254,1787260501.00658
6.321209192276001,hold0,drive,1.2,0.32,0.292,4291.2,4280.0,9.44,0.09,16.7,1.1855887172425654,0.04901600492302194,-2.0623697668331147,1.2056877795640735,14.891419547671497,1.7710710912091394,-0.17931358574409842,1787260501.037534
6.340872526168823,hold0,drive,1.2,0.32,0.292,4291.2,4275.0,9.44,0.094,16.7,1.2643949828493726,0.006878121179437979,-1.828532878590778,1.1941679374889782,14.914990737961302,1.7669457475984622,-0.1551987662743106,1787260501.0575888
6.360585689544678,hold0,drive,1.2,0.32,0.292,4291.2,4278.0,9.17,0.091,16.7,1.293597742624582,-0.41361962761449433,-1.3577711873879537,1.2360812238117667,14.9268746925683,1.7650864201507794,-0.1425014452305544,1787260501.0666065
6.3805177211761475,hold0,drive,1.2,0.32,0.292,4291.2,4284.0,9.28,0.093,16.7,1.2728896677783983,-0.19931861660856143,-1.3436913838553437,1.2485594830421463,14.963172650391765,1.7558881860807587,-0.10519783219447215,1787260501.097681
6.4007041454315186,hold0,drive,1.2,0.32,0.292,4291.2,4312.0,8.92,0.093,16.7,1.2671890383070292,-0.04957272383087119,-1.2210610137895443,1.2345122314271448,14.97549226003211,1.7545873878449325,-0.0920304048623304,1787260501.1079895
6.42064094543457,hold0,drive,1.2,0.32,0.292,4291.2,4323.0,8.58,0.093,16.7,1.228280654255135,0.24384998965980387,-0.8338896593259832,1.269687484146331,14.999125297549023,1.752546459987042,-0.06706017148994182,1787260501.1266072
6.441014289855957,hold0,drive,1.2,0.32,0.292,4291.2,4320.0,8.62,0.09,16.7,1.1955545323577508,-0.06464495521882085,-1.051375393018354,1.21053595449641,15.035278111921917,1.7505518877909712,-0.030248104241058404,1787260501.1575515
6.460455417633057,hold0,drive,1.2,0.32,0.292,4291.2,4296.0,9.38,0.089,16.7,1.192265262095394,-0.05475739535403701,-1.475421556759727,1.2477980344209796,15.047381129474223,1.7501856827614413,-0.018220588472065424,1787260501.1666234
6.48030686378479,hold0,drive,1.2,0.32,0.292,4291.2,4278.0,9.6,0.093,16.7,1.219335362469668,-0.044010952563363404,-1.785009127019947,1.1917055585083989,15.082036980088521,1.747071420760252,0.01756446733195979,1787260501.1975389
6.500616073608398,hold0,drive,1.2,0.32,0.292,4291.2,4263.0,9.48,0.091,16.7,1.2403769982423838,0.09740593747582516,-1.7781503427662244,1.2256740746795007,15.09409259507513,1.7472831929942858,0.029815573865702376,1787260501.2067788
6.520375967025757,hold0,drive,1.2,0.32,0.292,4291.2,4277.0,9.3,0.091,16.7,1.2788520859849222,-0.1709318817506258,-1.5869659709252346,1.238504747014242,15.117893848205156,1.7481475718438677,0.054478792052114214,1787260501.2265778
6.5409862995147705,hold0,drive,1.2,0.32,0.292,4291.2,4274.0,9.49,0.094,16.7,1.2460001297260317,-0.11355325259766236,-1.6695184268417904,1.1915954036748992,15.153638721841807,1.7505548849198558,0.09244993722059405,1787260501.2575805
6.5605058670043945,hold0,drive,1.2,0.32,0.292,4291.2,4287.0,9.2,0.095,16.7,1.2440007615376547,-0.0260174064291121,-1.7767943733984168,1.2337817414472696,15.16562404310511,1.7516660947570288,0.10498076032605105,1787260501.2666156
6.580266237258911,hold0,drive,1.2,0.32,0.292,4291.2,4300.0,8.77,0.091,16.7,1.2553242561765627,0.22794954582062843,-1.1684438182274235,1.5184410182311714,15.214258821261133,1.7506149634717403,0.14198307778656344,1787260501.2975821
6.60066556930542,hold0,drive,1.2,0.32,0.292,4291.2,4289.0,9.28,0.089,16.7,1.2264470678446153,0.00804337994607307,-1.0511846275995325,1.3866066465149738,15.238091958173882,1.7541747196106128,0.16711371921320775,1787260501.316609
6.620537757873535,hold0,drive,1.2,0.32,0.292,4291.2,4272.0,9.63,0.094,16.7,1.2267107207925334,-0.2785110064518008,-1.3564494242331762,1.2890496023467954,15.24991392449122,1.756172285480952,0.17926382849608388,1787260501.3279047
6.64045786857605,hold0,drive,1.2,0.32,0.292,4291.2,4269.0,9.37,0.091,16.7,1.1956416177253963,-0.3638540827029608,-1.8039146378369537,1.2916497500039237,15.273433562431702,1.7605925139970096,0.203821590614189,1787260501.3466933
6.660517692565918,hold0,drive,1.2,0.32,0.292,4291.2,4269.0,9.53,0.093,16.7,1.1912624487869248,0.18418251352315096,-2.0558454433290194,1.2570146952951577,15.297347145009363,1.7656977662869648,0.22844994371255972,1787260501.3671384
6.680248260498047,hold0,drive,1.2,0.32,0.292,4291.2,4271.0,9.51,0.094,16.7,1.2697163781815144,0.012398144239028852,-1.521804304546123,1.3108259186677613,15.319946417629085,1.7710718489275132,0.2516266415491504,1787260501.3865533
6.701005458831787,hold0,drive,1.2,0.32,0.292,4291.2,4268.0,9.34,0.092,16.7,1.285312248999182,-0.2594645411864427,-1.3564757367047378,1.2742909077187612,15.358861481525603,1.7780970905664975,0.28999431353050914,1787260501.4182768
6.720858097076416,hold0,drive,1.2,0.32,0.292,4291.2,4301.0,8.84,0.092,16.7,1.2805965896569786,0.18679395323544057,-1.1333673932906478,1.3203426888743408,15.370285314516666,1.7815060376566925,0.30279697569608577,1787260501.4266264
6.740556716918945,hold0,drive,1.2,0.32,0.292,4291.2,4322.0,8.63,0.093,16.7,1.2712399726411487,0.5439725253581251,-1.1504139279918277,1.2756729736571708,15.393250601160851,1.7888354059923648,0.328471168413737,1787260501.4466617
6.761208534240723,hold0,drive,1.2,0.32,0.292,4291.2,4324.0,8.79,0.093,16.7,1.2711165351246234,-0.05132877067426289,-0.8706940827423679,1.2507023765936074,15.416245382018177,1.7968250099231278,0.3541349705064197,1787260501.4669783
6.780527830123901,hold0,drive,1.2,0.32,0.292,4291.2,4299.0,9.15,0.092,16.7,1.2312968173477044,-0.31050762968249046,-1.342825118819377,1.2524452299825486,15.438659318344712,1.80526221642273,0.37932049613305147,1787260501.4866138
6.800316572189331,hold0,drive,1.2,0.32,0.292,4291.2,4290.0,9.33,0.09,16.7,1.2183670370973152,0.06830166243203228,-1.929318415495544,1.3292571718286172,15.46384700975066,1.8127355297378593,0.40434623011296533,1787260501.5066075
6.820825099945068,hold0,drive,1.2,0.32,0.292,4291.2,4271.0,9.65,0.094,16.7,1.2666472181832527,0.11086173343633199,-1.906592918529384,1.2432968805082973,15.496607488409074,1.8272426663764887,0.441134330229372,1787260501.5375342
6.843968152999878,hold0,drive,1.2,0.32,0.292,4291.2,4269.0,9.51,0.093,16.7,1.3174896265539553,-0.18258995118188537,-1.6113924229974543,1.2676806867064916,15.50755057110075,1.8324096289564977,0.4539035161911817,1787260501.5466704
6.862180709838867,hold0,drive,1.2,0.32,0.292,4291.2,4278.0,9.24,0.091,16.7,1.307715425879201,-0.2867276238734,-1.5727855952791003,1.2602641247185788,15.528910922446595,1.8430090478689833,0.4799117726230315,1787260501.5665982
6.880756139755249,hold0,drive,1.2,0.32,0.292,4291.2,4296.0,9.15,0.095,16.6,1.2918321999799138,0.14291456302988514,-1.7908735922094365,1.1918826670820006,15.560535132029187,1.8599990982074963,0.5190504765071724,1787260501.5977883
6.900712251663208,hold0,drive,1.2,0.32,0.292,4291.2,4315.0,8.69,0.093,16.7,1.2599307259140728,0.2550730993181105,-1.1699126388621508,0.8907863295410293,15.562418826659247,1.8600647480704329,0.5284916873253821,1787260501.607802
6.920902490615845,hold0,drive,1.2,0.32,0.292,4291.2,4308.0,8.89,0.092,16.7,1.1912563235164175,0.09691304458406247,-0.9510862847437167,1.0934950345936265,15.593408785256322,1.8786661848033037,0.5660536381639557,1787260501.6376457
6.940527439117432,hold0,drive,1.2,0.32,0.292,4291.2,4289.0,9.31,0.089,16.7,1.1321204320370444,-0.23880333070448856,-1.3981444590304761,1.1453132077689583,15.613572815147508,1.8916471075004222,0.589579056592474,1787260501.657551
6.962732791900635,hold0,drive,1.2,0.32,0.292,4291.2,4274.0,9.7,0.094,16.7,1.1615358452252966,-0.09210553675916255,-2.007988320052789,1.2008276970242728,15.623595141787314,1.8983515044512256,0.6009659868749173,1787260501.6666148
6.980940341949463,hold0,drive,1.2,0.32,0.292,4291.2,4276.0,9.27,0.092,16.7,1.2363114165222688,0.04924243835884923,-2.148139068578473,1.1567109776403774,15.65263674349248,1.9164964301546505,0.6368648085172385,1787260501.697513
7.000415325164795,hold0,drive,1.2,0.32,0.292,4291.2,4281.0,9.26,0.092,16.7,1.2897996754359655,-0.24218682218651466,-1.6129740948991014,1.2063566397029353,15.662277548251755,1.9236275597505441,0.6492610001499617,1787260501.7065825
7.02057147026062,hold0,drive,1.2,0.32,0.292,4291.2,4280.0,9.36,0.092,16.7,1.2884296122131742,-0.24418203843287145,-1.1753438253532593,1.218753187554496,15.681262284166772,1.9382261851494618,0.674801667674999,1787260501.726588
7.041066646575928,hold0,drive,1.2,0.32,0.292,4291.2,4297.0,9.22,0.096,16.7,1.266122042816289,0.06384899838594515,-1.210737754113545,1.18172117091573,15.709019403906971,1.9610198219920556,0.7132814023951155,1787260501.7576458
7.060765027999878,hold0,drive,1.2,0.32,0.292,4291.2,4315.0,8.56,0.092,16.7,1.246244075281883,0.12843303749221846,-1.0149155167990287,1.1841892069620106,15.727231803307937,1.9769694768557655,0.7385203255613001,1787260501.7779078
7.080590724945068,hold0,drive,1.2,0.32,0.292,4291.2,4311.0,8.94,0.091,16.7,1.2556504934100974,0.31725418393598304,-1.129418329850445,1.3482755999248102,15.753277561501497,1.9933443649023894,0.7632655764217681,1787260501.7977452
7.100420951843262,hold0,drive,1.2,0.32,0.292,4291.2,4290.0,9.38,0.092,16.7,1.2637283936285257,-0.1028647246532488,-1.5867364677010585,1.3537234714864046,15.761960256282158,2.0016509808755525,0.775801596359841,1787260501.806539
7.12095046043396,hold0,drive,1.2,0.32,0.292,4291.2,4279.0,9.46,0.092,16.7,1.2523343252207306,-0.181732785875667,-1.7368342075594114,1.236169205293204,15.787267836578433,2.027124631772002,0.8135929287834676,1787260501.8375056
7.140866756439209,hold0,drive,1.2,0.32,0.292,4291.2,4266.0,9.49,0.09,16.7,1.2438309850181621,-0.08016487321058641,-1.7579675076352999,1.2070077520800304,15.80356535489113,2.044597450073275,0.8385986069452506,1787260501.8575928
7.1613078117370605,hold0,drive,1.2,0.32,0.292,4291.2,4251.0,9.93,0.092,16.7,1.2494870065412724,0.07331607947340979,-1.766406501986694,1.2309817956937583,15.812785679262028,2.0548549838554684,0.8529079077534193,1787260501.8683102
7.180978775024414,hold0,drive,1.2,0.32,0.292,4291.2,4252.0,9.67,0.093,16.7,1.266357199940543,-0.3545283946050404,-1.672446712565801,1.1775907814978708,15.836233232419511,2.077530811109369,0.8893700346529428,1787260501.8975332
7.200465679168701,hold0,drive,1.2,0.32,0.292,4291.2,4272.0,9.33,0.092,16.7,1.2748592085625665,-0.03354714957138061,-1.5250477552072823,1.2204558354361457,15.843765606919465,2.086818308059821,0.9020635186539521,1787260501.906589
7.220616102218628,hold0,drive,1.2,0.32,0.292,4291.2,4298.0,8.86,0.091,16.7,1.2526740114177704,0.31700224202078076,-1.1556216046550603,1.1865502470082865,15.86567438107301,2.115264903249433,0.9401024042002142,1787260501.937531
7.2403244972229,hold0,drive,1.2,0.32,0.292,4291.2,4298.0,9.14,0.094,16.7,1.2324378487167487,-0.06109120011873159,-0.8792180079047469,1.1889518830403665,15.879723276425299,2.134749879344594,0.9650648134915742,1787260501.957539
7.261573791503906,hold0,drive,1.2,0.32,0.292,4291.2,4283.0,9.29,0.093,16.7,1.1721324300446674,-0.4543819583851345,-1.313024782971894,1.229756489659198,15.886596451868376,2.1446738367615854,0.9774912252951053,1787260501.96665
7.280481815338135,hold0,drive,1.2,0.32,0.292,4291.2,4274.0,9.44,0.091,16.7,1.1262341802376967,-0.2828929465942913,-1.9514162138345625,1.0378086892582001,15.899529788748083,2.159200558289661,1.0020886164905076,1787260501.9887831
7.3009490966796875,hold0,drive,1.2,0.32,0.292,4291.2,4275.0,9.51,0.092,16.7,1.161063267289862,0.23877943020948678,-2.1655798518118843,1.191544478712885,15.912259349040466,2.1793675595779805,1.0248068444153962,1787260502.0065694
7.32065224647522,hold0,drive,1.2,0.32,0.292,4291.2,4268.0,9.51,0.093,16.7,1.2929672392365057,0.1300767629726316,-1.9928010538282308,1.21412957382192,15.924558472155649,2.1998688425372652,1.0478415688654137,1787260502.0265803
7.341050624847412,hold0,drive,1.2,0.32,0.292,4291.2,4269.0,9.44,0.091,16.7,1.3405295652506124,-0.40213010418162654,-1.1753131274697708,1.178927361599693,15.942029927880796,2.2310689367282457,1.0861351714788212,1787260502.0575662
7.36065673828125,hold0,drive,1.2,0.32,0.292,4291.2,4281.0,9.3,0.092,16.7,1.3387696152442334,-0.32652044970229355,-1.1073924522670282,1.215398207804361,15.948913630708686,2.2441421596457354,1.1027240838300023,1787260502.068927
7.380934238433838,hold0,drive,1.2,0.32,0.292,4291.2,4320.0,8.67,0.094,16.7,1.2572176305535545,0.09872525210894345,-0.9134484868808173,0.87832856654109,15.954841512162817,2.2535750538215833,1.1263041381242356,1787260502.0879729
7.400546550750732,hold0,drive,1.2,0.32,0.292,4291.2,4321.0,8.75,0.095,16.7,1.185762754819802,0.29632655967946775,-1.0410081330426877,1.0895779305823092,15.965087666524106,2.275404338425027,1.1518542913722942,1787260502.1067276
7.421094179153442,hold0,drive,1.2,0.32,0.292,4291.2,4302.0,9.03,0.09,16.7,1.184973793346866,-0.1553685299082339,-1.4153498918238085,1.1776865648024557,15.974780609963661,2.29749264435682,1.1759089078195613,1787260502.126665
7.440654516220093,hold0,drive,1.2,0.32,0.292,4291.2,4274.0,9.7,0.091,16.7,1.2128036935801396,-0.07829820435133783,-1.8308866753523603,1.2118363379586452,15.983901363898465,2.3197287613970436,1.199598377123108,1787260502.1466098
7.460487604141235,hold0,drive,1.2,0.32,0.292,4291.2,4274.0,9.58,0.093,16.7,1.265420033552944,0.16184870693226472,-2.0304270110789275,1.2100913014733192,15.993301400433351,2.344364369277703,1.226207701328385,1787260502.1687365
7.481430292129517,hold0,drive,1.2,0.32,0.292,4291.2,4265.0,9.48,0.092,16.7,1.29991476073025,-0.20122868277333694,-1.9045615957248287,1.169500833810454,16.001116103083387,2.3665644365946203,1.250983224894773,1787260502.189593
7.5006349086761475,hold0,drive,1.2,0.32,0.292,4291.2,4273.0,9.45,0.09,16.7,1.2818394869377188,-0.15796725192593541,-1.5202281874995833,1.5143308658714636,16.013461813393903,2.3971673778731524,1.285550617285169,1787260502.2066061
7.520524740219116,hold0,drive,1.2,0.32,0.292,4291.2,4269.0,9.62,0.098,16.7,1.2888039195043848,-0.09516646292141306,-1.4552428146799343,1.2857085975333176,16.023079073122144,2.431628449042863,1.3240855425490246,1787260502.2376075
7.540741443634033,hold0,drive,1.2,0.32,0.292,4291.2,4302.0,8.74,0.094,16.7,1.291754568834138,0.01564378303801428,-1.3183828792642203,1.2407914066889314,16.028798843773096,2.4549437804692187,1.3498485964473124,1787260502.257495
7.560542821884155,hold0,drive,1.2,0.32,0.292,4291.2,4298.0,8.98,0.09,16.7,1.2717583569473325,-0.08002530747601178,-1.1330370255921522,1.2595494477188045,16.031726079581496,2.467976031216663,1.364248367042604,1787260502.2677433
7.581733703613281,hold0,drive,1.2,0.32,0.292,4291.2,4291.0,9.4,0.092,16.7,1.2462258326284161,0.007958261841453762,-1.4034701032745431,1.1689183336375557,16.0373580544626,2.4893985399555203,1.3935880059185122,1787260502.2882493
7.600498914718628,hold0,drive,1.2,0.32,0.292,4291.2,4278.0,9.59,0.093,16.7,1.214867643424951,-0.4477945214943908,-1.6527044651531355,1.243105675878579,16.04144383937615,2.513058713252628,1.4186751579422248,1787260502.3065853
7.620911359786987,hold0,drive,1.2,0.32,0.292,4291.2,4273.0,9.36,0.092,16.7,1.1840130579836199,-0.3229794122967924,-1.8151053319921004,1.1903727817577234,16.046432895869977,2.5485311737610012,1.4550812992179416,1787260502.337716
7.6411192417144775,hold0,drive,1.2,0.32,0.292,4291.2,4271.0,9.54,0.091,16.7,1.249145189815361,0.2653973457117935,-1.9468235181038835,1.1895681408843954,16.04904919457484,2.5722908452128816,1.4790937762328074,1787260502.3576612
7.663315534591675,hold0,drive,1.2,0.32,0.292,4291.2,4262.0,9.83,0.095,16.7,1.3094249089829229,-0.007842587465606066,-1.1712823491873294,1.2298740142501838,16.05028644922166,2.585745046006938,1.493200391669947,1787260502.3678665
7.680389881134033,hold0,drive,1.2,0.32,0.292,4291.2,4269.0,9.43,0.095,16.7,1.322779330269125,-0.45647507895276007,-1.2788764573792548,1.2345926322762542,16.051873555181466,2.607994427801114,1.5177070369310415,1787260502.3866446
7.7007105350494385,hold0,drive,1.2,0.32,0.292,4291.2,4308.0,8.68,0.092,16.7,1.286911610391829,0.017300203372328404,-1.3349679224502893,1.2396130990100953,16.049359816659138,2.611555180645406,1.5416468443818996,1787260502.4065914
7.720837593078613,hold0,drive,1.2,0.32,0.292,4291.2,4322.0,8.74,0.093,16.7,1.231435434882443,0.22113737484117912,-0.9964665273636157,1.2104895431330809,16.04998303057925,2.6477754222605783,1.5801307876243296,1787260502.4377296
7.740545034408569,hold0,drive,1.2,0.32,0.292,4291.2,4313.0,9.07,0.093,16.7,1.2111567947620345,-0.15198331167026158,-1.3007114233634525,1.2067668363159902,16.04962119151911,2.6718348952440567,1.60464436540417,1787260502.4575894
7.764355182647705,hold0,drive,1.2,0.32,0.292,4291.2,4289.0,9.32,0.093,16.7,1.209260624065898,-0.2629893160227148,-1.7128427883503434,1.242681677788447,16.049214136667164,2.683856253170089,1.616804814236881,1787260502.4666572
7.7805562019348145,hold0,drive,1.2,0.32,0.292,4291.2,4278.0,9.51,0.09,16.7,1.233903785738783,0.1213400356964982,-2.0309278251209832,0.9679369062038458,16.047801077265955,2.70807380280704,1.6518965882132595,1787260502.49759
7.8005146980285645,hold0,drive,1.2,0.32,0.292,4291.2,4268.0,9.76,0.095,16.7,1.2823900954930925,0.24265580544700072,-2.131161384844546,1.0752309926801655,16.046828080812457,2.720044939350045,1.6643300011940751,1787260502.5066507
7.821315050125122,hold0,drive,1.2,0.32,0.292,4291.2,4253.0,9.71,0.092,16.7,1.3145457682849817,-0.2626667324303895,-1.6685609452377435,1.1337394454656402,16.043051787530594,2.7554760032287042,1.7026086500925615,1787260502.537659
7.8404624462127686,hold0,drive,1.2,0.32,0.292,4291.2,4264.0,9.52,0.094,16.7,1.3264112162057207,-0.24829760134590018,-1.3236798721503646,1.1952321579948402,16.041480362283988,2.76732856560791,1.715798912453325,1787260502.54659
7.86223292350769,hold0,drive,1.2,0.32,0.292,4291.2,4317.0,8.64,0.095,16.7,1.3174348985935542,0.25205213522204417,-0.9326004578481175,1.1792068863120453,16.035830917661567,2.8028359080652825,1.7554295370169608,1787260502.5775573
7.880380153656006,hold0,drive,1.2,0.32,0.292,4291.2,4331.0,8.64,0.093,16.7,1.2271506750046144,0.19165430527406002,-1.0865488817391125,1.224145263739437,16.03362653489619,2.814639185163798,1.768658657495678,1787260502.5865922
7.900910139083862,hold0,drive,1.2,0.32,0.292,4291.2,4307.0,9.05,0.092,16.7,1.151514769517492,-0.07637364805465374,-1.4148116555999763,1.1521763710450066,16.031780101862413,2.831571412634309,1.7919864120242828,1787260502.6065886
7.921610116958618,hold0,drive,1.2,0.32,0.292,4291.2,4285.0,9.47,0.089,16.7,1.1628960547520546,-0.23022060447718928,-1.7970429897082454,1.1965193011688697,16.026365495516,2.855037920259679,1.8154056261068934,1787260502.6265905
7.940464019775391,hold0,drive,1.2,0.32,0.292,4291.2,4280.0,9.65,0.094,16.7,1.1851349145928158,0.13327898162540297,-1.9489568748259387,1.2210706100815096,16.02042191991766,2.8782768958339378,1.8386287161593882,1787260502.6466105
7.961242914199829,hold0,drive,1.2,0.32,0.292,4291.2,4268.0,9.51,0.092,16.7,1.2570141650462725,-0.07373149218632591,-1.720368447577755,1.2230567342555354,16.013951555453275,2.9013187508343834,1.8622156527557392,1787260502.6666703
7.980740785598755,hold0,drive,1.2,0.32,0.292,4291.2,4270.0,9.48,0.091,16.7,1.3000116997939288,-0.4240417417843467,-1.1472032217397228,1.0436683504725526,16.009879006374124,2.9204041514426797,1.8863263029588695,1787260502.688344
8.00050687789917,hold0,drive,1.2,0.32,0.292,4291.2,4275.0,9.56,0.094,16.7,1.2898643902504543,-0.23506655774664864,-1.0306521289576338,1.1825333762007795,16.002305127499127,2.9431139011586493,1.9121757153181187,1787260502.7066402
8.020679235458374,hold0,drive,1.2,0.32,0.292,4291.2,4317.0,8.65,0.094,16.7,1.2556970987291738,0.006077107418434036,-1.1139053737001134,1.2537304139128913,15.994157393425118,2.9655902118283977,1.9380267755603588,1787260502.7266235
8.042052030563354,hold0,drive,1.2,0.32,0.292,4291.2,4321.0,8.64,0.092,16.7,1.2131815961388217,0.3200503956707941,-1.4913224756851946,1.198828383200289,15.980714391536738,2.999323911350979,1.9754891868311788,1787260502.7577977
8.060833930969238,hold0,drive,1.2,0.32,0.292,4291.2,4294.0,9.28,0.091,16.7,1.1987597798877159,0.16506537003557042,-1.5661554371671684,1.246191151162768,15.976001585332336,3.0103265036391496,1.9875905779589829,1787260502.7666202
8.081184148788452,hold0,drive,1.2,0.32,0.292,4291.2,4279.0,9.68,0.093,16.7,1.2217031789948574,-0.06770756245564336,-1.6725847068611017,1.1726538811327445,15.96615682325938,3.032211856943379,2.011553163982532,1787260502.7881866
8.100484609603882,hold0,drive,1.2,0.32,0.292,4291.2,4267.0,9.62,0.092,16.7,1.2560273307043437,-0.3908798049693729,-1.5187143433024062,1.2481607449197116,15.958877895352995,3.053933829691479,2.0358504295197855,1787260502.8065908
8.120891571044922,hold0,drive,1.2,0.32,0.292,4291.2,4260.0,9.6,0.09,16.7,1.2732495939997224,-0.2247695009069126,-1.670853930953939,1.1860239169771034,15.942463235016687,3.085636559858148,2.0733922773747935,1787260502.8377147
8.141862392425537,hold0,drive,1.2,0.32,0.292,4291.2,4259.0,9.88,0.092,16.7,1.272603377961215,0.1360462222326717,-1.8632001445947708,1.1795023328774428,15.930784298445916,3.10655634696131,2.0989831654913464,1787260502.858
8.160957336425781,hold0,drive,1.2,0.32,0.292,4291.2,4249.0,9.77,0.094,16.6,1.3076041057456358,-0.16910521150266078,-1.5983230183728097,1.230700552594461,15.923954768206098,3.11826109037234,2.113423968728883,1787260502.868037
8.180823802947998,hold0,drive,1.2,0.32,0.292,4291.2,4274.0,9.19,0.094,16.6,1.310890846004957,0.10008805541033716,-1.4507164848497496,1.2285179702183897,15.912420262551402,3.1371186213182907,2.13763948961226,1787260502.8866181
8.200366020202637,hold0,drive,1.2,0.32,0.292,4291.2,4303.0,8.91,0.091,16.7,1.2725818063563852,0.07831601095101615,-1.286258275095463,1.2873612731009891,15.90244919778601,3.1599103105457313,2.1637391368315466,1787260502.906609
8.221266508102417,hold0,drive,1.2,0.32,0.292,4291.2,4306.0,9.06,0.093,16.7,1.2016571659956674,-0.2910968463213024,-1.244771985905885,1.2169598716548624,15.88191740355579,3.1895864966852208,2.2017013078991963,1787260502.93792
8.240771532058716,hold0,drive,1.2,0.32,0.292,4291.2,4289.0,9.39,0.093,16.7,1.1671367393138423,-0.27292026405675074,-1.5393845438788105,1.2097140438095133,15.867484484622912,3.2090965538903142,2.225850500780748,1787260502.9579937
8.260836839675903,hold0,drive,1.2,0.32,0.292,4291.2,4284.0,9.34,0.09,16.7,1.2073961449867336,-0.1923089376394529,-1.9680810715177017,1.1938692138569165,15.852975507351237,3.227763792951144,2.2491016641146877,1787260502.977607
8.281324863433838,hold0,drive,1.2,0.32,0.292,4291.2,4275.0,9.64,0.092,16.7,1.262260192919565,0.19737185916399724,-1.8932554190556061,1.129377186013026,15.843618028983148,3.2450865695544135,2.27082596776113,1787260502.9977553
8.300970554351807,hold0,drive,1.2,0.32,0.292,4291.2,4251.0,9.92,0.094,16.7,1.323127538581653,-0.05750844648227549,-1.6193536998096079,1.1365129121891742,15.828164128096807,3.2631929817071335,2.296380332217262,1787260503.0184639
8.320492267608643,hold0,drive,1.2,0.32,0.292,4291.2,4263.0,9.57,0.092,16.7,1.3499532939259122,-0.4064286849524059,-1.2507428704248014,1.1853714592859457,15.812248657877346,3.2808981443370393,2.3229347659942308,1787260503.0377178
8.341293096542358,hold0,drive,1.2,0.32,0.292,4291.2,4313.0,8.81,0.091,16.7,1.32652147107485,0.02515080335097597,-0.8818090554515763,1.1864237055701785,15.79569858283966,3.2983683391380323,2.349819900217558,1787260503.0578575
8.360989093780518,hold0,drive,1.2,0.32,0.292,4291.2,4355.0,8.21,0.092,16.7,1.2398808513313022,0.1794199927156015,-0.693277419285188,1.2353235168441508,15.786332351459254,3.3078547500105935,2.3646041796432717,1787260503.0677366
8.380598068237305,hold0,drive,1.2,0.32,0.292,4291.2,4332.0,8.72,0.093,16.7,1.1782704837250821,0.16756618773200316,-1.2372662072125422,1.2404498347602317,15.769637924045531,3.3241097718742227,2.388641500371153,1787260503.0870035
8.400460243225098,hold0,drive,1.2,0.32,0.292,4291.2,4289.0,9.51,0.089,16.7,1.1349640222909765,-0.11349706450734853,-1.8898464921844038,1.3310463452647696,15.752889059597754,3.3442175408372803,2.4138493640408525,1787260503.106532
8.420909404754639,hold0,drive,1.2,0.32,0.292,4291.2,4276.0,9.85,0.093,16.7,1.193824942387799,0.13296913400021548,-2.1959134537496823,1.2261053477644523,15.72579271194113,3.3677879177759724,2.4484118223747546,1787260503.13752
8.440485954284668,hold0,drive,1.2,0.32,0.292,4291.2,4274.0,9.51,0.093,16.7,1.2715919093792027,0.04463401453101978,-1.9388332975730123,1.2575589773855154,15.716524588982752,3.3754869266443412,2.4603863300778173,1787260503.1465728
8.460862636566162,hold0,drive,1.2,0.32,0.292,4291.2,4266.0,9.54,0.094,16.6,1.3040459893712355,-0.3634608939786119,-1.5164231117509814,1.2078667609390104,15.6884577492127,3.3976498191125506,2.4982585844585112,1787260503.1776478
8.480607748031616,hold0,drive,1.2,0.32,0.292,4291.2,4277.0,9.42,0.091,16.6,1.3049200388409994,-0.10661427012332592,-1.2965020126351874,1.2836780896081033,15.670087739233677,3.4161964180078415,2.5257293779316607,1787260503.1976948
8.500704765319824,hold0,drive,1.2,0.32,0.292,4291.2,4285.0,9.44,0.098,16.7,1.3104048191060176,-0.019373799720604268,-1.3692179895996333,1.3043495339361104,15.660305996722046,3.423118783927015,2.5387883977995993,1787260503.2065544
8.520434141159058,hold0,drive,1.2,0.32,0.292,4291.2,4312.0,8.75,0.095,16.7,1.2297050459641639,-0.30231823835993765,-1.1286907900117669,1.2792112863271352,15.640423351648307,3.4366130687817216,2.5650417721888825,1787260503.2266285
8.541274070739746,hold0,drive,1.2,0.32,0.292,4291.2,4303.0,9.05,0.09,16.7,1.1748054448307799,-0.14962375905552516,-1.6211020173644783,1.201088344466934,15.609812649215218,3.4559894227152492,2.6021306322514395,1787260503.2579474
8.563164949417114,hold0,drive,1.2,0.32,0.292,4291.2,4290.0,9.53,0.093,16.7,1.1813002289392107,0.15974111450528028,-1.774843157451727,1.25120035267494,15.599570194103002,3.462121566004716,2.6138112156163595,1787260503.266673
8.580585956573486,hold0,drive,1.2,0.32,0.292,4291.2,4286.0,9.48,0.093,16.6,1.2385487381540445,-0.12279559959642139,-1.81314154453122,1.238158529244405,15.578808536031875,3.4740600138020565,2.637360269537985,1787260503.2867503
8.601192474365234,hold0,drive,1.2,0.32,0.292,4291.2,4281.0,9.27,0.092,16.7,1.2834184751480264,-0.19079209674412567,-1.5845317749449919,1.2565694042249447,15.560070129438783,3.487033097865001,2.664571098372847,1787260503.3065794
8.620437145233154,hold0,drive,1.2,0.32,0.292,4291.2,4269.0,9.66,0.089,16.7,1.3049547930932248,-0.07638640229434124,-1.4851679885869373,1.2418597986870061,15.538705382924208,3.4979032874119773,2.6900448772078267,1787260503.3266358
8.64081358909607,hold0,drive,1.2,0.32,0.292,4291.2,4262.0,9.96,0.096,16.7,1.2887370741610238,-0.07914090693447218,-1.40476789284412,1.2384840038983473,15.517166612145768,3.5081720837907096,2.716013759511716,1787260503.3465757
8.661224126815796,hold0,drive,1.2,0.32,0.292,4291.2,4291.0,9.07,0.095,16.7,1.3066509603914962,-0.09225962917074515,-1.2235579211603422,1.2274507501938305,15.48430914325345,3.522550554529247,2.7547467184606185,1787260503.3766336
8.681862354278564,hold0,drive,1.2,0.32,0.292,4291.2,4315.0,8.68,0.092,16.7,1.2698178446190465,0.1511456705833929,-1.2786504624846202,1.176470581205225,15.468219895554318,3.5322944907604614,2.781812985143051,1787260503.397711
8.70058298110962,hold0,drive,1.2,0.32,0.292,4291.2,4330.0,8.69,0.091,16.7,1.2543383539410153,0.24507147306185217,-1.1726035276205167,1.2262854766823796,15.457035663459871,3.536501454477053,2.794506949010516,1787260503.4066117
8.72044825553894,hold0,drive,1.2,0.32,0.292,4291.2,4312.0,9.18,0.093,16.7,1.2343930084310304,-0.03946044814993144,-1.4582447753243173,1.1942410611623444,15.42283269006335,3.548417982832908,2.831960095561701,1787260503.437531
8.741437196731567,hold0,drive,1.2,0.32,0.292,4291.2,4285.0,9.45,0.093,16.7,1.205846052074253,-0.29151733423489645,-1.6302654817662017,1.1756656608275478,15.399857907055914,3.555608359306563,2.8566046056965204,1787260503.4581816
8.760677099227905,hold0,drive,1.2,0.32,0.292,4291.2,4283.0,9.47,0.09,16.7,1.2364709398715648,-0.02264664177794895,-2.0203130817322403,1.2492700477650414,15.38837071382257,3.558973677589653,2.8686285394332,1787260503.4666052
8.780412435531616,hold0,drive,1.2,0.32,0.292,4291.2,4273.0,9.67,0.093,16.7,1.2861837684659103,0.1242196342118449,-1.8685047388615885,1.0806921043483029,15.36001515183782,3.5687043093838002,2.9084767241697893,1787260503.4977117
8.80051064491272,hold0,drive,1.2,0.32,0.292,4291.2,4250.0,9.86,0.092,16.7,1.3482454087188445,-0.10553238900095163,-1.6230734062060321,1.1619190320150512,15.34834968689218,3.571474070205176,2.921387256388553,1787260503.5065835
8.820826530456543,hold0,drive,1.2,0.32,0.292,4291.2,4272.0,9.37,0.092,16.7,1.3777794657336597,-0.16883879772809962,-1.5205240566242537,1.1631682069554463,15.31342898607221,3.57880005213014,2.9616150472115983,1787260503.5375142
8.841634273529053,hold0,drive,1.2,0.32,0.292,4291.2,4329.0,8.49,0.093,16.7,1.2860243782746692,0.0554203691383659,-0.7101160123708326,1.210470733061257,15.301658038564797,3.5809417335830145,2.9754284725162163,1787260503.5465722
8.860664129257202,hold0,drive,1.2,0.32,0.292,4291.2,4339.0,8.59,0.094,16.7,1.180065853773959,-0.03985371910075397,-1.079923255219505,1.2345829396073407,15.27775547647395,3.584808595987423,3.001638988938888,1787260503.5666575
8.880949258804321,hold0,drive,1.2,0.32,0.292,4291.2,4299.0,9.29,0.091,16.7,1.148886762153802,-0.1231743712790605,-1.814326190473082,1.1617876378785827,15.24810201643791,3.5909581704088605,3.0400446321457,1787260503.5977268
8.900501012802124,hold0,drive,1.2,0.32,0.292,4291.2,4272.0,9.72,0.091,16.7,1.1840227785215987,-0.12994482602755486,-2.0244432626850255,1.2199531699254418,15.236150231891795,3.5921760395855467,3.0515678829183477,1787260503.6065886
8.920680522918701,hold0,drive,1.2,0.32,0.292,4291.2,4280.0,9.6,0.093,16.7,1.2518786583582182,0.33975660961545984,-2.045742331331752,1.1838455908115346,15.20043660965295,3.594974949809007,3.0872133425866948,1787260503.63756
8.940821409225464,hold0,drive,1.2,0.32,0.292,4291.2,4265.0,9.61,0.094,16.7,1.3104807191970846,-0.23193321746995466,-1.5122294885056533,1.177174161617598,15.176523721338318,3.596121919084155,3.112617460002784,1787260503.6578498
8.960492372512817,hold0,drive,1.2,0.32,0.292,4291.2,4258.0,9.67,0.091,16.7,1.3168965405791946,-0.3439377344367962,-1.2171632596688866,1.2336844524092858,15.164658402206692,3.596465815249052,3.1256257382246226,1787260503.6665425
8.981031894683838,hold0,drive,1.2,0.32,0.292,4291.2,4293.0,9.22,0.096,16.7,1.3165956033760156,0.05379120231192269,-1.299662140469735,1.034516877730146,15.137216303531764,3.598984980073529,-3.117489729595512,1787260503.6978092
9.000566720962524,hold0,drive,1.2,0.32,0.292,4291.2,4336.0,8.41,0.095,16.7,1.2764857341983324,0.09687134662565722,-1.081524076753233,1.131917455633936,15.125254369665868,3.5986966066449666,-3.1042626347965996,1787260503.7066126
9.021309614181519,hold0,drive,1.2,0.32,0.292,4291.2,4325.0,8.72,0.091,16.7,1.212447895258505,0.08524226659448964,-1.467390698078333,1.1736469320533494,15.088995946088888,3.596910901954696,-3.06615735765857,1787260503.7378774
9.040813207626343,hold0,drive,1.2,0.32,0.292,4291.2,4297.0,9.33,0.091,16.7,1.2217372674568103,-0.009681993680708878,-1.8146644519130462,1.2335190572501227,15.076976944584521,3.596002521323622,-3.0539779685502406,1787260503.7466547
9.060885906219482,hold0,drive,1.2,0.32,0.292,4291.2,4297.0,9.33,0.091,16.7,1.2217372674568103,-0.009681993680708878,-1.8146644519130462,1.2404871645145776,15.051968052879904,3.593647664105379,-3.0284793719120566,1787260503.7675617
9.080923318862915,hold0,drive,1.2,0.32,0.292,4291.2,4272.0,9.56,0.094,16.7,1.26580632506906,-0.2225512864640713,-1.6489900212510236,1.035768259082398,15.027155693439745,3.591857681746215,-2.989796262864245,1787260503.7976704
9.100684881210327,hold0,drive,1.2,0.32,0.292,4291.2,4269.0,9.45,0.089,16.7,1.281643744597598,-0.08659826337112175,-1.5033750494643812,1.1270951725184726,15.01534313395374,3.5900506773989194,-2.9771095962817298,1787260503.806587
9.1203453540802,hold0,drive,1.2,0.32,0.292,4291.2,4260.0,9.82,0.092,16.7,1.3060562765200816,0.08217964108511744,-1.671868130552241,1.1465244738949383,14.980172208244053,3.5837517346841974,-2.9386648144951026,1787260503.8376646
9.142091035842896,hold0,drive,1.2,0.32,0.292,4291.2,4269.0,9.75,0.095,16.7,1.3323651122967564,0.11709762474348295,-1.6225524192691125,1.2047630223677859,14.968461530925643,3.5813421456914445,-2.925568344244127,1787260503.8465827
9.16046404838562,hold0,drive,1.2,0.32,0.292,4291.2,4297.0,8.87,0.093,16.6,1.2893317580324384,-0.15772806425042063,-1.387150523690451,1.1775095498178267,14.93351786961951,3.573198892239396,-2.8860095999011337,1787260503.8778443
9.180829763412476,hold0,drive,1.2,0.32,0.292,4291.2,4310.0,8.86,0.092,16.7,1.1940017762841801,-0.16361412759365024,-1.3277258531941527,0.9867768402140575,14.920097210253195,3.5710278924075958,-2.8588883740645628,1787260503.8978214
9.200854301452637,hold0,drive,1.2,0.32,0.292,4291.2,4311.0,9.04,0.091,16.7,1.1584822647194117,0.10140739745228,-1.3955284146356632,1.1012186242326967,14.908653573809632,3.567703693384732,-2.8469472363383197,1787260503.9065309
9.22097110748291,hold0,drive,1.2,0.32,0.292,4291.2,4297.0,9.35,0.093,16.7,1.2040028782838093,0.025699879764915057,-1.6705402278207657,1.1452437860729328,14.874190774628541,3.5568253564269763,-2.8117783224209307,1787260503.9376614
9.241114139556885,tr1,drive,1.6,0.32,0.292,5721.6,4269.0,9.65,0.09,16.7,1.2662333629498543,-0.0641665433226919,-1.7719645730628883,1.2052221710238291,14.862831634583843,3.552936924815635,-2.7997001458873827,1787260503.9465868
9.261459112167358,tr1,drive,1.6,0.32,0.292,5721.6,4287.0,10.44,0.103,16.7,1.317863134896839,-0.009161920371274057,-1.5761418972071795,1.216641957844635,14.840366025169,3.544781655833856,-2.774664344386887,1787260503.966717
9.281344652175903,tr1,drive,1.6,0.32,0.292,5721.6,4399.0,18.83,0.112,16.6,1.326331454531073,-1.5995285681115234,-1.6085661711909438,1.1502960992806355,14.808522355686335,3.5354748576622086,-2.7345623844442173,1787260503.9975808
9.300650596618652,tr1,drive,1.6,0.32,0.292,5721.6,4555.0,23.33,0.124,16.6,1.2548843019644815,-1.8318375788385168,-1.6776668145628264,1.2080486885019392,14.797451734701895,3.5307022573826483,-2.721269184097583,1787260504.0065587
9.320501804351807,tr1,drive,1.6,0.32,0.292,5721.6,4755.0,24.24,0.115,16.6,1.2044167335172076,-2.683114007741011,-1.5192730447818974,1.2525119754846907,14.774322107912152,3.5202680938589337,-2.695763202186406,1787260504.026625
9.340608835220337,tr1,drive,1.6,0.32,0.292,5721.6,4793.0,20.4,0.112,16.6,1.2076158557766652,-1.837721924562075,-1.5603623080116904,1.296624339414962,14.750540047301566,3.5088583925616206,-2.6714337678968945,1787260504.04665
9.360545635223389,tr1,drive,1.6,0.32,0.292,5721.6,4825.0,20.71,0.114,16.6,1.2903340387086897,-1.5070071938026643,-2.154283907770491,1.3340921758516981,14.726006784635429,3.496317552073223,-2.646434248747151,1787260504.0673447
9.381034851074219,tr1,drive,1.6,0.32,0.292,5721.6,4884.0,20.01,0.116,16.6,1.363988951818957,-1.181419301946633,-2.480041368887697,1.4969562018729057,14.684016105274129,3.4794302999462845,-2.6060309991291377,1787260504.0976453
9.400573968887329,tr1,drive,1.6,0.32,0.292,5721.6,4945.0,19.37,0.117,16.6,1.412777397198936,-1.1170454748201948,-2.2566248041053427,1.4896468800760014,14.67270747228567,3.472719616015279,-2.592360463373186,1787260504.106575
9.420358896255493,tr1,drive,1.6,0.32,0.292,5721.6,5013.0,18.62,0.117,16.6,1.491597378085357,-1.3490735999132681,-1.9137192129106495,1.448914077441475,14.649233724956604,3.4582202706813447,-2.564284594882795,1787260504.1266415
9.440536499023438,tr1,drive,1.6,0.32,0.292,5721.6,5115.0,17.48,0.121,16.6,1.4356855094216339,-1.3140015603884194,-1.839320407209442,1.436097863652585,14.625922052672655,3.4428976180250457,-2.534863912240111,1787260504.1465964
9.461146593093872,tr1,drive,1.6,0.32,0.292,5721.6,5207.0,16.13,0.116,16.6,1.4050265331623693,-1.258532969991407,-2.257612106510493,1.4408027539594077,14.60252005156819,3.42652761995648,-2.505790742434515,1787260504.1667907
9.480865716934204,tr1,drive,1.6,0.32,0.292,5721.6,5261.0,16.16,0.118,16.6,1.4149898182745193,-0.9171842731209736,-2.902485760922758,1.5846155201089043,14.560059095772074,3.400275239160131,-2.460161394656339,1787260504.197512
9.500541925430298,tr1,drive,1.6,0.32,0.292,5721.6,5306.0,15.86,0.118,16.6,1.460598981945162,-0.593337901431326,-2.783170396822726,1.5783977559055962,14.549040189636736,3.3913385611011884,-2.445968563352095,1787260504.2065837
9.520586013793945,tr1,drive,1.6,0.32,0.292,5721.6,5369.0,15.17,0.118,16.6,1.553249690478746,-0.37072244177272395,-2.321713087924877,1.500010059582564,14.51489398935778,3.3621946379346115,-2.4019460213279924,1787260504.2376046
9.54071831703186,tr1,drive,1.6,0.32,0.292,5721.6,5431.0,14.48,0.118,16.6,1.6122213980769156,-0.6069078277372313,-2.032450147781219,1.5346750238828617,14.504141422521641,3.352383546922354,-2.3863557652736027,1787260504.2466145
9.562788963317871,tr1,drive,1.6,0.32,0.292,5721.6,5480.0,14.01,0.12,16.6,1.561316405420596,-0.9702660299865542,-2.332961084795869,1.4898810907624638,14.482197727018882,3.3315254307997932,-2.354378696463708,1787260504.2676773
9.580559968948364,tr1,drive,1.6,0.32,0.292,5721.6,5530.0,13.44,0.12,16.6,1.5257857085792494,-0.3913836157095787,-2.7255159709409327,1.4686828945665273,14.46030647496703,3.3095009521616436,-2.3218600443338597,1787260504.2881505
9.600577116012573,tr1,drive,1.6,0.32,0.292,5721.6,5581.0,12.97,0.119,16.6,1.6250273413366163,0.16279102232006437,-3.0873089465833345,1.9344653837365016,14.422755468682288,3.2814876821941823,-2.2877011101760196,1787260504.3065886
9.620733737945557,tr1,drive,1.6,0.32,0.292,5721.6,5620.0,12.52,0.121,16.6,1.628650571999669,-0.5219434318059619,-2.61602451427882,1.6720531958961642,14.392239983365926,3.2455400465738444,-2.2394606946459588,1787260504.3375595
9.640822410583496,tr1,drive,1.6,0.32,0.292,5721.6,5647.0,12.32,0.12,16.6,1.5402892838758206,-0.5424506046939825,-2.367251497734941,1.6816582119904628,14.382681019815596,3.233441356297837,-2.2231033020920083,1787260504.346608
9.660307884216309,tr1,drive,1.6,0.32,0.292,5721.6,5672.0,12.13,0.122,16.6,1.5732632129126372,-0.1668852063499493,-2.869365668246587,1.625983613759519,14.36367863508068,3.2082619862154735,-2.191848285037206,1787260504.367143
9.680305242538452,tr1,drive,1.6,0.32,0.292,5721.6,5697.0,11.81,0.121,16.6,1.5919633974549554,-0.1941627974413649,-2.8163396061124786,1.6222139889701461,14.345217993372993,3.182136166881827,-2.160258505421612,1787260504.3872757
9.70108962059021,tr1,drive,1.6,0.32,0.292,5721.6,5751.0,11.02,0.122,16.6,1.6196565443662532,-0.11660136970257629,-2.761244214270448,1.978231922398402,14.310738531206017,3.147107013725141,-2.1229928504759443,1787260504.408827
9.720582723617554,tr1,drive,1.6,0.32,0.292,5721.6,5785.0,10.61,0.122,16.6,1.6031461440302526,-0.364163948600698,-2.3382724033609747,1.8912044404638606,14.294042104433997,3.1196126638020907,-2.090664831373229,1787260504.4266224
9.740712881088257,tr1,drive,1.6,0.32,0.292,5721.6,5773.0,11.01,0.119,16.7,1.5529158632361044,-0.6517150431986778,-2.3909923637425834,1.7721485826911827,14.278194456443325,3.0915114632550655,-2.058548393053026,1787260504.4465978
9.761592864990234,tr1,drive,1.6,0.32,0.292,5721.6,5782.0,10.97,0.121,16.6,1.5497739989400836,-0.01883916318906209,-2.9998983313341228,1.6762384077429964,14.270571248197182,3.0772130614042434,-2.0428420681755695,1787260504.457754
9.78107500076294,tr1,drive,1.6,0.32,0.292,5721.6,5803.0,10.6,0.121,16.6,1.6756202115131784,0.20848266573187502,-2.9478075313836314,2.1087770689108063,14.223233747972168,3.0044181510167105,-1.971351015744091,1787260504.4975479
9.800591707229614,tr1,drive,1.6,0.32,0.292,5721.6,5825.0,10.17,0.12,16.7,1.6741791750473365,-0.431964682787239,-2.0595218803277646,2.012610454561218,14.216908644809678,2.989480980685823,-1.954522208742468,1787260504.506619
9.820829153060913,tr1,drive,1.6,0.32,0.292,5721.6,5848.0,9.91,0.12,16.7,1.6046228668547013,-0.19326568834151203,-2.2848408368040225,1.7336654572311776,14.199319773957065,2.9438398058990667,-1.9047192216813535,1787260504.5376022
9.840776205062866,tr1,drive,1.6,0.32,0.292,5721.6,5854.0,9.89,0.12,16.7,1.6538881512278594,0.26543908021529816,-2.8941403220258053,1.7573826333049771,14.193982544689844,2.9284549256298797,-1.8886200401804323,1787260504.5465856
9.862462997436523,tr1,drive,1.6,0.32,0.292,5721.6,5851.0,10.08,0.121,16.7,1.6008667444532538,0.02745597685781842,-3.1226118049559375,1.6716502584386257,14.180427751766914,2.8858437669070507,-1.8435852323011683,1787260504.5746708
9.881224155426025,tr1,drive,1.6,0.32,0.292,5721.6,5849.0,9.96,0.118,16.7,1.5968472354199972,0.23252908531552663,-2.850887588912059,2.2086067215330814,14.155232785380559,2.828183877954281,-1.7916471923468642,1787260504.5978217
9.900642156600952,tr1,drive,1.6,0.32,0.292,5721.6,5859.0,9.86,0.121,16.7,1.6759150234458502,0.3050761142854874,-2.6377726491068643,2.107497348173378,14.151626548077958,2.8121213906327207,-1.7755883158647336,1787260504.6066177
9.920594215393066,tr1,drive,1.6,0.32,0.292,5721.6,5878.0,9.33,0.12,16.7,1.6793122848904096,-0.22906976275226398,-2.6232572279895123,1.7804219189642416,14.142420024357438,2.7638711897302946,-1.725799346309773,1787260504.6375039
9.941020727157593,tr1,drive,1.6,0.32,0.292,5721.6,5882.0,9.46,0.121,16.7,1.5981676306884585,0.19638791890799112,-3.0744208056516698,1.7903736397403023,14.139881954997584,2.7476282143474204,-1.7089551087243788,1787260504.6465688
9.961190700531006,tr1,drive,1.6,0.32,0.292,5721.6,5887.0,9.34,0.12,16.6,1.6094671568775558,0.3713328545678536,-3.484295145300166,1.7243399726363897,14.13496515337392,2.709749942575053,-1.671416583660988,1787260504.669815
9.982615232467651,tr1,drive,1.6,0.32,0.292,5721.6,5870.0,9.58,0.118,16.7,1.5855895208600141,-0.1188068299057301,-2.535520922814527,3.088072675460152,14.121611681582388,2.651555844850672,-1.6204608523235284,1787260504.6877768
10.000416994094849,tr1,drive,1.6,0.32,0.292,5721.6,5871.0,9.58,0.12,16.7,1.609159961245815,0.2619542491726605,-2.4833959166510056,2.3999105238964376,14.120252195591924,2.618674148807239,-1.588651091134653,1787260504.7068748
10.020252466201782,tr1,drive,1.6,0.32,0.292,5721.6,5875.0,9.37,0.12,16.6,1.6905525557452528,0.018577897705377655,-2.32511178216825,1.8806944954643727,14.1201738156916,2.569507444272051,-1.5401660063485452,1787260504.7375135
10.042160987854004,tr1,drive,1.6,0.32,0.292,5721.6,5868.0,9.49,0.118,16.7,1.6289776081815306,0.0872919989928631,-2.777191618562341,1.747470923542529,14.121461534094687,2.5367231979747027,-1.506687813035872,1787260504.7576125
10.060276508331299,tr1,drive,1.6,0.32,0.292,5721.6,5885.0,9.29,0.121,16.7,1.6289776081815306,0.0872919989928631,-2.777191618562341,1.7218097947428432,14.123750140991369,2.5039211966903387,-1.474101823500998,1787260504.7765381
10.081191301345825,tr1,drive,1.6,0.32,0.292,5721.6,5880.0,9.1,0.117,16.7,1.6435404388123562,0.06980404060427547,-2.3925085468261216,2.088914210545262,14.124603220677244,2.522771725328655,-1.4574965672726952,1787260504.7975297
10.100750923156738,tr1,drive,1.6,0.32,0.292,5721.6,5858.0,9.66,0.119,16.7,1.5809634768884921,-0.21711637237282488,-2.2933000040502804,1.9999853986272433,14.126442627918806,2.506606379677167,-1.4409736932418236,1787260504.8066063
10.121062278747559,tr1,drive,1.6,0.32,0.292,5721.6,5840.0,9.83,0.117,16.6,1.516228688691391,0.17336719235639997,-3.0380829900643107,1.7260971722685865,14.133527094527825,2.4581285759276352,-1.3936630611472227,1787260504.8376658
10.141075849533081,tr1,drive,1.6,0.32,0.292,5721.6,5849.0,9.55,0.119,16.7,1.6324349239086717,0.7190008569347981,-3.162730722706698,1.7568892864057166,14.13639960746289,2.442081860741477,-1.3784622390937544,1787260504.84658
10.160542964935303,tr1,drive,1.6,0.32,0.292,5721.6,5855.0,9.38,0.119,16.6,1.6533890748395783,0.08577343134158966,-2.5336474748393414,1.729918197692562,14.142898531351047,2.409992540530852,-1.3463466978428678,1787260504.8666155
10.180737018585205,tr1,drive,1.6,0.32,0.292,5721.6,5888.0,8.85,0.118,16.7,1.56911893478231,0.2474999680065899,-2.308779046348377,1.552274945479509,14.141770293332439,2.3737349736781557,-1.3023014050255848,1787260504.8976512
10.200445175170898,tr1,drive,1.6,0.32,0.292,5721.6,5844.0,9.62,0.116,16.7,1.545050083798501,0.17936387771548645,-2.508708514293261,1.6332713156201415,14.14609013422317,2.3580343658633964,-1.286590217744867,1787260504.9065874
10.220478534698486,tr1,drive,1.6,0.32,0.292,5721.6,5826.0,9.98,0.119,16.7,1.558020743571623,0.3061724672672206,-3.0372886457839456,1.604798341049421,14.160517844390313,2.3113078498945767,-1.2401083133964552,1787260504.9375815
10.24041485786438,tr1,drive,1.6,0.32,0.292,5721.6,5824.0,9.8,0.118,16.7,1.6562334640418375,0.6011682006072618,-2.6928671638665094,1.6636825567704308,14.165814118910324,2.2958800303594593,-1.2245034680697922,1787260504.946638
10.26057243347168,tr1,drive,1.6,0.32,0.292,5721.6,5833.0,9.54,0.119,16.7,1.6988997015498881,0.06391797269290844,-2.131903104181788,1.8989621092825737,14.177137866579471,2.2652715940080905,-1.1918110926092964,1787260504.9666274
10.281599760055542,tr1,drive,1.6,0.32,0.292,5721.6,5839.0,9.39,0.12,16.7,1.631932784885137,-0.46462277231690763,-1.9852756869616144,1.515742297967496,14.183708702795975,2.238816287974805,-1.149183549458373,1787260504.9977512
10.3004629611969,tr1,drive,1.6,0.32,0.292,5721.6,5842.0,9.36,0.117,16.7,1.541954957979611,0.4814816113876148,-2.7742808744860383,1.6113796621241052,14.190328756580689,2.224056130730981,-1.132863320699992,1787260505.0065691
10.320504903793335,tr1,drive,1.6,0.32,0.292,5721.6,5833.0,9.6,0.117,16.7,1.6206511018753433,0.44121216437246247,-3.2500369651520487,1.642136720607493,14.2044207125201,2.1945284368860323,-1.101496722686753,1787260505.0267253
10.340359210968018,tr1,drive,1.6,0.32,0.292,5721.6,5820.0,9.72,0.119,16.7,1.5613760602290139,-0.08402844852703861,-2.541123140370786,1.6566285312738587,14.227130206139156,2.1514277737191363,-1.053385687566177,1787260505.0565734
10.360441446304321,tr1,drive,1.6,0.32,0.292,5721.6,5827.0,9.54,0.12,16.7,1.5778880584616686,0.18509416757256147,-2.3732750071969804,1.5984921859224666,14.235229325784035,2.137176659330639,-1.0379839396098298,1787260505.0677788
10.380536317825317,tr1,drive,1.6,0.32,0.292,5721.6,5839.0,9.25,0.119,16.7,1.63249844030067,-0.033393048023523164,-2.5154494771465465,1.4992232768485312,14.251925092817633,2.1093021785629285,-1.006512772899092,1787260505.089533
10.400540590286255,tr1,drive,1.6,0.32,0.292,5721.6,5830.0,9.41,0.12,16.7,1.573482524228405,-0.19114358751006932,-2.9438805411834608,1.530165841953828,14.261992940634245,2.0897053861686317,-0.9743927628525384,1787260505.1066344
10.421072006225586,tr1,drive,1.6,0.32,0.292,5721.6,5843.0,9.21,0.119,16.7,1.5336548169682156,0.4634046510640033,-3.072111447730947,1.565878864983372,14.290123324728658,2.0496169560580455,-0.9271045122862016,1787260505.1377087
10.44060230255127,hold1,drive,1.6,0.32,0.292,5721.6,5827.0,9.5,0.119,16.7,1.5687230558862697,0.2612945370384523,-2.40321479914374,1.5970168544373846,14.309832492637431,2.0237574720102254,-0.8963149610144877,1787260505.1575346
10.4603111743927,hold1,drive,1.6,0.32,0.292,5721.6,5809.0,9.67,0.12,16.7,1.6003191985331335,-0.27498612198023054,-2.1880077254886032,1.6576331664237318,14.320253234940878,2.0107246103717027,-0.8802302994116075,1787260505.1668098
10.480851650238037,hold1,drive,1.6,0.32,0.292,5721.6,5811.0,9.57,0.119,16.7,1.6082249253870882,0.15099167867083363,-2.841330899240887,2.3721205164539056,14.361111325227522,1.950383613411962,-0.8158356467774128,1787260505.1976473
10.500459909439087,hold1,drive,1.6,0.32,0.292,5721.6,5811.0,9.55,0.119,16.7,1.6306395538597946,0.08916039460805791,-2.6964304572375397,2.2087098645092027,14.372268560104144,1.9385256370128647,-0.7997817457795972,1787260505.206557
10.520607709884644,hold1,drive,1.6,0.32,0.292,5721.6,5831.0,9.27,0.123,16.6,1.5763600697862354,-0.18975363119982802,-2.3868218370000704,1.9344471306590154,14.395131528772442,1.9153923458223507,-0.7671507605288878,1787260505.2265794
10.540826797485352,hold1,drive,1.6,0.32,0.292,5721.6,5852.0,8.66,0.119,16.7,1.5744531132876842,0.04976080775302494,-2.2309473401907667,1.709542907697483,14.430918743453583,1.8819566232685239,-0.7196346278040698,1787260505.257625
10.560457229614258,hold1,drive,1.6,0.32,0.292,5721.6,5816.0,9.53,0.119,16.7,1.5823017153362569,-0.19749187327039763,-2.7537346348867686,1.7405759944992343,14.443270175231483,1.871131560767401,-0.7037850899993746,1787260505.266684
10.580890417098999,hold1,drive,1.6,0.32,0.292,5721.6,5800.0,9.68,0.116,16.7,1.5558436093804833,-0.08951953243604915,-2.8692004843973393,1.4987431314558708,14.463002638979177,1.8563931187006115,-0.662627750708861,1787260505.2975419
10.600675821304321,hold1,drive,1.6,0.32,0.292,5721.6,5791.0,9.76,0.119,16.7,1.5756358231277887,0.33569725306529463,-2.859878560444656,1.586303790985118,14.475770784741675,1.8464298271796589,-0.6470448605341695,1787260505.3065865
10.620460987091064,hold1,drive,1.6,0.32,0.292,5721.6,5812.0,9.22,0.118,16.7,1.6301440727389853,0.12010238108796933,-2.5393526033954856,1.6280143475066127,14.50178950382324,1.8270858086990027,-0.615593085782801,1787260505.3266146
10.640737056732178,hold1,drive,1.6,0.32,0.292,5721.6,5809.0,9.27,0.118,16.7,1.6059963921869098,-0.30952533395595694,-2.4468996415126867,1.6461774214377702,14.528452408146718,1.8085333336343095,-0.5832682775065312,1787260505.3466358
10.660463094711304,hold1,drive,1.6,0.32,0.292,5721.6,5793.0,9.48,0.117,16.6,1.5456612792686741,0.08778488274835095,-3.096513049135581,1.6946599406028666,14.555820517456,1.7907834755589895,-0.5508900002827302,1787260505.3666961
10.680295467376709,hold1,drive,1.6,0.32,0.292,5721.6,5778.0,9.89,0.116,16.6,1.5757756390850175,0.2686974778221085,-2.8886038856484504,1.68188635602014,14.58341529203549,1.7741291957227039,-0.519845096765845,1787260505.3866177
10.700659990310669,hold1,drive,1.6,0.32,0.292,5721.6,5767.0,9.87,0.118,16.7,1.5845254548464731,0.04780729403321082,-2.309532460117424,1.52014956608904,14.599262473552464,1.7636666076729302,-0.49377330362276634,1787260505.4065962
10.720378160476685,hold1,drive,1.6,0.32,0.292,5721.6,5787.0,9.49,0.117,16.7,1.6203440394016573,0.32202945898322,-2.3785196675007967,1.5878596482210279,14.627815371323022,1.7485887888173774,-0.4620910525926785,1787260505.4266388
10.740331888198853,hold1,drive,1.6,0.32,0.292,5721.6,5791.0,9.38,0.118,16.7,1.6296794842868212,-0.05777655960395833,-2.4304256954287666,1.647246110479235,14.671556017669635,1.7276659616043493,-0.4136654090654793,1787260505.4568007
10.760370969772339,hold1,drive,1.6,0.32,0.292,5721.6,5783.0,9.6,0.12,16.6,1.568342889640661,0.05425517432565474,-2.7520301714511675,1.6445021670269306,14.70127722453092,1.714898132303647,-0.3810690844452687,1787260505.4771163
10.78039288520813,hold1,drive,1.6,0.32,0.292,5721.6,5795.0,9.21,0.116,16.7,1.5299835162474866,0.6157909912266248,-2.6806347881983186,1.2569888820347284,14.703171215850434,1.7110708489379596,-0.37377876004895316,1787260505.4892206
10.80050015449524,hold1,drive,1.6,0.32,0.292,5721.6,5781.0,9.64,0.116,16.7,1.5525372948871496,0.36419629101365913,-2.5379051250988027,1.5622600088164198,14.73342168007949,1.6994604054821454,-0.3429620738317209,1787260505.5066223
10.820547103881836,hold1,drive,1.6,0.32,0.292,5721.6,5769.0,9.92,0.117,16.6,1.6044236624051638,-0.026370660496101372,-2.058787762371196,1.6100409271814358,14.763958332272036,1.6888137533476564,-0.31200150703438456,1787260505.526643
10.840571403503418,hold1,drive,1.6,0.32,0.292,5721.6,5765.0,9.8,0.118,16.7,1.6002869742839434,0.26828974414820195,-3.093570145371814,1.6386359298769133,14.794691834558286,1.679166352353993,-0.2802167157283515,1787260505.546584
10.860619068145752,hold1,drive,1.6,0.32,0.292,5721.6,5775.0,9.61,0.116,16.6,1.5860787435522616,0.17930768962517263,-2.7338523466532365,1.6383164651716648,14.827858580793183,1.6699272336138302,-0.24601910109029665,1787260505.5680344
10.88066291809082,hold1,drive,1.6,0.32,0.292,5721.6,5776.0,9.7,0.121,16.7,1.5421879845749928,0.20961899905234205,-2.9490439251862313,1.7781703631377446,14.860703839240513,1.6549149149499187,-0.2176314835785518,1787260505.5877826
10.900477886199951,hold1,drive,1.6,0.32,0.292,5721.6,5790.0,9.18,0.114,16.7,1.5343427114777828,0.18899944998369378,-2.2548247386897344,1.756267842740789,14.892378580832288,1.6481713055373546,-0.18649092228536868,1787260505.606628
10.920522451400757,hold1,drive,1.6,0.32,0.292,5721.6,5769.0,9.89,0.119,16.7,1.5611892394785447,0.20006676788329614,-2.309768687639888,1.7000102141998434,14.92422514856941,1.6424110092020168,-0.15577538744631356,1787260505.626798
10.941161870956421,hold1,drive,1.6,0.32,0.292,5721.6,5763.0,9.7,0.116,16.7,1.5735585574775266,-0.1263076384655557,-2.2141126208856576,1.6176634657559192,14.972044094033992,1.6356682367865971,-0.10907673037024879,1787260505.657743
10.961796760559082,hold1,drive,1.6,0.32,0.292,5721.6,5753.0,10.02,0.118,16.6,1.5720805030725327,0.19506856772977343,-2.7655673533480183,1.6702874336427953,14.990601341660009,1.6336360068477196,-0.09088338551701383,1787260505.6681542
10.980451583862305,hold1,drive,1.6,0.32,0.292,5721.6,5759.0,9.72,0.118,16.7,1.5933860581092758,0.16123076584666052,-2.686801262089176,1.6268091093197143,15.035048550464268,1.6255482054405737,-0.047654254477536205,1787260505.697601
11.000714778900146,hold1,drive,1.6,0.32,0.292,5721.6,5774.0,9.5,0.12,16.7,1.6010362546566372,-0.3397387390618576,-2.058147199869069,1.6775506777765257,15.051175879332737,1.624779087314516,-0.03169203559832303,1787260505.7065911
11.020541429519653,hold1,drive,1.6,0.32,0.292,5721.6,5768.0,9.53,0.116,16.6,1.5713582537849033,0.09164674044513177,-2.4335074705702198,1.6115818036449348,15.099537110284961,1.6240138829058741,0.016103538496433718,1787260505.7375102
11.041366815567017,hold1,drive,1.6,0.32,0.292,5721.6,5739.0,10.18,0.12,16.7,1.5786437304209786,-0.05979726605714042,-2.962182034597731,1.5965203675695088,15.131623786142276,1.6247921341101474,0.04753505086922192,1787260505.757632
11.060636043548584,hold1,drive,1.6,0.32,0.292,5721.6,5741.0,9.96,0.118,16.7,1.5573259248432212,-0.046665816990004494,-2.5796633098278505,1.6468403644691647,15.14952578117921,1.6256437478816501,0.06510173693120772,1787260505.7677906
11.080470561981201,hold1,drive,1.6,0.32,0.292,5721.6,5754.0,9.68,0.12,16.6,1.5852746020611124,0.14986634542528332,-2.554586354986469,1.6372978116299994,15.181540385294374,1.6279873811931957,0.09630808246149677,1787260505.787811
11.100388050079346,hold1,drive,1.6,0.32,0.292,5721.6,5774.0,9.28,0.119,16.7,1.6029088563771265,-0.12591437665100802,-2.5876441748132777,2.1143572670264943,15.233596427755614,1.6256392153865193,0.13016734164831745,1787260505.8066325
11.12087631225586,hold1,drive,1.6,0.32,0.292,5721.6,5761.0,9.59,0.116,16.7,1.568081766695779,-0.33626834333347944,-2.597127481924872,1.7541677875085453,15.281371262232675,1.632680835082344,0.17791268811728844,1787260505.8377578
11.141026020050049,hold1,drive,1.6,0.32,0.292,5721.6,5761.0,9.73,0.118,16.7,1.520616912377569,0.36171169934135605,-3.0303497546723577,1.6749695666508593,15.313061113731326,1.6386416649205635,0.20904365180650863,1787260505.8577747
11.160538673400879,hold1,drive,1.6,0.32,0.292,5721.6,5749.0,9.73,0.118,16.7,1.5828705665450977,0.3452205039705234,-2.965272288202243,1.722113339779229,15.328932352241127,1.642008634739096,0.22432744472535732,1787260505.8666303
11.180843830108643,hold1,drive,1.6,0.32,0.292,5721.6,5762.0,9.53,0.117,16.7,1.6465355629323142,-0.16313743331719266,-1.8954337993401111,1.3704834018220953,15.363084302181596,1.647969857913378,0.2685469564228312,1787260505.8976402
11.200430393218994,hold1,drive,1.6,0.32,0.292,5721.6,5756.0,9.67,0.117,16.7,1.6756760047380157,0.04772389811640032,-2.556038218695079,1.4977268369151266,15.378556489382238,1.6522277175590472,0.2850055229059549,1787260505.906582
11.22128939628601,hold1,drive,1.6,0.32,0.292,5721.6,5750.0,9.71,0.116,16.7,1.6197167318068892,-0.06038801758879764,-2.7924709784373647,1.548514722522121,15.424589780023755,1.666542433023294,0.33478659604320793,1787260505.9374871
11.240449905395508,hold1,drive,1.6,0.32,0.292,5721.6,5761.0,9.64,0.12,16.7,1.5460995024260469,0.05148791544583631,-2.7228262516257473,1.5698434577259803,15.454925383012574,1.6773663196520832,0.3668185864316763,1787260505.9575813
11.260381937026978,hold1,drive,1.6,0.32,0.292,5721.6,5780.0,9.02,0.118,16.6,1.5254156623457829,0.46160688798965666,-2.2725897500449435,1.6289507980320441,15.47162072352482,1.6837807970549097,0.38401571304842047,1787260505.9677038
11.280616044998169,hold1,drive,1.6,0.32,0.292,5721.6,5755.0,9.71,0.116,16.6,1.573299431903462,0.01041743639713033,-2.3977344960390496,1.5713335072532382,15.499830549029337,1.695403800231152,0.41290273585848913,1787260505.9877324
11.300421476364136,hold1,drive,1.6,0.32,0.292,5721.6,5766.0,9.55,0.117,16.6,1.5835133204741885,0.01927927125289175,-2.1167848351048804,1.4998467622422202,15.517414500614914,1.6992862820064552,0.4380666572943333,1787260506.0066314
11.320603847503662,hold1,drive,1.6,0.32,0.292,5721.6,5748.0,9.81,0.117,16.7,1.5271504454798603,0.07172863801419638,-2.872167654107102,1.5353822320254582,15.560762194738638,1.720412531865341,0.48515116368536537,1787260506.0377638
11.340967655181885,hold1,drive,1.6,0.32,0.292,5721.6,5768.0,9.46,0.118,16.7,1.510833523797054,0.31468451527229746,-3.2674546518826446,1.621490968194133,15.575021098298043,1.7279294810498782,0.5004856720335155,1787260506.0466087
11.362710952758789,hold1,drive,1.6,0.32,0.292,5721.6,5766.0,9.43,0.116,16.6,1.5861234846585752,0.28247589392004,-2.6949432178727193,1.6436678616494038,15.618642590349435,1.7526726970002584,0.5476183184461232,1787260506.0777504
11.380397319793701,hold1,drive,1.6,0.32,0.292,5721.6,5763.0,9.54,0.116,16.6,1.6477983007631751,0.1906703650180539,-2.353934463516822,1.5754757553273657,15.630884049078132,1.7601405480904815,0.5624254365524936,1787260506.0878747
11.400811672210693,hold1,drive,1.6,0.32,0.292,5721.6,5746.0,9.87,0.116,16.6,1.6342741029574803,0.041402875000217776,-2.4978110580156283,1.6103534907347135,15.650168870039963,1.765109972325985,0.589744552560128,1787260506.1066039
11.421147346496582,hold1,drive,1.6,0.32,0.292,5721.6,5745.0,9.78,0.118,16.7,1.5804145993878267,-0.043182712703313086,-2.459114767893965,1.6339665546098379,15.676791927025194,1.7832331971631008,0.6225108794509924,1787260506.1266785
11.440298557281494,hold1,drive,1.6,0.32,0.292,5721.6,5741.0,9.82,0.118,16.7,1.616075657964533,0.416462617076526,-3.0000407110413505,1.6493919380515907,15.702656518667865,1.802105157221033,0.6542806080286362,1787260506.1465487
11.460267543792725,hold1,drive,1.6,0.32,0.292,5721.6,5752.0,9.52,0.119,16.6,1.6398783259973884,-0.004247056748775346,-2.4972941641298405,1.6836026154822408,15.728055755413425,1.8219078380898448,0.6865247647417463,1787260506.166678
11.480396032333374,hold1,drive,1.6,0.32,0.292,5721.6,5759.0,9.46,0.119,16.6,1.6053381919234968,-0.2552510374070458,-2.299144588705701,1.7779800140125563,15.752721253754004,1.8424292475677517,0.7190668432031734,1787260506.1865904
11.50132942199707,hold1,drive,1.6,0.32,0.292,5721.6,5767.0,9.38,0.119,16.7,1.55444984402399,0.10941557989950201,-2.5115648792616696,1.5541044564077957,15.780976942571959,1.8655595719814686,0.7679809696544125,1787260506.2182827
11.521187782287598,hold1,drive,1.6,0.32,0.292,5721.6,5748.0,9.75,0.117,16.6,1.555234278123073,0.21418571121735397,-2.8624756013877857,1.5848035447572593,15.803867369579422,1.8880046928684453,0.7990071340076057,1787260506.2380533
11.540261030197144,hold1,drive,1.6,0.32,0.292,5721.6,5744.0,9.8,0.121,16.7,1.602735085115999,0.012186232912072104,-2.668164723203688,1.6745700350863575,15.815024519662538,1.8994697265934821,0.8145164885188865,1787260506.2465446
11.56079912185669,hold1,drive,1.6,0.32,0.292,5721.6,5750.0,9.44,0.118,16.6,1.643058406655052,-0.051990090792844335,-2.572800140162201,1.7464492289080176,15.836996526415204,1.9231287457127633,0.8464875498440927,1787260506.2669358
11.580461740493774,hold1,drive,1.6,0.32,0.292,5721.6,5751.0,9.55,0.119,16.6,1.6195352373786003,-0.17992051439686207,-2.8679617517083784,1.5533769272951063,15.860853905434512,1.9368810475191867,0.8753240252353216,1787260506.2880938
11.601396799087524,hold1,drive,1.6,0.32,0.292,5721.6,5736.0,9.79,0.118,16.7,1.5597810930521654,0.02092469151228915,-2.7589690625627554,1.6987342101511542,15.881270127957187,1.961737976490926,0.9078584952048964,1787260506.306638
11.620996713638306,hold1,drive,1.6,0.32,0.292,5721.6,5759.0,9.24,0.119,16.7,1.5784925960291165,0.46299695393519613,-2.740595356032088,1.634371931205111,15.91033774265697,2.0001828673140998,0.9550209885491644,1787260506.3377886
11.640364646911621,hold1,drive,1.6,0.32,0.292,5721.6,5737.0,9.68,0.117,16.7,1.631811477897484,0.04241409617291936,-2.4736290195681363,1.6914600956907155,15.919615714706218,2.013295676127186,0.9708242588153435,1787260506.346592
11.661877393722534,hold1,drive,1.6,0.32,0.292,5721.6,5746.0,9.55,0.117,16.6,1.6262863507419512,-0.2653505314394735,-2.063454717743838,1.6168796865599138,15.937946994599702,2.040570573188217,1.0039855869581706,1787260506.3685079
11.680458068847656,hold1,drive,1.6,0.32,0.292,5721.6,5719.0,10.06,0.116,16.6,1.5968508306874687,0.1537444291461938,-2.5676686234860995,1.6929184902873171,15.954607373406393,2.06719687224478,1.035812391831735,1787260506.3866622
11.700569868087769,hold1,drive,1.6,0.32,0.292,5721.6,5714.0,10.0,0.116,16.7,1.556314456261209,0.1847443578811898,-3.0137208573670193,1.5252865883839344,15.972420265094343,2.0878314706157566,1.068610206616019,1787260506.4079692
11.720696926116943,hold1,drive,1.6,0.32,0.292,5721.6,5738.0,9.66,0.119,16.6,1.5344224731524307,0.11881026514507287,-2.3624178967090756,1.5823635529847733,15.994888357787305,2.1303099445863474,1.11542289191254,1787260506.4375775
11.740485191345215,hold1,drive,1.6,0.32,0.292,5721.6,5735.0,9.46,0.115,16.7,1.5854567622796736,0.5012583939192048,-1.9167258513277545,1.6420719783777558,16.001922477162893,2.1446740945750613,1.1307535749248099,1787260506.4465559
11.760825157165527,hold1,drive,1.6,0.32,0.292,5721.6,5720.0,10.0,0.116,16.6,1.6315238564997556,0.04036441859219497,-2.5289843201570363,1.8081388214060157,16.01578057078611,2.1747218208544576,1.163217767002565,1787260506.4672167
11.780555486679077,hold1,drive,1.6,0.32,0.292,5721.6,5730.0,9.81,0.116,16.6,1.5458080194447377,-0.026693234952151812,-2.716192585184274,1.6419218447726633,16.03280642321818,2.199477878937581,1.1953550219350455,1787260506.4879935
11.800353288650513,hold1,drive,1.6,0.32,0.292,5721.6,5720.0,9.96,0.118,16.6,1.5038231517015839,0.28428809230864616,-2.930336634988322,1.7224718340060117,16.04436920802364,2.2295024517326363,1.2268493529462399,1787260506.5065753
11.82079005241394,hold1,drive,1.6,0.32,0.292,5721.6,5734.0,9.74,0.116,16.6,1.5438107817852325,0.3688736617396273,-2.9307126109708577,1.6135401644349492,16.059905621772717,2.275034468362247,1.2724391314100831,1787260506.5377765
11.84052848815918,hold1,drive,1.6,0.32,0.292,5721.6,5723.0,9.88,0.117,16.7,1.588068124886551,0.04478809323819011,-2.4454425153097645,1.6733680408703786,16.06460729616847,2.2903226189202264,1.2878665756802685,1787260506.546599
11.860739946365356,hold1,drive,1.6,0.32,0.292,5721.6,5734.0,9.82,0.115,16.6,1.5766720591079384,0.19804432553789297,-2.152161660758651,1.6379737330526556,16.074486316685093,2.3254516002735977,1.3238586655226203,1787260506.5696974
11.880804061889648,hold1,drive,1.6,0.32,0.292,5721.6,5722.0,9.97,0.118,16.6,1.5580803983800406,0.2897519501186103,-2.719421417805677,1.367214296297984,16.085951215143627,2.339210332643376,1.3449091512259896,1787260506.5880191
11.900525569915771,hold1,drive,1.6,0.32,0.292,5721.6,5715.0,10.0,0.117,16.6,1.5616402458091496,-0.0028842808562061784,-2.5268199731906975,1.5663019028341767,16.092879264652552,2.3704266244360297,1.3761017379182128,1787260506.6065972
11.920459032058716,hold1,drive,1.6,0.32,0.292,5721.6,5721.0,9.94,0.117,16.6,1.624553032346473,0.3246282175460209,-2.7909638585384755,1.6009019263000521,16.098831765084423,2.4018779696460912,1.4073720461272377,1787260506.6268644
11.941739559173584,hold1,drive,1.6,0.32,0.292,5721.6,5718.0,9.95,0.118,16.6,1.6467101331417688,-0.011508645656124195,-2.7086216100336173,1.566711360970296,16.105874127682814,2.449233201256705,1.4557930513084596,1787260506.6578293
11.961626291275024,hold1,drive,1.6,0.32,0.292,5721.6,5725.0,9.84,0.121,16.6,1.5315455933848727,-0.534444194684081,-2.3963522141996805,1.638026916106496,16.10772078138178,2.4652197492499672,1.4723875755962115,1787260506.6667478
11.980518579483032,hold1,drive,1.6,0.32,0.292,5721.6,5752.0,9.23,0.118,16.6,1.499233859353105,0.4852328562048136,-2.2402318419616734,1.668001661901802,16.1106279141202,2.4970978713228553,1.5030164896665683,1787260506.6867354
12.000523090362549,hold1,drive,1.6,0.32,0.292,5721.6,5731.0,9.89,0.117,16.6,1.603964799749343,0.2654807781737034,-2.5289913368161194,1.7600535621663997,16.119202934308728,2.527979522615704,1.5329820049128868,1787260506.7065978
12.020543575286865,hold1,drive,1.6,0.32,0.292,5721.6,5735.0,9.75,0.119,16.6,1.619272782853173,-0.24343893038185271,-2.307115221063299,1.6448959129230183,16.120275370648343,2.576061710664965,1.5806460308411263,1787260506.7375288
12.040474891662598,hold1,drive,1.6,0.32,0.292,5721.6,5723.0,9.86,0.117,16.6,1.544048202596413,-0.3453421626063964,-2.362300367669434,1.6112103814462468,16.119700619668432,2.6080435705273075,1.6126300295281324,1787260506.757618
12.06102728843689,hold1,drive,1.6,0.32,0.292,5721.6,5715.0,9.96,0.119,16.6,1.5154321372093484,0.15568351211988585,-3.086742351362375,1.6609712567892512,16.11902641782048,2.6241504045017643,1.6281779903659064,1787260506.7666895
12.082210302352905,hold1,drive,1.6,0.32,0.292,5721.6,5714.0,9.92,0.119,16.6,1.5413075435186128,0.04612365216798775,-2.6256604337254714,1.8437253333823556,16.121081569412876,2.6842796691099986,1.6819938109583707,1787260506.7980487
12.100500583648682,hold1,drive,1.6,0.32,0.292,5721.6,5738.0,9.42,0.118,16.6,1.589818354354951,0.3211161238592375,-2.2195604719420885,1.8484307624030367,16.119302850749662,2.7002097183511804,1.6974063029282966,1787260506.8066692
12.120845317840576,hold1,drive,1.6,0.32,0.292,5721.6,5716.0,9.98,0.118,16.6,1.6198775867367299,0.11319232405980095,-2.2247948996180753,1.6544070508922721,16.112494627772076,2.747698982274206,1.7449470153927191,1787260506.837824
12.140729665756226,hold1,drive,1.6,0.32,0.292,5721.6,5725.0,9.69,0.116,16.6,1.6076520794366123,-0.07298837499903232,-2.5168384832842037,1.6318872248323193,16.10669588203048,2.779156604981605,1.7772478485987524,1787260506.8575318
12.16050910949707,hold1,drive,1.6,0.32,0.292,5721.6,5709.0,10.12,0.116,16.6,1.544655536483006,0.2867889100050789,-3.0229696911209203,1.6644292951839694,16.102954497700093,2.79702073724929,1.7955662746765912,1787260506.868019
12.182860612869263,hold1,drive,1.6,0.32,0.292,5721.6,5717.0,9.9,0.116,16.7,1.5760511430997863,0.3656007922734581,-3.002215290635519,1.2266436899390967,16.102921986194207,2.8114616224173723,1.8216698547452044,1787260506.888968
12.200398921966553,hold1,drive,1.6,0.32,0.292,5721.6,5727.0,9.71,0.118,16.6,1.5984223620467244,-0.032999804481525175,-2.3333382302215853,1.5326728761307709,16.094734436297344,2.8424468670190084,1.853126735979006,1787260506.9066343
12.22135591506958,hold1,drive,1.6,0.32,0.292,5721.6,5742.0,9.41,0.115,16.7,1.5560543985807629,0.3458239731967687,-1.9150216802529485,1.5385764296876887,16.08064651644267,2.8883684074254825,1.9006623530474163,1787260506.9378822
12.240236043930054,hold1,drive,1.6,0.32,0.292,5721.6,5734.0,9.75,0.116,16.7,1.5849314537546557,0.364828777048821,-2.6681886967888886,1.5763349633875408,16.07003187809229,2.91862440070519,1.9319497692168994,1787260506.9576354
12.261953353881836,hold1,drive,1.6,0.32,0.292,5721.6,5740.0,9.69,0.115,16.6,1.5400558578062755,0.1863862926517328,-2.914251236401128,1.6371039203485211,16.064323665359375,2.933736675461998,1.9479634159154793,1787260506.9667165
12.280327320098877,hold1,drive,1.6,0.32,0.292,5721.6,5737.0,9.71,0.118,16.6,1.5284260996420083,0.20661252508818428,-2.6074457714673542,1.5795402623898238,16.051330531608844,2.9657780530007796,1.9813712924605675,1787260506.9895499
12.300394535064697,hold1,drive,1.6,0.32,0.292,5721.6,5719.0,9.96,0.116,16.6,1.5807902382595822,0.1984810029305173,-2.5864568976242595,1.9944824953949012,16.040990973471057,2.9988053341419847,2.0171543377061973,1787260507.0066326
12.320983648300171,hold1,drive,1.6,0.32,0.292,5721.6,5720.0,9.92,0.117,16.7,1.6107350878725422,-0.11028036485894344,-2.235088923214562,1.699115640250553,16.01962894428642,3.04167561501495,2.0646025116891145,1787260507.0377462
12.340636730194092,hold1,drive,1.6,0.32,0.292,5721.6,5754.0,9.24,0.116,16.7,1.5582087627445824,0.34321074277460895,-2.2774666204684877,1.650537339855749,16.004175669444027,3.0698608185150658,2.0965510017513562,1787260507.0576422
12.360786437988281,hold1,drive,1.6,0.32,0.292,5721.6,5726.0,9.86,0.117,16.6,1.5447783082092583,0.3612188155858682,-2.59606767404253,1.6893098328470697,15.995591334479455,3.084655570261117,2.113178315246648,1787260507.0672529
12.380866765975952,hold1,drive,1.6,0.32,0.292,5721.6,5725.0,10.04,0.118,16.7,1.57810510609051,0.028086681319384965,-2.712022350802556,1.336754008124051,15.99088032548646,3.0908656011581894,2.1399998867994783,1787260507.0879688
12.400385618209839,hold1,drive,1.6,0.32,0.292,5721.6,5708.0,10.03,0.117,16.6,1.5781668914278,-0.1581357248341284,-2.5357513031210885,1.5513070434068115,15.973389310639947,3.1177612444122094,2.171635363620888,1787260507.1067135
12.420559883117676,hold1,drive,1.6,0.32,0.292,5721.6,5712.0,9.97,0.119,16.6,1.566795326731216,-0.19271663476826006,-2.527509067584816,1.5842171499725635,15.955122770714036,3.14398017252917,2.203239180917656,1787260507.1268976
12.4412682056427,hold1,drive,1.6,0.32,0.292,5721.6,5708.0,10.0,0.12,16.7,1.5255638672604457,-0.11402987378392115,-2.59150743036011,1.5477175432051449,15.926279440991456,3.18208942540712,2.2499751206369134,1787260507.158207
12.460311651229858,hold1,drive,1.6,0.32,0.292,5721.6,5732.0,9.44,0.119,16.6,1.5557332213532993,0.21009733785827223,-2.323636821956825,1.6081991808678986,15.908079081546479,3.204634040795093,2.2777030363775372,1787260507.17477
12.480862379074097,hold1,drive,1.6,0.32,0.292,5721.6,5713.0,10.01,0.119,16.7,1.6409128309228296,0.19503960573850598,-2.6819480728900373,3.592360825243925,15.845323233199501,3.2784771943600712,2.3638376464050417,1787260507.197752
12.500758171081543,hold1,drive,1.6,0.32,0.292,5721.6,5728.0,9.64,0.118,16.7,1.6157339743966757,-0.3685331710486004,-2.168329797450866,3.055162815765974,15.833907930022026,3.28971931989826,2.3803333699722646,1787260507.2066445
12.520724058151245,hold1,drive,1.6,0.32,0.292,5721.6,5714.0,9.93,0.118,16.7,1.5184945061468302,-0.25866347260778966,-2.832716780773211,2.321990579458509,15.810460112683026,3.3117261074410713,2.4127704910003653,1787260507.2270446
12.540662050247192,hold1,drive,1.6,0.32,0.292,5721.6,5694.0,10.31,0.117,16.7,1.5193384618962764,0.3568657826169961,-3.044732443988721,1.9938227812117146,15.786651490338121,3.3326749821657664,2.442889947282485,1787260507.246549
12.561512231826782,hold1,drive,1.6,0.32,0.292,5721.6,5704.0,10.02,0.118,16.6,1.6110836956592338,0.33085137288603406,-3.0131720961545625,1.8157495149815093,15.761952328522085,3.3530937299945878,2.4734633413041913,1787260507.2667308
12.581176996231079,hold1,drive,1.6,0.32,0.292,5721.6,5723.0,9.61,0.116,16.6,1.611382369175486,0.07501421603867886,-1.7962542002829878,1.9320432341881426,15.769783885616404,3.341505920752616,2.4892003849105806,1787260507.2897904
12.600855588912964,hold1,drive,1.6,0.32,0.292,5721.6,5725.0,9.67,0.117,16.6,1.585753038950945,-0.023645108710963036,-2.1896893847821843,1.7648775006756017,15.731289017995737,3.37001984608233,2.537204746332179,1787260507.318095
12.621099472045898,hold1,drive,1.6,0.32,0.292,5721.6,5722.0,9.84,0.115,16.7,1.542313019988172,0.04890367442376853,-2.7234185745966784,1.6639210154627788,15.704931836149319,3.387937828921198,2.5686186508569886,1787260507.338205
12.640696048736572,hold1,drive,1.6,0.32,0.292,5721.6,5715.0,9.98,0.117,16.7,1.53880097630063,0.4076552115781702,-3.1520463974487143,1.7349644763266796,15.691573157541155,3.3965564799502115,2.5840473694889425,1787260507.346569
12.661399841308594,hold1,drive,1.6,0.32,0.292,5721.6,5709.0,10.06,0.115,16.6,1.5835071952036812,0.35412577724504857,-2.874416493343233,1.6882503697694906,15.664273893119722,3.413302546870449,2.614914300719696,1787260507.366647
12.680473804473877,hold1,drive,1.6,0.32,0.292,5721.6,5712.0,9.99,0.116,16.6,1.5916900239690588,-0.037718864029623766,-2.099708625782995,1.5812048126958753,15.636602190849077,3.429116351998361,2.6462740743576156,1787260507.3879309
12.70046615600586,hold1,drive,1.6,0.32,0.292,5721.6,5749.0,9.33,0.115,16.7,1.573279058721123,0.1392050344436413,-1.921453325384988,1.4605133751832189,15.62610899146505,3.4374334443533034,2.66815283978216,1787260507.4066174
12.721495389938354,hold1,drive,1.6,0.32,0.292,5721.6,5744.0,9.49,0.116,16.7,1.5226536979792618,0.47126977771965883,-2.6008869493894338,1.5272913356416027,15.582884987063192,3.4587711868822377,2.7151428746785107,1787260507.4376843
12.740698337554932,hold1,drive,1.6,0.32,0.292,5721.6,5725.0,10.03,0.118,16.7,1.5591412686002737,0.32464268940537977,-3.1992100409188993,1.562073929892848,15.55366889409676,3.4717851375816746,2.745770419528443,1787260507.4575794
12.760618686676025,hold1,drive,1.6,0.32,0.292,5721.6,5728.0,9.68,0.116,16.6,1.5329070013341213,-0.07085354733672666,-2.779800646298071,1.6172752364230023,15.536773845732457,3.478845195020482,2.7636525843975455,1787260507.4680662
12.781503200531006,hold1,drive,1.6,0.32,0.292,5721.6,5720.0,9.97,0.118,16.6,1.5619596919819048,0.0745520575755041,-2.599586820933496,1.6454187871856512,15.509148636076725,3.489596681821808,2.7920218778236583,1787260507.4865646
12.80056381225586,hold1,drive,1.6,0.32,0.292,5721.6,5726.0,9.76,0.117,16.7,1.6046962369427331,0.062205387108967614,-2.4650023295862695,1.491264402605387,15.49496944807139,3.4998774387068825,2.812187639247103,1787260507.5066097
12.821579217910767,hold1,drive,1.6,0.32,0.292,5721.6,5758.0,9.24,0.116,16.7,1.5960915634606871,0.16655328548472959,-2.325232234815843,1.5362828634254484,15.449172965128747,3.514754588779642,2.860030054973186,1787260507.5376883
12.84105134010315,hold1,drive,1.6,0.32,0.292,5721.6,5722.0,9.96,0.117,16.6,1.5991669818875107,0.24845675525374844,-2.7967429543757873,1.5656277279295423,15.418363107505552,3.5234030841301904,2.8919768718081715,1787260507.5576115
12.861220836639404,hold1,drive,1.6,0.32,0.292,5721.6,5724.0,9.94,0.119,16.6,1.6276023517946139,0.04173993958817679,-2.3540326967439853,1.5754070577541137,15.3872738127124,3.5310673758786315,2.9242604301840256,1787260507.5776622
12.882209062576294,hold1,drive,1.6,0.32,0.292,5721.6,5719.0,9.81,0.117,16.7,1.6156655311566606,-0.39544476296961406,-2.385656486870687,1.640351065158172,15.371637054406095,3.5345202833543694,2.9405613043530763,1787260507.5865989
12.900675058364868,hold1,drive,1.6,0.32,0.292,5721.6,5712.0,10.04,0.117,16.6,1.5499694749640955,-0.16385152455929486,-2.930940652391058,1.7275289529937776,15.340249559973529,3.5470818563867597,2.9695623607665302,1787260507.606601
12.921344518661499,hold1,drive,1.6,0.32,0.292,5721.6,5700.0,10.16,0.119,16.7,1.5492865073025446,0.09847340155648965,-2.8221303963815956,1.6101684357631907,15.293027633747922,3.5545165609907645,3.016330834291948,1787260507.6376324
12.94077754020691,hold1,drive,1.6,0.32,0.292,5721.6,5733.0,9.42,0.118,16.7,1.5459441069764406,0.1926655812644107,-2.0874318112739445,1.604991892512676,15.261216408975319,3.5582790842025793,3.047293239633997,1787260507.6574955
12.962567329406738,hold1,drive,1.6,0.32,0.292,5721.6,5740.0,9.45,0.117,16.6,1.5885652039040141,0.16672181321057167,-2.301243446853931,1.650178750735669,15.24522968873055,3.5597911070388726,3.0628178918859734,1787260507.6666422
12.981427192687988,hold1,drive,1.6,0.32,0.292,5721.6,5743.0,9.53,0.117,16.6,1.566928218469611,-0.20520464340669164,-2.366811494738272,1.6652729060595386,15.212432426227156,3.562125452514728,3.095123025516051,1787260507.6870835
13.000349998474121,hold1,drive,1.6,0.32,0.292,5721.6,5732.0,9.7,0.116,16.7,1.5005916720348818,0.011611698268269688,-2.963780955786291,1.7675109421000283,15.179616035315519,3.5694537753745004,3.124274843803423,1787260507.706621
13.02048110961914,hold1,drive,1.6,0.32,0.292,5721.6,5710.0,10.06,0.115,16.7,1.5549455914609085,0.4154658494906336,-3.1402774136408027,1.706659640209884,15.147619474476691,3.569763476695132,-3.128626316190188,1787260507.7265642
13.040346145629883,hold1,drive,1.6,0.32,0.292,5721.6,5719.0,9.88,0.117,16.6,1.6702426234820358,0.4560434813289511,-2.5664550338255196,1.6082288057003924,15.099744704774974,3.568396351842392,-3.0816999316799736,1787260507.757572
13.060720920562744,hold1,drive,1.6,0.32,0.292,5721.6,5738.0,9.45,0.117,16.6,1.695048104823361,-0.27780955981408795,-1.9815860937270884,1.658013861197217,15.083687385980694,3.567433483724157,-3.064914389949186,1787260507.7666388
13.080482006072998,hold1,drive,1.6,0.32,0.292,5721.6,5736.0,9.45,0.116,16.6,1.5764379672481204,-0.10296257415686849,-2.440480567894838,1.652436500646738,15.049620574001043,3.564515946213853,-3.028905413524476,1787260507.7879193
13.100401163101196,hold1,drive,1.6,0.32,0.292,5721.6,5708.0,10.23,0.116,16.6,1.5476705011530845,0.2901596837925169,-2.907236623843602,2.121524465388573,14.99846902283906,3.566562152185998,-2.9929167016872147,1787260507.8065867
13.120780229568481,hold1,drive,1.6,0.32,0.292,5721.6,5710.0,10.0,0.116,16.7,1.5664381968290364,0.3639716117426026,-3.026538831707853,1.7473982427939139,14.951254833746448,3.558709222298238,-2.9463589457779045,1787260507.8376687
13.140181541442871,hold1,drive,1.6,0.32,0.292,5721.6,5722.0,9.79,0.117,16.7,1.5930086881828114,0.12091786670833216,-2.8431327188212663,1.66630077821567,14.919955464430545,3.552260470656494,-2.9149542805078523,1787260507.8576343
13.160982608795166,hold1,drive,1.6,0.32,0.292,5721.6,5712.0,9.96,0.117,16.6,1.5660059657841165,-0.07489847770890723,-2.244244786235612,1.6936640267812435,14.901737993256818,3.548059517867939,-2.896370486437304,1787260507.8682718
13.181018829345703,hold1,drive,1.6,0.32,0.292,5721.6,5761.0,9.08,0.115,16.7,1.5423819958604053,0.28431528186259314,-1.9988707562959007,1.6659920009463653,14.87288500108928,3.540606699940552,-2.8670773922390382,1787260507.8868873
13.200453996658325,hold1,drive,1.6,0.32,0.292,5721.6,5735.0,9.71,0.115,16.7,1.5449209204856322,0.4700899922760158,-2.71132770155333,1.897937304646586,14.836402635721415,3.537832607377406,-2.837969185654861,1787260507.9066222
13.221114873886108,hold1,drive,1.6,0.32,0.292,5721.6,5733.0,9.87,0.118,16.7,1.562681408637316,0.24377942107287964,-2.9643677239021144,1.6696483618488565,14.790838019460796,3.5227779530885956,-2.791637655788356,1787260507.937773
13.240411043167114,hold1,drive,1.6,0.32,0.292,5721.6,5727.0,9.7,0.117,16.7,1.5856678177960626,-0.1824920103155172,-2.371885416337733,1.715211664009921,14.775701376078768,3.5172534188722926,-2.7759420267927717,1787260507.946619
13.260318279266357,hold1,drive,1.6,0.32,0.292,5721.6,5717.0,9.96,0.118,16.6,1.6010334583374926,0.012117299718345631,-2.6235735623698417,1.6542992105207541,14.729022217339486,3.4984898724329563,-2.72626689520624,1787260507.9779994
13.280334949493408,hold1,drive,1.6,0.32,0.292,5721.6,5703.0,10.11,0.118,16.6,1.6347695840782894,0.15413769096074148,-2.649008951546051,1.5810352224560025,14.71645231040587,3.4929353405907393,-2.712305391456472,1787260507.9877453
13.300524234771729,hold1,drive,1.6,0.32,0.292,5721.6,5729.0,9.71,0.12,16.7,1.6504337649779175,0.01943507214787088,-2.54156402044984,1.613756115747221,14.690830204831997,3.4866683502968416,-2.6814630150417895,1787260508.0065973
13.321055173873901,hold1,drive,1.6,0.32,0.292,5721.6,5727.0,9.61,0.117,16.7,1.6185289619607137,-0.18924802974975208,-2.3627558657882446,1.5579212171639247,14.648070970142843,3.46460490564825,-2.632294575520178,1787260508.0381856
13.340839624404907,hold1,drive,1.6,0.32,0.292,5721.6,5722.0,9.81,0.118,16.7,1.5815255370365533,-0.13599941709662655,-2.333888745598813,1.5935544966394941,14.620363215793489,3.448841490909123,-2.6004146698236763,1787260508.057659
13.362673044204712,hold1,drive,1.6,0.32,0.292,5721.6,5718.0,9.84,0.116,16.6,1.5558169777695825,-0.10943765313953424,-2.65162762718802,1.641858883670527,14.604710229731298,3.4394335452742317,-2.5823544153994535,1787260508.0680676
13.380443811416626,hold1,drive,1.6,0.32,0.292,5721.6,5704.0,10.11,0.116,16.6,1.5498954390857913,0.1783254304437385,-2.765013037280454,1.6226127156990606,14.575093140013802,3.420556814690275,-2.548101444151069,1787260508.0901
13.400421142578125,hold1,drive,1.6,0.32,0.292,5721.6,5692.0,10.22,0.119,16.6,1.5853538311035424,0.2817889922318848,-2.712764070139798,2.5183730168081584,14.520179727884216,3.389440284030476,-2.4969646680696433,1787260508.1066797
13.42047667503357,hold1,drive,1.6,0.32,0.292,5721.6,5743.0,9.33,0.119,16.7,1.6487510466431512,0.18759326764932283,-2.1262155172733515,1.894958515347295,14.482394111310663,3.360069157626976,-2.4492450216067962,1787260508.1375477
13.44061279296875,tr2,drive,2.0,0.32,0.292,7152.0,5758.0,8.9,0.116,16.7,1.6290521766920527,0.0009920806768954904,-2.3726508168993803,1.7407245109053486,14.457815291844966,3.3393585301127975,-2.4163992555480616,1787260508.157573
13.461962938308716,tr2,drive,2.0,0.32,0.292,7152.0,5747.0,10.95,0.129,16.6,1.5330598667806918,-0.037970769399726656,-2.9833258596622443,1.7504525375805007,14.44571171212495,3.3286311463219582,-2.399974801890654,1787260508.1666942
13.48041558265686,tr2,drive,2.0,0.32,0.292,7152.0,5857.0,19.42,0.135,16.6,1.5341088859340741,-1.303998143422291,-3.0960058031560322,1.71083972286877,14.422214020258277,3.3067715593271716,-2.3687868757782042,1787260508.1866574
13.500680923461914,tr2,drive,2.0,0.32,0.292,7152.0,5974.0,24.56,0.149,16.6,1.5719984777109584,-1.461806606891372,-2.8255065788437435,1.7085675464647785,14.417892396484788,3.3024841186168516,-2.3451117927903526,1787260508.2065911
13.520471811294556,tr2,drive,2.0,0.32,0.292,7152.0,6217.0,24.2,0.142,16.6,1.5995572681452617,-2.060620133654666,-2.4102753123461014,1.7148698176197854,14.394751809259095,3.278584629676398,-2.313861490764169,1787260508.226599
13.540663719177246,tr2,drive,2.0,0.32,0.292,7152.0,6290.0,19.63,0.137,16.6,1.5428086342670357,-1.995544859890515,-2.1701324941136306,1.6798061384794272,14.371465495824673,3.253077550563133,-2.2820105596229996,1787260508.2476263
13.56129765510559,tr2,drive,2.0,0.32,0.292,7152.0,6320.0,20.33,0.141,16.6,1.5287603263588134,-1.1923614894259202,-3.518690223403894,1.7017979369051217,14.347610321591024,3.225171179662007,-2.249279474868701,1787260508.2688267
13.580470323562622,tr2,drive,2.0,0.32,0.292,7152.0,6324.0,20.52,0.141,16.6,1.6027191061494586,-1.3834569835851909,-3.742205606135002,1.8000117255561863,14.32669394390453,3.1990527210948834,-2.220231855167304,1787260508.2866158
13.601172685623169,tr2,drive,2.0,0.32,0.292,7152.0,6387.0,20.09,0.144,16.6,1.708005581949087,-1.385691350961963,-2.7814200327422895,1.491257493416838,14.30805178379521,3.173496163282157,-2.1766090730074836,1787260508.3181381
13.620575904846191,tr2,drive,2.0,0.32,0.292,7152.0,6471.0,18.62,0.141,16.6,1.682004474436371,-1.7193564406854165,-2.6314509316337933,1.658043528722133,14.298230670856766,3.1593182342553194,-2.1595625164554253,1787260508.326563
13.64085340499878,tr2,drive,2.0,0.32,0.292,7152.0,6554.0,17.92,0.142,16.6,1.657822838580397,-1.0019818406735226,-3.0329856796012393,1.735905314140307,14.268400701032856,3.1133602738668587,-2.109123700890896,1787260508.3575613
13.661301136016846,tr2,drive,2.0,0.32,0.292,7152.0,6623.0,17.2,0.141,16.6,1.7384861264153164,-0.5266751816398241,-3.4873956315325074,1.7904856431565646,14.25711539501771,3.0944619238724567,-2.0885155821964347,1787260508.3690386
13.680499792098999,tr2,drive,2.0,0.32,0.292,7152.0,6650.0,17.09,0.141,16.6,1.6944861778333544,-0.9095293904221151,-3.227550911677099,1.840092010564751,14.24103992193255,3.0660061081150456,-2.0580532573415566,1787260508.38661
13.700538396835327,tr2,drive,2.0,0.32,0.292,7152.0,6709.0,16.68,0.146,16.6,1.6732238991643251,-0.7217339918280601,-3.484891853683024,1.8250346080564046,14.22628442233073,3.043823991986384,-2.0270777339849517,1787260508.4067173
13.720482587814331,tr2,drive,2.0,0.32,0.292,7152.0,6785.0,15.61,0.146,16.6,1.681046934866433,-0.8276131846859585,-3.355673937091183,1.8692340892319055,14.21000572930395,3.0101650021749684,-1.9934874486452998,1787260508.4266434
13.740456342697144,tr2,drive,2.0,0.32,0.292,7152.0,6845.0,15.13,0.147,16.6,1.759607923336844,-0.2553471510184444,-3.4925806502341175,1.9289001976267852,14.194704509457338,2.9756495501239772,-1.9599478046676095,1787260508.446615
13.760995626449585,tr2,drive,2.0,0.32,0.292,7152.0,6907.0,14.45,0.144,16.6,1.8429383670034778,-0.5134458922053433,-3.142077186695616,1.9318124129188552,14.180418521104324,2.9402319877692515,-1.925154338812569,1787260508.466743
13.78038477897644,tr2,drive,2.0,0.32,0.292,7152.0,6931.0,14.45,0.143,16.6,1.7521133885551974,-0.7824561595331403,-3.6020911103479136,1.9668466598259635,14.167312298991252,2.9041276889268204,-1.8884043554533247,1787260508.4865978
13.800525188446045,tr2,drive,2.0,0.32,0.292,7152.0,6943.0,14.52,0.145,16.6,1.7430075081559984,-0.1438065284069987,-4.227337415139999,1.8015675592963136,14.161091636318883,2.8871083303295997,-1.8589464160373552,1787260508.5066333
13.821035861968994,tr2,drive,2.0,0.32,0.292,7152.0,7036.0,12.99,0.147,16.6,1.768674255793855,0.08380894038754594,-4.095245591932041,1.8914403949170513,14.150346587042828,2.8499560484007236,-1.8240776242124286,1787260508.5265956
13.840919733047485,tr2,drive,2.0,0.32,0.292,7152.0,7085.0,12.44,0.145,16.6,1.8385658559677311,-0.04521960863552543,-3.109926562416092,1.931462122477443,14.136306483324862,2.792298703794805,-1.770854012003994,1787260508.5577571
13.860579252243042,tr2,drive,2.0,0.32,0.292,7152.0,7093.0,12.74,0.144,16.6,1.8289461186362015,-0.4973624305084172,-3.66599270170002,2.000683291713501,14.132442057844193,2.7732405406965137,-1.7523566806448811,1787260508.5667508
13.880754947662354,tr2,drive,2.0,0.32,0.292,7152.0,7096.0,12.91,0.141,16.6,1.7661999128250625,0.16840899081416083,-4.369747527890439,2.0168898536295887,14.12090891831114,2.7328523720780526,-1.7129140857332696,1787260508.5879107
13.900649547576904,tr2,drive,2.0,0.32,0.292,7152.0,7132.0,12.43,0.146,16.6,1.8811005333179316,0.5180995086167073,-4.162680071132485,1.9788268189599334,14.115572354109402,2.693517295067974,-1.677476605731345,1787260508.6081219
13.92052173614502,tr2,drive,2.0,0.32,0.292,7152.0,7171.0,11.55,0.143,16.6,1.9355306191511346,-0.20125755340185592,-3.186098536339756,2.071076541886811,14.11163927911359,2.65396652012957,-1.6405248315160534,1787260508.6266267
13.94038462638855,tr2,drive,2.0,0.32,0.292,7152.0,7172.0,11.98,0.147,16.6,1.8346649907610375,-0.378195914598205,-3.5979705773013677,2.161640922329875,14.109167655686514,2.614043599978944,-1.6021246246873895,1787260508.6465552
13.960399150848389,tr2,drive,2.0,0.32,0.292,7152.0,7189.0,11.68,0.144,16.6,1.7924369764103596,-0.05287441824418515,-4.05421743210843,1.9308200424926267,14.108204448613677,2.5712286509286963,-1.5623698461306543,1787260508.6715226
13.98037838935852,tr2,drive,2.0,0.32,0.292,7152.0,7191.0,11.8,0.145,16.6,1.7937107663597447,0.2631919585988385,-3.867029632336852,2.2148125966492596,14.108786622208807,2.533720877623503,-1.5287855084868391,1787260508.686634
14.000527381896973,tr2,drive,2.0,0.32,0.292,7152.0,7215.0,11.3,0.143,16.6,1.7917769119341835,-0.13029629852094882,-3.666403176256381,2.3562171310393665,14.102220795394611,2.486262363545465,-1.4898760358178278,1787260508.7066557
14.020641803741455,tr2,drive,2.0,0.32,0.292,7152.0,7222.0,11.2,0.145,16.6,1.7418438399176883,-0.1952880941418158,-3.7127306678524974,2.2081314042406945,14.10580674107339,2.44612603196697,-1.4540436457063157,1787260508.726629
14.040998458862305,tr2,drive,2.0,0.32,0.292,7152.0,7232.0,11.16,0.144,16.6,1.8330561751465209,0.5972357286421826,-4.140354816094856,2.0513312754891055,14.113858709038022,2.3861640036756167,-1.4012265359337912,1787260508.7576025
14.060616731643677,tr2,drive,2.0,0.32,0.292,7152.0,7234.0,11.23,0.145,16.6,1.8973874944384748,0.008507406777454207,-3.8687086603832768,2.1033232787171494,14.11727605694479,2.36620448796564,-1.3827709093636553,1787260508.766705
14.080373525619507,tr2,drive,2.0,0.32,0.292,7152.0,7226.0,11.39,0.144,16.6,1.8729667067166118,0.025292251158169243,-4.016646438687218,2.093133915275231,14.12517572549039,2.326591513009808,-1.3451797637522913,1787260508.7866192
14.1004056930542,tr2,drive,2.0,0.32,0.292,7152.0,7234.0,11.09,0.145,16.6,1.8539759712993658,0.14153739750443073,-3.757692834535362,2.2719928371900866,14.128807911221209,2.2828957875899656,-1.3046573587876813,1787260508.8066068
14.120505094528198,tr2,drive,2.0,0.32,0.292,7152.0,7254.0,10.69,0.145,16.6,1.86508028778056,0.4346230098620474,-4.02204137243973,2.1808942246807383,14.139812376567557,2.243923627038749,-1.267434134867983,1787260508.8266108
14.140632152557373,tr2,drive,2.0,0.32,0.292,7152.0,7272.0,10.52,0.144,16.6,1.890841977111278,0.17430607250485686,-3.4634811032125583,2.056615792463852,14.159021652517765,2.186217505560154,-1.2115277745680437,1787260508.857559
14.161754131317139,tr2,drive,2.0,0.32,0.292,7152.0,7247.0,10.99,0.142,16.6,1.825538071389227,-0.26210485152725127,-3.6658713719700415,2.0131067905795814,14.173606659418748,2.148435098121544,-1.1740869339527775,1787260508.8776307
14.180455684661865,tr2,drive,2.0,0.32,0.292,7152.0,7252.0,11.02,0.145,16.6,1.7458712052761607,0.6077429928936162,-4.736301014359924,2.0899185049561897,14.18147042298106,2.1296635719377854,-1.155736494261272,1787260508.8865998
14.200688600540161,tr2,drive,2.0,0.32,0.292,7152.0,7281.0,10.23,0.145,16.6,1.8416284912213223,0.42462138360578905,-3.7996015850739013,2.1860697671188416,14.194357117977091,2.0895610366417086,-1.1159563389359368,1787260508.906657
14.220804929733276,tr2,drive,2.0,0.32,0.292,7152.0,7281.0,10.29,0.144,16.6,1.8845065831940884,0.14305422012720825,-3.5130540919954,2.1518756297812267,14.2125299082474,2.0531889612386536,-1.0796256869983494,1787260508.9266403
14.241469621658325,tr2,drive,2.0,0.32,0.292,7152.0,7261.0,10.83,0.144,16.6,1.828806568995081,-0.13591423046994588,-3.5718905325718993,2.0355994599950398,14.2422388390393,2.000024207105607,-1.0236765807609738,1787260508.957658
14.261147737503052,tr2,drive,2.0,0.32,0.292,7152.0,7259.0,10.8,0.143,16.6,1.7989786321539756,0.5764477066653413,-4.370648583861026,2.089007670297639,14.255251953076932,1.978661439303943,-1.0011414942569918,1787260508.9689581
14.280576229095459,tr2,drive,2.0,0.32,0.292,7152.0,7285.0,10.22,0.145,16.6,1.8733596561354529,0.6196239874311615,-3.5530370619764255,2.114063362382182,14.275435465758829,1.9476864071485291,-0.9683754493036254,1787260508.9872563
14.300460815429688,tr2,drive,2.0,0.32,0.292,7152.0,7295.0,9.89,0.143,16.6,1.8812715082599147,-0.16827863444463276,-3.3122627444264765,2.142750129708916,14.291717230541682,1.9131424462435507,-0.9290885137750357,1787260509.006678
14.321603536605835,tr2,drive,2.0,0.32,0.292,7152.0,7279.0,10.42,0.145,16.6,1.8134269468579283,0.19491284906126793,-4.237636408870003,2.01851521908079,14.329111178161913,1.8649684153261736,-0.8731790622010167,1787260509.03797
14.340879440307617,tr2,drive,2.0,0.32,0.292,7152.0,7271.0,10.56,0.144,16.6,1.8146164477588123,0.3318064425135212,-3.9805375416024447,2.0355018608244846,14.355526478796847,1.8340289781522319,-0.8368877008933667,1787260509.057667
14.36081314086914,tr2,drive,2.0,0.32,0.292,7152.0,7266.0,10.53,0.144,16.6,1.8604117663896511,0.375153023442504,-3.9288914224213443,2.0891686910032052,14.370713329619326,1.8171917643289068,-0.8166501765090527,1787260509.0679066
14.380494594573975,tr2,drive,2.0,0.32,0.292,7152.0,7280.0,10.17,0.144,16.6,1.84523294659869,0.02345106793760854,-3.597043208859219,2.1034961753396706,14.397211603553288,1.7894761804398538,-0.7815404987403567,1787260509.086581
14.40088701248169,tr2,drive,2.0,0.32,0.292,7152.0,7268.0,10.24,0.144,16.6,1.760322183141203,-0.17296872286518905,-3.507133785894041,2.240182216900406,14.420917933962881,1.7605561730572192,-0.740843485740652,1787260509.106621
14.420862674713135,tr2,drive,2.0,0.32,0.292,7152.0,7267.0,10.4,0.144,16.6,1.7940219567331204,0.6052004041485795,-4.194513191588499,2.0807316748879208,14.466648359607627,1.7202012567274596,-0.6874200779983163,1787260509.137551
14.440415143966675,tr2,drive,2.0,0.32,0.292,7152.0,7266.0,10.42,0.144,16.6,1.8557340570929814,0.28184348097507694,-3.8148555095597487,2.04686586700658,14.498224225535482,1.6947458603771215,-0.6512956896862118,1787260509.157519
14.460496664047241,tr2,drive,2.0,0.32,0.292,7152.0,7259.0,10.37,0.142,16.6,1.866242890754434,0.13461288688945316,-3.954572687026257,2.095610325906358,14.514509031858292,1.6823327521221578,-0.6325901792953152,1787260509.1667871
14.480300188064575,tr2,drive,2.0,0.32,0.292,7152.0,7255.0,10.4,0.144,16.6,1.8645234207966244,0.2176109554754344,-3.762613851438971,2.1159751514105576,14.547441962813565,1.6586607328897915,-0.5953549176979882,1787260509.1866071
14.500532627105713,tr2,drive,2.0,0.32,0.292,7152.0,7264.0,10.22,0.145,16.6,1.9042400742393577,0.5511490692510534,-4.055214674780615,2.2067998936466946,14.576784508549377,1.635425270377715,-0.5550973558606361,1787260509.2066252
14.52150845527649,tr2,drive,2.0,0.32,0.292,7152.0,7247.0,10.48,0.143,16.6,1.897507469845583,-0.09270895116775879,-3.6617821215285744,2.1487359915293123,14.611488429602462,1.6143470426561475,-0.5172213255493504,1787260509.2265933
14.540846347808838,tr2,drive,2.0,0.32,0.292,7152.0,7231.0,10.86,0.142,16.6,1.8203318577742311,0.2080460248843501,-3.998418912554115,2.021011293413197,14.664755924145217,1.5853812692530116,-0.4607271251121168,1787260509.2577908
14.560619354248047,tr2,drive,2.0,0.32,0.292,7152.0,7231.0,10.63,0.144,16.6,1.8190592662473366,0.5329181078786078,-4.267958024015201,2.1079836851166753,14.682987412662262,1.5763319840976684,-0.44244439614354003,1787260509.2665985
14.580423831939697,tr2,drive,2.0,0.32,0.292,7152.0,7261.0,9.92,0.144,16.6,1.848313558189639,0.21312935684690437,-3.3819358302352214,2.005141681959173,14.720059225697703,1.559192490121333,-0.4057026243112455,1787260509.2879202
14.600267887115479,tr2,drive,2.0,0.32,0.292,7152.0,7241.0,10.43,0.143,16.6,1.870770797239787,0.062276069899327435,-3.4384582351182758,1.9773085829894463,14.768538323261776,1.5348043385978682,-0.34779183053369694,1787260509.317492
14.620896100997925,tr2,drive,2.0,0.32,0.292,7152.0,7232.0,10.64,0.143,16.6,1.82958674203642,0.2461679356788835,-4.13478124989652,2.0519359547231186,14.78762650617802,1.5278843357712932,-0.3290152680974045,1787260509.326613
14.6409170627594,hold2,drive,2.0,0.32,0.292,7152.0,7231.0,10.61,0.144,16.6,1.8576721725762866,0.19384542152570283,-3.749298863746418,1.9891031579584113,14.845274493784663,1.509380823448824,-0.2738865488746426,1787260509.3576972
14.66076111793518,hold2,drive,2.0,0.32,0.292,7152.0,7239.0,10.31,0.143,16.6,1.908515513053371,0.24346959172024185,-3.5130958995891035,2.074156882785698,14.864892776627476,1.503869127663804,-0.25517047714391067,1787260509.366664
14.680323600769043,hold2,drive,2.0,0.32,0.292,7152.0,7232.0,10.45,0.145,16.6,1.8589261219755504,-0.06478615634659324,-3.602293716378938,2.0933741569247286,14.904131295739532,1.4940237522925237,-0.21727734161719323,1787260509.3866377
14.700414896011353,hold2,drive,2.0,0.32,0.292,7152.0,7227.0,10.43,0.142,16.6,1.827807750428247,0.11219566610920673,-4.07506918873861,1.997248980397727,14.933123890450096,1.4833600811398908,-0.17746405461210482,1787260509.4066124
14.720570802688599,hold2,drive,2.0,0.32,0.292,7152.0,7218.0,10.78,0.144,16.6,1.7897854000710223,0.3842685406738262,-4.085971322788964,1.9750045471422948,14.99283255252731,1.4737697630627822,-0.12277452111879458,1787260509.4375758
14.740574359893799,hold2,drive,2.0,0.32,0.292,7152.0,7234.0,10.33,0.143,16.6,1.8331155636388294,0.2501694047916132,-3.814429539881246,2.0570291931953704,15.012918280031647,1.4712912817569122,-0.10482459319548501,1787260509.4465768
14.761302947998047,hold2,drive,2.0,0.32,0.292,7152.0,7231.0,10.34,0.144,16.6,1.8062048534557968,0.04782183898276848,-3.891334169957503,2.0685679905779937,15.053260581205054,1.4674080879615605,-0.06830411624347112,1787260509.4666371
14.780860662460327,hold2,drive,2.0,0.32,0.292,7152.0,7233.0,10.21,0.142,16.6,1.7816718134939868,0.2503107246909586,-3.6537319670347017,2.0765020510206913,15.09353552336801,1.4650148822517597,-0.032127554829063695,1787260509.486577
14.80039095878601,hold2,drive,2.0,0.32,0.292,7152.0,7220.0,10.58,0.144,16.6,1.8348134619918095,0.501610030865546,-3.843331743366093,2.112820044372241,15.131156531160514,1.4581261519325228,0.005698616852197756,1787260509.5066116
14.82070803642273,hold2,drive,2.0,0.32,0.292,7152.0,7219.0,10.51,0.143,16.6,1.9002943347682961,-0.05502372690212454,-3.4740195404337726,2.0179928343631435,15.191600127842442,1.4595657079351494,0.060718344271506436,1787260509.5375443
14.840843677520752,hold2,drive,2.0,0.32,0.292,7152.0,7220.0,10.47,0.141,16.6,1.8837463838609254,0.03345270104607301,-3.6805727345530954,2.0844361586369673,15.211807897038462,1.4607942002946965,0.07977785039223378,1787260509.5465844
14.861242055892944,hold2,drive,2.0,0.32,0.292,7152.0,7225.0,10.38,0.144,16.6,1.8643308742498117,0.5566274354654759,-4.190275714223901,2.062306821284171,15.2539256945737,1.4645798208852363,0.11931716575543745,1787260509.5678072
14.88029146194458,hold2,drive,2.0,0.32,0.292,7152.0,7235.0,10.06,0.142,16.6,1.875328930603512,0.14207022505355305,-3.482343929353476,2.1023586514085686,15.29398255844818,1.4697595578078682,0.15668428785643515,1787260509.5875618
14.9004065990448,hold2,drive,2.0,0.32,0.292,7152.0,7208.0,10.65,0.145,16.6,1.8482168854420693,0.05174162979835906,-3.8793587794282303,2.3651535789980738,15.34063189183346,1.4709822636643732,0.19836944040151328,1787260509.606601
14.920356750488281,hold2,drive,2.0,0.32,0.292,7152.0,7212.0,10.56,0.144,16.6,1.7761565400344874,0.2910730920066982,-4.325971468953412,2.099064953517416,15.399588199263448,1.4839860124625246,0.2533876572350611,1787260509.6375508
14.94042682647705,hold2,drive,2.0,0.32,0.292,7152.0,7227.0,10.25,0.142,16.6,1.8486616333441124,0.44989100421116035,-4.012256056626768,2.1429727073886773,15.419166889796877,1.489055984662713,0.27117515458179864,1787260509.6465578
14.960805416107178,hold2,drive,2.0,0.32,0.292,7152.0,7234.0,10.06,0.141,16.6,1.8764435966777644,0.1300751001706093,-3.5403772548257564,2.023642208928393,15.477387673557375,1.506384397161901,0.3266073815581083,1787260509.6777263
14.980359077453613,hold2,drive,2.0,0.32,0.292,7152.0,7213.0,10.49,0.144,16.6,1.8526057749185196,0.1672147700562583,-3.6935301649932057,2.0960403344690577,15.496518464323819,1.5128647344674269,0.34536480103183564,1787260509.686644
15.000478506088257,hold2,drive,2.0,0.32,0.292,7152.0,7209.0,10.52,0.145,16.6,1.844761567085746,0.4263229965236377,-4.302862394624043,1.953408350027542,15.525284099224713,1.5196026267203142,0.3829506456276066,1787260509.706684
15.020499229431152,hold2,drive,2.0,0.32,0.292,7152.0,7221.0,10.25,0.141,16.6,1.9149122928336868,0.29610019933383924,-3.3215095316548116,2.0219138621093156,15.562517632973337,1.5349982723041937,0.4198648522578976,1787260509.7266102
15.04074239730835,hold2,drive,2.0,0.32,0.292,7152.0,7219.0,10.33,0.144,16.6,1.9063731331144567,0.007228026801695542,-3.611837542175124,2.0051887196170726,15.6172532771729,1.5606670453335545,0.47680697974282815,1787260509.7575543
15.060865879058838,hold2,drive,2.0,0.32,0.292,7152.0,7219.0,10.33,0.144,16.6,1.9063731331144567,0.007228026801695542,-3.611837542175124,2.0562000037753005,15.653022580320904,1.5795790070915552,0.5150654416006868,1787260509.7766204
15.08074164390564,hold2,drive,2.0,0.32,0.292,7152.0,7207.0,10.43,0.142,16.6,1.8282442425309111,0.2638661060473062,-3.977045876626221,1.988425149198556,15.671038378830675,1.589761285066085,0.5334842651022833,1787260509.787927
15.10057544708252,hold2,drive,2.0,0.32,0.292,7152.0,7199.0,10.67,0.145,16.6,1.807017916536598,0.3853359499368416,-4.00429624161859,1.887607257186184,15.679500816118159,1.6011894947551557,0.5693781386632889,1787260509.8067784
15.12076997756958,hold2,drive,2.0,0.32,0.292,7152.0,7208.0,10.27,0.142,16.7,1.8817616630585436,0.18689194891945782,-3.757179156618321,1.9819432810871311,15.713111489717418,1.6231152531620914,0.6055235132529089,1787260509.8265867
15.140862226486206,hold2,drive,2.0,0.32,0.292,7152.0,7208.0,10.39,0.143,16.6,1.8347580682411357,-0.1017410542097208,-3.8521592852142135,1.9652752625843277,15.762145337455772,1.6583879030962148,0.6612932735957484,1787260509.8576689
15.160402536392212,hold2,drive,2.0,0.32,0.292,7152.0,7208.0,10.39,0.143,16.6,1.8347580682411357,-0.1017410542097208,-3.8521592852142135,2.0526818062173886,15.778106728597052,1.670808726620152,0.6797551217071668,1787260509.8666313
15.181904792785645,hold2,drive,2.0,0.32,0.292,7152.0,7199.0,10.5,0.143,16.6,1.85928058871664,0.23420003689498614,-3.6637108256940394,1.9717546932666086,15.809211189698395,1.6964056388361681,0.7158699060027471,1787260509.8877292
15.20061206817627,hold2,drive,2.0,0.32,0.292,7152.0,7190.0,10.61,0.144,16.6,1.8430460918695712,0.09646373172332368,-3.8347822366341404,1.998037119291706,15.836788136663623,1.7162024317961184,0.753477173778954,1787260509.9066849
15.221553087234497,hold2,drive,2.0,0.32,0.292,7152.0,7187.0,10.57,0.141,16.6,1.8200711343035123,-0.12285167805143704,-3.7866432775514056,1.9722483960527215,15.879891999277946,1.758150643476056,0.8085886060218554,1787260509.9376307
15.24050784111023,hold2,drive,2.0,0.32,0.292,7152.0,7202.0,10.37,0.142,16.6,1.8517656807526544,0.5934700119656249,-3.9979163443472885,1.990933805381729,15.9074285516669,1.787514834236474,0.8451494777364836,1787260509.95751
15.26057744026184,hold2,drive,2.0,0.32,0.292,7152.0,7191.0,10.47,0.142,16.6,1.8927690404760593,0.06963554942353278,-3.3457614443323394,2.058297745591841,15.920858466596783,1.8026538124772011,0.8637917012260464,1787260509.9666445
15.28055214881897,hold2,drive,2.0,0.32,0.292,7152.0,7178.0,10.69,0.141,16.6,1.7845488264195994,-0.21205842098179772,-3.9251389716158656,1.9747886327486572,15.946664469075802,1.8334355333401584,0.9013876889757367,1787260509.9876857
15.3004150390625,hold2,drive,2.0,0.32,0.292,7152.0,7187.0,10.57,0.143,16.6,1.761199694720384,0.6152420838337704,-4.272544580169182,2.0555672172515607,15.97427485059234,1.8601398499492214,0.9395599458899132,1787260510.0070689
15.321017265319824,hold2,drive,2.0,0.32,0.292,7152.0,7207.0,10.14,0.143,16.7,1.8871005020958256,0.4363645665735305,-3.710290917017147,1.9849276504902593,16.00851585005904,1.9087092369400909,0.9922924907413204,1787260510.0378237
15.34070611000061,hold2,drive,2.0,0.32,0.292,7152.0,7187.0,10.5,0.142,16.6,1.8498588574121577,-0.1689510642734291,-3.599418932680436,1.9949567453854415,16.030165187761515,1.9425544086158755,1.0298314873628154,1787260510.0577197
15.360464811325073,hold2,drive,2.0,0.32,0.292,7152.0,7185.0,10.56,0.142,16.6,1.8285046996855208,0.3634243123341214,-4.057616711073393,2.068895330571988,16.041517226086786,1.9614511065955649,1.0501212704145948,1787260510.0675547
15.380558490753174,hold2,drive,2.0,0.32,0.292,7152.0,7180.0,10.57,0.141,16.6,1.8280338528047948,0.4411832206537447,-3.9950912619839585,2.0618406091861523,16.06027402233708,1.9948337618727525,1.0850480868899273,1787260510.0866802
15.400588035583496,hold2,drive,2.0,0.32,0.292,7152.0,7191.0,10.49,0.145,16.6,1.9285133228368305,0.45449769671490614,-3.4699279511059444,2.117686704903714,16.087220335023257,2.0278690377534656,1.1243172882566301,1787260510.1082623
15.421414613723755,hold2,drive,2.0,0.32,0.292,7152.0,7180.0,10.54,0.144,16.6,1.9186617573324094,-0.0943109055995679,-3.7892841726138045,2.0891408976974044,16.102940441662764,2.0614527271110554,1.159881253542573,1787260510.1265836
15.440848350524902,hold2,drive,2.0,0.32,0.292,7152.0,7193.0,10.34,0.141,16.6,1.8376197679904807,0.19075555164473457,-3.984718008611992,2.078686913315962,16.118629940202116,2.098427463544675,1.1982741040740295,1787260510.1466045
15.460519075393677,hold2,drive,2.0,0.32,0.292,7152.0,7194.0,10.34,0.143,16.6,1.789983006623906,0.3469620972271059,-4.047417997096119,2.0566170774863908,16.1349102449329,2.141407053768458,1.240675068857183,1787260510.1694825
15.480257749557495,hold2,drive,2.0,0.32,0.292,7152.0,7191.0,10.36,0.142,16.6,1.7884417021430228,0.3036989122149336,-3.7807077686887,2.0624070791479943,16.145822363694926,2.1740272048256615,1.2712773651797944,1787260510.1865532
15.50059461593628,hold2,drive,2.0,0.32,0.292,7152.0,7185.0,10.48,0.143,16.6,1.8519985741899818,0.14570912109894874,-3.4369028756881903,1.8801519169794028,16.156152512536387,2.1939447558183836,1.3017461349104238,1787260510.2067378
15.520498275756836,hold2,drive,2.0,0.32,0.292,7152.0,7190.0,10.41,0.142,16.6,1.8082488295924324,-0.06548752075783248,-3.901631701883531,1.981369670684248,16.166465566170906,2.2326858653172432,1.3387152599868894,1787260510.2266319
15.54051399230957,hold2,drive,2.0,0.32,0.292,7152.0,7186.0,10.53,0.142,16.6,1.8069569301476351,0.5325954511960838,-3.718277336857682,1.986964478888439,16.179272154649702,2.2914864684530594,1.3928280625806628,1787260510.257486
15.567978382110596,hold2,drive,2.0,0.32,0.292,7152.0,7187.0,10.37,0.142,16.6,1.9358540600655247,0.2726155875631271,-3.4997309182005836,2.052293057906807,16.182850699803357,2.3113815009784933,1.4110397129710353,1787260510.2666547
15.580530405044556,hold2,drive,2.0,0.32,0.292,7152.0,7158.0,10.86,0.141,16.6,1.8694784983208257,-0.08223066718014227,-3.714266439109309,1.9629642395864622,16.18887008210051,2.351016495445392,1.448895378618087,1787260510.2877533
15.600511312484741,hold2,drive,2.0,0.32,0.292,7152.0,7176.0,10.58,0.143,16.6,1.8477154122088075,0.4754270751361922,-4.075260977420214,2.238330796569779,16.203386441974544,2.392243084681278,1.4871843183053908,1787260510.3066635
15.620727062225342,hold2,drive,2.0,0.32,0.292,7152.0,7192.0,10.16,0.144,16.6,1.8759583687271522,0.24785156840783173,-3.986303773564771,2.1527015855385523,16.206372219207065,2.4323341784790578,1.524313144511621,1787260510.326603
15.640952825546265,hold2,drive,2.0,0.32,0.292,7152.0,7180.0,10.5,0.141,16.6,1.8651640441968431,0.11006082931062622,-3.7163068250985134,2.1396380644307893,16.20787366921517,2.472460118738378,1.5616381490509526,1787260510.3465922
15.660766124725342,hold2,drive,2.0,0.32,0.292,7152.0,7177.0,10.56,0.141,16.6,1.7572968321428732,0.05830013210665985,-3.9917188802121473,2.0825961642481956,16.207865539597087,2.512730207033953,1.5991028895990427,1787260510.3669088
15.6815505027771,hold2,drive,2.0,0.32,0.292,7152.0,7168.0,10.65,0.144,16.6,1.7690493620333927,0.5756177309130699,-4.003503943863791,1.9789187478357193,16.212122625933773,2.57008479093063,1.6534221277477212,1787260510.3980925
15.7004714012146,hold2,drive,2.0,0.32,0.292,7152.0,7178.0,10.37,0.143,16.6,1.8821396987752808,0.3265383568009952,-3.571299671404944,2.095322317645845,16.21045004695462,2.590281521024409,1.6713105367038505,1787260510.4066546
15.721053838729858,hold2,drive,2.0,0.32,0.292,7152.0,7161.0,10.69,0.142,16.6,1.8330351361739092,-0.4636097421617862,-3.4360211155300817,2.08694093851554,16.206058870832226,2.630211117145696,1.708428737490063,1787260510.4266622
15.740278244018555,hold2,drive,2.0,0.32,0.292,7152.0,7164.0,10.79,0.142,16.6,1.800160010413535,0.5091670092431357,-3.925225802772019,2.0571499544672585,16.196715018879168,2.689547895494598,1.763639741520788,1787260510.456621
15.760462522506714,hold2,drive,2.0,0.32,0.292,7152.0,7172.0,10.51,0.142,16.6,1.884392599899433,0.4421093100174147,-3.825032881198979,1.9059429866011541,16.192871907240995,2.7092366485786075,1.781507227153734,1787260510.469537
15.780444622039795,hold2,drive,2.0,0.32,0.292,7152.0,7160.0,10.6,0.142,16.6,1.9268268760765377,0.2171615238431226,-3.65733619091705,2.0291388201763674,16.18412615823924,2.7483810213001796,1.8187260246102757,1787260510.488153
15.80078387260437,hold2,drive,2.0,0.32,0.292,7152.0,7176.0,10.38,0.142,16.6,1.9189794724504556,0.0458972644135347,-3.7709268382876644,2.047151450901236,16.17591065251247,2.8006965658519376,1.8756352493967576,1787260510.5165572
15.821518659591675,hold2,drive,2.0,0.32,0.292,7152.0,7169.0,10.61,0.141,16.6,1.8089136877585708,0.3774291618678802,-4.217966959295325,1.992427428507039,16.16345734549285,2.8390466032007837,1.9135512661162266,1787260510.5376968
15.840916872024536,hold2,drive,2.0,0.32,0.292,7152.0,7173.0,10.62,0.143,16.6,1.8163781288198995,0.439722586121281,-3.89004573593337,1.9896943316736186,16.14966081369366,2.8766484863694117,1.9497245053438441,1787260510.5576985
15.862324953079224,hold2,drive,2.0,0.32,0.292,7152.0,7182.0,10.24,0.142,16.6,1.8414311509845473,0.09384880195404222,-3.316262532464634,2.069472887364423,16.1422133297179,2.895352747583795,1.9679788545023755,1787260510.566624
15.880417346954346,hold2,drive,2.0,0.32,0.292,7152.0,7166.0,10.63,0.141,16.6,1.815360268651271,0.07171417985924977,-3.4315056030493167,2.0670846454384995,16.126339312595828,2.93226286590256,2.0048263959045522,1787260510.586704
15.900509119033813,hold2,drive,2.0,0.32,0.292,7152.0,7174.0,10.45,0.143,16.6,1.7638671168682076,0.14392588470161005,-3.7353906760005486,1.915205698708116,16.114444770820107,2.9573783428231666,2.042000701643765,1787260510.6068954
15.924129486083984,hold2,drive,2.0,0.32,0.292,7152.0,7174.0,10.42,0.144,16.6,1.7826208309484366,0.4704415926772576,-3.919430627090975,1.9449874569563992,16.086424620716645,3.0101243837069163,2.0946781201578877,1787260510.6375813
15.940981388092041,hold2,drive,2.0,0.32,0.292,7152.0,7194.0,10.2,0.142,16.6,1.8999690296411431,0.29195744686686353,-3.4720469821490383,1.9631923423873827,16.066031410955272,3.044738443095549,2.130904168139909,1787260510.657706
15.964364767074585,hold2,drive,2.0,0.32,0.292,7152.0,7171.0,10.44,0.14,16.6,1.8645318097540582,-0.1927600138012373,-3.578030693991195,2.031027680769343,16.04437517260392,3.07855303645041,2.1689757281888493,1787260510.6767352
15.980380296707153,hold2,drive,2.0,0.32,0.292,7152.0,7162.0,10.75,0.144,16.6,1.8141838172397287,0.5145874514750233,-4.247509725282299,2.031934413971184,16.032857296788553,3.0954546161852337,2.188366663614352,1787260510.6867905
16.000732898712158,hold2,drive,2.0,0.32,0.292,7152.0,7174.0,10.28,0.141,16.6,1.9047135842811738,0.39428292116977204,-3.783002508569666,1.7416887805509977,16.014537010356154,3.1216350640078416,2.2240068486385596,1787260510.708484
16.020775079727173,hold2,drive,2.0,0.32,0.292,7152.0,7166.0,10.56,0.143,16.6,1.8576275646280278,-0.03486640025057497,-3.850706252062423,1.9355182069505588,15.977111792750893,3.1687079622832193,2.2804416145002824,1787260510.7376335
16.040696620941162,hold2,drive,2.0,0.32,0.292,7152.0,7169.0,10.6,0.143,16.6,1.7847593493037701,0.16564000517839617,-3.9337913893477037,1.9622796101157511,15.950732740226023,3.198855559688076,2.3172073305696856,1787260510.7576244
16.060548782348633,hold2,drive,2.0,0.32,0.292,7152.0,7166.0,10.57,0.142,16.6,1.7867619132854553,0.1714409367125942,-3.5695180247194287,2.0380911283954837,15.937072639196455,3.2136245938657986,2.3351353525523746,1787260510.766707
16.080321550369263,hold2,drive,2.0,0.32,0.292,7152.0,7158.0,10.59,0.141,16.6,1.8457317566708618,0.29062362382928697,-3.9668228967029506,2.0339843823137436,15.909118881700824,3.2422685081548672,2.370815011293329,1787260510.7869012
16.100441455841064,hold2,drive,2.0,0.32,0.292,7152.0,7172.0,10.4,0.142,16.6,1.822325100692101,0.09047978233137499,-3.508236570813267,2.0306648180592006,15.884710954796846,3.2661770557189134,2.408582554374592,1787260510.806613
16.120910167694092,hold2,drive,2.0,0.32,0.292,7152.0,7163.0,10.53,0.141,16.6,1.811003203949847,0.27417588058163034,-3.7182174028946804,1.9781456451472808,15.83937031783355,3.3055416647801765,2.463229169124346,1787260510.837585
16.141265153884888,hold2,drive,2.0,0.32,0.292,7152.0,7169.0,10.57,0.142,16.6,1.8871413816185585,0.4208301584498564,-3.7451856397197503,1.9803960316769889,15.80792054297327,3.3304283488990594,2.499856494573749,1787260510.85765
16.160577535629272,hold2,drive,2.0,0.32,0.292,7152.0,7160.0,10.61,0.141,16.6,1.9536129503205546,0.1418038112789919,-3.584093087438987,2.058600874008562,15.791811266267645,3.3424659400100634,2.5188101650645165,1787260510.8666234
16.180614471435547,hold2,drive,2.0,0.32,0.292,7152.0,7160.0,10.65,0.143,16.6,1.886474126607439,0.05126325444732949,-3.9299632170962866,2.0783247752727387,15.758876996787643,3.3656387218610098,2.557745296896666,1787260510.8867342
16.20041537284851,hold2,drive,2.0,0.32,0.292,7152.0,7154.0,10.61,0.142,16.6,1.793193580476051,-0.03972677056174412,-3.672393648948571,1.898291486827893,15.728300199524455,3.3895320199694754,2.5957252648275193,1787260510.9091942
16.2209050655365,hold2,drive,2.0,0.32,0.292,7152.0,7169.0,10.38,0.145,16.6,1.78787604672749,0.5797477656854575,-4.19635389515463,2.1006115218262584,15.693947399821626,3.4099678734281897,2.632017905015735,1787260510.9265845
16.240602731704712,hold2,drive,2.0,0.32,0.292,7152.0,7184.0,10.07,0.141,16.6,1.8485553732166184,-0.01594850978114959,-3.160300327416792,2.011540051306004,15.640899542627176,3.4383965656402347,2.6859497774129717,1787260510.9575953
16.2609441280365,hold2,drive,2.0,0.32,0.292,7152.0,7178.0,10.49,0.142,16.6,1.7927849184067786,-0.025413809295018908,-4.031658580795494,2.0790111471928743,15.622819168793983,3.447256559205591,2.7045240104961197,1787260510.9665983
16.280417442321777,hold2,drive,2.0,0.32,0.292,7152.0,7161.0,10.65,0.143,16.6,1.7516639801212466,0.25709565129881184,-4.09136245585114,2.0955639749479325,15.58633536686962,3.4639060161573627,2.740625323585359,1787260510.9866657
16.300498485565186,hold2,drive,2.0,0.32,0.292,7152.0,7177.0,10.24,0.142,16.6,1.8220179050603602,0.48771755751241486,-3.6111057631049164,2.3054142846280143,15.548410019586463,3.4848815623209144,2.7773780574155986,1787260511.0066154
16.320571660995483,hold2,drive,2.0,0.32,0.292,7152.0,7168.0,10.4,0.143,16.6,1.9024574873637132,0.1850669780186145,-3.6448322120701846,2.178067406904587,15.510748403117296,3.4988355348043956,2.8141942154075497,1787260511.0266461
16.340570211410522,hold2,drive,2.0,0.32,0.292,7152.0,7163.0,10.59,0.142,16.6,1.8532748941424024,-0.12202347473648611,-3.684765480716038,2.0442924499606483,15.453579134112694,3.5170373918960602,2.870924135372206,1787260511.0576065
16.361353158950806,hold2,drive,2.0,0.32,0.292,7152.0,7154.0,10.8,0.142,16.6,1.8434468976136285,0.2966620436918781,-4.1692146272644095,2.0938203369597073,15.434131694924055,3.5224336282830047,2.889582327564383,1787260511.0667412
16.380343198776245,hold2,drive,2.0,0.32,0.292,7152.0,7159.0,10.5,0.141,16.6,1.8966882814942743,0.4207322541285876,-4.019337035084789,2.0953033647511976,15.395398345657833,3.5320194997759895,2.9263959686712715,1787260511.0866036
16.400376081466675,hold2,drive,2.0,0.32,0.292,7152.0,7175.0,10.24,0.142,16.6,1.8545129977331802,0.12367068113761626,-3.680755752410846,2.136917576900202,15.359511439035186,3.5458190360227864,2.963035490241046,1787260511.1066823
16.421131372451782,hold2,drive,2.0,0.32,0.292,7152.0,7163.0,10.46,0.143,16.6,1.770185067080257,-0.027746108401884406,-3.9629374217356883,2.0991544162365168,15.32000205575095,3.552575891676927,3.000300902310134,1787260511.1265967
16.441311836242676,hold2,drive,2.0,0.32,0.292,7152.0,7161.0,10.6,0.143,16.6,1.7963679353373712,0.24809075608334652,-3.5514548053531882,2.0243937231158506,15.26043060341703,3.5599749470577904,3.053625665045556,1787260511.1578264
16.462204933166504,hold2,drive,2.0,0.32,0.292,7152.0,7156.0,10.63,0.141,16.6,1.866992703759346,0.1706561489757199,-3.923760198106038,2.102188127878921,15.240408353188617,3.5617408013049348,3.0716537361266782,1787260511.166628
16.48355507850647,hold2,drive,2.0,0.32,0.292,7152.0,7157.0,10.68,0.142,16.6,1.8154900977544126,0.040166983692734526,-3.8297200094664845,2.0993937917101366,15.200475175724842,3.5641680074227127,3.1086295802539357,1787260511.1866205
16.50199818611145,hold2,drive,2.0,0.32,0.292,7152.0,7155.0,10.44,0.141,16.6,1.822851208165446,0.2184681025091031,-3.4617438953679027,3.250492237335047,15.12720433209131,3.575055264069441,-3.1234072525994314,1787260511.20791
16.520514965057373,hold2,drive,2.0,0.32,0.292,7152.0,7150.0,10.66,0.143,16.6,1.8898001484928388,0.5455456457065146,-3.9426361804827366,2.6963175704219857,15.087081967390587,3.573938371892609,-3.08690149886965,1787260511.2266433
16.540452241897583,hold2,drive,2.0,0.32,0.292,7152.0,7156.0,10.59,0.142,16.6,1.9601661908149128,0.09772688567495269,-3.410775176149116,2.2167558747036953,15.02735400905997,3.5695218736630805,-3.030264000366199,1787260511.2579098
16.560532569885254,hold2,drive,2.0,0.32,0.292,7152.0,7155.0,10.69,0.141,16.6,1.8804884057413769,-0.17305211878199955,-3.964400687515308,2.240639101486569,15.006842258945042,3.567228847000505,-3.0100888366483365,1787260511.2668977
16.580443859100342,hold2,drive,2.0,0.32,0.292,7152.0,7146.0,10.71,0.141,16.6,1.8171973171712077,0.3112993061706,-4.000005846950074,2.1552239472293815,14.967001389611772,3.561559572335904,-2.9719089327433057,1787260511.2869778
16.600476264953613,hold2,drive,2.0,0.32,0.292,7152.0,7176.0,10.15,0.143,16.6,1.8458101867649646,0.528773564701762,-3.911153015898492,1.834186921168242,14.948434359378512,3.557985634084458,-2.940588610052164,1787260511.306559
16.62091588973999,hold2,drive,2.0,0.32,0.292,7152.0,7160.0,10.42,0.142,16.6,1.83998225819349,-0.21418052181324043,-3.4864401964540264,1.9147511018261416,14.889755165953067,3.5449346854883865,-2.8854221722126723,1787260511.3376
16.641029119491577,hold2,drive,2.0,0.32,0.292,7152.0,7154.0,10.69,0.143,16.6,1.7746469271705756,-0.024177881442436266,-3.6385938174237253,1.9531458094649248,14.851147937619151,3.5344457891041423,-2.8489433667220383,1787260511.357539
16.662185668945312,hold2,drive,2.0,0.32,0.292,7152.0,7152.0,10.72,0.141,16.6,1.7911437453850172,0.4758637890739159,-4.34669546391612,2.031207572871834,14.83171230885045,3.5285898286656763,-2.830919756396753,1787260511.36671
16.681095600128174,hold2,drive,2.0,0.32,0.292,7152.0,7166.0,10.43,0.142,16.6,1.8607202936019367,0.42486057128130383,-3.527613074871226,1.9863346862748763,14.775182040107119,3.5093357336284074,-2.777220856529505,1787260511.3976362
16.700611352920532,hold2,drive,2.0,0.32,0.292,7152.0,7160.0,10.41,0.141,16.6,1.9119376750541228,0.0655761791689553,-3.3408038823293396,1.7856390912004727,14.788530588297432,3.510852826230044,-2.7660736142822504,1787260511.4078343
16.72083330154419,hold2,drive,2.0,0.32,0.292,7152.0,7139.0,10.89,0.144,16.6,1.8129035025456732,0.02269352914046774,-4.0161441628411865,1.924160264390486,14.7332065688309,3.4878671001000723,-2.7095552397959204,1787260511.4375668
16.74068546295166,hold2,drive,2.0,0.32,0.292,7152.0,7139.0,10.81,0.142,16.6,1.8599972453659803,0.4690081476987409,-3.9558836328316147,2.0102890141604206,14.715044249897089,3.4794926494872755,-2.691333426256989,1787260511.4466114
16.761720418930054,hold2,drive,2.0,0.32,0.292,7152.0,7145.0,10.79,0.142,16.6,1.8781452234562708,0.21511183712612336,-3.827652141562538,2.037596717773783,14.679241551172066,3.461790623876752,-2.6543404701575555,1787260511.4666376
16.780483722686768,hold2,drive,2.0,0.32,0.292,7152.0,7159.0,10.43,0.143,16.6,1.8362158826218453,-0.011059168342438142,-3.757533205541222,2.0350951104659214,14.626866496589148,3.4327840197679946,-2.5980881783123615,1787260511.4966304
16.800551176071167,hold2,drive,2.0,0.32,0.292,7152.0,7160.0,10.4,0.14,16.6,1.7944641746321277,0.032243981019987045,-3.573273691493654,1.6666507928484706,14.636833930975154,3.4315370528633258,-2.580685307587933,1787260511.5090787
16.820526361465454,hold2,drive,2.0,0.32,0.292,7152.0,7143.0,10.82,0.142,16.6,1.8152341679736559,0.4178381746176072,-3.8693141395899886,1.9293258626313172,14.586618906893325,3.3987689206402933,-2.526594353137748,1787260511.537651
16.840718030929565,hold2,drive,2.0,0.32,0.292,7152.0,7142.0,10.76,0.145,16.6,1.8723266159486112,0.06577366888606484,-3.6543055789147445,1.9527254453009508,14.554223317287198,3.3754552062677505,-2.489997852064351,1787260511.5576994
16.86046028137207,hold2,drive,2.0,0.32,0.292,7152.0,7152.0,10.57,0.143,16.6,1.8009500371509068,-0.22422209186313324,-3.839510587773759,2.0349638562873174,14.53718633154287,3.362460689881126,-2.4698518004907237,1787260511.5673215
16.880467414855957,hold2,drive,2.0,0.32,0.292,7152.0,7157.0,10.52,0.14,16.6,1.818957400335641,0.47003385900335104,-3.68371502837914,2.051868091575248,14.50719776557341,3.338201936924442,-2.434829489238952,1787260511.5866652
16.90102243423462,hold2,drive,2.0,0.32,0.292,7152.0,7153.0,10.58,0.141,16.6,1.8976851026902912,0.48878496677543026,-3.6204411356541755,1.809698521357879,14.49228553537234,3.3215283188021694,-2.398374351273151,1787260511.606639
16.920562267303467,hold2,drive,2.0,0.32,0.292,7152.0,7140.0,10.83,0.142,16.6,1.9021794533459089,0.08782489049590936,-3.7041381840836607,1.9333228164711338,14.46310429140098,3.2942358837405816,-2.3608300377192983,1787260511.626598
16.940827131271362,hold2,drive,2.0,0.32,0.292,7152.0,7142.0,10.7,0.142,16.6,1.8312883688149262,-0.10741515597648199,-3.6379085237199433,1.9446923780385936,14.421384644028358,3.2513288715539743,-2.304209522350042,1787260511.6575234
16.96444582939148,hold2,drive,2.0,0.32,0.292,7152.0,7157.0,10.59,0.145,16.6,1.80921995128393,0.6133608882975139,-4.485932292596232,2.0120224347748823,14.394581890653706,3.221022178633212,-2.267033874146245,1787260511.67689
16.980385780334473,hold2,drive,2.0,0.32,0.292,7152.0,7178.0,10.12,0.142,16.6,1.920162714922778,0.3912619936188051,-3.7229214880883035,1.9643081854935762,14.378904618520664,3.2022960192562637,-2.2451174927702406,1787260511.69007
17.00037455558777,hold2,drive,2.0,0.32,0.292,7152.0,7164.0,10.44,0.138,16.6,1.8598491736093719,-0.2837372845706234,-3.4704457220741176,1.7204152326874738,14.356474449059048,3.1863595058951755,-2.2167813398872753,1787260511.7093678
17.02052617073059,hold2,drive,2.0,0.32,0.292,7152.0,7141.0,10.96,0.143,16.6,1.7326523388894433,0.26175851362032176,-3.86995265556655,2.0178901333689065,14.33271378338696,3.1542407206291814,-2.1793734834847887,1787260511.7266016
17.040538787841797,hold2,drive,2.0,0.32,0.292,7152.0,7151.0,10.63,0.144,16.6,1.7910722395097487,0.533902048134614,-4.183707828961332,2.0299978374555643,14.299347756919477,3.104509614550701,-2.1265203690725283,1787260511.7576816
17.060471296310425,hold2,drive,2.0,0.32,0.292,7152.0,7161.0,10.42,0.143,16.6,1.8631798560266795,0.10000299669150436,-3.0819376940552274,2.080972888539118,14.2868321254189,3.0843559020542024,-2.1052440570543585,1787260511.7684655
17.080463886260986,hold2,drive,2.0,0.32,0.292,7152.0,7156.0,10.55,0.14,16.6,1.8548990229331872,-0.34499056220515456,-3.2494715393742695,2.1292395685520202,14.268560000963955,3.052913210107902,-2.071599497104773,1787260511.7866263
17.10045289993286,hold2,drive,2.0,0.32,0.292,7152.0,7148.0,10.74,0.141,16.6,1.784518333225118,0.12546843507568806,-4.039595299300856,2.262215416526817,14.239487459599111,3.018454432761246,-2.0335856260740197,1787260511.8065977
17.121685028076172,hold2,drive,2.0,0.32,0.292,7152.0,7146.0,10.72,0.142,16.6,1.82424737036692,0.6278841300661355,-3.9147870605819435,2.039439236495323,14.213739030154619,2.964416618902916,-1.9795815891469375,1787260511.8378334
17.140810251235962,hold2,drive,2.0,0.32,0.292,7152.0,7153.0,10.55,0.144,16.6,1.8376334832700942,0.03054585130692411,-3.6967063726714855,2.1137043134503064,14.205721009003147,2.9459072751333366,-1.9611786894922878,1787260511.8466535
17.161656141281128,hold2,drive,2.0,0.32,0.292,7152.0,7169.0,10.28,0.145,16.6,1.7697376560171239,-0.08100919291436881,-3.8661695068775828,1.9784903840101358,14.18392225088841,2.8901133118609748,-1.9066488704033924,1787260511.877771
17.18029522895813,hold2,drive,2.0,0.32,0.292,7152.0,7174.0,10.34,0.141,16.6,1.7604393622291667,0.12947162180808913,-3.6278337707198034,2.0474475052171646,14.170926806376041,2.8517865715418225,-1.8708555179625448,1787260511.8967881
17.20048713684082,hold2,drive,2.0,0.32,0.292,7152.0,7152.0,10.73,0.14,16.6,1.8066974050994071,0.3632975008392343,-4.027807896762852,1.8746526800767054,14.160126595973631,2.83720239559369,-1.8533532984955068,1787260511.9091213
17.220926523208618,hold2,drive,2.0,0.32,0.292,7152.0,7138.0,10.89,0.143,16.6,1.8488959915200396,0.1540253878703126,-3.880070385603574,2.082327374083084,14.149322478314987,2.7987081091070896,-1.8174675904596145,1787260511.926603
17.240901947021484,hold2,drive,2.0,0.32,0.292,7152.0,7153.0,10.44,0.141,16.6,1.8112387605482645,-0.04798684924279417,-3.550145028991011,1.9891746319797838,14.13578643860596,2.7404396461524683,-1.7625015180299313,1787260511.9576287
17.260336875915527,hold2,drive,2.0,0.32,0.292,7152.0,7159.0,10.55,0.145,16.6,1.8432076125896846,0.691681640975176,-4.07360650768058,2.037256874212285,14.12850461910495,2.701015338803964,-1.72618345843715,1787260511.9766898
17.28023910522461,hold2,drive,2.0,0.32,0.292,7152.0,7178.0,10.16,0.144,16.6,1.9398685090927104,0.150484377873636,-3.656149498449622,1.9666246872592703,14.125405498893409,2.6812401272413404,-1.7076058017923148,1787260511.987799
17.300467252731323,hold2,drive,2.0,0.32,0.292,7152.0,7154.0,10.64,0.14,16.6,1.891296978183518,-0.2897901762925734,-3.5112505182502503,1.8888340535029569,14.118607595826543,2.6680198356872293,-1.6790191043765725,1787260512.0067694
17.320379972457886,hold2,drive,2.0,0.32,0.292,7152.0,7146.0,10.82,0.141,16.6,1.7938967881618866,0.1883398840298831,-4.114601923095137,1.9270670526391052,14.113205745199183,2.60835815284413,-1.623628151054476,1787260512.0376174
17.34107756614685,hold2,drive,2.0,0.32,0.292,7152.0,7169.0,10.3,0.145,16.6,1.7876641922627743,0.5043483186178221,-4.172118062320834,1.9557409391733735,14.111431382026804,2.568336576173031,-1.5877645049380769,1787260512.0576613
17.361570119857788,hold2,drive,2.0,0.32,0.292,7152.0,7186.0,9.99,0.143,16.6,1.891717624477696,0.13482310343742565,-3.1774431949999666,2.039247895151724,14.111091348648467,2.54829902465684,-1.5698075357998975,1787260512.0666316
17.38046884536743,hold2,drive,2.0,0.32,0.292,7152.0,7154.0,10.7,0.14,16.6,1.7878291750923045,-0.7841142837827135,-3.197913713153298,2.0394622228196475,14.111475951443603,2.50814686871568,-1.5325002785028246,1787260512.0868573
17.400434255599976,hold2,drive,2.0,0.32,0.292,7152.0,7129.0,11.18,0.141,16.6,1.701366188193465,0.3931321525350455,-4.230934037641674,2.2358860908156,14.105322566025476,2.462428016903199,-1.492659004560363,1787260512.106729
17.420945405960083,hold2,drive,2.0,0.32,0.292,7152.0,7142.0,10.69,0.144,16.6,1.8520285347522452,0.6421408118797984,-4.235744834525519,2.0511053861101374,14.111029034742936,2.4029508881012633,-1.4405106371808987,1787260512.1375804
17.44094705581665,hold2,drive,2.0,0.32,0.292,7152.0,7169.0,10.1,0.141,16.6,1.8943553523793653,-0.016383469554102525,-3.084857208955384,2.015150276522492,14.116596280154742,2.363250475726687,-1.4032359604191602,1787260512.1576564
17.460545301437378,hold2,drive,2.0,0.32,0.292,7152.0,7149.0,10.69,0.144,16.6,1.8366063020376509,-0.0914023542292286,-3.5955200091165977,2.08185933776724,14.119951867906686,2.3434121062807955,-1.3841791606701925,1787260512.1666486
17.48087167739868,hold2,drive,2.0,0.32,0.292,7152.0,7145.0,10.74,0.142,16.6,1.8051084300350113,0.18404130325910373,-4.132551706472867,2.049188439493637,14.132141981376892,2.284844388642066,-1.3290407461695106,1787260512.197517
17.501280307769775,hold2,drive,2.0,0.32,0.292,7152.0,7129.0,11.01,0.142,16.6,1.8536149798136055,0.4998684741540629,-3.9203711517689044,1.783160077053624,14.12707203058868,2.2740220810444924,-1.3139371615726068,1787260512.207798
17.52044153213501,hold2,drive,2.0,0.32,0.292,7152.0,7150.0,10.49,0.141,16.6,1.8492038529420527,0.11694192434752715,-3.583203725900205,1.9159936434239633,14.143326540307148,2.216426014848545,-1.2586337932623395,1787260512.2378063
17.540406465530396,hold2,drive,2.0,0.32,0.292,7152.0,7153.0,10.51,0.143,16.6,1.790698997482974,-0.05071240102793251,-3.515044191927842,2.020963477065718,14.14946669782365,2.1973993681075457,-1.240097479024505,1787260512.2466297
17.560367584228516,hold2,drive,2.0,0.32,0.292,7152.0,7159.0,10.53,0.145,16.6,1.7925590823463398,0.3484228048497684,-4.238684229959745,2.039964379312793,14.162781069628156,2.159706676354212,-1.2040107511511913,1787260512.2665973
17.580592393875122,hold2,drive,2.0,0.32,0.292,7152.0,7148.0,10.59,0.141,16.6,1.7958277131102487,-0.033195503488764544,-3.8444354053677046,1.8765342461468153,14.177463647044743,2.1224036603377137,-1.1681049645378918,1787260512.2890773
17.60066866874695,hold2,drive,2.0,0.32,0.292,7152.0,7156.0,10.63,0.142,16.6,1.832230595208596,0.28942940307138443,-3.769607998740838,2.0592314228058166,14.18823625918749,2.085321191676389,-1.1294473204412037,1787260512.3069513
17.62043571472168,hold2,drive,2.0,0.32,0.292,7152.0,7163.0,10.43,0.142,16.6,1.7974654240225927,-0.055585516442514304,-3.5364183972989167,2.0752619115590147,14.205643400252455,2.049304988100593,-1.092992655027227,1787260512.326618
17.64087152481079,tr3,drive,2.4,0.32,0.292,8582.4,7163.0,10.38,0.142,16.6,1.7980574447329174,0.4660868420887141,-3.6547815422892143,1.9863027272775944,14.234180138910627,1.996518154299455,-1.038977896454406,1787260512.3578036
17.661765336990356,tr3,drive,2.4,0.32,0.292,8582.4,7192.0,11.41,0.159,16.6,1.8926254960933042,0.4249457213628851,-3.6207995699890034,2.072774536156349,14.244364125728948,1.9792091143690935,-1.0209220499580132,1787260512.366633
17.680410623550415,tr3,drive,2.4,0.32,0.292,8582.4,7297.0,20.0,0.16,16.6,1.835654088789893,-1.9111695344163309,-3.3260498948031625,2.094545779460954,14.265748845967416,1.9449969953232755,-0.9834042250261406,1787260512.3867319
17.70092010498047,tr3,drive,2.4,0.32,0.292,8582.4,7391.0,25.74,0.171,16.6,1.7157784170646468,-1.3741167870828122,-4.406976166820556,2.0505098190315496,14.294843418104804,1.8978898971256346,-0.9271801417352272,1787260512.4167047
17.720559120178223,tr3,drive,2.4,0.32,0.292,8582.4,7618.0,25.58,0.169,16.6,1.7879813747486026,-1.5674339309242669,-3.963390873328933,2.0172897192401495,14.307373513999266,1.880998810269374,-0.9107020796489803,1787260512.4275467
17.74047327041626,tr3,drive,2.4,0.32,0.292,8582.4,7733.0,20.09,0.162,16.6,1.8294029839212045,-1.3682051056249094,-3.501804048598842,2.099081891349667,14.347646311585644,1.8304413899566223,-0.857221950691632,1787260512.4575448
17.76068687438965,tr3,drive,2.4,0.32,0.292,8582.4,7712.0,21.93,0.162,16.6,1.7616572257956598,-1.3851586695932383,-4.172998653035762,2.1611776426764058,14.361279357276894,1.8146945322741348,-0.8389047864648013,1787260512.4665768
17.78051996231079,tr3,drive,2.4,0.32,0.292,8582.4,7787.0,20.81,0.167,16.6,1.7865850793890738,-1.0079911706369984,-4.43265012240559,2.202769976431761,14.393159777274343,1.7796688805626,-0.8000245391209111,1787260512.4887455
17.80043077468872,tr3,drive,2.4,0.32,0.292,8582.4,7894.0,19.13,0.167,16.6,1.854172645745868,-1.016869290902676,-3.486659174689578,2.8420931506290996,14.43375983769527,1.7281607484152772,-0.7528406036434062,1787260512.5066845
17.820698976516724,tr3,drive,2.4,0.32,0.292,8582.4,7939.0,19.14,0.167,16.6,1.862758011310011,-1.2104673934682495,-3.9149227159908833,2.541215639791842,14.466056440251608,1.6982605290133244,-0.7155608622351416,1787260512.5265863
17.840622186660767,tr3,drive,2.4,0.32,0.292,8582.4,7948.0,19.25,0.166,16.6,1.8208936516061833,-1.0241308021516886,-4.497920254639695,2.29698648793019,14.517168072068966,1.655171183467012,-0.659958306478099,1787260512.5576499
17.861640453338623,tr3,drive,2.4,0.32,0.292,8582.4,8045.0,18.33,0.172,16.6,1.882021454422881,-0.4393368160521085,-4.58405646918294,2.259855079183687,14.552756223176145,1.6279287277186736,-0.6231712590365678,1787260512.5776706
17.880265474319458,tr3,drive,2.4,0.32,0.292,8582.4,8184.0,16.07,0.17,16.6,1.8974890940340612,-0.5281375337919592,-4.297643462070198,2.3196540959288745,14.570628318117354,1.6150839203217136,-0.6043400132483165,1787260512.5866203
17.90039873123169,tr3,drive,2.4,0.32,0.292,8582.4,8217.0,16.11,0.162,16.6,1.8329248813047798,-0.9583686997895811,-4.168106287490076,2.2016026282212495,14.597801285516695,1.5946788539620815,-0.5694191814966661,1787260512.6065686
17.920756101608276,tr3,drive,2.4,0.32,0.292,8582.4,8206.0,17.41,0.167,16.6,1.8155558778333374,-0.29646097255502823,-4.725752636871675,2.2277249935539722,14.65647748660651,1.558381182956189,-0.5142596808726657,1787260512.637528
17.940430641174316,tr3,drive,2.4,0.32,0.292,8582.4,8272.0,16.0,0.17,16.6,1.9506403299118082,-0.04799955780110743,-4.516235781372131,2.3090902183231186,14.676158718138826,1.5472619845324551,-0.4960420037939568,1787260512.6465738
17.961323976516724,tr3,drive,2.4,0.32,0.292,8582.4,8321.0,15.33,0.169,16.6,1.920769915651316,-0.8924218984951509,-4.006599459962615,2.3343867929892896,14.716960229666261,1.5255565434310505,-0.45765482523501877,1787260512.6666121
17.980429887771606,tr3,drive,2.4,0.32,0.292,8582.4,8361.0,15.13,0.169,16.6,1.9144679444058068,-0.002181089189997376,-4.497553341841808,3.4633489746027464,14.811433881299042,1.4719801216956325,-0.3793006378575173,1787260512.6976726
18.000400066375732,tr3,drive,2.4,0.32,0.292,8582.4,8373.0,15.02,0.167,16.6,1.9507990543127771,-0.29025232561947334,-4.281053156389817,3.201745467997781,14.832945193005528,1.4634056694820081,-0.36007746671393964,1787260512.706609
18.020721912384033,tr3,drive,2.4,0.32,0.292,8582.4,8419.0,14.8,0.17,16.6,1.9162725023604446,-0.188263906768249,-5.051928466286711,2.5982739673221467,14.899258645573912,1.4397526685423865,-0.30199300783304717,1787260512.7376232
18.04075288772583,tr3,drive,2.4,0.32,0.292,8582.4,8476.0,13.68,0.17,16.6,1.8430558124075502,-0.18619976646444059,-4.614465500205881,2.462534040614149,14.944454007168932,1.4260674110227542,-0.26402209884999994,1787260512.7577407
18.060776948928833,tr3,drive,2.4,0.32,0.292,8582.4,8509.0,13.5,0.169,16.6,1.8958163625533826,0.003998618594977188,-4.32848635651311,2.382537933679461,14.990326495778822,1.4140447297910959,-0.22688256073005036,1787260512.7781909
18.080273151397705,tr3,drive,2.4,0.32,0.292,8582.4,8456.0,14.63,0.168,16.6,1.8909984378253202,-0.6628256304959592,-4.584074595552238,2.5086033258457627,15.013162664705924,1.4087728311330816,-0.20795842016042834,1787260512.786553
18.101346731185913,tr3,drive,2.4,0.32,0.292,8582.4,8523.0,13.64,0.174,16.6,1.8967189078468105,0.1163402092860526,-5.083317490694924,2.183867246183742,15.039013813043805,1.4040524513644037,-0.17515865932103902,1787260512.8065965
18.120722770690918,tr3,drive,2.4,0.32,0.292,8582.4,8558.0,12.77,0.169,16.6,1.9156368058082427,-0.1963826929587782,-4.395360087708497,2.2807235467634293,15.109762368316224,1.3927883908436909,-0.11825111035285318,1787260512.837524
18.140437602996826,tr3,drive,2.4,0.32,0.292,8582.4,8576.0,12.89,0.168,16.6,1.972443363440178,0.20020819741793972,-4.5392925231191725,2.3796950547039617,15.133306724302086,1.3899911943995222,-0.09903441217788285,1787260512.846606
18.16044855117798,tr3,drive,2.4,0.32,0.292,8582.4,8531.0,13.8,0.169,16.6,1.886422061808128,-0.31921526705950853,-4.755316160475104,2.317607394191185,15.183669946925543,1.3854465515602146,-0.05764673597131865,1787260512.8692558
18.180391311645508,tr3,drive,2.4,0.32,0.292,8582.4,8619.0,12.24,0.173,16.6,1.8975223835476873,0.5983447993185038,-5.221548013518202,2.360594122733741,15.22866704127471,1.3832352677820694,-0.02167764266817073,1787260512.8878832
18.20048975944519,tr3,drive,2.4,0.32,0.292,8582.4,8637.0,11.93,0.167,16.6,1.986676494728052,-0.14542470886293746,-4.014053198434425,2.4000027124047976,15.264301638110231,1.3784187824181395,0.012539693049576934,1787260512.906548
18.220587491989136,tr3,drive,2.4,0.32,0.292,8582.4,8617.0,12.69,0.165,16.6,1.8696570632719158,-0.3059007909983471,-4.60377445064961,2.362480836487477,15.336664641661084,1.3806538581308148,0.07108080699659221,1787260512.9377017
18.240705251693726,tr3,drive,2.4,0.32,0.292,8582.4,8605.0,13.17,0.172,16.6,1.8640590986605692,0.41993136827543154,-5.100967311896852,2.3825477839814773,15.384670119153627,1.3845053753574705,0.1085176256291317,1787260512.9575944
18.260490894317627,tr3,drive,2.4,0.32,0.292,8582.4,8659.0,11.66,0.169,16.6,1.9701963212704237,0.26001699345393803,-4.842726775724316,2.4667845591456556,15.408491114807788,1.3871005683149007,0.12715274215292527,1787260512.9665914
18.28057551383972,tr3,drive,2.4,0.32,0.292,8582.4,8644.0,12.18,0.169,16.6,1.899120013885626,-0.20423502882964684,-4.690847681541243,2.553034403861564,15.459576029866588,1.394116117547766,0.16863734918285334,1787260512.9880786
18.300471305847168,tr3,drive,2.4,0.32,0.292,8582.4,8637.0,12.36,0.166,16.6,1.8753022989926111,0.35610659472224526,-4.829389276250538,3.1524118137133916,15.532594573967767,1.3966448870326487,0.2141619844747085,1787260513.0065691
18.320635318756104,tr3,drive,2.4,0.32,0.292,8582.4,8627.0,12.68,0.172,16.6,1.9528369051789054,0.5661089884122994,-5.091920499452385,2.629356636836656,15.602997213848791,1.413349895084445,0.2707946391824557,1787260513.0375438
18.34019708633423,tr3,drive,2.4,0.32,0.292,8582.4,8681.0,11.47,0.17,16.6,1.9719207180762501,0.13476699757358546,-5.0647250982895,2.516811082779684,15.6495827860271,1.4267523307174297,0.30993014085021525,1787260513.0575132
18.362457275390625,tr3,drive,2.4,0.32,0.292,8582.4,8672.0,11.67,0.169,16.6,1.9013914239793546,-0.25186571867005014,-4.3256454866668435,2.5610344882872815,15.672831079142025,1.434197607733287,0.329837085750757,1787260513.066676
18.3804612159729,tr3,drive,2.4,0.32,0.292,8582.4,8653.0,12.26,0.165,16.6,1.8524711521254162,0.24369434408149715,-4.63390924724672,2.5877618973858336,15.71850707003613,1.4503153383064729,0.36817010206836975,1787260513.0866318
18.401055574417114,tr3,drive,2.4,0.32,0.292,8582.4,8636.0,12.63,0.17,16.6,1.934584264857775,0.5427784507806201,-5.091777827384362,2.3881987267992564,15.780593422767447,1.4680080715096133,0.4216349100732708,1787260513.1181567
18.42123794555664,tr3,drive,2.4,0.32,0.292,8582.4,8673.0,11.44,0.17,16.6,1.897457535575144,-0.16553680181771568,-4.991036144598866,2.4226887659089784,15.824409307805375,1.488154249526346,0.45995425285430525,1787260513.1376863
18.44106912612915,tr3,drive,2.4,0.32,0.292,8582.4,8657.0,11.93,0.167,16.6,1.9486505491033557,0.4191448081012368,-4.5455051900156604,2.474726984617635,15.867581115725928,1.5100489410328166,0.49816457879606874,1787260513.1576302
18.460574626922607,tr3,drive,2.4,0.32,0.292,8582.4,8638.0,12.34,0.164,16.6,1.9654042292049352,0.17113287979727687,-4.754919719236909,2.5417347417817537,15.888931384982584,1.5216618153195813,0.5177451294371826,1787260513.1666381
18.48066210746765,tr3,drive,2.4,0.32,0.292,8582.4,8650.0,12.37,0.171,16.6,1.94484955243754,0.6472803684777659,-5.472987068152861,2.5488147932302523,15.930653538847665,1.5459758388997573,0.5569510441605491,1787260513.1866174
18.50082302093506,tr3,drive,2.4,0.32,0.292,8582.4,8690.0,11.06,0.17,16.6,1.95704762917843,0.007635787884426648,-4.273864881519984,2.826088629814609,15.988239042927404,1.5658892801112785,0.5951626557629006,1787260513.2065573
18.52070450782776,tr3,drive,2.4,0.32,0.292,8582.4,8662.0,11.93,0.167,16.6,1.9472187005432744,-0.22559933047878644,-4.273522819389683,2.5233224745923075,16.047674131332894,1.607834385162294,0.6537318925480811,1787260513.2377038
18.54145884513855,tr3,drive,2.4,0.32,0.292,8582.4,8610.0,12.7,0.17,16.6,1.8384352279162628,-0.06543127784986957,-5.391315495312028,2.587206622158276,16.06701088564876,1.6226484616293382,0.6732978697845311,1787260513.246606
18.56032395362854,tr3,drive,2.4,0.32,0.292,8582.4,8658.0,11.82,0.171,16.6,1.938964499060683,0.656651335953832,-5.310873007253917,2.5282437113446457,16.105767517821,1.6542267366403711,0.7119776925430737,1787260513.2674146
18.580255031585693,tr3,drive,2.4,0.32,0.292,8582.4,8662.0,11.55,0.168,16.6,1.9833559323228866,-0.09889033545916792,-4.712612188573814,2.576113691826607,16.140776659666695,1.6849969085526795,0.7489134318738315,1787260513.28662
18.60050654411316,tr3,drive,2.4,0.32,0.292,8582.4,8653.0,11.92,0.167,16.6,1.9054892299486592,-0.13924323320877985,-4.496029849738392,2.789109925674343,16.190947529731588,1.7121841474381918,0.7881305591438054,1787260513.3066227
18.62063503265381,tr3,drive,2.4,0.32,0.292,8582.4,8621.0,12.61,0.169,16.6,1.8918928604774234,0.24649059236140758,-5.249684231719812,2.495004438835945,16.24092479306891,1.7644424887494157,0.8455145856008174,1787260513.33795
18.641228199005127,tr3,drive,2.4,0.32,0.292,8582.4,8668.0,11.37,0.17,16.6,1.9874374930095422,0.43196819111678053,-5.190317448660949,2.4558260578912914,16.272740857742242,1.80101502316475,0.8838475122110546,1787260513.3578644
18.660563230514526,tr3,drive,2.4,0.32,0.292,8582.4,8669.0,11.52,0.167,16.6,1.9148790033200607,-0.26679662102237955,-4.713765844271393,2.5522307062712586,16.28816374418732,1.8198183905960712,0.9038151289376751,1787260513.3666213
18.68094253540039,tr3,drive,2.4,0.32,0.292,8582.4,8648.0,12.05,0.168,16.6,1.8157636043983638,0.2070348402567479,-4.927914864208958,2.563832083897096,16.318840645442336,1.8595733030183281,0.9434873168977516,1787260513.3874257
18.700599193572998,tr3,drive,2.4,0.32,0.292,8582.4,8617.0,12.74,0.169,16.6,1.9008484054330874,0.10660498766808058,-4.577107053082727,2.841173120712991,16.361324527270696,1.8960264220827836,0.9818641672816564,1787260513.4066827
18.721294164657593,tr3,drive,2.4,0.32,0.292,8582.4,8646.0,11.73,0.169,16.6,1.9729080850503966,0.12414912957884461,-5.076738203361344,2.5215146431705038,16.400273061256282,1.9568550000191895,1.039105118771401,1787260513.437555
18.74153971672058,tr3,drive,2.4,0.32,0.292,8582.4,8656.0,11.59,0.168,16.6,1.9083931408012818,0.08951029566217805,-4.40309507726522,2.456883774818425,16.424455402564487,1.9989086904329036,1.0780056529013502,1787260513.457653
18.760551929473877,tr3,drive,2.4,0.32,0.292,8582.4,8643.0,11.93,0.168,16.6,1.9444392924716132,0.29693021163121003,-4.546067692185488,2.516370111268934,16.43801572239952,2.024161711211288,1.1006158558425057,1787260513.4684484
18.78050422668457,tr3,drive,2.4,0.32,0.292,8582.4,8612.0,12.71,0.173,16.6,1.9572839847251742,0.09095824904515304,-5.488601473499102,2.622818433873836,16.457668690365686,2.0637236759979616,1.136335406011274,1787260513.4867373
18.8007333278656,tr3,drive,2.4,0.32,0.292,8582.4,8666.0,11.25,0.168,16.6,1.9467497178753115,0.14497886778664082,-5.094417845364376,2.2904764383323077,16.466643270094682,2.0819496051631945,1.1730290680027997,1787260513.506535
18.820656299591064,tr3,drive,2.4,0.32,0.292,8582.4,8652.0,11.62,0.169,16.6,1.9451247901361994,-0.05558548903368976,-4.274081813229969,2.337622742535602,16.493544954784298,2.149490711051659,1.231481237690239,1787260513.5376549
18.840460300445557,hold3,drive,2.4,0.32,0.292,8582.4,8625.0,12.33,0.165,16.6,1.918844583341243,0.11470931113552574,-5.323591286563612,2.447610920908467,16.501595785327506,2.1722997642122226,1.2509998453448234,1787260513.5465994
18.866729974746704,hold3,drive,2.4,0.32,0.292,8582.4,8619.0,12.53,0.173,16.6,1.9690817883542255,0.548916456039052,-5.077098976582533,2.4839120295502477,16.516334487848432,2.2182823251479085,1.289548730378869,1787260513.5666387
18.880535125732422,hold3,drive,2.4,0.32,0.292,8582.4,8664.0,11.07,0.169,16.6,1.972786911220798,-0.017927463458277337,-4.701643980983761,2.428121528336183,16.529258051427,2.2647066215134406,1.3286727476771862,1787260513.5872998
18.900946140289307,hold3,drive,2.4,0.32,0.292,8582.4,8642.0,11.76,0.167,16.6,1.9812910503716936,-0.005258213967552994,-4.10697335286784,2.2661933554602802,16.534931211465935,2.287659088231308,1.3683295462774239,1787260513.6065555
18.9205219745636,hold3,drive,2.4,0.32,0.292,8582.4,8616.0,12.34,0.166,16.6,1.9002529226133456,0.2908067147772364,-5.242024378887436,2.3294298066531267,16.54812091930828,2.3588529468518207,1.4273456937317999,1787260513.6375847
18.940460205078125,hold3,drive,2.4,0.32,0.292,8582.4,8635.0,12.03,0.169,16.6,1.9387908609576099,0.7839348473447032,-5.4735068856466,2.434610127559867,16.55157655689339,2.3827768673174465,1.44644042540726,1787260513.646604
18.963072299957275,hold3,drive,2.4,0.32,0.292,8582.4,8652.0,11.31,0.168,16.6,2.0000389054975245,-0.045402562539352154,-4.478817107925181,2.44321224970759,16.55749016242423,2.4342253158196234,1.4878512450304138,1787260513.6681027
18.980405569076538,hold3,drive,2.4,0.32,0.292,8582.4,8621.0,12.27,0.168,16.6,1.8996425260914995,-0.09547618263875268,-4.513942503295141,2.4600207875537548,16.560827632216572,2.479050455429123,1.524825911770623,1787260513.6866448
19.000494956970215,hold3,drive,2.4,0.32,0.292,8582.4,8609.0,12.13,0.168,16.6,1.8511326473615424,0.1696577368603549,-4.562559179917116,2.3791214996740813,16.559255148058845,2.5046775856651204,1.5640209774765803,1787260513.7065573
19.020360469818115,hold3,drive,2.4,0.32,0.292,8582.4,8625.0,12.12,0.17,16.6,1.9731533621867932,0.5375809702001177,-4.798582049824631,2.36208845354209,16.55844257471003,2.576966708563513,1.620155721652241,1787260513.7376454
19.0404052734375,hold3,drive,2.4,0.32,0.292,8582.4,8647.0,11.38,0.169,16.6,1.938893792133741,-0.21523338612669818,-4.958315709129636,2.4627818330245965,16.557250021541268,2.6011076957578183,1.6399969367020677,1787260513.746605
19.062232732772827,hold3,drive,2.4,0.32,0.292,8582.4,8647.0,11.38,0.169,16.6,1.938893792133741,-0.21523338612669818,-4.958315709129636,2.451120964647825,16.552747738359813,2.657338049774072,1.685445390498805,1787260513.7699878
19.08046531677246,hold3,drive,2.4,0.32,0.292,8582.4,8598.0,12.25,0.166,16.6,1.9216892388596114,0.3212431180796216,-5.295823442963865,2.4477642375944626,16.54781768450748,2.697528634294851,1.7170211220442606,1787260513.7868147
19.100672960281372,hold3,drive,2.4,0.32,0.292,8582.4,8625.0,12.03,0.171,16.6,1.9896388619666014,0.6413109457628252,-5.339136694762203,2.2542933675886037,16.54107332179941,2.7288421107440457,1.7569521200946197,1787260513.8066254
19.120559692382812,hold3,drive,2.4,0.32,0.292,8582.4,8640.0,11.42,0.166,16.6,1.9493565531083357,-0.19083540268690413,-4.560641877822661,2.324061632864803,16.526343562310593,2.799616007800498,1.815977130423845,1787260513.8374994
19.140369415283203,hold3,drive,2.4,0.32,0.292,8582.4,8623.0,12.02,0.171,16.6,1.9026782634180806,0.16374444741807892,-4.625086383171322,2.3549519504565937,16.514196663310656,2.846262501064057,1.8547317198194875,1787260513.857552
19.16745924949646,hold3,drive,2.4,0.32,0.292,8582.4,8589.0,12.4,0.17,16.6,1.9540796693015912,0.16239613424859378,-4.496064933033807,2.4498045424310586,16.50741055639717,2.8695169300877903,1.8738794961129217,1787260513.866621
19.180455684661865,hold3,drive,2.4,0.32,0.292,8582.4,8639.0,11.46,0.169,16.6,1.9947988697366845,0.4363663572834007,-5.194798170207093,2.457650005220971,16.49232055049115,2.916125335442066,1.9134775231450618,1787260513.887044
19.200973749160767,hold3,drive,2.4,0.32,0.292,8582.4,8651.0,11.34,0.167,16.6,1.956038557441399,0.17103323958378702,-4.06188605576466,2.388185438814664,16.479267817999226,2.951225561188783,1.9544525121847693,1787260513.906596
19.22037672996521,hold3,drive,2.4,0.32,0.292,8582.4,8613.0,12.21,0.169,16.6,1.9297514264276083,0.14247974943732977,-4.991805053490054,2.4473660696317134,16.46070851084844,2.995995848294955,1.993864213898636,1787260513.9266002
19.241018772125244,hold3,drive,2.4,0.32,0.292,8582.4,8621.0,11.94,0.17,16.6,1.9090450826361332,0.15394031087893012,-5.25263064381312,2.3801369250100293,16.429836393041064,3.061182629216904,2.0516551431049184,1787260513.9575286
19.26482343673706,hold3,drive,2.4,0.32,0.292,8582.4,8658.0,11.1,0.168,16.6,1.9621892611369913,0.3117615285876987,-4.73906031554435,2.4653855252886605,16.418625023476793,3.082672579068543,2.0708693125493736,1787260513.9666262
19.280470371246338,hold3,drive,2.4,0.32,0.292,8582.4,8646.0,11.52,0.169,16.6,1.9279266284486858,-0.28301968499897967,-4.153757512025948,2.4710779937257015,16.393838281489057,3.1270131331014044,2.1118046181548586,1787260513.9876468
19.30059838294983,hold3,drive,2.4,0.32,0.292,8582.4,8613.0,12.12,0.165,16.6,1.8176168982009497,0.0024818188128867824,-5.315578261890721,2.7350164511922497,16.368667280931806,3.175111749870101,2.155980679669007,1787260514.0065486
19.320407390594482,hold3,drive,2.4,0.32,0.292,8582.4,8610.0,12.13,0.17,16.6,1.8548801144894476,0.6915547563900901,-4.791040895475078,2.6098407448743886,16.341620006169972,3.215123137499701,2.192499622026383,1787260514.0266163
19.340702295303345,hold3,drive,2.4,0.32,0.292,8582.4,8629.0,11.52,0.167,16.6,1.9770044262811022,0.2703684659466674,-4.812711847053208,2.5405576552911278,16.313227430422454,3.253974733299415,2.2293823552644265,1787260514.0465958
19.360487699508667,hold3,drive,2.4,0.32,0.292,8582.4,8619.0,11.77,0.167,16.6,1.9200852169350566,-0.11620805307037951,-3.963449345487959,2.516345855248579,16.283286097499264,3.291917213234189,2.268288278786808,1787260514.0667522
19.380463123321533,hold3,drive,2.4,0.32,0.292,8582.4,8617.0,12.0,0.169,16.6,1.8548722581642316,0.46671936466897535,-5.279551810550174,2.502748809561041,16.25163263051614,3.328936150759808,2.3074120629501738,1787260514.086927
19.400678157806396,hold3,drive,2.4,0.32,0.292,8582.4,8603.0,12.09,0.171,16.6,1.9436058562084728,0.21304599747519326,-4.710986662552898,2.521297169909203,16.22719851928113,3.365360751582823,2.3444366374484713,1787260514.1065726
19.420716524124146,hold3,drive,2.4,0.32,0.292,8582.4,8646.0,11.16,0.168,16.6,1.9317203014215039,-0.18737951536298425,-4.609945602313189,2.416067091908408,16.175725648088235,3.4160927992382435,2.4021805993747085,1787260514.137508
19.440464973449707,hold3,drive,2.4,0.32,0.292,8582.4,8630.0,11.73,0.167,16.6,1.8117823117267495,0.09635141036034511,-4.529361026908646,2.4905187307665475,16.15783854235459,3.432406053889424,2.421582132238845,1787260514.1465945
19.46042513847351,hold3,drive,2.4,0.32,0.292,8582.4,8595.0,12.08,0.164,16.6,1.8511619421335335,0.25389174243519363,-4.485277696775938,2.4854367319799233,16.121238463455132,3.463913096911191,2.458434957590191,1787260514.16664
19.48111391067505,hold3,drive,2.4,0.32,0.292,8582.4,8618.0,12.09,0.171,16.6,1.9289233164866482,0.6269563230827941,-5.028879325920343,2.484788737648994,16.06453622245502,3.5083867580207864,2.5138438680686908,1787260514.1976583
19.502148151397705,hold3,drive,2.4,0.32,0.292,8582.4,8639.0,11.13,0.168,16.6,1.8809916100293473,-0.27325720987313673,-4.686506123733579,2.4267982500392313,16.05421051297421,3.529228735837777,2.5333753444850937,1787260514.2078087
19.520886421203613,hold3,drive,2.4,0.32,0.292,8582.4,8622.0,11.74,0.168,16.6,1.8787801210601456,0.3628770494707396,-4.365401292310054,2.418200253228903,15.994116648843033,3.569424289513599,2.589945384617209,1787260514.237519
19.54086184501648,hold3,drive,2.4,0.32,0.292,8582.4,8590.0,12.08,0.165,16.6,1.8916907265506862,0.32547102062817856,-5.272001885376767,2.400873275539112,15.952942933810762,3.5942188621322066,2.6275773379778005,1787260514.2575092
19.560524463653564,hold3,drive,2.4,0.32,0.292,8582.4,8645.0,11.38,0.17,16.6,1.9194207582430818,0.5810816252681335,-4.68832285371451,2.4780606233195135,15.931594223974537,3.6062732456278046,2.6468406907170277,1787260514.2667325
19.58045744895935,hold3,drive,2.4,0.32,0.292,8582.4,8643.0,11.13,0.165,16.6,1.915516963559189,-0.10714870565682144,-4.269032742298094,2.4812540556353895,15.889097242523894,3.6287035880760943,2.684877702436977,1787260514.2866411
19.600428342819214,hold3,drive,2.4,0.32,0.292,8582.4,8630.0,11.76,0.169,16.6,1.903918098063567,0.1288264820322631,-5.067183852576534,2.479933522979354,15.864357563002542,3.6549255656719914,2.7220104201691204,1787260514.3065705
19.62078595161438,hold3,drive,2.4,0.32,0.292,8582.4,8599.0,12.26,0.168,16.6,1.898566475853053,-0.02926293102466193,-4.4566570367368,2.570003231459972,15.820051675837544,3.6742001586209545,2.760206289923114,1787260514.326601
19.64043092727661,hold3,drive,2.4,0.32,0.292,8582.4,8642.0,11.2,0.169,16.6,1.9394578496526202,0.3506554911519686,-4.90767823469173,2.5209157682435688,15.775289309983345,3.6916565642432535,2.7981664949363663,1787260514.3466268
19.660457611083984,hold3,drive,2.4,0.32,0.292,8582.4,8639.0,11.21,0.165,16.6,1.9215175981273556,-0.18907941066116152,-4.1062851355561065,2.5018219265806065,15.729406093721295,3.707586991300373,2.836960329678469,1787260514.3667097
19.6804621219635,hold3,drive,2.4,0.32,0.292,8582.4,8622.0,11.85,0.169,16.6,1.8525668927666048,0.31291584209706613,-5.46388529187891,2.4895409217243896,15.683339247767574,3.721599571030736,2.875356851696365,1787260514.386713
19.700467348098755,hold3,drive,2.4,0.32,0.292,8582.4,8592.0,12.23,0.169,16.6,1.8656776348130648,0.05730342847469139,-5.118700163564597,2.3091535815286317,15.660817294231832,3.7362150298564423,2.912644571746587,1787260514.4065444
19.720951080322266,hold3,drive,2.4,0.32,0.292,8582.4,8632.0,11.4,0.167,16.6,1.9673082562262871,0.2598050318774696,-4.576029995913473,2.355720591823275,15.590146767462576,3.7513294061595532,2.9690710208747713,1787260514.437706
19.74094581604004,hold3,drive,2.4,0.32,0.292,8582.4,8621.0,11.5,0.167,16.6,1.8885692354370043,-0.3513115487762377,-4.460600106780703,2.361438399507574,15.542535775469878,3.7591550025960574,3.008079221572046,1787260514.457945
19.76095199584961,hold3,drive,2.4,0.32,0.292,8582.4,8618.0,11.76,0.167,16.6,1.8305042010319523,0.17625964561045748,-4.639882178291202,2.4698866262995804,15.51530752624832,3.762812095713399,3.0296521144725057,1787260514.4680345
19.78039312362671,hold3,drive,2.4,0.32,0.292,8582.4,8575.0,12.51,0.171,16.6,1.9563167246172577,0.2221904766977829,-4.822354490798148,2.4580715017440027,15.468692248313554,3.767642719871316,3.0654326950758977,1787260514.4875445
19.800461292266846,hold3,drive,2.4,0.32,0.292,8582.4,8620.0,11.43,0.169,16.6,1.9746106439352844,-0.2618093843986742,-5.2859287842135245,2.270067181672438,15.439328491980957,3.7754796755139246,3.1079482562232252,1787260514.5065506
19.820785760879517,hold3,drive,2.4,0.32,0.292,8582.4,8609.0,11.57,0.167,16.6,1.8607927315835868,0.08262919148900227,-4.2248467935262966,2.321124257488395,15.367085796800376,3.7765279412945967,-3.116693896878905,1787260514.5375087
19.840493202209473,hold3,drive,2.4,0.32,0.292,8582.4,8604.0,12.0,0.164,16.6,1.8845550527259278,0.6354121281799081,-5.2734280213354054,2.4217448915276214,15.34305133753584,3.775929389445221,-3.0980643954134814,1787260514.5465589
19.860915660858154,hold3,drive,2.4,0.32,0.292,8582.4,8593.0,12.28,0.17,16.6,1.9804055493092423,0.45991992965666384,-5.070747730669154,2.4740918665518086,15.294965455609844,3.773391747655454,-3.0604586879824995,1787260514.566597
19.88032603263855,hold3,drive,2.4,0.32,0.292,8582.4,8616.0,11.31,0.168,16.6,1.9128463456180578,-0.5600218539322199,-4.360633764823888,2.4555333153382293,15.242265827385033,3.768533082639069,-3.016839022116916,1787260514.5887113
19.900458335876465,hold3,drive,2.4,0.32,0.292,8582.4,8610.0,11.69,0.168,16.6,1.860504444395586,0.21246973607544462,-4.609430462592172,2.6850157659462877,15.192240411333241,3.76663611998381,-2.9686786879055354,1787260514.6065571
19.921663284301758,hold3,drive,2.4,0.32,0.292,8582.4,8567.0,12.37,0.169,16.6,1.8978539471034022,0.20391602665706188,-4.782733171120697,2.5714378361179704,15.144852965407436,3.757911601280509,-2.9313677901079296,1787260514.626638
19.940861225128174,hold3,drive,2.4,0.32,0.292,8582.4,8591.0,12.07,0.169,16.6,1.9539527696756487,0.48999376902798986,-5.337187232980284,2.420814557697085,15.074874566989385,3.741574467288555,-2.874398167306267,1787260514.6575577
19.961037635803223,hold3,drive,2.4,0.32,0.292,8582.4,8600.0,11.61,0.169,16.6,1.9461921851011033,-0.21495250049277814,-4.512779492052118,2.495208571281627,15.051557203640755,3.7351915706341137,-2.8547385173251034,1787260514.6666162
19.980300188064575,hold3,drive,2.4,0.32,0.292,8582.4,8581.0,12.13,0.167,16.6,1.9159229624673717,0.22950998501952924,-4.955496766343003,2.3705679546178047,15.005554704847425,3.7211367267231514,-2.8157692282593776,1787260514.687847
20.00051188468933,hold3,drive,2.4,0.32,0.292,8582.4,8567.0,12.29,0.166,16.6,1.9098015535437702,0.49316698000811954,-4.965432940326252,2.4513347795238274,15.001643486999964,3.7163670708979066,-2.7814596441970214,1787260514.706541
20.020594596862793,hold3,drive,2.4,0.32,0.292,8582.4,8581.0,12.11,0.171,16.6,1.9949060619705603,0.3459636485666415,-4.719746376696548,2.3788596220737395,14.934825904765235,3.6897855116247875,-2.7237404890927017,1787260514.7375076
20.040489673614502,hold3,drive,2.4,0.32,0.292,8582.4,8593.0,11.68,0.168,16.6,1.9771785970163933,-0.22520606866423876,-4.503353780017164,2.452536518342152,14.912866193032608,3.6800354251116576,-2.7036761950131067,1787260514.7466626
20.060554265975952,hold3,drive,2.4,0.32,0.292,8582.4,8590.0,11.93,0.167,16.6,1.8935417566663457,-0.030582245657780227,-5.120177755023178,2.455311489183106,14.867872696792157,3.658431580248551,-2.6625823326868683,1787260514.7674186
20.0807466506958,hold3,drive,2.4,0.32,0.292,8582.4,8560.0,12.4,0.163,16.6,1.902136975926522,0.19866239453134504,-4.618881317655507,2.4376480632230986,14.80639202731585,3.6250857335810913,-2.6074477212992115,1787260514.7966506
20.100493907928467,hold3,drive,2.4,0.32,0.292,8582.4,8569.0,12.41,0.171,16.6,2.01402875701982,0.7672623151906919,-5.133942101257844,2.0049707842556646,14.81473331746281,3.6338704556375165,-2.595943764150814,1787260514.8088207
20.120330333709717,hold3,drive,2.4,0.32,0.292,8582.4,8590.0,11.6,0.167,16.6,1.95208815743843,-0.6135658332148992,-4.307040815108024,2.3547705430918535,14.774090552472162,3.608686588246873,-2.5562746932728353,1787260514.8265576
20.140454053878784,hold3,drive,2.4,0.32,0.292,8582.4,8593.0,11.9,0.169,16.6,1.8819611338241906,0.45056694236949824,-4.960126591894664,2.4112163095435184,14.734279348344726,3.5817710896076327,-2.5168760483752823,1787260514.8466187
20.160438060760498,hold3,drive,2.4,0.32,0.292,8582.4,8554.0,12.27,0.167,16.6,1.957483854964985,0.3193185069652884,-4.859274396728608,2.444866874734508,14.695531236354533,3.5533115101601873,-2.479201459440333,1787260514.8666105
20.180502891540527,hold3,drive,2.4,0.32,0.292,8582.4,8611.0,11.64,0.168,16.6,2.0089979125626054,0.42852673910712014,-5.036728043826372,2.452856516185869,14.658140602116054,3.5235539331748433,-2.4400876192178855,1787260514.88664
20.200584411621094,hold3,drive,2.4,0.32,0.292,8582.4,8600.0,11.69,0.169,16.6,1.9027902493419184,-0.03680541013406824,-4.668048802015505,2.263416886244638,14.619011480059374,3.5083862884051458,-2.4051320173689916,1787260514.908011
20.220653772354126,hold3,drive,2.4,0.32,0.292,8582.4,8606.0,11.73,0.167,16.6,1.9329655955472247,0.251996148129777,-4.802951089547037,2.4357218504608706,14.58379414576547,3.4758591170499953,-2.36665608793763,1787260514.9265811
20.240458726882935,hold3,drive,2.4,0.32,0.292,8582.4,8557.0,12.69,0.171,16.6,1.964039225988215,-0.07738472304695776,-4.959659399344048,2.464428112892745,14.54970440846356,3.441858916143681,-2.3281143139444054,1787260514.9466004
20.261685848236084,hold3,drive,2.4,0.32,0.292,8582.4,8609.0,11.43,0.169,16.6,1.9589963973060953,-0.03218423663468872,-4.802208493127409,2.4631451830133315,14.51713998007515,3.406722030223415,-2.2889517389862664,1787260514.9666078
20.281038999557495,hold3,drive,2.4,0.32,0.292,8582.4,8601.0,11.64,0.166,16.6,1.9049834956576535,0.2502545548731945,-4.381828168305958,2.4654102516716447,14.485861036295946,3.370242833152109,-2.249807267851917,1787260514.9866533
20.300706386566162,hold3,drive,2.4,0.32,0.292,8582.4,8605.0,11.82,0.167,16.6,1.93888873212767,0.623206722795068,-5.25596706520713,2.756963291508434,14.438028814201015,3.33549158014133,-2.208663203610165,1787260515.0065992
20.320573329925537,hold3,drive,2.4,0.32,0.292,8582.4,8576.0,12.29,0.168,16.6,1.9390847407838998,-0.10601061817158364,-4.950053008337704,2.612682594984541,14.409727379806062,3.2965401684438653,-2.170029241038539,1787260515.0266147
20.34158730506897,hold3,drive,2.4,0.32,0.292,8582.4,8607.0,11.54,0.17,16.6,1.9505890640608243,0.05543501001880946,-4.50969742454987,2.4276648086516484,14.370255299962054,3.236262074818453,-2.111805783769642,1787260515.0577958
20.36082625389099,hold3,drive,2.4,0.32,0.292,8582.4,8597.0,11.78,0.167,16.6,1.9666832123184457,-0.053477878334155626,-4.941607289688022,2.506954287636365,14.357873450995719,3.2156532285109756,-2.092296447010434,1787260515.066727
20.381561517715454,hold3,drive,2.4,0.32,0.292,8582.4,8593.0,11.96,0.169,16.6,1.9433541874854603,0.2830939446409424,-5.137712970793416,2.3813431436469936,14.323071684767699,3.152221503237863,-2.0334025634662605,1787260515.0981884
20.40045928955078,hold3,drive,2.4,0.32,0.292,8582.4,8557.0,12.53,0.169,16.6,1.9466087034955917,0.009293971519786393,-5.147464372754143,2.6371300304081675,14.296086263891096,3.136128343836357,-2.0124643923637597,1787260515.107904
20.420588970184326,hold3,drive,2.4,0.32,0.292,8582.4,8605.0,11.56,0.168,16.6,1.9823476595341825,0.13482315825507474,-4.489909276492369,2.745769788072982,14.276053479824533,3.0927503808968706,-1.9735879884691794,1787260515.1265736
20.440528392791748,hold3,drive,2.4,0.32,0.292,8582.4,8589.0,11.86,0.166,16.6,1.8850013985246252,0.05480430098910549,-4.795746734833472,2.608298850078466,14.257611937458975,3.048265217190139,-1.9338911230232039,1787260515.1466103
20.46048593521118,hold3,drive,2.4,0.32,0.292,8582.4,8597.0,11.92,0.167,16.6,1.8886153081238628,0.47378342274597784,-4.936743575500259,2.533296131257751,14.2409711089704,3.0031521946613378,-1.8956643532757493,1787260515.166727
20.480299949645996,hold3,drive,2.4,0.32,0.292,8582.4,8572.0,12.43,0.172,16.6,1.9966790614662806,0.049072302648633936,-4.840569737777855,2.4997079081018097,14.22605938898157,2.957467757385505,-1.8579264061103182,1787260515.1866686
20.50059676170349,hold3,drive,2.4,0.32,0.292,8582.4,8593.0,11.73,0.167,16.6,1.9212283788329731,-0.8425023890798826,-4.269588812530429,2.7632135114317595,14.191595225910566,2.9136264446243008,-1.8171063714378473,1787260515.2065864
20.52041506767273,hold3,drive,2.4,0.32,0.292,8582.4,8594.0,11.72,0.167,16.6,1.860547853921354,0.28451288121500085,-4.669063293974602,2.482614239074534,14.175395634568222,2.8434692705172475,-1.7594687757634375,1787260515.2376728
20.54045057296753,hold3,drive,2.4,0.32,0.292,8582.4,8579.0,12.07,0.163,16.6,1.9090317668306827,0.3747019107356202,-4.599996564454955,2.5490126135688738,14.170887221095748,2.8198580313593147,-1.7408520881094176,1787260515.2465627
20.560447454452515,hold3,drive,2.4,0.32,0.292,8582.4,8591.0,12.09,0.17,16.6,1.969234920116905,0.7493394290061133,-5.320469457993227,2.5020876828095857,14.162839692460084,2.7700035130114076,-1.7009168293997539,1787260515.2676487
20.580727100372314,hold3,drive,2.4,0.32,0.292,8582.4,8601.0,11.57,0.169,16.6,1.8741440902345354,-0.4430880608693073,-4.4331316406351675,2.3377052326400714,14.157332442724382,2.7246828886863432,-1.6637366307388965,1787260515.2884321
20.600463151931763,hold3,drive,2.4,0.32,0.292,8582.4,8605.0,11.66,0.168,16.6,1.8900889683130582,0.8509507389767208,-5.349675716705008,2.6229678990534917,14.13310857400858,2.68457186587744,-1.6266577440406365,1787260515.3065906
20.62069344520569,hold3,drive,2.4,0.32,0.292,8582.4,8596.0,11.8,0.166,16.6,1.9794233754992212,0.09008656619820155,-4.72499191408275,2.4376890930516777,14.130421049057903,2.6125597652183568,-1.5696604641627396,1787260515.3375547
20.64051079750061,hold3,drive,2.4,0.32,0.292,8582.4,8602.0,11.83,0.168,16.6,1.9553124465701885,0.02301615384602984,-4.584985007068269,2.5065327500251104,14.130448470364382,2.5884183823524305,-1.5497590491337847,1787260515.346606
20.660781145095825,hold3,drive,2.4,0.32,0.292,8582.4,8612.0,11.53,0.171,16.6,1.9026533628618882,0.27840210205561533,-4.700700825058675,2.495073953676037,14.131925335376584,2.54034437308957,-1.5105362847918256,1787260515.3665895
20.681030750274658,hold3,drive,2.4,0.32,0.292,8582.4,8613.0,11.46,0.166,16.6,1.94424554750231,0.2588227726960355,-4.741312078388432,2.482139832309425,14.135272191181553,2.492375637727649,-1.4722769193923202,1787260515.3866668
20.700535535812378,hold3,drive,2.4,0.32,0.292,8582.4,8565.0,12.36,0.168,16.6,1.8981299837503889,-0.3259584957089565,-4.599189648660399,2.2435485357402207,14.131236372299828,2.466112178563309,-1.4341052629434845,1787260515.4066327
20.720369338989258,hold3,drive,2.4,0.32,0.292,8582.4,8584.0,12.11,0.168,16.6,1.8927053909260065,0.2470940615876529,-4.802976817297008,2.360000418519536,14.138263851698328,2.418346532800625,-1.3958405018043079,1787260515.4267743
20.740932941436768,hold3,drive,2.4,0.32,0.292,8582.4,8579.0,11.85,0.166,16.6,1.8956267454837687,-0.15269902916928668,-4.745999206655938,2.4118419148345387,14.14696475818081,2.3716110569466924,-1.358322048104689,1787260515.4465828
20.76041555404663,hold3,drive,2.4,0.32,0.292,8582.4,8587.0,11.92,0.167,16.6,1.912973245244,0.5663481395427148,-5.188763258674044,2.4407736303220293,14.157529684329978,2.3247625086743393,-1.3203824222521312,1787260515.4667802
20.780930519104004,hold3,drive,2.4,0.32,0.292,8582.4,8560.0,12.28,0.162,16.6,1.9302600901958133,0.28091567399173556,-4.387675384208535,2.352247776628876,14.169829025654847,2.2784739120695834,-1.2823047987780518,1787260515.4877717
20.80043125152588,hold3,drive,2.4,0.32,0.292,8582.4,8585.0,11.99,0.17,16.6,1.9524379636476115,0.42023944346329856,-4.490368867662312,2.1615289580061265,14.171432915266765,2.257124157980968,-1.2458999349511772,1787260515.506596
20.820499658584595,hold3,drive,2.4,0.32,0.292,8582.4,8591.0,11.69,0.168,16.6,1.9062193355615045,-0.12244388955988139,-5.138433932514204,2.273463256684831,14.195687878536159,2.1893339100771816,-1.1877320842740973,1787260515.5376635
20.840896606445312,hold3,drive,2.4,0.32,0.292,8582.4,8583.0,11.94,0.169,16.6,1.8720961193562649,0.15392580247447185,-4.327061974719243,2.3966929796121015,14.204665219141734,2.1670559816095056,-1.1685830145571001,1787260515.5466115
20.863359451293945,hold3,drive,2.4,0.32,0.292,8582.4,8551.0,12.64,0.17,16.6,1.9700406595047082,0.09431449615558307,-4.931091656608828,2.4284316032544275,14.226301129932493,2.11760026237344,-1.1262820265239128,1787260515.5691178
20.8803231716156,hold3,drive,2.4,0.32,0.292,8582.4,8588.0,11.65,0.168,16.6,1.963779035149714,-0.24523482965613042,-4.6159185333576715,2.4516000356204066,14.244592014965866,2.0800162236492037,-1.0920336491338516,1787260515.586605
20.900711059570312,hold3,drive,2.4,0.32,0.292,8582.4,8593.0,11.78,0.168,16.6,1.8514274592942144,0.15587935730752278,-4.928659799514946,2.3603424772138863,14.249844888619858,2.0481428499657666,-1.0544181807288568,1787260515.6065938
20.92098093032837,hold3,drive,2.4,0.32,0.292,8582.4,8609.0,11.55,0.166,16.6,1.9011533373779013,0.7382431673877932,-5.105265015585246,2.3582362331000013,14.28658661197824,1.9860793018871377,-0.9981133985580414,1787260515.6377966
20.940481185913086,hold3,drive,2.4,0.32,0.292,8582.4,8589.0,12.07,0.171,16.6,1.9633635820196615,-0.014991667716341972,-4.8505591214258175,2.465893692331441,14.299576449710445,1.9659325304051634,-0.9790809283758122,1787260515.646619
20.96390151977539,hold3,drive,2.4,0.32,0.292,8582.4,8614.0,11.39,0.167,16.6,1.873449804138352,-0.4452935576175605,-4.37505913881634,2.512422850867344,14.326785888352596,1.9262565668820328,-0.9400534740673753,1787260515.6666403
20.980429649353027,hold3,drive,2.4,0.32,0.292,8582.4,8619.0,11.35,0.168,16.6,1.8865128756012999,0.36391551501503727,-4.861130303056086,2.490484746512821,14.355542052301086,1.8876230587064944,-0.9021351737906493,1787260515.6867452
21.002257823944092,hold3,drive,2.4,0.32,0.292,8582.4,8603.0,11.82,0.167,16.6,1.9539941818305995,0.176413683204391,-4.336977391086037,2.3279279023265147,14.392337506406427,1.8416469700298737,-0.844623278187146,1787260515.7186298
21.02131485939026,hold3,drive,2.4,0.32,0.292,8582.4,8572.0,12.28,0.171,16.6,1.9179135422241513,-0.02097560797201581,-5.012595999074847,2.5306240630421595,14.408298346102056,1.823674046205949,-0.825034245076023,1787260515.7266326
21.042420387268066,hold3,drive,2.4,0.32,0.292,8582.4,8612.0,11.35,0.166,16.6,1.8825943003733572,0.017595711614142306,-4.339341420475449,2.4545467953747107,14.458147083024807,1.7717166537301,-0.767737940820822,1787260515.7579002
21.060279846191406,hold3,drive,2.4,0.32,0.292,8582.4,8607.0,11.56,0.166,16.6,1.8675104222752572,0.3673568939344989,-4.8279087611840055,2.4891113997536567,14.493058686088112,1.7386282489596707,-0.7300105423036897,1787260515.7766457
21.080354928970337,hold3,drive,2.4,0.32,0.292,8582.4,8606.0,11.72,0.167,16.6,1.8536743683059143,0.16509274231501436,-4.691838199915139,2.3951307947228213,14.510952675631097,1.7225939279485563,-0.711494798605478,1787260515.7876883
21.10055947303772,hold3,drive,2.4,0.32,0.292,8582.4,8562.0,12.56,0.169,16.6,1.8737669866241804,-0.012153748886850835,-4.981435016086834,2.349481490075017,14.537648450532759,1.6981117749153765,-0.6751337805512492,1787260515.8065853
21.120429754257202,hold3,drive,2.4,0.32,0.292,8582.4,8602.0,11.37,0.168,16.6,1.9526716560332662,0.07014121939567008,-4.615001105182557,2.410405406762026,14.575281935817765,1.6685570566229688,-0.6377876299972561,1787260515.8265576
21.140432119369507,hold3,drive,2.4,0.32,0.292,8582.4,8590.0,11.8,0.166,16.6,1.9414000930356148,0.08192610945809164,-4.610803973607688,2.4411713512436037,14.6141852113043,1.6402788340166925,-0.5991226008278128,1787260515.846572
21.16040825843811,hold3,drive,2.4,0.32,0.292,8582.4,8569.0,12.19,0.164,16.6,1.9079731602973762,0.32589147199667323,-4.594317163648782,2.4302075868950714,14.660331207037435,1.609502403479416,-0.5542238116709295,1787260515.8698967
21.181010723114014,hold3,drive,2.4,0.32,0.292,8582.4,8578.0,12.22,0.168,16.6,1.9924512932357796,0.6281360719813378,-5.019028521289272,2.135660130593746,14.70201202643833,1.5784282052485217,-0.5056759208994258,1787260515.8976703
21.200481414794922,hold3,drive,2.4,0.32,0.292,8582.4,8586.0,11.67,0.167,16.6,1.916907799438483,-0.2895219718081421,-4.783838294926284,2.3018374836445994,14.722905093770807,1.5668598105601352,-0.48578499892819865,1787260515.9065497
21.220375299453735,hold3,drive,2.4,0.32,0.292,8582.4,8590.0,11.79,0.168,16.6,1.8502463473507642,0.44666162341326654,-5.011516018297641,2.3317717157231113,14.787241412427072,1.5344447005465032,-0.4282462869314007,1787260515.9375162
21.24075961112976,hold3,drive,2.4,0.32,0.292,8582.4,8566.0,12.13,0.165,16.6,2.0234142693334767,0.39251245728467055,-4.600307051619382,2.3529906510050442,14.830977756206261,1.5149673260903445,-0.3903982029485253,1787260515.957523
21.26074981689453,hold3,drive,2.4,0.32,0.292,8582.4,8586.0,11.86,0.168,16.6,2.004029386074899,-0.0021538585228135787,-4.634261834365645,2.355283455944985,14.87555077781142,1.4971418510532994,-0.3500204362977407,1787260515.9777217
21.280407190322876,hold3,drive,2.4,0.32,0.292,8582.4,8601.0,11.6,0.167,16.6,1.8851943445456016,0.11680237688550221,-4.64881672419034,1.86396685312885,14.879832061092772,1.4909464410454336,-0.33093357072750745,1787260515.9882166
21.300339937210083,hold3,drive,2.4,0.32,0.292,8582.4,8592.0,11.71,0.167,16.6,1.8866449683913677,0.3222125864762688,-4.6308856519034975,2.2513987581565305,14.925441692007823,1.475737478865368,-0.29261287759164867,1787260516.0066001
21.320517539978027,hold3,drive,2.4,0.32,0.292,8582.4,8566.0,12.34,0.166,16.6,1.933732719099222,0.07508499932806201,-4.8006794461688855,2.3306427547399045,14.994627475632184,1.4562817083512254,-0.23587374703882688,1787260516.0374646
21.340924501419067,hold3,drive,2.4,0.32,0.292,8582.4,8572.0,12.05,0.169,16.6,1.8860351045017394,-0.20186102262810124,-4.423160090995708,2.4231197697603335,15.017992941388481,1.4506658716797705,-0.21646147460009132,1787260516.046571
21.364543437957764,hold3,drive,2.4,0.32,0.292,8582.4,8603.0,11.5,0.17,16.6,1.848947390529078,0.38636169778655116,-5.0254335615889545,2.36507474181235,15.088642204480474,1.4365082642590081,-0.15983393129236276,1787260516.0776873
21.380375146865845,hold3,drive,2.4,0.32,0.292,8582.4,8595.0,11.64,0.166,16.6,1.9651612157554654,0.37242752647501476,-4.775154594589367,2.428791895986252,15.12502011977104,1.4306438143078999,-0.13141748744234816,1787260516.0919833
21.400553464889526,hold3,drive,2.4,0.32,0.292,8582.4,8551.0,12.38,0.167,16.6,1.921971134460996,-0.2495334104269098,-4.758408752965977,5.2049141240043655,15.249400281477582,1.4080819990012219,-0.04868332690435587,1787260516.1065416
21.420979261398315,hold3,drive,2.4,0.32,0.292,8582.4,8583.0,12.05,0.17,16.6,1.902369736205795,0.2690056991903731,-4.696965623540109,3.3181439946666003,15.321197854014779,1.4059900638876708,0.009016012633417296,1787260516.1375515
21.440282583236694,hold3,drive,2.4,0.32,0.292,8582.4,8603.0,11.31,0.168,16.6,1.9264760046029197,0.12199982092090522,-4.750410931054432,2.8389716825632423,15.369253670662182,1.4068658583809617,0.04717026596808915,1787260516.1576002
21.46038579940796,hold3,drive,2.4,0.32,0.292,8582.4,8583.0,11.97,0.167,16.6,1.8925001943640158,-0.30172909481265364,-4.311724727406784,2.777177677189863,15.397453000363614,1.4081970156996755,0.06982844079798052,1787260516.168322
21.480347871780396,hold3,drive,2.4,0.32,0.292,8582.4,8534.0,12.66,0.167,16.6,1.8309239152197487,0.05887643005150789,-4.696817688977774,2.458654351065618,15.419731369817358,1.4100416388485986,0.10767862048229154,1787260516.1976748
21.500592470169067,hold3,drive,2.4,0.32,0.292,8582.4,8591.0,11.61,0.168,16.6,1.9353881400328155,0.45669047576857125,-4.364760437447131,2.52233603616021,15.443419827028507,1.412602283523854,0.12601212978524098,1787260516.2065954
21.522430896759033,hold3,drive,2.4,0.32,0.292,8582.4,8603.0,11.53,0.167,16.6,1.8743852394712424,0.10475109132106919,-5.133174361809836,2.398940143097054,15.514760005824764,1.422956501628965,0.18319209398087666,1787260516.2376328
21.540452003479004,hold3,drive,2.4,0.32,0.292,8582.4,8600.0,11.64,0.166,16.6,1.8720862656602315,0.2935160222656954,-4.524397325328948,2.394864801943114,15.561879541682215,1.432122628295836,0.22064433496681182,1787260516.257555
21.561270236968994,hold3,drive,2.4,0.32,0.292,8582.4,8572.0,12.53,0.171,16.6,1.9308929904288707,0.2196624146297541,-5.05764528927466,2.472490629640742,15.585765414724445,1.4374801358542888,0.23978401526419074,1787260516.26678
21.5816547870636,hold3,drive,2.4,0.32,0.292,8582.4,8600.0,11.35,0.17,16.6,1.9156684974252145,-0.3843194114521786,-4.571748079708016,2.460520838109441,15.631874686112956,1.4492102250230587,0.2778157814163092,1787260516.2869365
21.600582361221313,hold3,drive,2.4,0.32,0.292,8582.4,8596.0,11.66,0.169,16.6,1.8628695977596854,0.15423566837220903,-4.726757773285328,2.3128706099260787,15.650601264581425,1.445883632483861,0.30464264102985633,1787260516.3065622
21.621150970458984,hold3,drive,2.4,0.32,0.292,8582.4,8582.0,11.88,0.164,16.6,1.9145967082445123,0.37919622705873834,-4.464846647329949,2.33212350142493,15.718972537699111,1.4687548060852953,0.36131303795410735,1787260516.3375335
21.640968799591064,hold3,drive,2.4,0.32,0.292,8582.4,8583.0,12.14,0.17,16.6,1.915000576623823,0.21012467359261677,-4.572745030019405,2.424594796206754,15.741436590296656,1.4772440313557231,0.380541417528934,1787260516.3466287
21.66037940979004,hold3,drive,2.4,0.32,0.292,8582.4,8608.0,11.43,0.169,16.6,1.8217374741975747,0.07095669587975806,-5.086432302606227,2.414452042497839,15.79640411288728,1.4999471657273533,0.42802817823171907,1787260516.3714883
21.680566787719727,hold3,drive,2.4,0.32,0.292,8582.4,8615.0,11.33,0.169,16.6,1.8640921218580861,0.6732948512989267,-4.9489051998560285,2.340938238347246,15.829568286988723,1.5153003583475175,0.45570314045601895,1787260516.3877733
21.700576066970825,hold3,drive,2.4,0.32,0.292,8582.4,8577.0,12.03,0.165,16.6,1.9686632725889195,0.2929542509978553,-4.462255453602722,2.4198934913596637,15.862362234817658,1.5155992237527163,0.48510659777799275,1787260516.4067276
21.721312522888184,hold3,drive,2.4,0.32,0.292,8582.4,8564.0,12.4,0.172,16.6,1.916355859302564,-0.13328822753554892,-4.710215999496938,2.363894725861966,15.925248299584005,1.5503372102913164,0.5438517856043101,1787260516.4376662
21.741318464279175,hold3,drive,2.4,0.32,0.292,8582.4,8610.0,11.24,0.168,16.6,1.92193664652488,0.20845377683080635,-4.516745658598836,2.379168813150331,15.96617226485505,1.5755972399331681,0.5822051371914349,1787260516.4576077
21.76059079170227,hold3,drive,2.4,0.32,0.292,8582.4,8590.0,11.65,0.166,16.6,2.0072747141792697,0.1316771276926172,-4.5768509450261945,2.4454367041955574,15.992305421971487,1.592801342664715,0.6072905210868568,1787260516.4696412
21.780524253845215,hold3,drive,2.4,0.32,0.292,8582.4,8569.0,12.16,0.161,16.6,1.9385799385992755,0.18285983674088868,-4.660124070302743,2.4328738990366308,16.025603111286344,1.6163329461937814,0.641226497370539,1787260516.4868493
21.80072331428528,hold3,drive,2.4,0.32,0.292,8582.4,8570.0,12.42,0.17,16.6,1.9066381176429195,0.676665551996166,-4.95771286117008,2.2649612097574074,16.047110724147164,1.6203870037598425,0.672664528835771,1787260516.5067232
21.820802211761475,hold3,drive,2.4,0.32,0.292,8582.4,8609.0,11.14,0.169,16.6,1.8841726227933924,0.26521447403444043,-5.270042483327813,2.369578763198996,16.08421924256563,1.6505096799100436,0.7108674080555273,1787260516.526548
21.840543746948242,tr4,drive,2.8,0.32,0.292,10012.8,8590.0,11.73,0.166,16.6,1.888762048299926,-0.14956746132991317,-4.4184618530179876,2.4187521783215193,16.1204397987027,1.6822565814187316,0.7487060871191332,1787260516.546585
21.863823652267456,tr4,drive,2.8,0.32,0.292,10012.8,8552.0,13.46,0.179,16.6,1.8538951443602818,0.04766781966138467,-4.7498805885720685,2.4542041934131373,16.156043128532787,1.7159604756528724,0.787248809538376,1787260516.5670087
21.88068461418152,tr4,drive,2.8,0.32,0.292,10012.8,8701.0,21.5,0.192,16.6,1.9768729992813068,-1.0874082762963937,-4.929252122485877,2.458170232093022,16.188794672821746,1.749450143982772,0.8237103784329938,1787260516.586607
21.900600910186768,tr4,drive,2.8,0.32,0.292,10012.8,8879.0,24.97,0.196,16.6,1.9353089109903856,-1.7353400977159055,-4.836328752083716,2.2911959788736658,16.21497964832731,1.7648591242545169,0.8583381167625299,1787260516.6066
21.920483112335205,tr4,drive,2.8,0.32,0.292,10012.8,8947.0,28.89,0.188,16.6,1.8686253546656189,-2.295765190274807,-4.5084005120626784,2.378285785352759,16.263088371379716,1.8223649838941371,0.9160270467722945,1787260516.6376414
21.941152811050415,tr4,drive,2.8,0.32,0.292,10012.8,9096.0,22.79,0.191,16.6,1.8297799543735052,-1.2562296054669844,-4.168302753944403,2.4846840194800666,16.277946545039473,1.841717678960084,0.9347138548943977,1787260516.646569
21.9617919921875,tr4,drive,2.8,0.32,0.292,10012.8,9192.0,21.65,0.194,16.6,1.7527972883231298,-1.5949216928822807,-4.96052595674081,2.5423264965842494,16.307890122604658,1.8827499565369072,0.9715670677432249,1787260516.666623
21.980489253997803,tr4,drive,2.8,0.32,0.292,10012.8,9250.0,21.03,0.184,16.6,1.7682358994784282,-0.7910352677955999,-5.195042583831821,2.600621238541838,16.33727677749016,1.926212967375346,1.0074576195725036,1787260516.6872272
22.000467777252197,tr4,drive,2.8,0.32,0.292,10012.8,9275.0,22.01,0.193,16.6,1.937523462594841,-0.4921232154244102,-5.256176980258033,2.389092263654803,16.357621636516832,1.946777650287137,1.037208470419561,1787260516.7065494
22.02236771583557,tr4,drive,2.8,0.32,0.292,10012.8,9392.0,19.83,0.194,16.6,1.9170910249214803,-1.282635486302624,-4.926786351539761,2.4939716716597875,16.39654539017841,2.015060403178516,1.0944123518931452,1787260516.7376301
22.040820360183716,tr4,drive,2.8,0.32,0.292,10012.8,9451.0,19.4,0.193,16.6,1.8368194880829116,-0.6478096146071479,-4.892684218952752,2.6029945279185482,16.40826262350042,2.0377671915735256,1.1135846875619502,1787260516.7465725
22.060364961624146,tr4,drive,2.8,0.32,0.292,10012.8,9451.0,19.4,0.193,16.6,1.8368194880829116,-0.6478096146071479,-4.892684218952752,2.6407764597984507,16.432528856325373,2.0879972297808647,1.1529052144327885,1787260516.7678196
22.080310106277466,tr4,drive,2.8,0.32,0.292,10012.8,9584.0,18.18,0.193,16.6,1.89046833561034,-1.2778875469897315,-5.167395192879667,2.677307609199454,16.45251667441585,2.133754912022915,1.1890158624536602,1787260516.7865915
22.100543975830078,tr4,drive,2.8,0.32,0.292,10012.8,9654.0,17.47,0.195,16.6,1.8139200311337564,-0.6253489234311758,-5.6520446065727015,2.6879420424239227,16.480010660607157,2.1680796824643873,1.2215676626532714,1787260516.806594
22.120414972305298,tr4,drive,2.8,0.32,0.292,10012.8,9636.0,18.22,0.189,16.6,1.991100138456728,-0.5169416867777983,-4.9999104641742065,2.7501438413537294,16.49810127131888,2.2188266263895464,1.2583169902379856,1787260516.8266428
22.140411853790283,tr4,drive,2.8,0.32,0.292,10012.8,9656.0,18.38,0.198,16.6,2.018820982243363,-0.651742159662426,-5.473177687391285,2.754828041118963,16.514197922083373,2.2699923652805993,1.2971069207746289,1787260516.8465493
22.161088228225708,tr4,drive,2.8,0.32,0.292,10012.8,9767.0,16.24,0.195,16.6,1.9193886671519464,-0.6297888606463999,-4.949327953565785,2.7362138549878163,16.53484868746231,2.348936999579851,1.3570352047363705,1787260516.8776376
22.180271863937378,tr4,drive,2.8,0.32,0.292,10012.8,9780.0,16.43,0.191,16.6,1.9561747781311565,-0.21424937278049327,-5.520718476287186,2.8000786211021675,16.54056082583679,2.375250807217946,1.3763104919407236,1787260516.886768
22.200599431991577,tr4,drive,2.8,0.32,0.292,10012.8,9772.0,17.24,0.198,16.6,1.9257526900508544,-0.663275062128271,-5.278731446159043,2.769999955879959,16.55907987091966,2.418093702544654,1.4119271711548436,1787260516.9066033
22.220721006393433,tr4,drive,2.8,0.32,0.292,10012.8,9859.0,15.56,0.195,16.6,1.8440823278497214,-0.7209184513900482,-5.230467941377583,2.711529536893046,16.570675470250052,2.4996256814046296,1.469391797281877,1787260516.9376366
22.240400075912476,tr4,drive,2.8,0.32,0.292,10012.8,9902.0,15.05,0.193,16.6,1.889297077362923,-0.09554505187855522,-5.8345069788126125,2.8097067558121056,16.573421837288944,2.526616064111223,1.4878139311867364,1787260516.9465644
22.260611057281494,tr4,drive,2.8,0.32,0.292,10012.8,9823.0,16.92,0.195,16.6,1.95185992453301,-0.3312103553973529,-5.560592980413219,2.837643203791072,16.578864119247832,2.6092956353406844,1.5445942048490378,1787260516.977597
22.28051233291626,tr4,drive,2.8,0.32,0.292,10012.8,9929.0,15.12,0.197,16.6,1.973783732416815,-0.0982289057052883,-5.673758827548511,2.9000461393547803,16.57958188474466,2.6366827771100088,1.5641532259258701,1787260516.9865923
22.300516843795776,tr4,drive,2.8,0.32,0.292,10012.8,9952.0,14.47,0.194,16.6,1.891206297548401,-0.653400357002198,-4.767229278155014,2.876804247902347,16.57948648473176,2.6920313096851394,1.6034427717206674,1787260517.0065353
22.32069492340088,tr4,drive,2.8,0.32,0.292,10012.8,9877.0,16.31,0.196,16.6,1.8271550096450684,-0.4166820703983696,-5.494856240350089,2.8545043489190123,16.577199349852727,2.747731697622344,1.6417864558799882,1787260517.0266745
22.34089708328247,tr4,drive,2.8,0.32,0.292,10012.8,9961.0,14.9,0.196,16.6,1.90606220905719,-0.11353863455790592,-4.846397073146363,2.8444039083018913,16.57277125788388,2.8029255044448624,1.6787395271143957,1787260517.0466826
22.361369848251343,tr4,drive,2.8,0.32,0.292,10012.8,9997.0,14.24,0.196,16.6,1.849484550120947,-0.25633105472935114,-5.94310205727686,2.667812110469697,16.562466888452303,2.8857776157658157,1.7351804485981688,1787260517.0776727
22.381376266479492,tr4,drive,2.8,0.32,0.292,10012.8,9933.0,15.2,0.189,16.6,1.8798431218092506,0.004574925676100072,-5.325776975867996,2.7158283370727547,16.552884319394717,2.940458670816227,1.7723546135773118,1787260517.0976174
22.40058970451355,tr4,drive,2.8,0.32,0.292,10012.8,9989.0,14.99,0.199,16.6,1.9782535819904037,0.6244988844193387,-6.069974947930973,2.8323400495979203,16.547310940381855,2.967734649751788,1.7912219340272675,1787260517.1065857
22.420750617980957,tr4,drive,2.8,0.32,0.292,10012.8,10035.0,13.55,0.193,16.6,1.9060350448140713,-0.7293054055199093,-5.025720659889771,2.839320179249387,16.55088678003757,3.0463187864333645,1.8468890953298078,1787260517.1375947
22.441635608673096,tr4,drive,2.8,0.32,0.292,10012.8,9995.0,14.59,0.194,16.6,1.885063183861915,-0.12157397001397552,-5.356380134458902,2.8001882932953244,16.53515449460186,3.099951906495631,1.8849355086468857,1787260517.1576772
22.46086597442627,tr4,drive,2.8,0.32,0.292,10012.8,10020.0,14.61,0.197,16.6,1.9151461183773957,-0.2120856105357447,-5.503258104880501,2.8623923909684685,16.51730353225206,3.153170563669798,1.9229127118671574,1787260517.1767642
22.48117971420288,tr4,drive,2.8,0.32,0.292,10012.8,10059.0,13.47,0.195,16.6,1.8231450879917364,-0.24714489582090593,-5.5504106386404715,2.6846116275226377,16.51791874006989,3.19319361969428,1.9575595723607087,1787260517.197705
22.500499963760376,tr4,drive,2.8,0.32,0.292,10012.8,10048.0,13.75,0.19,16.6,1.8122804560086492,0.16096446170739753,-5.288942439289713,2.821227339388192,16.50741451670826,3.2189850150128843,1.9757803643245095,1787260517.206574
22.520617246627808,tr4,drive,2.8,0.32,0.292,10012.8,10001.0,15.03,0.194,16.6,1.8998925969178577,0.3102174981384245,-5.335572231947992,2.853627634306652,16.484835257622716,3.270450762597649,2.0121164272848744,1787260517.2266204
22.542484283447266,tr4,drive,2.8,0.32,0.292,10012.8,10080.0,13.25,0.197,16.6,1.8559027683480378,-0.11223200107427633,-5.704609323372097,2.7703738903665136,16.44750854961963,3.3458779840439914,2.0683997377691066,1787260517.2576654
22.560768365859985,tr4,drive,2.8,0.32,0.292,10012.8,10072.0,13.44,0.193,16.6,1.8372278838360754,-0.288034111176632,-4.297509560826029,2.8642095836236763,16.433250935335742,3.372125688617621,2.088197562479118,1787260517.2673535
22.580530643463135,tr4,drive,2.8,0.32,0.292,10012.8,10014.0,14.87,0.195,16.6,1.8252938595172667,-0.1477007559255652,-5.315264851118343,2.903201690806763,16.40589865008481,3.4192633163235184,2.123835156304177,1787260517.286626
22.6004958152771,tr4,drive,2.8,0.32,0.292,10012.8,10081.0,13.45,0.197,16.6,1.7711178392520572,-0.07634453988298873,-5.090947522726196,2.6815390963168992,16.37909256703548,3.479002915037119,2.1772395734057186,1787260517.3174944
22.621159315109253,tr4,drive,2.8,0.32,0.292,10012.8,10127.0,12.42,0.193,16.6,1.8098705615382364,0.4263085977544776,-6.189036542860833,2.709311800317311,16.346511687825032,3.5251726642887484,2.2128686581477606,1787260517.3379908
22.643526554107666,tr4,drive,2.8,0.32,0.292,10012.8,10022.0,14.63,0.192,16.6,1.8230650600009795,-0.45092592488081706,-4.744083658726254,2.881145575814714,16.329737721845994,3.5476046523283027,2.230921738614711,1787260517.346525
22.660455226898193,tr4,drive,2.8,0.32,0.292,10012.8,10092.0,13.54,0.199,16.6,1.8525783443592918,0.16302862028375564,-5.641833028720441,2.8851110070001695,16.288939299147447,3.5990293837855996,2.273541866910503,1787260517.3699546
22.68106460571289,tr4,drive,2.8,0.32,0.292,10012.8,10114.0,12.62,0.192,16.6,1.8676319955790193,-0.3332617780065732,-4.993645172334595,2.6946142936668718,16.257567945142345,3.6355483062057825,2.3050916039519116,1787260517.3893533
22.7004714012146,tr4,drive,2.8,0.32,0.292,10012.8,10028.0,14.28,0.19,16.6,1.838027897427535,0.010500955653651278,-4.895911297409384,2.40917575521126,16.237411939699523,3.6695057639316833,2.3405488770863347,1787260517.407879
22.720881938934326,tr4,drive,2.8,0.32,0.292,10012.8,10094.0,13.53,0.195,16.6,1.8080657372674895,0.5559950225205128,-4.58210466851466,2.6743575381491556,16.177649211643075,3.7289731102214443,2.395484069092656,1787260517.4376318
22.74082326889038,tr4,drive,2.8,0.32,0.292,10012.8,10122.0,12.51,0.196,16.6,1.7373773192954618,-0.29775306108910016,-5.616992301401524,2.7329901882392638,16.135817730863106,3.766984294374155,2.431289671232425,1787260517.4577467
22.761443614959717,tr4,drive,2.8,0.32,0.292,10012.8,10060.0,13.6,0.186,16.6,1.738552572284514,0.284541861478818,-5.38496541884183,2.8513432492131825,16.114377084854457,3.785424442577843,2.4487403477704865,1787260517.466789
22.780500888824463,tr4,drive,2.8,0.32,0.292,10012.8,10078.0,14.06,0.198,16.6,1.8556007658804228,0.6739962248464408,-5.118990185473365,2.8946113564807576,16.07081437221168,3.8209483144125564,2.4834718790210784,1787260517.4867332
22.80038547515869,tr4,drive,2.8,0.32,0.292,10012.8,10118.0,12.43,0.192,16.6,1.8234754531249604,-0.43592430776116586,-5.597660820906015,2.699835564088952,16.056185971347638,3.838761824097267,2.5130434824508345,1787260517.506567
22.8209171295166,tr4,drive,2.8,0.32,0.292,10012.8,10057.0,13.72,0.19,16.6,1.7382168808291094,0.053664505020471154,-4.5079081764836815,2.7220382782026786,15.986900013471073,3.8872796762807345,2.567425804352506,1787260517.537632
22.840678215026855,tr4,drive,2.8,0.32,0.292,10012.8,10060.0,14.03,0.198,16.6,1.8475273930358478,0.4666759125457993,-5.118197887718566,2.849671046031934,15.963280657435755,3.9025581658977586,2.584843087672376,1787260517.5465693
22.86079239845276,tr4,drive,2.8,0.32,0.292,10012.8,10106.0,12.64,0.195,16.6,1.7646857725872978,-0.44780709300858135,-5.143136263543056,2.869849818063128,15.910282153687724,3.934840779152923,2.625070216078498,1787260517.5686567
22.881543397903442,tr4,drive,2.8,0.32,0.292,10012.8,10064.0,13.32,0.191,16.6,1.7722283774266203,0.3748305129403775,-5.228159460539246,2.8781246249091934,15.865968764357891,3.9595803891687402,2.656955212447861,1787260517.5866568
22.900530099868774,tr4,drive,2.8,0.32,0.292,10012.8,10041.0,14.34,0.195,16.6,1.9001377408961995,0.4884479478688455,-5.62274771601443,3.074652394913748,15.823283133242132,3.9929745927286704,2.693898777029916,1787260517.6065414
22.92043662071228,tr4,drive,2.8,0.32,0.292,10012.8,10098.0,12.84,0.195,16.6,1.853336945795801,-0.287162400920856,-5.511380472490771,2.9778760175903805,15.772300609822704,4.016876477739609,2.731361943298701,1787260517.6266208
22.940974950790405,tr4,drive,2.8,0.32,0.292,10012.8,10076.0,13.15,0.192,16.6,1.8004188696714907,0.014350072815156878,-4.523602688687788,2.8279724414967293,15.694214453248263,4.049148973720052,2.7868302081467817,1787260517.6576636
22.960583209991455,tr4,drive,2.8,0.32,0.292,10012.8,10038.0,14.17,0.196,16.6,1.8592073517866627,0.12566423458195075,-5.072000204315486,2.909410048185282,15.662882202810934,4.060755534524517,2.8082018296168263,1787260517.668444
22.98047399520874,tr4,drive,2.8,0.32,0.292,10012.8,10074.0,13.23,0.198,16.6,1.7752496005252607,-0.40231125823930824,-4.9531847771751245,2.900757873294066,15.614505535326787,4.07704768089505,2.8418607119114907,1787260517.6866243
23.000459909439087,tr4,drive,2.8,0.32,0.292,10012.8,10114.0,12.39,0.193,16.6,1.774318026775951,0.5201781938700734,-5.843501166313956,2.7416153312540743,15.564278279877238,4.103293819310301,2.8797908349929906,1787260517.7087038
23.020484924316406,tr4,drive,2.8,0.32,0.292,10012.8,10020.0,14.45,0.191,16.6,1.8955435216997039,0.18229981963781938,-6.010639739837984,2.9547961479884686,15.50948435278877,4.117480714991314,2.915327153380432,1787260517.7266314
23.04066824913025,hold4,drive,2.8,0.32,0.292,10012.8,10063.0,13.67,0.199,16.6,1.8833240065120387,0.09358419716190092,-5.544382159044915,2.923329989180377,15.454858191772525,4.129487741345625,2.953148215244494,1787260517.7465634
23.060532331466675,hold4,drive,2.8,0.32,0.292,10012.8,10101.0,12.41,0.194,16.6,1.8572509936498907,-0.04773310748144688,-5.176099358472243,2.893576302810592,15.393867928980995,4.140472785687051,2.9946270324820157,1787260517.7686281
23.080450534820557,hold4,drive,2.8,0.32,0.292,10012.8,10016.0,14.17,0.191,16.6,1.8280956381420848,-0.4342824095357223,-4.679097116463424,2.880946766806983,15.34345306248006,4.147530188849094,3.028158132706498,1787260517.7866912
23.10060143470764,hold4,drive,2.8,0.32,0.292,10012.8,10045.0,14.02,0.2,16.6,1.8288140258461334,0.3198675605385404,-5.595314917885901,3.1119455413519166,15.283997633396512,4.164771570438151,3.0674095693115437,1787260517.8065994
23.120498657226562,hold4,drive,2.8,0.32,0.292,10012.8,10085.0,12.58,0.195,16.6,1.7970378535095806,-0.29453636144069506,-5.722733938505314,2.9953069000074253,15.22780558219298,4.168422640812075,3.104062571647506,1787260517.826771
23.140562534332275,hold4,drive,2.8,0.32,0.292,10012.8,10021.0,13.77,0.185,16.6,1.8207073634879323,0.22501395107673972,-5.536518823099129,2.9492959918086523,15.171568629957054,4.170038075555449,3.1400778796837137,1787260517.8465984
23.160751819610596,hold4,drive,2.8,0.32,0.292,10012.8,10021.0,14.77,0.199,16.6,1.8497890825915975,0.6310012077736005,-5.200393371104269,2.8891246949918057,15.084705567563109,4.168534939707126,-3.0868513927354084,1787260517.8776348
23.18046736717224,hold4,drive,2.8,0.32,0.292,10012.8,10075.0,12.57,0.193,16.6,1.8574033264642429,-0.5384889697395892,-5.405412548131551,2.760049363057763,15.059477048410725,4.1671305165242325,-3.0699494562805625,1787260517.8879108
23.200467109680176,hold4,drive,2.8,0.32,0.292,10012.8,10027.0,13.9,0.187,16.6,1.759422966799138,-0.2610935755369006,-4.978105611351907,3.0213374638360966,15.003837207182428,4.173209623547116,-3.030357930929835,1787260517.9065926
23.221281051635742,hold4,drive,2.8,0.32,0.292,10012.8,10001.0,14.77,0.198,16.6,1.807941633960692,0.08921492903262429,-4.608035901599408,2.8390958178530665,14.920607156406264,4.162377242198475,-2.9768723725900785,1787260517.9377997
23.240955114364624,hold4,drive,2.8,0.32,0.292,10012.8,10050.0,13.03,0.195,16.6,1.7637978746798657,-0.44046035858778865,-5.580637821248843,2.8151151283169047,14.865229881411041,4.152664459642381,-2.940909419905299,1787260517.9577866
23.260406970977783,hold4,drive,2.8,0.32,0.292,10012.8,10038.0,13.41,0.188,16.6,1.7237388718790025,0.16676541151414526,-5.298290383353162,2.9290686705269167,14.837595545815832,4.147043043223876,-2.9231856919102475,1787260517.966613
23.280704736709595,hold4,drive,2.8,0.32,0.292,10012.8,9989.0,14.91,0.196,16.6,1.834679638147033,0.6178264070823118,-5.847869621314771,2.7611521421829783,14.783049805416335,4.134468924903902,-2.8885075854389166,1787260517.9876318
23.300655841827393,hold4,drive,2.8,0.32,0.292,10012.8,10044.0,13.17,0.195,16.6,1.8404698829890833,-0.34065021038577115,-5.266173965286669,2.3608908034678056,14.743205946862194,4.136392955216951,-2.8573572169660664,1787260518.0085309
23.320350885391235,hold4,drive,2.8,0.32,0.292,10012.8,10043.0,13.38,0.191,16.6,1.7487905624631055,-0.14251610267494907,-4.672912516203269,2.7238349783575075,14.689442176840164,4.120171609228196,-2.8205599953647074,1787260518.0268197
23.34041929244995,hold4,drive,2.8,0.32,0.292,10012.8,9995.0,14.78,0.194,16.6,1.8367634285419654,0.050208645105375815,-4.9998765503219715,2.924669790459755,14.636455732738964,4.102042699714443,-2.785168524124829,1787260518.0465848
23.36389470100403,hold4,drive,2.8,0.32,0.292,10012.8,10042.0,13.4,0.195,16.6,1.8207196140289468,-0.37435948315432555,-5.441948291977212,2.968108251912471,14.58414656220386,4.0820225126774226,-2.7488318132659844,1787260518.0666282
23.38057231903076,hold4,drive,2.8,0.32,0.292,10012.8,10071.0,12.82,0.193,16.6,1.7254628692106653,0.19828365939380532,-5.563700190943848,2.9271820494405683,14.53252551216409,4.060099399470856,-2.712378080089465,1787260518.086602
23.400368213653564,hold4,drive,2.8,0.32,0.292,10012.8,9995.0,14.52,0.191,16.6,1.874395492641439,0.35074064123354987,-5.6379376134861445,3.0862035369063667,14.474528502518774,4.048661954171145,-2.674949420731334,1787260518.106688
23.42091965675354,hold4,drive,2.8,0.32,0.292,10012.8,10035.0,13.81,0.199,16.6,1.861193537327644,-0.09894475111216128,-5.698970268355652,2.845422574074582,14.400452036254086,4.009629785075661,-2.6196871751532407,1787260518.137674
23.44087529182434,hold4,drive,2.8,0.32,0.292,10012.8,10070.0,12.77,0.195,16.6,1.80920517073988,-0.3409873023825547,-4.662708539731682,2.8205679926339737,14.351917295025874,3.981135061137464,-2.5827092453163054,1787260518.1576478
23.46094012260437,hold4,drive,2.8,0.32,0.292,10012.8,10015.0,13.97,0.191,16.6,1.8583892286997903,-0.09126269713190549,-5.1596295054394545,2.7833148624655695,14.304682884027113,3.9509991379260674,-2.546258455868873,1787260518.1775866
23.480550050735474,hold4,drive,2.8,0.32,0.292,10012.8,10022.0,14.27,0.2,16.6,1.8747298525162985,0.20183741449389458,-4.869430426029794,2.8821342511431145,14.281376658606707,3.935213622754496,-2.527607296029813,1787260518.1866298
23.500592947006226,hold4,drive,2.8,0.32,0.292,10012.8,10089.0,12.32,0.196,16.6,1.8176955946111617,-0.1475721902659073,-5.569805269067729,3.67960506572739,14.210697825711545,3.8963930639873774,-2.474665809687162,1787260518.2078989
23.521141529083252,hold4,drive,2.8,0.32,0.292,10012.8,10055.0,13.24,0.186,16.6,1.8639802690923029,0.17329664204202544,-5.245201171287306,3.1154480378202845,14.145254660005147,3.8429193987106154,-2.4195556920893293,1787260518.237536
23.540358304977417,hold4,drive,2.8,0.32,0.292,10012.8,10008.0,14.76,0.199,16.6,1.8795009056091756,0.41278216011684776,-6.093042799388229,2.9382883211554263,14.103593172477524,3.8055042187421773,-2.382221890361088,1787260518.2575998
23.56038236618042,hold4,drive,2.8,0.32,0.292,10012.8,10084.0,12.44,0.195,16.6,1.8710321865007782,-0.36600322690795295,-5.079684030733063,2.991466413348234,14.083069582044084,3.7860221078906955,-2.363287517095621,1787260518.2666826
23.580484628677368,hold4,drive,2.8,0.32,0.292,10012.8,10056.0,13.41,0.192,16.6,1.827298287711715,-0.033884067978942056,-5.084111542614494,2.948973998738193,14.04340359381073,3.746206411417715,-2.325941610598414,1787260518.2865603
23.600369930267334,hold4,drive,2.8,0.32,0.292,10012.8,9997.0,14.81,0.2,16.6,1.8004959681850485,-0.04958873972067934,-5.3445746055516,2.7489064872163844,14.023055456421904,3.729394648206523,-2.2901142650568374,1787260518.3065574
23.62100386619568,hold4,drive,2.8,0.32,0.292,10012.8,10067.0,12.74,0.197,16.6,1.8215003197025033,-0.25906937902672666,-5.633475603030888,2.721549369024764,13.968646722717988,3.665006375952259,-2.2359084235744193,1787260518.3378484
23.64045739173889,hold4,drive,2.8,0.32,0.292,10012.8,10074.0,12.81,0.192,16.6,1.8002409705106734,0.022175237404628234,-5.614633534506424,2.85799705044112,13.951341885472813,3.6429431360265014,-2.217674698221211,1787260518.346676
23.660856246948242,hold4,drive,2.8,0.32,0.292,10012.8,9982.0,14.96,0.197,16.6,1.9138973621422575,0.09576244040228321,-5.7148267484402595,2.8335090646682666,13.901936204406617,3.575028791800365,-2.1626319387741297,1787260518.377599
23.68039035797119,hold4,drive,2.8,0.32,0.292,10012.8,10051.0,13.06,0.196,16.6,1.954820294400742,-0.14852724162084474,-5.713725132964214,2.9130354973455903,13.885128101117258,3.5500248241159555,-2.1420474083066092,1787260518.3873222
23.700896501541138,hold4,drive,2.8,0.32,0.292,10012.8,10074.0,12.76,0.192,16.6,1.8959054452918458,-0.24926699665234864,-4.771619952576259,2.903418028022871,13.876728893395807,3.541261615836884,-2.1099523776919833,1787260518.40662
23.720702648162842,hold4,drive,2.8,0.32,0.292,10012.8,10012.0,14.37,0.195,16.6,1.8908089539137611,-0.08615038490553406,-5.402749141287927,2.803337653327294,13.834679715271577,3.4680162583249623,-2.0530380501700276,1787260518.437574
23.740508317947388,hold4,drive,2.8,0.32,0.292,10012.8,10050.0,13.27,0.194,16.6,1.902839251505976,-0.12755620178625282,-5.316836582752956,2.8895639545796983,13.82174904088627,3.443314106849584,-2.0341542702649176,1787260518.446595
23.760900259017944,hold4,drive,2.8,0.32,0.292,10012.8,10073.0,12.85,0.194,16.6,1.7939228871405695,0.03664227966259248,-6.418237465974812,2.8821189050085154,13.784817825882458,3.3658781031076876,-1.9759514752028247,1787260518.4771862
23.780335664749146,hold4,drive,2.8,0.32,0.292,10012.8,10008.0,14.18,0.191,16.6,1.8811451412661904,0.033987326157271625,-5.157972404452664,2.7757666482086734,13.772644067010743,3.3376420614278604,-1.9570818614350987,1787260518.4893513
23.800483465194702,hold4,drive,2.8,0.32,0.292,10012.8,10016.0,14.1,0.195,16.6,1.8816944182410194,-0.05366085051053204,-5.85544585895974,2.480778093728594,13.745880546145631,3.2807927595677917,-1.9018315955678933,1787260518.5179446
23.82056498527527,hold4,drive,2.8,0.32,0.292,10012.8,10057.0,12.9,0.194,16.6,1.8259424724007554,-0.0973862305309785,-5.228092802277956,2.6897755859568933,13.73674588851075,3.254213952945612,-1.8829017384580164,1787260518.5267897
23.840346097946167,hold4,drive,2.8,0.32,0.292,10012.8,10024.0,13.66,0.192,16.6,1.9030361922685872,0.4719440713485241,-6.121398288186185,2.7974628008323656,13.719999675674458,3.2007300476660974,-1.8462206774401277,1787260518.5465808
23.860876083374023,hold4,drive,2.8,0.32,0.292,10012.8,9998.0,14.35,0.197,16.6,1.8962579146621177,-0.19572298082456996,-5.309005406494634,2.7875827533168587,13.698694225450339,3.119564882800065,-1.7895923843609711,1787260518.577625
23.88052725791931,hold4,drive,2.8,0.32,0.292,10012.8,10062.0,12.89,0.196,16.6,1.8355832487048969,-0.2468640101869859,-5.622196323554817,2.8906921423942427,13.692601722918681,3.0921650686013633,-1.770574511889593,1787260518.586589
23.900570392608643,hold4,drive,2.8,0.32,0.292,10012.8,10063.0,12.94,0.191,16.6,1.9113949228239644,0.27455470708191854,-5.3312704352084666,4.947146693275728,13.656329473171324,2.9729612087373365,-1.7024788816608178,1787260518.6088746
23.9210422039032,hold4,drive,2.8,0.32,0.292,10012.8,9978.0,14.82,0.195,16.6,1.9744425984705003,-0.10926899750584429,-5.487281756869891,3.576718547068097,13.646947485700846,2.889536900769683,-1.6448329224187612,1787260518.6377301
23.940559148788452,hold4,drive,2.8,0.32,0.292,10012.8,10070.0,12.81,0.195,16.6,1.9063956368256678,-0.14910352129314308,-5.511578108388278,3.4563547957455394,13.644857887349586,2.861364630681178,-1.6249652805788368,1787260518.6466262
23.960744619369507,hold4,drive,2.8,0.32,0.292,10012.8,10047.0,13.11,0.193,16.6,1.821913775461738,-0.2525108858547007,-5.11834289867295,3.14973315709927,13.642081626757346,2.7978141921256507,-1.5815467801916405,1787260518.6692512
23.980738401412964,hold4,drive,2.8,0.32,0.292,10012.8,9948.0,15.02,0.195,16.6,1.8310064732135412,-0.08905721865620198,-5.485943329149791,3.0063847332198326,13.641938802772671,2.7489500031610126,-1.5497025406889169,1787260518.6866195
24.000591039657593,hold4,drive,2.8,0.32,0.292,10012.8,10031.0,13.41,0.196,16.6,1.9122169074944173,0.26795276178671656,-4.909065779025411,2.961430752558771,13.643675622982062,2.693373087801633,-1.5131730474933105,1787260518.7067423
24.020452976226807,hold4,drive,2.8,0.32,0.292,10012.8,10051.0,12.9,0.193,16.6,1.8833021685911,0.18245389377685228,-6.268167500391996,2.8763412525174985,13.645940067286087,2.6864735522957592,-1.4824574126454868,1787260518.726774
24.040477752685547,hold4,drive,2.8,0.32,0.292,10012.8,9965.0,14.52,0.191,16.6,1.886693970555425,0.03516708876022756,-4.956520613847545,2.860629896498443,13.651407919706799,2.6303737665877005,-1.4445138694196544,1787260518.7469723
24.06090235710144,hold4,drive,2.8,0.32,0.292,10012.8,10027.0,13.83,0.196,16.6,1.9911391537666978,0.8695751448892111,-6.185857411574602,2.9057789881758387,13.66369889130318,2.5465125829348563,-1.3871800633697549,1787260518.7772276
24.080626487731934,hold4,drive,2.8,0.32,0.292,10012.8,10052.0,12.77,0.192,16.6,1.909162128566042,-0.6810294754046566,-4.746716075325594,2.785274405852429,13.668592143814994,2.520105018952942,-1.3676560423437463,1787260518.787953
24.100457429885864,hold4,drive,2.8,0.32,0.292,10012.8,9978.0,14.3,0.193,16.6,1.8304963447067366,-0.15764448560811317,-4.967871814079217,2.5861944404614876,13.663259232407665,2.5103131110326826,-1.3404930712824563,1787260518.8078434
24.120543479919434,hold4,drive,2.8,0.32,0.292,10012.8,10012.0,13.99,0.195,16.6,1.8869094202876124,0.2885577659058072,-4.888477147110848,2.709921396185534,13.683872980399359,2.428992093570236,-1.2848871813703322,1787260518.8377807
24.140453577041626,hold4,drive,2.8,0.32,0.292,10012.8,10042.0,13.09,0.194,16.6,1.8325568324421309,-0.31960849232895683,-5.98644162154676,2.848081729282087,13.691727571616605,2.4022724385856113,-1.2660046117954191,1787260518.846565
24.167081117630005,hold4,drive,2.8,0.32,0.292,10012.8,10003.0,13.7,0.189,16.6,1.7997424267546105,0.16280388619505004,-5.186832507983013,2.826999931435495,13.71021542926699,2.3453394620702968,-1.2266215956033464,1787260518.8681972
24.180559158325195,hold4,drive,2.8,0.32,0.292,10012.8,9983.0,14.65,0.194,16.6,1.8976516800186105,0.356920344450387,-5.329959489403109,2.8306761866898285,13.728228722682577,2.29634579384946,-1.1929294419331051,1787260518.8865824
24.20075798034668,hold4,drive,2.8,0.32,0.292,10012.8,10036.0,13.09,0.193,16.6,1.843002416027694,-0.1909604600170205,-5.703988933764833,2.7053449859768257,13.73184011146766,2.2637576172923115,-1.1588233184266774,1787260518.9066765
24.22109603881836,hold4,drive,2.8,0.32,0.292,10012.8,10015.0,13.57,0.19,16.6,1.8469806460640543,-0.06123234642885489,-4.570161730033647,2.796413560082791,13.754721371168158,2.2125957234836453,-1.1217029700386747,1787260518.9266138
24.24129867553711,hold4,drive,2.8,0.32,0.292,10012.8,9971.0,14.74,0.194,16.6,1.88536518632953,-0.05449080799025374,-5.33981029403418,2.8281562027669853,13.779642787536943,2.1620329949731336,-1.0845220144481127,1787260518.946919
24.26415228843689,hold4,drive,2.8,0.32,0.292,10012.8,10035.0,13.23,0.195,16.6,1.8097037144959427,-0.07376028058837125,-5.296325718809896,2.8731695601970544,13.80598205290418,2.1133059421171705,-1.0472488632736083,1787260518.9668252
24.281569242477417,hold4,drive,2.8,0.32,0.292,10012.8,10078.0,12.43,0.191,16.6,1.8572123778140843,0.660161712020944,-5.806035130418195,2.8888712802872383,13.835118739029474,2.0638339783928847,-1.0101997792813509,1787260518.9871106
24.30051302909851,hold4,drive,2.8,0.32,0.292,10012.8,9982.0,14.57,0.191,16.6,1.9208924210614595,0.1163529635257401,-5.257252283262517,2.9795741693927784,13.852335531413694,2.0176157323418185,-0.9716701654308165,1787260519.006609
24.32100248336792,hold4,drive,2.8,0.32,0.292,10012.8,10057.0,13.23,0.197,16.6,1.8985082857832345,0.13525991787417269,-6.370790817254942,2.793562424517168,13.900992960185327,1.9491555400054665,-0.914514545519848,1787260519.0380142
24.34055495262146,hold4,drive,2.8,0.32,0.292,10012.8,10055.0,12.76,0.192,16.6,1.9218034884703756,-0.16202646229570306,-5.304177945045467,2.9349193502916604,13.918080593877825,1.9269685387400144,-0.8955176015610294,1787260519.046592
24.360857248306274,hold4,drive,2.8,0.32,0.292,10012.8,9991.0,14.21,0.187,16.6,1.9332883706713426,0.36409681525311655,-5.480497816979721,2.880248103842866,13.961841300338483,1.8735413538938441,-0.8483844470970956,1787260519.07119
24.380494832992554,hold4,drive,2.8,0.32,0.292,10012.8,9991.0,14.21,0.187,16.6,1.9332883706713426,0.36409681525311655,-5.480497816979721,2.873014458827642,13.99057443249309,1.8414297758571152,-0.818550286734819,1787260519.0866225
24.400476455688477,hold4,drive,2.8,0.32,0.292,10012.8,10071.0,12.45,0.193,16.6,1.8857428225721033,0.046207203401470665,-5.952511397107287,2.5212896709215613,14.019006102629815,1.8008267453837643,-0.7768774155036238,1787260519.1090748
24.420499801635742,hold4,drive,2.8,0.32,0.292,10012.8,10011.0,13.88,0.187,16.6,1.8841565106687976,0.13232408558713793,-5.2782408647448165,2.774385741198757,14.080203902839012,1.7428642558280065,-0.7200871965089455,1787260519.1376626
24.440604209899902,hold4,drive,2.8,0.32,0.292,10012.8,10019.0,14.24,0.198,16.6,1.9439169134237944,0.6771567912221812,-5.847446867605015,2.88444098854944,14.10128792088309,1.7243688874733123,-0.7012228876692248,1787260519.1465912
24.460933685302734,hold4,drive,2.8,0.32,0.292,10012.8,10039.0,13.0,0.192,16.6,1.8759944545599228,-0.4350399163559011,-5.605941063345654,2.870151216061134,14.147688009205574,1.6859946529105003,-0.6597390072105193,1787260519.1681023
24.48060178756714,hold4,drive,2.8,0.32,0.292,10012.8,9998.0,14.08,0.187,16.6,1.805285397089447,-0.07154209355435448,-4.613438729093389,2.7729909393464505,14.19530004460409,1.6497968583069365,-0.6195293392444764,1787260519.1904385
24.500534772872925,hold4,drive,2.8,0.32,0.292,10012.8,9990.0,14.49,0.197,16.6,1.8464922223201339,0.4654816917878968,-5.495785947678598,4.27857408858148,14.272536663041341,1.5826395612915107,-0.5618968632250714,1787260519.206569
24.520923376083374,hold4,drive,2.8,0.32,0.292,10012.8,10023.0,13.16,0.194,16.6,1.845904595825608,-0.46872196302540914,-5.516062338263964,3.257091314622431,14.344360357257704,1.5393051236086435,-0.5065914530085008,1787260519.2376056
24.540682315826416,hold4,drive,2.8,0.32,0.292,10012.8,10014.0,13.57,0.187,16.6,1.7557019981240791,0.25477788800522916,-5.427212138459538,3.220674067411565,14.368971963435198,1.5256483354678085,-0.48807704649605377,1787260519.2465818
24.561168670654297,hold4,drive,2.8,0.32,0.292,10012.8,9956.0,15.0,0.195,16.6,1.8993526410068442,0.4460853802860676,-5.73384364872021,3.0371474944638965,14.421815570516133,1.4982484750408804,-0.45031601337906885,1787260519.2678702
24.5802903175354,hold4,drive,2.8,0.32,0.292,10012.8,10019.0,13.35,0.195,16.6,1.9751442082596817,-0.07402666695410787,-6.102208310315518,2.9514488598864608,14.46902998770574,1.4759677278314687,-0.41517116917080277,1787260519.2866008
24.6004319190979,hold4,drive,2.8,0.32,0.292,10012.8,10012.0,13.47,0.191,16.6,1.8653282280780463,-0.38266304136737617,-4.114120697226355,2.751703602019281,14.482624145939905,1.4705941695969547,-0.38002362139320967,1787260519.3065922
24.620842456817627,hold4,drive,2.8,0.32,0.292,10012.8,9967.0,14.6,0.193,16.6,1.9197846792060413,0.2722913228962298,-5.110749119380273,2.7262571281098076,14.561057759515439,1.4409438002066037,-0.3229603190470298,1787260519.3377557
24.640684366226196,hold4,drive,2.8,0.32,0.292,10012.8,10009.0,13.72,0.197,16.6,1.8762791464804525,-0.0971742506819604,-5.74866049381734,2.754693494656438,14.614099924097864,1.4237294667473803,-0.2851085980909961,1787260519.3576596
24.660358428955078,hold4,drive,2.8,0.32,0.292,10012.8,10058.0,12.65,0.193,16.6,1.845441738428152,0.3471724142741017,-5.861690685543692,2.8253858043746405,14.655256870182939,1.411666632289315,-0.2562603255213393,1787260519.372002
24.680572748184204,hold4,drive,2.8,0.32,0.292,10012.8,9986.0,14.21,0.19,16.6,1.9319199053452052,-0.12199447620011927,-4.980260310412007,2.2724932139820018,14.696110136887295,1.3960166508099376,-0.2116067942736829,1787260519.3976414
24.70050835609436,hold4,drive,2.8,0.32,0.292,10012.8,9991.0,14.43,0.2,16.6,1.9186861252563836,0.30649519703994343,-5.8622303835715,2.525169323653169,14.723236065371463,1.3901893825810308,-0.19233524991369644,1787260519.406549
24.721341133117676,hold4,drive,2.8,0.32,0.292,10012.8,10058.0,12.48,0.193,16.6,1.8961565813826402,0.12965468534721403,-5.214386928202316,2.6490003527522474,14.806211167973863,1.375625895551111,-0.13474162690753766,1787260519.437752
24.74164605140686,hold4,drive,2.8,0.32,0.292,10012.8,10005.0,13.79,0.188,16.6,1.9115171619179991,-0.0038264866087076577,-4.540342098373685,2.725590210578302,14.86159382708129,1.368642121031881,-0.09674082400023558,1787260519.457542
24.760448455810547,hold4,drive,2.8,0.32,0.292,10012.8,10012.0,14.19,0.197,16.6,1.81026683990844,0.01619127430826728,-5.3455680475334475,2.528595219696753,14.892484021095305,1.3656444207567662,-0.07550323350101545,1787260519.4725425
24.780470609664917,hold4,drive,2.8,0.32,0.292,10012.8,10058.0,12.57,0.195,16.6,1.7702182234358286,-0.029570997076254102,-5.656428849056454,2.7908300040849903,14.924799176197576,1.3566481585953805,-0.042815057493418934,1787260519.4887795
24.800472021102905,hold4,drive,2.8,0.32,0.292,10012.8,10028.0,13.4,0.184,16.6,1.8553669403367141,0.318013664191529,-5.586159931947236,2.976366987175072,14.980974075951513,1.3546974194441321,-0.007197508789340747,1787260519.5065637
24.820884943008423,hold4,drive,2.8,0.32,0.292,10012.8,9983.0,14.99,0.2,16.6,1.876440534042511,0.4148317920161979,-5.606585426538118,2.837007674721806,15.064902484142628,1.3556266024055958,0.04865566330830963,1787260519.5375597
24.840441703796387,hold4,drive,2.8,0.32,0.292,10012.8,10051.0,12.67,0.195,16.6,1.8659523398795064,-0.48004294045988516,-5.138049770429404,2.8937212615732295,15.09296965644199,1.3569933079621344,0.06753843005736564,1787260519.546846
24.86306619644165,hold4,drive,2.8,0.32,0.292,10012.8,10032.0,13.37,0.191,16.6,1.777010482638021,-0.18891082811767035,-4.685839541120686,2.896229394723581,15.150938642565563,1.3614451950261042,0.10621000686110887,1787260519.5673227
24.880659341812134,hold4,drive,2.8,0.32,0.292,10012.8,9969.0,14.96,0.198,16.6,1.8091183516883433,-0.1848097370640005,-5.192641716982223,3.165648450334935,15.204820551978923,1.3674880610077116,0.1405582782456967,1787260519.5866392
24.900583505630493,hold4,drive,2.8,0.32,0.292,10012.8,10035.0,13.02,0.195,16.6,1.8049150845398714,-0.35881056662619315,-5.518318778880769,2.7702594885840104,15.234008805576956,1.3635021071186262,0.16998919130970103,1787260519.6065938
24.920846700668335,hold4,drive,2.8,0.32,0.292,10012.8,10051.0,12.96,0.192,16.6,1.7634910785222884,0.07528252559027093,-5.612343180037385,2.8214850452084144,15.28929777368712,1.373470321989831,0.20617315737497427,1787260519.6266234
24.943567037582397,hold4,drive,2.8,0.32,0.292,10012.8,9968.0,14.82,0.195,16.6,1.8172242150982176,-0.1375995260009164,-5.378114820690371,2.7425486803296604,15.371083624673364,1.3920639774085142,0.2594670588794656,1787260519.6579509
24.960397958755493,hold4,drive,2.8,0.32,0.292,10012.8,10033.0,13.29,0.196,16.6,1.855948841034896,-0.06717284369762755,-5.248013682136445,2.8861494824554303,15.398249987159923,1.3992753145883423,0.2777609033365262,1787260519.6666765
24.98034381866455,hold4,drive,2.8,0.32,0.292,10012.8,10034.0,13.13,0.194,16.6,1.7926955693522062,-0.27195061293460654,-5.310007619300336,3.0786579743365925,15.451891839894293,1.415078803899001,0.31457847194752236,1787260519.68667
25.000468254089355,hold4,drive,2.8,0.32,0.292,10012.8,9985.0,14.41,0.194,16.6,1.8391068771431807,0.08776877549579432,-5.567469306314649,2.815073484274471,15.489834392688962,1.4166506035682602,0.3464009127293021,1787260519.7066448
25.021586656570435,hold4,drive,2.8,0.32,0.292,10012.8,10010.0,13.78,0.197,16.6,1.8531161697414336,-0.18626865397679282,-5.388967838127144,2.7226400516827938,15.568069868026539,1.4464886952566842,0.40132167880372727,1787260519.7381039
25.040868997573853,hold4,drive,2.8,0.32,0.292,10012.8,10063.0,12.63,0.193,16.6,1.7294671982257086,0.01074017530612803,-5.490916386274932,2.759253234276996,15.619705803364655,1.4689341160713505,0.43784810848834016,1787260519.7581866
25.063417673110962,hold4,drive,2.8,0.32,0.292,10012.8,9998.0,14.08,0.191,16.6,1.8318777263641608,0.39846919885012255,-5.32662599161705,2.784748604811398,15.6699946283028,1.4930059417444035,0.4728801029445828,1787260519.7776947
25.08043885231018,hold4,drive,2.8,0.32,0.292,10012.8,10004.0,14.14,0.197,16.6,1.8454792889995224,0.05887646659660728,-5.511121440826287,2.8947720263302537,15.695000823366755,1.5057989728498915,0.4912780818006341,1787260519.7866075
25.100570678710938,hold4,drive,2.8,0.32,0.292,10012.8,10059.0,12.61,0.193,16.6,1.76305977958375,-0.40705923409730005,-5.258639242874608,3.028306546760333,15.740056159957383,1.5220438995776233,0.5297914447506229,1787260519.8066747
25.12080192565918,hold4,drive,2.8,0.32,0.292,10012.8,10003.0,13.83,0.191,16.6,1.7627603071191704,0.062430226264833966,-5.228793298743085,2.9515942633849646,15.7883620114585,1.5508837175923367,0.5654948884942756,1787260519.8267288
25.140780687332153,hold4,drive,2.8,0.32,0.292,10012.8,9967.0,14.85,0.198,16.6,1.8265250388892103,0.17933506190461657,-5.682303948868537,2.8248379523901908,15.858162741107519,1.5969393827204168,0.6186133339727069,1787260519.8575017
25.16046929359436,hold4,drive,2.8,0.32,0.292,10012.8,10050.0,12.66,0.195,16.6,1.8053249450316347,-0.14216452054625695,-5.459493448014484,2.864226374084114,15.88412515170528,1.615419885417329,0.6394421359413212,1787260519.868282
25.18046474456787,hold4,drive,2.8,0.32,0.292,10012.8,10056.0,12.75,0.189,16.6,1.8645339402829302,0.06132108706645134,-4.947534027726874,2.8899538814353636,15.92591831940973,1.6470142274870285,0.6731678311749881,1787260519.8866131
25.200573921203613,hold4,drive,2.8,0.32,0.292,10012.8,9959.0,15.17,0.198,16.6,1.8933838312137043,0.015067708931900015,-5.805667340537923,3.058831899576468,15.964422783462604,1.6685151088592074,0.7109587323781217,1787260519.9065511
25.220611095428467,hold4,drive,2.8,0.32,0.292,10012.8,10044.0,12.91,0.194,16.6,1.9173911631763325,-0.01076371948641075,-5.492551852562883,2.9122644581990946,16.02682926310283,1.7243807031748946,0.7678500893455894,1787260519.9366045
25.24060583114624,hold4,drive,2.8,0.32,0.292,10012.8,10034.0,13.22,0.193,16.6,1.8773269672113437,-0.26068584186299404,-5.2281910355051195,2.7996644506611847,16.047080556319802,1.7438947528723954,0.7870726070596569,1787260519.94769
25.260626077651978,hold4,drive,2.8,0.32,0.292,10012.8,9953.0,14.79,0.197,16.6,1.8373159013101024,-0.20471336763557701,-5.215664544877029,2.8791080675180676,16.092259400191736,1.7901864620134211,0.8305782970412176,1787260519.9696574
25.28046703338623,hold4,drive,2.8,0.32,0.292,10012.8,10034.0,13.11,0.194,16.6,1.843518936121115,0.13740917171446299,-5.360701811732497,2.7267102012749245,16.123830658729606,1.8253257958204328,0.861843258956812,1787260519.987987
25.30069875717163,hold4,drive,2.8,0.32,0.292,10012.8,10042.0,13.03,0.193,16.6,1.7952809661384552,-0.038603100118216105,-5.794115580800792,2.1963925731042035,16.15127720570859,1.84536308875368,0.8958107176002498,1787260520.0077643
25.321121215820312,hold4,drive,2.8,0.32,0.292,10012.8,9947.0,14.7,0.193,16.6,1.8049931151598106,-0.011704308118264173,-5.043602615563032,2.5784345532952266,16.202462380863196,1.911692617092228,0.9499003054294821,1787260520.0376232
25.341063499450684,hold4,drive,2.8,0.32,0.292,10012.8,10016.0,13.73,0.196,16.6,1.8914826005114966,0.4807931017150864,-5.77668503019521,2.6843774946815016,16.23460087647814,1.9574613730387593,0.9864106536056431,1787260520.0575483
25.360756874084473,hold4,drive,2.8,0.32,0.292,10012.8,10030.0,13.05,0.193,16.6,1.8533942037592377,-0.4735823150640286,-5.572461074530679,2.789028597234674,16.25007118803792,1.9808496870698824,1.005412103272957,1787260520.0667932
25.380468130111694,hold4,drive,2.8,0.32,0.292,10012.8,9964.0,14.46,0.194,16.6,1.7902341427147008,0.13723888982385013,-4.944407521383766,2.8351410931333447,16.281004183794852,2.0306283628500243,1.0443514480107692,1787260520.0875523
25.40162491798401,hold4,drive,2.8,0.32,0.292,10012.8,9991.0,14.12,0.195,16.6,1.8742655303802431,0.14364504474906425,-5.253892473004896,2.9837895484214307,16.338301382337036,2.1076474656312594,1.1048981811344318,1787260520.118421
25.420921564102173,hold4,drive,2.8,0.32,0.292,10012.8,10040.0,12.92,0.194,16.6,1.8030597933664678,-0.2880612641854796,-5.861257991566902,3.088791861666205,16.350630017760572,2.1321666276531874,1.123295024790085,1787260520.1266532
25.440935373306274,hold4,drive,2.8,0.32,0.292,10012.8,9989.0,13.88,0.193,16.6,1.8652187721572442,0.17104948388046637,-5.27924658588006,2.8720824536211786,16.38556771852539,2.2084645230953646,1.177992170449335,1787260520.1577911
25.46042561531067,hold4,drive,2.8,0.32,0.292,10012.8,9970.0,14.66,0.195,16.6,1.9617489074507466,0.1782132369886078,-6.189904269700776,2.9186086854348483,16.406535097625785,2.2604362231594037,1.2153588789494363,1787260520.1766176
25.48048686981201,hold4,drive,2.8,0.32,0.292,10012.8,10025.0,13.36,0.196,16.6,1.9289524781005845,-0.18653682191612475,-5.328256195410688,2.769405678157159,16.41618446152438,2.286524888043049,1.2354798133793867,1787260520.1881058
25.500441074371338,hold4,drive,2.8,0.32,0.292,10012.8,10008.0,13.44,0.194,16.6,1.9078882054586026,-0.0542933548182436,-4.561187423066372,3.1720912751960926,16.443353942388654,2.329812294657915,1.2745295228328635,1787260520.2065537
25.5211079120636,hold4,drive,2.8,0.32,0.292,10012.8,9975.0,14.53,0.194,16.6,1.923864242521879,-0.14300893161278783,-5.191844741454702,3.026621319148586,16.45922219019585,2.3835923432456307,1.312763510782072,1787260520.2266386
25.54073405265808,hold4,drive,2.8,0.32,0.292,10012.8,10025.0,13.36,0.196,16.6,1.8497001330111889,-0.05878591697659097,-5.744952774213516,2.8503650024367877,16.479036693123877,2.4649336998339946,1.369918549010781,1787260520.2577486
25.561174631118774,hold4,drive,2.8,0.32,0.292,10012.8,10038.0,13.07,0.192,16.6,1.8780102011890039,0.15082325144401487,-5.59563183698782,2.9084749843731643,16.489853192753372,2.5207315642263977,1.407523602156288,1787260520.2769692
25.580454111099243,hold4,drive,2.8,0.32,0.292,10012.8,9945.0,15.07,0.191,16.6,1.9050163856971156,-0.29379157231510433,-5.297348981592847,2.791972634301964,16.494384052420415,2.548119640024867,1.4261749170492277,1787260520.2879846
25.600720405578613,hold4,drive,2.8,0.32,0.292,10012.8,10021.0,13.77,0.198,16.6,1.9084342866401234,0.3630583862539183,-5.5068822092969185,3.8170912581212435,16.506587195137346,2.591528802744524,1.4662680457491046,1787260520.3066928
25.621257066726685,hold4,drive,2.8,0.32,0.292,10012.8,10045.0,12.7,0.195,16.6,1.8914686189157737,-0.27799075041686905,-4.925994053784962,3.0855536013683085,16.513803122227777,2.675132345386723,1.5232376743479357,1787260520.3380487
25.640740156173706,hold4,drive,2.8,0.32,0.292,10012.8,9964.0,14.43,0.187,16.6,1.8270243815936003,-0.46967878681766706,-4.898767662377793,2.9535806489095493,16.515909810491074,2.730773167450155,1.5606866692326467,1787260520.3576052
25.661205053329468,hold4,drive,2.8,0.32,0.292,10012.8,10023.0,13.87,0.197,16.6,1.7974877945757495,0.6005919940251623,-4.986322119138208,2.979257769950138,16.51619493240196,2.7589751313066837,1.579131561571983,1787260520.3668852
25.6804940700531,hold4,drive,2.8,0.32,0.292,10012.8,10048.0,12.78,0.195,16.6,1.8145918135187287,0.11795499104774798,-6.4949061608894,2.947462403018222,16.515243004193618,2.814782559179553,1.6150809825148573,1787260520.386575
25.700453519821167,hold4,drive,2.8,0.32,0.292,10012.8,10005.0,13.89,0.185,16.6,1.8716139540409058,0.16132874325812807,-5.262712998193933,2.997895534033785,16.522645030561012,2.8614134305765413,1.6518090666583556,1787260520.4068348
25.720327615737915,hold4,drive,2.8,0.32,0.292,10012.8,10017.0,14.2,0.198,16.6,1.9352927988657906,0.7491709560979203,-5.5408486864749875,2.896347648580919,16.514227133722887,2.9454632493774624,1.7083549070322783,1787260520.436853
25.741079568862915,hold4,drive,2.8,0.32,0.292,10012.8,10045.0,12.69,0.194,16.6,1.9344517725935435,-0.4620783563169013,-5.122855195184968,2.8010321679476897,16.506107539795835,3.000369244660439,1.7468696232663723,1787260520.457549
25.76070547103882,hold4,drive,2.8,0.32,0.292,10012.8,10003.0,13.86,0.19,16.6,1.9015027441129198,0.39527972530076383,-5.8940760755417045,2.776959828749804,16.495719970962366,3.0556539522097137,1.7857429075984883,1787260520.4776626
25.781144618988037,hold4,drive,2.8,0.32,0.292,10012.8,10006.0,14.07,0.197,16.6,1.9507529816259188,-0.08693692680717913,-4.789806548198044,2.758686224419344,16.489091811943652,3.0860190763401167,1.8067049903249877,1787260520.4891057
25.80061650276184,hold4,drive,2.8,0.32,0.292,10012.8,10046.0,13.07,0.196,16.6,1.8814961458978627,-0.3318283330280565,-5.948726494253549,2.8666943907664444,16.484155932258204,3.1335343522158996,1.8472498148905776,1787260520.506618
25.82075786590576,hold4,drive,2.8,0.32,0.292,10012.8,10043.0,13.09,0.187,16.6,1.8349941574717714,0.11806731241072654,-5.311744827144992,2.8752810904799997,16.46835192776556,3.187410432165568,1.8849215267570605,1787260520.5266004
25.840404987335205,hold4,drive,2.8,0.32,0.292,10012.8,9995.0,14.44,0.196,16.6,1.949890117432733,0.3883134984548313,-5.694491885695868,2.8853797903290808,16.450528936314797,3.2406400565718663,1.921838635979149,1787260520.5466042
25.860251903533936,hold4,drive,2.8,0.32,0.292,10012.8,10047.0,13.04,0.195,16.6,1.906260614558401,-0.34020077875345933,-5.534312083817497,2.859909682846084,16.419854631446047,3.319609430780707,1.9803412854392946,1787260520.5769079
25.88052225112915,hold4,drive,2.8,0.32,0.292,10012.8,10042.0,13.14,0.191,16.6,1.7852083582635576,-0.03594822655530017,-5.037781712132016,2.765409152601308,16.407553273001238,3.348016248678849,2.0010728723771405,1787260520.5890718
25.900795221328735,hold4,drive,2.8,0.32,0.292,10012.8,9982.0,14.54,0.194,16.6,1.8354703306746776,-0.040935390088806756,-5.955315721854163,2.988186471323999,16.386092607370067,3.3962662343276864,2.0439531067065846,1787260520.6066206
25.920934438705444,hold4,drive,2.8,0.32,0.292,10012.8,10025.0,13.6,0.198,16.6,1.8186679147251494,-0.12493027194205464,-4.975045178548498,2.929474326776371,16.36018508022845,3.445701085683083,2.0806010348998143,1787260520.6266222
25.94067406654358,hold4,drive,2.8,0.32,0.292,10012.8,10070.0,12.53,0.193,16.6,1.7396902747021958,-0.06144255384055253,-5.385611536199065,2.9353318212999575,16.33241413314408,3.4943406257686176,2.117025564851951,1787260520.6466167
25.96055841445923,hold4,drive,2.8,0.32,0.292,10012.8,9985.0,14.14,0.188,16.6,1.8064298905679086,-0.11572964117425055,-4.712778834227038,2.901012444148563,16.302357021336373,3.542848660683128,2.1526895469894862,1787260520.6669502
25.980573415756226,hold4,drive,2.8,0.32,0.292,10012.8,10019.0,14.05,0.198,16.6,1.8182644458200024,0.5474558215065883,-6.16955888196776,2.906047057274864,16.27165649128,3.588596420833162,2.1880202376626907,1787260520.6866467
26.000460386276245,hold4,drive,2.8,0.32,0.292,10012.8,10058.0,12.42,0.192,16.6,1.8102162398477286,-0.5620442597325237,-4.605388282238721,2.6633568912963366,16.25910874163838,3.6063495303666238,2.2205041486513495,1787260520.7066255
26.02078890800476,hold4,drive,2.8,0.32,0.292,10012.8,10028.0,13.7,0.187,16.6,1.8097067771311963,0.19415358807631833,-5.2367297248876525,2.778665696080322,16.22479029714124,3.650751763504262,2.256700191189527,1787260520.7266133
26.040955543518066,tr5,drive,3.2,0.32,0.292,11443.2,10015.0,14.27,0.199,16.6,1.779276166935406,0.2621790380790152,-4.5430540371093,2.8597412292505466,16.18895877310675,3.6937633347224956,2.2928465828356206,1787260520.7465641
26.06187152862549,tr5,drive,3.2,0.32,0.292,11443.2,10106.0,13.25,0.209,16.6,1.754502377211053,-0.035091033840257246,-5.814666790533579,2.755524346057384,16.131848354550947,3.756383503296551,2.3463253533557116,1787260520.7782133
26.08047103881836,tr5,drive,3.2,0.32,0.292,11443.2,10149.0,23.08,0.205,16.5,1.75411528674661,-1.2104801111628376,-4.3397404929608,2.918537228403317,16.112435636084975,3.776183227287673,2.3636796160248927,1787260520.7866187
26.100504398345947,tr5,drive,3.2,0.32,0.292,11443.2,10292.0,28.49,0.231,16.5,1.791028696825926,-1.051239810699613,-5.498660439016305,2.148101071280842,16.09925055393018,3.7958282955256237,2.390745707550908,1787260520.8090107
26.120925426483154,tr5,drive,3.2,0.32,0.292,11443.2,10581.0,26.64,0.219,16.5,1.7973397228191412,-2.3378885336369706,-4.6540692782356246,2.700523984044317,16.05719684207388,3.8345401354972206,2.4262313716665744,1787260520.8266566
26.14134407043457,tr5,drive,3.2,0.32,0.292,11443.2,10610.0,23.34,0.215,16.6,1.8199409057262073,-1.8483704356226554,-4.1811479178391835,2.836235790675455,15.989246035685149,3.8919548699244615,2.480055225627885,1787260520.8576555
26.160433292388916,tr5,drive,3.2,0.32,0.292,11443.2,10770.0,21.76,0.223,16.6,1.750568888281006,-1.1483551232725304,-4.586660819145948,2.93292085963136,15.943340932970896,3.9270277538206333,2.516524942706799,1787260520.8766127
26.180317401885986,tr5,drive,3.2,0.32,0.292,11443.2,10930.0,18.99,0.209,16.6,1.769342176595247,-0.41732723758302015,-5.9618318592559945,2.8999053544307607,15.9181589197406,3.945501662244371,2.533704588841815,1787260520.8876765
26.20065975189209,tr5,drive,3.2,0.32,0.292,11443.2,10828.0,22.36,0.22,16.6,1.8286427845880413,-0.8483159834910197,-5.614322462620407,2.8635376164812314,15.891221450277962,3.976921836444048,2.562152042308113,1787260520.9066062
26.22156286239624,tr5,drive,3.2,0.32,0.292,11443.2,10970.0,19.91,0.22,16.6,1.835003079061423,-0.971795442396072,-5.6417201774535215,2.981599956675782,15.840477113437979,4.009622223182397,2.5984319649131766,1787260520.926619
26.24104642868042,tr5,drive,3.2,0.32,0.292,11443.2,11003.0,19.24,0.213,16.6,1.8026090533519719,-1.018429474285881,-4.714759286253241,3.0147924867204607,15.760717973127173,4.056123630495098,2.653062218825532,1787260520.9575438
26.26050043106079,tr5,drive,3.2,0.32,0.292,11443.2,10997.0,20.81,0.225,16.6,1.802197195489391,-0.4382294264503592,-4.83218483017356,3.1089199504588465,15.734005110195444,4.070321569578871,2.6711755985596084,1787260520.9666324
26.280510425567627,tr5,drive,3.2,0.32,0.292,11443.2,11109.0,18.31,0.221,16.6,1.7036708878008195,-1.3602115229448941,-5.043058239762502,3.128815801155267,15.67917849903198,4.09770584027122,2.7071368010158556,1787260520.9865782
26.30038547515869,tr5,drive,3.2,0.32,0.292,11443.2,11063.0,19.09,0.208,16.6,1.6479228035441362,-0.8816609747088435,-4.997465158483749,3.1811578286853983,15.636559655930407,4.131565147028903,2.7373510479703382,1787260521.0065591
26.32068371772766,tr5,drive,3.2,0.32,0.292,11443.2,11101.0,19.97,0.224,16.6,1.7370349699373322,0.5137030966148579,-5.652286681311068,3.0648147870036877,15.550466203120882,4.166852809710844,2.78749495374239,1787260521.0377111
26.341028928756714,tr5,drive,3.2,0.32,0.292,11443.2,11213.0,17.29,0.219,16.6,1.6841818749436195,-1.1317804588946885,-5.746439136495951,3.0963527902616566,15.491779096902347,4.188064406390515,2.821959415072405,1787260521.0575376
26.36050820350647,tr5,drive,3.2,0.32,0.292,11443.2,11133.0,19.56,0.221,16.6,1.6113185864673787,-0.97422751876055,-4.209361904012297,3.0015710571557217,15.432402136362175,4.207312504494923,2.8553896951204214,1787260521.0777745
26.380316734313965,tr5,drive,3.2,0.32,0.292,11443.2,11220.0,18.06,0.22,16.6,1.6530591091805178,-0.9058777310007571,-4.634980457200072,3.1378488775802262,15.400684210738547,4.216646527905135,2.8726125046939246,1787260521.0873418
26.400501251220703,tr5,drive,3.2,0.32,0.292,11443.2,11263.0,17.29,0.212,16.6,1.5804562778588866,-0.509286730988741,-6.048268328335837,3.716350285254156,15.326080450702356,4.252888947987323,2.90941989439945,1787260521.106545
26.420909881591797,tr5,drive,3.2,0.32,0.292,11443.2,11175.0,19.6,0.22,16.6,1.7099596763989324,-0.10671195517399834,-5.8864630004365495,3.4764753710879246,15.264721412176982,4.266930061702453,2.941405739533812,1787260521.1265526
26.440638780593872,tr5,drive,3.2,0.32,0.292,11443.2,11272.0,17.42,0.222,16.6,1.699538327579289,-0.686098280690203,-6.030106875742433,3.2107090191987515,15.172192699872488,4.284144922667349,2.991972357082935,1787260521.1575356
26.463841199874878,tr5,drive,3.2,0.32,0.292,11443.2,11258.0,17.53,0.216,16.6,1.6252486500232015,-0.8537399340524487,-4.392313395862459,3.287902228279087,15.141024868674492,4.28884337546881,3.009083319687771,1787260521.1666243
26.480509757995605,tr5,drive,3.2,0.32,0.292,11443.2,11276.0,18.09,0.224,16.6,1.6562278714035483,-0.293807798339234,-4.8080720812345135,3.2679783550089487,15.078672956720835,4.296657164373884,3.041904642511173,1787260521.1865892
26.500443696975708,tr5,drive,3.2,0.32,0.292,11443.2,11336.0,16.48,0.222,16.6,1.5108276648426557,-1.3432018257039005,-5.248424156692806,3.3399841087084097,15.024577507877964,4.315730131751679,3.071301298795857,1787260521.2065437
26.520798444747925,tr5,drive,3.2,0.32,0.292,11443.2,11276.0,17.93,0.22,16.6,1.5696226717024988,-0.23097628404239856,-5.88011058507999,3.2916174757765795,14.961318249410786,4.319727326919993,3.1022750190283364,1787260521.226567
26.540587186813354,tr5,drive,3.2,0.32,0.292,11443.2,11303.0,17.98,0.223,16.6,1.6564904590870302,-0.2743790347891455,-5.840759406777238,3.311682624810751,14.898307475481564,4.321732019989117,3.1333723309376347,1787260521.2465851
26.561301469802856,tr5,drive,3.2,0.32,0.292,11443.2,11368.0,16.2,0.217,16.6,1.540488488325359,-1.0337119770394523,-4.6276498026230115,3.2677775196250223,14.832495066343983,4.321741384729529,-3.115735920905192,1787260521.2674665
26.580453872680664,tr5,drive,3.2,0.32,0.292,11443.2,11315.0,17.81,0.221,16.6,1.545072054877494,-0.5894776425826436,-4.544315281579486,3.115174976450152,14.771502928286933,4.319772067485097,-3.0861545392162975,1787260521.2876933
26.600443124771118,tr5,drive,3.2,0.32,0.292,11443.2,11385.0,16.46,0.222,16.6,1.561810022328642,-0.58548721008993,-5.036373702542676,3.202927724748666,14.71883251599104,4.329547512611081,-3.0586855351166635,1787260521.3065515
26.620503187179565,tr5,drive,3.2,0.32,0.292,11443.2,11414.0,15.82,0.214,16.6,1.599030761197753,-0.17031200377475386,-5.9836653634362165,3.128906692038282,14.62363576457724,4.320219091338833,-3.0117550976084932,1787260521.3376458
26.640416860580444,tr5,drive,3.2,0.32,0.292,11443.2,11334.0,17.99,0.221,16.6,1.6778934858196701,0.14620211448973475,-6.414687036478767,3.1347010018042263,14.560885914573019,4.311515454357989,-2.979396194106087,1787260521.3576567
26.660253286361694,tr5,drive,3.2,0.32,0.292,11443.2,11449.0,15.62,0.223,16.6,1.6902243211409005,-0.661167506246386,-4.74396145191389,3.2211605065954796,14.497329365703454,4.300570134110717,-2.945251400247625,1787260521.376908
26.681052684783936,tr5,drive,3.2,0.32,0.292,11443.2,11429.0,15.92,0.216,16.6,1.7156485879615053,-0.6626009512249027,-4.435533092206356,3.0561492731479376,14.46674952445181,4.29454121883329,-2.928877442299238,1787260521.3885767
26.701086282730103,tr5,drive,3.2,0.32,0.292,11443.2,11434.0,16.55,0.224,16.6,1.6379487326295714,-0.3459472763621143,-4.9218074471987165,3.065822031924383,14.420741257586732,4.296070566652055,-2.8984383988491724,1787260521.4067132
26.723124265670776,tr5,drive,3.2,0.32,0.292,11443.2,11495.0,14.81,0.222,16.6,1.5503822649330576,-0.8811843535225847,-4.971209989637998,3.0837917652926645,14.327979785811168,4.271497388398793,-2.8494990885944373,1787260521.4378765
26.741525650024414,tr5,drive,3.2,0.32,0.292,11443.2,11403.0,16.58,0.214,16.6,1.6113433538655164,0.16387306789538592,-6.776475334348447,3.133686171487539,14.26712699485603,4.252685027174534,-2.8182232547567576,1787260521.457761
26.760470151901245,tr5,drive,3.2,0.32,0.292,11443.2,11462.0,16.43,0.225,16.6,1.6760096988226025,0.45379639625759083,-5.081731141020555,3.2710852652298468,14.236692204653254,4.242485323957367,-2.802001326100596,1787260521.466698
26.780487775802612,tr5,drive,3.2,0.32,0.292,11443.2,11519.0,14.35,0.217,16.6,1.6591135396027037,-0.8439774954717052,-5.126243072078921,3.1501309600551366,14.17648064882586,4.220683652876518,-2.7688232683851997,1787260521.4876745
26.800482511520386,tr5,drive,3.2,0.32,0.292,11443.2,11413.0,17.15,0.224,16.6,1.5459454385569857,-0.6155193149577514,-4.467055725497943,2.9092491261060127,14.146891048507442,4.215328406085396,-2.7385937457072234,1787260521.5067453
26.82089066505432,tr5,drive,3.2,0.32,0.292,11443.2,11496.0,15.14,0.221,16.6,1.594384077727783,-0.6700021378437881,-4.318576202640628,3.0992704215104716,14.088612309275764,4.189944153746638,-2.7072448424407862,1787260521.5266032
26.840942859649658,tr5,drive,3.2,0.32,0.292,11443.2,11506.0,14.92,0.211,16.6,1.5849062868823542,0.18881836901621085,-6.722459923283623,3.116771648237888,14.001846549062726,4.148102503086133,-2.659808011015941,1787260521.557724
26.860615015029907,tr5,drive,3.2,0.32,0.292,11443.2,11404.0,17.74,0.232,16.6,1.658402608749707,0.25616791740566924,-5.722777207902993,3.266901329592541,13.97332816443877,4.1331907730478505,-2.643864552235872,1787260521.5666208
26.881073236465454,tr5,drive,3.2,0.32,0.292,11443.2,11520.0,14.1,0.224,16.6,1.6889725022705089,-0.728700072493595,-5.637207880941503,3.271480766542556,13.910537022522304,4.098291369523817,-2.606522549679285,1787260521.58922
26.9004909992218,tr5,drive,3.2,0.32,0.292,11443.2,11436.0,15.8,0.215,16.6,1.563696206170691,-0.7917546215320144,-4.152878967836585,2.4064904342625044,13.892555496480632,4.091158285033998,-2.5796023488377218,1787260521.6080606
26.92050266265869,tr5,drive,3.2,0.32,0.292,11443.2,11505.0,15.69,0.224,16.6,1.610046394414648,0.3247534210565348,-4.765920671236017,2.946605064386085,13.838841144042261,4.056771996138357,-2.5482211105159056,1787260521.6265712
26.940404891967773,tr5,drive,3.2,0.32,0.292,11443.2,11541.0,14.25,0.221,16.6,1.545215466102195,-0.8408858531534165,-5.541867271485216,3.1350354819351844,13.78574007070117,4.020392532563755,-2.5162190544152137,1787260521.6465812
26.96038246154785,tr5,drive,3.2,0.32,0.292,11443.2,11400.0,17.07,0.223,16.6,1.5505419214404081,-0.20434561430040432,-5.677218625198066,3.2028628327419417,13.730048801392027,3.9795230694658237,-2.4827870527560365,1787260521.6680667
26.980445861816406,tr5,drive,3.2,0.32,0.292,11443.2,11513.0,14.81,0.223,16.6,1.61166186793189,0.12816682471570395,-5.518694170141714,3.259240811246799,13.683572867702022,3.9429824778223255,-2.454057091323048,1787260521.6867259
27.00047492980957,tr5,drive,3.2,0.32,0.292,11443.2,11495.0,14.81,0.21,16.6,1.5223429070800494,-0.6522767413763191,-4.66159172149429,2.5990424901836295,13.664677295544077,3.934265930552404,-2.428324236935082,1787260521.7079983
27.022180795669556,tr5,drive,3.2,0.32,0.292,11443.2,11472.0,16.54,0.228,16.6,1.5358455332809147,0.2606043097462525,-4.471963878526566,2.99459896757647,13.592863747765326,3.870244629742701,-2.3822377356382987,1787260521.7377365
27.04053807258606,tr5,drive,3.2,0.32,0.292,11443.2,11539.0,14.09,0.222,16.6,1.5106384472472054,-1.413137451506671,-4.773771728028407,3.101877854736785,13.546554375390157,3.825659625308578,-2.351698533284255,1787260521.7576544
27.061124801635742,tr5,drive,3.2,0.32,0.292,11443.2,11419.0,16.09,0.221,16.6,1.599975917068622,-0.04666393491738585,-6.12867047060422,3.1340557452982543,13.501903237904402,3.7799025890707845,-2.321021513249844,1787260521.7776864
27.080267190933228,tr5,drive,3.2,0.32,0.292,11443.2,11505.0,15.15,0.222,16.6,1.7151754773938528,0.9014176939808678,-6.473646268589221,3.2728799284381953,13.479968496979824,3.756367892838406,-2.304937063840046,1787260521.7866309
27.10044288635254,tr5,drive,3.2,0.32,0.292,11443.2,11539.0,14.19,0.217,16.6,1.6009546287692265,-0.8896274409251106,-4.670674786677353,3.369875702002666,13.433857943122586,3.7245840760152196,-2.2722331410103416,1787260521.8066447
27.120534420013428,tr5,drive,3.2,0.32,0.292,11443.2,11451.0,16.43,0.222,16.6,1.609279137704596,-0.3614255146680243,-4.731557752819754,3.3380597151613243,13.39268111576324,3.67507183431675,-2.2396926049427264,1787260521.8266127
27.140727043151855,tr5,drive,3.2,0.32,0.292,11443.2,11558.0,14.07,0.221,16.6,1.6498907464316503,-0.3393725937110581,-5.1689827119972165,3.202725919940254,13.334131571556668,3.5985495577000943,-2.1913334220836465,1787260521.8576465
27.160503387451172,tr5,drive,3.2,0.32,0.292,11443.2,11558.0,14.07,0.221,16.6,1.6498907464316503,-0.3393725937110581,-5.1689827119972165,3.3086558936839374,13.31521481788639,3.572082200358128,-2.174622581609597,1787260521.8667955
27.180476665496826,tr5,drive,3.2,0.32,0.292,11443.2,11468.0,16.3,0.225,16.6,1.7059924984810961,0.782195154433289,-7.619435706613899,3.3272792811696776,13.279220425868933,3.519010473442021,-2.142965926192873,1787260521.8866425
27.200477600097656,tr5,drive,3.2,0.32,0.292,11443.2,11539.0,14.24,0.22,16.6,1.6771761633800573,-0.7011705760320766,-4.782666512859407,2.8783511580420917,13.239715232423388,3.488706067977604,-2.1136867855885395,1787260521.9082341
27.22129225730896,tr5,drive,3.2,0.32,0.292,11443.2,11472.0,15.49,0.219,16.6,1.7342848566376619,-0.3459600306018018,-5.241245529729213,3.1952536159106755,13.191260185337631,3.4053217796190425,-2.063286553727051,1787260521.936721
27.24045705795288,hold5,drive,3.2,0.32,0.292,11443.2,11509.0,15.22,0.225,16.6,1.7311356686486432,0.037427021718092535,-5.355071527539906,3.162919967879444,13.161333033550797,3.348357053279528,-2.0283298792141657,1787260521.9575834
27.2607684135437,hold5,drive,3.2,0.32,0.292,11443.2,11549.0,14.0,0.22,16.6,1.6452813472169412,-0.7650242933039806,-4.192757857374545,3.2817800401997874,13.147116092288215,3.31948316896351,-2.0109757995167628,1787260521.9666262
27.280343294143677,hold5,drive,3.2,0.32,0.292,11443.2,11457.0,15.93,0.22,16.6,1.7151348641872293,0.4233746109949621,-8.080270579378919,3.1543302708258696,13.120067681531047,3.2609510218400435,-1.9785455988845468,1787260521.9877717
27.300554037094116,hold5,drive,3.2,0.32,0.292,11443.2,11506.0,15.18,0.223,16.6,1.748583634846406,0.3010875455928428,-5.929431851218226,3.5079275382977126,13.078481288472966,3.206541782798193,-1.9420000900632448,1787260522.0067115
27.322878122329712,hold5,drive,3.2,0.32,0.292,11443.2,11520.0,14.47,0.217,16.6,1.7787469968268073,-0.5862737337190254,-5.5921965976450565,3.2570753287591283,13.045066635333173,3.1161476164440267,-1.8896790990406784,1787260522.0377152
27.34103012084961,hold5,drive,3.2,0.32,0.292,11443.2,11439.0,16.37,0.221,16.6,1.6666004843752436,-0.34355876175611044,-5.388087247412216,3.2310800836340716,13.02553692626831,3.055098349380683,-1.855185997458058,1787260522.0575423
27.36091184616089,hold5,drive,3.2,0.32,0.292,11443.2,11521.0,14.56,0.221,16.6,1.7339322541093354,0.1689691175525283,-5.184321713474446,3.327273634785496,13.01649601500162,3.0241694781847723,-1.8384631720621254,1787260522.0666149
27.3815598487854,hold5,drive,3.2,0.32,0.292,11443.2,11509.0,14.71,0.213,16.6,1.707114355090292,0.06531162005818825,-6.699368682962756,3.3273069829561344,13.0000070656827,2.961978552476043,-1.8038265606432073,1787260522.0865805
27.401593923568726,hold5,drive,3.2,0.32,0.292,11443.2,11434.0,16.7,0.228,16.6,1.6800084351993567,0.13232412213223732,-6.365575685391434,3.09054262603199,12.980221922755618,2.9241356590884,-1.7709766858422034,1787260522.106642
27.420487880706787,hold5,drive,3.2,0.32,0.292,11443.2,11503.0,14.41,0.222,16.6,1.746034856525146,-0.8308570738883105,-5.340583880698091,3.1951334723981613,12.968050881440393,2.8614044271150627,-1.7372697206736172,1787260522.1265817
27.440471172332764,hold5,drive,3.2,0.32,0.292,11443.2,11443.0,15.64,0.21,16.6,1.6625472863541975,-0.21472774813152284,-5.245601120855042,3.2502112206160243,12.957908099093112,2.7978663893902933,-1.7026552774212802,1787260522.1466045
27.46049451828003,hold5,drive,3.2,0.32,0.292,11443.2,11478.0,15.92,0.224,16.6,1.682282242138066,0.45924406458852474,-5.07609208600411,3.665707014753922,12.946853845946238,2.702440388315902,-1.652760739390543,1787260522.1766226
27.480746269226074,hold5,drive,3.2,0.32,0.292,11443.2,11508.0,14.35,0.22,16.6,1.648573280640388,-0.9869512067449548,-5.426349089392318,3.4315644132223344,12.94411960206039,2.669191197228786,-1.6351023253713142,1787260522.1881855
27.500465154647827,hold5,drive,3.2,0.32,0.292,11443.2,11380.0,16.61,0.216,16.6,1.6650867436116426,0.12738036504053252,-6.591840136679139,3.538517919293252,12.929015847536343,2.608424770082098,-1.597952696975828,1787260522.2067156
27.52208161354065,hold5,drive,3.2,0.32,0.292,11443.2,11484.0,15.09,0.22,16.6,1.77248883458123,0.7690601148101379,-5.81850373360885,3.267145746035924,12.92802606910226,2.512731263128233,-1.5476291671770963,1787260522.2376115
27.541526079177856,hold5,drive,3.2,0.32,0.292,11443.2,11503.0,14.49,0.216,16.6,1.7667635708697778,-0.38430486650262097,-6.076909745991429,3.2281919098323684,12.930065789986292,2.448466956752378,-1.51219487957086,1787260522.2576036
27.56130862236023,hold5,drive,3.2,0.32,0.292,11443.2,11419.0,16.83,0.231,16.6,1.7740326690651491,-0.1433460053370217,-5.666134058011551,3.295018781846095,12.934372579979865,2.3846736979413548,-1.476960950908277,1787260522.2765534
27.58145236968994,hold5,drive,3.2,0.32,0.292,11443.2,11512.0,14.13,0.221,16.6,1.8150229792992127,-0.6877709498893338,-5.37575371490891,3.156244360536959,12.937409183238922,2.3526776462556382,-1.4590087232859854,1787260522.2879004
27.600536346435547,hold5,drive,3.2,0.32,0.292,11443.2,11472.0,15.21,0.209,16.6,1.6783603379587608,0.1617509853364929,-5.9258346439949605,2.915118334933866,12.935615633259633,2.2985684592385165,-1.4198714186294703,1787260522.3078458
27.620646953582764,hold5,drive,3.2,0.32,0.292,11443.2,11455.0,16.45,0.227,16.6,1.8304615904545107,0.8699684432488581,-7.613193803637898,3.1951043045762395,12.945783176439328,2.23534324834902,-1.3856783276167268,1787260522.3265553
27.640801429748535,hold5,drive,3.2,0.32,0.292,11443.2,11500.0,14.25,0.219,16.6,1.7738671536034007,-1.0543731875214064,-5.318854456960935,3.2491362952105063,12.95815748930636,2.172321658198801,-1.349736545410784,1787260522.3466146
27.664891958236694,hold5,drive,3.2,0.32,0.292,11443.2,11405.0,16.48,0.221,16.6,1.6399843198087736,-0.3724656064685803,-4.8037428025802456,3.27462585898837,12.972789500590716,2.1097493991320473,-1.313998489561177,1787260522.3666172
27.682631731033325,hold5,drive,3.2,0.32,0.292,11443.2,11488.0,15.08,0.225,16.6,1.6786785857090254,0.06924240638055812,-5.860613043652847,3.050979916429762,12.99833904887513,2.0173448451212224,-1.263789420545531,1787260522.3976886
27.700557231903076,hold5,drive,3.2,0.32,0.292,11443.2,11490.0,14.53,0.214,16.6,1.6579279002854006,-0.37014605246512744,-4.693739129805067,2.6419312455134945,12.994475399888145,2.0000889948633,-1.2449115131480797,1787260522.4081676
27.720508337020874,hold5,drive,3.2,0.32,0.292,11443.2,11413.0,16.77,0.221,16.6,1.7346658218315978,0.3251068121676468,-7.607021482531138,3.01912275037057,13.026719703728213,1.9096112719200666,-1.1947065406927329,1787260522.437651
27.740417003631592,hold5,drive,3.2,0.32,0.292,11443.2,11487.0,14.65,0.221,16.6,1.714814086433929,-0.03778762363412813,-6.021255360309112,3.187165189228985,13.03851308268242,1.8797459785547985,-1.1772910426507748,1787260522.446622
27.760521411895752,hold5,drive,3.2,0.32,0.292,11443.2,11456.0,15.18,0.217,16.6,1.7392402004779723,-0.10328680227866638,-4.736471753064279,2.9635332256202758,13.066141095827685,1.8148643300406597,-1.1395266004103024,1787260522.4722319
27.78140163421631,hold5,drive,3.2,0.32,0.292,11443.2,11470.0,15.63,0.224,16.6,1.7011451458229885,-0.07725958349036777,-5.4736600827032476,3.220521529316437,13.104927943822391,1.7339790586035968,-1.0912518903012847,1787260522.4981318
27.80046510696411,hold5,drive,3.2,0.32,0.292,11443.2,11510.0,14.21,0.221,16.6,1.6421032639300952,-0.6515174073011707,-5.195305123825847,2.5562816514028075,13.095348081030123,1.7356238701046185,-1.0789913642862514,1787260522.50779
27.82048773765564,hold5,drive,3.2,0.32,0.292,11443.2,11445.0,15.73,0.216,16.6,1.687594449564447,0.37384832684914215,-7.21843890250949,2.9859248171832355,13.142144504788755,1.6515179109298537,-1.0292650826177772,1787260522.5375478
27.840982675552368,hold5,drive,3.2,0.32,0.292,11443.2,11455.0,15.97,0.224,16.6,1.7801962890920284,0.5948055891679722,-6.644995422284694,3.0657324511543034,13.17563832797681,1.5968633192431398,-0.9950093384466442,1787260522.5577927
27.86166501045227,hold5,drive,3.2,0.32,0.292,11443.2,11500.0,14.39,0.22,16.6,1.7602960841625204,-0.7674689411826492,-4.641384328056574,3.2097100604737325,13.197043620490891,1.5638896684494115,-0.9731172823513875,1787260522.56888
27.88103699684143,hold5,drive,3.2,0.32,0.292,11443.2,11435.0,15.89,0.218,16.6,1.6883249546514558,-0.4069486120814432,-5.311703311912083,4.312775160855253,13.229482956488555,1.5169589550548348,-0.9418979043447051,1787260522.5866039
27.900456190109253,hold5,drive,3.2,0.32,0.292,11443.2,11490.0,15.11,0.222,16.6,1.7380550937928871,0.02173854173945422,-5.405469266125806,3.7936026469240183,13.253264643307494,1.4674779656917472,-0.906405195273805,1787260522.6065905
27.92046022415161,hold5,drive,3.2,0.32,0.292,11443.2,11489.0,14.66,0.219,16.6,1.6741331023604782,-0.8105746899066446,-5.340327187919968,3.542039056910472,13.293269967557565,1.4172417883188455,-0.8718943173275494,1787260522.626602
27.940484046936035,hold5,drive,3.2,0.32,0.292,11443.2,11379.0,16.81,0.219,16.6,1.6812421445743357,0.16713148377474596,-7.101450145617093,3.2575119767519296,13.35611885271435,1.3449809761514826,-0.8214009638112739,1787260522.657547
27.96046781539917,hold5,drive,3.2,0.32,0.292,11443.2,11476.0,14.95,0.222,16.6,1.7589577125567009,0.30764600221976934,-5.510098762764926,3.3433676433297665,13.378127746641855,1.3213273945542257,-0.8044114776643584,1787260522.6666644
27.98063063621521,hold5,drive,3.2,0.32,0.292,11443.2,11463.0,14.83,0.212,16.6,1.6834317956225988,-0.5023350490923661,-5.336653966889969,3.345031800152838,13.423826669146123,1.2746490652487066,-0.7690398011893623,1787260522.6870158
28.00056552886963,hold5,drive,3.2,0.32,0.292,11443.2,11418.0,16.65,0.225,16.6,1.6410297436946841,0.0825423786053987,-4.95594349363796,3.2645204388648867,13.45675953350165,1.2331079506308795,-0.733469672254248,1787260522.7065954
28.021080493927002,hold5,drive,3.2,0.32,0.292,11443.2,11497.0,14.25,0.222,16.6,1.7085282273130151,-0.7240372101720851,-5.4445380239004635,3.162064580960136,13.52915259014802,1.169980087973716,-0.6837225066539191,1787260522.7376745
28.040488243103027,hold5,drive,3.2,0.32,0.292,11443.2,11415.0,15.77,0.208,16.6,1.6706684629403397,0.35003930423113516,-6.042655585790953,3.2937671354972613,13.55406860402913,1.1496776036878587,-0.6665624232894095,1787260522.7465997
28.06290626525879,hold5,drive,3.2,0.32,0.292,11443.2,11473.0,16.07,0.228,16.6,1.7407892281260169,0.9501557734230204,-6.224772972292612,3.2585835677957906,13.630276141198634,1.0917908876574158,-0.6163223175593728,1787260522.7765648
28.080673456192017,hold5,drive,3.2,0.32,0.292,11443.2,11514.0,13.88,0.223,16.6,1.6549124029831037,-1.4227315633596191,-4.509226138948122,3.119298069682698,13.65658451901636,1.0731459810600288,-0.5985201184007579,1787260522.7881045
28.10048794746399,hold5,drive,3.2,0.32,0.292,11443.2,11395.0,16.61,0.224,16.6,1.6386958824733933,-0.4692710531437605,-4.875822017732901,2.8658510494250704,13.681263060926208,1.049810215690549,-0.5687652423442083,1787260522.8065834
28.120530605316162,hold5,drive,3.2,0.32,0.292,11443.2,11517.0,14.24,0.223,16.6,1.6456386102771754,0.2127089602960588,-5.434357436292487,3.077258826385446,13.735221888403366,1.0159435919568174,-0.5359241984710081,1787260522.8265638
28.14082622528076,hold5,drive,3.2,0.32,0.292,11443.2,11498.0,14.49,0.214,16.6,1.5300536905422104,-0.4247846671098685,-4.623432205792483,3.117631998547808,13.818976511755112,0.9679611061605611,-0.48720489768668523,1787260522.8575287
28.162514448165894,hold5,drive,3.2,0.32,0.292,11443.2,11415.0,16.96,0.231,16.6,1.6106593209395297,0.3675400214275477,-7.0227951514604,3.2393583912600032,13.847393154814874,0.9529058787291195,-0.4718346732687322,1787260522.8666558
28.180830001831055,hold5,drive,3.2,0.32,0.292,11443.2,11525.0,13.67,0.222,16.6,1.6544483471631575,-0.5446125396837616,-4.970924060780362,3.2870427522945174,13.904608404494201,0.9242910125429306,-0.43996041076566883,1787260522.8866398
28.200703620910645,hold5,drive,3.2,0.32,0.292,11443.2,11413.0,15.85,0.218,16.6,1.571028154967788,-0.5494456290782352,-4.2443475509221855,3.3839994793578754,13.955525690049647,0.8877293725410283,-0.40510691649595904,1787260522.9066434
28.220608234405518,hold5,drive,3.2,0.32,0.292,11443.2,11496.0,15.15,0.223,16.6,1.5861292104549187,0.3407807129356968,-5.558090956728506,3.3448996722115165,14.014318438747637,0.8630919579886325,-0.3733274201702882,1787260522.9265964
28.240752935409546,hold5,drive,3.2,0.32,0.292,11443.2,11545.0,13.54,0.219,16.6,1.5840954874884798,-0.554697525311731,-4.745908574809448,3.209081865090126,14.104698064186035,0.8292697433364383,-0.32591813478720905,1787260522.9576483
28.261571884155273,hold5,drive,3.2,0.32,0.292,11443.2,11417.0,16.52,0.222,16.6,1.6290700198713564,-0.0065629927873884775,-6.34271599482031,3.297682465257426,14.168778815819993,0.8079553884512957,-0.29258865621365887,1787260522.9776165
28.28045153617859,hold5,drive,3.2,0.32,0.292,11443.2,11533.0,14.03,0.22,16.6,1.6079169308070205,-0.12898964676476954,-5.05151799173035,3.407033239023233,14.228962285610827,0.7763795275217726,-0.25716820023720444,1787260522.9976008
28.300533294677734,hold5,drive,3.2,0.32,0.292,11443.2,11482.0,14.71,0.212,16.6,1.5625858011541822,-0.4516707505515072,-4.288104898768324,3.4587549577029795,14.260009091812105,0.7682144777534776,-0.2410937008389073,1787260523.0065694
28.320789098739624,hold5,drive,3.2,0.32,0.292,11443.2,11459.0,15.88,0.226,16.6,1.561353955991966,0.39034873158502137,-5.7625827148813755,3.222067355968962,14.353910271459132,0.7467016779695671,-0.19394416548660767,1787260523.0378406
28.340431928634644,hold5,drive,3.2,0.32,0.292,11443.2,11543.0,13.53,0.218,16.6,1.5572701316183841,-0.3491060520279845,-4.8731346373040765,3.3528626634413996,14.385288039726209,0.7405386760056387,-0.17838797121322553,1787260523.0465822
28.362497806549072,hold5,drive,3.2,0.32,0.292,11443.2,11444.0,15.71,0.218,16.6,1.5560349575048051,-0.28925384041390956,-5.064891159221133,3.3292264603841937,14.44902852618799,0.729530303759053,-0.14716935401156356,1787260523.0666337
28.380478620529175,hold5,drive,3.2,0.32,0.292,11443.2,11480.0,15.37,0.225,16.6,1.6268188498019125,0.47848981028086257,-6.66336620520741,3.1827299078693123,14.518686297008562,0.7198290278677282,-0.11298485660405658,1787260523.0897088
28.400585651397705,hold5,drive,3.2,0.32,0.292,11443.2,11519.0,13.86,0.217,16.6,1.6286594935893208,-0.8800752828462635,-4.260934932994616,4.15760044748706,14.605753670726386,0.6963749707206228,-0.07182727805326888,1787260523.1066005
28.421190977096558,hold5,drive,3.2,0.32,0.292,11443.2,11446.0,15.82,0.221,16.6,1.5763048091936165,-0.4551827711480918,-5.0674873230818775,3.4744210611469715,14.701805047970227,0.6910518076197016,-0.02328806566422536,1787260523.1376603
28.441014289855957,hold5,drive,3.2,0.32,0.292,11443.2,11500.0,14.61,0.223,16.6,1.5659782689087798,-0.1498483469638332,-4.902318676595428,3.3326760375374382,14.766051452850197,0.6900593747765159,0.008158975378676192,1787260523.157606
28.460471391677856,hold5,drive,3.2,0.32,0.292,11443.2,11507.0,14.18,0.213,16.6,1.588784781535891,-0.4783992880696708,-5.066920143139328,3.248568748669045,14.830385525462015,0.6910837432746381,0.0395931760396173,1787260523.177753
28.480334758758545,hold5,drive,3.2,0.32,0.292,11443.2,11428.0,16.37,0.221,16.6,1.59694577238033,0.3757711107085058,-6.520152100270366,3.372068730713168,14.862520759043392,0.6923567444983131,0.05548332168612518,1787260523.1865394
28.50077772140503,hold5,drive,3.2,0.32,0.292,11443.2,11505.0,14.23,0.22,16.6,1.629162697877291,-0.30896166234294853,-5.296434477025684,3.2116775495340066,14.875544300236236,0.6878643910458018,0.07988317955622316,1787260523.2065623
28.520521640777588,hold5,drive,3.2,0.32,0.292,11443.2,11478.0,14.64,0.212,16.6,1.5473308149560447,-0.7551929306657854,-4.286305418074306,3.260593272339411,14.939671389636011,0.6934767786513721,0.11235751484885345,1787260523.2266185
28.54057502746582,hold5,drive,3.2,0.32,0.292,11443.2,11449.0,15.9,0.223,16.6,1.4906243921810967,0.28428648432427295,-5.191626055579945,3.277880659941296,15.003305949985354,0.7011444677961697,0.14367631235833042,1787260523.2465796
28.561004638671875,hold5,drive,3.2,0.32,0.292,11443.2,11534.0,13.72,0.221,16.6,1.4791163404786463,-0.691408137451333,-5.233985041742983,3.280970650340999,15.066679213802669,0.7107984727067477,0.1738080027591419,1787260523.266616
28.58085799217224,hold5,drive,3.2,0.32,0.292,11443.2,11429.0,15.77,0.214,16.6,1.4317574799718216,-0.3220225154143357,-5.033381682165327,3.1268105370544514,15.130065839440439,0.7223728899855337,0.20343816179304053,1787260523.2880867
28.600483655929565,hold5,drive,3.2,0.32,0.292,11443.2,11467.0,15.66,0.225,16.6,1.5664496484217239,0.6760621924052188,-6.673776588400358,3.2023720650041656,15.183687063228914,0.7219117096872908,0.23282475422336257,1787260523.3065948
28.62080955505371,hold5,drive,3.2,0.32,0.292,11443.2,11528.0,13.55,0.217,16.6,1.5493485589559435,-1.1708158144485026,-4.26319195833301,3.156802707370002,15.277090268832652,0.7455229781766969,0.27899961295489617,1787260523.3375382
28.64090394973755,hold5,drive,3.2,0.32,0.292,11443.2,11417.0,16.29,0.223,16.6,1.511809572336568,-0.22755284876673798,-4.457487926116556,3.1578638522717566,15.338394015534304,0.7636152105711613,0.30980451424498145,1787260523.3576121
28.660532236099243,hold5,drive,3.2,0.32,0.292,11443.2,11503.0,14.16,0.224,16.6,1.5271461844221164,-0.11536530480587093,-5.347573057866441,3.285207999574659,15.369015835968103,0.7734176219601442,0.32498599749239326,1787260523.3665874
28.68070888519287,hold5,drive,3.2,0.32,0.292,11443.2,11516.0,13.67,0.21,16.6,1.4776071270888984,-0.4084058844647629,-4.022722865453176,2.9809096203521874,15.447499995683504,0.7833293458122619,0.3656537265293734,1787260523.3976548
28.70042371749878,hold5,drive,3.2,0.32,0.292,11443.2,11423.0,16.75,0.231,16.6,1.5857245431272813,0.8041484534493151,-7.483577984003887,3.160341566756756,15.47738106231554,0.7947699524535887,0.3804372828813629,1787260523.4065948
28.720582485198975,hold5,drive,3.2,0.32,0.292,11443.2,11525.0,13.37,0.221,16.6,1.5782181572787837,-0.5451471213976546,-4.940111571860143,3.219501209020838,15.536531208694417,0.8189572528826247,0.4116200427538889,1787260523.4266348
28.740500450134277,hold5,drive,3.2,0.32,0.292,11443.2,11413.0,15.55,0.215,16.6,1.4893360880037707,-0.22166682196860776,-3.8750499660296214,3.25318867056712,15.597994901051003,0.8463586266848149,0.4446464015766195,1787260523.447543
28.761906147003174,hold5,drive,3.2,0.32,0.292,11443.2,11491.0,15.07,0.222,16.6,1.5101685324728613,0.5612614271584668,-5.499484311736978,3.2632777008910185,15.65452267962451,0.8738307678802354,0.4742962996530121,1787260523.467217
28.780441522598267,hold5,drive,3.2,0.32,0.292,11443.2,11549.0,13.16,0.217,16.6,1.505741160318659,-0.6351114351021181,-4.889375279473484,3.135497002236426,15.709804244649865,0.9026988235909283,0.5035085466956074,1787260523.4877317
28.80064868927002,hold5,drive,3.2,0.32,0.292,11443.2,11369.0,16.98,0.219,16.6,1.563955997535028,-0.09200401447305406,-6.163808145127575,3.470942922970459,15.77471609533028,0.9204163950213774,0.534765013913579,1787260523.5065804
28.821459531784058,hold5,drive,3.2,0.32,0.292,11443.2,11524.0,13.86,0.219,16.6,1.617404708506537,0.6013079490673334,-6.1873554682888425,3.241129080304636,15.856416417595474,0.9705526588971947,0.5815984134248391,1787260523.5376627
28.84147310256958,hold5,drive,3.2,0.32,0.292,11443.2,11467.0,14.37,0.208,16.6,1.5668460599499818,-0.6502688074353742,-3.740349115085934,3.3475449296151765,15.883375979145423,0.9882773674420917,0.597870238011281,1787260523.5466354
28.860671758651733,hold5,drive,3.2,0.32,0.292,11443.2,11474.0,15.85,0.226,16.6,1.5507504469537612,0.5310335501932073,-5.550319422072391,3.4035706052395707,15.936054388570403,1.0247694258551938,0.6294321999966473,1787260523.5666246
28.880279779434204,hold5,drive,3.2,0.32,0.292,11443.2,11545.0,13.19,0.222,16.6,1.4985454322113194,-0.8362936690541289,-4.826004322964536,3.3517403229651848,15.988354242188361,1.0634893584496288,0.6609638273297185,1787260523.5868988
28.900512218475342,hold5,drive,3.2,0.32,0.292,11443.2,11381.0,15.96,0.212,16.6,1.5210620597537756,-0.6747756587262543,-4.894073517451204,3.569648795367753,16.051074650849955,1.0915307218093186,0.692722536223702,1787260523.6066053
28.920686960220337,hold5,drive,3.2,0.32,0.292,11443.2,11477.0,15.53,0.226,16.6,1.594879292532483,1.2072143679910496,-7.7181343721630356,3.4383065408312374,16.099865835596372,1.1327035956146139,0.7230913930104673,1787260523.6266818
28.940707206726074,hold5,drive,3.2,0.32,0.292,11443.2,11507.0,13.61,0.215,16.6,1.6150761736074262,-0.8549052110916335,-4.484688882134549,3.236906709353897,16.171077396499218,1.1975394529245107,0.7707183293435551,1787260523.657671
28.961313486099243,hold5,drive,3.2,0.32,0.292,11443.2,11394.0,16.75,0.224,16.6,1.623596558040971,-0.4433707006679981,-4.57250646361058,3.3231257292375522,16.19818399294342,1.2238616669523195,0.7897357972501731,1787260523.668392
28.98031258583069,hold5,drive,3.2,0.32,0.292,11443.2,11494.0,14.03,0.22,16.6,1.5722661254005112,-0.4138296888457944,-5.13824448271896,3.3229020092969392,16.2387633739313,1.2654520010137367,0.8193703030023005,1787260523.6866283
29.00156307220459,hold5,drive,3.2,0.32,0.292,11443.2,11455.0,14.67,0.204,16.6,1.6008732691979244,-0.30365187867201726,-4.914211329019679,3.3734863332256264,16.29022722690302,1.2991667533519606,0.8527801049914099,1787260523.707003
29.020769834518433,hold5,drive,3.2,0.32,0.292,11443.2,11415.0,16.71,0.23,16.6,1.616082315867258,1.0098250768146428,-7.167507313111685,3.188918614994905,16.35197929327781,1.3721765126976508,0.9005938416292202,1787260523.737984
29.04030728340149,hold5,drive,3.2,0.32,0.292,11443.2,11503.0,13.6,0.221,16.6,1.570680479287478,-0.6254902798756206,-5.137349858685866,3.220831971855741,16.391547677738327,1.4229025082273625,0.9327243002785592,1787260523.757635
29.060657501220703,hold5,drive,3.2,0.32,0.292,11443.2,11383.0,16.33,0.223,16.6,1.5202543229951548,-0.46946854286087003,-4.586270225123656,3.326894829555143,16.410689127540202,1.4487152170861886,0.9484775099563618,1787260523.7666256
29.080361127853394,hold5,drive,3.2,0.32,0.292,11443.2,11459.0,14.83,0.224,16.6,1.5046179721289181,-0.32622494602861707,-4.791949552826338,3.1474326941967807,16.450959986203642,1.5059224001472693,0.9821836738762062,1787260523.7899034
29.100762367248535,hold5,drive,3.2,0.32,0.292,11443.2,11485.0,14.28,0.219,16.6,1.5425280702461959,-0.18832004004091374,-5.449512835190376,4.244232768713874,16.514379300515802,1.5754747318863176,1.023660546957154,1787260523.8067415
29.120405673980713,hold5,drive,3.2,0.32,0.292,11443.2,11367.0,16.93,0.223,16.6,1.6077984201385118,-0.364624234127529,-5.876308140578544,3.7707908982639244,16.547388471910615,1.6306096842808617,1.0544757549914063,1787260523.8265853
29.140522241592407,hold5,drive,3.2,0.32,0.292,11443.2,11462.0,14.68,0.222,16.6,1.6636771324466635,0.157620968836655,-6.489808558065533,3.341707747563585,16.593196085597807,1.7144658922735305,1.102596984032087,1787260523.8575358
29.160502433776855,hold5,drive,3.2,0.32,0.292,11443.2,11425.0,15.04,0.212,16.6,1.659803697799198,-0.6909042536209284,-4.319374055250535,3.3955572931843685,16.60849669127374,1.7447220212710546,1.1202096570763753,1787260523.8671646
29.1806743144989,hold5,drive,3.2,0.32,0.292,11443.2,11409.0,16.08,0.224,16.6,1.6611451320402706,0.3003409657573819,-5.3062010817477585,3.373150763775702,16.635112235705922,1.8009208399559196,1.1525128378380125,1787260523.886614
29.20038366317749,hold5,drive,3.2,0.32,0.292,11443.2,11461.0,14.36,0.221,16.6,1.6343183114315754,-0.6094919317151763,-5.266306697087657,3.0513777617857567,16.64917996000859,1.8197344887422957,1.183127776981458,1787260523.906606
29.2205069065094,hold5,drive,3.2,0.32,0.292,11443.2,11395.0,15.63,0.215,16.6,1.6182286905478074,-0.38847491815884183,-5.856027072220456,3.0941801744082973,16.683986380797386,1.909023373882728,1.2321667708848707,1787260523.9375513
29.24050807952881,hold5,drive,3.2,0.32,0.292,11443.2,11388.0,16.43,0.225,16.6,1.7493998937205157,0.84085142766979,-7.1641153431666,3.181207644510545,16.695172188124577,1.9407835783102907,1.2492724620073103,1787260523.947501
29.260672330856323,hold5,drive,3.2,0.32,0.292,11443.2,11470.0,14.27,0.22,16.6,1.762339261350829,-0.6742028508383981,-5.264670061356526,3.2475133609161437,16.714297894832672,1.9998251565046627,1.2828178708392104,1787260523.9667141
29.280305862426758,hold5,drive,3.2,0.32,0.292,11443.2,11385.0,16.2,0.218,16.6,1.6827416374261048,-0.567326853849508,-4.257326616061135,3.299472818195972,16.731965110555205,2.061317483168178,1.317987486261508,1787260523.9866843
29.300391912460327,hold5,drive,3.2,0.32,0.292,11443.2,11429.0,15.46,0.222,16.6,1.674585173955519,-0.06662548947149727,-6.046724663337557,3.2717495645758063,16.736191998512528,2.0680750962326737,1.346459979576931,1787260524.0065775
29.320220232009888,hold5,drive,3.2,0.32,0.292,11443.2,11497.0,14.05,0.215,16.6,1.6787450315782229,0.008746694951992318,-6.130642151806569,3.1777378946781942,16.756118234223916,2.162153049131889,1.3967056912451337,1787260524.0375028
29.340938329696655,hold5,drive,3.2,0.32,0.292,11443.2,11364.0,16.94,0.219,16.6,1.7541887899926962,-0.02258855334246679,-6.249489738634395,3.125325954961054,16.766606993326707,2.2248893373765535,1.430688809180605,1787260524.0579872
29.360259294509888,hold5,drive,3.2,0.32,0.292,11443.2,11455.0,14.98,0.222,16.6,1.8022354118510338,0.41531024045742626,-7.400139382517295,3.298622424810075,16.771067906431895,2.2565199414655757,1.4483140084938697,1787260524.0666137
29.38042163848877,hold5,drive,3.2,0.32,0.292,11443.2,11441.0,14.63,0.212,16.6,1.7739422547461408,-0.6948367986762065,-4.224474910594893,2.996745550513475,16.778456823872077,2.319997062710596,1.4842878282732441,1787260524.0886962
29.401110410690308,hold5,drive,3.2,0.32,0.292,11443.2,11393.0,16.63,0.224,16.6,1.725314797454057,-0.05850849399083824,-5.122984418656415,2.852233060180101,16.786438625522372,2.392459012218582,1.5409753060895175,1787260524.118108
29.420398235321045,hold5,drive,3.2,0.32,0.292,11443.2,11473.0,14.23,0.222,16.6,1.6153869645066383,-0.7768507990983338,-5.6159088122947765,3.1171965099354813,16.787385670433554,2.4242072266856196,1.5582172057129269,1787260524.126611
29.441055297851562,hold5,drive,3.2,0.32,0.292,11443.2,11399.0,15.6,0.207,16.6,1.624932932275973,0.0006151636580504771,-5.61628069522618,3.204497098299338,16.787058894147556,2.520173775180356,1.6072209081604816,1787260524.1565874
29.460360288619995,hold5,drive,3.2,0.32,0.292,11443.2,11398.0,16.8,0.228,16.6,1.7357558536657671,1.0963352208148578,-7.786452658047153,3.280603582693785,16.784223807292832,2.5838894229112497,1.639781426617632,1787260524.176653
29.480748176574707,hold5,drive,3.2,0.32,0.292,11443.2,11486.0,13.77,0.218,16.6,1.75126170963859,-0.6780229831679492,-4.9589840459073,3.1524310567136955,16.78200774426016,2.615704541923361,1.657745276999455,1787260524.18783
29.50105929374695,hold5,drive,3.2,0.32,0.292,11443.2,11364.0,16.85,0.219,16.6,1.7026362497173237,-0.8159151714610644,-4.029883073686676,2.964932095530112,16.780406326440207,2.6582891088339373,1.6966160143749422,1787260524.2066233
29.52101469039917,hold5,drive,3.2,0.32,0.292,11443.2,11458.0,15.04,0.222,16.6,1.6881272149405175,-0.08453390379671699,-6.148125327355274,3.085021892156291,16.76681408353771,2.7528699211546446,1.7477717047964723,1787260524.2375307
29.54098892211914,hold5,drive,3.2,0.32,0.292,11443.2,11483.0,14.19,0.213,16.6,1.686106008831202,0.02091033385636587,-5.425916980137117,3.1244416173827583,16.755031160237113,2.8158742059487563,1.7815151986047608,1787260524.2576423
29.560637712478638,hold5,drive,3.2,0.32,0.292,11443.2,11363.0,17.47,0.229,16.6,1.697501408819542,-0.1126524707153207,-6.329604197880371,3.2389954994450125,16.746898585737984,2.8538957076811524,1.8020480109385468,1787260524.2687314
29.58047127723694,hold5,drive,3.2,0.32,0.292,11443.2,11482.0,13.94,0.22,16.6,1.7067496351790055,0.019295657161831237,-6.553039766114409,3.114132070436068,16.733440474004105,2.909093124543572,1.8323778387032035,1787260524.2877104
29.60046887397766,hold5,drive,3.2,0.32,0.292,11443.2,11408.0,15.44,0.211,16.6,1.6786158682653542,-0.6867470292945939,-3.8633692751818387,2.7677720830517516,16.727843134529255,2.9589565556590265,1.86948365226552,1787260524.3077714
29.620594263076782,hold5,drive,3.2,0.32,0.292,11443.2,11434.0,16.11,0.227,16.6,1.6466531414944412,0.4259697515929233,-5.844631433147924,3.053639088706511,16.698172782149644,3.049947881134408,1.919460678043292,1787260524.3375108
29.640239715576172,hold5,drive,3.2,0.32,0.292,11443.2,11484.0,14.03,0.22,16.6,1.651260942812496,-0.6201659512551316,-5.766914917143595,3.1078601990443424,16.675784897419348,3.1100755010306216,1.9524282371064243,1787260524.357661
29.66052007675171,hold5,drive,3.2,0.32,0.292,11443.2,11360.0,16.73,0.217,16.6,1.7195410642107651,-0.21965527006282315,-6.066523336383682,3.254682692461204,16.663863452456066,3.1397821059904847,1.968969444492201,1787260524.3665593
29.680410385131836,hold5,drive,3.2,0.32,0.292,11443.2,11466.0,15.05,0.224,16.6,1.7478263649904424,0.5356999208442588,-6.2094749013267005,3.2033690843870604,16.6252202970044,3.227422910534126,2.020396390782893,1787260524.3976088
29.70059323310852,hold5,drive,3.2,0.32,0.292,11443.2,11486.0,14.08,0.214,16.6,1.7271577049283917,-0.632865958015131,-4.42462744982646,3.0319520234574546,16.62397735501338,3.2542246640705583,2.041098555673691,1787260524.4078028
29.72108745574951,hold5,drive,3.2,0.32,0.292,11443.2,11419.0,16.33,0.224,16.6,1.6104285580310742,-0.32600194783213254,-4.289344800900466,3.137558705972642,16.578955112386097,3.339185516089829,2.0924632309027116,1787260524.4376678
29.741421461105347,hold5,drive,3.2,0.32,0.292,11443.2,11485.0,14.22,0.22,16.6,1.555735751356335,-0.5462561920739759,-5.252814246392461,3.1557292263590035,16.54659952936778,3.394490730481163,2.1243557010730862,1787260524.4577112
29.762453079223633,hold5,drive,3.2,0.32,0.292,11443.2,11428.0,15.32,0.209,16.6,1.5187043632407287,0.06760044876932803,-5.610411259903174,3.1557292263590035,16.54659952936778,3.394490730481163,2.1243557010730862,1787260524.4577112
29.780996561050415,hold5,drive,3.2,0.32,0.292,11443.2,11404.0,16.5,0.225,16.6,1.6430717224605025,0.7044216280739093,-5.894188926808624,3.0979403948542066,16.495049719251792,3.4753935954752375,2.170550837753792,1787260524.4877882
29.801117420196533,hold5,drive,3.2,0.32,0.292,11443.2,11477.0,14.22,0.221,16.6,1.667191173505023,-0.41227111344696254,-5.955883486518303,3.2249615840039683,16.471552066242747,3.526942601456117,2.2069628102930294,1787260524.5065944
29.820730686187744,hold5,drive,3.2,0.32,0.292,11443.2,11409.0,15.59,0.219,16.6,1.6404905867319977,-0.5311857239870719,-4.024213028425947,3.2764998501975535,16.432967764865694,3.578321356423745,2.24035798021058,1787260524.5266204
29.840217113494873,hold5,drive,3.2,0.32,0.292,11443.2,11483.0,14.86,0.222,16.6,1.6631018896512064,-0.4376386383736026,-5.351567291049491,3.2822479798180266,16.39296544929209,3.627997302980715,2.2732818573228606,1787260524.546642
29.860498428344727,hold5,drive,3.2,0.32,0.292,11443.2,11500.0,14.09,0.221,16.6,1.5806972939375388,-0.6969988067561843,-5.491731488171752,3.1587046147251803,16.34939149762017,3.6786236593931108,2.307784129487458,1787260524.5685287
29.880634307861328,hold5,drive,3.2,0.32,0.292,11443.2,11410.0,16.11,0.22,16.6,1.6646764836457157,0.11603210668936104,-5.641226087709754,3.3181913297572874,16.307625818701045,3.723973110925889,2.338429210206982,1787260524.586615
29.900449514389038,hold5,drive,3.2,0.32,0.292,11443.2,11486.0,14.87,0.225,16.6,1.7241707034497589,0.047430440968289744,-6.875208498471409,3.3031289971332534,16.27950336785664,3.7730053474826764,2.371534709231027,1787260524.6065629
29.92041563987732,hold5,drive,3.2,0.32,0.292,11443.2,11491.0,14.04,0.213,16.6,1.6425484113063018,-0.6889652437374352,-4.455245811178713,3.1958127429401255,16.209227277036298,3.838931435009517,2.42252663998389,1787260524.6376026
29.940216064453125,hold5,drive,3.2,0.32,0.292,11443.2,11430.0,16.03,0.221,16.6,1.5818372600421469,-0.06436565016044948,-4.040684050901916,3.179491072892129,16.160745449914113,3.880663598771459,2.4550816606119583,1787260524.6576586
29.96049213409424,hold5,drive,3.2,0.32,0.292,11443.2,11510.0,13.96,0.222,16.6,1.5670693660073851,-0.3204801294945341,-5.744945172832843,3.2897022165796947,16.133840984374327,3.9027114659519224,2.4722707934051766,1787260524.6674657
29.980653047561646,hold5,drive,3.2,0.32,0.292,11443.2,11462.0,14.57,0.21,16.6,1.567188142992003,0.12739477294596746,-4.9930668826818305,3.3022161094206544,16.082769348064552,3.9425008178778063,2.5038838028265467,1787260524.6876678
30.000540494918823,hold5,drive,3.2,0.32,0.292,11443.2,11437.0,16.13,0.226,16.6,1.6514293877514437,0.7601565591552841,-6.569982074192126,3.433624695425486,16.041216379818632,3.993997323993439,2.5387057633409125,1787260524.707888
30.020689964294434,hold5,drive,3.2,0.32,0.292,11443.2,11541.0,13.28,0.224,16.6,1.6027827556995113,-0.4313176152574201,-5.572655202098645,3.2902335092344965,15.961032639059447,4.047322962777066,2.5875018713544997,1787260524.7377207
30.041093587875366,hold5,drive,3.2,0.32,0.292,11443.2,11430.0,15.57,0.215,16.6,1.605792527205464,-0.8958506328102231,-3.447351850506095,3.238196307379595,15.906249317753986,4.080593771068249,2.6196478038733173,1787260524.757671
30.062478065490723,hold5,drive,3.2,0.32,0.292,11443.2,11514.0,14.49,0.223,16.6,1.593352635437595,0.02329708972946154,-5.523765460494019,3.3392636279392613,15.878403314522165,4.096609320088082,2.6357355949810115,1787260524.7666564
30.080599546432495,hold5,drive,3.2,0.32,0.292,11443.2,11535.0,13.57,0.218,16.6,1.6002664679435497,-0.13130572898378023,-5.3571133753330855,3.471464784169121,15.821908285673,4.1273509402657345,2.6675869277266897,1787260524.7868161
30.102035999298096,hold5,drive,3.2,0.32,0.292,11443.2,11386.0,16.83,0.225,16.6,1.648498978445975,-0.26055723965823674,-6.0527443721092595,3.1205683044654426,15.768429440119416,4.170509924233858,2.7135634418059746,1787260524.8183627
30.12103581428528,hold5,drive,3.2,0.32,0.292,11443.2,11517.0,13.77,0.223,16.6,1.6411904654664706,0.27890949421556144,-6.491653354682796,3.2019783899980636,15.709947935839542,4.196647348703681,2.746372043002366,1787260524.837813
30.14081120491028,hold5,drive,3.2,0.32,0.292,11443.2,11482.0,14.09,0.21,16.6,1.6653300233772212,-0.26817389618313214,-3.605390986642533,3.213179438455424,15.650333388472358,4.220955660844041,2.779538993997617,1787260524.857626
30.16069984436035,hold5,drive,3.2,0.32,0.292,11443.2,11487.0,15.46,0.226,16.6,1.613117152309564,0.23360756774365754,-4.375763435971805,3.303655736076345,15.620086450645852,4.232411667040055,2.7963508961989088,1787260524.8668282
30.180832862854004,hold5,drive,3.2,0.32,0.292,11443.2,11534.0,13.4,0.219,16.6,1.5527478177713205,-0.828385236455695,-5.464558306429296,3.3262537075518837,15.559725306726369,4.253594756921141,2.8284725535167863,1787260524.8867035
30.20033049583435,hold5,drive,3.2,0.32,0.292,11443.2,11381.0,16.2,0.212,16.6,1.578620294603386,0.032218579891841514,-5.946136762330298,3.0897957117450847,15.540696351015184,4.271023580341602,2.857964294073472,1787260524.9065952
30.220805406570435,hold5,drive,3.2,0.32,0.292,11443.2,11471.0,15.54,0.224,16.6,1.650626710998894,0.9659311233869801,-6.286321936326317,3.2932818330409144,15.479440484284924,4.288349234018298,2.889404813060963,1787260524.926563
30.240625619888306,brake,drive,0.0,0.32,0.292,0.0,11529.0,13.2,0.214,16.6,1.6558759346654943,-0.4361924757004978,-5.2255972105307364,3.2972489058621743,15.417191331717524,4.303883332047245,2.9220778236744365,1787260524.946586
30.261083602905273,brake,drive,0.0,0.32,0.292,0.0,11408.0,15.43,0.215,16.6,1.5758432833767058,-0.5591808781050318,-3.6662871090207148,3.1255172337097448,15.32297337866798,4.323339483334585,2.971258935314248,1787260524.9777992
30.28059434890747,brake,drive,0.0,0.32,0.292,0.0,11328.0,5.6,0.188,16.6,1.5847797867305755,0.1287558403551401,-5.315182990095707,3.280448200316491,15.291368204251516,4.328775585770985,2.9870598945297595,1787260524.9866047
30.300448417663574,brake,drive,0.0,0.32,0.292,0.0,11112.0,3.07,0.174,16.6,1.5907175706970162,1.712002251064348,-6.018361573158927,3.0500807721866847,15.269483227588344,4.34276042400918,3.017546338087294,1787260525.006611
30.32045817375183,brake,drive,0.0,0.32,0.292,0.0,10757.0,2.07,0.162,16.6,1.6525963849411163,1.704572047636546,-5.659714984393702,3.1414795150618,15.207547439340269,4.349898148959485,3.0493668130528877,1787260525.0266144
30.34110736846924,brake,drive,0.0,0.32,0.292,0.0,10473.0,-1.04,0.161,16.6,1.6752962379665701,2.1213874711025937,-5.583461441808197,2.9630684488615895,15.119307732067202,4.356174952928124,3.0986490980659793,1787260525.0576105
30.360493421554565,brake,drive,0.0,0.32,0.292,0.0,10290.0,-6.06,0.14,16.7,1.6782118667279893,2.360758895377117,-4.6785802225776365,3.1018023752623844,15.088481827070726,4.357499541237087,3.1154994258457096,1787260525.0666177
30.38050651550293,brake,drive,0.0,0.32,0.292,0.0,10018.0,-9.44,0.13,16.7,1.7809841853005284,3.3004700793941595,-4.484201516689069,3.0601731539215082,15.02544338359473,4.358274235545054,-3.131266977490742,1787260525.0883238
30.400606870651245,brake,drive,0.0,0.32,0.292,0.0,9713.0,-11.6,0.127,16.7,1.9247934194262077,3.7719980482410165,-5.513181999710355,3.212325227490859,14.96954165755685,4.36920531089166,-3.089490388401817,1787260525.1065652
30.420341730117798,brake,drive,0.0,0.32,0.292,0.0,9455.0,-15.23,0.115,16.7,1.9516187752963032,4.10812028426713,-4.507095413473223,2.8070692387445173,14.890183922188568,4.36276027946015,-3.0318247147699116,1787260525.137541
30.44057583808899,brake,drive,0.0,0.32,0.292,0.0,9079.0,-16.44,0.103,16.7,2.0587971607343243,4.453597481015777,-4.396794117408604,2.6714805856880464,14.838528477627593,4.356106615036607,-2.992187942913949,1787260525.1576636
30.461196899414062,brake,drive,0.0,0.32,0.292,0.0,8640.0,-17.21,0.093,16.7,2.0695520704805004,4.391414386417438,-3.9682656972269115,2.7962520948067557,14.811215135283637,4.351995236326,-2.971552922851178,1787260525.16661
30.48050022125244,brake,drive,0.0,0.32,0.292,0.0,8202.0,-18.07,0.084,16.7,2.079158092532416,4.60447962488746,-4.7496127860837305,2.72119415360598,14.763287072755436,4.342602179564837,-2.9302234301529966,1787260525.186634
30.50120711326599,brake,drive,0.0,0.32,0.292,0.0,7816.0,-20.3,0.076,16.7,2.1185873908935298,5.408617991889344,-4.205893043178094,2.7338728159163397,14.755655681877588,4.342081849718463,-2.886959310334417,1787260525.20665
30.52075505256653,brake,drive,0.0,0.32,0.292,0.0,7391.0,-21.98,0.063,16.7,2.087981012065794,5.241848377688768,-3.3125486732841125,2.2859243118386994,14.6955684256196,4.323803485329218,-2.8239442510058836,1787260525.2375727
30.541263818740845,brake,drive,0.0,0.32,0.292,0.0,6861.0,-21.59,0.053,16.7,1.9909964083322693,4.80759933382879,-3.004505645104558,2.126712202124077,14.657653579934854,4.310143458339133,-2.782681587083467,1787260525.2575781
30.561453342437744,brake,drive,0.0,0.32,0.292,0.0,6344.0,-21.7,0.047,16.7,1.9075722213952648,5.313370937887498,-3.610703767011614,2.2038561040723654,14.622711642312243,4.297034635853105,-2.7495543673508447,1787260525.2732334
30.58079695701599,brake,drive,0.0,0.32,0.292,0.0,5884.0,-22.9,0.039,16.7,1.8993666226025672,5.196662262636835,-3.4663044314111175,1.8543494667672382,14.603068350448451,4.287678640482988,-2.7240508572826028,1787260525.2867436
30.600560665130615,brake,drive,0.0,0.32,0.292,0.0,5399.0,-24.04,0.033,16.7,1.8126184111509802,5.293411466404052,-2.920025946826513,1.8094869941085803,14.589098096175558,4.286102353138896,-2.679705888616734,1787260525.3066156
30.621254920959473,brake,drive,0.0,0.32,0.292,0.0,4950.0,-25.75,0.024,16.7,1.6719803360933128,5.6941322819178595,-2.9215064618930455,1.5138958769970179,14.552915077749441,4.265502263377621,-2.625699810102533,1787260525.33773
30.640312671661377,brake,drive,0.0,0.32,0.292,0.0,4474.0,-26.3,0.014,16.7,1.5731578848915244,5.329313372045874,-2.527798797132789,1.6458425779644767,14.537820917778706,4.256942048268713,-2.608890261137278,1787260525.3466117
30.66112971305847,brake,drive,0.0,0.32,0.292,0.0,3904.0,-26.75,0.002,16.7,1.440641785368326,5.508203680090901,-2.052111703614429,1.5273408156301422,14.516296614946762,4.243029551127682,-2.5769439597657082,1787260525.3665993
30.680517196655273,brake,drive,0.0,0.32,0.292,0.0,3524.0,-27.48,0.0,16.6,1.3665386622465987,5.705213925496423,-2.0674407648246245,1.2509014757778267,14.497841885647105,4.230089045366358,-2.5474494148499187,1787260525.387846
30.700811862945557,brake,drive,0.0,0.32,0.292,0.0,3105.0,-25.19,0.0,16.7,1.2473277155294362,6.143746932087424,-2.116938324522323,1.499455517297218,14.484935076319111,4.241932150151358,-2.518151307934897,1787260525.4065804
30.72062397003174,brake,drive,0.0,0.32,0.292,0.0,2802.0,-24.8,0.0,16.7,1.1521656460879073,5.849425565466447,-2.4564156930333354,1.2593150348134226,14.470580775941695,4.2306677155387415,-2.4926163055322244,1787260525.426576
30.741053581237793,brake,drive,0.0,0.32,0.292,0.0,2574.0,-22.86,0.0,16.6,1.0598389776799586,5.575161318834489,-2.5274459176530684,0.8971492211593401,14.454306311706352,4.216719593558689,-2.4580613426643994,1787260525.4576905
30.76054573059082,brake,drive,0.0,0.32,0.292,0.0,2381.0,-21.69,0.0,16.7,0.959845667704917,5.5406785324922225,-2.695314808443328,0.9666509506930885,14.44649492741289,4.210357075148625,-2.447409694520749,1787260525.4666154
30.780450105667114,brake,drive,0.0,0.32,0.292,0.0,2215.0,-20.94,0.0,16.6,0.8041765782967878,5.298706705125426,-2.5558686494339042,0.8687243899041982,14.436162086083261,4.201110192444305,-2.4277076210691257,1787260525.4866784
30.80060076713562,brake,drive,0.0,0.32,0.292,0.0,2100.0,-19.99,0.0,16.7,0.6891153026111596,5.246132048058996,-2.8815626682585673,1.34669454467784,14.434803856786631,4.230366779727765,-2.4192284331637346,1787260525.5065894
30.820900201797485,brake,drive,0.0,0.32,0.292,0.0,2002.0,-19.78,0.0,16.7,0.5784115576801463,5.1103351364943705,-3.169345970418078,0.8250643045380243,14.422575714837423,4.218999888918016,-2.398549063904231,1787260525.5376694
30.84104299545288,brake,drive,0.0,0.32,0.292,0.0,1908.0,-17.91,0.0,16.6,0.4983141582873549,4.721413125589578,-2.6809704183911265,0.6874363187073903,14.414259783585287,4.211160886870426,-2.3873830414785466,1787260525.5577588
30.860676765441895,brake,drive,0.0,0.32,0.292,0.0,1793.0,-14.66,0.0,16.7,0.467822894597738,3.449667932725106,-1.2636503071689447,0.7054099410797191,14.409394535123521,4.206590032254455,-2.3823714924583896,1787260525.5666912
30.880584001541138,brake,drive,0.0,0.32,0.292,0.0,1660.0,-10.32,0.0,16.6,0.4330405460227036,2.280234253935575,0.5383615735231118,1.9797283248588764,14.367706771740831,4.191323493740995,-2.347064408743774,1787260525.5890417
30.90101385116577,brake,drive,0.0,0.32,0.292,0.0,1518.0,-8.27,0.0,16.7,0.4368718361459188,1.600600947508056,1.9036549848991342,1.2526309834668967,14.361278737881019,4.184515010267073,-2.338619454202318,1787260525.606592
30.920241117477417,brake,drive,0.0,0.32,0.292,0.0,1394.0,-6.06,0.0,16.7,0.3981961790837839,1.1447357697190341,2.195667578320979,0.6778443538291378,14.353503840353238,4.176053241981257,-2.325738578148568,1787260525.637669
30.94050145149231,brake,drive,0.0,0.32,0.292,0.0,1264.0,-3.7,0.0,16.6,0.2971614732539804,0.867382000384552,1.280885268402585,0.6427556063999391,14.350073324527003,4.172407134474857,-2.321742276562206,1787260525.6465948
30.96082043647766,brake,drive,0.0,0.32,0.292,0.0,1119.0,-2.16,0.0,16.6,0.21488489236496136,0.7559828895342235,-0.060600655249604785,0.5188500995369761,14.345233301315007,4.1670632880461085,-2.3152928124033987,1787260525.6666536
30.980467557907104,brake,drive,0.0,0.32,0.292,0.0,1003.0,-1.56,0.0,16.6,0.20568681665777527,0.8610756318532253,-0.5827806800290247,1.787590654120502,14.38266327770757,4.23346170012238,-2.3442501348617295,1787260525.686645
31.00138235092163,brake,drive,0.0,0.32,0.292,0.0,899.0,-1.01,0.0,16.7,0.22321211439569158,0.8418043776815125,-0.30977468116910245,1.0369783765694451,14.378599852742198,4.22930446566413,-2.340092414844013,1787260525.706608
31.020960092544556,brake,drive,0.0,0.32,0.292,0.0,799.0,0.33,0.0,16.7,0.2138799984618904,0.5794938868799875,0.2557137166378869,0.503690958488598,14.37384401060477,4.2243713364277395,-2.333535041931291,1787260525.7376812
31.0409574508667,brake,drive,0.0,0.32,0.292,0.0,352.0,-0.32,0.0,16.6,0.1741913747896303,0.4736146574769897,0.6483829341263956,0.3233474420350533,14.371913385254699,4.222328300137421,-2.329461321684,1787260525.7575824
31.060439825057983,brake,drive,0.0,0.32,0.292,0.0,262.0,-0.2,0.0,16.6,0.1313504172693138,0.5280430281649338,0.6631504433393474,0.30015340426114256,14.369962397168498,4.220270108432951,-2.327473582094259,1787260525.769109
31.08059811592102,brake,drive,0.0,0.32,0.292,0.0,179.0,-0.67,0.0,16.6,0.11301760747699344,0.6123477119619949,0.28429830666392597,1.259410046273682,14.392854391546017,4.271601296351834,-2.3518048279281274,1787260525.797549
31.101675748825073,brake,drive,0.0,0.32,0.292,0.0,212.0,-0.52,0.0,16.7,0.09377395497997393,0.4537816685825362,0.03989628500526976,0.9271216279844784,14.391887171317334,4.2706255470885095,-2.3506697680287227,1787260525.8066008
31.120902061462402,brake,drive,0.0,0.32,0.292,0.0,27.0,-0.24,0.0,16.6,0.07688478655793668,0.5218488896338371,-0.0460944800423988,0.5035341794827185,14.390938260220741,4.269688949740099,-2.34869698579484,1787260525.8266563
31.14117980003357,brake,drive,0.0,0.32,0.292,0.0,136.0,-0.41,0.0,16.6,0.057801735158216565,0.3484080771747138,0.07821977856804452,0.28879336160310537,14.390783417082462,4.269554000445175,-2.3470714084671336,1787260525.8468356
31.16076421737671,brake,drive,0.0,0.32,0.292,0.0,27.0,-0.07,0.0,16.6,0.042922691598646694,0.3691399658788903,0.298920677014646,0.17215834934567845,14.390518063951944,4.269293191821051,-2.3456088906278616,1787260525.8703363
31.180792570114136,brake,drive,0.0,0.32,0.292,0.0,1.0,0.0,0.0,16.6,0.017293905449593954,0.2625303826645613,0.32259086480006616,0.8309689423768482,14.40268942782219,4.303698954482767,-2.365413083735811,1787260525.8977256
31.20176649093628,brake,drive,0.0,0.32,0.292,0.0,0.0,0.0,0.0,16.7,-0.004059814832027913,0.26281126829848134,0.2603849477871574,0.4136953977082497,14.40262838680215,4.303644560823174,-2.3651526543209327,1787260525.9182532
31.220718145370483,brake,drive,0.0,0.32,0.292,0.0,0.0,-0.03,0.0,16.7,-0.012649508553090884,0.18200418805629504,0.12640851207615,0.20785434018004234,14.402587071836027,4.303606965562872,-2.365215227427038,1787260525.9376473
31.240442276000977,brake,drive,0.0,0.32,0.292,0.0,0.0,-0.02,0.0,16.6,-0.017950456841785253,0.08007199384048391,0.020722240797937275,0.14810572101602418,14.402518278527332,4.303539402324127,-2.3653435936634475,1787260525.9487402
31.26024889945984,brake,drive,0.0,0.32,0.292,0.0,0.0,-0.03,0.0,16.6,-0.03172292992069738,-0.03370128766433744,0.1359567232842629,0.07622491308312121,14.402506716076873,4.303529731769203,-2.3656754971870204,1787260525.96667
31.280195474624634,brake,drive,0.0,0.32,0.292,0.0,0.0,-0.02,0.0,16.6,-0.043442856893809605,-0.15378112042598246,0.11672316538257199,0.2842863207742548,14.40828550717568,4.325971265855689,-2.3826696888898717,1787260525.9976783
31.30034065246582,brake,drive,0.0,0.32,0.292,0.0,0.0,-0.04,0.0,16.6,-0.04133173996937937,-0.22585145511948568,0.1118839181388509,0.20074117176771605,14.4083231077595,4.326006926383709,-2.38310536554912,1787260526.0066092
31.321110248565674,brake,drive,0.0,0.32,0.292,0.0,0.0,-0.03,0.0,16.7,-0.043489965716779586,-0.3254803396285233,0.0737857616589217,0.10028438827822163,14.408331452756103,4.326013427061828,-2.3839422434484545,1787260526.0266056
31.340545177459717,brake,drive,0.0,0.32,0.292,0.0,0.0,-0.05,0.0,16.6,-0.04775071553290532,-0.3269971805238505,-0.003202191243946828,0.03584681053880887,14.408325375692675,4.326006375194443,-2.3852562995834066,1787260526.0575278
31.36047053337097,brake,drive,0.0,0.32,0.292,0.0,0.0,0.0,0.0,16.6,-0.045632836676019806,-0.4357560541235692,0.006703175220515334,0.38639499633851315,14.409892997613554,4.339809544711725,-2.399430415278932,1787260526.0779142
31.380297899246216,brake,drive,0.0,0.32,0.292,0.0,0.0,-0.03,0.0,16.6,-0.04025406270595438,-0.42685078084904404,-0.02698175851184459,0.19235572524478758,14.40980485355543,4.339722068676017,-2.400302449901211,1787260526.0976496
31.401744604110718,brake,drive,0.0,0.32,0.292,0.0,0.0,-0.03,0.0,16.6,-0.03707385721261467,-0.4700705137380403,0.02089403931017486,0.1367974587185691,14.409852093685375,4.339765315040982,-2.400706008744472,1787260526.1065927
31.420769453048706,brake,drive,0.0,0.32,0.292,0.0,0.0,-0.03,0.0,16.6,-0.03603079272098231,-0.5083881600849125,0.04005532927781985,0.04918482729721919,14.409844582071099,4.3397561954788,-2.401828058264699,1787260526.1376898
31.440805673599243,brake,drive,0.0,0.32,0.292,0.0,0.0,-0.04,0.0,16.7,-0.0296243090474445,-0.569643155339115,-0.021981256017060247,0.0356164917710072,14.409870605743253,4.339779946190257,-2.4021890571346,1787260526.1465936
31.460700511932373,brake,drive,0.0,0.32,0.292,0.0,0.0,-0.03,0.0,16.6,-0.02215836787740814,-0.5515517231561446,-0.031806479078557715,0.013878574303896742,14.409898294612416,4.339804657800655,-2.403162988433031,1787260526.1784046
31.480323553085327,brake,drive,0.0,0.32,0.292,0.0,0.0,-0.01,0.0,16.6,-0.01686028248688561,-0.5939849689611449,-0.03165065077475404,0.22254071532117062,14.411688105196404,4.350824506560557,-2.41256279987645,1787260526.197535
31.500458478927612,brake,drive,0.0,0.32,0.292,0.0,0.0,-0.02,0.0,16.7,-0.013652227194505848,-0.5890828824190208,-0.022044990670398334,0.15723353193446618,14.411720964786289,4.350853855823864,-2.4127326304232257,1787260526.206619
31.520426273345947,brake,drive,0.0,0.32,0.292,0.0,0.0,-0.03,0.0,16.7,-0.009401108450791028,-0.564853481522718,-0.007611320940384303,0.05556518695679434,14.411711836471262,4.3508444817889576,-2.4130889789288017,1787260526.237584
31.54093623161316,brake,drive,0.0,0.32,0.292,0.0,0.0,-0.04,0.0,16.7,-0.0019658808882266807,-0.5704296789682104,-0.05569162513859638,0.039674287109886526,14.411729573061828,4.35086030684388,-2.4130889796103387,1787260526.2467422
31.562317848205566,brake,drive,0.0,0.32,0.292,0.0,0.0,-0.02,0.0,16.6,0.003384002335312078,-0.47953759482550495,0.001760048531775027,0.02019134055208105,14.411732131764026,4.3508623466065055,-2.413088980050062,1787260526.2687557
31.580440759658813,brake,drive,0.0,0.32,0.292,0.0,0.0,-0.03,0.0,16.6,0.00659309896528995,-0.43152811502991284,0.016154322644645447,0.09506250154914857,14.408237827432504,4.3555746471156,-2.419215418301054,1787260526.2975273
31.600463151931763,brake,drive,0.0,0.32,0.292,0.0,0.0,-0.03,0.0,16.7,0.008713842800941902,-0.3692057105126949,0.020955252351654963,0.06685748152933775,14.408244935964358,4.355580911741138,-2.419215418301054,1787260526.3065877
31.62045121192932,brake,drive,0.0,0.32,0.292,0.0,0.0,-0.03,0.0,16.7,0.008704212248679632,-0.3271095201593788,0.04467229095449454,0.033093014342068065,14.408246381357293,4.35558210495453,-2.4192154182343963,1787260526.3266263
31.64055109024048,brake,drive,0.0,0.32,0.292,0.0,0.0,-0.01,0.0,16.7,0.005508650406733978,-0.3250309079962115,0.11699893470257727,0.01646485544599144,14.408247329879254,4.355582896550011,-2.4192154181977363,1787260526.3466012
31.660625219345093,brake,drive,0.0,0.32,0.292,0.0,0.0,-0.01,0.0,16.7,0.005548994696505426,-0.28845478181572304,0.025588220781862958,0.008249048462038392,14.408249467847071,4.355584756326546,-2.4192154181775725,1787260526.3717396
31.68084168434143,brake,drive,0.0,0.32,0.292,0.0,0.0,-0.02,0.0,16.6,0.004468450373719401,-0.2877806343672553,0.0688529041431103,0.11448018674332294,14.407581523230105,4.360858703615391,-2.4226233620527067,1787260526.397612
31.700568199157715,brake,drive,0.0,0.32,0.292,0.0,0.0,0.0,0.0,16.7,0.003403263439836616,-0.27358004928115776,0.0688138374318612,0.0802582578214266,14.407584270938205,4.3608611085358255,-2.4226233620527067,1787260526.4065819
31.720547437667847,brake,drive,0.0,0.32,0.292,0.0,0.0,-0.04,0.0,16.6,0.0023352125674846952,-0.2165529565755122,0.06391898681941655,0.039462552888977556,14.407584404543087,4.360861204450338,-2.4226233620454733,1787260526.426634
31.742780685424805,brake,drive,0.0,0.32,0.292,0.0,0.0,-0.03,0.0,16.6,0.00018557710755522823,-0.2864323029252205,0.09311197966011875,0.0194356393677558,14.407584531730313,4.360861304618878,-2.4226233620416364,1787260526.446636
31.76092219352722,brake,drive,0.0,0.32,0.292,0.0,0.0,-0.01,0.0,16.6,-0.0019601543116600346,-0.2548706394674838,0.04476010882833137,0.00959583873548386,14.407584648710902,4.360861400990784,-2.422623362039567,1787260526.466618
31.780722618103027,brake,drive,0.0,0.32,0.292,0.0,0.0,-0.04,0.0,16.6,-0.00407413088333304,-0.3067147234519858,0.07369505672223298,0.124186239185996,14.407201175221118,4.365315367149269,-2.4259226619672263,1787260526.488958
31.800756454467773,brake,drive,0.0,0.32,0.292,0.0,0.0,-0.01,0.0,16.7,-0.001929440574150855,-0.28761208836886354,0.04015140634411907,0.061361536201285066,14.407202705785853,4.365316633495036,-2.4259226618526184,1787260526.5065627
31.821157217025757,brake,drive,0.0,0.32,0.292,0.0,0.0,-0.05,0.0,16.6,-0.0051307286025516685,-0.33088802762072334,0.01616400709598409,0.021393466211879833,14.40720123433192,4.365315299429867,-2.4259226617551923,1787260526.5375373
31.840828895568848,brake,drive,0.0,0.32,0.292,0.0,0.0,-0.02,0.0,16.6,-0.0030003542146374487,-0.31167297981187403,0.08323661672225668,0.01068534999764278,14.407202948543912,4.365316779163008,-2.425922661736209,1787260526.5579767
31.860736846923828,brake,drive,0.0,0.32,0.292,0.0,0.0,-0.04,0.0,16.6,-0.005118235152117564,-0.373208897245096,0.04029572294161454,0.007612206407494661,14.407206620720073,4.365319971885078,-2.425922661736209,1787260526.5689974
31.881590127944946,brake,drive,0.0,0.32,0.292,0.0,0.0,-0.02,0.0,16.6,-0.005136454919043989,-0.33150596870632754,0.020812434103234523,0.09510821355081207,14.404308979390319,4.367490432477257,-2.4281026850256904,1787260526.5896378
31.901087284088135,brake,drive,0.0,0.32,0.292,0.0,0.0,-0.02,0.0,16.6,-0.002993587080695665,-0.36458454614959024,0.030496556535982933,0.046757730513840974,14.404308255030356,4.367489818969965,-2.428102685048133,1787260526.606606
31.920466423034668,brake,drive,0.0,0.32,0.292,0.0,0.0,-0.05,0.0,16.6,0.00019520762730820652,-0.37934693904862726,0.011246790882712077,0.02302051021181191,14.404307748765389,4.367489388153618,-2.4281026850604497,1787260526.6266758
31.940279483795166,brake,drive,0.0,0.32,0.292,0.0,0.0,-0.06,0.0,16.6,-0.000907460828211354,-0.3875780283295853,0.06903632399695425,0.011362449882108277,14.404307464266523,4.367489146099002,-2.4281026850674468,1787260526.6466513
31.960447072982788,brake,drive,0.0,0.32,0.292,0.0,0.0,-0.07,0.0,16.6,-0.0008603491444237971,-0.37844803923890424,-0.0029173221941931615,0.005642837724402164,14.404307304973505,4.367489010573005,-2.428102685071368,1787260526.6680026
31.980682134628296,brake,drive,0.0,0.32,0.292,0.0,0.0,-0.04,0.0,16.6,-0.0008796102489483351,-0.35027158488286503,0.04006322301928833,0.04233963113501853,14.401906743061339,4.369518977016055,-2.4295907767482405,1787260526.6976645
32.0009400844574,brake,drive,0.0,0.32,0.292,0.0,0.0,-0.04,0.0,16.6,0.0012728886618109084,-0.33579007761774804,0.04966859076284891,0.029766397222446977,14.401903839949119,4.369516471585176,-2.4295907767482405,1787260526.7066064
32.0204598903656,brake,drive,0.0,0.32,0.292,0.0,0.0,-0.04,0.0,16.6,-0.0009006935642324081,-0.3397932643501491,0.04026893538376086,0.014722804583086118,14.401903420194015,4.3695161153594455,-2.4295907767561973,1787260526.7266135
32.04048132896423,brake,drive,0.0,0.32,0.292,0.0,0.0,-0.08,0.0,16.6,0.00020197492379644315,-0.3126280494393612,0.020747456916517137,0.007316557881575222,14.401903129270348,4.36951586755494,-2.429590776760509,1787260526.7466214
32.060481548309326,brake,drive,0.0,0.32,0.292,0.0,0.0,-0.06,0.0,16.6,0.0001730833645375082,-0.3203535372702433,0.10260297951513486,0.0036624208978203953,14.401902501750627,4.36951532783901,-2.4295907767629417,1787260526.7704456
32.08033728599548,brake,drive,0.0,0.32,0.292,0.0,0.0,-0.03,0.0,16.6,0.0012757519500942313,-0.30744507726331705,0.025627470218609005,0.04420206035712444,14.399944240711903,4.371076154709146,-2.430441944706287,1787260526.7965646
32.10069799423218,brake,drive,0.0,0.32,0.292,0.0,0.0,-0.05,0.0,16.6,0.00019520762730820652,-0.34069216415987214,0.05443301191556671,0.031003326092814608,14.399945981601538,4.371077658697832,-2.4304419447083827,1787260526.8077173
32.12050724029541,brake,drive,0.0,0.32,0.292,0.0,0.0,-0.07,0.0,16.6,0.00020770137032592652,-0.33517209998704445,0.03544012176591593,0.010706599089627747,14.399946494385677,4.371078103892859,-2.4304419447101044,1787260526.837577
32.14059638977051,brake,drive,0.0,0.32,0.292,0.0,0.0,-0.05,0.0,16.6,-0.0008824734071944954,-0.3028800827179765,0.059105960684508574,0.007527953805787851,14.399945738088578,4.371077452319094,-2.4304419447101044,1787260526.8465612
32.16075015068054,brake,drive,0.0,0.32,0.292,0.0,0.0,-0.07,0.0,16.6,0.0012393115059812433,-0.36357330670433896,0.08341850168192622,0.003724589909498429,14.399945439867102,4.371077196045968,-2.430441944710434,1787260526.8703868
32.18049454689026,brake,drive,0.0,0.32,0.292,0.0,0.0,-0.05,0.0,16.7,-0.001925536338380907,-0.3081753945295489,-0.008070071573040849,0.06354930520321694,14.400489584696338,4.374575014455171,-2.4310530119020184,1787260526.8975022
32.200642585754395,brake,drive,0.0,0.32,0.292,0.0,0.0,-0.07,0.0,16.7,-0.0008881998537239787,-0.34948506125376966,0.035453460727193686,0.044616410220908884,14.400492609669985,4.3745776173464535,-2.4310530119020184,1787260526.906579
32.22049641609192,brake,drive,0.0,0.32,0.292,0.0,0.0,-0.06,0.0,16.7,0.00020197492379644315,-0.3497659468876897,0.06891923349850515,0.02200641895120446,14.400492991538702,4.3745779426090285,-2.431053011901007,1787260526.9265873
32.24034380912781,settle,stop,0.0,0.0,0.5,0.0,0.0,-0.06,0.0,16.7,-0.0008728428549322264,-0.34993449288608147,0.016190392657744468,0.010890785571137086,14.400493269679952,4.374578180130727,-2.4310530119004565,1787260526.9465926
32.26040697097778,settle,stop,0.0,0.0,0.5,0.0,0.0,-0.04,0.0,16.6,-0.0019130426278724777,-0.33049476580617565,0.05936433453720369,0.005412926839672972,14.400494126873069,4.374578916727335,-2.431053011900155,1787260526.9721062
32.281209230422974,settle,stop,0.0,0.0,0.5,0.0,0.0,-0.1,0.0,16.6,0.0011469103491656646,-0.3392876629000732,0.06912490931787829,0.09114303701120088,14.397055090410278,4.374343160420801,-2.431808796025508,1787260526.997818
32.300530672073364,settle,stop,0.0,0.0,0.5,0.0,0.0,-0.03,0.0,16.6,0.03449906105586102,-0.19148082568725044,0.1551861515897226,0.06383740870186695,14.397054261920971,4.374342448621802,-2.431808796025508,1787260527.006607
32.320449352264404,settle,stop,0.0,0.0,0.5,0.0,0.0,-0.03,0.0,16.6,-0.1029284131019316,-0.7170568038275889,1.0033326937274154,0.031319746161064685,14.397054145307191,4.374342349338101,-2.4312895688659006,1787260527.026602
32.340551137924194,settle,stop,0.0,0.0,0.5,0.0,0.0,-0.06,0.0,16.7,-0.24513728714955504,-0.26484332200502436,0.18358094464207397,0.015375902316459586,14.397054063382406,4.374342279021706,-2.4326669128411496,1787260527.0465856
32.360405921936035,settle,stop,0.0,0.0,0.5,0.0,0.0,-0.02,0.0,16.6,0.0029024726416040283,-0.28360886509136307,-0.5683617379740653,0.0075556606425953325,14.397053951465141,4.374342185564747,-2.437232787968387,1787260527.06814
32.38053297996521,settle,stop,0.0,0.0,0.5,0.0,0.0,-0.04,0.0,16.6,0.13062603745281226,-0.23937785621201613,-1.1093781667875433,0.0552443059230629,14.397245605148301,4.376971206062941,-2.438401907690754,1787260527.0866222
32.400628328323364,settle,stop,0.0,0.0,0.5,0.0,0.0,-0.05,0.0,16.7,0.020736479123685012,-0.2736362190989219,-0.28087057733908694,0.0272679816222497,14.397246334963922,4.3769717879562045,-2.4359249704783634,1787260527.106562
32.4206440448761,settle,stop,0.0,0.0,0.5,0.0,0.0,-0.04,0.0,16.6,-0.04593200121259818,-0.2841145030865384,0.4422169718802209,0.013508113073147842,14.397246837214016,4.376972210952351,-2.434962549907934,1787260527.1266186
32.440537452697754,settle,stop,0.0,0.0,0.5,0.0,0.0,-0.03,0.0,16.7,0.015272071000708628,-0.2770776345634829,0.9265239579919609,0.006727282178190605,14.397247182062724,4.376972505263978,-2.4355503031221066,1787260527.1466486
32.461169481277466,settle,stop,0.0,0.0,0.5,0.0,0.0,-0.06,0.0,16.6,0.02848336506337332,-0.2779764978281065,0.4329457725254926,0.0023915827930435884,14.397246661704381,4.376972058011794,-2.435328327578477,1787260527.1777377
32.48306488990784,settle,stop,0.0,0.0,0.5,0.0,0.0,-0.05,0.0,16.7,-0.02780810184363231,-0.3063214981825375,-0.19924611113136947,0.03233191724435102,14.396753797474892,4.378420168039299,-2.435040864987455,1787260527.1976962
32.50061583518982,settle,stop,0.0,0.0,0.5,0.0,0.0,-0.04,0.0,16.7,-0.046578812301161975,-0.3175300994363859,-0.36726991659794805,0.022737776413657165,14.396756176795767,4.378422198910169,-2.435319620594858,1787260527.206597
32.52029371261597,settle,stop,0.0,0.0,0.5,0.0,0.0,-0.06,0.0,16.7,0.003518569992658641,-0.31195390199089346,-0.2185991166904202,0.007909970307000217,14.396755737401639,4.378421822300833,-2.436387748727717,1787260527.2375536
32.54081726074219,settle,stop,0.0,0.0,0.5,0.0,0.0,-0.04,0.0,16.7,0.03748639334903555,-0.3967080174202664,0.12182984966363719,0.005594222401999351,14.396757048870858,4.378422938656433,-2.4363877510675582,1787260527.2465796
32.56047773361206,settle,stop,0.0,0.0,0.5,0.0,0.0,-0.03,0.0,16.7,0.008741693120130595,-0.37038545941123857,0.28413610124027855,0.0028007192944371462,14.39675760010065,4.378423406187654,-2.435701270729986,1787260527.2700188
32.58120512962341,settle,stop,0.0,0.0,0.5,0.0,0.0,-0.05,0.0,16.6,-0.017893714865809752,-0.3875218585118212,0.1887997310155214,0.04017442437239657,14.394368169731461,4.3785653593906195,-2.4363198405701385,1787260527.2976315
32.60052537918091,settle,stop,0.0,0.0,0.5,0.0,0.0,-0.03,0.0,16.7,-0.00946930305975117,-0.39788780286390946,0.07844931833732005,0.02822008075149835,14.394365929750744,4.3785634524003205,-2.4364992541054145,1787260527.3066385
32.62066841125488,settle,stop,0.0,0.0,0.5,0.0,0.0,-0.04,0.0,16.7,0.004390624692348339,-0.38379952086824076,-0.055736137069654745,0.009789199685616503,14.39436658370261,4.378564013019613,-2.436587699145308,1787260527.3375545
32.64075446128845,settle,stop,0.0,0.0,0.5,0.0,0.0,-0.04,0.0,16.7,0.001267162215281425,-0.3450886127068209,-0.0364871388634711,0.00690581532144318,14.394365361668735,4.378562973214952,-2.4365876991453126,1787260527.3465729
32.66066122055054,settle,stop,0.0,0.0,0.5,0.0,0.0,-0.04,0.0,16.6,-0.0018659309440849207,-0.3499906627038456,0.020967531505050374,0.0034434274446451577,14.39436518844529,4.3785628266962195,-2.4365876991453503,1787260527.3666096
32.6803560256958,settle,stop,0.0,0.0,0.5,0.0,0.0,-0.01,0.0,16.6,0.001295012924581607,-0.3216456623494146,0.13104701708891575,0.03492525440265647,14.391698360489286,4.377952513174844,-2.4369659271967703,1787260527.3975723
32.700461864471436,settle,stop,0.0,0.0,0.5,0.0,0.0,-0.03,0.0,16.7,0.0022823745672048176,-0.32147711635102283,0.11671556400189864,0.024789348589350908,14.391690571622885,4.377945890858363,-2.4369659271967703,1787260527.406549
32.72097706794739,settle,stop,0.0,0.0,0.5,0.0,0.0,-0.01,0.0,16.7,-0.0009381748257948587,-0.3220950939817264,0.03035359210716493,0.00887078841823559,14.391692197436964,4.377947280060868,-2.4369659271973383,1787260527.437591
32.74052023887634,settle,stop,0.0,0.0,0.5,0.0,0.0,0.0,0.0,16.7,0.00022019511334364655,-0.349091799439222,0.011593457695536102,0.0063976155188352705,14.391687903995805,4.377943629654676,-2.4369659271973383,1787260527.446581
32.761560678482056,settle,stop,0.0,0.0,0.5,0.0,0.0,-0.05,0.0,16.6,0.001286423319805963,-0.3318992305208752,0.00635226917616194,0.00330437638799555,14.391686963063242,4.377942830974785,-2.436965927197448,1787260527.467702
32.78133487701416,settle,stop,0.0,0.0,0.5,0.0,0.0,-0.01,0.0,16.7,0.001276792767543694,-0.32114006089933866,0.13116288332653525,0.03828272212484474,14.391421663772359,4.379606822817907,-2.4370886005416,1787260527.4976246
32.80073666572571,settle,stop,0.0,0.0,0.5,0.0,0.0,-0.04,0.0,16.7,-0.004083761435595309,-0.36435983033343433,0.09281830324141183,0.026836833138852895,14.391422546726863,4.379607573344428,-2.4370886005416,1787260527.5065553
32.8207950592041,settle,stop,0.0,0.0,0.5,0.0,0.0,-0.03,0.0,16.7,-0.00197837459873511,-0.3452571587052127,0.03532456616164126,0.009247308054798608,14.391422330534416,4.379607389353617,-2.4370886005415624,1787260527.5376155
32.84069776535034,settle,stop,0.0,0.0,0.5,0.0,0.0,-0.07,0.0,16.7,0.00022696240983188315,-0.33150596870632754,0.006442352846161015,0.004555790124172262,14.391422531114861,4.37960755980725,-2.4370886005415553,1787260527.5580328
32.860917806625366,settle,stop,0.0,0.0,0.5,0.0,0.0,-0.02,0.0,16.7,0.00022696240983188315,-0.37275946561278417,0.08350891425781981,0.002257844917032993,14.39142324898895,4.3796081700125775,-2.4370886005415553,1787260527.5767238
32.881210803985596,settle,stop,0.0,0.0,0.5,0.0,0.0,-0.05,0.0,16.7,-0.0008728428549322264,-0.32621065689475515,0.06882838238141886,0.04683884864335004,14.388864167193502,4.379026382573997,-2.437544536492783,1787260527.5976777
32.90076565742493,settle,stop,0.0,0.0,0.5,0.0,0.0,-0.04,0.0,16.7,0.00015199995172556318,-0.3500468690667091,0.06885487757847741,0.03311688504112826,14.38885668406928,4.379020027664347,-2.437544536492783,1787260527.606611
32.92125082015991,settle,stop,0.0,0.0,0.5,0.0,0.0,-0.02,0.0,16.7,-0.0019658808882266807,-0.3646968857851185,0.05921091820995983,0.011711094636985164,14.38885825795638,4.379021372151865,-2.437544536492964,1787260527.6376176
32.94087028503418,settle,stop,0.0,0.0,0.5,0.0,0.0,-0.03,0.0,16.7,-0.0008728428549322264,-0.3026553669018206,0.054367450007259066,0.005949612679079645,14.38885649747412,4.379019878635293,-2.4375445364929997,1787260527.6575413
32.96117043495178,settle,stop,0.0,0.0,0.5,0.0,0.0,-0.03,0.0,16.7,0.00019911170053170147,-0.38256360215193297,0.03555750462516016,0.004297643613524784,14.38885343266983,4.379017275904967,-2.4375445364929997,1787260527.6666167
32.9809992313385,settle,stop,0.0,0.0,0.5,0.0,0.0,-0.04,0.0,16.7,-0.0008517595396481532,-0.3173615534379941,0.06866071346541247,0.02376581309955362,14.387039358201415,4.37896706208359,-2.4378192220242565,1787260527.6975455
33.00048327445984,settle,stop,0.0,0.0,0.5,0.0,0.0,-0.02,0.0,16.7,0.00018948118077872315,-0.3403550721630886,0.0736703156899452,0.016917597294145867,14.387032881127176,4.3789615646054925,-2.4378192220242565,1787260527.7065985
33.020729541778564,settle,stop,0.0,0.0,0.5,0.0,0.0,-0.05,0.0,16.7,0.0023198556987301055,-0.3450886127068209,0.04015319705398923,0.006113500913956571,14.387034580265006,4.378963011180544,-2.437819222024338,1787260527.7374938
33.040611028671265,settle,stop,0.0,0.0,0.5,0.0,0.0,-0.03,0.0,16.7,-0.002993587080695665,-0.336295679067824,-0.007927545685415538,0.004431893661511977,14.38703105271132,4.378960017135948,-2.437819222024338,1787260527.7465992
33.06082344055176,settle,stop,0.0,0.0,0.5,0.0,0.0,-0.04,0.0,16.6,0.002303458012526053,-0.3259297712608351,0.08805282228081168,0.0023432215803757756,14.387030535601484,4.378959579084196,-2.4378192220243537,1787260527.7665713
33.08026742935181,settle,stop,0.0,0.0,0.5,0.0,0.0,-0.04,0.0,16.6,-0.001953387177718251,-0.36435983033343433,0.04012809057070754,0.0251924676959497,14.387093051190206,4.38034821001355,-2.4378971224021786,1787260527.7866619
33.10041165351868,settle,stop,0.0,0.0,0.5,0.0,0.0,-0.03,0.0,16.7,0.00016449369474328318,-0.31679978217015403,0.03525929661412874,0.012464525530048596,14.387093536862311,4.38034862179892,-2.437897122402165,1787260527.8077173
33.12046480178833,settle,stop,0.0,0.0,0.5,0.0,0.0,-0.02,0.0,16.7,-0.0008881998537239787,-0.34024269598246093,0.06411607454043278,0.004353634421539026,14.387093179868632,4.38034831853106,-2.4378971224021533,1787260527.837694
33.14093279838562,settle,stop,0.0,0.0,0.5,0.0,0.0,-0.05,0.0,16.7,0.00019520762730820652,-0.3318430607031111,0.006365133051147609,0.0021787099988423582,14.387093560288701,4.380348641303927,-2.437897122402151,1787260527.8579385
33.160332441329956,settle,stop,0.0,0.0,0.5,0.0,0.0,-0.06,0.0,16.6,0.0023409391440513414,-0.35399388598134607,0.05946812261947443,0.0015551528814062325,14.3870942261098,4.380349206336664,-2.437897122402151,1787260527.8666549
33.18096041679382,settle,stop,0.0,0.0,0.5,0.0,0.0,-0.03,0.0,16.7,0.0012546685047729958,-0.33584624743551217,0.03528564563078973,0.046042969647221724,14.389347995960538,4.383331780132939,-2.4381960829590064,1787260527.897685
33.200599193573,settle,stop,0.0,0.0,0.5,0.0,0.0,-0.06,0.0,16.7,0.00018948118077872315,-0.3502153785200015,0.07839629139810356,0.032772834584781654,14.389360266318867,4.3833421867628415,-2.4381960829590064,1787260527.906578
33.220441579818726,settle,stop,0.0,0.0,0.5,0.0,0.0,-0.04,0.0,16.6,0.0012546685047729958,-0.34097304979379217,0.05915865871783055,0.016622903698997833,14.389362849213368,4.383344372565598,-2.4381960829589677,1787260527.9266126
