t,phase,kind,v_cmd,delta_cmd,servo_cmd,erpm_cmd,erpm_meas,current_motor,duty,v_batt,wz,ax,ay,v_pose,x,y,yaw,pose_t
0.04378318786621094,ARM,stop,0.0,0.0,0.5,0.0,0.0,0.0,0.0,0.0,0.0,0.0,0.0,0.0,0.0,0.0,0.0,0.0
0.061722755432128906,ARM,stop,0.0,0.0,0.5,0.0,0.0,0.0,-0.001,16.6,0.0012728886618109084,-0.3117853559925017,0.04010064520106482,0.0,0.0,0.0,0.0,0.0
0.0809166431427002,ARM,stop,0.0,0.0,0.5,0.0,0.0,0.0,-0.001,16.6,-0.0008632123026699574,-0.29679824727730875,0.04024181892001266,0.0,0.0,0.0,0.0,0.0
0.10061788558959961,ARM,stop,0.0,0.0,0.5,0.0,0.0,0.0,-0.001,16.6,0.0023255820152224267,-0.3026553669018206,0.05915745272955064,0.0,0.0,0.0,0.0,0.0
0.12061357498168945,ARM,stop,0.0,0.0,0.5,0.0,0.0,0.0,-0.001,16.6,0.0023102251464678365,-0.2983712579904001,0.020721290625353106,0.0,0.0,0.0,0.0,0.0
0.14932894706726074,ARM,stop,0.0,0.0,0.5,0.0,0.0,0.0,-0.001,16.6,0.0023102251464678365,-0.3302138436271562,0.08816885297137844,0.0,0.0,0.0,0.0,0.0
0.16104841232299805,ARM,stop,0.0,0.0,0.5,0.0,0.0,0.0,0.0,16.6,-0.0008699796966860659,-0.34074833397763626,0.0448401060508985,0.0,0.0,0.0,0.0,0.0
0.18061423301696777,ARM,stop,0.0,0.0,0.5,0.0,0.0,0.0,-0.001,16.6,-0.001950524019472091,-0.3310565370740157,0.04486554144007471,0.0,0.0,0.0,0.0,0.0
0.200606107711792,ARM,stop,0.0,0.0,0.5,0.0,0.0,0.0,-0.001,16.6,-0.001953387177718251,-0.28766825818662767,0.06887866843818102,0.0,0.0,0.0,0.0,0.0
0.22064447402954102,ARM,stop,0.0,0.0,0.5,0.0,0.0,0.0,-0.001,16.6,0.0012786151083403919,-0.34903562962145784,0.05950653151893448,0.0,0.0,0.0,0.0,0.0
0.24061179161071777,ARM,stop,0.0,0.0,0.5,0.0,0.0,0.0,-0.001,16.6,0.00016735691800802484,-0.28845478181572304,0.020798218059571383,0.0,0.0,0.0,0.0,0.0
0.2606174945831299,ARM,stop,0.0,0.0,0.5,0.0,0.0,0.0,-0.001,16.6,-0.0019726482822427895,-0.3403550721630886,0.06409031024536205,0.0,0.0,0.0,0.0,0.0
0.280590295791626,ARM,stop,0.0,0.0,0.5,0.0,0.0,0.0,-0.001,16.6,0.00015486317499030486,-0.33945620889846495,0.054716236435847776,0.0,0.0,0.0,0.0,0.0
0.3006153106689453,ARM,stop,0.0,0.0,0.5,0.0,0.0,0.0,-0.001,16.6,0.0012575316630191562,-0.2883424056350954,0.006453901097568604,0.0,0.0,0.0,0.0,0.0
0.3206446170806885,ARM,stop,0.0,0.0,0.5,0.0,0.0,0.0,-0.001,16.6,0.00019520762730820652,-0.3360709632516681,0.04002419285313863,0.0,0.0,0.0,0.0,0.0
0.3406097888946533,ARM,stop,0.0,0.0,0.5,0.0,0.0,0.0,-0.001,16.6,-0.0019630177299805205,-0.2828785478251312,0.040138396288735834,0.0,0.0,0.0,0.0,0.0
0.3606228828430176,ARM,stop,0.0,0.0,0.5,0.0,0.0,0.0,-0.001,16.6,0.00019234440404346486,-0.3161256347216863,0.06415389871830257,0.0,0.0,0.0,0.0,0.0
0.38060498237609863,ARM,stop,0.0,0.0,0.5,0.0,0.0,0.0,-0.001,16.6,-0.0019380303089636616,-0.3065462139986934,0.03541348038845982,0.0,0.0,0.0,0.0,0.0
0.4006028175354004,ARM,stop,0.0,0.0,0.5,0.0,0.0,0.0,-0.001,16.6,0.00020770137032592652,-0.2841145030865384,0.02548509051138126,0.0,0.0,0.0,0.0,0.0
0.42066287994384766,ARM,stop,0.0,0.0,0.5,0.0,0.0,0.0,-0.001,16.6,0.0012632581095486394,-0.3152829412748268,0.107457228522156,0.0,0.0,0.0,0.0,0.0
0.44057440757751465,ARM,stop,0.0,0.0,0.5,0.0,0.0,0.0,-0.001,16.6,0.00017698743776100315,-0.2788191547298666,0.039970837008027615,0.0,0.0,0.0,0.0,0.0
0.46068739891052246,ARM,stop,0.0,0.0,0.5,0.0,0.0,0.0,-0.001,16.6,0.001295012924581607,-0.30214976545174466,0.07364338195169395,0.0,0.0,0.0,0.0,0.0
0.4806251525878906,ARM,stop,0.0,0.0,0.5,0.0,0.0,0.0,-0.001,16.6,-0.0008853366954778184,-0.283047093823523,0.04967981010836198,0.0,0.0,0.0,0.0,0.0
0.5006227493286133,ARM,stop,0.0,0.0,0.5,0.0,0.0,0.0,-0.001,16.6,-0.0008699796966860659,-0.33477883817249676,0.08343045192942711,0.0,0.0,0.0,0.0,0.0
0.5207152366638184,ARM,stop,0.0,0.0,0.5,0.0,0.0,0.0,-0.001,16.6,-0.0008949671177029248,-0.3297644119948444,0.045161629835341444,0.0,0.0,0.0,0.0,0.0
0.5404887199401855,ARM,stop,0.0,0.0,0.5,0.0,0.0,0.0,-0.001,16.6,0.002313088564788322,-0.28355269527359894,0.035193880886218665,0.0,0.0,0.0,0.0,0.0
0.5606231689453125,ARM,stop,0.0,0.0,0.5,0.0,0.0,0.0,0.0,16.6,0.00125076439904021,-0.3064900076358299,0.059376467510201536,0.0,0.0,0.0,0.0,0.0
0.580589771270752,ARM,stop,0.0,0.0,0.5,0.0,0.0,0.0,-0.001,16.6,-0.0008507185921615281,-0.3209715149009469,0.04498109704434938,0.0,0.0,0.0,0.0,0.0
0.6006193161010742,ARM,stop,0.0,0.0,0.5,0.0,0.0,0.0,-0.001,16.6,0.00017985066102574486,-0.3305509356239398,0.03540134741546197,0.0,0.0,0.0,0.0,0.0
0.620722770690918,ARM,stop,0.0,0.0,0.5,0.0,0.0,0.0,0.0,16.6,0.00017698743776100315,-0.27848209927818246,0.073578258584579,0.0,0.0,0.0,0.0,0.0
0.6405892372131348,ARM,stop,0.0,0.0,0.5,0.0,0.0,0.0,-0.001,16.6,-0.0019226731801347467,-0.320746799084791,0.05461263107907399,0.0,0.0,0.0,0.0,0.0
0.6606268882751465,ARM,stop,0.0,0.0,0.5,0.0,0.0,0.0,-0.001,16.6,0.00021629104012015158,-0.2832156398219148,0.04006113994862304,0.0,0.0,0.0,0.0,0.0
0.6806566715240479,ARM,stop,0.0,0.0,0.5,0.0,0.0,0.0,0.0,16.6,0.0012700253735275855,-0.2977532803596965,0.0448129895871503,0.0,0.0,0.0,0.0,0.0
0.7005660533905029,ARM,stop,0.0,0.0,0.5,0.0,0.0,0.0,-0.001,16.6,-0.0008757061432155494,-0.29679824727730875,0.05461186363198678,0.0,0.0,0.0,0.0,0.0
0.7208108901977539,ARM,stop,0.0,0.0,0.5,0.0,0.0,0.0,-0.001,16.6,0.00019234440404346486,-0.2969667932757005,0.0833133979760774,0.0,0.0,0.0,0.0,0.0
0.7406203746795654,ARM,stop,0.0,0.0,0.5,0.0,0.0,0.0,-0.001,16.6,-0.0008757061432155494,-0.3114482639957181,0.01622781483952096,0.0,0.0,0.0,0.0,0.0
0.7606356143951416,ARM,stop,0.0,0.0,0.5,0.0,0.0,0.0,-0.001,16.6,0.0012603948212653164,-0.29296356999820006,0.044812843406752734,0.0,0.0,0.0,0.0,0.0
0.7806081771850586,ARM,stop,0.0,0.0,0.5,0.0,0.0,0.0,-0.001,16.6,-0.0008546226978943137,-0.2883424056350954,0.04956410832368974,0.0,0.0,0.0,0.0,0.0
0.8003840446472168,ARM,stop,0.0,0.0,0.5,0.0,0.0,0.0,-0.001,16.6,0.00021733189007890484,-0.30598440618575395,0.04512227076329722,0.0,16.48593424430287,3.3057296592525143,-2.386147518135701,1787260566.5376792
0.8206942081451416,ARM,stop,0.0,0.0,0.5,0.0,0.0,0.0,-0.001,16.6,-0.0019283997567013926,-0.2792124165444143,0.04467079260541951,0.00012577593394460566,16.48593333178953,3.305728799468165,-2.386147518135701,1787260566.5575917
0.8412292003631592,ARM,stop,0.0,0.0,0.5,0.0,0.0,0.0,-0.001,16.6,0.0002230583366083882,-0.32982061835770793,0.0738888919294034,0.00016507670328535183,16.485931629699603,3.305727196407135,-2.386147518135701,1787260566.5666974
0.8613862991333008,ARM,stop,0.0,0.0,0.5,0.0,0.0,0.0,-0.001,16.6,-0.0008699796966860659,-0.2881176898189395,0.011295432410001638,0.00016507670328535183,16.485931629699603,3.305727196407135,-2.386147518135701,1787260566.5666974
0.8827123641967773,ARM,stop,0.0,0.0,0.5,0.0,0.0,0.0,-0.001,16.6,-0.0008796102489483351,-0.3116168099941099,0.05450935462819473,0.00018513314981140713,16.48592557671541,3.3057214955902006,-2.386147518135701,1787260566.6025481
0.9030909538269043,ARM,stop,0.0,0.0,0.5,0.0,0.0,0.0,0.0,16.6,0.00019234440404346486,-0.28293471764289535,0.0832357030947719,0.00018513314981140713,16.48592557671541,3.3057214955902006,-2.386147518135701,1787260566.6025481
0.9219815731048584,ARM,stop,0.0,0.0,0.5,0.0,0.0,0.0,-0.001,16.6,0.00125076439904021,-0.27887536109273015,0.063908096379798,0.00018513314981140713,16.48592557671541,3.3057214955902006,-2.386147518135701,1787260566.6025481
0.9404561519622803,ARM,stop,0.0,0.0,0.5,0.0,0.0,0.0,-0.001,16.6,0.00017985066102574486,-0.3444144652583532,0.04988775172389737,0.01572803695339419,16.49021025181917,3.309725460118907,-2.386265550648696,1787260566.6765716
0.9604978561401367,ARM,stop,0.0,0.0,0.5,0.0,0.0,0.0,0.0,16.6,0.0012661213978319625,-0.2834403556380707,0.020849527379116495,0.05499954149099678,16.488141035926727,3.307843340529356,-2.386341237603375,1787260566.6976626
0.9803941249847412,ARM,stop,0.0,0.0,0.5,0.0,0.0,0.0,-0.001,16.6,0.00020483814706118484,-0.31679978217015403,0.044839338603811285,0.027382115561171705,16.48814345486269,3.30784561602577,-2.386341237603375,1787260566.717794
1.0005033016204834,ARM,stop,0.0,0.0,0.5,0.0,0.0,0.0,-0.002,16.6,0.00019234440404346486,-0.30192501309048936,0.06411486855215287,0.013727473450018245,16.48814527043378,3.3078473243494355,-2.386341237603375,1787260566.7377257
1.0204501152038574,ARM,stop,0.0,0.0,0.5,0.0,0.0,0.0,-0.001,16.6,0.00018271388429048652,-0.33049476580617565,0.021044166578473522,0.0069509031438401946,16.488146617307404,3.307848591858655,-2.386341237603375,1787260566.7577472
1.0403733253479004,ARM,stop,0.0,0.0,0.5,0.0,0.0,0.0,-0.001,16.6,0.00018948118077872315,-0.2781450072813989,0.06407547293500926,0.12688744588753287,16.48451686317849,3.304483591450298,-2.386382880733924,1787260566.7786756
1.0604121685028076,ARM,stop,0.0,0.0,0.5,0.0,0.0,0.0,-0.001,16.6,-0.0019476606011516052,-0.3067147234519858,0.0210048075064293,0.06285797208159762,16.48451124744565,3.3044783065269963,-2.3863828807339242,1787260566.797623
1.0803892612457275,ARM,stop,0.0,0.0,0.5,0.0,0.0,0.0,-0.001,16.6,0.00019520762730820652,-0.32581739508020746,0.04496837934976128,0.031277670211198046,16.484507329462772,3.3044746191055325,-2.3863828807339247,1787260566.8175437
1.1004672050476074,ARM,stop,0.0,0.0,0.5,0.0,0.0,0.0,-0.001,16.6,-0.0008824734071944954,-0.2981465421742442,0.020772782670395173,0.015677006937399107,16.48450447598138,3.304471933386634,-2.3863828807339247,1787260566.8378105
1.1205165386199951,ARM,stop,0.0,0.0,0.5,0.0,0.0,0.0,-0.001,16.6,0.00018948118077872315,-0.28355269527359894,0.0064537549171710396,0.007945519753383408,16.4845024499141,3.3044700263595383,-2.3863828807339247,1787260566.8580225
1.1404294967651367,ARM,stop,0.0,0.0,0.5,0.0,0.0,0.0,-0.001,16.6,0.00017985066102574486,-0.32130860689773044,0.11196417117711377,0.004161882453584196,16.484495154620838,3.3044631587514033,-2.3863828807339247,1787260566.8767016
1.160402536392212,ARM,stop,0.0,0.0,0.5,0.0,0.0,0.0,-0.001,16.6,0.00019520762730820652,-0.3114482639957181,0.04017790154117762,0.07024563899209262,16.487367614616733,3.3072126594362947,-2.3861413974052392,1787260566.8976824
1.180396556854248,ARM,stop,0.0,0.0,0.5,0.0,0.0,0.0,-0.001,16.6,-0.0008632123026699574,-0.3163503505378422,0.0641024066732605,0.034907072903740066,16.4873719421858,3.307216739261609,-2.3861413974052397,1787260566.9176853
1.2003936767578125,ARM,stop,0.0,0.0,0.5,0.0,0.0,0.0,-0.001,16.6,-0.0019658808882266807,-0.2890165530835631,0.035039514386390636,0.017479897552615857,16.487374668041216,3.307219308824449,-2.3861413974052406,1787260566.9379458
1.2206346988677979,ARM,stop,0.0,0.0,0.5,0.0,0.0,0.0,-0.001,16.6,-0.0030128481852202027,-0.32497470163334796,0.08827169088106501,0.008861790820246919,16.487376676045674,3.3072212012971827,-2.3861413974052406,1787260566.9577224
1.240441083908081,ARM,stop,0.0,0.0,0.5,0.0,0.0,0.0,-0.001,16.6,0.0012518052164896727,-0.2883424056350954,0.016033943087251146,0.004558413215916598,16.487378140328463,3.3072225810886877,-2.3861413974052406,1787260566.9776103
1.2604615688323975,ARM,stop,0.0,0.0,0.5,0.0,0.0,0.0,-0.002,16.6,-0.0008574859861776367,-0.3067147234519858,0.05453497274286789,0.04159765233608759,16.48875611336578,3.3085609008982138,-2.3860411195259372,1787260566.9977455
1.2804498672485352,ARM,stop,0.0,0.0,0.5,0.0,0.0,0.0,-0.001,16.6,0.00018271388429048652,-0.3019812194533529,0.03057180289562922,0.02083089975925854,16.48876025241125,3.3085648022001437,-2.386041119525938,1787260567.0183735
1.3004980087280273,ARM,stop,0.0,0.0,0.5,0.0,0.0,0.0,-0.001,16.6,0.0012575316630191562,-0.3018126734549611,0.030610431065685617,0.010565307798666587,16.48876303907481,3.30856742851983,-2.3860411195259386,1787260567.0377376
1.320662498474121,ARM,stop,0.0,0.0,0.5,0.0,0.0,0.0,-0.001,16.6,0.0022977314359594074,-0.32965207235931615,0.030817312873338665,0.005436903738786558,16.48876509910684,3.308569369785255,-2.386041119525939,1787260567.0577047
1.340573787689209,ARM,stop,0.0,0.0,0.5,0.0,0.0,0.0,-0.002,16.6,-0.001953387177718251,-0.283833580907519,0.02075940716401803,0.0029356634635709753,16.488766512127025,3.3085707012518926,-2.386041119525939,1787260567.0788157
1.3604035377502441,ARM,stop,0.0,0.0,0.5,0.0,0.0,0.0,-0.001,16.6,-0.0008881998537239787,-0.32085913872031924,0.09290707128783282,0.010188888863220441,16.489017172141935,3.308836974111529,-2.386078090779369,1787260567.0985954
1.3803927898406982,ARM,stop,0.0,0.0,0.5,0.0,0.0,0.0,-0.001,16.6,0.00017698743776100315,-0.29724767890962056,0.04971887681961107,0.005181712366508574,16.489018486854594,3.308838212382535,-2.386078090779369,1787260567.1176496
1.4003822803497314,ARM,stop,0.0,0.0,0.5,0.0,0.0,0.0,-0.001,16.6,-0.0019130426278724777,-0.32147711635102283,0.049655288346670545,0.002671571096539567,16.489019473753356,3.3088391419237415,-2.386078090779369,1787260567.1377316
1.4206209182739258,ARM,stop,0.0,0.0,0.5,0.0,0.0,0.0,0.0,16.6,-0.0008699796966860659,-0.28766825818662767,0.08324871315015514,0.001407655742802392,16.48902018810518,3.3088398147710447,-2.386078090779369,1787260567.1578746
1.4403846263885498,ARM,stop,0.0,0.0,0.5,0.0,0.0,0.0,-0.001,16.6,0.00017985066102574486,-0.3117853559925017,0.011360519232017197,0.09925040171225809,16.48739170890419,3.307406664813317,-2.386175674005357,1787260567.1785607
1.460569143295288,ARM,stop,0.0,0.0,0.5,0.0,0.0,0.0,-0.001,16.6,0.00018271388429048652,-0.2783135532797907,0.04966676350787935,0.048654265726140664,16.487391866166554,3.307406812828647,-2.386175674005357,1787260567.199971
1.4804120063781738,ARM,stop,0.0,0.0,0.5,0.0,0.0,0.0,-0.001,16.6,-0.0008660755909532803,-0.30237448126790056,0.05922180864957838,0.02385956220705798,16.48739197823737,3.307406918325386,-2.386175674005357,1787260567.2176924
1.5004546642303467,ARM,stop,0.0,0.0,0.5,0.0,0.0,0.0,-0.001,16.6,-0.0008421289873858844,-0.33004533417386384,0.05467731590499625,0.011702738416476332,16.487392059291903,3.3074069946338778,-2.386175674005357,1787260567.237592
1.5204873085021973,ARM,stop,0.0,0.0,0.5,0.0,0.0,0.0,-0.001,16.6,0.0001759465878022499,-0.3253117936301315,0.09298447380834318,0.005742888732512334,16.48739211980128,3.3074070516053986,-2.386175674005357,1787260567.2579212
1.5404088497161865,ARM,stop,0.0,0.0,0.5,0.0,0.0,0.0,-0.001,16.6,-0.0008478554339153676,-0.3069394758132411,0.0017931949369227596,0.04835308673672248,16.48851091926951,3.308466779680245,-2.3862162861088403,1787260567.279039
1.5604209899902344,ARM,stop,0.0,0.0,0.5,0.0,0.0,0.0,-0.001,16.6,-0.0008728428549322264,-0.29724767890962056,0.09761908676802378,0.02392064147106273,16.48851257989659,3.3084683429565898,-2.38621628610884,1787260567.298323
1.5803959369659424,ARM,stop,0.0,0.0,0.5,0.0,0.0,0.0,-0.001,16.6,0.00019520762730820652,-0.3024306510856647,0.05920894477459271,0.01188117683630736,16.488513735396268,3.3084694307982287,-2.38621628610884,1787260567.3178089
1.6003823280334473,ARM,stop,0.0,0.0,0.5,0.0,0.0,0.0,-0.001,16.6,-0.0019323037323970157,-0.3352282698048086,0.05458734187029535,0.005942188642562472,16.488514459486517,3.308470112508469,-2.38621628610884,1787260567.337555
1.6205058097839355,ARM,stop,0.0,0.0,0.5,0.0,0.0,0.0,-0.001,16.6,0.0001866179575139815,-0.2979779961758524,0.0351814190073263,0.00299887137451152,16.48851503240176,3.3084706519286358,-2.38621628610884,1787260567.3584282
1.6404173374176025,ARM,stop,0.0,0.0,0.5,0.0,0.0,0.0,-0.002,16.6,0.00013664298544310147,-0.33410469072402904,0.07879492534226173,0.12663367377790927,16.4848212225485,3.3050755260954254,-2.386372234813162,1787260567.378773
1.6605172157287598,ARM,stop,0.0,0.0,0.5,0.0,0.0,0.0,-0.001,16.6,0.00017985066102574486,-0.29786565654032415,0.039997222569787994,0.06305809487437504,16.48481295777752,3.3050677518293727,-2.3863722348131615,1787260567.3980734
1.680396556854248,ARM,stop,0.0,0.0,0.5,0.0,0.0,0.0,-0.001,16.6,-0.0008910630119701392,-0.31195390199089346,0.04485205629839939,0.031631880335351956,16.484807751936412,3.3050628545521725,-2.386372234813161,1787260567.417956
1.7003843784332275,ARM,stop,0.0,0.0,0.5,0.0,0.0,0.0,-0.001,16.6,-0.0008660755909532803,-0.29719150909185643,0.07368186394135279,0.01605830565089067,16.484803938085204,3.3050592661535347,-2.386372234813161,1787260567.438176
1.7207255363464355,ARM,stop,0.0,0.0,0.5,0.0,0.0,0.0,-0.001,16.6,0.0001884403308199699,-0.2883424056350954,0.04477406905629877,0.008299079981191698,16.484801157778385,3.305056649829088,-2.386372234813161,1787260567.4575324
1.7406060695648193,ARM,stop,0.0,0.0,0.5,0.0,0.0,0.0,-0.001,16.6,-0.0008728428549322264,-0.3444706350761173,0.04508484858152073,0.0060552297192306564,16.484795692071206,3.3050515044381594,-2.386372234813161,1787260567.4666915
1.7605664730072021,ARM,stop,0.0,0.0,0.5,0.0,0.0,0.0,-0.001,16.6,-0.0008699796966860659,-0.28806152000117535,0.02088833827466985,0.04413021188076402,16.483632645744663,3.3040465545533135,-2.3863255416715297,1787260567.4975626
1.7804131507873535,ARM,stop,0.0,0.0,0.5,0.0,0.0,0.0,-0.001,16.6,0.0012642990570352647,-0.31640652035560635,0.05929954007598326,0.02192336427041618,16.48363026412965,3.304044312066263,-2.3863255416715297,1787260567.5176272
1.800475835800171,ARM,stop,0.0,0.0,0.5,0.0,0.0,0.0,-0.001,16.6,0.001217187243210545,-0.3159009189055304,0.04983530950627113,0.01097406689756649,16.48362875171367,3.3040428880171633,-2.3863255416715297,1787260567.5377219
1.8206284046173096,ARM,stop,0.0,0.0,0.5,0.0,0.0,0.0,-0.001,16.6,-0.0008785693014617098,-0.2883424056350954,0.006453901097568604,0.005555694143174991,16.483627612728977,3.3040418156064284,-2.3863255416715297,1787260567.5577958
1.8404386043548584,ARM,stop,0.0,0.0,0.5,0.0,0.0,0.0,-0.001,16.6,0.00018271388429048652,-0.27825738346202655,0.09278983460898615,0.002903666340925344,16.48362262501403,3.304037119755822,-2.3863255416715297,1787260567.5780544
1.8604893684387207,ARM,stop,0.0,0.0,0.5,0.0,0.0,0.0,-0.002,16.6,-0.0008478554339153676,-0.3163503505378422,0.03536228070421288,0.08246077436715064,16.48658490464096,3.3068372290288566,-2.386549814308616,1787260567.5976639
1.8804230690002441,ARM,stop,0.0,0.0,0.5,0.0,0.0,0.0,-0.001,16.6,0.00015772639825504655,-0.27358004928115776,0.054443792719887085,0.04091591134746957,16.486588734272658,3.3068408292210187,-2.386549814308617,1787260567.6175666
1.9003980159759521,ARM,stop,0.0,0.0,0.5,0.0,0.0,0.0,-0.001,16.6,-0.0019283997567013926,-0.29803420253871593,0.05432863911170571,0.02042254060490831,16.486591517374,3.3068434462618144,-2.386549814308618,1787260567.6376324
1.9204437732696533,ARM,stop,0.0,0.0,0.5,0.0,0.0,0.0,0.0,16.6,0.002292004859392761,-0.28851095163348717,0.030365396174268255,0.010285620175234244,16.486593546089885,3.306845354298323,-2.386549814308618,1787260567.6576486
1.9403891563415527,ARM,stop,0.0,0.0,0.5,0.0,0.0,0.0,-0.001,16.6,-0.0019658808882266807,-0.30130707200488516,0.10257663049847388,0.005252550467105029,16.486594847039523,3.306846577942544,-2.386549814308618,1787260567.6778994
1.9606564044952393,ARM,stop,0.0,0.0,0.5,0.0,0.0,0.0,-0.001,16.6,-0.0019437566254559822,-0.3169121218056823,0.03044352959676644,0.07496859476571881,16.48409286927942,3.3045429993597724,-2.3863352340453883,1787260567.6975799
1.9804556369781494,ARM,stop,0.0,0.0,0.5,0.0,0.0,0.0,-0.001,16.6,-0.0008728428549322264,-0.27803266764587065,0.06889123995237156,0.03716996117527054,16.484089425215846,3.3045397541533674,-2.3863352340453883,1787260567.7177496
2.000394821166992,ARM,stop,0.0,0.0,0.5,0.0,0.0,0.0,-0.001,16.6,0.00019234440404346486,-0.2973038487273847,0.054496015666916975,0.01853728782257161,16.484086960737823,3.3045374324439627,-2.3863352340453883,1787260567.7379513
2.0205047130584717,ARM,stop,0.0,0.0,0.5,0.0,0.0,0.0,-0.001,16.6,0.00018948118077872315,-0.3348912143531244,0.05466456166530875,0.009329817187567622,16.484085188335147,3.3045357629747105,-2.3863352340453883,1787260567.7576835
2.0405077934265137,ARM,stop,0.0,0.0,0.5,0.0,0.0,0.0,-0.001,16.6,0.00019234440404346486,-0.27887536109273015,0.04474801240043291,0.13021860947660355,16.48732055249586,3.3075900160709217,-2.386388740238498,1787260567.7786481
2.060701608657837,ARM,stop,0.0,0.0,0.5,0.0,0.0,0.0,-0.001,16.6,-0.00407413088333304,-0.3297644119948444,0.08827183706146258,0.06463411862217353,16.487326712271734,3.3075958144448037,-2.386388740238496,1787260567.7975664
2.080402374267578,ARM,stop,0.0,0.0,0.5,0.0,0.0,0.0,-0.001,16.6,-0.0008449921456320446,-0.3116168099941099,0.025769228659147103,0.0322330610335653,16.487331066359,3.30759991310854,-2.386388740238495,1787260567.8175745
2.100389003753662,ARM,stop,0.0,0.0,0.5,0.0,0.0,0.0,-0.001,16.6,0.00021446866681416318,-0.31212241144418584,0.040023425406051416,0.016208293897618107,16.487334218666348,3.307602880513445,-2.3863887402384947,1787260567.837675
2.1206703186035156,ARM,stop,0.0,0.0,0.5,0.0,0.0,0.0,-0.001,16.6,0.00020770137032592652,-0.35438711125079436,0.021057797900546404,0.008252964077423947,16.487336483685116,3.307605012685775,-2.3863887402384942,1787260567.8575642
2.1403796672821045,ARM,stop,0.0,0.0,0.5,0.0,0.0,0.0,-0.002,16.6,0.00016735691800802484,-0.3068832694503776,0.08323647054185912,0.06099273176868305,16.48587211450829,3.3062832196882375,-2.3863376210065215,1787260567.8781888
2.160956382751465,ARM,stop,0.0,0.0,0.5,0.0,0.0,0.0,-0.002,16.6,-0.0008699796966860659,-0.3399618103485409,0.040230307213704464,0.030104907272989402,16.485878495327835,3.3062892257789223,-2.386337621006523,1787260567.897595
2.1803839206695557,ARM,stop,0.0,0.0,0.5,0.0,0.0,0.0,-0.001,16.6,0.0012796559257898545,-0.3116168099941099,0.04971931536080376,0.014912317713581801,16.485877153137043,3.3062879619256127,-2.3863376210065232,1787260567.9175334
2.200404405593872,ARM,stop,0.0,0.0,0.5,0.0,0.0,0.0,-0.001,16.6,0.00018948118077872315,-0.3220389241639623,0.03994649797183314,0.007426033935312324,16.485876171705055,3.306287037817704,-2.3863376210065232,1787260567.9376397
2.220869302749634,ARM,stop,0.0,0.0,0.5,0.0,0.0,0.0,-0.001,16.6,0.00019234440404346486,-0.3254803396285233,0.08336580364860424,0.0037285061303023496,16.485875485648048,3.306286391851493,-2.3863376210065232,1787260567.9575846
2.24039363861084,ARM,stop,0.0,0.0,0.5,0.0,0.0,0.0,-0.001,16.6,0.0002087422202846798,-0.31257184307649766,0.0063902760795286895,0.08309787817641981,16.488080456667426,3.3083745847820754,-2.386468388483936,1787260567.9791572
2.260667324066162,ARM,stop,0.0,0.0,0.5,0.0,0.0,0.0,-0.001,16.6,0.00019624847726695978,-0.3016441274565693,0.10249939243091077,0.04133454415731787,16.488085058860754,3.3083789137457984,-2.386468388483935,1787260567.9976656
2.280510425567627,ARM,stop,0.0,0.0,0.5,0.0,0.0,0.0,-0.001,16.6,0.00019520762730820652,-0.316518896536234,0.07364382049288665,0.020665172492755377,16.48808828275414,3.308381946667416,-2.3864683884839346,1787260568.0174823
2.300565719604492,ARM,stop,0.0,0.0,0.5,0.0,0.0,0.0,-0.002,16.6,0.0012728886618109084,-0.32114006089933866,0.030572424162318868,0.010427763672315968,16.488090609129184,3.308384135492773,-2.3864683884839346,1787260568.0375636
2.320551633834839,ARM,stop,0.0,0.0,0.5,0.0,0.0,0.0,-0.001,16.6,0.0023169925404839453,-0.3395685485339932,0.04032042742880293,0.005335443872760412,16.488092292409043,3.308385719386183,-2.3864683884839346,1787260568.0575423
2.3405401706695557,ARM,stop,0.0,0.0,0.5,0.0,0.0,0.0,-0.001,16.6,-0.0008881998537239787,-0.2743103665473896,0.02074625092823723,0.06714709269778019,16.486251632773037,3.3066991745237044,-2.386504924427996,1787260568.0787344
2.3606700897216797,ARM,stop,0.0,0.0,0.5,0.0,0.0,0.0,0.0,16.6,0.00016735691800802484,-0.3157323729071386,0.08340410291276612,0.03337219792225817,16.486247970152398,3.3066957284536955,-2.3865049244279963,1787260568.0976863
2.3805534839630127,ARM,stop,0.0,0.0,0.5,0.0,0.0,0.0,-0.001,16.6,0.00020483814706118484,-0.307164191629397,0.020901786871245776,0.016674639588052504,16.48624542171744,3.3066933305388764,-2.3865049244279968,1787260568.1176364
2.400400400161743,ARM,stop,0.0,0.0,0.5,0.0,0.0,0.0,0.0,16.6,-0.0008757061432155494,-0.302037389271117,0.0545090622673996,0.008407597268412214,16.48624358497985,3.3066916021918447,-2.3865049244279968,1787260568.1377504
2.4204964637756348,ARM,stop,0.0,0.0,0.5,0.0,0.0,0.0,-0.002,16.6,0.00018271388429048652,-0.2782012136442624,0.05448253052524166,0.00429802976076604,16.486242268366922,3.30669036322637,-2.3865049244279968,1787260568.1576107
2.440444231033325,ARM,stop,0.0,0.0,0.5,0.0,0.0,0.0,-0.001,16.6,0.0012421747942645664,-0.3161256347216863,0.035413772749254946,0.0022807793495449023,16.486237184737707,3.306685578794017,-2.3865049244279968,1787260568.1776886
2.4605178833007812,ARM,stop,0.0,0.0,0.5,0.0,0.0,0.0,-0.001,16.6,-0.0019601543116600346,-0.2789315309104943,0.006414980566717077,0.047027439379170144,16.487976587344882,3.3083206133378207,-2.386550675003772,1787260568.197603
2.4803762435913086,ARM,stop,0.0,0.0,0.5,0.0,0.0,0.0,-0.001,16.6,-0.0019476606011516052,-0.3306071054417039,0.04496852553015884,0.023313756385601098,16.487978895179015,3.3083227846687095,-2.386550675003772,1787260568.2175834
2.500406265258789,ARM,stop,0.0,0.0,0.5,0.0,0.0,0.0,-0.001,16.6,0.00018375473424923978,-0.31133592436018986,0.04499366855853992,0.01162311839135657,16.487980545311064,3.308324337277694,-2.386550675003772,1787260568.2379508
2.520597457885742,ARM,stop,0.0,0.0,0.5,0.0,0.0,0.0,-0.001,16.6,-0.0008603491444237971,-0.28315943345905126,0.06881412979265633,0.005850577859736636,16.487981723570623,3.3083254459448894,-2.386550675003772,1787260568.2575374
2.5404255390167236,ARM,stop,0.0,0.0,0.5,0.0,0.0,0.0,-0.001,16.6,0.00020483814706118484,-0.2975285645435406,0.020914394930535707,0.11393996734455322,16.491267753945387,3.3113761369854995,-2.3865139519760694,1787260568.278963
2.5604746341705322,ARM,stop,0.0,0.0,0.5,0.0,0.0,0.0,-0.001,16.6,0.0012536276873235332,-0.29318828581435596,0.05913139607368478,0.05692923294488737,16.491277589304804,3.311385394594429,-2.3865139519760703,1787260568.2986631
2.5804591178894043,ARM,stop,0.0,0.0,0.5,0.0,0.0,0.0,-0.001,16.6,-0.0008881998537239787,-0.32114006089933866,0.054522510863975526,0.028710937734571194,16.491284513560934,3.3113919119085633,-2.3865139519760707,1787260568.3183565
2.600405216217041,ARM,stop,0.0,0.0,0.5,0.0,0.0,0.0,-0.001,16.6,0.002314129382237785,-0.30186884327272523,0.021017525201017406,0.01466179111549013,16.491289452194373,3.311396560181344,-2.386513951976071,1787260568.3384674
2.6205246448516846,ARM,stop,0.0,0.0,0.5,0.0,0.0,0.0,-0.001,16.6,-0.0008853366954778184,-0.2930197763610636,0.01605981701762005,0.007647681903730708,16.491292886466407,3.311399792483615,-2.386513951976071,1787260568.3575006
2.6406302452087402,ARM,stop,0.0,0.0,0.5,0.0,0.0,0.0,-0.001,16.6,-0.0008824734071944954,-0.29662970127891697,0.10255072002300558,0.005624263208953011,16.491299760257956,3.311406261601327,-2.386513951976071,1787260568.3679543
2.6605000495910645,ARM,stop,0.0,0.0,0.5,0.0,0.0,0.0,-0.001,16.6,-0.0008853366954778184,-0.3214209465332587,0.035298070964582706,0.12011221432022746,16.488147706325613,3.3084846993767623,-2.3865282246649184,1787260568.3976266
2.680393695831299,ARM,stop,0.0,0.0,0.5,0.0,0.0,0.0,-0.001,16.6,0.00023268885636136652,-0.31172918617473755,0.059273593055415574,0.059148894489074316,16.488145216553324,3.308482356323243,-2.3865282246649184,1787260568.4176831
2.7004013061523438,ARM,stop,0.0,0.0,0.5,0.0,0.0,0.0,-0.001,16.6,-0.0019380303089636616,-0.3312250830724075,0.06398699724938339,0.02920267994453703,16.488143416086192,3.308480661942487,-2.3865282246649184,1787260568.4378932
2.720567464828491,ARM,stop,0.0,0.0,0.5,0.0,0.0,0.0,-0.001,16.6,-0.000876746960665012,-0.29848363417102775,0.03985561030964746,0.01447857440027579,16.488142129115396,3.3084794507953816,-2.3865282246649184,1787260568.4575684
2.740415334701538,ARM,stop,0.0,0.0,0.5,0.0,0.0,0.0,-0.002,16.6,-0.0008574859861776367,-0.3486985376246743,0.09790397409032714,0.007217226656512153,16.488141181842142,3.308478559327891,-2.3865282246649184,1787260568.4777858
2.7604520320892334,ARM,stop,0.0,0.0,0.5,0.0,0.0,0.0,-0.001,16.6,-0.0008699796966860659,-0.29780948672256,0.02085000246540858,0.06148393471959429,16.4901504750653,3.3103507681733437,-2.3864409954356143,1787260568.4977279
2.780390977859497,ARM,stop,0.0,0.0,0.5,0.0,0.0,0.0,-0.001,16.6,0.00019234440404346486,-0.30186884327272523,0.07370773787172169,0.030481132417372322,16.49015367925632,3.310353785228987,-2.3864409954356147,1787260568.517874
2.800380229949951,ARM,stop,0.0,0.0,0.5,0.0,0.0,0.0,-0.001,16.6,-0.0008853366954778184,-0.3211962307171028,0.044929604999307315,0.015201307590096799,16.49015595327534,3.3103559262686524,-2.3864409954356147,1787260568.5382135
2.8205695152282715,ARM,stop,0.0,0.0,0.5,0.0,0.0,0.0,-0.001,16.6,-0.001919810021888586,-0.34497623652619325,0.0497590033387425,0.007657119396812212,16.490157563147342,3.310357441907026,-2.3864409954356147,1787260568.5575879
2.8405778408050537,ARM,stop,0.0,0.0,0.5,0.0,0.0,0.0,-0.001,16.6,-0.0008853366954778184,-0.2785944389137107,0.0352323628758775,0.0039015102999333424,16.49015873866233,3.3103585485556084,-2.3864409954356147,1787260568.577628
2.860464334487915,ARM,stop,0.0,0.0,0.5,0.0,0.0,0.0,-0.001,16.6,0.0023227191170505914,-0.315619996726511,0.04989970197139826,0.06339066986499606,16.492275164762447,3.312395800775219,-2.3861597238035137,1787260568.5978465
2.8803815841674805,ARM,stop,0.0,0.0,0.5,0.0,0.0,0.0,-0.001,16.6,0.00019234440404346486,-0.29279506054490767,0.030481390319735624,0.03160946869761934,16.492280009797735,3.312400369286241,-2.386159723803514,1787260568.617622
2.9004745483398438,ARM,stop,0.0,0.0,0.5,0.0,0.0,0.0,-0.001,16.6,0.00021446866681416318,-0.29786565654032415,0.03520718330239703,0.015887511492594004,16.492283465760398,3.3124036271114607,-2.386159723803514,1787260568.6380444
2.9205234050750732,ARM,stop,0.0,0.0,0.5,0.0,0.0,0.0,-0.001,16.6,0.00019234440404346486,-0.3118415258102658,0.03050773933639661,0.008099607058159304,16.492285894938195,3.312405916559645,-2.386159723803514,1787260568.657513
2.940443515777588,ARM,stop,0.0,0.0,0.5,0.0,0.0,0.0,-0.001,16.6,-0.0008603491444237971,-0.2924579685481241,0.07845885660826113,0.004187959108116481,16.492287652464146,3.3124075727340885,-2.386159723803514,1787260568.6788418
2.9604909420013428,ARM,stop,0.0,0.0,0.5,0.0,0.0,0.0,-0.001,16.6,0.0012728886618109084,-0.3401865261646968,0.021018731189297313,0.06459142521305854,16.489692898730805,3.3100040037953056,-2.3861831966662748,1787260568.6985145
2.9804320335388184,ARM,stop,0.0,0.0,0.5,0.0,0.0,0.0,-0.001,16.6,0.00019234440404346486,-0.283047093823523,0.04967981010836198,0.03231638221926929,16.489687699905417,3.3099991074897526,-2.386183196666275,1787260568.7181826
3.0003983974456787,ARM,stop,0.0,0.0,0.5,0.0,0.0,0.0,-0.001,16.6,-0.0008392656991025613,-0.3118415258102658,0.04008778132607915,0.016318164902495075,16.489683997491845,3.3099956205731322,-2.3861831966662757,1787260568.7379353
3.0204520225524902,ARM,stop,0.0,0.0,0.5,0.0,0.0,0.0,-0.001,16.6,-0.0008824734071944954,-0.32581739508020746,0.03538833736007874,0.008348598257239234,16.489681416920977,3.3099931902280115,-2.3861831966662757,1787260568.7577803
3.040391683578491,ARM,stop,0.0,0.0,0.5,0.0,0.0,0.0,-0.001,16.6,-0.0008632123026699574,-0.2837212412719907,0.0016250874797236747,0.004360564566715104,16.48967977398941,3.309991642944643,-2.3861831966662757,1787260568.7776842
3.0604915618896484,entry,drive,1.2,-0.0053466796875000005,0.503475341796875,4291.2,0.0,0.0,-0.001,16.6,0.00019234440404346486,-0.3208029689025551,0.107290016419892,0.07453668985127344,16.492248840686784,3.312405933131661,-2.386099275844071,1787260568.7979789
3.0804405212402344,entry,drive,1.2,-0.0117303466796875,0.5076247253417969,4291.2,0.0,0.0,0.0,16.6,-0.001925536338380907,-0.31679978217015403,0.030469257346737777,0.03700690945067391,16.492252441893147,3.312409326357598,-2.3860992758440682,1787260568.817526
3.100409984588623,entry,drive,1.2,-0.018120574951171874,0.5117783737182617,4291.2,0.0,-0.05,0.0,16.6,-0.001953387177718251,-0.32581739508020746,0.05454842133944382,0.018467822413565635,16.49225506459935,3.3124117973699443,-2.386099275844067,1787260568.8384836
3.1204493045806885,entry,drive,1.2,-0.024533157348632813,0.5159465522766113,4291.2,0.0,3.33,0.053,16.6,0.00020483814706118484,-0.3395685485339932,0.05469050868587644,0.009315608990109336,16.492256925793047,3.3124135508069905,-2.386099275844066,1787260568.8582811
3.1404433250427246,entry,drive,1.2,-0.030931243896484377,0.5201053085327149,4291.2,326.0,17.96,0.026,16.6,0.002742042673210624,-1.1717838210411742,-0.05627788162302849,0.1584836532953804,16.488791612131976,3.3091882107341792,-2.3860915715438282,1787260568.878757
3.1605024337768555,entry,drive,1.2,-0.03735015869140625,0.5242776031494141,4291.2,91.0,31.44,0.039,16.6,-0.01711353558268723,-1.4236450446639992,0.1954635837090919,0.08785233437722097,16.488721893447025,3.3091225397921784,-2.3861974890670403,1787260568.8975632
3.1804018020629883,entry,drive,1.2,-0.04371795654296875,0.5284166717529297,4291.2,198.0,33.06,0.053,16.6,-0.001938285962025336,-2.7892593951028744,-0.006897522059077232,0.06791279910524108,16.48802637784625,3.3084675585722354,-2.386463683417706,1787260568.9178708
3.2004430294036865,entry,drive,1.2,-0.05013114929199219,0.5325852470397949,4291.2,417.0,36.16,0.064,16.6,0.014529379871118178,-3.9472168894208153,0.024737743228833153,0.08523835641569946,16.486585770866665,3.3071111879158526,-2.386419731844872,1787260568.9379115
3.2204501628875732,entry,drive,1.2,-0.056533432006835936,0.5367467308044434,4291.2,619.0,39.91,0.072,16.6,0.024837938617110387,-5.055788798225592,0.03016783336695994,0.12087811154933228,16.48441555654056,3.3050678313894566,-2.386077463752999,1787260568.9576964
3.2403929233551025,entry,drive,1.2,-0.06291511535644531,0.5408948249816895,4291.2,855.0,43.96,0.081,16.6,0.041215805076987654,-5.440946663893101,0.030823708265732108,0.20599477798546284,16.479967773157668,3.300888238266489,-2.3851864969608734,1787260568.9793844
3.260547637939453,entry,drive,1.2,-0.0693646240234375,0.5450870056152344,4291.2,1137.0,43.45,0.078,16.6,0.025974702686626907,-5.770144334486588,0.34727167076404797,0.25328607099216166,16.47598313279088,3.2971303533897576,-2.3845155125806983,1787260568.9975808
3.2804930210113525,entry,drive,1.2,-0.07574714660644531,0.5492356452941894,4291.2,1389.0,37.36,0.081,16.6,-0.015817220075847845,-4.503428332019922,0.468591789381378,0.301508212860386,16.470993740095206,3.2924195414330146,-2.384205128937527,1787260569.017856
3.3003830909729004,entry,drive,1.2,-0.08211196899414062,0.5533727798461914,4291.2,1639.0,34.73,0.084,16.6,-0.04516682925833718,-4.28376158679589,0.6445667486675788,0.35891115984120525,16.465014125806388,3.286770991154225,-2.3846681018451927,1787260569.0379992
3.320650577545166,entry,drive,1.2,-0.08859756469726562,0.5575884170532227,4291.2,1909.0,31.91,0.086,16.6,-0.07140555731931562,-3.8443438964388292,0.6777997657008683,0.4328605633320284,16.457986523946794,3.280136574633722,-2.3856993782935576,1787260569.0575173
3.3405959606170654,entry,drive,1.2,-0.09498008728027343,0.5617370567321778,4291.2,2150.0,29.79,0.087,16.6,-0.10579270111096066,-3.626489203423006,0.5957960709967693,0.5052031653370292,16.44986801801888,3.272484973550951,-2.3874364173031135,1787260569.0781062
3.3604230880737305,entry,drive,1.2,-0.10132476806640625,0.5658610992431641,4291.2,2392.0,27.53,0.089,16.6,-0.1507232830134726,-2.989555775845645,0.47011524493969503,0.9473791497513357,16.428119299702526,3.252038667790216,-2.3895010159587926,1787260569.097745
3.3803789615631104,entry,drive,1.2,-0.10771064758300782,0.5700119209289551,4291.2,2613.0,25.53,0.091,16.6,-0.15646958569753658,-3.048296906802932,0.242101635559834,0.809541959076106,16.418207060356096,3.242763525473522,-2.3925442500539056,1787260569.1179607
3.4004228115081787,entry,drive,1.2,-0.1141246795654297,0.5741810417175293,4291.2,2831.0,23.35,0.092,16.6,-0.14597310244563913,-2.676399649720082,0.21884797054472394,0.7758838177043544,16.407341148610207,3.2326527125126687,-2.3956229648481546,1787260569.1380072
3.4206199645996094,entry,drive,1.2,-0.1205877685546875,0.5783820495605468,4291.2,3013.0,21.69,0.094,16.6,-0.14057610662805267,-2.387766747089927,0.4431587390915297,0.7985722775386892,16.395678477236125,3.221863718613572,-2.3985077758995144,1787260569.1575177
3.440624952316284,entry,drive,1.2,-0.12698936462402344,0.5825430870056152,4291.2,3199.0,19.86,0.092,16.6,-0.16316741919432903,-2.228006336772168,0.3705952282817435,0.8353289734616351,16.383160492127995,3.2103492219239094,-2.401441571927868,1787260569.1777456
3.4605956077575684,entry,drive,1.2,-0.13337997436523438,0.5866969833374024,4291.2,3391.0,18.43,0.091,16.6,-0.19756888579921167,-1.9237121048881534,0.5856216229654905,1.5080577808557234,16.347161189723973,3.1771978667225285,-2.407321914756843,1787260569.1977398
3.480433464050293,entry,drive,1.2,-0.13972808837890624,0.590823257446289,4291.2,3521.0,17.11,0.091,16.6,-0.2386462148218936,-1.5578402576125114,0.8446961913963307,1.2191215944296006,16.333109310758818,3.1645061210662857,-2.411500506143271,1787260569.2178915
3.5006086826324463,entry,drive,1.2,-0.14618415832519532,0.595019702911377,4291.2,3654.0,16.05,0.09,16.6,-0.30193745319487403,-1.2567353896425573,0.7365634084393804,1.078661431013363,16.318363739595192,3.151304739332174,-2.416619374135731,1787260569.2388613
3.5204765796661377,entry,drive,1.2,-0.15254188537597657,0.5991522254943847,4291.2,3767.0,15.09,0.09,16.6,-0.3249191019531719,-1.3380480896073692,0.7030615656549699,1.0765636425177596,16.303278436407012,3.1379436782202896,-2.4226926626111047,1787260569.2576098
3.5408339500427246,entry,drive,1.2,-0.15905624389648437,0.6033865585327148,4291.2,3839.0,14.1,0.092,16.6,-0.35051587503338677,-1.1049526283414792,0.9591531768931105,1.0343549344933454,16.29592461154144,3.131508172632682,-2.426090318982322,1787260569.2680516
3.5604248046875,entry,drive,1.2,-0.1653253173828125,0.6074614562988281,4291.2,3939.0,12.86,0.093,16.6,-0.40196042412655647,-0.5163656263760963,0.584289773363281,2.0744039586088876,16.238759599501957,3.080938248776637,-2.4419563403981224,1787260569.2976983
3.580381155014038,entry,drive,1.2,-0.17171134948730468,0.6116123771667481,4291.2,4026.0,12.02,0.097,16.6,-0.4456604341907484,-1.239852723167047,0.6951265282241792,1.583502053516389,16.221876492336126,3.0667410174837446,-2.4502099067088774,1787260569.3175104
3.6009294986724854,entry,drive,1.2,-0.1782868194580078,0.615886432647705,4291.2,4084.0,11.49,0.095,16.6,-0.4481321472879646,-0.7008881555039821,0.8652330023599575,1.3234831161766596,16.204515183861496,3.0523950991700484,-2.459161788810644,1787260569.3384297
3.62058424949646,entry,drive,1.2,-0.1845763397216797,0.6199746208190918,4291.2,4142.0,10.91,0.092,16.6,-0.46329262455691783,-0.7664979378918275,1.0726352853185332,1.2492456748117116,16.186824346931807,3.0380435993581036,-2.4681826696259144,1787260569.3577216
3.6404826641082764,entry,drive,1.2,-0.19094383239746093,0.6241134910583496,4291.2,4186.0,10.7,0.093,16.6,-0.49550315846726267,-0.5695598325125033,1.0771483127325396,1.1997456419101347,16.168748476208208,3.023654127204491,-2.4776080563498897,1787260569.3777006
3.660416841506958,entry,drive,1.2,-0.19732276916503907,0.6282597999572754,4291.2,4207.0,10.56,0.095,16.6,-0.53714983804149,-0.8350724780128758,1.1437405735724155,1.7097398517875715,16.130782417725875,2.993645019741178,-2.4939696754967406,1787260569.3976276
3.6804137229919434,entry,drive,1.2,-0.20372177124023438,0.6324191513061523,4291.2,4239.0,10.09,0.095,16.6,-0.605931599120589,-0.6007827228988845,1.2217773708278088,1.4362178872658742,16.112024929902812,2.979511232961209,-2.505054743167741,1787260569.4175286
3.7004759311676025,entry,drive,1.2,-0.21014167785644533,0.6365920906066895,4291.2,4289.0,9.43,0.094,16.6,-0.6096861236253827,-0.5476047793317065,1.0218049989362399,1.3047910800883227,16.092880671163414,2.9654239092725514,-2.5171897358301143,1787260569.4375868
3.720602035522461,entry,drive,1.2,-0.21658203125,0.6407783203125,4291.2,4329.0,9.1,0.094,16.6,-0.6088432997193999,-0.608031516453309,0.7359249655530178,1.2475181790279164,16.073368796526417,2.951427736628832,-2.5293808414743726,1787260569.4576116
3.7408764362335205,entry,drive,1.2,-0.22306983947753906,0.6449953956604004,4291.2,4336.0,9.03,0.094,16.6,-0.6427567254097687,-0.5166610204144746,1.2607129582602852,1.2396818725802665,16.054062693403615,2.9379583526353734,-2.54157311189745,1787260569.476585
3.7604424953460693,entry,drive,1.2,-0.22933097839355468,0.6490651359558106,4291.2,4359.0,8.77,0.093,16.6,-0.6811222240734502,-0.35820735321564356,1.2464279174494948,1.477008744536589,16.022051125068177,2.9172809012099448,-2.5626742166195533,1787260569.4975514
3.7804322242736816,entry,drive,1.2,-0.23572769165039062,0.6532229995727539,4291.2,4382.0,8.54,0.094,16.6,-0.7083832065188556,-0.3417885536867047,1.383213300862451,1.3420110703479255,16.0016100265058,2.904002757413081,-2.576423185926047,1787260569.5175207
3.8004093170166016,entry,drive,1.2,-0.242120361328125,0.6573782348632813,4291.2,4381.0,8.63,0.095,16.6,-0.736942879469838,-0.4460803370623516,1.6793481814956124,1.254091925422776,15.980916155009272,2.8909696057359335,-2.5907544142423706,1787260569.5383077
3.8206191062927246,entry,drive,1.2,-0.24858749389648438,0.6615818710327148,4291.2,4388.0,8.51,0.094,16.6,-0.8103808115302908,-0.279366563773646,1.557184638529435,1.2540511064280495,15.960049600400763,2.8782468837085453,-2.6058379401350384,1787260569.5577252
3.841090440750122,entry,drive,1.2,-0.25513832092285155,0.6658399085998535,4291.2,4411.0,8.07,0.093,16.6,-0.8679887143342309,-0.125758749345251,1.2363256825346127,1.365404733157328,15.937532529034195,2.865009349222906,-2.6232570296750324,1787260569.5780423
3.860661268234253,entry,drive,1.2,-0.2614009857177734,0.6699106407165527,4291.2,4430.0,7.89,0.094,16.6,-0.8500037217026533,-0.19941663056512837,1.4334011243974487,1.8065577614576558,15.89470182407753,2.8413388104898383,-2.6516486976312432,1787260569.597575
3.8803930282592773,entry,drive,1.2,-0.26771514892578124,0.6740148468017578,4291.2,4435.0,7.84,0.094,16.6,-0.8605703459597607,-0.1264473869256273,1.2995358406062394,1.5086309340498485,15.872793557353488,2.8297684748499856,-2.668702036171369,1787260569.617686
3.900520086288452,entry,drive,1.2,-0.2741558074951172,0.6782012748718262,4291.2,4428.0,7.9,0.092,16.6,-0.9321232926006554,-0.2325513412810558,1.2706315905958263,1.3696199529894826,15.850712649327006,2.818588754992548,-2.686271166841324,1787260569.63755
3.9205524921417236,entry,drive,1.2,-0.2805661773681641,0.6823680152893067,4291.2,4428.0,7.99,0.092,16.6,-0.9498247251551668,-0.05361948145802131,1.7665863038756981,1.2953768690399783,15.82844475119188,2.807811964450714,-2.70498958653229,1787260569.6576002
3.940835952758789,entry,drive,1.2,-0.287056884765625,0.6865869750976563,4291.2,4429.0,7.94,0.094,16.6,-0.9885438250325835,-0.15182938371162624,1.52653455603091,1.3206230948328588,15.817156916351808,2.8025446393691076,-2.71455756712272,1787260569.6666296
3.960387945175171,entry,drive,1.2,-0.2933135223388672,0.6906537895202637,4291.2,4422.0,7.97,0.095,16.6,-1.0268359536082334,-0.1911293349213068,1.811516603231894,1.3972911340964353,15.775752882887868,2.787927314221402,-2.754688536387149,1787260569.6985953
3.980397939682007,entry,drive,1.2,-0.2997167205810547,0.6948158683776855,4291.2,4410.0,8.01,0.093,16.6,-1.065874499658405,-0.08259520454656855,1.772819436027845,1.3447635506857274,15.752853509775399,2.7787395074612875,-2.77540334317023,1787260569.7176125
4.000406980514526,entry,drive,1.2,-0.30611961364746093,0.6989777488708496,4291.2,4412.0,8.05,0.092,16.6,-1.0623313635651366,0.07410244321769532,1.6346894853180913,1.282737233930935,15.729743184927504,2.7700218562882784,-2.796707812541011,1787260569.7376428
4.020651817321777,entry,drive,1.2,-0.3125979614257813,0.7031886749267579,4291.2,4416.0,7.96,0.094,16.6,-1.081515111582386,-0.1542033625043473,1.479188040883372,1.25423342279906,15.706436443075921,2.761790537567359,-2.818060104656131,1787260569.7576325
4.041425943374634,entry,drive,1.2,-0.3192456817626953,0.707509693145752,4291.2,4414.0,7.88,0.095,16.6,-1.113835567466724,-0.017070599649128937,2.1040759113406295,1.275864636032327,15.682030083093473,2.753758824138486,-2.8405350746875366,1787260569.7773523
4.060488700866699,entry,drive,1.2,-0.32,0.708,4291.2,4411.0,7.9,0.093,16.6,-1.15280786738478,0.17571201729608177,2.2469461999826024,1.523639147772698,15.647148937777418,2.7460188771718212,-2.8737932912728037,1787260569.7986383
4.081092119216919,entry,drive,1.2,-0.32,0.708,4291.2,4411.0,7.99,0.094,16.6,-1.229066952566981,0.1739977232287444,1.9757178278472622,1.4072254348426263,15.623274042969058,2.739622116451272,-2.897245631757424,1787260569.817664
4.100570201873779,entry,drive,1.2,-0.32,0.708,4291.2,4422.0,7.66,0.094,16.6,-1.232020664531988,0.06897562715500305,2.151934788781631,1.3148961900951626,15.599230350955992,2.733786062989188,-2.921842883022556,1787260569.8376892
4.120608806610107,entry,drive,1.2,-0.32,0.708,4291.2,4404.0,7.87,0.091,16.6,-1.2302436702946324,-0.08869151184659518,1.88857852341593,1.2726704438889236,15.575153843903541,2.728570310053864,-2.946450052610274,1787260569.8575156
4.140381813049316,entry,drive,1.2,-0.32,0.708,4291.2,4397.0,8.11,0.092,16.6,-1.2588307072258154,0.12594656374729674,1.5099540444371655,1.2888192846974245,15.550953838183544,2.723945087534597,-2.9712297649984714,1787260569.877858
4.160467147827148,entry,drive,1.2,-0.32,0.708,4291.2,4401.0,8.0,0.095,16.6,-1.2871406422455758,-0.03478322360436081,1.5067528399109023,1.2426987635120368,15.527320501295582,2.727180272066713,-3.0083325626125386,1787260569.8985934
4.180389165878296,entry,drive,1.2,-0.32,0.708,4291.2,4399.0,7.86,0.094,16.6,-1.2960173576329734,-0.048590565148460385,1.4733517885106124,1.2628800722967668,15.502853715894796,2.724063444560279,-3.0342182855389606,1787260569.917794
4.200613975524902,entry,drive,1.2,-0.32,0.708,4291.2,4395.0,7.85,0.092,16.6,-1.2700202448618925,-0.1738950680445548,1.7259522464039208,1.2474696848676317,15.478462054730366,2.72159569667687,-3.059798621241597,1787260569.9375312
4.220560789108276,entry,drive,1.2,-0.32,0.708,4291.2,4400.0,7.84,0.09,16.6,-1.2190282999959818,0.11607175812220039,1.8893959641991103,1.2337090347162407,15.45391350095706,2.719741042088544,-3.0849501108125787,1787260569.957534
4.240816831588745,entry,drive,1.2,-0.32,0.708,4291.2,4393.0,8.04,0.095,16.6,-1.2255079040861991,0.10390809637713971,1.8744341081475966,1.2222458480625693,15.429358159195264,2.718501581313173,-3.1093706549922437,1787260569.9776707
4.260453939437866,entry,drive,1.2,-0.32,0.708,4291.2,4383.0,8.02,0.094,16.6,-1.2531089056237803,-0.20461407460053138,1.5541560730526953,1.2349848323244634,15.404294378196669,2.7245692011560614,3.1374786442158373,1787260569.998985
4.280381917953491,entry,drive,1.2,-0.32,0.708,4291.2,4374.0,8.07,0.092,16.6,-1.2659203083637156,-0.18450020007215784,1.736395374005923,1.2634664970285052,15.379828384003812,2.724829888508414,3.112308935106064,1787260570.0179234
4.3006768226623535,entry,drive,1.2,-0.32,0.708,4291.2,4370.0,8.21,0.092,16.6,-1.2673810522216238,0.11067856939818377,1.7061395400396293,1.2170381351526105,15.355331853804062,2.7257088712775284,3.086932030351683,1787260570.038803
4.320519208908081,entry,drive,1.2,-0.32,0.708,4291.2,4403.0,7.56,0.095,16.6,-1.2707669952315506,0.2573473739434178,1.5343764034582534,1.259815588629424,15.330822099580551,2.7271999164485696,3.0616183680730282,1787260570.057662
4.341355085372925,entry,drive,1.2,-0.32,0.708,4291.2,4401.0,7.54,0.094,16.6,-1.2388713801201077,0.009476692448604496,1.5383501713856447,1.2354812403958246,15.304311603243784,2.729503450586642,3.034495535085004,1787260570.079641
4.3603949546813965,entry,drive,1.2,-0.32,0.708,4291.2,4388.0,7.87,0.091,16.6,-1.1895281982850652,-0.06633045174783803,1.568380302818099,1.766768986094746,15.261341076810957,2.7354699235983246,2.997685972144832,1787260570.09763
4.380386114120483,entry,drive,1.2,-0.32,0.708,4291.2,4367.0,8.26,0.091,16.6,-1.1876984734581262,-0.035865113863009945,1.651303179862083,1.4832384852973357,15.237082122182942,2.7391489164809313,2.973850420203952,1787260570.1177175
4.400468587875366,entry,drive,1.2,-0.32,0.708,4291.2,4344.0,8.55,0.095,16.6,-1.2349703817553594,-0.24659788877321986,1.7939161910043424,1.3273405718470994,15.213116220303952,2.7433722937905127,2.949886371225504,1787260570.1382635
4.420499086380005,entry,drive,1.2,-0.32,0.708,4291.2,4341.0,8.28,0.091,16.6,-1.260161222506419,-0.16820645787333532,1.5153972177208743,1.2889926622648593,15.18930261367398,2.7481616321757296,2.925101166213724,1787260570.15754
4.442104339599609,entry,drive,1.2,-0.32,0.708,4291.2,4357.0,8.03,0.091,16.6,-1.2546319674511965,0.0692420774746636,1.7219916347123103,1.298042292034764,15.173160513441974,2.7517118988471787,2.908081716505819,1787260570.1700692
4.4604737758636475,entry,drive,1.2,-0.32,0.708,4291.2,4376.0,7.82,0.092,16.6,-1.2473468902892848,0.3035735990691215,1.556844330563905,1.3515497555470015,15.137584544466932,2.7638325624654483,2.8675301028765414,1787260570.1985855
4.480457782745361,entry,drive,1.2,-0.32,0.708,4291.2,4379.0,7.8,0.095,16.6,-1.2276083392379444,0.1994920596502716,1.4757134790136632,1.3177629813530436,15.114068949379933,2.7706016407882195,2.8427904197677374,1787260570.2175534
4.500473260879517,entry,drive,1.2,-0.32,0.708,4291.2,4367.0,7.86,0.093,16.6,-1.2369933189193838,-0.2134776133715519,1.0620460504091653,1.2627449478468962,15.090760095808411,2.777942170857494,2.8181908553554673,1787260570.2375772
4.52046012878418,entry,drive,1.2,-0.32,0.708,4291.2,4357.0,8.1,0.089,16.6,-1.1810163359670083,-0.057847384006578295,1.393093341573035,1.236324613673423,15.067699962005008,2.7858361591122325,2.793747541249272,1787260570.2575297
4.5404767990112305,entry,drive,1.2,-0.32,0.708,4291.2,4331.0,8.69,0.092,16.6,-1.153913611869381,0.10306540293028021,2.142482179553525,1.2517219724192363,15.04543432659797,2.7939094200743155,2.7708653407679424,1787260570.275923
4.560590505599976,entry,drive,1.2,-0.32,0.708,4291.2,4302.0,8.92,0.093,16.6,-1.2040201888308948,-0.061230921169978636,2.1841684435269713,2.729340996936444,14.982257387530222,2.816897725273598,2.71984969340973,1787260570.297545
4.580474138259888,entry,drive,1.2,-0.32,0.708,4291.2,4312.0,8.48,0.092,16.6,-1.2716603526192176,0.058511824163020254,2.016513853199541,1.944462771647813,14.960209811789845,2.8269702450262644,2.6953514775535408,1787260570.317737
4.6005859375,entry,drive,1.2,-0.32,0.708,4291.2,4313.0,8.59,0.092,16.6,-1.269648600731772,-0.15723704429500174,1.4162225887972681,1.5620722871375585,14.938575898431099,2.8375030314537213,2.6700245708032733,1787260570.3377268
4.62043309211731,entry,drive,1.2,-0.32,0.708,4291.2,4327.0,8.29,0.093,16.6,-1.2478580840605256,-0.1820844593671076,1.1094560078492464,1.3829762856329484,14.917090869504475,2.8486359010874596,2.64475456183551,1787260570.3575442
4.640652656555176,entry,drive,1.2,-0.32,0.708,4291.2,4333.0,8.11,0.093,16.6,-1.22215884585737,0.16984049890240982,1.0502908806488236,1.3717006952691768,14.90636985033509,2.8544488804296213,2.632202332561585,1787260570.3666089
4.6604156494140625,entry,drive,1.2,-0.32,0.708,4291.2,4330.0,8.25,0.09,16.6,-1.145936245982103,0.049184395604741304,1.3050541506142963,1.5888424375293235,14.866688814888239,2.8803455511005653,2.584868539857817,1787260570.3975708
4.680397272109985,entry,drive,1.2,-0.32,0.708,4291.2,4310.0,8.74,0.092,16.6,-1.110669934457974,-0.08617790336537556,1.4591503628872289,1.3887810656375748,14.846236892450875,2.8932501188564297,2.5620825516967844,1787260570.4176126
4.700392961502075,entry,drive,1.2,-0.32,0.708,4291.2,4284.0,9.08,0.093,16.6,-1.1517609787602698,-0.22930745207870373,2.1155165739756114,1.2858698939979023,14.826285564847227,2.9064844387666127,2.5397256688893233,1787260570.4376068
4.720424652099609,entry,drive,1.2,-0.32,0.708,4291.2,4280.0,8.82,0.09,16.6,-1.185957165579378,-0.0452887702361231,2.079148060504764,1.238055441452593,14.8066041370674,2.9201857217367286,2.516516457557727,1787260570.4575474
4.740380525588989,entry,drive,1.2,-0.32,0.708,4291.2,4287.0,8.88,0.092,16.6,-1.2240150691371552,0.08667382950038771,1.801927753873258,1.173072532098041,14.787182829803958,2.9343683654472996,2.492542843487772,1787260570.4781356
4.760396242141724,entry,drive,1.2,-0.32,0.708,4291.2,4278.0,8.99,0.093,16.6,-1.2402334538596287,-0.3698943663656209,1.4014215311830753,1.312840966581777,14.793872745583068,2.936140290282725,2.4774360577600705,1787260570.4975576
4.780389785766602,entry,drive,1.2,-0.32,0.708,4291.2,4306.0,8.32,0.094,16.6,-1.2138433916697065,0.0840751257552359,1.3234278571449636,1.2456332604693259,14.775053972052339,2.951047589808267,2.4527771444328788,1787260570.5177417
4.80058479309082,entry,drive,1.2,-0.32,0.708,4291.2,4320.0,8.23,0.092,16.6,-1.1872522608174834,0.23254165682971717,1.190396971063052,1.2156219565125272,14.756530693147088,2.966473275155232,2.4286283816471683,1787260570.5379126
4.82056450843811,entry,drive,1.2,-0.32,0.708,4291.2,4319.0,8.43,0.091,16.6,-1.2108229675193931,0.28976623925247225,1.5282334646114037,1.2140094753147508,14.738359914132584,2.9823633168424957,2.404738819025365,1787260570.557688
4.840617895126343,entry,drive,1.2,-0.32,0.708,4291.2,4291.0,8.93,0.093,16.6,-1.1691261206481314,-0.14945537751008064,1.7175816644785868,1.2545976268308134,14.729450948315128,2.990446749507877,2.3926041921663086,1787260570.5666034
4.8604254722595215,entry,drive,1.2,-0.32,0.708,4291.2,4285.0,8.89,0.09,16.6,-1.1529816386459077,-0.23596553064657044,1.9006351902462484,0.9378492963922466,14.710214764571536,3.0085152400460045,2.3619337703124996,1787260570.5986223
4.880396842956543,entry,drive,1.2,-0.32,0.708,4291.2,4268.0,9.19,0.092,16.6,-1.1908359435383484,0.012341828240867159,1.6108571103815734,1.0933514769556005,14.693293840643888,3.0254395569088417,2.3386327669855618,1787260570.6177785
4.900456666946411,entry,drive,1.2,-0.32,0.708,4291.2,4248.0,9.46,0.092,16.6,-1.2485122895823035,-0.127050892696972,1.8731024047257847,1.1346831107302062,14.676904925926172,3.0426259452400743,2.3145696659759563,1787260570.637859
4.920470237731934,entry,drive,1.2,-0.32,0.708,4291.2,4265.0,8.91,0.095,16.6,-1.2333060392321147,-0.15368328919491248,1.329718876734546,1.1621281363403826,14.660875191110534,3.060269204639037,2.2896943626668547,1787260570.657756
4.940442800521851,entry,drive,1.2,-0.32,0.708,4291.2,4294.0,8.5,0.091,16.6,-1.2080178599432125,0.1600635884623074,1.2009320461351223,1.1605996598454411,14.64488757616572,3.078760524017027,2.2646778690812095,1787260570.6787739
4.960399627685547,entry,drive,1.2,-0.32,0.708,4291.2,4305.0,8.52,0.092,16.6,-1.1969220655775066,0.17746808241202316,1.5229576678829062,1.0067424262952338,14.63338239696192,3.090817052783808,2.2445450833221674,1787260570.6987834
4.980414628982544,entry,drive,1.2,-0.32,0.708,4291.2,4299.0,8.68,0.094,16.6,-1.1760712452968947,-0.13720657481971354,1.6441473570405094,1.1378217767515946,14.618511050779475,3.1096642118636564,2.220707887422392,1787260570.7177887
5.00037407875061,entry,drive,1.2,-0.32,0.708,4291.2,4292.0,8.68,0.09,16.6,-1.1548687545943377,-0.14439925337402304,1.5702496577421527,1.1695777689250524,14.604090893708257,3.128864332899256,2.1972666941790266,1787260570.7376497
5.020500421524048,entry,drive,1.2,-0.32,0.708,4291.2,4285.0,8.95,0.091,16.6,-1.1347100898810376,0.003759152263079546,1.8277347336200762,1.1819330733990594,14.590171676511023,3.148330858152103,2.1742985807011896,1787260570.7575324
5.0403923988342285,entry,drive,1.2,-0.32,0.708,4291.2,4269.0,9.24,0.092,16.6,-1.1805857028187425,-0.09381831420487519,2.219012880172812,1.175304754348762,14.576706782596862,3.1681107946071125,2.1513388516246583,1787260570.7778404
5.060449600219727,tr0,drive,1.2,-0.32,0.708,4291.2,4270.0,9.01,0.094,16.6,-1.2640949777525752,0.05452310015370321,1.9629097937734628,1.0183597811087353,14.565971033909257,3.1830141642795353,2.129945096666796,1787260570.7988381
5.080395698547363,tr0,drive,1.2,-0.32,0.708,4291.2,4302.0,8.4,0.092,16.6,-1.2879132252778078,0.03032090708389701,1.6489064060636167,1.1483890695272931,14.553360972139949,3.20343710752362,2.1045562737130243,1787260570.8176897
5.10040020942688,tr0,drive,1.2,-0.32,0.708,4291.2,4331.0,8.11,0.092,16.6,-1.250920053523844,-0.040205365183370034,1.1532441266690725,1.1786277733648316,14.541197816321013,3.224297935472729,2.0789885172821347,1787260570.8375466
5.120743274688721,tr0,drive,1.2,-0.32,0.708,4291.2,4324.0,8.25,0.093,16.6,-1.1984107726268607,0.011147616619239464,1.0081384473875445,1.187185193163876,14.529581891898847,3.245444699703531,2.054249408574189,1787260570.857572
5.140437126159668,tr0,drive,1.2,-0.32,0.708,4291.2,4312.0,8.54,0.092,16.6,-1.1504875882850485,0.14815357711584554,1.1886227795778126,1.1765181343815243,14.518464678692329,3.266925307178692,2.030436023568684,1787260570.8781717
5.160498142242432,tr0,drive,1.2,-0.32,0.708,4291.2,4286.0,8.89,0.091,16.6,-1.1033635520073415,-0.060319285393117816,1.8140487400785048,1.0542986232940683,14.509404358662943,3.2835348276841234,2.009103780153019,1787260570.8980281
5.1807215213775635,tr0,drive,1.2,-0.32,0.708,4291.2,4267.0,9.34,0.093,16.6,-1.1537984301522348,-0.28882085407632374,1.7233674846141867,1.0714875852168027,14.504332966170205,3.2943506282423383,1.9983348776930718,1787260570.9087746
5.200643301010132,tr0,drive,1.2,-0.32,0.708,4291.2,4264.0,9.0,0.091,16.6,-1.2074504734729712,0.030672441247146187,2.0119308053751013,1.1493410362202887,14.489899605950315,3.327013101816767,1.963185030189813,1787260570.9377298
5.221196889877319,tr0,drive,1.2,-0.32,0.708,4291.2,4260.0,9.25,0.09,16.6,-1.2702016061321268,0.2006445824497689,2.010264641203662,1.1575695764948088,14.480908851347417,3.3491277916815925,1.9383804136131224,1787260570.9580557
5.240398645401001,tr0,drive,1.2,-0.32,0.708,4291.2,4270.0,9.18,0.097,16.6,-1.2632615414894348,-0.1496383770952816,1.1150948435950951,1.2142933477988735,14.475396507069048,3.363442356606258,1.9220783658257468,1787260570.9694464
5.26051926612854,tr0,drive,1.2,-0.32,0.708,4291.2,4296.0,8.42,0.096,16.6,-1.214803727558789,-0.33125409988132404,1.0433403681956293,1.1897949944563242,14.464549822197828,3.3941007946062793,1.8879968433575263,1787260570.99779
5.280386924743652,tr0,drive,1.2,-0.32,0.708,4291.2,4307.0,8.34,0.09,16.6,-1.1522940104524493,0.16523378812611433,1.3941167505363836,1.0586392276084675,14.459626308987653,3.410290362870984,1.867014027336734,1787260571.0175896
5.300394535064697,tr0,drive,1.2,-0.32,0.708,4291.2,4300.0,8.77,0.092,16.6,-1.1317740879372797,0.2284550376354062,1.7487952724097227,1.125457478342645,14.452749705435167,3.4332763622928284,1.8441001426012762,1787260571.037608
5.32058048248291,tr0,drive,1.2,-0.32,0.708,4291.2,4280.0,9.02,0.091,16.6,-1.1512324744419435,-0.05882967973311182,1.9606855128441225,1.1584528587942158,14.446416856592185,3.456373799380307,1.8213584728277443,1787260571.057561
5.34140419960022,tr0,drive,1.2,-0.32,0.708,4291.2,4277.0,8.95,0.092,16.6,-1.2029780938963468,-0.22086608229584925,1.8864323028188892,1.16150118213004,14.440617597643511,3.4795858300665743,1.7980532420127735,1787260571.0776918
5.360624313354492,tr0,drive,1.2,-0.32,0.708,4291.2,4275.0,8.99,0.09,16.6,-1.2385860224093057,-0.11192421824720444,1.822780679946618,1.0853957389035587,14.437931672991374,3.48869438969642,1.7872550071466307,1787260571.0881524
5.383849143981934,tr0,drive,1.2,-0.32,0.708,4291.2,4242.0,9.63,0.095,16.6,-1.2753249954372212,-0.18909238417144536,1.6623950560684762,1.1290188524042888,14.434757905839197,3.5031272554052713,1.7722098525225962,1787260571.100159
5.400419473648071,tr0,drive,1.2,-0.32,0.708,4291.2,4267.0,8.95,0.094,16.6,-1.279986059977078,-0.07786165486656138,1.3225444890024818,1.1569560210627126,14.42657376824867,3.547213246079341,1.724631413564147,1787260571.137726
5.420544862747192,tr0,drive,1.2,-0.32,0.708,4291.2,4295.0,8.42,0.091,16.6,-1.2213034385152364,-0.034797677191169996,0.9569946771426743,1.1689313980367122,14.423040743080849,3.5709241940990095,1.6999312278504841,1787260571.157881
5.440350532531738,tr0,drive,1.2,-0.32,0.708,4291.2,4304.0,8.55,0.091,16.6,-1.178621088882591,0.1569175304910253,1.0229802893326578,1.1808020834225421,14.420082922860754,3.59473792994454,1.6759863939036714,1787260571.177588
5.460439443588257,tr0,drive,1.2,-0.32,0.708,4291.2,4281.0,9.11,0.093,16.6,-1.1590638991014852,-0.0681554317849562,1.920228333653398,1.179857753499559,14.41770965321216,3.6185626941408513,1.652512830527596,1787260571.1977398
5.481543779373169,tr0,drive,1.2,-0.32,0.708,4291.2,4260.0,9.12,0.093,16.6,-1.155274620344466,-0.2935399227606972,1.8132964957526383,1.2124289369211625,14.415122595365938,3.631217800083892,1.6415669286705277,1787260571.207765
5.500796318054199,tr0,drive,1.2,-0.32,0.708,4291.2,4256.0,9.29,0.09,16.6,-1.1705381286580914,-0.25450639446185264,1.7043865447120368,1.195945153228876,14.413021942227113,3.666849748133113,1.6068208763524514,1787260571.2375526
5.520495891571045,tr0,drive,1.2,-0.32,0.708,4291.2,4252.0,9.49,0.094,16.6,-1.1828433976328572,0.016865101987115327,2.012060028846548,1.1865700948003326,14.412308549567003,3.690663635120535,1.5832626485533294,1787260571.257616
5.540734767913818,tr0,drive,1.2,-0.32,0.708,4291.2,4235.0,9.53,0.093,16.6,-1.241794865206742,-0.2759813546719485,1.8346838573594937,1.1792917522150508,14.412164233413984,3.7143850203181943,1.5590120098300424,1787260571.2776864
5.560467481613159,tr0,drive,1.2,-0.32,0.708,4291.2,4261.0,8.99,0.093,16.6,-1.242559192439595,0.01464519276528975,1.3575137637078427,1.1811657701133451,14.411018342183748,3.7379854697724615,1.5359914774609504,1787260571.297794
5.580388784408569,tr0,drive,1.2,-0.32,0.708,4291.2,4297.0,8.53,0.093,16.6,-1.2355866372316038,0.10411837687903613,1.0900165731301357,1.1887460521744069,14.411995598420289,3.7620181780920463,1.5111461872228649,1787260571.3177712
5.6004252433776855,tr0,drive,1.2,-0.32,0.708,4291.2,4305.0,8.59,0.092,16.6,-1.1998010758739368,-0.2526235178510241,1.300260895378159,1.1957571600914325,14.413558331276151,3.7859027617322054,1.486897653665136,1787260571.337533
5.62058424949646,tr0,drive,1.2,-0.32,0.708,4291.2,4282.0,8.93,0.093,16.6,-1.1394880671927485,-0.2323266254648999,1.3521134212806203,1.1896379519356932,14.41570780995574,3.8097610481893405,1.463192707627284,1787260571.357609
5.6430768966674805,tr0,drive,1.2,-0.32,0.708,4291.2,4274.0,9.07,0.09,16.6,-1.1321623768242133,0.07262730484891078,1.5252785740550365,1.2341707433263092,14.41699653526878,3.8216913868467635,1.4517649941432487,1787260571.366577
5.660420894622803,tr0,drive,1.2,-0.32,0.708,4291.2,4256.0,9.51,0.093,16.6,-1.1747121010345727,-0.13644903145443532,1.948287953326684,1.2397401206086802,14.420813236853293,3.8606056317465187,1.4180991227048796,1787260571.3987362
5.680392265319824,tr0,drive,1.2,-0.32,0.708,4291.2,4249.0,9.34,0.092,16.6,-1.210760383233776,-0.33980784584480617,1.7753512805136609,1.2512924664231595,14.42457599271725,3.88409435070313,1.39443493222483,1787260571.4175408
5.700451135635376,tr0,drive,1.2,-0.32,0.708,4291.2,4253.0,9.3,0.091,16.6,-1.2576999290269677,0.11115693561293849,1.929184514251375,1.2161428229774771,14.428894344604087,3.907481843244282,1.3700086879926419,1787260571.4374878
5.72051477432251,tr0,drive,1.2,-0.32,0.708,4291.2,4269.0,9.19,0.094,16.6,-1.2758309960443364,-0.09199160741181078,1.7957142098943848,1.1975080745319704,14.43380782794682,3.9308729306295103,1.3447316880218538,1787260571.4575827
5.740618467330933,tr0,drive,1.2,-0.32,0.708,4291.2,4298.0,8.54,0.095,16.6,-1.2435309799213647,-0.30679991007866647,1.1296758266207547,1.236005006989033,14.43648846352721,3.942528067975778,1.3319430716024923,1787260571.466603
5.760400772094727,tr0,drive,1.2,-0.32,0.708,4291.2,4307.0,8.37,0.093,16.6,-1.1752805527692503,0.08415854908087095,1.0238709664950179,1.2315591265113204,14.445429216429085,3.980018299386499,1.2967821938103696,1787260571.498588
5.780394077301025,tr0,drive,1.2,-0.32,0.708,4291.2,4303.0,8.67,0.089,16.6,-1.1280484587303132,0.2547213892815705,1.6763777958171033,1.245196332217896,14.452069423979705,4.003132210704555,1.2735108124589765,1787260571.5176482
5.800525665283203,tr0,drive,1.2,-0.32,0.708,4291.2,4280.0,9.28,0.093,16.6,-1.1163139051771518,0.0593962338408347,1.9411739380988138,1.217821455954237,14.45921606154921,4.025988328206646,1.2510131121002268,1787260571.5375843
5.8205955028533936,tr0,drive,1.2,-0.32,0.708,4291.2,4270.0,9.26,0.093,16.6,-1.2096779414087135,-0.1017685361244629,2.2481267528733326,1.1992353563427927,14.46686177949083,4.048637066043942,1.2282178689799315,1787260571.5576506
5.84199595451355,tr0,drive,1.2,-0.32,0.708,4291.2,4273.0,8.96,0.091,16.6,-1.2890866140540969,-0.16257409061007877,1.5970205510305107,1.2416807877521068,14.470911598552847,4.059992527792522,1.2160443595528594,1787260571.5666428
5.861640930175781,tr0,drive,1.2,-0.32,0.708,4291.2,4253.0,9.45,0.091,16.6,-1.2646124299523775,-0.2745496273131032,1.4444257576209623,1.2039774797010567,14.479473525788906,4.0826530536362515,1.1899155977324996,1787260571.5883489
5.880990266799927,tr0,drive,1.2,-0.32,0.708,4291.2,4252.0,9.5,0.096,16.6,-1.2441211364189264,-0.38731165110012356,1.334760931007338,1.1147230907222077,14.488474959980778,4.104858971947632,1.1646499618544006,1787260571.6086316
5.900639057159424,tr0,drive,1.2,-0.32,0.708,4291.2,4284.0,8.61,0.093,16.6,-1.2151420821752836,-0.1950346173324391,1.1661641349274063,1.2330647911949493,14.497774875833207,4.126113300914856,1.1404470443426498,1787260571.6265938
5.920717239379883,tr0,drive,1.2,-0.32,0.708,4291.2,4298.0,8.57,0.091,16.6,-1.1722239096281117,0.14864471584283745,1.2137832034262033,1.2935822149442984,14.512552082865271,4.158387773451732,1.105692211183222,1787260571.6581082
5.940490245819092,tr0,drive,1.2,-0.32,0.708,4291.2,4295.0,8.97,0.093,16.6,-1.1412564061565613,0.037245419982943284,1.797886158241397,1.2556917889094605,14.523436543695343,4.179774213064937,1.0825686639233891,1787260571.6776724
5.960717678070068,tr0,drive,1.2,-0.32,0.708,4291.2,4265.0,9.34,0.094,16.6,-1.1835194410755738,-0.19339100148732413,2.1617677594041993,1.2006425146160495,14.534639821062624,4.201421000414128,1.0612194759837215,1787260571.698854
5.980436086654663,tr0,drive,1.2,-0.32,0.708,4291.2,4269.0,9.14,0.091,16.6,-1.1971126147535016,-0.16202675465649818,1.679673871421386,1.2287576794862802,14.546436619490914,4.222235898659453,1.0374428082097482,1787260571.7179523
6.000400543212891,tr0,drive,1.2,-0.32,0.708,4291.2,4268.0,9.24,0.091,16.6,-1.203117110905249,-0.11266900737279517,1.5698366981190333,1.2095830632948728,14.558682772740653,4.2426922730164325,1.0135081122025458,1787260571.73785
6.022199869155884,tr0,drive,1.2,-0.32,0.708,4291.2,4268.0,9.24,0.091,16.6,-1.203117110905249,-0.11266900737279517,1.5698366981190333,1.2298364020613444,14.571445622440853,4.262900737996872,0.9894512507850821,1787260571.7565653
6.040627717971802,tr0,drive,1.2,-0.32,0.708,4291.2,4285.0,8.79,0.093,16.6,-1.228817014898677,-0.1080605789768283,1.5425516883724413,1.2717085558528116,14.584865732370336,4.2830524875703695,0.9644504346390333,1787260571.7769642
6.0605149269104,tr0,drive,1.2,-0.32,0.708,4291.2,4314.0,8.34,0.092,16.6,-1.2272553372354544,0.2467567137751736,1.476664674860615,1.2147622417198387,14.598583761862036,4.302601345762235,0.9401404388035022,1787260571.7977598
6.080381155014038,tr0,drive,1.2,-0.32,0.708,4291.2,4328.0,8.43,0.094,16.6,-1.214562711480137,0.017847406849923697,1.3486676569492317,1.2133783428065006,14.612975542609306,4.32207993585536,0.9156016439629276,1787260571.817601
6.100387096405029,tr0,drive,1.2,-0.32,0.708,4291.2,4306.0,8.77,0.091,16.6,-1.1547826013330738,-0.5208055270462211,1.363646762287658,1.2034564259250282,14.627717580663269,4.3410293817580135,0.8916754747910011,1787260571.8375542
6.120388984680176,tr0,drive,1.2,-0.32,0.708,4291.2,4281.0,9.15,0.091,16.6,-1.1013721733022348,-0.2681869062385154,1.507056310416246,1.1957557784762736,14.642882150157469,4.359586129638419,0.868847273094523,1787260571.85755
6.141075372695923,tr0,drive,1.2,-0.32,0.708,4291.2,4272.0,9.32,0.091,16.6,-1.1410645254000211,-0.03510584374178549,1.9510531017270125,1.2365964126161344,14.650665368831477,4.368790224222203,0.8577954379006658,1787260571.8666
6.160404443740845,tr0,drive,1.2,-0.32,0.708,4291.2,4260.0,9.39,0.093,16.6,-1.2189932794276472,-0.09453414133919846,1.6381586385130902,1.2233336592530584,14.674449576815768,4.395662291136912,0.8237695767850527,1787260571.896597
6.180419921875,tr0,drive,1.2,-0.32,0.708,4291.2,4264.0,9.15,0.092,16.6,-1.2644849976942172,-0.26452077495779847,1.6552895193036647,1.2480052190247843,14.692705077413466,4.416394154622537,0.7996221550255482,1787260571.918851
6.200385808944702,tr0,drive,1.2,-0.32,0.708,4291.2,4274.0,9.07,0.094,16.6,-1.2486142886520535,-0.10206387534519212,1.5162833632909098,1.2629817688848073,14.709471410445545,4.433425064340726,0.7744268703964919,1787260571.9375522
6.22054386138916,tr0,drive,1.2,-0.32,0.708,4291.2,4313.0,8.5,0.096,16.6,-1.2094229437343385,-0.05753752724511596,1.2951685550486047,1.2257388191714318,14.726791864223902,4.4501709692281155,0.7496396659462329,1787260571.9576447
6.240492343902588,tr0,drive,1.2,-0.32,0.708,4291.2,4325.0,8.26,0.094,16.6,-1.126556289571542,-0.10249883511814506,1.2085246559846183,1.2128499574197213,14.7450739493453,4.466992531336501,0.7251629193081124,1787260571.9782405
6.260419845581055,hold0,drive,1.2,-0.32,0.708,4291.2,4326.0,8.31,0.091,16.6,-1.0721825961744214,-0.10204940348583325,1.5247691353695245,2.2018469612753444,14.786515735915897,4.504842620823156,0.6867176035529289,1787260571.998953
6.2804296016693115,hold0,drive,1.2,-0.32,0.708,4291.2,4300.0,8.97,0.09,16.6,-1.0812369444065273,-0.07517955520459907,1.8415791867126075,1.7359768955862822,14.80522789973952,4.520006246991113,0.66519609664549,1787260572.0176775
6.300540924072266,hold0,drive,1.2,-0.32,0.708,4291.2,4285.0,9.27,0.094,16.6,-1.1732427019031215,0.0035633664612291227,2.25659615274742,1.4571058355828894,14.824173852157195,4.534691554966283,0.6431385300875816,1787260572.0376675
6.320573568344116,hold0,drive,1.2,-0.32,0.708,4291.2,4293.0,8.7,0.093,16.6,-1.2386540661751573,0.0291973142987052,1.9264702366293989,1.3207132147571559,14.843499381134842,4.54899234342206,0.619332387690981,1787260572.0577166
6.340630292892456,hold0,drive,1.2,-0.32,0.708,4291.2,4289.0,8.86,0.091,16.6,-1.2831741301180117,-0.24919661079092137,1.4399567305066228,1.2788067334726736,14.863672993320222,4.563182051454884,0.593955859379272,1787260572.0775065
6.360650062561035,hold0,drive,1.2,-0.32,0.708,4291.2,4317.0,8.66,0.094,16.6,-1.2476599448754238,-0.20212769221835813,1.2518567650542423,1.0924140892414835,14.872434971369293,4.56717481112185,0.5768552952381697,1787260572.0980628
6.380420684814453,hold0,drive,1.2,-0.32,0.708,4291.2,4325.0,8.25,0.095,16.6,-1.2212706816338286,-0.1915932018678781,1.06526457731254,1.1564556779268982,14.892756824329545,4.5802279820397525,0.5520199147248107,1787260572.1177716
6.400464296340942,hold0,drive,1.2,-0.32,0.708,4291.2,4330.0,8.24,0.091,16.6,-1.1422885142370214,0.16093522562788465,1.1654061895660348,1.1821152709466647,14.913397698372057,4.59277671845377,0.5280089127020382,1787260572.1376488
6.420517921447754,hold0,drive,1.2,-0.32,0.708,4291.2,4322.0,8.52,0.09,16.6,-1.1077505772710292,-0.13820504175272763,1.4987211041471227,1.1828565949399814,14.934310806443882,4.60482245412012,0.5053687041190653,1787260572.157616
6.4403977394104,hold0,drive,1.2,-0.32,0.708,4291.2,4302.0,9.01,0.094,16.6,-1.1057179861480535,-0.09607994422579313,1.9848812922489856,1.1884841828958834,14.955420000071939,4.616347597756142,0.4832411224270381,1787260572.1775947
6.460456848144531,hold0,drive,1.2,-0.32,0.708,4291.2,4294.0,8.76,0.091,16.6,-1.169423995216057,-0.12417130331790016,2.1121655345418446,1.0228713664507234,14.969429415459079,4.621492146212126,0.4645776994303739,1787260572.1975331
6.480379581451416,hold0,drive,1.2,-0.32,0.708,4291.2,4290.0,9.0,0.091,16.6,-1.2285521635282686,0.089441097516481,1.6290232407476992,1.0961360732078083,14.99099437337382,4.632141715774863,0.44083809087080306,1787260572.218006
6.500412225723267,hold0,drive,1.2,-0.32,0.708,4291.2,4293.0,8.93,0.093,16.6,-1.2363040928292712,-0.2745079293546979,1.4455329279521152,1.1581463657502886,15.012703953562381,4.642222804883068,0.41630116913127396,1787260572.2375278
6.520411252975464,hold0,drive,1.2,-0.32,0.708,4291.2,4307.0,8.5,0.095,16.6,-1.200110002560386,-0.27417083735791437,1.479140386073766,1.1743323716562744,15.034775016642493,4.65182291397892,0.3917576794067955,1787260572.2575922
6.54055643081665,hold0,drive,1.2,-0.32,0.708,4291.2,4326.0,8.24,0.093,16.6,-1.1411100654546613,0.1988179122018039,1.3749684340790225,1.1607907754186573,15.05907729786339,4.661740026732156,0.36553294128268965,1787260572.2790427
6.560394048690796,hold0,drive,1.2,-0.32,0.708,4291.2,4345.0,8.01,0.09,16.6,-1.1425276661029107,0.45358585993999867,1.527352727716078,1.3990974980775674,15.087998188666536,4.6746339591782675,0.34354401988178696,1787260572.2977352
6.580383777618408,hold0,drive,1.2,-0.32,0.708,4291.2,4346.0,8.28,0.092,16.6,-1.1565836971782943,-0.18079233428793628,1.55043402776991,1.300883964427488,15.110872670922753,4.682674831776144,0.3206550405665022,1787260572.3176866
6.600382566452026,hold0,drive,1.2,-0.32,0.708,4291.2,4309.0,8.68,0.091,16.6,-1.1699137505405224,-0.5593624341588068,1.723942558298205,1.2520058680638204,15.13380834268578,4.690139423679923,0.29746352267362214,1787260572.3375392
6.620525598526001,hold0,drive,1.2,-0.32,0.708,4291.2,4299.0,8.87,0.089,16.6,-1.1773755284407608,-0.14730608712469095,1.6978166129239014,1.221798029514842,15.15687390598562,4.6970559209474585,0.2740230202041143,1787260572.357557
6.640471696853638,hold0,drive,1.2,-0.32,0.708,4291.2,4298.0,8.93,0.094,16.6,-1.2108558575588555,0.04504157918384166,1.8730196666207632,1.1832835034599531,15.180476950906007,4.703532705353197,0.24990401851886232,1787260572.3788261
6.660386562347412,hold0,drive,1.2,-0.32,0.708,4291.2,4292.0,8.74,0.093,16.6,-1.2568640959188464,-0.3142717749197743,1.7219261458942015,1.2449300051784504,15.205735788922878,4.709773849658181,0.22384562658705207,1787260572.3985798
6.680377244949341,hold0,drive,1.2,-0.32,0.708,4291.2,4315.0,8.31,0.092,16.6,-1.2534990587234769,-0.02941725184311572,1.5297370761807514,1.2429404568525344,15.229339926499254,4.714992728777787,0.19869031854455907,1787260572.4180634
6.700454950332642,hold0,drive,1.2,-0.32,0.708,4291.2,4346.0,7.92,0.093,16.6,-1.230198929188319,0.2806779481201964,1.4049035482530599,1.233103742000495,15.253101973702845,4.719632136573465,0.1737950121499589,1787260572.4377432
6.72040581703186,hold0,drive,1.2,-0.32,0.708,4291.2,4358.0,7.96,0.094,16.6,-1.1912371487565687,-0.038659589705599906,1.371743840689149,1.226606475949025,15.277058426211108,4.723697136962659,0.14941900529644261,1787260572.4575086
6.740383863449097,hold0,drive,1.2,-0.32,0.708,4291.2,4340.0,8.16,0.093,16.6,-1.1145912394260338,-0.15042488245182728,1.4741661595054438,1.2108775814100323,15.301083016271878,4.727170298259082,0.12596710052870164,1787260572.4776466
6.760533809661865,hold0,drive,1.2,-0.32,0.708,4291.2,4311.0,8.68,0.09,16.6,-1.0920238786648115,-0.07850859448853242,1.726953582127237,1.0333504381267615,15.316169952884525,4.727819443554687,0.10743768719039383,1787260572.4975336
6.780407428741455,hold0,drive,1.2,-0.32,0.708,4291.2,4292.0,9.1,0.091,16.6,-1.1482812924799723,0.14506368896232757,2.0644887978762085,1.105761659907164,15.34008209733913,4.730261541393665,0.08531182297988944,1787260572.5178258
6.800388813018799,hold0,drive,1.2,-0.32,0.708,4291.2,4279.0,9.05,0.095,16.6,-1.2641126877738242,0.09713935924831674,2.2059890838322076,1.1551037581166836,15.36394224456857,4.732157414386489,0.061798162548969963,1787260572.5375817
6.8205485343933105,hold0,drive,1.2,-0.32,0.708,4291.2,4296.0,8.49,0.092,16.6,-1.3229529683721983,-0.15375393087203548,1.6038316804746273,1.175303774339994,15.387937744708383,4.733488811347858,0.036219831982321885,1787260572.5575309
6.840556621551514,hold0,drive,1.2,-0.32,0.708,4291.2,4323.0,8.23,0.092,16.6,-1.279583922652476,-0.2606733434390023,1.2081044604318194,1.1844504137740899,15.412083719847397,4.734210165754432,0.009971031131643856,1787260572.577616
6.860418081283569,hold0,drive,1.2,-0.32,0.708,4291.2,4347.0,7.96,0.093,16.6,-1.164757338037911,0.07077340850189939,1.1368620549650217,1.5823515661460346,15.45029102894859,4.733941941615635,-0.023837521338572764,1787260572.5986097
6.880719900131226,hold0,drive,1.2,-0.32,0.708,4291.2,4339.0,8.08,0.093,16.6,-1.1496450972742018,0.057669144420573026,1.795979965857157,1.4215437848971544,15.474536155378765,4.733226133249838,-0.047007669706340946,1787260572.6177115
6.900385856628418,hold0,drive,1.2,-0.32,0.708,4291.2,4314.0,8.52,0.089,16.6,-1.142590649862691,-0.17830598845086243,1.7510870886827377,1.3121061311865354,15.498642189045208,4.731948230257152,-0.06995884914803384,1787260572.6375496
6.920631408691406,hold0,drive,1.2,-0.32,0.708,4291.2,4300.0,8.88,0.093,16.6,-1.1714505276475526,0.02133049286406541,1.9530084107248342,1.2465367622903853,15.522667529413868,4.730118838118842,-0.09297098593716119,1787260572.6577368
6.94083833694458,hold0,drive,1.2,-0.32,0.708,4291.2,4295.0,8.76,0.093,16.6,-1.2182321479881026,-0.11844101346082514,2.0943186621639995,1.2749258268021066,15.535908241352201,4.728884277004818,-0.10586706383037475,1787260572.6676521
6.960391283035278,hold0,drive,1.2,-0.32,0.708,4291.2,4283.0,8.75,0.092,16.6,-1.2574836803464533,-0.039319283567258445,1.835127076324909,1.0061324816186463,15.558223286149802,4.724126948015463,-0.1370106344761227,1787260572.6976533
6.980404376983643,hold0,drive,1.2,-0.32,0.708,4291.2,4291.0,8.77,0.091,16.6,-1.2610164966904982,-0.01590528606484476,1.4587876893208716,1.0943569656155134,15.581951903702013,4.720703969079506,-0.1621562774658584,1787260572.717841
7.000388145446777,hold0,drive,1.2,-0.32,0.708,4291.2,4329.0,8.16,0.093,16.6,-1.2793590186984187,0.004672519364024019,1.2999436839154441,1.1539933983524273,15.605787214138752,4.716660228305681,-0.1874838089180764,1787260572.7376719
7.02055025100708,hold0,drive,1.2,-0.32,0.708,4291.2,4323.0,8.22,0.094,16.6,-1.2048443040302197,-0.2893681900299043,1.4682733353188269,1.1798967399269626,15.629477079756535,4.712015262774954,-0.2126882142281657,1787260572.7575533
7.040385723114014,hold0,drive,1.2,-0.32,0.708,4291.2,4314.0,8.36,0.091,16.6,-1.1413309746670834,0.27084654893690185,1.9295528888532374,1.1774566217043954,15.653025798863611,4.706786364739766,-0.23644247341595945,1787260572.7776554
7.0603721141815186,hold0,drive,1.2,-0.32,0.708,4291.2,4313.0,8.5,0.091,16.6,-1.1534978924232195,0.19878895021053644,1.7124589186263393,1.3110802040820897,15.682717410556824,4.701872466305166,-0.2575106687091499,1787260572.798668
7.080395698547363,hold0,drive,1.2,-0.32,0.708,4291.2,4293.0,8.89,0.092,16.6,-1.1825413951652421,-0.2572174926601818,1.5851126958449129,1.2871124721772973,15.705922126912784,4.69561200709103,-0.2807170343313421,1787260572.8176508
7.100401163101196,hold0,drive,1.2,-0.32,0.708,4291.2,4266.0,9.06,0.093,16.6,-1.2209291312240258,-0.3281353045541877,1.5448119296795824,1.2380351987212421,15.728848312183342,4.688843115846765,-0.3045484724326598,1787260572.83755
7.12040376663208,hold0,drive,1.2,-0.32,0.708,4291.2,4264.0,9.1,0.09,16.6,-1.2793000296802737,0.10416177418456307,1.7381761436090528,1.2112493494031964,15.751600097665968,4.681528954767985,-0.32926711317948215,1787260572.8575337
7.140943288803101,hold0,drive,1.2,-0.32,0.708,4291.2,4287.0,8.73,0.093,16.6,-1.2749401686597048,0.03435133590382544,1.6269775922641827,1.1748004228824553,15.774205072916166,4.673646363121551,-0.3547911169120539,1787260572.8780386
7.160459041595459,hold0,drive,1.2,-0.32,0.708,4291.2,4298.0,8.5,0.095,16.6,-1.2515419016383778,-0.28634898009860876,1.2353518287260385,1.1273416505774456,15.790977144476667,4.669019990516771,-0.3732757909178232,1787260572.8976877
7.180380821228027,hold0,drive,1.2,-0.32,0.708,4291.2,4312.0,8.24,0.092,16.6,-1.1999227823357532,0.23560428233908937,1.4619345147392409,1.142713186402237,15.813365306565716,4.660096835826527,-0.3980768719548388,1787260572.9184155
7.2004663944244385,hold0,drive,1.2,-0.32,0.708,4291.2,4327.0,8.08,0.091,16.6,-1.154775543956185,0.1444312760173645,1.351728235933038,1.1932185485704327,15.835511675261413,4.650636974050544,-0.421780931303868,1787260572.9377325
7.220530033111572,hold0,drive,1.2,-0.32,0.708,4291.2,4321.0,8.45,0.093,16.6,-1.1175498782390574,-0.11198038806496857,1.6742771835041026,1.1936635149148738,15.857500400083255,4.6406234027678535,-0.44470943660878987,1787260572.9577906
7.2413330078125,hold0,drive,1.2,-0.32,0.708,4291.2,4293.0,8.76,0.091,16.6,-1.1563637200722536,-0.10133355807896027,1.8613322514746926,1.2470013612317647,15.86837944822803,4.635439029763951,-0.4558979310031808,1787260572.9665778
7.260428428649902,hold0,drive,1.2,-0.32,0.708,4291.2,4279.0,8.96,0.091,16.6,-1.2065426018573633,-0.14517128687120984,1.8899064261474052,1.244647833829903,15.901914268380605,4.621003350609819,-0.4871004724865041,1787260572.9976943
7.280515909194946,hold0,drive,1.2,-0.32,0.708,4291.2,4276.0,9.05,0.091,16.6,-1.2487939188675794,0.23946786679181642,2.0343294429723073,1.193750964380695,15.923059119593512,4.609634348889072,-0.5115079420893246,1787260573.01857
7.300431966781616,hold0,drive,1.2,-0.32,0.708,4291.2,4291.0,8.61,0.096,16.6,-1.3124898079234404,0.02812990960382722,1.7537847017393915,1.210338003448359,15.943842067887914,4.597797197627805,-0.536717868583095,1787260573.0380328
7.320564031600952,hold0,drive,1.2,-0.32,0.708,4291.2,4319.0,8.01,0.094,16.6,-1.3136051397879658,-0.1699769583035362,0.9998645637951995,1.2164672951038438,15.964515289322474,4.585320548270129,-0.5630012151062919,1787260573.0576334
7.3404700756073,hold0,drive,1.2,-0.32,0.708,4291.2,4337.0,7.92,0.091,16.6,-1.1837053297196611,-0.00014611644364048715,0.7081699858282562,1.205576193310913,15.98493030578156,4.57226013901239,-0.5879994273913526,1787260573.077767
7.3604419231414795,hold0,drive,1.2,-0.32,0.708,4291.2,4333.0,8.18,0.092,16.6,-1.1179865034997758,0.12188718892458184,1.428691191987923,1.2206782789119055,16.004252174905414,4.558098222977849,-0.6114463464592438,1787260573.0975852
7.380384922027588,hold0,drive,1.2,-0.32,0.708,4291.2,4301.0,8.67,0.092,16.6,-1.1152463770541934,0.001975893025053743,1.8118580806406044,1.1774403473521076,16.023886562896113,4.544164806575427,-0.6337971411931129,1787260573.1186595
7.400691509246826,hold0,drive,1.2,-0.32,0.708,4291.2,4266.0,9.19,0.091,16.6,-1.1443976046623097,-0.23759471117742592,1.8140417234194217,1.2097870147605543,16.043065192018737,4.529890394227374,-0.6562444094062758,1787260573.137939
7.420577764511108,hold0,drive,1.2,-0.32,0.708,4291.2,4270.0,9.06,0.092,16.6,-1.232259550081768,0.22733142200952727,1.9161884921863077,1.2069086779656748,16.06194482754592,4.515168613352803,-0.679599074321441,1787260573.1576693
7.440655469894409,hold0,drive,1.2,-0.32,0.708,4291.2,4256.0,9.12,0.093,16.6,-1.288037195426551,-0.059601704094023766,1.7917600301402672,1.2460641089010562,16.071292068532163,4.507616056790201,-0.6919382799884545,1787260573.1666546
7.460422039031982,hold0,drive,1.2,-0.32,0.708,4291.2,4262.0,8.98,0.092,16.6,-1.2377620403680352,-0.2867984117309206,1.6376104620222236,1.3013708187544817,16.102972439003583,4.4829208887972,-0.7301439239689868,1787260573.1976316
7.480423450469971,hold0,drive,1.2,-0.32,0.708,4291.2,4311.0,8.12,0.092,16.6,-1.199939293934512,0.20154176463982054,1.291567839495798,1.2311547045147435,16.120886488287017,4.46669171549713,-0.7548089744541633,1787260573.2182815
7.500395059585571,hold0,drive,1.2,-0.32,0.708,4291.2,4333.0,7.93,0.092,16.6,-1.1510495152750553,0.08677173382165648,1.3288358009528594,1.2356877887576638,16.138330701469286,4.450100644798399,-0.7784575770000972,1787260573.2375963
7.520427227020264,hold0,drive,1.2,-0.32,0.708,4291.2,4312.0,8.43,0.093,16.6,-1.1314881975942597,0.15380043451101066,1.8295842080100613,1.2119502441048353,16.15541680213824,4.4330585429216365,-0.8014076218747537,1787260573.2577338
7.540394067764282,hold0,drive,1.2,-0.32,0.708,4291.2,4294.0,8.74,0.089,16.6,-1.1544013698230289,0.19978741714355053,1.9393154005241797,1.203012654266062,16.172016964699726,4.4157190685715,-0.8241304676877999,1787260573.2776742
7.5606091022491455,hold0,drive,1.2,-0.32,0.708,4291.2,4289.0,8.9,0.094,16.6,-1.2384018648199266,-0.05068368571608595,1.7757412898143627,1.1956960027441825,16.188211129627174,4.398010146289369,-0.8476350800347641,1787260573.297702
7.580413818359375,hold0,drive,1.2,-0.32,0.708,4291.2,4269.0,8.97,0.092,16.6,-1.247389234550617,-0.3776343626009613,1.2640303762026122,1.1918122221122918,16.20393091377026,4.379964225805591,-0.8724722555070342,1787260573.3176866
7.600449800491333,hold0,drive,1.2,-0.32,0.708,4291.2,4264.0,9.02,0.093,16.6,-1.2311925545910276,-0.1604809700424532,1.62993248282055,1.1869093724799966,16.21913727504441,4.361606079729572,-0.8972975986460211,1787260573.3376906
7.620546579360962,hold0,drive,1.2,-0.32,0.708,4291.2,4291.0,8.57,0.091,16.6,-1.2622660518739632,0.1905306165579823,1.4087950166166223,1.1924719441928522,16.23397091867064,4.342783822415998,-0.9220507860984615,1787260573.357544
7.64045262336731,hold0,drive,1.2,-0.32,0.708,4291.2,4310.0,8.31,0.094,16.6,-1.2379198326626224,-0.0613721953879498,1.3863979870037895,1.1921929820427366,16.24841414382251,4.323495332392124,-0.9471939395857468,1787260573.3776014
7.66038966178894,hold0,drive,1.2,-0.32,0.708,4291.2,4312.0,8.27,0.094,16.6,-1.1787154979432342,-0.04638509580903172,1.5014995549636296,1.2194656620414386,16.26281558887159,4.303204745867773,-0.9728578424543182,1787260573.3973596
7.6807050704956055,hold0,drive,1.2,-0.32,0.708,4291.2,4306.0,8.43,0.092,16.6,-1.1370195831783543,0.05082804799495566,1.716275104085156,1.1900573763368973,16.275810783586543,4.283924670924285,-0.9950140382770312,1787260573.4176288
7.700433731079102,hold0,drive,1.2,-0.32,0.708,4291.2,4300.0,8.67,0.091,16.6,-1.0877027666381034,-0.10397397805506703,1.7074466851546504,1.2173369307468234,16.288667636282078,4.261913926822657,-1.019169318404093,1787260573.4380426
7.720475196838379,hold0,drive,1.2,-0.32,0.708,4291.2,4271.0,9.09,0.091,16.6,-1.1305025616748214,-0.19576497114377034,1.7695394402672946,1.2149396972350743,16.30115235159248,4.241359673978828,-1.0412511072119723,1787260573.4577396
7.741008520126343,hold0,drive,1.2,-0.32,0.708,4291.2,4258.0,9.12,0.093,16.6,-1.2045705310701595,0.14134140613639623,1.8012822212376136,1.1999634636630314,16.31301894527757,4.220803161872111,-1.0641161246239137,1787260573.4775958
7.760378122329712,hold0,drive,1.2,-0.32,0.708,4291.2,4263.0,9.08,0.091,16.6,-1.2551598059792504,-0.057369008655548726,1.6688287477260815,1.3915992593488888,16.326109942789845,4.191125212353125,-1.0966796793241353,1787260573.4987109
7.780410289764404,hold0,drive,1.2,-0.32,0.708,4291.2,4275.0,8.91,0.095,16.6,-1.2350811692567067,-0.24951919438324666,1.7692967808073377,1.323457380852851,16.336900009050957,4.169762930137095,-1.1216088077885398,1787260573.5177174
7.800391435623169,hold0,drive,1.2,-0.32,0.708,4291.2,4299.0,8.32,0.095,16.6,-1.2587984829766257,0.044577680260308394,1.677620329196401,1.2563086275036732,16.347199244827635,4.148065313207272,-1.1464202521732576,1787260573.537723
7.82061767578125,hold0,drive,1.2,-0.32,0.708,4291.2,4327.0,7.91,0.091,16.6,-1.2107044568508847,-0.005370791146227294,0.8602534402071242,1.2301558479765982,16.357031250039757,4.125961473345653,-1.1713934681766132,1787260573.5576646
7.841501951217651,hold0,drive,1.2,-0.32,0.708,4291.2,4328.0,8.21,0.091,16.6,-1.1252721132939056,-0.05648458984145943,1.018686240154203,1.2643795008785481,16.361704074609854,4.114890777625746,-1.1834965379776738,1787260573.566604
7.861468553543091,hold0,drive,1.2,-0.32,0.708,4291.2,4301.0,8.67,0.093,16.6,-1.1133128555237686,-0.13016970629665803,1.6638220691095,1.850738971196443,16.376480485084823,4.076451279720984,-1.218074451234872,1787260573.588266
7.8803870677948,hold0,drive,1.2,-0.32,0.708,4291.2,4262.0,9.21,0.092,16.6,-1.1735381796260658,-0.20893988147035714,2.046536967972912,1.4284555678858313,16.388467017670134,4.042659676700272,-1.2518136817152639,1787260573.6176007
7.90039587020874,hold0,drive,1.2,-0.32,0.708,4291.2,4262.0,9.16,0.091,16.6,-1.2433155301891774,-0.03680569335858852,1.8559609989465855,1.3047963145872685,16.3958141529499,4.019926751950175,-1.2756380298951355,1787260573.6375656
7.920410394668579,hold0,drive,1.2,-0.32,0.708,4291.2,4266.0,9.06,0.094,16.6,-1.29018237168461,0.07422926841699473,1.9353919186535506,1.2421115807789065,16.40263270123299,3.996957753874827,-1.3010493947077235,1787260573.6576743
7.940430402755737,hold0,drive,1.2,-0.32,0.708,4291.2,4265.0,8.84,0.094,16.6,-1.2876663502447576,-0.19677621058902162,1.3334157789889503,1.2097172349771852,16.408825630065262,3.973958594642801,-1.3267657137732123,1787260573.6777294
7.9604222774505615,hold0,drive,1.2,-0.32,0.708,4291.2,4316.0,8.05,0.094,16.6,-1.222786952400465,0.17573931648532692,1.2624035345581177,0.9255907654128112,16.409753589582067,3.962629872122345,-1.347573370729642,1787260573.6987996
7.9805748462677,hold0,drive,1.2,-0.32,0.708,4291.2,4352.0,7.69,0.092,16.6,-1.1494608065267684,0.31267460789598545,1.5397698754067903,1.0988291447768996,16.414991225781637,3.9389911340595916,-1.3712611534992452,1787260573.717982
8.00039005279541,hold0,drive,1.2,-0.32,0.708,4291.2,4330.0,8.21,0.092,16.6,-1.1118190218893158,-0.259731064596302,1.7558797591972848,1.1628049783985188,16.419655260224033,3.9152749027678952,-1.394057356068737,1787260573.737584
8.02054238319397,hold0,drive,1.2,-0.32,0.708,4291.2,4280.0,9.03,0.091,16.6,-1.091020000091906,-0.14959497978975467,2.0554457861220783,1.1738715447655093,16.423741591648138,3.8916010251691917,-1.4162474094133952,1787260573.7577107
8.040650606155396,hold0,drive,1.2,-0.32,0.708,4291.2,4272.0,9.2,0.092,16.6,-1.1931833868811987,0.1049482886773836,1.6808760590109557,1.2261354847917265,16.4255918387833,3.879724576097364,-1.4271623007443028,1787260573.7666268
8.060409784317017,hold0,drive,1.2,-0.32,0.708,4291.2,4270.0,8.94,0.092,16.6,-1.3043144360091152,-0.09918426769357058,1.496685542111038,1.1676639738908612,16.428093234664605,3.8458490745076137,-1.4657948839316897,1787260573.7977948
8.080443859100342,hold0,drive,1.2,-0.32,0.708,4291.2,4253.0,9.12,0.092,16.6,-1.2962130999730943,-0.4552247614672922,1.2686040684816078,1.1772226983988205,16.430426987279876,3.8221575815566022,-1.4917864017247273,1787260573.8177044
8.100447654724121,hold0,drive,1.2,-0.32,0.708,4291.2,4267.0,8.91,0.09,16.6,-1.2165863144344335,-0.29952385388009617,1.3830188809336903,1.184653639217791,16.432156607052782,3.7983222262464436,-1.5173383897509036,1787260573.837597
8.120450496673584,hold0,drive,1.2,-0.32,0.708,4291.2,4300.0,8.41,0.093,16.6,-1.1951334865894094,0.32002134231677815,1.298659050581648,1.1819064330613291,16.4333040406447,3.774276472135876,-1.541618412992306,1787260573.85787
8.140674114227295,hold0,drive,1.2,-0.32,0.708,4291.2,4302.0,8.47,0.094,16.6,-1.1771174681311323,-0.08953418702090499,1.3950132749146462,1.189824942270041,16.433866740523488,3.750325903886498,-1.5653531830050589,1787260573.8777444
8.160610675811768,hold0,drive,1.2,-0.32,0.708,4291.2,4284.0,8.71,0.092,16.6,-1.1510162257614291,-0.1499465071007977,1.663681151206248,1.0760104302236937,16.431319815600833,3.7436691223196004,-1.5838726576359925,1787260573.8977683
8.180796384811401,hold0,drive,1.2,-0.32,0.708,4291.2,4276.0,8.95,0.09,16.6,-1.153560609866891,0.03075585086836896,1.918344945411178,1.135410986825415,16.430864874439273,3.719378175791871,-1.6073129441794,1787260573.9180317
8.20038652420044,hold0,drive,1.2,-0.32,0.708,4291.2,4263.0,9.25,0.092,16.6,-1.1732805187906006,-0.22135721188656632,1.8373218288139412,1.1608640329721838,16.42987934545442,3.696004104527572,-1.6300508882506537,1787260573.937651
8.22054123878479,hold0,drive,1.2,-0.32,0.708,4291.2,4248.0,9.21,0.092,16.6,-1.2303673741272665,-0.1030044731133204,1.744891086351572,1.1686677430695598,16.428324298448143,3.6722116656297312,-1.6538727785446878,1787260573.9577732
8.240644693374634,hold0,drive,1.2,-0.32,0.708,4291.2,4267.0,8.92,0.091,16.6,-1.2919337995755005,-0.00451365324883346,1.4916350093751873,1.2196242926220124,16.42733918305242,3.66038102037508,-1.666142485165113,1787260573.9666424
8.260558366775513,hold0,drive,1.2,-0.32,0.708,4291.2,4290.0,8.65,0.094,16.6,-1.2574867429817072,-0.05415229987086878,1.3619069231958463,1.0587641414252005,16.424756543241816,3.6324097482471656,-1.6998328369430507,1787260573.9976096
8.280390977859497,hold0,drive,1.2,-0.32,0.708,4291.2,4297.0,8.53,0.094,16.6,-1.2046127421734374,-0.028657981721891268,1.8342768911326743,1.126194561804204,16.421534389032793,3.608673630937263,-1.7246951973489055,1787260574.0175734
8.300434827804565,hold0,drive,1.2,-0.32,0.708,4291.2,4308.0,8.28,0.092,16.6,-1.198035666387323,0.031317660965377137,1.5209017867715602,1.1595762136822192,16.41771548176744,3.5849332058471837,-1.7487609288529289,1787260574.037598
8.320411682128906,hold0,drive,1.2,-0.32,0.708,4291.2,4307.0,8.49,0.091,16.6,-1.1448131909504167,-0.1757923799696428,1.2306483282540057,1.1779572459697984,16.413310522574033,3.5612173731059813,-1.7725262250786418,1787260574.057628
8.340398073196411,hold0,drive,1.2,-0.32,0.708,4291.2,4284.0,9.0,0.09,16.6,-1.1077192851282207,-0.32380949768436196,1.3685721646031936,1.1786044244055107,16.408394427115745,3.537858553072617,-1.7951526480346855,1787260574.077713
8.360434293746948,hold0,drive,1.2,-0.32,0.708,4291.2,4248.0,9.42,0.091,16.6,-1.1792470648968143,-0.2942975026710748,2.0456385432494812,1.196892656680618,16.402568401194607,3.5147413766160436,-1.8191982458455316,1787260574.0975473
8.380448579788208,hold0,drive,1.2,-0.32,0.708,4291.2,4248.0,9.27,0.091,16.6,-1.2802340002745645,0.06966427387165419,1.8061131910163226,1.1871436008596088,16.396580418062584,3.4917275855006316,-1.8432771279452158,1787260574.1175697
8.40040111541748,hold0,drive,1.2,-0.32,0.708,4291.2,4254.0,9.25,0.091,16.6,-1.2996765409707423,-0.14399151970011648,1.8997569384176813,1.1815547152866583,16.390021166347914,3.468832923195352,-1.8689875212973237,1787260574.1376488
8.420430898666382,hold0,drive,1.2,-0.32,0.708,4291.2,4252.0,9.15,0.095,16.6,-1.251804622479914,-0.34166174219181755,1.5258453154563938,1.180048708350154,16.382861918079126,3.446079574388247,-1.8948044803332154,1787260574.1577342
8.440386056900024,hold0,drive,1.2,-0.32,0.708,4291.2,4298.0,8.32,0.094,16.6,-1.1853052237445263,-0.11603974461513378,1.4397336592199395,1.1789721684152141,16.37511166183571,3.4234392504917306,-1.919441921987638,1787260574.177917
8.460485458374023,hold0,drive,1.2,-0.32,0.708,4291.2,4328.0,7.98,0.093,16.6,-1.1170449428963785,0.28378230813307326,1.3901469294797266,1.079528956661105,16.36863755986527,3.4061394963085467,-1.9400108336409407,1787260574.1977308
8.480614185333252,hold0,drive,1.2,-0.32,0.708,4291.2,4335.0,8.13,0.091,16.6,-1.0973071907933651,0.1550780877308231,1.6681139255819915,1.1439293391780878,16.359810121216334,3.383664291384784,-1.9622368512489796,1787260574.2176213
8.500397205352783,hold0,drive,1.2,-0.32,0.708,4291.2,4289.0,8.91,0.092,16.6,-1.1011011966613193,-0.23387241007894488,1.679676210307747,1.1612343066825976,16.350515845587562,3.3614932552238312,-1.984248607712824,1787260574.2378786
8.520573139190674,hold0,drive,1.2,-0.32,0.708,4291.2,4262.0,9.37,0.091,16.6,-1.1886425640645593,-0.17911973817900417,2.1175367870699517,1.1676123635620173,16.34082202133875,3.3397411910914108,-2.006656236000987,1787260574.25804
8.540396928787231,hold0,drive,1.2,-0.32,0.708,4291.2,4265.0,9.18,0.094,16.6,-1.2916910524421397,0.11971065416759608,1.9683670003753377,1.1781207980122481,16.330598423966975,3.3181351758292017,-2.0310059582820146,1787260574.2778282
8.560448408126831,hold0,drive,1.2,-0.32,0.708,4291.2,4253.0,9.13,0.092,16.6,-1.3540721388678287,-0.38302757873380244,1.5166657712109384,1.2088972454217366,16.320410763755184,3.2957758855273025,-2.054844537049593,1787260574.2975702
8.580435752868652,hold0,drive,1.2,-0.32,0.708,4291.2,4289.0,8.62,0.094,16.6,-1.2900410909887812,-0.12630778464595327,1.0143619316334522,1.1968327311691422,16.309114023063955,3.2746314033974304,-2.0816120310379684,1787260574.317643
8.600447654724121,hold0,drive,1.2,-0.32,0.708,4291.2,4322.0,8.0,0.093,16.6,-1.1840680522601301,0.09601407168414067,1.400608475811822,1.198047612614839,16.29720737098118,3.2536812773918413,-2.1068610642690486,1787260574.337585
8.620511293411255,hold0,drive,1.2,-0.32,0.708,4291.2,4319.0,8.37,0.092,16.6,-1.1289705782577533,0.08340097830676818,1.3424333553539043,1.1942160296294104,16.284775123419774,3.2330190904682983,-2.1302617837911866,1787260574.357688
8.642730951309204,hold0,drive,1.2,-0.32,0.708,4291.2,4285.0,8.93,0.092,16.6,-1.1088612486036467,-0.2434373589425789,1.649841960608029,1.2384172290349913,16.278360904890256,3.2227760914687775,-2.1416168574840326,1787260574.3666966
8.660409450531006,hold0,drive,1.2,-0.32,0.708,4291.2,4260.0,9.31,0.09,16.6,-1.1511613680408386,0.06903182438159172,1.8022759555802566,1.4304145870294833,16.253301376084583,3.1846276794638424,-2.1798938823117813,1787260574.398944
8.68040132522583,hold0,drive,1.2,-0.32,0.708,4291.2,4262.0,9.22,0.093,16.6,-1.2170518349929795,-0.07873331030468833,1.7269021266272944,1.3513599896606783,16.23951515445367,3.165126990566426,-2.2035775987772914,1787260574.4176939
8.700403451919556,hold0,drive,1.2,-0.32,0.708,4291.2,4252.0,9.21,0.092,16.6,-1.21790804128344,-0.12734625019025092,1.5148807623762792,1.2676304411019066,16.225308727577936,3.1460179798588532,-2.227911627683193,1787260574.4375787
8.720548391342163,hold0,drive,1.2,-0.32,0.708,4291.2,4257.0,9.13,0.093,16.6,-1.231995630817741,-0.04986821836827282,1.7641526926170457,1.2169784599694635,16.21062923633065,3.1272387419454337,-2.2523425386237705,1787260574.457823
8.740411520004272,hold0,drive,1.2,-0.32,0.708,4291.2,4285.0,8.66,0.092,16.6,-1.2274806406636753,-0.08686654094575186,1.4936204315349073,1.2113255344325955,16.194888282050545,3.1080807779539485,-2.2778272238627117,1787260574.4782922
8.760412693023682,hold0,drive,1.2,-0.32,0.708,4291.2,4308.0,8.43,0.093,16.6,-1.178428542335778,-0.03843488302571885,1.5825562930523063,1.3294766923564967,16.17693929950049,3.085637354499334,-2.3022840859401232,1787260574.4976454
8.780413627624512,hold0,drive,1.2,-0.32,0.708,4291.2,4298.0,8.54,0.092,16.6,-1.1500175403526496,0.12575080078613343,1.7951148702643707,1.260035242612587,16.160802074010494,3.0678691781814025,-2.3256808320389597,1787260574.5176055
8.80039381980896,hold0,drive,1.2,-0.32,0.708,4291.2,4304.0,8.62,0.089,16.6,-1.1771759245170594,0.06648929502234147,1.6016100307924432,1.2280153934348095,16.144214120969195,3.0504353423526944,-2.348821799773325,1787260574.5375412
8.820507049560547,hold0,drive,1.2,-0.32,0.708,4291.2,4287.0,8.94,0.092,16.6,-1.1670137012714807,-0.333515729902242,1.2977910313809105,1.1984076919939777,16.127249530350415,3.0334244319661563,-2.372349506944814,1787260574.5579212
8.841197967529297,hold0,drive,1.2,-0.32,0.708,4291.2,4259.0,9.35,0.093,16.6,-1.1730036831952868,-0.2423699496795635,1.630926509523988,1.2458085703556288,16.11736982330173,3.0238588905632313,-2.3857122426984567,1787260574.5680594
8.860410690307617,hold0,drive,1.2,-0.32,0.708,4291.2,4259.0,9.13,0.091,16.6,-1.2013819282970077,-0.14345695625877308,1.8066736466605846,1.2636675555811425,16.089791666531436,2.9977356840008467,-2.418005665862422,1787260574.5982523
8.88040566444397,hold0,drive,1.2,-0.32,0.708,4291.2,4259.0,9.18,0.091,16.6,-1.2588943567758684,0.027062504908949236,1.8541305280082838,1.2397830345825986,16.071812356075842,2.9820517072437625,-2.4423220657140936,1787260574.6177714
8.90039587020874,hold0,drive,1.2,-0.32,0.708,4291.2,4275.0,9.02,0.095,16.6,-1.2609688261069856,-0.08654222146120549,1.691582311328574,1.2154754706004223,16.053403763733062,2.966767799360446,-2.4675217969618943,1787260574.6376894
8.9205162525177,hold0,drive,1.2,-0.32,0.708,4291.2,4300.0,8.29,0.093,16.6,-1.2198870362894778,-0.23213085336746175,1.545954768027741,1.1971463699063023,16.034569617956013,2.951907550743714,-2.4925018234988103,1787260574.6578891
8.940438985824585,hold0,drive,1.2,-0.32,0.708,4291.2,4322.0,8.14,0.091,16.6,-1.127941665970601,0.1594456108316038,0.9277591823513802,1.12560608599696,16.015309455285355,2.937410634508034,-2.516498550841262,1787260574.678383
8.960431098937988,hold0,drive,1.2,-0.32,0.708,4291.2,4320.0,8.41,0.091,16.6,-1.0621902826063896,0.19846634834566146,1.6346468006420025,1.2738926280215557,15.993087407711952,2.921003042515427,-2.5376678976035683,1787260574.6975632
8.980399370193481,hold0,drive,1.2,-0.32,0.708,4291.2,4278.0,9.18,0.09,16.6,-1.1239216243051264,0.03409939170455445,1.715734821335758,1.2192058608199774,15.973279854210881,2.9075000577769874,-2.5592245145355994,1787260574.7179523
9.000415086746216,hold0,drive,1.2,-0.32,0.708,4291.2,4250.0,9.52,0.091,16.6,-1.196907151875402,-0.23696226168736345,1.7172884266010726,1.2090680748078555,15.95330206908043,2.894517256855827,-2.582060384659381,1787260574.737662
9.020455121994019,hold0,drive,1.2,-0.32,0.708,4291.2,4254.0,9.31,0.091,16.6,-1.2486390560501912,0.19178100713364898,1.9684164093497145,1.1940324442925203,15.933015158486736,2.881989434269186,-2.606268532714375,1787260574.7577083
9.040620565414429,hold0,drive,1.2,-0.32,0.708,4291.2,4249.0,9.34,0.094,16.6,-1.29209904872114,-0.21857547201111416,1.8453436243106864,1.2409753637276182,15.922687730194577,2.875864325927192,-2.618798445741712,1787260574.7665992
9.060478210449219,hold0,drive,1.2,-0.32,0.708,4291.2,4270.0,8.84,0.093,16.6,-1.2739822296156034,-0.3109716793545587,1.2016679182564616,1.2136520300516451,15.891350300160747,2.85723966695627,-2.6536426041127266,1787260574.797583
9.080390214920044,hold0,drive,1.2,-0.32,0.708,4291.2,4318.0,8.15,0.09,16.6,-1.1938857956187072,0.05540583332508309,0.8908457083584125,1.2037436442006244,15.870022833119418,2.846082660112251,-2.67869954054626,1787260574.817589
9.100578308105469,hold0,drive,1.2,-0.32,0.708,4291.2,4326.0,8.21,0.091,16.6,-1.1277101041138187,0.14042805273986403,1.457289047885041,1.1977050269775913,15.848359655109286,2.8354218492300807,-2.702247742836214,1787260574.8376963
9.120493650436401,hold0,drive,1.2,-0.32,0.708,4291.2,4292.0,8.95,0.091,16.6,-1.138659557777625,-0.0630992893763489,1.7776860738235598,1.1752003058615195,15.826544859584738,2.825320332474993,-2.7248861689803348,1787260574.8584328
9.140587329864502,hold0,drive,1.2,-0.32,0.708,4291.2,4253.0,9.43,0.09,16.6,-1.159733417799531,-0.16933007349921425,1.8983413274476675,1.2597931377547662,15.81512332917031,2.8202648432853716,-2.736728091174213,1787260574.8670044
9.160380601882935,hold0,drive,1.2,-0.32,0.708,4291.2,4264.0,9.29,0.092,16.6,-1.2261870101641692,0.11382459082436647,1.9176213524432342,1.5716746573112663,15.767164958196945,2.798871810557766,-2.776942113924641,1787260574.897714
9.180419206619263,hold0,drive,1.2,-0.32,0.708,4291.2,4259.0,9.18,0.093,16.6,-1.26508287735894,-0.30667309858377934,1.607609274308487,1.3767010994532738,15.744776928233655,2.7904958619732723,-2.8016862770449764,1787260574.9176836
9.200450420379639,hold0,drive,1.2,-0.32,0.708,4291.2,4256.0,9.13,0.091,16.6,-1.2593261883466247,-0.27341157637296476,1.5872893219646471,1.27763320537836,15.722245899704342,2.7826990544443415,-2.8269509498846377,1787260574.9376793
9.220498085021973,hold0,drive,1.2,-0.32,0.708,4291.2,4296.0,8.57,0.092,16.6,-1.2440922411210988,0.4325586502876426,1.4801227183453989,1.2099171437751042,15.699343481500582,2.775401605568813,-2.8520853833714583,1787260574.9585826
9.240813255310059,hold0,drive,1.2,-0.32,0.708,4291.2,4322.0,8.22,0.094,16.6,-1.2136175556092679,-0.010849143656237459,1.2922955255148736,1.2369274116182534,15.676204084299869,2.7686550729880586,-2.876783642860536,1787260574.977604
9.260428428649902,tr1,drive,1.6,-0.32,0.708,5721.6,4308.0,8.62,0.091,16.6,-1.1494548144143157,-0.09990011310044355,1.5481138524997675,1.3669493089913929,15.64613759051795,2.7597198599637607,-2.9012731585603,1787260574.9977925
9.28038501739502,tr1,drive,1.6,-0.32,0.708,5721.6,4282.0,9.45,0.098,16.6,-1.1638741006623863,0.009322618309571595,1.8437786169743617,1.2778398759853076,15.622793148231569,2.7541490100234127,-2.924343183051853,1787260575.0177684
9.300442457199097,tr1,drive,1.6,-0.32,0.708,5721.6,4382.0,17.84,0.11,16.6,-1.2553969604743218,-0.8020211632137588,1.5821168747772276,1.240254323773452,15.59892339025312,2.749004070595607,-2.948127591673206,1787260575.0376713
9.320522546768188,tr1,drive,1.6,-0.32,0.708,5721.6,4540.0,22.39,0.12,16.6,-1.2251284036308627,-2.0484564627733306,1.2977933702672715,1.2404983879685658,15.57427048808256,2.7442779385834997,-2.973055974625856,1787260575.0578039
9.340387105941772,tr1,drive,1.6,-0.32,0.708,5721.6,4675.0,25.36,0.115,16.6,-1.1746007809010075,-2.893790366154036,1.5931662124879296,1.253184083461376,15.548832139621682,2.7400287504595506,-2.9973003263429328,1787260575.0781057
9.360413312911987,tr1,drive,1.6,-0.32,0.708,5721.6,4717.0,21.33,0.117,16.6,-1.1486478766040216,-2.2866771549582268,1.755737379490057,1.286509270450012,15.523518931240819,2.7386803679491187,-3.023420837482662,1787260575.0976715
9.38040542602539,tr1,drive,1.6,-0.32,0.708,5721.6,4781.0,20.32,0.117,16.6,-1.1834905457777463,-1.645755049052923,2.3303137577959774,1.3000625186117638,15.497299743889231,2.7356577913049898,-3.0465615126409133,1787260575.117678
9.400415420532227,tr1,drive,1.6,-0.32,0.708,5721.6,4890.0,19.05,0.114,16.6,-1.273321099874991,-1.1533971044551237,2.43325837917277,1.3233880502169186,15.470459776356428,2.7331837386027837,-3.070667239589421,1787260575.137617
9.42064905166626,tr1,drive,1.6,-0.32,0.708,5721.6,4960.0,18.46,0.114,16.6,-1.3281072503459377,-1.513272339461878,2.1670755696397634,1.3429910010711326,15.44312858855387,2.7313392143106165,-3.0964178608568624,1787260575.157647
9.440519094467163,tr1,drive,1.6,-0.32,0.708,5721.6,5017.0,18.29,0.116,16.6,-1.3847786525525514,-1.197207661965976,2.191002669473903,1.3654374636869329,15.415428509342401,2.730194378357791,-3.1232560153663464,1787260575.1775439
9.460602045059204,tr1,drive,1.6,-0.32,0.708,5721.6,5081.0,17.57,0.117,16.6,-1.4445190815993723,-1.3175828339483502,2.29254980624998,1.6029087191568623,15.377258825391312,2.728584498377932,3.1289052712982284,1787260575.1975133
9.480382919311523,tr1,drive,1.6,-0.32,0.708,5721.6,5152.0,16.87,0.119,16.6,-1.4700225774624074,-1.195788688846818,2.3195607277511385,1.5027738606728716,15.348769635846168,2.729084690043762,3.0998732159127655,1787260575.2176714
9.500407457351685,tr1,drive,1.6,-0.32,0.708,5721.6,5217.0,16.14,0.118,16.6,-1.4319602796888313,-1.0197908523283985,2.5145685940708233,1.473108716700015,15.319998042471973,2.730424179741334,3.0707217125275705,1787260575.237507
9.520703077316284,tr1,drive,1.6,-0.32,0.708,5721.6,5290.0,15.34,0.121,16.6,-1.4593559515063674,-0.9203177961231646,2.541554080182806,1.4627007648943422,15.290794132586292,2.7326277289319703,3.0419239913904255,1787260575.2575686
9.54041337966919,tr1,drive,1.6,-0.32,0.708,5721.6,5359.0,14.58,0.119,16.6,-1.4921646313975439,-0.7815991769524189,2.1498239438408007,1.4614732589260955,15.261420710876868,2.735696254412726,3.012697414101273,1787260575.277676
9.560439109802246,tr1,drive,1.6,-0.32,0.708,5721.6,5406.0,14.28,0.116,16.6,-1.505658735482921,-0.7897034912835892,2.3550354942712772,1.8016301683812808,15.217229421290686,2.7412774951294043,2.975581220929435,1787260575.2986877
9.580678224563599,tr1,drive,1.6,-0.32,0.708,5721.6,5437.0,14.22,0.119,16.6,-1.4932815611587231,-0.5682950066225771,2.4930891388135024,1.675350399832062,15.187563108686962,2.746415376498814,2.945662652014538,1787260575.3180795
9.600383996963501,tr1,drive,1.6,-0.32,0.708,5721.6,5500.0,13.4,0.121,16.6,-1.5363886849852362,-0.27473096409628184,2.9691080618343335,1.6141061475603942,15.157685821323632,2.752509117476839,2.9156096967844793,1787260575.3375714
9.620558500289917,tr1,drive,1.6,-0.32,0.708,5721.6,5577.0,12.4,0.12,16.6,-1.5262320543779464,-0.578015710699816,2.7826540876585284,1.5474290955915595,15.12731635373289,2.759660341081125,2.8846559112134726,1787260575.3585181
9.640428304672241,tr1,drive,1.6,-0.32,0.708,5721.6,5615.0,12.04,0.119,16.6,-1.4968042574906255,-0.28192362437804164,2.622179001377077,1.520694318516366,15.097466268429718,2.7676702055150377,2.8545409162992703,1787260575.3793309
9.660394191741943,tr1,drive,1.6,-0.32,0.708,5721.6,5654.0,11.74,0.118,16.6,-1.566493324263601,-0.13389204394023846,2.6316511987784565,1.7944228070945782,15.060297735651078,2.781446867358758,2.816580596207502,1787260575.3986485
9.680391550064087,tr1,drive,1.6,-0.32,0.708,5721.6,5669.0,11.79,0.119,16.6,-1.5581539016261268,-0.21590614486138904,3.0508457082148652,1.7191594874726455,15.030477680931922,2.7917060110945138,2.785275578605641,1787260575.417778
9.700504779815674,tr1,drive,1.6,-0.32,0.708,5721.6,5693.0,11.46,0.12,16.6,-1.5412497529229578,-0.28101025270895974,2.6165004776532896,1.6505514318068975,15.000887330096091,2.8029348012877575,2.75422387164247,1787260575.4376242
9.720569372177124,tr1,drive,1.6,-0.32,0.708,5721.6,5738.0,10.88,0.122,16.6,-1.5911255669760165,-0.29969243642358734,2.475105149222742,1.5782712270439714,14.971407699543027,2.815173572361854,2.7231484513269635,1787260575.4587016
9.740390300750732,tr1,drive,1.6,-0.32,0.708,5721.6,5772.0,10.35,0.12,16.6,-1.619669194381431,-0.23557230537712215,2.633598906395605,1.626031498128336,14.942145608818679,2.828411070010647,2.6911809245784073,1787260575.4778707
9.760382413864136,tr1,drive,1.6,-0.32,0.708,5721.6,5775.0,10.51,0.119,16.6,-1.606559517599407,-0.3656810087666216,2.762753380694903,1.613828986556203,14.913233803874968,2.8426363824246543,2.658885292488917,1787260575.4978678
9.780413389205933,tr1,drive,1.6,-0.32,0.708,5721.6,5783.0,10.66,0.121,16.6,-1.5537694063654748,-0.08329663291173173,2.905698806061224,1.7741274692023423,14.877994242270466,2.8612115402681795,2.624209281742069,1787260575.5178688
9.80117130279541,tr1,drive,1.6,-0.32,0.708,5721.6,5808.0,10.01,0.118,16.6,-1.533554815269283,-0.13987599333218714,2.5462552417684776,1.6993387051524382,14.85000574965336,2.87739723830951,2.593291679143623,1787260575.53755
9.820607423782349,tr1,drive,1.6,-0.32,0.708,5721.6,5814.0,10.09,0.121,16.6,-1.5034967813099946,-0.18923374061589016,2.6896225437621695,1.6349526304821373,14.82232869242358,2.8945681888923995,2.5628063972111,1787260575.5581164
9.84042501449585,tr1,drive,1.6,-0.32,0.708,5721.6,5831.0,9.8,0.122,16.6,-1.5557390803076976,-0.02254897499982622,3.110920296758735,1.6340133998157187,14.795282751363914,2.9125062915507773,2.532297135593162,1787260575.5778885
9.860406398773193,tr1,drive,1.6,-0.32,0.708,5721.6,5845.0,9.58,0.119,16.6,-1.5726653332479141,0.027272689479959755,3.143792467480637,1.8022926196071727,14.76275017090339,2.9385899270691334,2.4940415286764783,1787260575.5991595
9.880395650863647,tr1,drive,1.6,-0.32,0.708,5721.6,5842.0,9.73,0.121,16.6,-1.5248312316445651,-0.07449097244187186,2.92318432049629,1.7873273217335863,14.736965412338746,2.958399791054914,2.4629453391970646,1787260575.617549
9.900490045547485,tr1,drive,1.6,-0.32,0.708,5721.6,5861.0,9.36,0.121,16.6,-1.5647392332116203,0.006751099550229345,2.5122954888886966,1.698800550747107,14.71158790352593,2.9791689944966953,2.4321907571739345,1787260575.6377168
9.920647859573364,tr1,drive,1.6,-0.32,0.708,5721.6,5868.0,9.27,0.122,16.6,-1.5881916955611306,-0.06922457694019268,2.3219460994785948,1.6657547696280046,14.686908877077348,3.000675692593189,2.400817442201159,1787260575.6576085
9.940650939941406,tr1,drive,1.6,-0.32,0.708,5721.6,5847.0,9.58,0.12,16.6,-1.5822947911174228,-0.1688951502713607,2.637202253195568,1.7124716873793568,14.674810466769719,3.011739834856994,2.384876656923843,1787260575.6666093
9.960405111312866,tr1,drive,1.6,-0.32,0.708,5721.6,5858.0,9.51,0.12,16.6,-1.555700331313837,0.33058470329577716,3.241437757084924,1.878094242443853,14.63659943079623,3.051986327353012,2.333299801085608,1787260575.697812
9.980409860610962,tr1,drive,1.6,-0.32,0.708,5721.6,5874.0,9.03,0.122,16.6,-1.558792261339419,0.24061863542654294,2.980422716966615,1.761197558680058,14.614174066792874,3.0758225379262734,2.3022683631051732,1787260575.7175107
10.000404357910156,tr1,drive,1.6,-0.32,0.708,5721.6,5891.0,8.75,0.12,16.6,-1.5242491977883281,0.1961484754167806,2.9764194205989156,1.6921417177631048,14.592366837007892,3.100487892000976,2.271253111508157,1787260575.7376077
10.021477460861206,tr1,drive,1.6,-0.32,0.708,5721.6,5862.0,9.35,0.119,16.6,-1.5157268159839654,0.14683245350030738,2.627522187268852,1.6530982940747818,14.571427851681635,3.1257161183495703,2.2408180293237874,1787260575.7577412
10.04051661491394,tr1,drive,1.6,-0.32,0.708,5721.6,5862.0,9.26,0.118,16.6,-1.5609046807160698,0.2957211535629547,3.0815652264022333,1.679156654699033,14.54943702391398,3.1538473408453527,2.2078316309899098,1787260575.77831
10.060437679290771,tr1,drive,1.6,-0.32,0.708,5721.6,5848.0,9.43,0.121,16.6,-1.5356937330987799,0.117561327237107,2.840756410278459,2.0236736705917333,14.519519172952645,3.1944853085387095,2.167841087641214,1787260575.7982454
10.080477714538574,tr1,drive,1.6,-0.32,0.708,5721.6,5872.0,8.93,0.12,16.6,-1.5427483136683453,0.15747926521376598,2.464905558163082,1.8481102221871621,14.501320853687721,3.221709334699859,2.1371957953339185,1787260575.8176236
10.100411653518677,tr1,drive,1.6,-0.32,0.708,5721.6,5886.0,8.63,0.121,16.6,-1.5686283805095176,0.12741994338317308,2.375788725313498,1.7353990498516996,14.483825627863741,3.2496950632426307,2.106125657154899,1787260575.8377435
10.120712280273438,tr1,drive,1.6,-0.32,0.708,5721.6,5869.0,8.86,0.118,16.6,-1.567295734700042,-0.022942209405549363,2.449807169620243,1.6858837915135516,14.467105218930318,3.278413576095752,2.0743867719963007,1787260575.857911
10.14049768447876,tr1,drive,1.6,-0.32,0.708,5721.6,5851.0,9.29,0.119,16.6,-1.5445783048113932,0.04810415901183962,3.136091976497738,1.697585284060422,14.450993967709168,3.3081853985574385,2.042115848629511,1787260575.8774328
10.160389184951782,tr1,drive,1.6,-0.32,0.708,5721.6,5857.0,9.09,0.119,16.6,-1.5387261414739988,0.3895346164058857,2.699004109317059,1.6775319782122167,14.436446286187895,3.3371546865341464,2.0116317101009327,1787260575.8973114
10.180401802062988,tr1,drive,1.6,-0.32,0.708,5721.6,5848.0,9.1,0.119,16.6,-1.512613580669663,0.2146748856452536,2.661230217504027,1.6027906736664055,14.42614134746391,3.3640824925916823,1.9819517808829958,1787260575.9176018
10.20041799545288,tr1,drive,1.6,-0.32,0.708,5721.6,5860.0,8.87,0.12,16.6,-1.5378258598674976,0.45123900674730066,2.9144246063526396,1.6193188195460626,14.413241273191545,3.3942921969674664,1.9515026401017732,1787260575.937532
10.220728874206543,tr1,drive,1.6,-0.32,0.708,5721.6,5877.0,8.49,0.119,16.6,-1.564647487312067,0.5136465613460999,2.730238767225444,1.6171342048298425,14.401269938797427,3.4248669979748363,1.9206232112029185,1787260575.9577084
10.240561485290527,tr1,drive,1.6,-0.32,0.708,5721.6,5851.0,8.98,0.117,16.6,-1.5160736927159484,0.3328735959608409,2.4335460621951768,1.6657390561369259,14.394484512201666,3.4434657518029383,1.9017336962323697,1787260575.968836
10.260493516921997,tr1,drive,1.6,-0.32,0.708,5721.6,5836.0,9.29,0.119,16.6,-1.5026807887519942,0.05806065663848736,2.418373414010375,1.258779617263248,14.38718810289609,3.4737015637761983,1.8652603633179072,1787260575.9993408
10.280420541763306,tr1,drive,1.6,-0.32,0.708,5721.6,5844.0,9.01,0.119,16.6,-1.5516974670373935,0.24293475419065302,2.390283973535986,1.523809597109344,14.377940920838558,3.5050224761866637,1.8349599199877706,1787260576.0175695
10.300406694412231,tr1,drive,1.6,-0.32,0.708,5721.6,5832.0,9.15,0.118,16.6,-1.569219069639297,0.047218059123178335,2.775140415223717,1.5489931328909974,14.36966789248713,3.5365278414309533,1.8038709390044345,1787260576.0376794
10.320838451385498,tr1,drive,1.6,-0.32,0.708,5721.6,5830.0,9.16,0.117,16.6,-1.5452402335003326,0.3226199546991815,3.33870619362429,1.5863898660582922,14.362376619038601,3.5683569438688085,1.772563674429414,1787260576.0576534
10.340973615646362,tr1,drive,1.6,-0.32,0.708,5721.6,5847.0,8.91,0.12,16.6,-1.5393084416463447,0.18471514007422662,2.7748141405763533,1.6003541618703918,14.35607520965049,3.600395790359886,1.7417173024099808,1787260576.0777304
10.360448598861694,tr1,drive,1.6,-0.32,0.708,5721.6,5839.0,8.82,0.117,16.6,-1.5142711321321283,0.10070585945181865,2.4006028478000587,1.4706014739532076,14.348491737707388,3.6275964664744627,1.7149050363662426,1787260576.0986872
10.381276369094849,tr1,drive,1.6,-0.32,0.708,5721.6,5810.0,9.48,0.115,16.6,-1.4891268967001452,0.16863171492239992,2.527535964777968,1.5902262834705876,14.344081247940538,3.6597279484239915,1.6848227207657043,1787260576.1176746
10.400415897369385,tr1,drive,1.6,-0.32,0.708,5721.6,5812.0,9.38,0.119,16.6,-1.538280461465574,0.31674839976041014,2.6833230457095283,1.6025889803958022,14.340622974794952,3.692084019211368,1.6547734119690165,1787260576.137672
10.420528411865234,tr1,drive,1.6,-0.32,0.708,5721.6,5799.0,9.42,0.116,16.6,-1.5279283548342726,-0.3295960121768502,2.904843358374677,1.561556032498255,14.338158099788297,3.7244163870077736,1.6240894483642918,1787260576.158925
10.440726041793823,tr1,drive,1.6,-0.32,0.708,5721.6,5810.0,9.34,0.12,16.6,-1.4913638188577574,0.0015119529882836602,2.545722852760548,1.6256392086821418,14.336666175298753,3.75690762578072,1.5937082247995071,1787260576.1777117
10.461402416229248,hold1,drive,1.6,-0.32,0.708,5721.6,5836.0,8.58,0.116,16.6,-1.5339585504905389,0.14294162467598426,2.230156504239943,1.3678797294389466,14.335039530012805,3.783709200107477,1.5658416912247728,1787260576.200916
10.480412244796753,hold1,drive,1.6,-0.32,0.708,5721.6,5803.0,9.42,0.115,16.6,-1.5233033761271864,-0.19347611502380602,2.293273983939514,1.5881752870044679,14.335378231137259,3.8127296951294896,1.5385095785911305,1787260576.2175455
10.50040888786316,hold1,drive,1.6,-0.32,0.708,5721.6,5792.0,9.72,0.119,16.6,-1.4977902928842273,0.2606908485416106,2.6729723041187867,1.5725988782870377,14.336678286021584,3.845212395662912,1.5080726174394299,1787260576.2382538
10.520491361618042,hold1,drive,1.6,-0.32,0.708,5721.6,5787.0,9.41,0.118,16.6,-1.508966248398745,0.024463741778010917,2.7455768916202885,1.5863141630082505,14.339006666223455,3.8781974820645937,1.477424372386917,1787260576.2589886
10.540939092636108,hold1,drive,1.6,-0.32,0.708,5721.6,5797.0,9.29,0.118,16.6,-1.48972690689374,0.08406058994195309,2.9052295669850423,1.6418051517891312,14.34218177794369,3.9096208613371437,1.4481147718813474,1787260576.2776198
10.560419797897339,hold1,drive,1.6,-0.32,0.708,5721.6,5795.0,9.3,0.119,16.6,-1.474788304233104,-0.2417248190400123,2.9217859588131887,1.6548368240961793,14.342542577378529,3.9431589296873684,1.4197865240900787,1787260576.2977815
10.580407619476318,hold1,drive,1.6,-0.32,0.708,5721.6,5805.0,9.06,0.117,16.6,-1.50859713427166,0.2572494330770496,2.8361423722097356,1.634639959474634,14.347645796506324,3.975129471350161,1.390192980806486,1787260576.317683
10.60042691230774,hold1,drive,1.6,-0.32,0.708,5721.6,5789.0,9.47,0.116,16.6,-1.5452697945884324,0.008760787655945013,2.6914837125839597,1.627468260299768,14.353706329535587,4.006945631571516,1.3598363843776569,1787260576.337506
10.620596408843994,hold1,drive,1.6,-0.32,0.708,5721.6,5760.0,9.89,0.12,16.6,-1.540252798568887,-0.33056551711859683,2.6326876177971883,1.6106058837185642,14.360717810294103,4.038441801780881,1.3289473827032252,1787260576.357572
10.641491889953613,hold1,drive,1.6,-0.32,0.708,5721.6,5785.0,9.29,0.12,16.6,-1.5283545937667395,-0.03142698563020563,2.27023302967541,1.6511839805810253,14.369933513099463,4.074449877424671,1.2935672624400645,1787260576.3795655
10.66040587425232,hold1,drive,1.6,-0.32,0.708,5721.6,5786.0,9.17,0.118,16.6,-1.534749642492347,-0.13882305592853061,2.5428042149427768,2.545564151916124,14.384957050338105,4.142722526071069,1.246372522128604,1787260576.3978736
10.680375814437866,hold1,drive,1.6,-0.32,0.708,5721.6,5776.0,9.48,0.118,16.6,-1.5287083947175568,0.18869110070758133,3.3855549645181213,2.07698069752869,14.395519759465783,4.173296254687865,1.2157136597030433,1787260576.4176083
10.700478076934814,hold1,drive,1.6,-0.32,0.708,5721.6,5799.0,8.97,0.118,16.6,-1.5138161310598883,0.2679669047401809,2.6053837507793105,1.8361497784640999,14.407045421275965,4.203653900064876,1.1851868060154787,1787260576.4376843
10.72090196609497,hold1,drive,1.6,-0.32,0.708,5721.6,5793.0,9.09,0.118,16.6,-1.4933165817270577,0.1321824185093483,2.349637052189223,1.719414250890316,14.41945578929154,4.233561723279963,1.1550435838119908,1787260576.4576726
10.740383386611938,hold1,drive,1.6,-0.32,0.708,5721.6,5773.0,9.55,0.118,16.6,-1.4589084072851797,0.027580837758025556,2.5185654585010298,1.6376844288734014,14.432737602981478,4.263042995782019,1.1253534274893098,1787260576.477764
10.760422468185425,hold1,drive,1.6,-0.32,0.708,5721.6,5774.0,9.36,0.119,16.6,-1.4778643884502,0.32908061664013744,2.616893410561943,1.4158924377446178,14.443397784530463,4.286821260103471,1.0967906481948202,1787260576.4990945
10.780398607254028,hold1,drive,1.6,-0.32,0.708,5721.6,5775.0,9.32,0.117,16.6,-1.5324859555657797,0.18241179382235373,2.9227770619086755,1.580466793111142,14.458254219734181,4.3152560053499265,1.0668986024557574,1787260576.517575
10.800413131713867,hold1,drive,1.6,-0.32,0.708,5721.6,5776.0,9.4,0.121,16.6,-1.5011554632376516,-0.035513613960791446,2.6993008555241147,1.5922487800107037,14.474044395149921,4.343381817341837,1.0364529267250995,1787260576.5375295
10.820534467697144,hold1,drive,1.6,-0.32,0.708,5721.6,5792.0,8.86,0.118,16.6,-1.5152257422248672,0.21350962687861852,1.9796825325900045,1.5971857425949132,14.490732041144183,4.3711146223801025,1.0063681576306334,1787260576.5575793
10.840574026107788,hold1,drive,1.6,-0.32,0.708,5721.6,5780.0,9.2,0.115,16.6,-1.5119686962117003,0.06939612877300938,2.111116251648127,1.6457365303222766,14.508274907287765,4.398362503656486,0.9759926755691611,1787260576.5766053
10.860823392868042,hold1,drive,1.6,-0.32,0.708,5721.6,5769.0,9.53,0.117,16.6,-1.4827592785337658,0.09139284336711206,2.703533362755195,1.3584488291455585,14.516602044310604,4.412272705442538,0.9530805277519236,1787260576.5982444
10.8804349899292,hold1,drive,1.6,-0.32,0.708,5721.6,5766.0,9.44,0.117,16.6,-1.4716556278428439,0.158912691919733,2.7935500821321853,1.4848623325839834,14.535429881792714,4.43837819544857,0.9235199360699053,1787260576.6178162
10.900405168533325,hold1,drive,1.6,-0.32,0.708,5721.6,5776.0,9.2,0.118,16.6,-1.509728844576889,0.29397959685147157,2.91830540354718,1.5229114891030167,14.555379424862164,4.464375269845034,0.8934432052798729,1787260576.638706
10.920562744140625,hold1,drive,1.6,-0.32,0.708,5721.6,5782.0,9.23,0.117,16.6,-1.5124145093781796,-0.008966330999332861,2.48324681264549,1.5722216702678515,14.575564222884067,4.489103899742329,0.8635998006547865,1787260576.6585178
10.940377950668335,hold1,drive,1.6,-0.32,0.708,5721.6,5769.0,9.28,0.115,16.6,-1.4593422362267534,-0.05448941927647688,2.219243552840169,1.624347905153736,14.59659775286679,4.5133448861516525,0.8337700328154145,1787260576.677607
10.960427045822144,hold1,drive,1.6,-0.32,0.708,5721.6,5760.0,9.54,0.116,16.6,-1.48163595718597,0.17800090996114548,2.545550067530627,1.3332694385641923,14.607843787469964,4.528051205921043,0.8089357502389848,1787260576.6981583
10.98038101196289,hold1,drive,1.6,-0.32,0.708,5721.6,5755.0,9.58,0.118,16.6,-1.44037759978819,-0.09508323145754982,2.469999652657407,1.493398746857666,14.63013466039673,4.551081550068967,0.7796091971750964,1787260576.717496
11.000394344329834,hold1,drive,1.6,-0.32,0.708,5721.6,5763.0,9.36,0.117,16.6,-1.4752524932111046,0.06710722697167082,2.4591656386723173,1.5284651406002845,14.653215754572399,4.573580171984326,0.7505922513307463,1787260576.7378738
11.020418643951416,hold1,drive,1.6,-0.32,0.708,5721.6,5775.0,9.07,0.117,16.6,-1.512780560870011,-0.0935663722896729,2.259586418959998,1.5410671222673764,14.676961008424529,4.595414119612287,0.720904116106662,1787260576.7585833
11.040387630462646,hold1,drive,1.6,-0.32,0.708,5721.6,5758.0,9.56,0.117,16.6,-1.4845611733273134,-0.2775978175082159,2.747710833063934,1.5951024999011785,14.701319394377592,4.6164944486447,0.690913398498516,1787260576.7781053
11.060380935668945,hold1,drive,1.6,-0.32,0.708,5721.6,5771.0,9.22,0.117,16.6,-1.4861924926530412,0.16198980756101378,3.001722955056522,1.3446992206284611,14.716046055998808,4.629475250323892,0.6647100600116036,1787260576.7980597
11.08043909072876,hold1,drive,1.6,-0.32,0.708,5721.6,5768.0,9.26,0.118,16.6,-1.5066963030436158,-0.08953424183855407,2.482348095561264,1.4949092114746838,14.74145160994473,4.649095168233919,0.6349909516704746,1787260576.8175166
11.100425243377686,hold1,drive,1.6,-0.32,0.708,5721.6,5775.0,9.18,0.119,16.6,-1.5217436958347816,0.03781992036571502,2.759315217744188,1.5431005036713823,14.767570899791522,4.668049450513008,0.604768090546534,1787260576.837662
11.120935678482056,hold1,drive,1.6,-0.32,0.708,5721.6,5774.0,9.08,0.118,16.6,-1.5153754118781295,-0.1180767319100946,2.8198909126909086,1.482871413658565,14.79429520651425,4.686229967301249,0.5743458314046134,1787260576.8605647
11.140429496765137,hold1,drive,1.6,-0.32,0.708,5721.6,5767.0,9.29,0.117,16.6,-1.5255927625582733,0.2722510136516014,3.0411597950722467,1.7184041096728773,14.821475126925675,4.7035316595830805,0.5439572553322904,1787260576.8777285
11.160562515258789,hold1,drive,1.6,-0.32,0.708,5721.6,5788.0,9.05,0.121,16.6,-1.5423949121916922,-0.0733529123654586,2.793016523681075,1.6413324521184252,14.849287242413775,4.723004274295434,0.5118034950992071,1787260576.8993955
11.180434226989746,hold1,drive,1.6,-0.32,0.708,5721.6,5785.0,8.91,0.119,16.6,-1.4738135872741351,-0.1754825871621044,2.426029466152414,1.7067338682152315,14.877554221132344,4.738608251605837,0.48168130648633134,1787260576.9178252
11.200449705123901,hold1,drive,1.6,-0.32,0.708,5721.6,5779.0,9.06,0.118,16.6,-1.514034510269275,-0.002632539939050549,2.1217543839004804,1.6640494376631048,14.906255416828577,4.75334664328723,0.45204641005697344,1787260576.9375362
11.220543384552002,hold1,drive,1.6,-0.32,0.708,5721.6,5776.0,9.11,0.118,16.6,-1.5225128167575965,-0.027423798897804552,2.662834401186899,1.6313710681145066,14.93538645211332,4.767221791305338,0.4217551562631632,1787260576.95754
11.240580320358276,hold1,drive,1.6,-0.32,0.708,5721.6,5770.0,9.1,0.118,16.6,-1.5078220212363924,0.23039401097380008,3.1169902915872,1.6795172993584857,14.950220177538228,4.773877378056924,0.40642516545306934,1787260576.9666135
11.260375738143921,hold1,drive,1.6,-0.32,0.708,5721.6,5778.0,8.99,0.117,16.6,-1.4884680306464595,0.1591374077358889,2.8462919695734286,1.4970399121717883,14.989383909905934,4.790771689479496,0.36355834587408037,1787260576.9978173
11.28039026260376,hold1,drive,1.6,-0.32,0.708,5721.6,5793.0,8.79,0.12,16.6,-1.4929711697336745,0.20742775489285137,2.7457900226399374,1.5574521535153893,15.01968597269534,4.802052647228231,0.333790375228989,1787260577.0177011
11.300380945205688,hold1,drive,1.6,-0.32,0.708,5721.6,5784.0,8.73,0.118,16.6,-1.517686103597937,0.13575064546879645,2.683560442675173,1.58884342541481,15.050365108097997,4.812439172120569,0.30363237280598493,1787260577.0375524
11.320549964904785,hold1,drive,1.6,-0.32,0.708,5721.6,5764.0,9.28,0.116,16.6,-1.5294507508714166,0.20821426024939704,2.7651302739593007,1.587661071985724,15.08115535525093,4.821826767380522,0.2732152273425375,1787260577.057685
11.340425729751587,hold1,drive,1.6,-0.32,0.708,5721.6,5763.0,9.18,0.118,16.6,-1.5288131901064514,0.005205301231772097,2.638677213406993,1.6008981670276632,15.113599309015397,4.830637297915321,0.24132193364975554,1787260577.0784297
11.360394954681396,hold1,drive,1.6,-0.32,0.708,5721.6,5762.0,9.16,0.117,16.6,-1.4737336924414326,-0.09136091208651909,2.3260543533717453,1.9429801482878655,15.157528526365043,4.844814842435358,0.20720260522937833,1787260577.0978017
11.380423784255981,hold1,drive,1.6,-0.32,0.708,5721.6,5771.0,8.96,0.118,16.6,-1.4916619597417915,0.2813103245200601,2.673306472507619,1.7755288550407755,15.189163851258906,4.851216527483161,0.1776568990353329,1787260577.1176383
11.400443077087402,hold1,drive,1.6,-0.32,0.708,5721.6,5780.0,8.73,0.116,16.6,-1.5611721952475683,0.19918217547998474,2.4502123816822916,1.691038914355481,15.221027479008944,4.856691293629174,0.1474744589156281,1787260577.1375563
11.420651912689209,hold1,drive,1.6,-0.32,0.708,5721.6,5770.0,9.06,0.116,16.6,-1.5167803625112009,0.09805095848007817,2.4729425564211738,1.6432526087130623,15.253014255617064,4.861183456016213,0.11645835483977948,1787260577.157616
11.44179391860962,hold1,drive,1.6,-0.32,0.708,5721.6,5764.0,9.19,0.116,16.6,-1.4772073866092774,0.13499136621129715,2.680792078306098,1.6432526087130623,15.253014255617064,4.861183456016213,0.11645835483977948,1787260577.157616
11.461102724075317,hold1,drive,1.6,-0.32,0.708,5721.6,5763.0,9.09,0.118,16.6,-1.489693883696223,0.1444584290262121,2.7669864726475737,1.5279056600325378,15.314385692659062,4.8677863329857285,0.05644398405232704,1787260577.1991785
11.480401992797852,hold1,drive,1.6,-0.32,0.708,5721.6,5784.0,8.69,0.117,16.6,-1.5543513070636572,0.3403598230260094,3.4448588900060315,1.6456752329679432,15.346649909557037,4.8693704679367045,0.026030342730985055,1787260577.2176063
11.500428438186646,hold1,drive,1.6,-0.32,0.708,5721.6,5768.0,9.02,0.115,16.6,-1.54782203501911,0.13795609653567542,3.142810427569799,1.6222438080815016,15.378884775361751,4.869958208902277,-0.005002617050319131,1787260577.2376008
11.520450592041016,hold1,drive,1.6,-0.32,0.708,5721.6,5777.0,8.97,0.118,16.6,-1.5500264666114232,0.08823235008157049,2.2632248490553764,1.6083786647466851,15.41121035609067,4.869548337167892,-0.03599598048619666,1787260577.2577076
11.540594100952148,hold1,drive,1.6,-0.32,0.708,5721.6,5773.0,8.89,0.115,16.6,-1.4952891851464793,0.2432446200883902,2.2252989296288774,1.6483663399437398,15.435233415964465,4.868683229898287,-0.05907991997925232,1787260577.2715096
11.560487985610962,hold1,drive,1.6,-0.32,0.708,5721.6,5755.0,9.34,0.119,16.6,-1.5112143558329352,-0.04120218758691152,2.689514954989562,1.3894302689690115,15.468695454895505,4.8671377596147485,-0.0963680534510971,1787260577.298749
11.580379724502563,hold1,drive,1.6,-0.32,0.708,5721.6,5766.0,8.85,0.116,16.6,-1.5654666756633755,-0.052383571877988366,2.6194933751130236,1.5527860782418743,15.500749970608265,4.863797943279325,-0.1268598094837271,1787260577.3175442
11.600443363189697,hold1,drive,1.6,-0.32,0.708,5721.6,5757.0,9.19,0.118,16.6,-1.5267749397661592,-0.02568053370292489,2.9654047276424365,1.5711183134874944,15.532681590434132,4.859470591338067,-0.15800036873206716,1787260577.3376691
11.621176719665527,hold1,drive,1.6,-0.32,0.708,5721.6,5743.0,9.32,0.119,16.6,-1.4942538812727113,-0.034964569523814326,2.787143872389322,1.587773476768643,15.56433483356259,4.85417470193194,-0.18833258497825078,1787260577.3575208
11.641324996948242,hold1,drive,1.6,-0.32,0.708,5721.6,5780.0,8.49,0.12,16.6,-1.4845200274884716,0.28241946828658016,2.1333859581346815,1.588991822662857,15.596124512581984,4.847878143737042,-0.21822153617498233,1787260577.377733
11.660419225692749,hold1,drive,1.6,-0.32,0.708,5721.6,5766.0,8.98,0.116,16.6,-1.4762565049420646,-0.07440754911623682,2.441606741677674,1.5869415724711917,15.626860637348543,4.844157603433607,-0.24829633182644842,1787260577.3976023
11.68038535118103,hold1,drive,1.6,-0.32,0.708,5721.6,5763.0,9.04,0.119,16.6,-1.451148089026743,0.027609763204193616,3.115129707487,1.5930057356919614,15.658032563496873,4.836011324354142,-0.27769177386550115,1787260577.4175956
11.700405597686768,hold1,drive,1.6,-0.32,0.708,5721.6,5745.0,9.23,0.117,16.6,-1.4815033317636843,0.07427093439843802,2.597522461359091,1.5916810679492774,15.688869008720323,4.82697445109072,-0.30685581039018517,1787260577.437637
11.720610857009888,hold1,drive,1.6,-0.32,0.708,5721.6,5748.0,9.17,0.118,16.6,-1.5052057317814984,-0.09901577651282789,2.7325498793109375,1.5968092801317895,15.71942567689759,4.8170402876923735,-0.33658266392753033,1787260577.4575396
11.74059009552002,hold1,drive,1.6,-0.32,0.708,5721.6,5737.0,9.27,0.117,16.6,-1.4720373919851066,-0.11671394688125059,2.411953755670936,1.5650648674296508,15.74967931286281,4.806205073626126,-0.36653307511546845,1787260577.4777937
11.760855913162231,hold1,drive,1.6,-0.32,0.708,5721.6,5754.0,8.91,0.118,16.6,-1.524710190973021,0.22842605737158905,2.344946707952971,1.6237891446291997,15.766713927164176,4.799665825543183,-0.38324081906759594,1787260577.4881563
11.780416011810303,hold1,drive,1.6,-0.32,0.708,5721.6,5754.0,8.94,0.117,16.6,-1.5883718584088746,0.2595527610563728,2.7696095337014697,1.7354473250805407,15.815007742936762,4.784498173715532,-0.4302057914104627,1787260577.5184112
11.800410509109497,hold1,drive,1.6,-0.32,0.708,5721.6,5747.0,9.14,0.118,16.6,-1.5112662874741918,-0.07360657190033226,2.7280937160715837,1.7411978224019797,15.844192869431872,4.770821423461467,-0.4616555705792092,1787260577.5376537
11.820619821548462,hold1,drive,1.6,-0.32,0.708,5721.6,5734.0,9.27,0.115,16.6,-1.4419303558617609,0.04089703143885837,2.7136168865791888,1.6646306930930581,15.872691718684111,4.756367283091988,-0.4914100247473138,1787260577.5575833
11.840769052505493,hold1,drive,1.6,-0.32,0.708,5721.6,5738.0,9.27,0.117,16.6,-1.499785133698751,0.28732151828360486,2.8375445345831736,1.6238351207445847,15.900908885893099,4.740998699452176,-0.5205666568899157,1787260577.5776882
11.8603994846344,hold1,drive,1.6,-0.32,0.708,5721.6,5751.0,8.89,0.117,16.6,-1.560434632783671,0.3274241734651362,2.949619875952635,1.452940233196287,15.922396210216096,4.731330042504911,-0.5505160346671512,1787260577.5977397
11.880382776260376,hold1,drive,1.6,-0.32,0.708,5721.6,5755.0,8.81,0.116,16.6,-1.5467885953581049,0.35686380918162897,2.492133119013431,1.5265367755598684,15.949650018725134,4.714316532980976,-0.5816330815224302,1787260577.61771
11.900403261184692,hold1,drive,1.6,-0.32,0.708,5721.6,5742.0,9.18,0.115,16.6,-1.461395666585259,-0.08907203769400507,2.1839757777629814,1.5662553894509297,15.976339196940435,4.696473562883844,-0.6121389879729654,1787260577.6375616
11.9205002784729,hold1,drive,1.6,-0.32,0.708,5721.6,5736.0,9.38,0.117,16.6,-1.4205414438828985,-0.021791395089448606,2.6103372197311785,1.5750167007546017,16.002445360309668,4.677857593182829,-0.6411457180987908,1787260577.6576457
11.94041109085083,hold1,drive,1.6,-0.32,0.708,5721.6,5739.0,9.14,0.116,16.6,-1.466551146981489,0.08050682570558898,2.6181113856344496,1.5751324765535206,16.028032119200397,4.658478819034946,-0.6698008197858383,1787260577.6777475
11.960386753082275,hold1,drive,1.6,-0.32,0.708,5721.6,5747.0,9.04,0.116,16.6,-1.5843680620260494,0.16770560728618022,3.0616110174130995,1.4889112840803547,16.050513433852633,4.645339926986895,-0.6994071621392649,1787260577.6975794
11.980404615402222,hold1,drive,1.6,-0.32,0.708,5721.6,5731.0,9.33,0.116,16.6,-1.5669706958889977,-0.0887477364820084,2.760349590237354,1.541346785741023,16.074872294897343,4.624517653431078,-0.7310080499805146,1787260577.7175505
12.000382661819458,hold1,drive,1.6,-0.32,0.708,5721.6,5755.0,8.85,0.114,16.6,-1.515781543944367,0.29205509537243657,2.2004587870315504,1.5637163290065406,16.098666905817236,4.602853066511357,-0.7621188667748694,1787260577.7376947
12.020482778549194,hold1,drive,1.6,-0.32,0.708,5721.6,5751.0,9.05,0.114,16.6,-1.4831036252627128,0.3671029420388301,2.2538807056822634,1.5843528400819549,16.12173378664219,4.580507370083313,-0.7922447246040913,1787260577.757561
12.040499925613403,hold1,drive,1.6,-0.32,0.708,5721.6,5745.0,9.23,0.119,16.6,-1.457206647348619,0.220363440998824,3.0302678936497216,1.5770055360090012,16.144136086194443,4.557462560236555,-0.8217834047074066,1787260577.7776954
12.060625076293945,hold1,drive,1.6,-0.32,0.708,5721.6,5736.0,9.13,0.115,16.6,-1.4633150067828793,0.0640735314766041,2.903942594764885,1.6462839921040673,16.15507679772138,4.545695246939065,-0.8363694325046178,1787260577.7865827
12.080389499664307,hold1,drive,1.6,-0.32,0.708,5721.6,5717.0,9.58,0.118,16.6,-1.5215757835280521,0.10188561748663716,2.5445738748356916,1.3292323938088275,16.17268136531308,4.521944212051664,-0.8772575787057026,1787260577.8179762
12.10042142868042,hold1,drive,1.6,-0.32,0.708,5721.6,5739.0,9.12,0.12,16.6,-1.5249980786868582,-0.13642012428081696,2.664602306915043,1.4798188555044278,16.19297707327354,4.497163712546605,-0.9076836665344649,1787260577.837559
12.120399236679077,hold1,drive,1.6,-0.32,0.708,5721.6,5746.0,8.91,0.116,16.6,-1.4858617280456536,-0.2540418331583929,1.6475323103265112,1.5347610176362232,16.21253535476978,4.471743192262035,-0.9379652903107,1787260577.8576078
12.140601396560669,hold1,drive,1.6,-0.32,0.708,5721.6,5731.0,9.37,0.12,16.6,-1.490984851034639,-0.08924058369239685,2.442598429494751,1.5577758776090294,16.2313733234166,4.445658026230755,-0.9678328053469402,1787260577.8778133
12.160527467727661,hold1,drive,1.6,-0.32,0.708,5721.6,5748.0,8.9,0.118,16.6,-1.523438797868617,-0.09009604965149354,3.0187018082336294,1.648141550293433,16.25319191576947,4.419019096311711,-0.998749884560476,1787260577.8975792
12.180375814437866,hold1,drive,1.6,-0.32,0.708,5721.6,5729.0,9.28,0.118,16.6,-1.5224225355966428,0.09924517923798071,2.9367507384726537,1.6189531765786447,16.27032056387004,4.391963678372819,-1.0291907947877756,1787260577.917546
12.20038366317749,hold1,drive,1.6,-0.32,0.708,5721.6,5718.0,9.44,0.116,16.6,-1.5148142838364498,0.16375859037154328,2.8462530855876764,1.6022436823793103,16.286623473015194,4.364382912553839,-1.0596412321538786,1787260577.9375849
12.22052550315857,hold1,drive,1.6,-0.32,0.708,5721.6,5747.0,8.95,0.12,16.6,-1.554706572753074,0.3044434089797292,2.871705139329208,1.598155899797003,16.302103075919774,4.336300864234229,-1.0900876448689492,1787260577.9575436
12.240730285644531,hold1,drive,1.6,-0.32,0.708,5721.6,5742.0,8.85,0.117,16.6,-1.5487092671362699,0.02752637642365796,2.681813002202688,1.5869716888565366,16.317107578534056,4.306970191929485,-1.1219670607952479,1787260577.9781582
12.260446071624756,hold1,drive,1.6,-0.32,0.708,5721.6,5729.0,9.21,0.118,16.6,-1.5417032892565983,-0.263861135913789,2.6193325766757027,1.6199629289263369,16.333271036434397,4.277192373261007,-1.154100610088701,1787260577.9986782
12.280389070510864,hold1,drive,1.6,-0.32,0.708,5721.6,5723.0,9.31,0.115,16.6,-1.496986417709187,-0.08755519679867785,2.3376043589441053,1.6536024650650725,16.346013080156627,4.247783149601624,-1.184735745070616,1787260578.0176592
12.300476312637329,hold1,drive,1.6,-0.32,0.708,5721.6,5716.0,9.46,0.116,16.6,-1.457799333849216,0.17066862912716196,2.7280861146909103,1.6184412848470078,16.35784375560929,4.2180244823278095,-1.214511675090912,1787260578.0377145
12.320405960083008,hold1,drive,1.6,-0.32,0.708,5721.6,5716.0,9.36,0.117,16.6,-1.5634044568732726,0.3877096637775921,2.5143697887301357,1.6029051296455454,16.36875252504,4.188035559008088,-1.2441304586482251,1787260578.057654
12.340932607650757,hold1,drive,1.6,-0.32,0.708,5721.6,5751.0,8.78,0.12,16.6,-1.6129317962976943,0.3362443332031795,2.827100237537991,1.638766356021994,16.376702978307804,4.164569313161056,-1.2683243923721077,1787260578.0720384
12.360477209091187,hold1,drive,1.6,-0.32,0.708,5721.6,5762.0,8.49,0.115,16.6,-1.5693263950312273,0.08026765630262389,2.303012814386051,2.246277943342735,16.40064329306373,4.098209238071954,-1.324035418057263,1787260578.098063
12.380379915237427,hold1,drive,1.6,-0.32,0.708,5721.6,5739.0,9.14,0.115,16.6,-1.4490592386257393,0.22881931918613674,2.5270579548779324,1.9345977446833742,16.408237411549756,4.066985660627928,-1.3548211954615172,1787260578.1175709
12.400382041931152,hold1,drive,1.6,-0.32,0.708,5721.6,5740.0,9.25,0.116,16.6,-1.4620373552499135,0.4161941933214983,3.105678852423665,1.73897420060214,16.414882239964534,4.0355799411464695,-1.383845230451649,1787260578.138117
12.420450687408447,hold1,drive,1.6,-0.32,0.708,5721.6,5734.0,9.12,0.115,16.6,-1.515846924549128,0.25636504167178487,3.2851038883629826,1.6834271952844586,16.42061009821439,4.003995548942262,-1.4133622555257417,1787260578.157688
12.44084095954895,hold1,drive,1.6,-0.32,0.708,5721.6,5718.0,9.43,0.115,16.6,-1.5657673465504454,0.0543673038268615,2.3876889791184226,1.7122714430481984,16.423148610505972,3.988004697785805,-1.4286279879388464,1787260578.1667862
12.460592985153198,hold1,drive,1.6,-0.32,0.708,5721.6,5750.0,8.96,0.116,16.6,-1.581631397689884,0.45109775993815404,2.0016934997728697,1.7273185942028362,16.427432206653386,3.956421803691543,-1.4598287928666318,1787260578.1865842
12.480399131774902,hold1,drive,1.6,-0.32,0.708,5721.6,5737.0,9.01,0.115,16.6,-1.5045555210013557,0.23897501958142797,2.0806198047474425,1.6256643564051847,16.42940085736109,3.930763399091004,-1.4972401153329529,1787260578.2176523
12.500404119491577,hold1,drive,1.6,-0.32,0.708,5721.6,5714.0,9.56,0.116,16.6,-1.4782366983705932,-0.0519758382040818,2.5897488801774102,1.60276827901909,16.43151309449667,3.8988270741380915,-1.5272483794290035,1787260578.237749
12.520379543304443,hold1,drive,1.6,-0.32,0.708,5721.6,5727.0,9.18,0.117,16.6,-1.4857566663406496,0.11810864491813788,2.8180294515083233,1.5954714934375662,16.432672205381518,3.866931281668354,-1.5567614904232927,1787260578.257706
12.540512800216675,hold1,drive,1.6,-0.32,0.708,5721.6,5720.0,9.32,0.116,16.6,-1.4736697765752707,-0.10532232776965156,2.645981847873287,1.5995944855976725,16.432881529488856,3.832222719040846,-1.5888694100622949,1787260578.2792945
12.560576915740967,hold1,drive,1.6,-0.32,0.708,5721.6,5694.0,9.71,0.118,16.6,-1.4948787920224984,-0.02757615541716607,2.9111823251346607,1.4241618289003324,16.435155681378394,3.8084998178320193,-1.612201350363275,1787260578.298742
12.580386877059937,hold1,drive,1.6,-0.32,0.708,5721.6,5732.0,9.07,0.118,16.6,-1.5159141693666527,0.36508046314832754,2.48333802921357,1.5552878859329882,16.433600730914335,3.7765302053797476,-1.642193621145751,1787260578.3177605
12.60041093826294,hold1,drive,1.6,-0.32,0.708,5721.6,5731.0,9.02,0.12,16.6,-1.4508218517932086,0.0624298882226646,2.526251916165762,1.5690394683478905,16.43107594600759,3.7445471126294083,-1.6722400233692323,1787260578.3379014
12.620509147644043,hold1,drive,1.6,-0.32,0.708,5721.6,5713.0,9.4,0.117,16.6,-1.4064113769292104,-0.21359006264237834,2.743317819756328,1.585649853466422,16.427618159871578,3.7128596710735615,-1.700965000515422,1787260578.3576672
12.640397071838379,hold1,drive,1.6,-0.32,0.708,5721.6,5708.0,9.51,0.117,16.6,-1.4563636237055542,-0.1595549172238826,2.4179038825733983,1.5831862803743944,16.423238875555334,3.6811595896862377,-1.7296564267120436,1787260578.3777564
12.660649299621582,hold1,drive,1.6,-0.32,0.708,5721.6,5695.0,9.59,0.118,16.6,-1.5417134092687408,-0.12744420932916878,2.9842973745844574,1.5179417531828892,16.423062492182567,3.650567486887316,-1.7555477863636788,1787260578.398999
12.680415868759155,hold1,drive,1.6,-0.32,0.708,5721.6,5682.0,9.84,0.117,16.6,-1.562915234181025,-0.17649382660735569,2.444957781111441,1.6189140313196724,16.416983828695347,3.6194031323011124,-1.7864373604941108,1787260578.417524
12.700387239456177,hold1,drive,1.6,-0.32,0.708,5721.6,5704.0,9.46,0.119,16.6,-1.588293827788935,0.2691884246873286,2.309780089710898,1.590985987985562,16.409900687116775,3.588228822706966,-1.8178971463186615,1787260578.437805
12.72041130065918,hold1,drive,1.6,-0.32,0.708,5721.6,5720.0,8.95,0.117,16.6,-1.5417496282595657,-0.1741904620829331,2.517336081357513,1.594915516583487,16.401858815937103,3.5573557382842584,-1.849367962566263,1787260578.45762
12.740528345108032,hold1,drive,1.6,-0.32,0.708,5721.6,5706.0,9.41,0.115,16.6,-1.4768466614396263,-0.14101406254487525,2.6620526284207244,1.5830837657461878,16.392847130631843,3.526740572651144,-1.8795598575520192,1787260578.4777668
12.761064052581787,hold1,drive,1.6,-0.32,0.708,5721.6,5704.0,9.63,0.115,16.6,-1.4481481712168232,0.21310185665961257,2.8716308796872454,1.6539231606767093,16.38528663948253,3.4910098403437617,-1.9101584804863712,1787260578.499053
12.78038763999939,hold1,drive,1.6,-0.32,0.708,5721.6,5696.0,9.65,0.115,16.6,-1.4846679660870254,0.403553901253904,3.1171525518284966,1.6868371422501853,16.374449225291205,3.4610179929786433,-1.9393193492492493,1787260578.5176706
12.800375938415527,hold1,drive,1.6,-0.32,0.708,5721.6,5698.0,9.56,0.116,16.6,-1.519725419202665,0.18293188540433825,2.8499479413165147,1.6331655721931846,16.36273199640679,3.4313412569000907,-1.9692154909572412,1787260578.5376856
12.820566654205322,hold1,drive,1.6,-0.32,0.708,5721.6,5732.0,9.0,0.115,16.6,-1.51819529999836,0.38989897104681503,1.7145387733228858,1.6130744280824616,16.350111122950626,3.4019596406496504,-1.9995567070510147,1787260578.5576088
12.840625762939453,hold1,drive,1.6,-0.32,0.708,5721.6,5737.0,8.93,0.115,16.6,-1.4768461288074084,0.1339512195924275,1.9307156077354648,1.642620493431051,16.336590970960625,3.372967584777701,-2.0299647608057865,1787260578.576604
12.860825777053833,hold1,drive,1.6,-0.32,0.708,5721.6,5711.0,9.59,0.114,16.6,-1.4532731584185719,0.07773956682577055,2.585044794983787,1.2960020107471062,16.3274041953095,3.3509386245783084,-2.0561301834995493,1787260578.600253
12.88040542602539,hold1,drive,1.6,-0.32,0.708,5721.6,5709.0,9.69,0.117,16.6,-1.472841799792365,0.5626671709516451,2.941255725964794,1.5904419050695178,16.31235416529166,3.322893468596468,-2.0853106146209646,1787260578.6176853
12.90039587020874,hold1,drive,1.6,-0.32,0.708,5721.6,5709.0,9.38,0.117,16.6,-1.545793105742633,0.10483587595165655,2.88314580196419,1.582249853405857,16.296431381990107,3.295200481487186,-2.1151553398586223,1787260578.637832
12.92055869102478,hold1,drive,1.6,-0.32,0.708,5721.6,5706.0,9.55,0.116,16.6,-1.5173698532184898,-0.14237682930116957,2.4568670981010143,1.5926855903469503,16.279717233540577,3.268064327066868,-2.1458913819512406,1787260578.6575658
12.942235469818115,hold1,drive,1.6,-0.32,0.708,5721.6,5736.0,9.1,0.118,16.6,-1.5115403267503609,0.339053299177678,2.40622231464323,1.6245689275007602,16.26665311254352,3.2479092600041444,-2.1687387982838597,1787260578.671703
12.960482835769653,hold1,drive,1.6,-0.32,0.708,5721.6,5738.0,9.02,0.116,16.6,-1.5087759655388588,0.3445877986647652,2.707066250603532,1.8926315953095572,16.236689027742788,3.200116402954701,-2.2161673016801493,1787260578.6999772
12.980382680892944,hold1,drive,1.6,-0.32,0.708,5721.6,5716.0,9.51,0.119,16.6,-1.4495448660505155,-0.21047123077014263,2.9765483517095674,1.864051981416504,16.217299493696654,3.174771393361831,-2.245732464071188,1787260578.7176986
13.000391960144043,hold1,drive,1.6,-0.32,0.708,5721.6,5702.0,9.61,0.117,16.6,-1.4198893688899925,-0.35383992147761134,2.503512385881436,1.7221549537651712,16.197129689166633,3.14995728528227,-2.274624635267635,1787260578.7377121
13.02056360244751,hold1,drive,1.6,-0.32,0.708,5721.6,5695.0,9.77,0.118,16.6,-1.5059612705827539,-0.09546200314018893,2.301164217078451,1.655967013211282,16.176363467934014,3.125857289223509,-2.3033918913380775,1787260578.7575202
13.040562868118286,hold1,drive,1.6,-0.32,0.708,5721.6,5703.0,9.5,0.121,16.6,-1.5582957149541736,-0.14847141898152483,2.611345864474373,1.6801195205823036,16.165583618396493,3.1138743890556495,-2.318577099867496,1787260578.7668023
13.060421228408813,hold1,drive,1.6,-0.32,0.708,5721.6,5720.0,9.13,0.119,16.6,-1.5403145839061767,-0.23088046279179508,2.292386961287093,1.32029423786517,16.13768888402709,3.084493861864812,-2.3645493633529813,1787260578.7999907
13.08039665222168,hold1,drive,1.6,-0.32,0.708,5721.6,5730.0,9.14,0.119,16.6,-1.5036397930605319,-0.1658469966213474,2.5410023953623977,1.5930323165515223,16.11471738545692,3.0622361168850225,-2.3951500960040457,1787260578.8175564
13.100388288497925,hold1,drive,1.6,-0.32,0.708,5721.6,5726.0,9.2,0.116,16.6,-1.4541446778853002,-0.3649506915003897,2.772500689604499,1.574187886964394,16.09104936219259,3.0406644593371004,-2.424995807262481,1787260578.8380008
13.120615720748901,hold1,drive,1.6,-0.32,0.708,5721.6,5702.0,9.66,0.118,16.6,-1.4408330003345937,0.04453593205239148,2.7542679009770836,1.5977380050715868,16.066837784489323,3.019887395804475,-2.453948479087717,1787260578.8575485
13.14052128791809,hold1,drive,1.6,-0.32,0.708,5721.6,5709.0,9.47,0.118,16.6,-1.5188853250367995,0.23331535312892626,3.0458095011579758,1.5732663414653856,16.041614735109544,2.999482999531086,-2.484007102644141,1787260578.8783631
13.160644769668579,hold1,drive,1.6,-0.32,0.708,5721.6,5716.0,9.26,0.116,16.6,-1.5621017716260603,0.19244064617765844,2.8414493053629144,1.64339515220666,16.029398478289558,2.990049076124105,-2.498688788505656,1787260578.8869047
13.18039846420288,hold1,drive,1.6,-0.32,0.708,5721.6,5727.0,9.21,0.117,16.6,-1.5323847554443568,0.18926568103275798,2.3830752334104943,1.7565220457671724,16.00435085872357,2.972802022998842,-2.541662444782552,1787260578.9175925
13.200936317443848,hold1,drive,1.6,-0.32,0.708,5721.6,5737.0,8.92,0.117,16.6,-1.4837128233620687,0.09897706611629786,2.1352585290274817,1.6490443956253045,15.977721776190865,2.95486780186043,-2.5721371569617286,1787260578.938234
13.22054409980774,hold1,drive,1.6,-0.32,0.708,5721.6,5712.0,9.47,0.114,16.6,-1.4681281378209794,-0.1155486698420658,2.705509721730266,1.6379776584161165,15.95075151672864,2.9378778145118436,-2.601679381220173,1787260578.95774
13.240961790084839,hold1,drive,1.6,-0.32,0.708,5721.6,5701.0,9.75,0.115,16.6,-1.4721276731460604,0.17682112451750243,2.866211095267147,1.5950039376520018,15.92226802455737,2.9210930099704266,-2.632145055036197,1787260578.978474
13.26038932800293,hold1,drive,1.6,-0.32,0.708,5721.6,5704.0,9.6,0.118,16.6,-1.5702900598716725,0.5091105105194771,2.723311570545661,1.5515853914824773,15.89845132278426,2.9059372196971536,-2.6623551963865744,1787260578.9975884
13.28047251701355,hold1,drive,1.6,-0.32,0.708,5721.6,5720.0,9.21,0.116,16.6,-1.6071949478354999,0.14170566941457707,2.483744118358004,1.5681505517862329,15.869999911374336,2.8914272132231615,-2.6939239465966645,1787260579.0175917
13.300389766693115,hold1,drive,1.6,-0.32,0.708,5721.6,5750.0,8.6,0.116,16.6,-1.48137696476996,0.10776997234647023,2.1829782427300017,1.5680601088374237,15.840900848076167,2.877724710400231,-2.72550055612366,1787260579.0379655
13.320560455322266,hold1,drive,1.6,-0.32,0.708,5721.6,5741.0,9.11,0.114,16.6,-1.4317351094186652,0.2909169713420994,2.6180274780862476,1.591522614009367,15.811504472466945,2.8649841438502803,-2.7548447072408573,1787260579.0576882
13.340539932250977,hold1,drive,1.6,-0.32,0.708,5721.6,5736.0,9.4,0.119,16.6,-1.483357823988761,0.4207736962712971,3.2961337840808085,1.5891914332743227,15.781722286414377,2.853097655607659,-2.783741896874539,1787260579.077743
13.360638856887817,hold1,drive,1.6,-0.32,0.708,5721.6,5718.0,9.35,0.115,16.6,-1.5115034419692632,-0.08298850290621562,2.8265342270386213,1.6559837940325162,15.766695889706783,2.847478518253009,-2.798605156002227,1787260579.0865974
13.380378723144531,hold1,drive,1.6,-0.32,0.708,5721.6,5715.0,9.54,0.116,16.6,-1.546458097066826,-0.02975437124872382,2.540354523840392,1.6806617948687448,15.721735340374263,2.830230478671052,-2.8463217673170678,1787260579.1176467
13.400431394577026,hold1,drive,1.6,-0.32,0.708,5721.6,5709.0,9.51,0.118,16.6,-1.5939802093484723,-0.17973943342937915,2.0978354701686044,1.6303035398904355,15.691105666060785,2.821175790512932,-2.877486730971939,1787260579.1376824
13.420419454574585,hold1,drive,1.6,-0.32,0.708,5721.6,5725.0,9.15,0.116,16.6,-1.562063954738581,-0.08634648590886673,2.3883760269869754,1.6112693469179395,15.66018963065757,2.8130760185429535,-2.909158122523504,1787260579.1575904
13.440629005432129,hold1,drive,1.6,-0.32,0.708,5721.6,5726.0,9.31,0.117,16.6,-1.5450990859625584,0.2116139594830031,2.7397638819307417,1.6480126181277797,15.639544979154087,2.808189164625249,-2.9298796637315827,1787260579.169827
13.460571527481079,tr2,drive,2.0,-0.32,0.708,7152.0,5718.0,9.41,0.117,16.6,-1.5415713296245852,-0.055458960763322906,2.8476119785634353,1.6182875056042416,15.596251362901144,2.797940084304752,-2.9732618837782394,1787260579.1977541
13.480400085449219,tr2,drive,2.0,-0.32,0.708,7152.0,5704.0,9.9,0.124,16.6,-1.4944554825672303,-0.34143706292076104,2.622811670137736,1.6080473582703465,15.564724562122453,2.7928377803329365,-3.0036395591996428,1787260579.2175775
13.50046420097351,tr2,drive,2.0,-0.32,0.708,7152.0,5820.0,18.01,0.136,16.6,-1.5329738466774823,-0.9709949585390092,3.0129355762713033,1.5853225605176124,15.532605932299598,2.7885903780513823,-3.0338789556877748,1787260579.2381737
13.520469903945923,tr2,drive,2.0,-0.32,0.708,7152.0,5945.0,23.08,0.147,16.6,-1.5742633630600162,-1.7148043831052604,2.744395461647173,1.6282361545742854,15.4997316023275,2.7852216033526846,-3.0647621281438906,1787260579.2578957
13.540444612503052,tr2,drive,2.0,-0.32,0.708,7152.0,6126.0,25.6,0.144,16.6,-1.5503316648723462,-2.3840444094463464,2.7996048741993036,1.664823822816983,15.465955644912157,2.7827717866353123,-3.096092938486241,1787260579.277725
13.560481548309326,tr2,drive,2.0,-0.32,0.708,7152.0,6259.0,20.04,0.143,16.6,-1.4637725378581548,-1.6424132189842027,2.7116870129705433,1.4668632392562913,15.437835211482248,2.7825754501937534,-3.128524509411776,1787260579.2998655
13.580392599105835,tr2,drive,2.0,-0.32,0.708,7152.0,6355.0,18.67,0.138,16.6,-1.4338940009563377,-1.522150313547158,2.7059146414315194,1.7304871344198862,15.40285288715022,2.7822527498654113,3.1255966607874313,1787260579.317769
13.600450992584229,tr2,drive,2.0,-0.32,0.708,7152.0,6344.0,19.95,0.138,16.6,-1.4556795907795674,-1.472060577058926,3.157076757289701,1.6963847704771207,15.367635934880525,2.782980041445717,3.096741356746276,1787260579.3389087
13.62042236328125,tr2,drive,2.0,-0.32,0.708,7152.0,6408.0,19.22,0.14,16.6,-1.5931514336172399,-0.832879918229807,3.122921122677184,1.797095063639488,15.332212569769144,2.7847384833027062,3.066984681330543,1787260579.3576484
13.640618085861206,tr2,drive,2.0,-0.32,0.708,7152.0,6519.0,17.44,0.141,16.6,-1.6472675327579225,-0.9588746301455515,2.777309439962778,1.8042945773938877,15.29701393354335,2.7876563462709103,3.034577822135263,1787260579.3770561
13.66032338142395,tr2,drive,2.0,-0.32,0.708,7152.0,6561.0,17.34,0.139,16.6,-1.6313460904969925,-1.0388808428071314,3.1597413335765054,1.569541961004021,15.265194280932068,2.7915482520284214,3.0009618352631584,1787260579.4003
13.680441856384277,tr2,drive,2.0,-0.32,0.708,7152.0,6589.0,17.48,0.141,16.6,-1.6181092477729173,-0.8663244582983722,3.5610290366720676,1.8738993958909043,15.229055112494022,2.796884566528053,2.9684887707151777,1787260579.4175813
13.700400352478027,tr2,drive,2.0,-0.32,0.708,7152.0,6608.0,17.51,0.145,16.6,-1.6557885829817398,-0.7177437786059429,3.802044844238793,1.84237636153665,15.192833980183794,2.803452249021048,2.9358576777460406,1787260579.437774
13.720468044281006,tr2,drive,2.0,-0.32,0.708,7152.0,6709.0,15.93,0.147,16.6,-1.7001302151315594,-0.9090802511505984,3.3923622932719013,1.853042352549399,15.156503654732912,2.811257074619316,2.902590394527884,1787260579.4576066
13.740492582321167,tr2,drive,2.0,-0.32,0.708,7152.0,6779.0,15.16,0.146,16.6,-1.6971979416133274,-0.9963642010853206,2.984568977763132,1.8824483753031753,15.117970772330352,2.8210225492029783,2.865555186103912,1787260579.4783595
13.760686874389648,tr2,drive,2.0,-0.32,0.708,7152.0,6825.0,14.98,0.143,16.6,-1.6625567405760673,-0.9261622345981877,3.311009393697759,2.1581590750651936,15.069850339228825,2.8303872361816618,2.830757435705943,1787260579.4989944
13.780404567718506,tr2,drive,2.0,-0.32,0.708,7152.0,6854.0,14.78,0.139,16.6,-1.6661951512573334,-0.2496171717947142,3.6506548696659706,2.087064176486731,15.033571089163031,2.8423087033305108,2.7974229386531904,1787260579.5180163
13.800394773483276,tr2,drive,2.0,-0.32,0.708,7152.0,6890.0,14.52,0.146,16.6,-1.756508136986046,0.10232224919788724,3.8298965953867423,2.009705026487612,14.997652171511767,2.855454782825302,2.7637237856633687,1787260579.5376744
13.820523977279663,tr2,drive,2.0,-0.32,0.708,7152.0,6950.0,13.49,0.146,16.6,-1.7343198772059965,-0.5436723073666272,3.580578033599153,1.967209311570027,14.961831944917822,2.8699622076397646,2.728712231301862,1787260579.5576115
13.842198133468628,tr2,drive,2.0,-0.32,0.708,7152.0,6998.0,13.15,0.144,16.6,-1.7154453887703325,-0.33750455441058236,3.5481873811068283,1.8992330211275708,14.926118846376326,2.885889775213082,2.693968212075979,1787260579.5784657
13.860502481460571,tr2,drive,2.0,-0.32,0.708,7152.0,7030.0,12.96,0.144,16.6,-1.7383596262635377,-0.17569290420910022,3.8858404182562367,2.248795299294887,14.876198610375587,2.9051521038081622,2.654384089310869,1787260579.5991454
13.880379915237427,tr2,drive,2.0,-0.32,0.708,7152.0,7041.0,12.99,0.142,16.6,-1.6729148393198217,-0.5068859372293417,3.4711532351983294,2.187223222651965,14.841741285100442,2.9237453492714556,2.620013070071441,1787260579.6175299
13.900402307510376,tr2,drive,2.0,-0.32,0.708,7152.0,7068.0,12.59,0.144,16.6,-1.6698000061088647,-0.2732014055063665,3.2793130980938656,2.0540581262037234,14.807738441173395,2.9436168325092056,2.586574985155969,1787260579.6378345
13.920485258102417,tr2,drive,2.0,-0.32,0.708,7152.0,7106.0,12.13,0.145,16.6,-1.6967997990303607,0.010487803986007904,4.110823744539687,2.0270788711508425,14.774229640475848,2.9647275907184216,2.553034559259429,1787260579.6574903
13.941128253936768,tr2,drive,2.0,-0.32,0.708,7152.0,7152.0,11.44,0.147,16.6,-1.766212695998295,0.04676856810508001,3.9821230141944284,1.997661457665783,14.738543408411148,2.9889579788917353,2.515903981813197,1787260579.6793408
13.960390090942383,tr2,drive,2.0,-0.32,0.708,7152.0,7155.0,11.66,0.144,16.6,-1.764954485541287,-0.29568928623628565,3.792180883371941,2.466316969318136,14.688335743858763,3.014857097314861,2.4783139578993167,1787260579.6985698
13.980411291122437,tr2,drive,2.0,-0.32,0.708,7152.0,7157.0,11.84,0.143,16.6,-1.7246107908198944,0.008226164828815108,4.00123288520723,2.2798770871220917,14.657081619577093,3.039702519518327,2.443246950359634,1787260579.717497
14.000405311584473,tr2,drive,2.0,-0.32,0.708,7152.0,7176.0,11.43,0.146,16.6,-1.7589454620156866,0.26588821948681485,4.061074169836587,2.115855591930065,14.626580458609038,3.0657317595880222,2.4085506822378244,1787260579.7378287
14.021208763122559,tr2,drive,2.0,-0.32,0.708,7152.0,7222.0,10.66,0.145,16.6,-1.7593140435105536,0.01727103581487688,3.6775839301444933,2.071116021312077,14.596897300289363,3.092888650467317,2.373413161268507,1787260579.7575257
14.040972471237183,tr2,drive,2.0,-0.32,0.708,7152.0,7218.0,10.82,0.143,16.6,-1.7544433881929078,-0.1862707735925575,3.3811628282929007,2.0800190323210117,14.568272140423822,3.1210371270499935,2.338122071060543,1787260579.7766235
14.060487985610962,tr2,drive,2.0,-0.32,0.708,7152.0,7209.0,11.33,0.144,16.6,-1.6974609287709728,-0.24836849883871892,3.8314654034134037,2.011229040512901,14.54039435371913,3.150380481530993,2.3033985517150355,1787260579.7977152
14.08045244216919,tr2,drive,2.0,-0.32,0.708,7152.0,7230.0,10.83,0.146,16.6,-1.7063905079060084,0.48716992919803914,4.104396484819574,2.067029258114473,14.509910051205548,3.178799887762668,2.2684786659341096,1787260579.8175468
14.100688219070435,tr2,drive,2.0,-0.32,0.708,7152.0,7256.0,10.28,0.146,16.6,-1.8279037573855443,0.3115092212215025,3.952576155156322,2.0296210974825333,14.484105998488268,3.210085138647729,2.2336962257235458,1787260579.8377445
14.120620727539062,tr2,drive,2.0,-0.32,0.708,7152.0,7278.0,9.94,0.143,16.6,-1.7887819209722804,-0.04059874576949074,3.8834664485997905,2.0278632287154448,14.459397035687628,3.2422935402370396,2.19735508371645,1787260579.8576355
14.14046835899353,tr2,drive,2.0,-0.32,0.708,7152.0,7261.0,10.49,0.143,16.6,-1.7341382496196531,0.014139467975503361,3.795519058930722,3.340722791682281,14.434750496846743,3.276996036268507,2.1596820479911343,1787260579.87762
14.160427570343018,tr2,drive,2.0,-0.32,0.708,7152.0,7267.0,10.51,0.144,16.6,-1.7281429413736669,0.3438012384905704,4.1151527308331595,2.9793557435020364,14.398699304115565,3.316913357360946,2.1206948537346757,1787260579.8992133
14.180381298065186,tr2,drive,2.0,-0.32,0.708,7152.0,7267.0,10.22,0.145,16.6,-1.783781436551493,-0.0013532376216280895,3.680301716096011,2.589845224167805,14.377801416184846,3.3516733351599073,2.08592014118974,1787260579.9175372
14.200554609298706,tr2,drive,2.0,-0.32,0.708,7152.0,7278.0,10.01,0.144,16.6,-1.765249164315904,-0.23211817221797304,3.163488521887672,2.2558967401704386,14.358070181875807,3.3872538280200946,2.050337904953697,1787260579.9384317
14.220505714416504,tr2,drive,2.0,-0.32,0.708,7152.0,7276.0,10.12,0.145,16.6,-1.7524024746915254,0.2369669394600855,4.114821193691483,2.1781672911638914,14.339608893952777,3.423526452785107,2.0150813582483718,1787260579.9577062
14.240464925765991,tr2,drive,2.0,-0.32,0.708,7152.0,7274.0,10.14,0.144,16.6,-1.7517738355162122,0.13982447387832053,3.92291439832573,2.1434563047207846,14.322176907733102,3.4605529283817047,1.97980324330375,1787260579.9766889
14.260791778564453,tr2,drive,2.0,-0.32,0.708,7152.0,7282.0,10.02,0.143,16.6,-1.7572297204834029,0.2362783201522589,4.039120797730362,2.0477610914174056,14.313255108934435,3.481130952314628,1.9604961708886346,1787260579.9889822
14.280410766601562,tr2,drive,2.0,-0.32,0.708,7152.0,7285.0,9.89,0.144,16.6,-1.7644024122473136,0.3764720091697278,4.140002813697521,2.266877007951372,14.284280905873853,3.5460699043478985,1.9001743113714924,1787260580.0176992
14.302353382110596,tr2,drive,2.0,-0.32,0.708,7152.0,7292.0,9.76,0.144,16.6,-1.8027936104155142,0.4332182162414533,4.087143689577431,2.144772467970856,14.271442114736223,3.584732278459906,1.864724950399394,1787260580.0376344
14.320462942123413,tr2,drive,2.0,-0.32,0.708,7152.0,7294.0,9.65,0.144,16.6,-1.7640745771171247,-0.16011676158192145,3.73503107222254,2.086398674772312,14.259900961089427,3.624137849503628,1.828619740589394,1787260580.057711
14.34087061882019,tr2,drive,2.0,-0.32,0.708,7152.0,7262.0,10.29,0.143,16.6,-1.7163838867384764,-0.1300863651974966,3.2515341447839035,2.10356239463424,14.250821954948268,3.6585681578840954,1.797805312974173,1787260580.0743217
14.360602617263794,tr2,drive,2.0,-0.32,0.708,7152.0,7261.0,10.26,0.144,16.6,-1.7738001751019852,0.19582581873425653,4.091322987143798,2.2603296395261556,14.235661091944204,3.7171054367744474,1.746051262090368,1787260580.0999897
14.380372285842896,tr2,drive,2.0,-0.32,0.708,7152.0,7279.0,9.78,0.144,16.6,-1.78700359515438,0.5256978560468077,4.0001605058106975,2.3095587428120634,14.228927181588029,3.757235141660486,1.7104744958346976,1787260580.1176026
14.400500535964966,tr2,drive,2.0,-0.32,0.708,7152.0,7282.0,9.64,0.144,16.6,-1.7910232373456911,0.04647321517993852,3.57121108608402,2.159470798203221,14.223618979922898,3.797620230853076,1.6747123355770979,1787260580.1376498
14.420506000518799,tr2,drive,2.0,-0.32,0.708,7152.0,7263.0,10.04,0.143,16.6,-1.6958302752355172,-0.1649064719434179,3.763771307826886,2.087448547978828,14.219771580671045,3.8381191525446523,1.6393355203043902,1787260580.1576428
14.440535068511963,tr2,drive,2.0,-0.32,0.708,7152.0,7247.0,10.39,0.146,16.6,-1.697132294692457,0.15474090437129107,3.928927382799145,2.023833638782948,14.217349377326721,3.8784078673624136,1.6055790907294427,1787260580.1776116
14.460509061813354,tr2,drive,2.0,-0.32,0.708,7152.0,7273.0,9.75,0.144,16.6,-1.7697967781933235,0.35027633574578587,3.943097818178245,1.9013534333570048,14.216744820527834,3.9162001754134974,1.566416071835126,1787260580.1986248
14.480386972427368,tr2,drive,2.0,-0.32,0.708,7152.0,7260.0,9.83,0.143,16.6,-1.731835281067007,-0.09949418840895685,3.419608857573934,2.0173495691625227,14.217283532508898,3.956804647732546,1.5312099813561335,1787260580.2176414
14.50041389465332,tr2,drive,2.0,-0.32,0.708,7152.0,7246.0,10.17,0.142,16.6,-1.693704273737307,-0.22804434380844896,3.104745929126409,2.008339880015015,14.21924626607741,3.9973129842144584,1.4967546799343765,1787260580.237763
14.52063536643982,tr2,drive,2.0,-0.32,0.708,7152.0,7237.0,10.28,0.144,16.6,-1.651001950396486,0.3173952480196327,4.218872985399429,2.015273255409969,14.222594087303204,4.037687560986496,1.4630829604156463,1787260580.2576442
14.5432288646698,tr2,drive,2.0,-0.32,0.708,7152.0,7242.0,10.23,0.145,16.6,-1.7679171190959455,0.34736950199511796,3.9557041233034056,2.091759285796869,14.224785008977229,4.0579491314701235,1.4464936196811695,1787260580.266621
14.562082529067993,tr2,drive,2.0,-0.32,0.708,7152.0,7264.0,9.52,0.142,16.6,-1.793232329469912,0.041556652210318124,3.9411115189361396,2.12469324714605,14.230167076824845,4.0980937491146125,1.4111367610521681,1787260580.2867417
14.580376386642456,tr2,drive,2.0,-0.32,0.708,7152.0,7242.0,10.12,0.143,16.6,-1.7472352763864993,0.06376366557886692,3.6054102824550114,1.8056698299451508,14.235192445941852,4.130921134304216,1.366429233091528,1787260580.3176239
14.600425958633423,tr2,drive,2.0,-0.32,0.708,7152.0,7243.0,10.07,0.146,16.6,-1.726028924100362,0.2623905976593903,4.209861256250377,1.9065180511653486,14.243740960012438,4.170479415514433,1.3315873119104826,1787260580.3376772
14.620476007461548,tr2,drive,2.0,-0.32,0.708,7152.0,7239.0,9.97,0.142,16.6,-1.6961071108308312,-0.10848289414539192,3.78638073755738,1.9538758022883458,14.253654846677692,4.209689195170375,1.2972315858213208,1787260580.3577507
14.640520811080933,tr2,drive,2.0,-0.32,0.708,7152.0,7236.0,10.17,0.144,16.6,-1.735429483274178,0.02045880544897649,3.1333496322394296,1.9738047184529224,14.264926794090702,4.248603559733347,1.2630615874022002,1787260580.3779402
14.660407304763794,hold2,drive,2.0,-0.32,0.708,7152.0,7238.0,9.96,0.141,16.6,-1.7536459046044834,0.1801356553969775,3.868085054807267,2.0051927352738894,14.277496718316472,4.2870107499747,1.228308882147215,1787260580.3976536
14.680439472198486,hold2,drive,2.0,-0.32,0.708,7152.0,7240.0,9.95,0.144,16.6,-1.7330606014845527,0.44917479335329347,4.191789558421078,1.7711058023916153,14.285753191312516,4.315212953975726,1.1984492548457282,1787260580.418251
14.700599193572998,hold2,drive,2.0,-0.32,0.708,7152.0,7238.0,9.87,0.144,16.6,-1.7509274829217851,0.14274577035207248,4.000224240464036,1.9405773166232783,14.293192359363191,4.334260111439554,1.1808894227978661,1787260580.4270046
14.720512866973877,hold2,drive,2.0,-0.32,0.708,7152.0,7233.0,10.0,0.142,16.6,-1.7529283158487616,0.1403156034690376,3.651093703219459,2.0475981592831505,14.317195989457428,4.3899252224517245,1.1285118133229428,1787260580.457858
14.743287086486816,hold2,drive,2.0,-0.32,0.708,7152.0,7235.0,10.14,0.143,16.6,-1.7510846094260997,0.16295754006543994,4.054253100125436,1.9718291108997033,14.328075564635585,4.412898541337612,1.1064581416708668,1787260580.472019
14.760433673858643,hold2,drive,2.0,-0.32,0.708,7152.0,7245.0,9.67,0.143,16.6,-1.7012739096616938,0.1011118115521299,3.4242638261539753,2.2739407988625606,14.354078836435,4.470373193710263,1.0585467929131906,1787260580.4986258
14.780390739440918,hold2,drive,2.0,-0.32,0.708,7152.0,7221.0,10.11,0.142,16.6,-1.6594164741767004,-0.0744492927560163,3.5805245315736443,2.196394912501566,14.374246677117478,4.505517086826576,1.0246452088754268,1787260580.517607
14.800415992736816,hold2,drive,2.0,-0.32,0.708,7152.0,7221.0,10.12,0.142,16.6,-1.6969249676015943,0.14191585855372502,3.519534853741021,2.089513709472839,14.39548233555156,4.5397992009763355,0.9913355083582952,1787260580.5377553
14.820581197738647,hold2,drive,2.0,-0.32,0.708,7152.0,7209.0,10.29,0.144,16.6,-1.734555700120523,0.16100575766970948,3.9952277944752836,2.0533667146605197,14.417879688567268,4.573382240626202,0.957192017502607,1787260580.5575955
14.840535163879395,hold2,drive,2.0,-0.32,0.708,7152.0,7244.0,9.7,0.144,16.6,-1.7502122910110445,0.48631276389182077,3.813106314922493,2.0726032126402476,14.442661661408522,4.608166257319718,0.9205364780436854,1787260580.5777652
14.860374450683594,hold2,drive,2.0,-0.32,0.708,7152.0,7244.0,9.52,0.141,16.6,-1.7213674600863416,-0.1010672173945979,3.649169384465921,2.187537903122085,14.46738542885178,4.64854723053597,0.8870536397053922,1787260580.5990975
14.880398511886597,hold2,drive,2.0,-0.32,0.708,7152.0,7225.0,10.12,0.143,16.6,-1.666420721001663,0.21977438881428846,3.784760766391571,2.186381600334834,14.493193044703421,4.679660335391495,0.8531741076306404,1787260580.617515
14.9004487991333,hold2,drive,2.0,-0.32,0.708,7152.0,7228.0,9.86,0.144,16.6,-1.712523501580352,0.32424913523003696,3.5737905853794416,2.081053483428234,14.52004986635243,4.709908393105131,0.8196069229810902,1787260580.637787
14.92050838470459,hold2,drive,2.0,-0.32,0.708,7152.0,7231.0,9.85,0.142,16.6,-1.7289939545000017,-0.05519258353386114,3.7349249452539084,2.0535807595798112,14.547887968044671,4.739208975570117,0.7852998843262188,1787260580.6575196
14.94061279296875,hold2,drive,2.0,-0.32,0.708,7152.0,7237.0,9.72,0.142,16.6,-1.6894221770205686,-0.27376489439387797,3.1302944619303332,2.102567426584007,14.562275986130265,4.753594165851507,0.7679165885814329,1787260580.6666973
14.960686445236206,hold2,drive,2.0,-0.32,0.708,7152.0,7215.0,10.09,0.141,16.6,-1.684460175277533,0.1614551893020213,3.736669462118442,2.594005948309128,14.620805592089352,4.814919490499144,0.7069251167364238,1787260580.6991012
14.980473279953003,hold2,drive,2.0,-0.32,0.708,7152.0,7221.0,9.97,0.144,16.6,-1.6933548670022884,0.3538445261601346,4.176430968770575,2.3895677428857542,14.651746810254181,4.840881976614364,0.6731860406197353,1787260580.7175028
15.000612735748291,hold2,drive,2.0,-0.32,0.708,7152.0,7223.0,9.72,0.145,16.6,-1.7484350304575798,0.1369865550488294,3.9100894073258132,2.1812783208181434,14.683621316336959,4.865848018395184,0.6389892801295332,1787260580.737771
15.020548820495605,hold2,drive,2.0,-0.32,0.708,7152.0,7228.0,9.78,0.142,16.6,-1.7982759571003584,0.21332651765811939,3.930277212590255,2.094167746010328,14.716312565105763,4.8896887360637695,0.6037515320890338,1787260580.757739
15.040863037109375,hold2,drive,2.0,-0.32,0.708,7152.0,7236.0,9.69,0.143,16.6,-1.798196328583765,0.29729416427604605,3.9920299520981644,1.9974705065657592,14.749848795086741,4.912381345097786,0.5677669014648401,1787260580.7784927
15.06043028831482,hold2,drive,2.0,-0.32,0.708,7152.0,7236.0,9.53,0.141,16.6,-1.7348525094240124,0.009335290322785461,3.7199733218302242,1.9562136346347867,14.781542145794784,4.934578014369216,0.5323741966440522,1787260580.7988203
15.080399990081787,hold2,drive,2.0,-0.32,0.708,7152.0,7219.0,9.89,0.143,16.6,-1.6911279316987642,0.05508312182490993,3.3373753672848636,2.053319031093416,14.816478906468985,4.954748085470527,0.4979398885499296,1787260580.8175404
15.100500345230103,hold2,drive,2.0,-0.32,0.708,7152.0,7214.0,10.0,0.144,16.6,-1.7849602848080166,0.4170368502232584,3.7812653007250105,2.026333048680221,14.852088394460365,4.973711786317348,0.4636634345456299,1787260580.8375401
15.120538234710693,hold2,drive,2.0,-0.32,0.708,7152.0,7218.0,9.83,0.144,16.6,-1.7499599564977593,-0.1429659363033542,4.360965594326359,1.9920995073976542,14.88836920532705,4.991446628930711,0.42813466821161605,1787260580.8579822
15.140752077102661,hold2,drive,2.0,-0.32,0.708,7152.0,7233.0,9.52,0.142,16.6,-1.729128310976996,0.1622978827488808,3.6889623199301127,2.1007026359975844,14.906804084344463,4.999859667609957,0.4105800009018928,1787260580.86659
15.16039776802063,hold2,drive,2.0,-0.32,0.708,7152.0,7214.0,9.78,0.139,16.6,-1.7543259427888351,0.22658652324863837,4.149265973130383,2.717898899688195,14.96395050207005,5.025835541872734,0.3585643689371435,1787260580.8986652
15.180388927459717,hold2,drive,2.0,-0.32,0.708,7152.0,7208.0,9.99,0.144,16.6,-1.7551979948877816,0.3317210000711448,3.829373854285052,2.4116580274674826,15.001855154616665,5.039656117591352,0.3234649117858578,1787260580.9176779
15.200522422790527,hold2,drive,2.0,-0.32,0.708,7152.0,7221.0,9.68,0.145,16.6,-1.7425331991658555,0.17955937572467917,3.5624896712045313,2.2093831080730086,15.040220190580603,5.05214429218494,0.2884580275220295,1787260580.9375432
15.22043514251709,hold2,drive,2.0,-0.32,0.708,7152.0,7234.0,9.38,0.143,16.6,-1.7313543141741385,0.03893071322984509,3.7190710964164566,2.1041405388193906,15.079093370100008,5.063316704299547,0.25365896997734133,1787260580.9575713
15.240633010864258,hold2,drive,2.0,-0.32,0.708,7152.0,7227.0,9.6,0.14,16.6,-1.743712846370706,0.055364016595104815,3.3901298262402975,2.1475900921582616,15.098746777088987,5.068411714776246,0.23625980907186903,1787260580.966599
15.260412693023682,hold2,drive,2.0,-0.32,0.708,7152.0,7202.0,10.03,0.141,16.6,-1.7282590551971941,0.17599284811235272,3.751077586823982,2.0389801991711463,15.159048696947822,5.084846655158653,0.18455002336069318,1787260580.9986672
15.280391216278076,hold2,drive,2.0,-0.32,0.708,7152.0,7197.0,10.04,0.144,16.6,-1.7311702897428143,0.35173700682334896,3.9386425320212766,2.0709675498854674,15.198719047666277,5.091889038774246,0.14996179135884258,1787260581.017825
15.300535202026367,hold2,drive,2.0,-0.32,0.708,7152.0,7227.0,9.32,0.143,16.6,-1.7789901434343316,0.0306289388744585,3.696511952742725,2.046442932611522,15.238711599847644,5.097582542007623,0.1151058394360964,1787260581.0376534
15.32041311264038,hold2,drive,2.0,-0.32,0.708,7152.0,7214.0,9.75,0.142,16.6,-1.7409310414540635,0.012173195447864327,3.8238084741889793,2.0289608712325036,15.278863861987814,5.101861309036343,0.07969134864123481,1787260581.0575595
15.34036111831665,hold2,drive,2.0,-0.32,0.708,7152.0,7205.0,9.93,0.141,16.6,-1.7105150786442687,0.2135384792345878,4.02762312474033,2.0289608712325036,15.278863861987814,5.101861309036343,0.07969134864123481,1787260581.0575595
15.360438108444214,hold2,drive,2.0,-0.32,0.708,7152.0,7198.0,9.89,0.143,16.6,-1.6826324478214116,-0.0030113710074761713,3.351605736626965,2.4592124765184433,15.364786122838245,5.11070834242397,0.011585699663378555,1787260581.098599
15.380555868148804,hold2,drive,2.0,-0.32,0.708,7152.0,7206.0,9.65,0.143,16.6,-1.6850680417963437,0.0797330563161811,3.3397306258504216,2.2889152863096087,15.405088393274104,5.110831672565948,-0.022066951656325585,1787260581.1174955
15.400471448898315,hold2,drive,2.0,-0.32,0.708,7152.0,7210.0,9.67,0.144,16.6,-1.7649548850154506,0.32363119414443275,3.8897905049592225,2.140864801116839,15.445407032276837,5.109599670181525,-0.05617569724935966,1787260581.137512
15.420589923858643,hold2,drive,2.0,-0.32,0.708,7152.0,7205.0,9.77,0.142,16.6,-1.7581876595275046,-0.0908119498760156,4.085614934979702,2.0642612310276105,15.485631148795237,5.106977800749316,-0.09144389936769365,1787260581.15759
15.440763473510742,hold2,drive,2.0,-0.32,0.708,7152.0,7207.0,9.72,0.141,16.6,-1.7067480372823516,0.16432032509428396,3.675055886349014,2.1191600985540884,15.505790777977474,5.105129170030471,-0.10909252238063567,1787260581.1665983
15.460453033447266,hold2,drive,2.0,-0.32,0.708,7152.0,7196.0,9.81,0.142,16.6,-1.7270762121990353,0.39348159677542327,3.632865300003971,2.001852493116873,15.565641382377127,5.097534439486976,-0.16044664585256765,1787260581.1981199
15.480405330657959,hold2,drive,2.0,-0.32,0.708,7152.0,7198.0,9.8,0.143,16.6,-1.7681713178219935,0.19874714261683302,4.020142196714573,2.17864850360713,15.612511223109623,5.093329749603052,-0.19485009504121262,1787260581.2176898
15.500547647476196,hold2,drive,2.0,-0.32,0.708,7152.0,7205.0,9.63,0.143,16.6,-1.7189415866493885,-0.17132536283576982,3.619697662152163,2.088048032603261,15.6519241093992,5.0851861993050775,-0.229915853259493,1787260581.2376533
15.520473003387451,hold2,drive,2.0,-0.32,0.708,7152.0,7200.0,9.8,0.142,16.6,-1.6592344471161933,0.08063362806420127,3.5606770342747325,2.045968719334237,15.691045334999732,5.075670059545032,-0.2639795599472392,1787260581.2575629
15.54065489768982,hold2,drive,2.0,-0.32,0.708,7152.0,7198.0,9.8,0.14,16.6,-1.696947870786969,0.17222713143579504,3.5582147716581574,2.103565305251468,15.710597019822702,5.070385488158497,-0.2806509317795591,1787260581.2666128
15.560580730438232,hold2,drive,2.0,-0.32,0.708,7152.0,7183.0,10.0,0.143,16.6,-1.7265840600295888,0.17770547937766779,3.7249256213389117,1.9813245334923537,15.771012342366985,5.051804285206458,-0.3340181181336661,1787260581.2995176
15.580378293991089,hold2,drive,2.0,-0.32,0.708,7152.0,7201.0,9.61,0.144,16.6,-1.7206883540083715,0.3083486548457621,4.340941511107189,2.5179639393888804,15.825323938663947,5.0348381867788845,-0.3765054091866264,1787260581.3175495
15.600448608398438,hold2,drive,2.0,-0.32,0.708,7152.0,7204.0,9.49,0.142,16.6,-1.787003328838271,0.252291140172062,3.837218479139949,2.247144463722429,15.86262797001232,5.0197117718055075,-0.41120677064593986,1787260581.337656
15.620456457138062,hold2,drive,2.0,-0.32,0.708,7152.0,7200.0,9.84,0.141,16.6,-1.7595272295558144,0.14121447586993607,3.7758399614498046,2.1198586777749435,15.89937506224018,5.003289393402114,-0.44677994158459755,1787260581.357643
15.64097547531128,hold2,drive,2.0,-0.32,0.708,7152.0,7185.0,9.99,0.141,16.6,-1.7360278955711186,0.15104585678068094,3.500271785671572,2.0565445493626147,15.935495845236549,4.985579905804018,-0.4818671715728042,1787260581.3776379
15.660643577575684,hold2,drive,2.0,-0.32,0.708,7152.0,7180.0,9.93,0.143,16.6,-1.7674220374493,0.2538496790257945,3.8147233624803505,2.0246554958056753,15.972627031817302,4.96571742584372,-0.5185961407586186,1787260581.3986857
15.680416822433472,hold2,drive,2.0,-0.32,0.708,7152.0,7186.0,9.64,0.14,16.6,-1.7557471387045558,-0.19820972865773712,3.6967636753873307,2.07018575786576,16.008083606941128,4.947243944056429,-0.5539415451417246,1787260581.417537
15.700396060943604,hold2,drive,2.0,-0.32,0.708,7152.0,7167.0,10.3,0.143,16.6,-1.6821857025485507,0.1354135351994632,3.7803984509674535,2.02754357479783,16.04200646963153,4.92583384371467,-0.5886878303860693,1787260581.4375682
15.720584630966187,hold2,drive,2.0,-0.32,0.708,7152.0,7173.0,9.99,0.142,16.6,-1.7028514331334021,0.09333183497805564,3.8274372563781185,2.009503327606106,16.075206710089567,4.903253902091866,-0.622450576189902,1787260581.4575524
15.741278886795044,hold2,drive,2.0,-0.32,0.708,7152.0,7189.0,9.7,0.142,16.6,-1.706146562350157,0.23433927372366625,3.705570459618997,1.994514436790353,16.107619311822845,4.879576795036534,-0.6564731890651121,1787260581.4776213
15.760457992553711,hold2,drive,2.0,-0.32,0.708,7152.0,7191.0,9.64,0.141,16.6,-1.7623774777124719,0.1608499659110052,3.7254539172957095,1.6734970248782859,16.1303107601286,4.860871114679679,-0.6872091252617099,1787260581.498938
15.780402660369873,hold2,drive,2.0,-0.32,0.708,7152.0,7180.0,9.83,0.143,16.6,-1.7731500974798968,0.22936826312409053,3.984846939722644,1.9214126658896178,16.161148006109173,4.835110424235264,-0.7225455983634486,1787260581.5175636
15.800516366958618,hold2,drive,2.0,-0.32,0.708,7152.0,7183.0,9.87,0.142,16.6,-1.721663470441504,-0.07471572480312716,3.7278565383100783,1.9445586961459793,16.1911678033933,4.808171885465963,-0.7579061338268679,1787260581.537921
15.820836782455444,hold2,drive,2.0,-0.32,0.708,7152.0,7182.0,9.83,0.141,16.6,-1.7160922705991124,-0.004149435652026856,3.4865632803487756,1.976664774335023,16.219930690078208,4.780481726636648,-0.7921124380113407,1787260581.5576627
15.840462446212769,hold2,drive,2.0,-0.32,0.708,7152.0,7178.0,9.88,0.141,16.6,-1.7499309280418773,0.39548956726146756,3.653583155389981,1.8842094038844182,16.247936630384377,4.751719248251659,-0.8266139364297762,1787260581.5782342
15.860400438308716,hold2,drive,2.0,-0.32,0.708,7152.0,7165.0,10.13,0.142,16.6,-1.778952193388798,0.2108546436804044,3.843490495277848,1.7900254295693991,16.271987747482253,4.7254724681803895,-0.8582156517104259,1787260581.5990522
15.88041067123413,hold2,drive,2.0,-0.32,0.708,7152.0,7173.0,9.83,0.142,16.6,-1.682190496238513,0.055463588286533305,4.086202580177911,1.9832038175204751,16.298025178353885,4.694790684825339,-0.892936705874915,1787260581.617677
15.900612354278564,hold2,drive,2.0,-0.32,0.708,7152.0,7180.0,9.72,0.144,16.6,-1.7436011267629772,0.2906088230640336,3.789316917022859,1.9889485422081445,16.322846887418944,4.6634260926431415,-0.9270743599720187,1787260581.637587
15.920485258102417,hold2,drive,2.0,-0.32,0.708,7152.0,7188.0,9.72,0.141,16.6,-1.7864928008573029,0.15635564958788706,3.8585444449798274,1.989184430118084,16.346683146031662,4.631085354429338,-0.9621560157569923,1787260581.6576207
15.940765619277954,hold2,drive,2.0,-0.32,0.708,7152.0,7171.0,10.0,0.14,16.6,-1.7736997739288891,-0.16723874364145885,3.3726504513819293,2.050055194571791,16.36102249793523,4.610509352650245,-0.9844820690768535,1787260581.6690617
15.960439682006836,hold2,drive,2.0,-0.32,0.708,7152.0,7178.0,9.86,0.142,16.6,-1.7342297292030973,0.13888217676307058,3.585899877152883,2.034559605195735,16.395967799004392,4.565888225918742,-1.0281667889571653,1787260581.698891
15.98190426826477,hold2,drive,2.0,-0.32,0.708,7152.0,7175.0,9.78,0.141,16.6,-1.7105498328964943,0.2091837286460443,4.000080691313627,2.0499146472472756,16.41645713320559,4.531231711098791,-1.06272607368065,1787260581.7185826
16.000505924224854,hold2,drive,2.0,-0.32,0.708,7152.0,7162.0,10.13,0.143,16.6,-1.7515831531821624,0.3232941021476492,3.6645820608635233,2.0640302059998783,16.435604560838318,4.496132224707791,-1.0972572470862645,1787260581.7376373
16.020520210266113,hold2,drive,2.0,-0.32,0.708,7152.0,7170.0,9.84,0.141,16.6,-1.7422928488774756,-0.11481838912093334,3.7594817902407556,2.021595977758195,16.453571688194465,4.460297520821581,-1.132183976367937,1787260581.7577116
16.040775775909424,hold2,drive,2.0,-0.32,0.708,7152.0,7174.0,9.93,0.141,16.6,-1.725770597474624,0.24837134935647143,3.89230363835415,2.0910185121998004,16.462108250137263,4.44209924999168,-1.149643387045339,1787260581.7666335
16.060446977615356,hold2,drive,2.0,-0.32,0.708,7152.0,7177.0,9.75,0.141,16.6,-1.745460678994125,0.4091717601127023,4.0956043186276645,2.0440722222855987,16.485729747853995,4.386840215921098,-1.2015372260433363,1787260581.7976513
16.08039116859436,hold2,drive,2.0,-0.32,0.708,7152.0,7171.0,9.85,0.142,16.6,-1.7853883879532468,0.2947805557948264,3.928085676069969,2.034167769455074,16.502267299032425,4.349755474282569,-1.2339066918907224,1787260581.8177514
16.100473403930664,hold2,drive,2.0,-0.32,0.708,7152.0,7173.0,9.81,0.143,16.6,-1.7724500855873695,0.01006563042970443,3.5524900549287395,2.0197423057335957,16.515154756249387,4.311879750875571,-1.2694519577898065,1787260581.8375416
16.120407342910767,hold2,drive,2.0,-0.32,0.708,7152.0,7184.0,9.7,0.142,16.6,-1.7056144627643592,-0.026385369898606292,3.2783909921460292,1.9991657511327334,16.526748468855555,4.273389531687571,-1.3045924005458767,1787260581.857686
16.140593767166138,hold2,drive,2.0,-0.32,0.708,7152.0,7169.0,10.01,0.141,16.6,-1.6973936839534483,0.2361514721122724,3.9827091975886617,1.9881962245284692,16.536970960374386,4.234586063177839,-1.3386846562585604,1787260581.877825
16.16039776802063,hold2,drive,2.0,-0.32,0.708,7152.0,7162.0,10.03,0.142,16.6,-1.7738077651110917,0.35075471109681544,4.065552844857166,1.8863476198056897,16.54857865285561,4.1986127766247465,-1.3694797499617837,1787260581.8990068
16.180380821228027,hold2,drive,2.0,-0.32,0.708,7152.0,7170.0,9.74,0.143,16.6,-1.7700375279558667,0.19797510911964622,4.071557935589112,2.022134700915242,16.556265523109293,4.159163559882228,-1.405000995527673,1787260581.917745
16.20046901702881,hold2,drive,2.0,-0.32,0.708,7152.0,7173.0,9.85,0.145,16.6,-1.7786137056142488,0.23049016113029808,3.347632261060369,2.0142535984511154,16.562525003230693,4.11962184970308,-1.4403762036474232,1787260581.9375486
16.220435619354248,hold2,drive,2.0,-0.32,0.708,7152.0,7183.0,9.61,0.141,16.6,-1.7920461575203903,0.26658962957942833,3.8335095900929446,2.0016391506587983,16.567396781395082,4.079773398958627,-1.476004939104595,1787260581.9575727
16.240705728530884,hold2,drive,2.0,-0.32,0.708,7152.0,7170.0,9.97,0.141,16.6,-1.7536686746318035,-0.14352770757119426,3.824354311793485,2.064066812140477,16.569342024231865,4.059313596389631,-1.494364854510275,1787260581.9668734
16.260483026504517,hold2,drive,2.0,-0.32,0.708,7152.0,7180.0,9.72,0.142,16.6,-1.669203990656905,0.29622675501303064,3.723543924221133,3.447895982372394,16.58103735404303,3.9569163638921516,-1.5643228735604344,1787260581.998815
16.280407667160034,hold2,drive,2.0,-0.32,0.708,7152.0,7173.0,9.69,0.14,16.6,-1.728412320117928,0.17850645659357234,3.700060920434794,2.776422340222704,16.580941260836163,3.9166398827393825,-1.5982830222679665,1787260582.0177135
16.300445318222046,hold2,drive,2.0,-0.32,0.708,7152.0,7165.0,10.0,0.144,16.6,-1.740642354791899,0.12788381946601923,3.4765022683060067,2.364544690452334,16.5794805436174,3.876644757150808,-1.6328382886355055,1787260582.0378964
16.320469617843628,hold2,drive,2.0,-0.32,0.708,7152.0,7165.0,9.88,0.141,16.6,-1.7078927970769222,-0.0679325158149453,3.8310990753371073,2.198085963581524,16.576639142912022,3.8367041922531993,-1.6674374521815178,1787260582.0575562
16.340630054473877,hold2,drive,2.0,-0.32,0.708,7152.0,7162.0,9.99,0.141,16.6,-1.707402908594402,0.313392097832331,4.12804291829039,2.207156097092794,16.574692997350546,3.816629062768611,-1.6845837325532966,1787260582.0666075
16.36040234565735,hold2,drive,2.0,-0.32,0.708,7152.0,7176.0,9.67,0.142,16.6,-1.82312804376076,0.6060282968301856,3.8731709631993283,1.6904099227723206,16.5707625115172,3.7830001070544435,-1.7273519927163024,1787260582.0988712
16.380379676818848,hold2,drive,2.0,-0.32,0.708,7152.0,7160.0,9.9,0.141,16.6,-1.7890616860447932,-0.12068994405970468,3.104098934686789,1.913267819203661,16.564145680431885,3.743375523894953,-1.763626121899612,1787260582.1177742
16.400451183319092,hold2,drive,2.0,-0.32,0.708,7152.0,7157.0,10.07,0.142,16.6,-1.6947536923648527,0.0007381653263260901,3.2050718748612326,1.9595694850662513,16.556167108074867,3.704339143888759,-1.7987884829264424,1787260582.1375103
16.420522212982178,hold2,drive,2.0,-0.32,0.708,7152.0,7159.0,9.95,0.143,16.6,-1.6959278800894686,-0.0005667276969449908,3.6804818103458103,1.971490211502411,16.54679792055874,3.665438395105082,-1.8326803691969356,1787260582.1575272
16.440739631652832,hold2,drive,2.0,-0.32,0.708,7152.0,7149.0,10.1,0.141,16.6,-1.7022835140309427,0.2372061271356003,4.176048560850546,2.044755155594788,16.54159360922559,3.646022215616375,-1.849730514058687,1787260582.1665995
16.46038031578064,hold2,drive,2.0,-0.32,0.708,7152.0,7154.0,10.02,0.141,16.6,-1.74792769826992,0.17964452580626045,3.2872822686474876,1.63679056947334,16.529712774936137,3.6008704155872517,-1.8961070642600075,1787260582.1987202
16.48049020767212,hold2,drive,2.0,-0.32,0.708,7152.0,7150.0,10.03,0.141,16.6,-1.6715434445164852,0.06370746835227825,3.9694389410977635,1.8562359071244539,16.516555015110292,3.5629253542107007,-1.9304770066407737,1787260582.2182074
16.50048065185547,hold2,drive,2.0,-0.32,0.708,7152.0,7157.0,10.02,0.143,16.6,-1.6682397931842419,0.29737756019285655,3.793063520612435,1.9382672259708387,16.502245267014153,3.5257883172194147,-1.9637209520005146,1787260582.2378576
16.52052330970764,hold2,drive,2.0,-0.32,0.708,7152.0,7152.0,9.94,0.141,16.6,-1.7613988991699223,0.2914242538667473,4.180089864121612,1.9769094567405117,16.48662273803615,3.4889563105225823,-1.9980296597196425,1787260582.2575624
16.54064965248108,hold2,drive,2.0,-0.32,0.708,7152.0,7152.0,10.08,0.142,16.6,-1.7827206994893146,0.10938635295626398,3.770342701418997,2.0327143053327443,16.476876595570964,3.46754923407388,-2.0187710315661618,1787260582.2684371
16.560608625411987,hold2,drive,2.0,-0.32,0.708,7152.0,7152.0,10.09,0.143,16.6,-1.722876274001926,-0.041849127208882564,3.089134155027324,2.108606810444181,16.460830201369436,3.434839388054396,-2.051349412456037,1787260582.2866209
16.580429315567017,hold2,drive,2.0,-0.32,0.708,7152.0,7155.0,9.88,0.14,16.6,-1.7038639669798503,0.05645864282089175,3.48837679436096,1.7721941952080644,16.437802618431792,3.39116429140054,-2.0990370043209383,1787260582.318386
16.600448608398438,hold2,drive,2.0,-0.32,0.708,7152.0,7138.0,10.28,0.141,16.6,-1.7447437560286756,0.3488863428904452,4.008741879869319,1.9116663186290288,16.417621557608218,3.357239447754888,-2.132935621479235,1787260582.337598
16.62065362930298,hold2,drive,2.0,-0.32,0.708,7152.0,7146.0,10.1,0.143,16.6,-1.731562040739165,-0.028728742170587296,4.1106190919830965,1.9432015604065542,16.396036218193657,3.3236203067539436,-2.1677627192291835,1787260582.3576887
16.64076328277588,hold2,drive,2.0,-0.32,0.708,7152.0,7140.0,10.25,0.143,16.6,-1.7081796195263235,0.08553569633377567,3.5702828405594857,2.0221470003427457,16.383195881080603,3.304728916690082,-2.1875755004668824,1787260582.3680415
16.660516023635864,hold2,drive,2.0,-0.32,0.708,7152.0,7167.0,9.76,0.142,16.6,-1.7752219036499237,0.3637321317062927,3.857765303460809,2.0248626498231985,16.34937320250327,3.2586197167109487,-2.2367813859156818,1787260582.3976247
16.68044090270996,hold2,drive,2.0,-0.32,0.708,7152.0,7160.0,9.76,0.139,16.6,-1.7545784104601747,-0.12920199206478156,3.564185948537869,1.8236847228875965,16.329172007702915,3.2336016757310353,-2.2696078384504843,1787260582.4181223
16.70053744316101,hold2,drive,2.0,-0.32,0.708,7152.0,7161.0,10.06,0.142,16.6,-1.6822122010013971,0.11871210500810836,3.8012200944357346,1.9349718968371503,16.303250775261894,3.2032829101501545,-2.304220548929676,1787260582.4375284
16.720434188842773,hold2,drive,2.0,-0.32,0.708,7152.0,7160.0,9.84,0.142,16.6,-1.717199213506204,0.3047677101917259,3.9318714560060926,1.9481656264258331,16.276177897151427,3.173734666224946,-2.3380828822000215,1787260582.457802
16.740641832351685,hold2,drive,2.0,-0.32,0.708,7152.0,7159.0,10.01,0.143,16.6,-1.7573833848783007,0.3075911480255833,3.9697406574383365,1.9429389251515081,16.24781736649204,3.144828937442039,-2.3730313326141705,1787260582.4786294
16.76038146018982,hold2,drive,2.0,-0.32,0.708,7152.0,7166.0,9.88,0.141,16.6,-1.7611706662645024,-0.02034524155261863,3.2584192415091877,1.9638658128817053,16.22208710481458,3.119044843932736,-2.405765617718608,1787260582.4976032
16.78042435646057,hold2,drive,2.0,-0.32,0.708,7152.0,7148.0,10.12,0.139,16.6,-1.7134880985271785,-0.02492301774647121,3.849137736396557,1.9425972023447686,16.192089748103346,3.0923632954646756,-2.440897628685652,1787260582.5183494
16.80043053627014,hold2,drive,2.0,-0.32,0.708,7152.0,7150.0,10.11,0.141,16.6,-1.7461560303547445,0.43876718758789934,4.080331975411724,2.002345803352012,16.161535632892587,3.067033042537588,-2.4750741296860954,1787260582.5375059
16.820844173431396,hold2,drive,2.0,-0.32,0.708,7152.0,7153.0,9.89,0.144,16.6,-1.7920867707270143,0.22254163855783204,3.870517788983534,1.992898535314541,16.129832524986263,3.04253949930521,-2.5102833744757866,1787260582.5575314
16.840763092041016,hold2,drive,2.0,-0.32,0.708,7152.0,7164.0,9.82,0.142,16.6,-1.7681564041198894,-0.10146046093659589,3.356888111473353,1.963069589080654,16.097143510917668,3.019081804426571,-2.5460497772875934,1787260582.5781841
16.860408544540405,hold2,drive,2.0,-0.32,0.708,7152.0,7169.0,9.84,0.143,16.6,-1.7032795362786324,-0.15947155785217149,3.387702939279933,1.9780644960705835,16.064484004507797,2.9947539904809766,-2.5788822446603312,1787260582.5986342
16.880383014678955,hold2,drive,2.0,-0.32,0.708,7152.0,7164.0,9.77,0.14,16.6,-1.6832538964617814,0.06742978315517156,3.6770030092445722,2.0311046661773204,16.03036071527074,2.9736344247766535,-2.612906994538669,1787260582.6179125
16.900500297546387,hold2,drive,2.0,-0.32,0.708,7152.0,7154.0,10.12,0.142,16.6,-1.7147959769385166,0.6055370941492697,4.39886315475573,2.02591895810288,15.995765414308623,2.9538155592813258,-2.6466052342690567,1787260582.6374917
16.920422554016113,hold2,drive,2.0,-0.32,0.708,7152.0,7160.0,9.86,0.142,16.6,-1.7736720770535523,0.05641864420960818,3.909190690241587,1.9951979561451672,15.96032801303952,2.9350766614383255,-2.6812359617822072,1787260582.6577177
16.940518856048584,hold2,drive,2.0,-0.32,0.708,7152.0,7154.0,10.02,0.143,16.6,-1.7390391318156715,-0.06641566578334324,3.635055959441871,1.9693178868602166,15.924297534883749,2.9176083564934836,-2.716558517382372,1787260582.6781888
16.960416793823242,hold2,drive,2.0,-0.32,0.708,7152.0,7174.0,9.66,0.14,16.6,-1.762790267681434,0.2143794733343256,3.6873253918381863,2.040550237055418,15.884919341024174,2.8970226111395854,-2.7498551887451583,1787260582.699282
16.9803786277771,hold2,drive,2.0,-0.32,0.708,7152.0,7145.0,10.23,0.14,16.6,-1.785067610199947,0.30087686309485306,3.831486745751448,2.1042941087612395,15.84774606319213,2.8820590100851535,-2.7852935639523926,1787260582.7179286
17.000447034835815,hold2,drive,2.0,-0.32,0.708,7152.0,7150.0,10.11,0.143,16.6,-1.7176785825024183,0.026640212581072742,3.7291280154080937,2.0566903749407044,15.810190957487027,2.8684667067619527,-2.8206008008599173,1787260582.7376592
17.020500659942627,hold2,drive,2.0,-0.32,0.708,7152.0,7153.0,9.85,0.142,16.6,-1.6981204606149307,0.04121960132677138,3.222531076824737,2.014958824613195,15.772132775061621,2.8561773960814096,-2.8548394205832213,1787260582.7577546
17.040949821472168,hold2,drive,2.0,-0.32,0.708,7152.0,7177.0,9.61,0.143,16.6,-1.7360425429571142,0.3831301242826939,4.148913386011458,1.9612789695537134,15.73324930264919,2.8450646362973506,-2.8892669171570375,1787260582.7788801
17.060388326644897,hold2,drive,2.0,-0.32,0.708,7152.0,7164.0,9.86,0.142,16.6,-1.751175290061217,-0.01243673586398586,3.5587100308451056,2.1513101615711197,15.689170225900252,2.8294443866002683,-2.9231941551373986,1787260582.7990217
17.080378770828247,hold2,drive,2.0,-0.32,0.708,7152.0,7145.0,10.24,0.141,16.6,-1.7022112092073471,0.041094457202043966,4.119733147410443,2.136922071155849,15.649956279328439,2.821109216512549,-2.9578112315899276,1787260582.8180034
17.10043740272522,hold2,drive,2.0,-0.32,0.708,7152.0,7152.0,9.99,0.141,16.6,-1.7665874027636692,0.646832325559231,3.992392479484124,2.074026030956551,15.61059505388838,2.81414414206237,-2.9921391976199594,1787260582.837734
17.12037968635559,hold2,drive,2.0,-0.32,0.708,7152.0,7172.0,9.6,0.143,16.6,-1.8449049783104468,0.27001653663953107,3.671434120818958,2.032231852894019,15.570956274275636,2.8085291202913676,-3.0278049070669693,1787260582.8576794
17.140385389328003,hold2,drive,2.0,-0.32,0.708,7152.0,7162.0,9.84,0.141,16.6,-1.7874816325700493,-0.2623171054645148,3.143994488790071,2.0059435868184794,15.531106549636434,2.8043485719240113,-3.064425197006633,1787260582.877765
17.160485982894897,hold2,drive,2.0,-0.32,0.708,7152.0,7140.0,10.33,0.142,16.6,-1.6684172928708958,-0.2559671386296145,3.38055968797255,1.9931821190467671,15.491237588442342,2.801634341934802,-3.0995810628092473,1787260582.897795
17.180389165878296,hold2,drive,2.0,-0.32,0.708,7152.0,7140.0,10.23,0.141,16.6,-1.689299138978207,0.21494296222183706,4.209965629054238,2.32538896134399,15.436327402116584,2.792123662887481,-3.1334781809732437,1787260582.9179304
17.20047163963318,hold2,drive,2.0,-0.32,0.708,7152.0,7153.0,9.9,0.142,16.6,-1.730563887962603,0.4304654200847189,3.971552124924955,2.1699058196524934,15.396333208388784,2.792144034057897,3.115744066095478,1787260582.9375768
17.22040057182312,hold2,drive,2.0,-0.32,0.708,7152.0,7162.0,9.72,0.14,16.6,-1.7793476728106747,0.09813431785178928,3.596022284962629,2.0740872794028133,15.356348208169402,2.7935259066742364,3.0809333678722166,1787260582.9575956
17.24040913581848,hold2,drive,2.0,-0.32,0.708,7152.0,7147.0,10.14,0.143,16.6,-1.7209583985429056,-0.02353301575485567,4.0469449573296,2.0104399312044414,15.316431971972479,2.7963146604743683,3.0456225746893075,1787260582.977964
17.260425567626953,hold2,drive,2.0,-0.32,0.708,7152.0,7148.0,10.08,0.143,16.6,-1.7530256543866038,0.3782987525078916,3.922675247195315,2.144442224018431,15.269438373796534,2.797397555771386,3.010556186047044,1787260582.998678
17.2804217338562,hold2,drive,2.0,-0.32,0.708,7152.0,7152.0,10.06,0.141,16.6,-1.8170830675604435,0.29535683546712477,3.898380065120108,2.1084007343165374,15.229730905387012,2.8029918171043535,2.9751020062818068,1787260583.017958
17.300395488739014,hold2,drive,2.0,-0.32,0.708,7152.0,7151.0,9.95,0.14,16.6,-1.7830107177320242,0.06105259478936231,3.3663857442639085,2.0637698335952988,15.190442648515852,2.8099658225768214,2.939028573019413,1787260583.037555
17.320508241653442,hold2,drive,2.0,-0.32,0.708,7152.0,7135.0,10.17,0.142,16.6,-1.7145906472184713,-0.11540910410749117,3.3017000412592665,2.0229077408547553,15.151389650169742,2.818360553529819,2.903703804144125,1787260583.057522
17.34043264389038,hold2,drive,2.0,-0.32,0.708,7152.0,7141.0,10.08,0.143,16.6,-1.6753897149208319,0.398566701175298,4.034196857218802,1.9933070045486283,15.112638758296884,2.8281148923741273,2.869605067679339,1787260583.0776725
17.36037850379944,hold2,drive,2.0,-0.32,0.708,7152.0,7130.0,10.44,0.143,16.6,-1.731146987083276,0.4460577156458285,4.270310066612012,1.8627898622060224,15.076794744617189,2.838144377957781,2.8350720973986063,1787260583.0990155
17.38038420677185,hold2,drive,2.0,-0.32,0.708,7152.0,7135.0,10.2,0.141,16.6,-1.7557579245069708,-0.13750206022084033,3.882117495891066,2.0023639478974258,15.038917096081024,2.850497202081293,2.8002632293227547,1787260583.1177304
17.400399208068848,hold2,drive,2.0,-0.32,0.708,7152.0,7143.0,10.06,0.142,16.6,-1.7378945051791552,0.23609530229450826,3.5851245363242015,2.0015566700543834,15.001471988961423,2.864167908084866,2.765308798550556,1787260583.137489
17.420509576797485,hold2,drive,2.0,-0.32,0.708,7152.0,7150.0,9.92,0.14,16.6,-1.791149204865252,0.2638078897039762,3.6674167911330926,1.982454918354723,14.964365102223413,2.8791996441044896,2.730230526908302,1787260583.1577108
17.44097876548767,hold2,drive,2.0,-0.32,0.708,7152.0,7138.0,10.14,0.141,16.6,-1.752471317405704,-0.24730105303060412,3.405397784044311,1.9716171821783832,14.926115394193255,2.8963172566071873,2.693053432887951,1787260583.179045
17.460599184036255,hold2,drive,2.0,-0.32,0.708,7152.0,7138.0,10.27,0.142,16.6,-1.6908505634712327,-0.031510445500940065,3.532584377831597,2.0659494799935194,14.886260673472048,2.911393144701549,2.660593163842959,1787260583.1989813
17.48044776916504,hold2,drive,2.0,-0.32,0.708,7152.0,7140.0,10.21,0.142,16.6,-1.7588843424686695,0.42993259253559657,3.8351140661366117,2.109318257823239,14.851008950207866,2.9301796595422864,2.6260924602951228,1787260583.2175918
17.50038719177246,hold2,drive,2.0,-0.32,0.708,7152.0,7153.0,9.95,0.14,16.6,-1.7391780156665189,0.24273894554811548,3.887320640961974,2.0485571266165703,14.816394505663883,2.950193148919846,2.591024863896271,1787260583.2375185
17.520590782165527,hold2,drive,2.0,-0.32,0.708,7152.0,7123.0,10.39,0.139,16.6,-1.6823947606941219,-0.0433098074227205,3.462421002969421,1.9987898556122552,14.7825693717583,2.9713770762424296,2.5564840791842944,1787260583.257816
17.541470766067505,hold2,drive,2.0,-0.32,0.708,7152.0,7122.0,10.47,0.141,16.6,-1.659990252233558,0.29031346557075466,3.9484176152064094,1.9127951018515155,14.749544076520104,2.9936606897341314,2.5229678137625955,1787260583.2790744
17.560407400131226,hold2,drive,2.0,-0.32,0.708,7152.0,7141.0,10.12,0.144,16.6,-1.7535648113492905,0.5336625315532046,4.099283094512771,1.755881854728106,14.726922059400739,3.0153247979534608,2.4889872796938812,1787260583.2989812
17.580379486083984,hold2,drive,2.0,-0.32,0.708,7152.0,7149.0,9.96,0.142,16.6,-1.778751923674824,-0.027409354447270218,3.3754533143248295,1.9516685443105144,14.695347358215878,3.0398898671528802,2.4536225379771786,1787260583.3176796
17.600532293319702,hold2,drive,2.0,-0.32,0.708,7152.0,7155.0,9.94,0.14,16.6,-1.7448927598916657,-0.05668217092131744,3.2769370819118535,1.967841722686687,14.66468793974681,3.06553702400923,2.418229394559343,1787260583.3376808
17.62047553062439,hold2,drive,2.0,-0.32,0.708,7152.0,7136.0,10.35,0.141,16.6,-1.6929953402551279,0.16302648239544126,3.5450292997978465,1.9788211797075115,14.635044239953318,3.092176555940088,2.383639741554609,1787260583.357545
17.64057970046997,hold2,drive,2.0,-0.32,0.708,7152.0,7140.0,10.22,0.142,16.6,-1.7291963547428475,0.5908726055715015,4.323253390641099,1.9632230308973917,14.606272846652246,3.119863929463843,2.349578289966905,1787260583.3775897
17.660397052764893,tr3,drive,2.4,-0.32,0.708,8582.4,7136.0,10.16,0.141,16.6,-1.7917691887670224,0.09970903704827716,3.946453827745529,1.9391980600543905,14.57840731814352,3.1485920722435417,2.3145623373083644,1787260583.398151
17.680559158325195,tr3,drive,2.4,-0.32,0.708,8582.4,7150.0,10.35,0.15,16.6,-1.7755755714426866,0.028592008681215475,3.7354628891169455,2.135324205240673,14.547932326302288,3.178183913308679,2.2791851547428847,1787260583.4165752
17.70040464401245,tr3,drive,2.4,-0.32,0.708,8582.4,7284.0,17.94,0.158,16.6,-1.7301417769298255,-0.8871831584974359,4.055110009615959,2.0501450156921495,14.521747766406312,3.209209014464007,2.243985463848698,1787260583.437586
17.720388650894165,tr3,drive,2.4,-0.32,0.708,8582.4,7403.0,23.33,0.171,16.6,-1.7408460866152902,-1.3798201614741856,3.6555191685753243,2.016096439139154,14.496257031371384,3.2416086754077025,2.2092495144182034,1787260583.4582613
17.742950201034546,tr3,drive,2.4,-0.32,0.708,8582.4,7510.0,27.26,0.166,16.5,-1.7770237984434716,-2.6840820143336828,3.9665770212742473,2.1191053938166453,14.48235935067304,3.2603351118350665,2.18919101465277,1787260583.468145
17.76050043106079,tr3,drive,2.4,-0.32,0.708,8582.4,7609.0,22.29,0.166,16.6,-1.6755895851606426,-1.6994547104590083,3.158358174654751,2.2358523518216753,14.444135584401339,3.3159542356216085,2.135885476015413,1787260583.4987545
17.780465364456177,tr3,drive,2.4,-0.32,0.708,8582.4,7735.0,19.93,0.165,16.6,-1.6421083239361662,-0.7782557388993254,4.275164132893536,2.253165855491054,14.42134716384653,3.352319380116902,2.1026633292850976,1787260583.51766
17.800546407699585,tr3,drive,2.4,-0.32,0.708,8582.4,7767.0,20.12,0.167,16.6,-1.672291925940852,-1.628983041138369,4.713001613152926,2.202218363159918,14.399697133681462,3.3895948191021916,2.0696873375575513,1787260583.5375638
17.820510149002075,tr3,drive,2.4,-0.32,0.708,8582.4,7832.0,20.06,0.166,16.6,-1.7659736772904602,-1.1727952432119224,4.115599458128116,2.17723306192569,14.379075662904752,3.427980534841226,2.035714984589393,1787260583.5576837
17.84159541130066,tr3,drive,2.4,-0.32,0.708,8582.4,7911.0,18.82,0.167,16.6,-1.8339302246162847,-0.7230537084572717,4.564637280448892,2.226661614277184,14.367523376245584,3.4510118766815756,2.0143903441749025,1787260583.5686855
17.86045265197754,tr3,drive,2.4,-0.32,0.708,8582.4,8006.0,17.65,0.167,16.6,-1.9005768961599538,-0.7438851460121896,4.059805323985728,2.2142984927785156,14.341366562942593,3.5079232889944714,1.9626060121685396,1787260583.5976636
17.880613088607788,tr3,drive,2.4,-0.32,0.708,8582.4,8023.0,18.17,0.164,16.6,-1.8332826769972321,-1.2857836273445713,3.9001032396465973,2.13730621454226,14.324990852130872,3.5473927849722076,1.9258765422005562,1787260583.6185977
17.900397777557373,tr3,drive,2.4,-0.32,0.708,8582.4,8051.0,18.16,0.168,16.6,-1.7551147711037167,-0.7902236011381234,4.157062066093289,2.2292976029653975,14.309640196214124,3.5897557423585704,1.889368780852201,1787260583.6380458
17.92061686515808,tr3,drive,2.4,-0.32,0.708,8582.4,8177.0,16.04,0.171,16.6,-1.7724463571618432,-0.32900537028049115,4.962492375448846,2.249738582040651,14.295703630377075,3.6329071915381626,1.8541736080485527,1787260583.6579547
17.94067406654358,tr3,drive,2.4,-0.32,0.708,8582.4,8239.0,15.44,0.168,16.6,-1.8228669208158774,-0.4036327290332906,4.829932482607887,2.3179474797701496,14.288518249282658,3.6575810409323997,1.8337175390709064,1787260583.6683292
17.9604389667511,tr3,drive,2.4,-0.32,0.708,8582.4,8246.0,15.88,0.166,16.6,-1.8248372605483727,-0.708825824181929,4.5188997729373455,2.2714755479945143,14.272339495689094,3.721152956184159,1.7820535742367691,1787260583.6976116
17.980563402175903,tr3,drive,2.4,-0.32,0.708,8582.4,8266.0,16.24,0.17,16.6,-1.7755452114062595,-0.4989068629537847,4.54155539567347,2.3805920409411043,14.259747088091581,3.769551520776395,1.7442792415539883,1787260583.7175686
18.000408172607422,tr3,drive,2.4,-0.32,0.708,8582.4,8364.0,14.22,0.168,16.6,-1.879466417673059,-0.14966573110217585,4.173717275870189,2.3457908354549017,14.25204086366708,3.815415828967353,1.7082494237839667,1787260583.7375505
18.020479679107666,tr3,drive,2.4,-0.32,0.708,8582.4,8385.0,14.3,0.168,16.6,-1.8633898462786322,-0.7736218202965333,3.9718602732030206,2.333443333152095,14.246004669085705,3.8617056009204638,1.6707358379697181,1787260583.7575295
18.04038667678833,tr3,drive,2.4,-0.32,0.708,8582.4,8369.0,14.87,0.165,16.6,-1.7586803443291694,-0.5342342430880791,4.387464592075247,2.313669327131872,14.241714354435773,3.9083737264460052,1.6338313857372915,1787260583.777815
18.060420274734497,tr3,drive,2.4,-0.32,0.708,8582.4,8421.0,14.33,0.172,16.6,-1.8088969098437035,0.2515896935343491,5.415569746875917,2.314764386480501,14.239109749709016,3.955094816941703,1.5984908299061626,1787260583.7976725
18.08116388320923,tr3,drive,2.4,-0.32,0.708,8582.4,8482.0,13.13,0.169,16.6,-1.8428550100613583,-0.12960804466411613,4.753514925616315,2.4560839608597878,14.235491800572156,4.007394564217834,1.5604036818923943,1787260583.8176494
18.100401878356934,tr3,drive,2.4,-0.32,0.708,8582.4,8493.0,13.38,0.169,16.6,-1.8171794739919045,-0.46241585030977816,4.888212852952051,2.3976136889589013,14.236370541400266,4.054744284051373,1.523658686365108,1787260583.8377378
18.120570421218872,tr3,drive,2.4,-0.32,0.708,8582.4,8499.0,13.43,0.168,16.6,-1.8363309311809366,-0.1661986335676886,4.434078304889795,2.3682223855010385,14.238992986103616,4.102069429395909,1.4872267527451717,1787260583.857863
18.140625715255737,tr3,drive,2.4,-0.32,0.708,8582.4,8541.0,12.93,0.169,16.6,-1.8729383440510023,0.039829544517506754,4.452150295079889,2.4711789507103683,14.240963039228436,4.125588333371575,1.4688289893158433,1787260583.8665674
18.160449743270874,tr3,drive,2.4,-0.32,0.708,8582.4,8568.0,12.51,0.17,16.6,-1.866949427391632,-0.0835937993874305,4.597206857747835,3.1549650345997686,14.24829478372057,4.227804371009399,1.4010988658704884,1787260583.899064
18.180394172668457,tr3,drive,2.4,-0.32,0.708,8582.4,8574.0,12.54,0.167,16.6,-1.830945353666524,-0.16257420024537694,4.69137480805486,2.8693051618222496,14.25678476049104,4.274864604263552,1.3641323809992256,1787260583.917528
18.200385808944702,tr3,drive,2.4,-0.32,0.708,8582.4,8556.0,13.03,0.17,16.6,-1.8207811330501276,-0.0718361719691547,5.1069449207140565,2.617631994282815,14.267027885893954,4.3216297077989925,1.3275262813839066,1787260583.9375174
18.22062063217163,tr3,drive,2.4,-0.32,0.708,8582.4,8597.0,12.34,0.17,16.6,-1.9015149946539343,0.08379406653209376,5.2224408833865255,2.482247925746999,14.27898732435344,4.368108426248647,1.2907210703165977,1787260583.9577696
18.240749835968018,tr3,drive,2.4,-0.32,0.708,8582.4,8632.0,11.72,0.17,16.6,-1.8528184283315627,0.022243718352749742,4.624952189566358,2.470852219250871,14.293511489955007,4.417690622049154,1.2496502224455706,1787260583.9781764
18.261288166046143,tr3,drive,2.4,-0.32,0.708,8582.4,8629.0,11.87,0.168,16.6,-1.8317626778050693,-0.4272169992900423,4.295729668305285,2.412775407431866,14.3079194027573,4.460043868995258,1.2157829365187889,1787260583.9977975
18.280651092529297,tr3,drive,2.4,-0.32,0.708,8582.4,8594.0,12.71,0.169,16.6,-1.7483016060869667,-0.17021629215944856,4.4449333688521335,2.427333929923933,14.31479764142803,4.484150172766837,1.1964971396671953,1787260584.0079825
18.30040431022644,tr3,drive,2.4,-0.32,0.708,8582.4,8644.0,11.74,0.17,16.6,-1.808853234001826,0.3634945885602505,5.104613635733699,2.421183312272618,14.34238246376314,4.550917466761611,1.143375252517221,1787260584.0376124
18.320619821548462,tr3,drive,2.4,-0.32,0.708,8582.4,8652.0,11.49,0.167,16.6,-1.872922631400571,0.18293179404158977,5.072518267644455,2.403828005077067,14.362791971577732,4.594713187262114,1.106886603262335,1787260584.0577075
18.341758489608765,tr3,drive,2.4,-0.32,0.708,8582.4,8638.0,12.01,0.169,16.6,-1.846637497757598,-0.15996272398798794,4.2103763959713945,2.484567266400429,14.374894922478168,4.6189032355769415,1.0858651011723646,1787260584.067827
18.360403299331665,tr3,drive,2.4,-0.32,0.708,8582.4,8624.0,12.2,0.171,16.6,-1.7893825969561477,-0.1045069700571366,4.947973738362748,2.5333054232626067,14.407056820033606,4.682233237868332,1.033087581064844,1787260584.0986285
18.380949020385742,tr3,drive,2.4,-0.32,0.708,8582.4,8690.0,10.8,0.17,16.6,-1.8756543688887197,0.26719306226057427,4.452658418141823,2.681276973880955,14.419351418665928,4.7028507117224985,1.0152785876617814,1787260584.10656
18.400385856628418,tr3,drive,2.4,-0.32,0.708,8582.4,8679.0,11.26,0.169,16.6,-1.9130950848638713,-0.21800105613888476,4.353950104686447,2.791306479235619,14.45889651578809,4.764039246930398,0.9588618196078084,1787260584.1375911
18.420624256134033,tr3,drive,2.4,-0.32,0.708,8582.4,8647.0,11.78,0.166,16.6,-1.7762300432805735,-0.09858090810262343,4.616225804553352,2.5901145264734087,14.487068401986553,4.803371904221003,0.9212741308782775,1787260584.157617
18.44040012359619,tr3,drive,2.4,-0.32,0.708,8582.4,8678.0,11.52,0.172,16.6,-1.7809640784342984,0.5943412105900094,5.187349986590391,2.486763336741279,14.51673094521874,4.841736806720244,0.8857307856156366,1787260584.1777744
18.46039390563965,tr3,drive,2.4,-0.32,0.708,8582.4,8687.0,10.94,0.169,16.6,-1.8875765421406774,0.4166724955823291,5.292633201967419,2.68024005134058,14.551147778012146,4.889069197258886,0.8478077390778869,1787260584.1986074
18.480488777160645,tr3,drive,2.4,-0.32,0.708,8582.4,8671.0,11.44,0.167,16.6,-1.9005986009228377,-0.0839019476654963,5.083522727973104,2.611318115527695,14.583614232808058,4.925162981543241,0.8098943268282871,1787260584.2176366
18.50037455558777,tr3,drive,2.4,-0.32,0.708,8582.4,8657.0,11.6,0.166,16.6,-1.8187364911232193,-0.07679609113106522,3.9664817116550353,2.4960637980584433,14.617328921630298,4.959892024875672,0.772322357655261,1787260584.2377713
18.520564556121826,tr3,drive,2.4,-0.32,0.708,8582.4,8687.0,11.12,0.17,16.6,-1.8539325617735973,0.3740273612910592,4.524840251933568,2.4518734923007224,14.652490352268606,4.993535109169009,0.7355245118621289,1787260584.2578294
18.540549755096436,tr3,drive,2.4,-0.32,0.708,8582.4,8692.0,10.91,0.168,16.6,-1.8329698887272021,-0.13990504668620307,4.675213980382523,2.5061341753677184,14.680039169337746,5.0184644753935945,0.707135086602998,1787260584.2719417
18.560503244400024,tr3,drive,2.4,-0.32,0.708,8582.4,8693.0,10.95,0.168,16.6,-1.8424229121744928,0.30808224107120097,4.957695319522372,2.3511284115881526,14.726152353127896,5.056765302159376,0.6619948138033328,1787260584.2982402
18.58046007156372,tr3,drive,2.4,-0.32,0.708,8582.4,8658.0,11.72,0.168,16.6,-1.818752603247814,0.2023715211214956,5.312082796224161,2.4662679433582726,14.762787072292381,5.091488319407944,0.6255071652471148,1787260584.317764
18.60037922859192,tr3,drive,2.4,-0.32,0.708,8582.4,8672.0,11.26,0.169,16.6,-1.9010239077489237,0.3630017048047627,5.021573229650073,2.4451449397193983,14.802234440670615,5.119435758214354,0.5888429825321302,1787260584.3375454
18.620611667633057,tr3,drive,2.4,-0.32,0.708,8582.4,8686.0,10.9,0.169,16.6,-1.915487269313035,0.1423941790871055,5.050256162538574,2.420797383627244,14.842986534603552,5.146099656748964,0.5506446849164713,1787260584.357685
18.64067769050598,tr3,drive,2.4,-0.32,0.708,8582.4,8677.0,11.1,0.167,16.6,-1.8888527289350432,-0.10705120333164597,4.172106075528234,2.5109293290632815,14.863676920270713,5.158803400126124,0.5314832926240677,1787260584.3666072
18.66040802001953,tr3,drive,2.4,-0.32,0.708,8582.4,8635.0,11.89,0.168,16.6,-1.813427745806255,-0.21788867995825711,4.569526722386627,2.9656671720236485,14.942451349373721,5.20985857572691,0.4660412462475729,1787260584.3990033
18.680618047714233,tr3,drive,2.4,-0.32,0.708,8582.4,8685.0,10.99,0.172,16.6,-1.8520619574239257,0.5515564009288667,4.9825518343242265,2.782824932889712,14.986067827900193,5.231297846153922,0.4294160922176577,1787260584.4176738
18.70040464401245,tr3,drive,2.4,-0.32,0.708,8582.4,8690.0,10.56,0.167,16.6,-1.8836463821619929,0.16455945795214966,5.283460089659457,2.595982263724116,15.030401966558923,5.251104822633418,0.3922489876230621,1787260584.4376104
18.72045350074768,tr3,drive,2.4,-0.32,0.708,8582.4,8672.0,11.3,0.167,16.6,-1.8934538723503733,0.19005207675400548,5.065667669492996,2.48855958969727,15.075491598309814,5.2692527831001,0.3544611971388611,1787260584.4578366
18.740449905395508,tr3,drive,2.4,-0.32,0.708,8582.4,8639.0,11.77,0.172,16.6,-1.8784682648964974,-0.024388527395326598,5.648112938599809,2.4241295541311634,15.12259123253076,5.286155759615638,0.31540882152673627,1787260584.4784186
18.760413646697998,tr3,drive,2.4,-0.32,0.708,8582.4,8683.0,10.65,0.169,16.6,-1.976884450873994,0.258512504802205,4.558245104024195,2.0580826711777336,15.154511061735862,5.298248757885137,0.2805587374849809,1787260584.4986851
18.78044867515564,tr3,drive,2.4,-0.32,0.708,8582.4,8659.0,11.13,0.166,16.6,-1.9431512546103964,-0.21017762744163448,4.292374828181181,2.3005949941715143,15.20119930175385,5.311208827727069,0.24133090382470643,1787260584.5177927
18.80050826072693,tr3,drive,2.4,-0.32,0.708,8582.4,8646.0,11.53,0.164,16.6,-1.814777036372544,0.13065099611936404,4.932205551238269,2.3555164845056153,15.248201573393958,5.32229120454048,0.20316822107280516,1787260584.5376983
18.820563316345215,tr3,drive,2.4,-0.32,0.708,8582.4,8654.0,11.4,0.171,16.6,-1.867354494193433,0.8245426654351178,5.626995133646062,2.383777246193617,15.295714956125511,5.331631300940937,0.1665894811542805,1787260584.5576303
18.84072756767273,tr3,drive,2.4,-0.32,0.708,8582.4,8678.0,10.6,0.169,16.6,-1.908842416077178,0.27210958411695785,5.309003652329864,2.4774245800990924,15.319656581766152,5.335657033804499,0.14785365323792685,1787260584.5666356
18.860483169555664,hold3,drive,2.4,-0.32,0.708,8582.4,8664.0,11.02,0.168,16.6,-1.866652085455925,-0.055669296082868414,4.877435556961217,2.6815066069201046,15.398615562499755,5.347515789249858,0.08263930376048645,1787260584.5992236
18.880560398101807,hold3,drive,2.4,-0.32,0.708,8582.4,8644.0,11.39,0.169,16.6,-1.8094894631862461,-0.07384584180232068,4.4487545244444675,2.6467914659295926,15.446833370119505,5.351051688753108,0.045837646518719424,1787260584.6178293
18.900431871414185,hold3,drive,2.4,-0.32,0.708,8582.4,8656.0,11.15,0.167,16.6,-1.844739729164807,0.07592728621069078,4.449046008157211,2.5071819489005653,15.495164767760377,5.352829745529977,0.009507715584973136,1787260584.6380877
18.920400857925415,hold3,drive,2.4,-0.32,0.708,8582.4,8650.0,11.08,0.168,16.6,-1.8399132823212567,0.11236380097523035,4.820039870383113,2.4721155779733786,15.543602791826483,5.352839388847124,-0.02740355574244318,1787260584.6578472
18.940459966659546,hold3,drive,2.4,-0.32,0.708,8582.4,8655.0,11.08,0.167,16.6,-1.8232964886997072,0.2526136872192879,4.954465317457789,2.438745964936446,15.591848289353603,5.351073378596095,-0.06402191628844353,1787260584.6777568
18.960418462753296,hold3,drive,2.4,-0.32,0.708,8582.4,8626.0,11.51,0.168,16.6,-1.7832306948380647,0.266323106169569,4.991536081558536,1.9488875916094557,15.610239703892407,5.345547145950935,-0.09700355888812041,1787260584.6986306
18.980504035949707,hold3,drive,2.4,-0.32,0.708,8582.4,8648.0,11.3,0.169,16.6,-1.9257719979687573,0.41389079225197634,4.925359046137942,2.2521993140281364,15.658245977273026,5.340462171103454,-0.13336159934120137,1787260584.7175674
19.00044083595276,hold3,drive,2.4,-0.32,0.708,8582.4,8648.0,10.96,0.169,16.6,-1.8738930873017956,-0.25883234751207596,4.481607984075481,2.3258367790209595,15.706069726446904,5.333591692461628,-0.17161308634547226,1787260584.7375674
19.020489931106567,hold3,drive,2.4,-0.32,0.708,8582.4,8657.0,10.94,0.168,16.6,-1.8399012980963514,-0.12873808857311086,4.023036568586349,2.3466983161155603,15.753742533869588,5.324882818955497,-0.20899130874952182,1787260584.7579033
19.04050874710083,hold3,drive,2.4,-0.32,0.708,8582.4,8601.0,11.94,0.169,16.6,-1.771948745512162,-0.2654487281215374,4.6797759782297135,2.284076282212734,15.80159061666654,5.314393983705375,-0.24612277053990203,1787260584.7780192
19.06044578552246,hold3,drive,2.4,-0.32,0.708,8582.4,8644.0,10.99,0.17,16.6,-1.827771797753531,0.4680110146618546,5.004920943481125,1.82241983350431,15.821708783277444,5.303699075070535,-0.28018397553296875,1787260584.7990868
19.080405473709106,hold3,drive,2.4,-0.32,0.708,8582.4,8635.0,11.11,0.167,16.6,-1.8123768624401098,0.04617949307985736,5.095867370186625,2.218362167490441,15.867786595793747,5.290005657276032,-0.3164655331824957,1787260584.8176706
19.10041117668152,hold3,drive,2.4,-0.32,0.708,8582.4,8635.0,11.32,0.169,16.6,-1.7593603825135211,0.13706992355681535,4.400886291458022,2.308140073253936,15.913498184721734,5.274591984955032,-0.3524418508589483,1787260584.8376613
19.120421171188354,hold3,drive,2.4,-0.32,0.708,8582.4,8604.0,11.86,0.171,16.6,-1.8031207797554303,0.05945227575075096,4.987640666324239,2.3395570069458076,15.958577029823237,5.257558744024112,-0.3878979729125333,1787260584.8578527
19.14050817489624,hold3,drive,2.4,-0.32,0.708,8582.4,8667.0,10.44,0.169,16.6,-1.8594940410780099,0.0856752437958006,4.353283814434349,2.374872780161509,16.003183086086253,5.238889125155888,-0.4242081955538576,1787260584.8777997
19.160462141036987,hold3,drive,2.4,-0.32,0.708,8582.4,8634.0,11.17,0.168,16.6,-1.8216665009545245,-0.3560037933576581,4.196089600995833,2.210928430759879,16.042258972699198,5.218720627265746,-0.4651863085530602,1787260584.8987885
19.180542945861816,hold3,drive,2.4,-0.32,0.708,8582.4,8614.0,11.56,0.165,16.6,-1.7393320795355802,0.16579543148610654,4.991551869041473,2.3317393060279783,16.08512015902263,5.196722840834994,-0.5008359168676214,1787260584.9186184
19.20041513442993,hold3,drive,2.4,-0.32,0.708,8582.4,8629.0,11.36,0.17,16.6,-1.8252078394140572,0.7126794318225222,5.392995400440839,2.4291485193388676,16.12722770626405,5.1732022094292045,-0.5360464339137607,1787260584.9376554
19.220410108566284,hold3,drive,2.4,-0.32,0.708,8582.4,8643.0,10.76,0.167,16.6,-1.8784462938175042,0.05650200358131929,4.931679886528627,2.3885602203562266,16.169391384526907,5.147631804607388,-0.573575927066315,1787260584.9585574
19.240541458129883,hold3,drive,2.4,-0.32,0.708,8582.4,8629.0,11.23,0.168,16.6,-1.856572020729975,-0.029754471747747147,4.90183540420108,2.418138950834652,16.208878650907202,5.121606054217923,-0.6102909276263625,1787260584.9778504
19.26041555404663,hold3,drive,2.4,-0.32,0.708,8582.4,8625.0,11.31,0.164,16.6,-1.7913438819409366,0.21314349980036873,4.25705442816087,2.420685148472832,16.24804655060113,5.093669872779247,-0.6469972122545187,1787260584.9975414
19.280439138412476,hold3,drive,2.4,-0.32,0.708,8582.4,8629.0,11.26,0.17,16.6,-1.8868106170111705,0.4699900779742805,4.6781562994247,2.1657523075100276,16.279232040219622,5.067153319240494,-0.6864090958268351,1787260585.0195746
19.300487518310547,hold3,drive,2.4,-0.32,0.708,8582.4,8660.0,10.53,0.169,16.6,-1.863116339634681,0.11274258179414431,4.9218144638578,2.30053024368946,16.312809328777313,5.039191993034242,-0.7203887203527357,1787260585.0376468
19.32040572166443,hold3,drive,2.4,-0.32,0.708,8582.4,8647.0,10.91,0.167,16.6,-1.8573447369202614,0.3586904428844946,4.942846899459369,2.3524016297699024,16.348838666149685,5.00698090031587,-0.7576217430646287,1787260585.0576162
19.3414204120636,hold3,drive,2.4,-0.32,0.708,8582.4,8622.0,11.37,0.165,16.6,-1.8053252113477436,0.022778254385268593,5.293482217716473,2.4547451400407723,16.36642188282833,4.990348320477348,-0.7762510819411129,1787260585.066602
19.360410451889038,hold3,drive,2.4,-0.32,0.708,8582.4,8613.0,11.58,0.168,16.6,-1.8902227921578347,0.49997873071892585,4.509693623859533,2.2180264619719505,16.415372375722413,4.942878801797598,-0.8320681274519078,1787260585.099077
19.38052988052368,hold3,drive,2.4,-0.32,0.708,8582.4,8633.0,10.9,0.169,16.6,-1.8956744160672814,0.05050530451782054,4.929207683645018,2.3656046138389986,16.44758856171481,4.906835577125001,-0.8699924718454831,1787260585.11862
19.400413036346436,hold3,drive,2.4,-0.32,0.708,8582.4,8637.0,10.87,0.166,16.6,-1.8554504304368882,-0.1609883987474987,3.942997830786311,2.4445154193226664,16.478316995583796,4.869716616420216,-0.9076294422280462,1787260585.1376722
19.420565128326416,hold3,drive,2.4,-0.32,0.708,8582.4,8582.0,11.88,0.17,16.6,-1.7924067495319873,0.029490839968877136,4.588292777104357,2.415132787892693,16.507502300627202,4.831605392401984,-0.9443895775925121,1787260585.157622
19.440584659576416,hold3,drive,2.4,-0.32,0.708,8582.4,8624.0,11.2,0.168,16.6,-1.8630891753915624,0.3693227279209452,5.226797059233945,2.4729225434005246,16.535340153648832,4.792401796985181,-0.9801713998372354,1787260585.176503
19.46142888069153,hold3,drive,2.4,-0.32,0.708,8582.4,8631.0,10.84,0.169,16.6,-1.8499960102082968,0.13475380479270527,5.144305706723571,2.2739545266505923,16.56455451453843,4.756213443304889,-1.018081259217083,1787260585.1987865
19.480446815490723,hold3,drive,2.4,-0.32,0.708,8582.4,8618.0,11.27,0.168,16.6,-1.8242472372088656,-0.0020836142736464502,4.76746901400702,2.4133240575902097,16.589479615840332,4.714964013551505,-1.0548268653463313,1787260585.2177088
19.500396251678467,hold3,drive,2.4,-0.32,0.708,8582.4,8589.0,11.73,0.17,16.6,-1.8188800355059744,0.04258230869727919,4.879093242669597,2.4038344841909907,16.612792901920464,4.672954602581427,-1.0912697212751286,1787260585.2376091
19.520498991012573,hold3,drive,2.4,-0.32,0.708,8582.4,8637.0,10.68,0.166,16.6,-1.858626116878753,0.10219367440195448,4.175447174694966,2.3859197522083506,16.634692782350847,4.629913688021508,-1.127863283250904,1787260585.2578478
19.54122281074524,hold3,drive,2.4,-0.32,0.708,8582.4,8623.0,11.15,0.167,16.6,-1.8399463055187737,-0.12929989638605033,4.377369373819448,2.234561010592908,16.655138773282637,4.586327862201221,-1.1649298107550232,1787260585.2776496
19.56061863899231,hold3,drive,2.4,-0.32,0.708,8582.4,8605.0,11.39,0.165,16.6,-1.7791233014888355,0.19947744161051517,4.872933493077028,2.372770737488907,16.66489664323862,4.563620654854333,-1.183799846241795,1787260585.2868195
19.58038592338562,hold3,drive,2.4,-0.32,0.708,8582.4,8613.0,11.51,0.169,16.6,-1.8407770786208237,0.7603373843070713,5.097055524458028,2.248827019686053,16.679610875240158,4.52817873704432,-1.2268470608275737,1787260585.3175764
19.600425004959106,hold3,drive,2.4,-0.32,0.708,8582.4,8627.0,10.75,0.166,16.6,-1.824092773865641,-0.0936226700152849,5.0234162721025655,2.3130836310145297,16.695456478319773,4.48268782136822,-1.263579610016393,1787260585.3377056
19.620477437973022,hold3,drive,2.4,-0.32,0.708,8582.4,8615.0,11.35,0.167,16.6,-1.8258513922914748,0.1129817877422088,4.724380880020931,2.356894922602245,16.70960128569028,4.436693959168995,-1.3000549952341467,1787260585.3576195
19.640418767929077,hold3,drive,2.4,-0.32,0.708,8582.4,8609.0,11.25,0.17,16.6,-1.8181203688050291,0.12463982062836898,4.811077550208438,2.3618607211785387,16.722060452422937,4.390223314208245,-1.3365204317248705,1787260585.3775485
19.660629987716675,hold3,drive,2.4,-0.32,0.708,8582.4,8617.0,11.16,0.17,16.6,-1.8777733130100411,0.027510109286291495,4.172204601116192,2.427798386460165,16.728402101368623,4.3636512193244155,-1.3571853918972214,1787260585.3881302
19.68039321899414,hold3,drive,2.4,-0.32,0.708,8582.4,8615.0,11.05,0.166,16.6,-1.8526659623591557,-0.06287469233176601,4.48889010676055,2.762627603853356,16.755761883217684,4.275166906781862,-1.4212978316761857,1787260585.4176857
19.700393438339233,hold3,drive,2.4,-0.32,0.708,8582.4,8620.0,11.16,0.168,16.6,-1.79432941868097,0.31766166179419386,4.957695319522372,2.5832059036029564,16.762497469672105,4.22744573861096,-1.4580452367498813,1787260585.437513
19.72047257423401,hold3,drive,2.4,-0.32,0.708,8582.4,8621.0,11.02,0.166,16.6,-1.778991341856822,0.2956504022505335,5.1040359308025245,2.454250819993355,16.767495024999448,4.179457480776941,-1.49387965781173,1787260585.458075
19.744362115859985,hold3,drive,2.4,-0.32,0.708,8582.4,8618.0,11.3,0.172,16.6,-1.8951955797032851,0.28382382336598155,4.974190315583542,2.499668166402903,16.770768369199924,4.1313902335604755,-1.530027185469266,1787260585.4775665
19.760783672332764,hold3,drive,2.4,-0.32,0.708,8582.4,8625.0,10.86,0.167,16.6,-1.8552244612183948,-0.35023006964995673,4.69228171124135,2.0716678646159776,16.774933656481764,4.09580008666738,-1.5667210436991243,1787260585.4989974
19.780411958694458,hold3,drive,2.4,-0.32,0.708,8582.4,8622.0,11.05,0.168,16.6,-1.8187032016095932,0.048383281344714035,4.132081297953505,2.32514881081469,16.77469819300204,4.047793516965142,-1.6033196325467434,1787260585.5177455
19.800402641296387,hold3,drive,2.4,-0.32,0.708,8582.4,8598.0,11.3,0.165,16.6,-1.7961683314136698,0.09453879170309598,4.869344179595231,2.37062203370686,16.772695311932832,3.999747464959714,-1.6395776571816585,1787260585.537506
19.820712089538574,hold3,drive,2.4,-0.32,0.708,8582.4,8624.0,11.11,0.169,16.6,-1.8614653129168863,0.6609749866627936,5.036166126378134,2.371748227569546,16.76896111852805,3.9517055104199477,-1.675813954058193,1787260585.5576582
19.840466737747192,hold3,drive,2.4,-0.32,0.708,8582.4,8627.0,10.84,0.168,16.6,-1.8472737269420176,0.1476622830721812,4.9236294396739595,2.3788539092546177,16.76325270912367,3.902032522087532,-1.7143362361688625,1787260585.5782707
19.860392570495605,hold3,drive,2.4,-0.32,0.708,8582.4,8604.0,11.36,0.167,16.6,-1.8103037246895377,0.1824534004180105,4.997963926000239,2.1029410868245235,16.763052128763235,3.864970158413166,-1.749237230814337,1787260585.5988376
19.8804931640625,hold3,drive,2.4,-0.32,0.708,8582.4,8601.0,11.21,0.167,16.6,-1.882646631488777,0.2253360961278723,4.7440398046069845,2.331703932041962,16.754086766183157,3.817723659064119,-1.7861649688289065,1787260585.6176949
19.900526523590088,hold3,drive,2.4,-0.32,0.708,8582.4,8636.0,10.76,0.167,16.6,-1.86629628713429,-0.006298762582515938,4.325422123019365,2.431241599432411,16.74340031320123,3.7709809240970142,-1.8237328141833888,1787260585.6365316
19.920403242111206,hold3,drive,2.4,-0.32,0.708,8582.4,8619.0,10.96,0.168,16.6,-1.783099534154378,-0.2474696355740953,4.15739272615258,2.3710917951924495,16.730847440435475,3.7240946355435636,-1.8606828852714046,1787260585.6577475
19.940441608428955,hold3,drive,2.4,-0.32,0.708,8582.4,8602.0,11.41,0.167,16.6,-1.740909203533125,0.19364926570472107,4.875290213446561,2.3651747359693447,16.71671362343178,3.6781782326072308,-1.8960596072393738,1787260585.6775997
19.960550785064697,hold3,drive,2.4,-0.32,0.708,8582.4,8601.0,11.27,0.168,16.6,-1.7801313079614305,0.39703527878531375,5.10311850262741,2.437678973415386,16.700963444168455,3.6327576420735,-1.9308351083358244,1787260585.6965444
19.980411052703857,hold3,drive,2.4,-0.32,0.708,8582.4,8609.0,10.96,0.166,16.6,-1.8233316424260964,-0.07031931280127779,4.7815710369600595,2.102047364401244,16.69733140473276,3.6090697474455995,-1.961519565723691,1787260585.7176838
20.00056791305542,hold3,drive,2.4,-0.32,0.708,8582.4,8598.0,11.33,0.167,16.6,-1.8131093648979362,0.20196378744758903,4.910725218898563,2.245720684634417,16.678634850360236,3.564801328209293,-1.9979403071015542,1787260585.7376864
20.02040982246399,hold3,drive,2.4,-0.32,0.708,8582.4,8585.0,11.52,0.169,16.6,-1.800649632579946,0.03738488521849459,4.520846018750518,2.309865664090206,16.65835892285884,3.5212972280870476,-2.0341368753228792,1787260585.7577808
20.040748357772827,hold3,drive,2.4,-0.32,0.708,8582.4,8588.0,11.26,0.168,16.6,-1.845576361221256,0.11309244630316506,4.062984455271959,2.4355457415032733,16.64758563952758,3.4997341110126805,-2.0522306299553343,1787260585.7666142
20.06039595603943,hold3,drive,2.4,-0.32,0.708,8582.4,8604.0,11.02,0.167,16.6,-1.8354705969907863,0.10689993402899134,4.944426232474655,3.625916113596192,16.60339504555487,3.400624728532459,-2.1263290702135884,1787260585.7978315
20.080420970916748,hold3,drive,2.4,-0.32,0.708,8582.4,8612.0,11.02,0.167,16.6,-1.8534735659597221,0.45770124012753044,5.019123830908484,3.011107132264032,16.577711378336765,3.3600969652980806,-2.1629343775953154,1787260585.8176742
20.100430727005005,hold3,drive,2.4,-0.32,0.708,8582.4,8604.0,11.14,0.168,16.6,-1.8686997900180866,0.2487790099401792,5.189394757991522,2.6972896660333188,16.550468380369303,3.3204056376857634,-2.200087264332134,1787260585.8376057
20.120612621307373,hold3,drive,2.4,-0.32,0.708,8582.4,8589.0,11.55,0.17,16.6,-1.935425024813913,0.27462319259817747,4.477213216603104,2.535520178624349,16.521799017581248,3.281808313355682,-2.237810455507181,1787260585.857644
20.14161467552185,hold3,drive,2.4,-0.32,0.708,8582.4,8593.0,11.13,0.167,16.6,-1.9128472777244392,-0.24489817620053955,4.667221128604496,2.4385902143644236,16.491683050608103,3.2443237524811073,-2.276415128476016,1787260585.8780012
20.16042923927307,hold3,drive,2.4,-0.32,0.708,8582.4,8618.0,10.85,0.166,16.6,-1.8235111394835677,0.1601757819174381,4.44380280965737,1.7743416899601192,16.47549469139322,3.2255065099624773,-2.3116170594464487,1787260585.8985765
20.18040633201599,hold3,drive,2.4,-0.32,0.708,8582.4,8583.0,11.39,0.162,16.6,-1.814414313832075,0.4542164456299922,4.7401052130261405,2.1345776926890703,16.442837788051083,3.190437765631456,-2.347995093129445,1787260585.9178774
20.200455904006958,hold3,drive,2.4,-0.32,0.708,8582.4,8605.0,11.3,0.171,16.6,-1.8726023862794887,0.5393220883704082,5.323133449558441,2.272885971770772,16.40880316618176,3.1564438479449155,-2.384591768659723,1787260585.937734
20.220651388168335,hold3,drive,2.4,-0.32,0.708,8582.4,8616.0,10.7,0.167,16.6,-1.8083489644494197,-0.13241701063861466,4.963632582549849,2.3304634094629386,16.373504846337514,3.123695327018341,-2.4217275457756564,1787260585.9577663
20.240615367889404,hold3,drive,2.4,-0.32,0.708,8582.4,8608.0,11.08,0.167,16.6,-1.8112616637336392,0.2584997505625175,5.0962211267487305,2.444854209826973,16.35538204925011,3.1078047280712773,-2.43987390408616,1787260585.9666545
20.2604341506958,hold3,drive,2.4,-0.32,0.708,8582.4,8583.0,11.43,0.165,16.6,-1.882600825118028,-0.0019440165621098515,4.482295324304829,1.788181441257419,16.320574330543337,3.07682432992782,-2.4889766800767106,1787260585.999172
20.28038477897644,hold3,drive,2.4,-0.32,0.708,8582.4,8605.0,11.09,0.168,16.6,-1.8321160792817226,-0.03041582841142798,3.9278123187265237,2.196713156718026,16.282462773837686,3.0482207255649736,-2.525813125225587,1787260586.0176325
20.300431728363037,hold3,drive,2.4,-0.32,0.708,8582.4,8603.0,10.97,0.167,16.6,-1.8108527353482575,-0.05946224799474731,4.7350608198669875,2.28052690023981,16.24304481702592,3.020847287111707,-2.5622969190206657,1787260586.0377991
20.32059955596924,hold3,drive,2.4,-0.32,0.708,8582.4,8606.0,11.12,0.167,16.6,-1.784456281571719,0.41282334644386154,4.982595103721906,2.31798562501199,16.20246966187712,2.994810348961034,-2.598474872350958,1787260586.0581567
20.3404700756073,hold3,drive,2.4,-0.32,0.708,8582.4,8587.0,11.29,0.168,16.6,-1.81843022759786,0.33652514574690073,4.824603914755869,2.417181275468822,16.159937292045843,2.969544205825606,-2.6352761630676853,1787260586.0772533
20.36046028137207,hold3,drive,2.4,-0.32,0.708,8582.4,8619.0,10.8,0.166,16.6,-1.8234064772527274,0.19614836578148243,5.323530475518226,2.369077929901385,16.127055121353163,2.9482827931210696,-2.6707815569988327,1787260586.0976534
20.380401611328125,hold3,drive,2.4,-0.32,0.708,8582.4,8601.0,11.11,0.167,16.6,-1.8280299912212141,0.06869462274950999,4.724112200450207,2.3751850936424472,16.084049026868033,2.9268743434369884,-2.7072506233524947,1787260586.1176734
20.400413036346436,hold3,drive,2.4,-0.32,0.708,8582.4,8599.0,11.24,0.169,16.6,-1.8426977503989892,0.034421854241238004,4.801680489531407,2.3619122801413397,16.040208317555333,2.9070157957273954,-2.7439296529002526,1787260586.1380038
20.420689582824707,hold3,drive,2.4,-0.32,0.708,8582.4,8573.0,11.4,0.168,16.6,-1.8301184421480543,-0.0857302989880333,3.6095737925384412,2.4945360350270143,16.018137161497606,2.897745001173978,-2.762300810674629,1787260586.1465414
20.440476417541504,hold3,drive,2.4,-0.32,0.708,8582.4,8591.0,11.18,0.167,16.6,-1.8331950589973682,0.25776943329628565,4.741592452390961,2.407102989223742,15.950701192327301,2.8722949496048202,-2.817356223695105,1787260586.1777172
20.460570573806763,hold3,drive,2.4,-0.32,0.708,8582.4,8597.0,11.1,0.166,16.6,-1.8311187254534882,0.43431449613298767,5.282704629364844,2.4635711615610165,15.904119471740472,2.8571221793801778,-2.8547662881129763,1787260586.1970744
20.48051357269287,hold3,drive,2.4,-0.32,0.708,8582.4,8612.0,10.91,0.169,16.6,-1.8118736581521395,0.2719827360769713,5.003510595005423,2.3985568686142136,15.862515476486927,2.8393738944925464,-2.8908037288123274,1787260586.2176812
20.500508785247803,hold3,drive,2.4,-0.32,0.708,8582.4,8579.0,11.55,0.168,16.6,-1.876872232455213,0.20561544686894706,4.959462348168131,2.380284794598857,15.81593155760151,2.827892872963487,-2.9273580778409136,1787260586.2378192
20.521347999572754,hold3,drive,2.4,-0.32,0.708,8582.4,8597.0,10.99,0.168,16.6,-1.8424659222260977,-0.3452156434723044,4.48157202369768,2.3547041738471743,15.768737738262567,2.81808466141486,-2.9646532978841247,1787260586.2584288
20.540537357330322,hold3,drive,2.4,-0.32,0.708,8582.4,8603.0,10.99,0.167,16.6,-1.7778467152203061,-0.002210425768533586,4.2224754551170065,2.41010880128108,15.721407700429856,2.8100587504291705,-3.000782471197017,1787260586.2777762
20.56077742576599,hold3,drive,2.4,-0.32,0.708,8582.4,8588.0,11.26,0.164,16.6,-1.8139814169968829,0.31222503008327607,4.68671136101176,2.466354850294436,15.667679441139287,2.8029849842854206,-3.040877787223101,1787260586.299257
20.580387115478516,hold3,drive,2.4,-0.32,0.708,8582.4,8586.0,11.41,0.167,16.6,-1.8799926583044586,0.38017983840884995,4.926416222773128,3.5852295082836716,15.575113331701543,2.7840228327676395,-3.0963185105067925,1787260586.3175495
20.60042977333069,hold3,drive,2.4,-0.32,0.708,8582.4,8595.0,11.12,0.169,16.6,-1.86553262569171,0.14822405434002128,5.201579771210902,2.9651768678392694,15.526879240493233,2.7823066541621664,-3.1339777424732373,1787260586.3377635
20.62039279937744,hold3,drive,2.4,-0.32,0.708,8582.4,8600.0,10.93,0.167,16.6,-1.841651394406697,0.20884661837671104,5.144818507558227,2.672363322295598,15.478944475910826,2.7823942969509274,3.1121525904337277,1787260586.3576684
20.641578674316406,hold3,drive,2.4,-0.32,0.708,8582.4,8594.0,11.27,0.165,16.6,-1.905424648292225,0.3524800417841689,4.143286902509203,2.5217906874462153,15.430890943530725,2.7842606482591807,3.0749923847868055,1787260586.377741
20.660651206970215,hold3,drive,2.4,-0.32,0.708,8582.4,8601.0,11.06,0.168,16.6,-1.88970320942916,0.005036682143181537,4.506747211766225,2.5791122789118224,15.406300034602888,2.7859008351900525,3.055480151793977,1787260586.3868258
20.680404901504517,hold3,drive,2.4,-0.32,0.708,8582.4,8605.0,10.93,0.167,16.6,-1.8023465988265444,-0.1695838426693861,4.32422987569683,2.309422005339389,15.366985517299124,2.78826395794228,3.011169959575906,1787260586.4176278
20.70040774345398,hold3,drive,2.4,-0.32,0.708,8582.4,8593.0,11.19,0.167,16.6,-1.8184354207619855,0.46587619613582376,5.263093067227601,2.3452240009225913,15.319459204580584,2.794921984882817,2.975065880691094,1787260586.4376414
20.72143864631653,hold3,drive,2.4,-0.32,0.708,8582.4,8583.0,11.35,0.169,16.6,-1.8499057290473429,0.06056138754030904,4.96504234630396,2.3602487510781813,15.272128701604046,2.8033162760010413,2.9384773055224613,1787260586.4577408
20.740646362304688,hold3,drive,2.4,-0.32,0.708,8582.4,8586.0,11.23,0.167,16.6,-1.8512397064373636,0.2331594517349238,4.81658533522787,2.4643171603487923,15.248625436954462,2.8081569016243044,2.9199618892352155,1787260586.466605
20.760377168655396,hold3,drive,2.4,-0.32,0.708,8582.4,8585.0,11.28,0.167,16.6,-1.8816948177151829,0.33186221033519203,5.015136029662926,1.845415437312105,15.198801700034595,2.81566140219253,2.872141112499889,1787260586.4991467
20.78039050102234,hold3,drive,2.4,-0.32,0.708,8582.4,8584.0,11.23,0.166,16.6,-1.8650605803884934,-0.08652959512936587,4.683852364796195,2.225925519076756,15.153013421497278,2.8287498775932316,2.834931192296758,1787260586.5175872
20.800390243530273,hold3,drive,2.4,-0.32,0.708,8582.4,8556.0,11.58,0.167,16.6,-1.8170212822231535,-0.14522926567139383,3.7528127481430715,2.3014331910890844,15.107518287945426,2.843621336514952,2.797853259873188,1787260586.5375896
20.82067370414734,hold3,drive,2.4,-0.32,0.708,8582.4,8588.0,11.29,0.169,16.6,-1.868845464929714,0.3147258477797088,5.11140049923182,2.341538425390485,15.062536798715367,2.860168771126643,2.7612967432661937,1787260586.5575728
20.84046244621277,hold3,drive,2.4,-0.32,0.708,8582.4,8569.0,11.34,0.168,16.6,-1.861002322361376,0.2940229393393494,5.453733940350446,2.3544043016890788,15.018174613591384,2.8783819163478195,2.7239259769823754,1787260586.5776749
20.86061429977417,hold3,drive,2.4,-0.32,0.708,8582.4,8588.0,11.16,0.168,16.6,-1.8822599404984977,0.3019297274083108,5.303362258427057,2.267080251925116,14.97352989054631,2.8922172801049033,2.686974478194886,1787260586.599212
20.88041663169861,hold3,drive,2.4,-0.32,0.708,8582.4,8550.0,11.67,0.167,16.6,-1.8535081870538932,-0.19190321394601284,4.5497350659995845,2.440660054454032,14.930781544419787,2.9136135175784865,2.64977871206796,1787260586.6175845
20.900388956069946,hold3,drive,2.4,-0.32,0.708,8582.4,8583.0,11.26,0.166,16.6,-1.8794344597399781,0.03609277612780426,4.218778552862602,2.402016580914829,14.88874972047927,2.936625862320347,2.6124960216992394,1787260586.6376972
20.92069125175476,hold3,drive,2.4,-0.32,0.708,8582.4,8580.0,11.25,0.167,16.6,-1.831521928042526,-0.06465966462132577,4.180422863067264,2.396459404010474,14.847573064957322,2.961217384561727,2.5751546890839245,1787260586.6576047
20.940368175506592,hold3,drive,2.4,-0.32,0.708,8582.4,8593.0,11.05,0.167,16.6,-1.836749580104297,0.3147386385644957,4.37703374362664,2.388708999581732,14.807211489902047,2.987396201028551,2.5384174284534233,1787260586.6776493
20.960413455963135,hold3,drive,2.4,-0.32,0.708,8582.4,8569.0,11.81,0.17,16.6,-1.866387100927462,0.1567071403538307,5.169993110905182,2.1674593219891998,14.771592523338285,3.008979774824133,2.5016286267007994,1787260586.6988647
20.98041296005249,hold3,drive,2.4,-0.32,0.708,8582.4,8590.0,11.01,0.169,16.6,-1.8275331785198599,-0.00989255740712558,5.417122767419642,2.3226672506391024,14.73340015879441,3.037952134202081,2.4647454812823373,1787260586.7183633
21.000383615493774,hold3,drive,2.4,-0.32,0.708,8582.4,8579.0,11.24,0.167,16.6,-1.8456023270418842,0.3057371785883731,5.14766083920847,2.3968029952196437,14.696247854722744,3.0683603077326222,2.4280724014561064,1787260586.7377279
21.020634174346924,hold3,drive,2.4,-0.32,0.708,8582.4,8577.0,11.43,0.166,16.6,-1.886348292245933,0.20991232829260476,3.9663182819705582,2.3907339943759895,14.66030340526888,3.1000575836700524,2.390985329731144,1787260586.7576728
21.04062557220459,hold3,drive,2.4,-0.32,0.708,8582.4,8558.0,11.67,0.169,16.6,-1.7908029939235415,-0.540794417334677,3.9437822347996416,2.4524971030089517,14.642684986466211,3.1164908379640313,2.372027842692187,1787260586.7669513
21.06049084663391,hold3,drive,2.4,-0.32,0.708,8582.4,8594.0,10.97,0.167,16.6,-1.7787515242006606,0.21609373085656358,4.782437594356821,2.3073385936450292,14.59314332667265,3.1664815567719256,2.314133305905394,1787260586.7981646
21.080390214920044,hold3,drive,2.4,-0.32,0.708,8582.4,8591.0,11.07,0.168,16.6,-1.889670718863861,0.5057251917824814,5.573696591250894,2.382908044070856,14.560954600055625,3.2020853125742113,2.2781897296354776,1787260586.8176758
21.10039520263672,hold3,drive,2.4,-0.32,0.708,8582.4,8586.0,11.32,0.167,16.6,-1.8651161072972218,0.04825641960031524,4.832493270812421,2.37774049905257,14.530062441652788,3.2389094038760273,2.240472158406809,1787260586.837781
21.12049698829651,hold3,drive,2.4,-0.32,0.708,8582.4,8563.0,11.74,0.17,16.6,-1.8466337693320716,0.10548097004610835,5.266130111167399,2.3801815560699104,14.500714981209669,3.2767057124608803,2.203305408795757,1787260586.8577194
21.14049243927002,hold3,drive,2.4,-0.32,0.708,8582.4,8586.0,11.05,0.166,16.6,-1.8457017961085986,0.14073773591210426,5.20096172049,2.3904004255128455,14.471383735464537,3.3175354713101166,2.1646303819822195,1787260586.8785944
21.160596132278442,hold3,drive,2.4,-0.32,0.708,8582.4,8579.0,11.29,0.165,16.6,-1.9151426562679785,0.14548403983179892,4.782723230853662,2.049841085055777,14.449500636839877,3.344470462945331,2.1307190711756845,1787260586.89947
21.18039107322693,hold3,drive,2.4,-0.32,0.708,8582.4,8576.0,11.42,0.164,16.6,-1.8247918536517866,-0.09457940244479435,3.9115129120372956,2.3549910653373285,14.424418221957334,3.385321159976055,2.093324896566547,1787260586.9176812
21.200429677963257,hold3,drive,2.4,-0.32,0.708,8582.4,8575.0,11.65,0.168,16.6,-1.8243473720658525,0.36446241242742516,4.744086874695,2.368014230191527,14.40085165384081,3.427107475730097,2.0568100631624597,1787260586.937679
21.220593214035034,hold3,drive,2.4,-0.32,0.708,8582.4,8580.0,11.17,0.17,16.6,-1.8868296586129645,0.2788817564851236,5.366239125192237,2.3761639585682133,14.378866634246469,3.4696546638745125,2.019758728152382,1787260586.9576225
21.24118685722351,hold3,drive,2.4,-0.32,0.708,8582.4,8596.0,11.0,0.166,16.6,-1.891204433335638,0.11133809880689505,5.122673931491988,2.368163460246723,14.355830152993835,3.518761750405507,1.9771029645965825,1787260586.980229
21.260401010513306,hold3,drive,2.4,-0.32,0.708,8582.4,8572.0,11.49,0.165,16.6,-1.8441943137735592,0.22025099172799756,4.874400559546984,2.26545475691954,14.335348808481813,3.55219672690974,1.9451817326286467,1787260586.9992313
21.280386924743652,hold3,drive,2.4,-0.32,0.708,8582.4,8576.0,11.54,0.167,16.6,-1.8923944668687398,0.04838327220843919,4.270992144347048,2.448966555778185,14.31822275676171,3.5969945177319977,1.9078104578457047,1787260587.0175774
21.300403833389282,hold3,drive,2.4,-0.32,0.708,8582.4,8572.0,11.38,0.168,16.6,-1.8164146141268336,-0.1274876979974442,4.563497950430275,2.4144695395384552,14.302804069033632,3.6423680070592854,1.870356093405054,1787260587.0375395
21.32055640220642,hold3,drive,2.4,-0.32,0.708,8582.4,8600.0,10.89,0.167,16.6,-1.8675989723815023,0.5301359660070624,4.657410669763152,2.399911041555059,14.289031391751104,3.6883964457157408,1.8337865588090922,1787260587.0575206
21.340380668640137,hold3,drive,2.4,-0.32,0.708,8582.4,8568.0,11.67,0.167,16.6,-1.867664619302373,-0.06916850762145188,4.879830576594912,2.4551836909623947,14.282693319915417,3.7119382773661207,1.8148054022811357,1787260587.066955
21.36077380180359,hold3,drive,2.4,-0.32,0.708,8582.4,8578.0,11.28,0.169,16.6,-1.804865017111378,0.11570732125479744,4.967101151023257,2.3022558159151494,14.27093079157701,3.7611143301415066,1.7753923806394893,1787260587.0895383
21.380418062210083,hold3,drive,2.4,-0.32,0.708,8582.4,8590.0,11.17,0.167,16.6,-1.7914115262326245,0.2344533309788659,5.114262126694541,2.513108557019452,14.25364946538584,3.8313735313250525,1.719189448752464,1787260587.117614
21.400394916534424,hold3,drive,2.4,-0.32,0.708,8582.4,8578.0,11.34,0.167,16.6,-1.8200528916500451,0.03510878790635519,4.086627965134824,2.4438004778420863,14.24698837803436,3.8788412503298195,1.683250165731725,1787260587.1376154
21.42067527770996,hold3,drive,2.4,-0.32,0.708,8582.4,8555.0,11.8,0.166,16.6,-1.8141314861243087,-0.4049265351870339,3.9670331041146483,2.4100345140962305,14.24206143429621,3.926445993900926,1.6468880790617069,1787260587.1575837
21.440426111221313,hold3,drive,2.4,-0.32,0.708,8582.4,8570.0,11.47,0.166,16.6,-1.768846828632492,0.02849409979180928,4.3522555815178805,2.360196801716857,14.238827184856932,3.9743323879046986,1.6109081325411707,1787260587.1776822
21.46044087409973,hold3,drive,2.4,-0.32,0.708,8582.4,8580.0,11.21,0.168,16.6,-1.818637954162886,0.3905474638355102,5.2096068292019595,2.058759103591917,14.231909797563384,4.011288574492672,1.5771692232486796,1787260587.199292
21.480633020401,hold3,drive,2.4,-0.32,0.708,8582.4,8574.0,11.42,0.167,16.6,-1.829373555991159,0.03121961959998565,5.141038282477211,2.35104969594547,14.232033188970542,4.059205406304111,1.540646399671929,1787260587.2176275
21.50043034553528,hold3,drive,2.4,-0.32,0.708,8582.4,8544.0,11.92,0.17,16.6,-1.7801424932380088,-0.30425754060422605,4.520496355239544,2.3571220933731545,14.233912223332538,4.106954373524,1.5045609660711732,1787260587.2376974
21.520527362823486,hold3,drive,2.4,-0.32,0.708,8582.4,8568.0,11.45,0.167,16.6,-1.8406256779128527,0.22445170472260756,4.785849444835975,2.35753502852621,14.237506846877842,4.154775295786204,1.4686162954718427,1787260587.2578905
21.54046082496643,hold3,drive,2.4,-0.32,0.708,8582.4,8573.0,11.37,0.167,16.6,-1.9009783676942829,0.08167202965457498,4.458844480205954,2.3803951145715847,14.242823237993838,4.202369390834818,1.4315324253934558,1787260587.277677
21.56035876274109,hold3,drive,2.4,-0.32,0.708,8582.4,8577.0,11.39,0.166,16.6,-1.7897361315908555,-0.3738994534431903,4.198575252476019,2.039429189915247,14.24528305305209,4.239983397462812,1.396456225949545,1787260587.299857
21.580464124679565,hold3,drive,2.4,-0.32,0.708,8582.4,8551.0,12.01,0.17,16.6,-1.8031289023967554,0.07484710900357561,4.8095470414459385,2.3595603026631613,14.253975071111975,4.286885615804298,1.360614102108238,1787260587.31816
21.600507259368896,hold3,drive,2.4,-0.32,0.708,8582.4,8574.0,11.11,0.167,16.6,-1.8440538320260575,0.040210020115404976,5.272828096983801,2.4028069918435797,14.264418050381211,4.333805249905565,1.3242352826245058,1787260587.3376858
21.62062931060791,hold3,drive,2.4,-0.32,0.708,8582.4,8578.0,11.41,0.168,16.6,-1.8372744891551516,0.3118317682687284,4.715361257130411,2.3944634521919714,14.276492486539542,4.3800229113649145,1.2875252690505654,1787260587.357551
21.640411138534546,hold3,drive,2.4,-0.32,0.708,8582.4,8573.0,11.32,0.164,16.6,-1.803512264435672,0.060449038768505936,4.67282539268632,2.8573282687860218,14.290310705740174,4.426024418981818,1.2506576806687626,1787260587.3766186
21.660423755645752,hold3,drive,2.4,-0.32,0.708,8582.4,8571.0,11.75,0.169,16.6,-1.7844098094106973,0.1276445861091302,4.21999886682147,2.3992555041711072,14.299944252376946,4.469315327621582,1.216098597884757,1787260587.3990974
21.680379152297974,hold3,drive,2.4,-0.32,0.708,8582.4,8574.0,11.27,0.167,16.6,-1.7843301808941041,-0.1284844473107869,4.581331666572339,2.4953058518173403,14.316991885048177,4.514131286380004,1.1803987580677087,1787260587.4176998
21.700416803359985,hold3,drive,2.4,-0.32,0.708,8582.4,8590.0,11.21,0.168,16.6,-1.7714359538442674,0.2815621933450636,4.3568573404332085,2.441125788999769,14.335639833614017,4.558350616941582,1.144790790810966,1787260587.4376369
21.720620155334473,hold3,drive,2.4,-0.32,0.708,8582.4,8569.0,11.39,0.166,16.6,-1.7974861966790951,0.09262869812949592,4.763525943963117,2.4140251208576076,14.355800205283057,4.601752440672673,1.109281502872182,1787260587.4575167
21.74039649963379,hold3,drive,2.4,-0.32,0.708,8582.4,8589.0,11.28,0.168,16.6,-1.8198044187203408,0.18446310679627587,5.148411621730361,2.389102529524299,14.377561005656515,4.644556788832335,1.0732142869073202,1787260587.47763
21.760774612426758,hold3,drive,2.4,-0.32,0.708,8582.4,8612.0,10.8,0.166,16.6,-1.791697549733699,0.1993795555617961,5.00114364200806,2.358010396004449,14.397949552396,4.690024842413444,1.037505427534085,1787260587.4990478
21.780386447906494,hold3,drive,2.4,-0.32,0.708,8582.4,8590.0,11.25,0.167,16.6,-1.8325949156457189,0.05115053108825762,4.313638813532492,2.4786516292060394,14.422731776490597,4.731155284258827,1.0012745395863265,1787260587.517597
21.800482273101807,hold3,drive,2.4,-0.32,0.708,8582.4,8572.0,11.6,0.164,16.6,-1.8246371239924533,-0.146787822797676,3.8758983970570853,2.4272272059238995,14.448984437213436,4.771329751781622,0.9646354221707906,1787260587.5376215
21.820618867874146,hold3,drive,2.4,-0.32,0.708,8582.4,8583.0,11.4,0.169,16.6,-1.746303303163026,0.1813008958910629,4.362822377736222,2.4019930238330334,14.476661627561079,4.810488538383033,0.9285715101090675,1787260587.5576324
21.84054660797119,hold3,drive,2.4,-0.32,0.708,8582.4,8619.0,10.59,0.168,16.6,-1.8444401235421732,0.5097700764732878,5.244111834964656,2.388166817956485,14.505918657103196,4.848921978959025,0.892568243026048,1787260587.577814
21.860309600830078,tr4,drive,2.8,-0.32,0.708,10012.8,8596.0,11.18,0.167,16.6,-1.852075805861594,0.004447634526783428,5.160649844614454,1.985219070916201,14.52618945299346,4.876120522711298,0.8601325782847735,1787260587.5989583
21.880497455596924,tr4,drive,2.8,-0.32,0.708,10012.8,8574.0,11.8,0.175,16.6,-1.807552945599595,0.06452289458685456,4.542233087996578,2.2888083582956313,14.557778942041056,4.912154207003051,0.8235504365584737,1787260587.617529
21.90044331550598,tr4,drive,2.8,-0.32,0.708,10012.8,8706.0,19.57,0.188,16.6,-1.8372380038482174,-0.662809916103221,4.894683382069843,2.340583235554888,14.591023086175126,4.9474697897851065,0.7872775843247583,1787260587.6376762
21.92041850090027,tr4,drive,2.8,-0.32,0.708,10012.8,8870.0,23.83,0.195,16.5,-1.8683272137815847,-1.7094546190955953,4.051800777775895,2.396008141327223,14.626081698685477,4.982168147785386,0.7503684920277901,1787260587.6576955
21.94326663017273,tr4,drive,2.8,-0.32,0.708,10012.8,8936.0,28.64,0.189,16.5,-1.8198755251214462,-2.5163455629836164,3.5314003166113253,2.4199564412907484,14.662763018713644,5.015885950559626,0.713365830940737,1787260587.6778545
21.96048355102539,tr4,drive,2.8,-0.32,0.708,10012.8,9070.0,22.94,0.192,16.5,-1.7488458230557247,-1.66109361198896,4.678300725657493,2.3916585824900842,14.698904584408925,5.050464155712869,0.6764705271505318,1787260587.6989253
21.98147439956665,tr4,drive,2.8,-0.32,0.708,10012.8,9228.0,20.18,0.195,16.6,-1.7836076652903654,-0.34723640474313555,5.257491434392932,2.6355907001009653,14.718143496338385,5.065909932469144,0.6589673835631802,1787260587.7066238
22.000410795211792,tr4,drive,2.8,-0.32,0.708,10012.8,9293.0,19.88,0.185,16.6,-1.8662333033745098,-1.0313801073375046,5.3483045445758535,2.557206291401464,14.780538790514758,5.1128856910025196,0.6050479044133783,1787260587.737744
22.02047348022461,tr4,drive,2.8,-0.32,0.708,10012.8,9344.0,20.32,0.196,16.6,-1.8204857884852377,-1.1480040710477795,5.179176748201769,2.569538757880061,14.823344997242817,5.142062612054089,0.5680339532217149,1787260587.7577024
22.040502548217773,tr4,drive,2.8,-0.32,0.708,10012.8,9437.0,18.76,0.194,16.6,-1.7825510561278766,-1.0385582226697068,4.449428708438035,2.6177881625167485,14.871057609483614,5.171842838692337,0.5278374362497404,1787260587.7786453
22.06044292449951,tr4,drive,2.8,-0.32,0.708,10012.8,9475.0,18.68,0.187,16.6,-1.8207317314119065,-0.9615296316163153,4.372876080759113,3.221889555985017,14.937270036444444,5.215053429549871,0.48153910358428675,1787260587.7982156
22.080389261245728,tr4,drive,2.8,-0.32,0.708,10012.8,9488.0,19.19,0.195,16.6,-1.8748205331514156,-0.694864499861545,5.2431967456759025,2.9588679616431133,14.984297579880819,5.239180697412154,0.4448510894393155,1787260587.817651
22.100412130355835,tr4,drive,2.8,-0.32,0.708,10012.8,9586.0,17.48,0.194,16.6,-1.8811235696613609,-0.6139016095881047,6.092418901451424,2.7996249746946686,15.03260358081327,5.261773778195338,0.4073360568855033,1787260587.837681
22.120570421218872,tr4,drive,2.8,-0.32,0.708,10012.8,9648.0,16.82,0.19,16.6,-1.9356629782573116,-0.16057905708921894,5.810501818646173,2.739897722579191,15.081942577991713,5.282632433721032,0.36953060490398243,1787260587.8575277
22.140462636947632,tr4,drive,2.8,-0.32,0.708,10012.8,9647.0,17.57,0.194,16.6,-1.9652376484787506,-0.5645310806558896,5.147624001748284,2.673664623921588,15.136337818409487,5.303146069386383,0.327360633188326,1787260587.879434
22.16084051132202,tr4,drive,2.8,-0.32,0.708,10012.8,9711.0,16.56,0.195,16.6,-1.9059082783461831,-1.0247654443477145,4.665944681372963,2.6958242575584888,15.183654343560503,5.31884671340558,0.2917378236262809,1787260587.8978152
22.180421590805054,tr4,drive,2.8,-0.32,0.708,10012.8,9775.0,15.7,0.193,16.6,-1.7332486206575122,-0.5940848101726814,5.1544231443998,2.207284853995608,15.210716430577124,5.327658879914233,0.2626822501825855,1787260587.917627
22.200379848480225,tr4,drive,2.8,-0.32,0.708,10012.8,9763.0,16.34,0.192,16.6,-1.8251716204232322,-0.4720932118991392,5.437945287970308,2.464399554603862,15.263462839970288,5.34142013270145,0.22747437610002305,1787260587.9375987
22.220622301101685,tr4,drive,2.8,-0.32,0.708,10012.8,9807.0,15.93,0.195,16.6,-1.8040961625046719,-0.22419358668560818,6.236506580444313,2.5914995296665584,15.316605219851207,5.3532833599306535,0.19120282577461772,1787260587.9575315
22.240394592285156,tr4,drive,2.8,-0.32,0.708,10012.8,9872.0,14.78,0.194,16.6,-1.7964576838661066,-0.12151655766283209,5.747302770284762,2.660530791348595,15.370689880279988,5.363327193023361,0.15514063437494985,1787260587.9775636
22.260703802108765,tr4,drive,2.8,-0.32,0.708,10012.8,9857.0,15.29,0.19,16.6,-1.8498173120991521,-0.2888916419338443,4.469131487143358,2.769233044967815,15.397673125349435,5.367547302632308,0.13710492461482712,1787260587.9865985
22.28038215637207,tr4,drive,2.8,-0.32,0.708,10012.8,9859.0,15.67,0.196,16.6,-1.7761618663566674,-0.8286826404745398,3.900565169702901,2.4549415130671544,15.448443569879531,5.377340246936675,0.0935915752865872,1787260588.0176296
22.300378799438477,tr4,drive,2.8,-0.32,0.708,10012.8,9937.0,14.03,0.196,16.6,-1.671514815534767,-0.3874097381468893,5.16086794576762,2.6023125517978603,15.50363545903886,5.382094252166949,0.05854939390742736,1787260588.037692
22.32059955596924,tr4,drive,2.8,-0.32,0.708,10012.8,9948.0,14.0,0.189,16.6,-1.8075996840767257,0.09175873290221581,5.743085758175823,2.668343976585345,15.558861707660023,5.384927054096738,0.024532903226033662,1787260588.057814
22.340412616729736,tr4,drive,2.8,-0.32,0.708,10012.8,9913.0,15.34,0.195,16.6,-1.839842575394315,-0.369992489957486,6.0466223370592616,2.7035603834672983,15.619592484607223,5.385855075342049,-0.01546681850434974,1787260588.079617
22.360591411590576,tr4,drive,2.8,-0.32,0.708,10012.8,9980.0,13.83,0.195,16.6,-1.8319380469628508,-0.10247007412492426,5.713746182941463,2.845073660483531,15.641851448175006,5.385510772537024,-0.0303354456786384,1787260588.086628
22.3803813457489,tr4,drive,2.8,-0.32,0.708,10012.8,10006.0,13.51,0.194,16.6,-1.885801944748303,-0.05369024190671734,4.330329691326398,3.0072223555749473,15.73012101410988,5.394953088741142,-0.0823735229644689,1787260588.1177793
22.400375366210938,tr4,drive,2.8,-0.32,0.708,10012.8,9955.0,14.8,0.195,16.6,-1.7705701601738826,-0.8788558459697811,4.419563176133238,2.89480249243808,15.785872078454226,5.389829887348891,-0.11974854680961794,1787260588.1377313
22.420657634735107,tr4,drive,2.8,-0.32,0.708,10012.8,10027.0,13.35,0.196,16.6,-1.7467046415393008,-0.34452706070957717,5.227875870567971,2.8402346406289256,15.841006484616935,5.382742060583278,-0.15479866166563103,1787260588.1575372
22.44059944152832,tr4,drive,2.8,-0.32,0.708,10012.8,10034.0,13.2,0.194,16.6,-1.7670784896686798,0.15940541122227359,6.26792542565363,2.801729499183798,15.89629611798314,5.373651250032766,-0.18983723243585496,1787260588.177643
22.46064329147339,tr4,drive,2.8,-0.32,0.708,10012.8,9971.0,14.45,0.192,16.6,-1.8094656278944898,-0.18390959472089818,5.250211065872634,3.0002427302342407,15.966788223442215,5.372088296807777,-0.22850226023706668,1787260588.1999614
22.480425357818604,tr4,drive,2.8,-0.32,0.708,10012.8,10017.0,13.81,0.197,16.6,-1.7640924202964283,-0.12026782988918772,4.984478491964126,3.1136172823857104,16.021316717202843,5.358897211050229,-0.26431738187421966,1787260588.2177567
22.50039553642273,tr4,drive,2.8,-0.32,0.708,10012.8,10055.0,12.77,0.194,16.6,-1.7615942420358794,-0.42679651137644825,4.403402056100106,2.9540583924494728,16.075471471428383,5.343748600758215,-0.29960780572326967,1787260588.2376573
22.520601749420166,tr4,drive,2.8,-0.32,0.708,10012.8,10001.0,14.08,0.195,16.6,-1.7341037616835364,-0.2673026610136482,4.938012421351118,2.8665417353381257,16.128567341491863,5.326832111741687,-0.33442980740732114,1787260588.2575295
22.540405988693237,tr4,drive,2.8,-0.32,0.708,10012.8,10045.0,13.38,0.196,16.6,-1.784911149485905,0.21894607586403936,5.776121943303792,2.8194499808110103,16.184192128004238,5.306949163556023,-0.3711804704977652,1787260588.278753
22.560439109802246,tr4,drive,2.8,-0.32,0.708,10012.8,10072.0,12.68,0.194,16.6,-1.7491353086662162,-0.14795147357993788,5.910692108972057,2.8228075786796367,16.233776278902763,5.287190643410088,-0.40487300174814994,1787260588.2976344
22.58038330078125,tr4,drive,2.8,-0.32,0.708,10012.8,10012.0,13.76,0.191,16.6,-1.7642917579040207,-0.03965653088071441,5.772448137552203,2.5486536228911207,16.27363731540656,5.279145113349805,-0.4362532420329291,1787260588.3175528
22.600443601608276,tr4,drive,2.8,-0.32,0.708,10012.8,10038.0,13.67,0.197,16.6,-1.7666253528092024,-0.057707937043576685,4.666905963667347,2.6690928064228365,16.324228545675275,5.2550280554965765,-0.4715195918877166,1787260588.3375244
22.620424270629883,tr4,drive,2.8,-0.32,0.708,10012.8,10077.0,12.52,0.195,16.6,-1.7065456370395053,-0.5368329651057806,4.732848233369452,2.730817246079763,16.374177956656403,5.2290292009706265,-0.5065704234374776,1787260588.3575485
22.640652894973755,tr4,drive,2.8,-0.32,0.708,10012.8,10052.0,13.19,0.191,16.6,-1.7598675815431266,0.26321878270179155,5.5236146023237325,2.7194240898506252,16.423036603607994,5.201399980936433,-0.5409598306199888,1787260588.3777354
22.66108751296997,tr4,drive,2.8,-0.32,0.708,10012.8,10033.0,13.77,0.197,16.6,-1.8111283725210805,0.021781500503788465,5.488547094391208,2.429987663355841,16.467037573147394,5.187423926121175,-0.5744533394955822,1787260588.400455
22.680379390716553,tr4,drive,2.8,-0.32,0.708,10012.8,10080.0,12.64,0.195,16.6,-1.812647173290753,0.06752928175640127,5.958573205833488,2.9168868708822724,16.513958984044738,5.1564771625804555,-0.6106419228409733,1787260588.4176362
22.700406312942505,tr4,drive,2.8,-0.32,0.708,10012.8,10066.0,12.85,0.19,16.6,-1.8434353128628866,-0.0038396793895878467,5.491457838467511,2.8345612492254357,16.559764033183445,5.123814646852231,-0.6470552643113437,1787260588.437914
22.72064995765686,tr4,drive,2.8,-0.32,0.708,10012.8,10027.0,13.9,0.196,16.6,-1.8413966630484306,-0.11671577413622014,4.586224032118025,2.8296117789608237,16.604127950152975,5.08964422254784,-0.6838544036203347,1787260588.4575613
22.740987300872803,tr4,drive,2.8,-0.32,0.708,10012.8,10092.0,12.44,0.196,16.6,-1.765176992650363,-0.21201712501948577,5.35903009270595,2.775811722607027,16.647627640560415,5.053547757693932,-0.7200145865564843,1787260588.4781635
22.760554552078247,tr4,drive,2.8,-0.32,0.708,10012.8,10082.0,12.51,0.192,16.6,-1.8430836424409414,0.37880424432266935,6.360911945987539,2.88670655239287,16.689825773923598,5.015867449089798,-0.7555567211396218,1787260588.4969285
22.78039574623108,tr4,drive,2.8,-0.32,0.708,10012.8,10032.0,13.89,0.194,16.6,-1.8466974188821246,0.05106706208124834,5.863391055928162,2.889108362872708,16.73382363599824,4.9833242195468825,-0.7973219781434032,1787260588.5175571
22.8005154132843,tr4,drive,2.8,-0.32,0.708,10012.8,10074.0,13.04,0.197,16.6,-1.8743895005289863,0.17769261550268212,5.958569697503947,2.8256604902219777,16.772870219388288,4.942605426590497,-0.8344674996275359,1787260588.5378084
22.820486307144165,tr4,drive,2.8,-0.32,0.708,10012.8,10084.0,12.31,0.193,16.6,-1.8667275860728287,-0.05085236875860044,5.099977962966136,2.7912471507662437,16.81064483302661,4.900149525018225,-0.8722300202323523,1787260588.558313
22.840437650680542,tr4,drive,2.8,-0.32,0.708,10012.8,10008.0,13.94,0.194,16.6,-1.8216637046353799,-0.631293349298133,4.676774602306921,2.757018731886652,16.84695284724358,4.85612389366689,-0.9099418590402389,1787260588.5782363
22.86042332649231,tr4,drive,2.8,-0.32,0.708,10012.8,10060.0,13.07,0.198,16.6,-1.7393725595841494,0.07092728621102307,5.434644534593303,2.7078354615244713,16.881908961898592,4.810309144692734,-0.946188032244457,1787260588.5997047
22.88037371635437,tr4,drive,2.8,-0.32,0.708,10012.8,10085.0,12.23,0.192,16.6,-1.840644453198538,0.24583040514090726,6.3025994159559104,3.0627345053718487,16.920097168643814,4.7618235949471375,-0.9895893612014534,1787260588.6175976
22.900409936904907,tr4,drive,2.8,-0.32,0.708,10012.8,10035.0,13.34,0.189,16.6,-1.830876377794291,-0.003502601097216562,5.505905139519598,2.8798588444867037,16.950615161262593,4.7143934515299595,-1.0265140579439664,1787260588.6383274
22.920563459396362,tr4,drive,2.8,-0.32,0.708,10012.8,10043.0,13.54,0.197,16.6,-1.8539723760318942,0.2817034401542102,5.897081544515629,2.8767424796348506,16.979156361194974,4.666241400384353,-1.0631120646396592,1787260588.6577148
22.940410137176514,tr4,drive,2.8,-0.32,0.708,10012.8,10072.0,12.47,0.193,16.6,-1.8230615978915625,-0.3081066897426936,4.93375155512291,2.9091123086466806,17.006346157626375,4.616298516003105,-1.100616036109664,1787260588.6767993
22.960628271102905,tr4,drive,2.8,-0.32,0.708,10012.8,10026.0,13.27,0.188,16.6,-1.7603735821502415,-0.1195102682513598,4.819196994210756,2.7877961575054844,17.018927556404304,4.5915758668743525,-1.118368577867042,1787260588.6878743
22.9803946018219,tr4,drive,2.8,-0.32,0.708,10012.8,10045.0,13.45,0.197,16.6,-1.765156619468024,0.2936696578635356,5.655532470858589,2.6806593839761645,17.05052414210492,4.5273690407213945,-1.1732725418486125,1787260588.7175477
23.000404357910156,tr4,drive,2.8,-0.32,0.708,10012.8,10071.0,12.42,0.194,16.6,-1.7890065586102284,0.03395960441531476,6.316718688195863,2.7290340329704263,17.07189571820164,4.475225585844911,-1.2087438057430981,1787260588.7376983
23.0206401348114,tr4,drive,2.8,-0.32,0.708,10012.8,10056.0,12.87,0.188,16.6,-1.8689495945283363,0.5569785242353262,6.1599443048591525,2.7628675120030084,17.09132129041776,4.422538021892821,-1.2448809958911973,1787260588.757637
23.04041814804077,tr4,drive,2.8,-0.32,0.708,10012.8,10020.0,13.83,0.197,16.6,-1.8723814770670666,0.06606693417240361,5.301605754769923,2.7620741499090133,17.10879675764193,4.369155397151773,-1.2823468153940312,1787260588.7778163
23.06135606765747,hold4,drive,2.8,-0.32,0.708,10012.8,10062.0,12.58,0.193,16.6,-1.7982112422858696,-0.40475802573374153,4.584984422346679,2.7797332599318088,17.129964681515908,4.310030033263292,-1.3257884051598126,1787260588.8001099
23.080379724502563,hold4,drive,2.8,-0.32,0.708,10012.8,10058.0,12.8,0.19,16.6,-1.7555049242034133,0.2037470421174774,5.295433433663163,3.0281792369748324,17.14308087732543,4.255530807676584,-1.3612459681115983,1787260588.8176682
23.100391387939453,hold4,drive,2.8,-0.32,0.708,10012.8,10031.0,13.52,0.195,16.6,-1.8315259227841612,0.18703284855016022,5.748851113055764,2.8968940331924156,17.15429070009362,4.2004025990299825,-1.3968219656697622,1787260588.837816
23.12074565887451,hold4,drive,2.8,-0.32,0.708,10012.8,10070.0,12.64,0.194,16.6,-1.8001733262189854,-0.05543014495245302,5.820026348629881,2.8422837747522873,17.163513866889335,4.145021147204498,-1.4332009722028276,1787260588.8578055
23.140464782714844,hold4,drive,2.8,-0.32,0.708,10012.8,10076.0,12.42,0.192,16.6,-1.8109933502538136,0.25456713241704065,5.981474411637521,2.8181306197224902,17.170768451076682,4.088986348756147,-1.4693732411543696,1787260588.8778677
23.160644054412842,hold4,drive,2.8,-0.32,0.708,10012.8,10015.0,13.68,0.193,16.6,-1.7968057590205802,-0.012788317992677989,4.321340473958571,2.5025491332449255,17.178310219760395,4.041679923554895,-1.5064517581754084,1787260588.8998647
23.180397510528564,hold4,drive,2.8,-0.32,0.708,10012.8,10046.0,13.21,0.198,16.6,-1.7491807155628023,-0.4525845242166824,5.2209773252461105,2.851867521532092,17.181429688083025,3.98557264793622,-1.5419323318715972,1787260588.9178183
23.200441598892212,hold4,drive,2.8,-0.32,0.708,10012.8,10096.0,11.79,0.193,16.6,-1.7820125649554626,0.38109313698773306,5.629660879376047,2.8366884585826364,17.18258814397533,3.929202454392568,-1.577074160682008,1787260588.9376547
23.220467805862427,hold4,drive,2.8,-0.32,0.708,10012.8,10033.0,13.35,0.193,16.6,-1.8342543313209474,-0.23479868216811184,5.250625048758536,2.8074502089298994,17.181728154612426,3.873062801228537,-1.6129850670021757,1787260588.9577067
23.240381002426147,hold4,drive,2.8,-0.32,0.708,10012.8,10051.0,13.23,0.196,16.6,-1.7870412788838046,0.12729468505501007,5.677581737305616,2.8085912857754174,17.178850457795217,3.8170249747014178,-1.6493720828474558,1787260588.9775145
23.260510683059692,hold4,drive,2.8,-0.32,0.708,10012.8,10079.0,12.13,0.192,16.6,-1.8102210335376907,0.20461866101050497,5.6814297900911015,2.7195850406466526,17.173928223859406,3.7607799163662263,-1.6853106240545932,1787260588.998854
23.28039002418518,hold4,drive,2.8,-0.32,0.708,10012.8,10035.0,13.11,0.189,16.6,-1.832612359350859,-0.23548898255051043,4.326691261231019,2.830889609664963,17.16701299386846,3.7051658527794964,-1.7215607398699182,1787260589.0179737
23.300454139709473,hold4,drive,2.8,-0.32,0.708,10012.8,10036.0,13.5,0.196,16.6,-1.7765430978667123,0.06619378678052756,4.984395461498309,2.8277080729238184,17.158068240461716,3.6497521627401768,-1.7579249946395916,1787260589.037727
23.320635318756104,hold4,drive,2.8,-0.32,0.708,10012.8,10080.0,12.01,0.194,16.6,-1.7836176521444533,0.2055881842248013,5.958375569935981,2.8167475528262687,17.14712771953896,3.5945727497984796,-1.7934394854567755,1787260589.0576181
23.340500116348267,hold4,drive,2.8,-0.32,0.708,10012.8,10068.0,12.57,0.189,16.6,-1.840629672654488,0.2511674514559843,5.776920088274494,2.8853957033974797,17.13375393544654,3.537931332003303,-1.8303577196660838,1787260589.077296
23.36074733734131,hold4,drive,2.8,-0.32,0.708,10012.8,10046.0,13.59,0.198,16.6,-1.820634392874064,0.12084680476256615,6.335630923311157,2.770709272424106,17.126976696137795,3.5124110365342407,-1.8478860959836136,1787260589.0878448
23.38042902946472,hold4,drive,2.8,-0.32,0.708,10012.8,10089.0,11.92,0.193,16.6,-1.8013073002111413,-0.1792194697552425,4.7457392979090685,2.481717533703728,17.121697932305292,3.4458274769381947,-1.8954335680237584,1787260589.1190288
23.40037775039673,hold4,drive,2.8,-0.32,0.708,10012.8,10080.0,12.52,0.191,16.6,-1.8126319932725397,-0.00405163182978141,5.216881350506355,2.7445445216997704,17.10330544248256,3.392716809634673,-1.931497491367615,1787260589.1378841
23.420555353164673,hold4,drive,2.8,-0.32,0.708,10012.8,10031.0,13.66,0.195,16.6,-1.8039045480642408,0.10050825096313609,5.214495686418104,2.7881602152527716,17.083051857418813,3.3404776250847292,-1.9676470677108668,1787260589.157527
23.445754289627075,hold4,drive,2.8,-0.32,0.708,10012.8,10080.0,12.16,0.194,16.6,-1.8135467891069816,0.21643248565536943,6.296560996093319,2.771979546033213,17.060771403804477,3.2885973253548695,-2.0038572593000454,1787260589.1778536
23.460683822631836,hold4,drive,2.8,-0.32,0.708,10012.8,10076.0,12.37,0.192,16.6,-1.8166323275459475,0.22068766912062188,5.493910160817052,2.752348218933296,17.03669596167142,3.2377167904726325,-2.0401202476454974,1787260589.1983454
23.48038363456726,hold4,drive,2.8,-0.32,0.708,10012.8,10027.0,13.48,0.193,16.6,-1.8155793136509302,-0.0759951778690846,5.656445221260981,2.6379761113426214,17.02972231736691,3.195202740645791,-2.072676188611418,1787260589.217581
23.50038480758667,hold4,drive,2.8,-0.32,0.708,10012.8,10061.0,12.58,0.195,16.6,-1.7792659137652092,-0.34531522886814514,4.417782406530108,2.7090804697428035,17.002274730276437,3.1462174940040404,-2.108758556374801,1787260589.2376485
23.520469427108765,hold4,drive,2.8,-0.32,0.708,10012.8,10089.0,12.09,0.193,16.6,-1.7429075064570658,0.20155605377368246,5.453002453641034,2.761924761736851,16.97299490056072,3.0980838359392977,-2.1441489541687777,1787260589.2575219
23.5405433177948,hold4,drive,2.8,-0.32,0.708,10012.8,10039.0,13.18,0.194,16.6,-1.7659526383178485,-0.134285433662634,5.5822148153777675,2.745868475639429,16.942087326022456,3.051111806039501,-2.1791781601123055,1787260589.2776651
23.560396909713745,hold4,drive,2.8,-0.32,0.708,10012.8,10047.0,13.03,0.195,16.6,-1.7786457967053844,-0.11543474049471403,6.2888713224598405,2.4739405360504727,16.928605783554964,3.0092797247349967,-2.211435196419327,1787260589.2987218
23.580387353897095,hold4,drive,2.8,-0.32,0.708,10012.8,10080.0,12.0,0.191,16.6,-1.8132864651104266,0.40016850942670956,6.020227419753439,2.734116769378076,16.89459526483587,2.9644627453638073,-2.2471645226967527,1787260589.317527
23.600386142730713,hold4,drive,2.8,-0.32,0.708,10012.8,10006.0,13.5,0.193,16.6,-1.8436465015373298,-0.09949422495405624,4.24828272722462,2.730761325509144,16.859034604995404,2.9209910892715603,-2.2836920459446843,1787260589.3379653
23.6205096244812,hold4,drive,2.8,-0.32,0.708,10012.8,10022.0,13.38,0.196,16.6,-1.7537576242122122,-0.3804307205161699,4.863989299271651,2.7735120205596755,16.822089849765778,2.8790473080480625,-2.3200117744324267,1787260589.3576941
23.640415906906128,hold4,drive,2.8,-0.32,0.708,10012.8,10074.0,12.04,0.195,16.6,-1.7591518570001679,0.41412994338239173,5.4991194454646575,2.79011229673209,16.781476340030512,2.8361515697556756,-2.3568594274500843,1787260589.3786829
23.660412073135376,hold4,drive,2.8,-0.32,0.708,10012.8,10064.0,12.4,0.189,16.6,-1.8993676878670032,0.2569683647176326,6.1699331037855245,5.794233422852654,16.687600366868704,2.7295150421838827,-2.4296792083781233,1787260589.39916
23.680389642715454,hold4,drive,2.8,-0.32,0.708,10012.8,10021.0,13.65,0.197,16.6,-1.8788662743214097,-0.07180897327893287,5.899499953012935,4.395720712026261,16.644743989725814,2.693277957574289,-2.4675292899320254,1787260589.4176023
23.701077461242676,hold4,drive,2.8,-0.32,0.708,10012.8,10071.0,11.97,0.193,16.6,-1.8025898785921233,-0.16661915802638205,5.65803215565694,3.542002871109798,16.60025540057249,2.658412683241742,-2.5048648708133254,1787260589.4382443
23.720610857009888,hold4,drive,2.8,-0.32,0.708,10012.8,10049.0,12.75,0.193,16.6,-1.81703566329304,-0.04416700927403827,4.5027573639951015,3.208407982638512,16.55498062134727,2.6255666501428063,-2.5408067153473293,1787260589.457506
23.740383625030518,hold4,drive,2.8,-0.32,0.708,10012.8,9999.0,13.98,0.198,16.6,-1.7601920877219528,-0.3075866529783582,5.732706365227159,2.976445153811266,16.508455374437396,2.594336925919678,-2.5768864633363586,1787260589.4776704
23.76059651374817,hold4,drive,2.8,-0.32,0.708,10012.8,10068.0,12.02,0.192,16.6,-1.7892034993728398,0.11095929971543139,5.586121925043869,3.016867269014817,16.484647614485752,2.5792541143878362,-2.5945478868333547,1787260589.4867291
23.780386924743652,hold4,drive,2.8,-0.32,0.708,10012.8,10048.0,12.77,0.196,16.6,-1.8397758632090087,-0.009064372364724349,6.079432819653391,3.1274239297256097,16.463993444989544,2.5761239426133344,-2.638236805122129,1787260589.5177903
23.800405263900757,hold4,drive,2.8,-0.32,0.708,10012.8,9997.0,13.66,0.196,16.6,-1.8323017016097014,-0.1336112862141663,5.659009810155851,2.9201901813316673,16.414757036331896,2.5495866442651347,-2.675033553524449,1787260589.5382297
23.820466995239258,hold4,drive,2.8,-0.32,0.708,10012.8,10055.0,12.45,0.194,16.6,-1.855940851551626,-0.06600800519963546,5.0327379036944535,2.8799476445598784,16.36454766059046,2.524836760506231,-2.7116906130443446,1787260589.5578601
23.84144401550293,hold4,drive,2.8,-0.32,0.708,10012.8,10050.0,12.4,0.192,16.6,-1.8086176774034084,-0.4550291355502516,4.877730841364297,2.947692520878294,16.338396622053253,2.512846444868669,-2.730791498503575,1787260589.5671232
23.860400199890137,hold4,drive,2.8,-0.32,0.708,10012.8,10000.0,13.69,0.196,16.6,-1.7823695616995878,0.1138244446439689,5.3424865647527895,2.316987357273373,16.29607660549964,2.4932244247801716,-2.777836700917384,1787260589.5994217
23.880387544631958,hold4,drive,2.8,-0.32,0.708,10012.8,10047.0,12.59,0.194,16.6,-1.8279801901088297,0.1468757320342613,6.015574205338169,2.696752481687157,16.243598687124898,2.473743888372661,-2.8138908771672333,1787260589.6178453
23.900423288345337,hold4,drive,2.8,-0.32,0.708,10012.8,10066.0,12.18,0.195,16.6,-1.8741777792223253,0.2618704878048561,5.7532271694372525,2.6896763574749913,16.190038613056874,2.456043928797673,-2.850837068910079,1787260589.6387181
23.920530557632446,hold4,drive,2.8,-0.32,0.708,10012.8,10021.0,13.18,0.192,16.6,-1.851887120898362,-0.3986472831194554,5.450085277627238,2.816648264059731,16.13648364125373,2.44054930843548,-2.888036516483317,1787260589.6576526
23.94042134284973,hold4,drive,2.8,-0.32,0.708,10012.8,10032.0,13.04,0.195,16.6,-1.8282691430871034,-0.09403038541664177,4.7322290132053695,2.8768848288282944,16.07658047348217,2.4256736160165198,-2.9289161252931204,1787260589.6786392
23.96039605140686,hold4,drive,2.8,-0.32,0.708,10012.8,10064.0,12.19,0.196,16.6,-1.7755156503181597,-0.1946977446062519,5.769452024123723,2.7756891177143816,16.027045274539024,2.4153303186921278,-2.960872066441338,1787260589.6977074
23.980390310287476,hold4,drive,2.8,-0.32,0.708,10012.8,10032.0,12.78,0.19,16.6,-1.8278635436530841,0.08987589283648667,5.337697694928579,2.2777784824721037,16.000115866656472,2.4078706101650313,-2.9919830744722558,1787260589.717716
24.000389575958252,hold4,drive,2.8,-0.32,0.708,10012.8,10021.0,13.27,0.194,16.6,-1.8216511877782564,-0.007674365804971384,6.008999011055721,2.522325296129095,15.944724831987221,2.4000234539564076,-3.0284741997056663,1787260589.7378626
24.02059268951416,hold4,drive,2.8,-0.32,0.708,10012.8,10076.0,12.01,0.194,16.6,-1.8369964551373474,0.33535983216261656,5.699813436888803,2.682238910589322,15.888789920700376,2.394151901538863,-3.0649768543360127,1787260589.7575526
24.04049587249756,hold4,drive,2.8,-0.32,0.708,10012.8,10049.0,12.42,0.189,16.6,-1.8709356469112628,-0.005834881931532365,5.038143654796386,2.640905580048807,15.832794665437303,2.390175032255989,-3.101842184380049,1787260589.777761
24.06125497817993,hold4,drive,2.8,-0.32,0.708,10012.8,10000.0,13.79,0.195,16.6,-1.7836903564422124,-0.3252013543397716,4.513801000670298,2.1070329141111435,15.799473019227383,2.385988909394284,-3.1353120068684763,1787260589.7991238
24.080398082733154,hold4,drive,2.8,-0.32,0.708,10012.8,10067.0,12.1,0.194,16.6,-1.7459990370084844,0.19017886997634292,5.687301564300469,2.5801567370485277,15.743281932632781,2.3861012268112702,3.112571727255712,1787260589.817709
24.100538969039917,hold4,drive,2.8,-0.32,0.708,10012.8,10062.0,12.17,0.19,16.6,-1.8584515466692983,0.2596377649575565,5.9527984954081035,2.6815047436397093,15.68717817981867,2.3881965365102706,3.077123344590089,1787260589.8377733
24.120444774627686,hold4,drive,2.8,-0.32,0.708,10012.8,9991.0,13.73,0.193,16.6,-1.8370390657147886,-0.1658888407601502,6.204262108349553,2.6842781471007915,15.631386598364104,2.3923288225411605,3.0400346761272847,1787260589.8584933
24.140565633773804,hold4,drive,2.8,-0.32,0.708,10012.8,10060.0,12.33,0.195,16.6,-1.8025189053490727,0.34840785790411744,5.649015164013576,2.80680474073549,15.575571464998399,2.398514139577061,3.003497021655722,1787260589.8776186
24.16045331954956,hold4,drive,2.8,-0.32,0.708,10012.8,10064.0,12.11,0.194,16.6,-1.8522088307580433,-0.017732102493207336,4.569288740699392,5.990896387120271,15.42653896053206,2.4066903330789597,2.9318891645598546,1787260589.8988683
24.180449724197388,hold4,drive,2.8,-0.32,0.708,10012.8,9986.0,13.75,0.194,16.6,-1.76667435497326,-0.3792781977166726,5.18777917223764,4.416440205656236,15.37180007728545,2.4189179267896725,2.8953840612386084,1787260589.9181764
24.200388431549072,hold4,drive,2.8,-0.32,0.708,10012.8,10052.0,12.48,0.196,16.6,-1.7674974049081493,0.17064127512026772,5.724438401940915,3.621370944739538,15.317466937867607,2.4330833278650603,2.8600894351525707,1787260589.9377224
24.220533847808838,hold4,drive,2.8,-0.32,0.708,10012.8,10057.0,12.13,0.192,16.6,-1.8305755737491662,0.10043927208803538,6.241041681098352,3.2037347286749753,15.263558170892514,2.4491882856565064,2.824408570330651,1787260589.957646
24.24061608314514,hold4,drive,2.8,-0.32,0.708,10012.8,9996.0,13.45,0.19,16.6,-1.8058527835596883,0.16336521892169742,5.5189947170391065,3.1839717421411944,15.23674943622198,2.457988712657556,2.8060363678625277,1787260589.966638
24.260430335998535,hold4,drive,2.8,-0.32,0.708,10012.8,10026.0,12.96,0.196,16.6,-1.7753180437652758,0.07146014573710735,5.197460992329127,2.5512864329332707,15.199583915587882,2.470037538294604,2.7627833636077526,1787260589.998724
24.280378580093384,hold4,drive,2.8,-0.32,0.708,10012.8,10055.0,12.08,0.194,16.6,-1.7976511795086256,-0.2876139887140319,4.4705222474457855,2.7650861712680204,15.147594605492955,2.4912343953915723,2.7270339543424895,1787260590.0175667
24.300606727600098,hold4,drive,2.8,-0.32,0.708,10012.8,10008.0,13.11,0.192,16.6,-1.785078662318471,-0.20455805096316482,5.481987102870107,2.766460996410797,15.096637015290469,2.514197553376802,2.691175381500145,1787260590.0376089
24.32057499885559,hold4,drive,2.8,-0.32,0.708,10012.8,10015.0,13.12,0.196,16.6,-1.8104011963854345,0.1011840977587255,5.943133632242734,2.769995995794913,15.046463221946032,2.539004216907716,2.655352704419662,1787260590.0576315
24.340468645095825,hold4,drive,2.8,-0.32,0.708,10012.8,10040.0,12.41,0.193,16.6,-1.8031724450805782,0.08049392528550392,6.173801621826669,2.7751271682145995,14.996274398271304,2.5661064949786003,2.6185728313314587,1787260590.0780225
24.36051034927368,hold4,drive,2.8,-0.32,0.708,10012.8,10013.0,12.85,0.189,16.6,-1.8237925024527344,0.10920328028086423,5.146134715857897,2.7684036354121475,14.948927215688702,2.5939642551786934,2.583091157690117,1787260590.0978005
24.380385160446167,hold4,drive,2.8,-0.32,0.708,10012.8,9996.0,13.51,0.196,16.6,-1.805371017718493,-0.10092768820512266,4.652511579919178,2.8198437564629524,14.90285128442757,2.612971639464853,2.54774992061048,1787260590.117721
24.400429487228394,hold4,drive,2.8,-0.32,0.708,10012.8,10037.0,12.39,0.194,16.6,-1.7709163711155926,-0.23399940429932897,5.273261375682182,2.8054097913483975,14.856571666657473,2.6448103748842255,2.511753764778721,1787260590.1377127
24.42054581642151,hold4,drive,2.8,-0.32,0.708,10012.8,10059.0,12.08,0.187,16.6,-1.8022335476382705,0.49193058620551966,5.500481262048368,2.8054250781655017,14.811537331554362,2.6782217151433034,2.4762523544812653,1787260590.157553
24.44110369682312,hold4,drive,2.8,-0.32,0.708,10012.8,9994.0,13.59,0.194,16.6,-1.829474489796473,0.400730317239649,5.986825783631559,2.7820129868660954,14.767602196563683,2.71335883230799,2.4398555034042535,1787260590.1777897
24.460421562194824,hold4,drive,2.8,-0.32,0.708,10012.8,10042.0,12.6,0.196,16.6,-1.8206363902448817,0.35130193741509785,6.399516434819532,2.776923495344747,14.725335010597243,2.749733271057255,2.4035466029471957,1787260590.1977658
24.480397701263428,hold4,drive,2.8,-0.32,0.708,10012.8,10045.0,12.18,0.19,16.6,-1.8401774679013925,-0.12258566627296918,5.224546465833043,2.5827028460559065,14.690035266768643,2.768772627070415,2.372448671390245,1787260590.217616
24.50042486190796,hold4,drive,2.8,-0.32,0.708,10012.8,9970.0,13.8,0.192,16.6,-1.8097366045354053,-0.10605447229085296,4.53268399970608,2.6802678505711026,14.650319043566558,2.8079479352814913,2.335806341766474,1787260590.2375607
24.52060866355896,hold4,drive,2.8,-0.32,0.708,10012.8,10026.0,12.92,0.196,16.6,-1.7505776767126031,0.16448879800247695,5.629423482410402,2.731051118690968,14.61189408387851,2.8486858225348275,2.2999281714517577,1787260590.2575445
24.540382385253906,hold4,drive,2.8,-0.32,0.708,10012.8,10048.0,11.99,0.192,16.6,-1.8691542584581087,0.416616325764565,5.560861367623147,2.7381532927492507,14.574755350649749,2.890971775207261,2.264231888295456,1787260590.2778976
24.560466051101685,hold4,drive,2.8,-0.32,0.708,10012.8,10001.0,13.21,0.188,16.6,-1.865922113001134,-0.0068733748846545595,5.8643844979100095,2.7551834125188206,14.53944695906318,2.9342782771179543,2.2269120971996585,1787260590.2979312
24.580382108688354,hold4,drive,2.8,-0.32,0.708,10012.8,10008.0,13.38,0.197,16.6,-1.868878488127231,0.3829615417392027,5.66731168729433,2.6926068077633034,14.50263153094751,2.9642446473621997,2.191926907951767,1787260590.317823
24.60040831565857,hold4,drive,2.8,-0.32,0.708,10012.8,10032.0,12.21,0.192,16.6,-1.8331021146753244,-0.1837282944828189,4.846394149538412,2.7449890516113364,14.470417311227575,3.0101369939920524,2.1547185624297716,1787260590.3377445
24.620413064956665,hold4,drive,2.8,-0.32,0.708,10012.8,9992.0,13.34,0.188,16.6,-1.781301101470248,-0.10057612434898022,4.65149416435213,2.772598219172906,14.440082006098848,3.0569791613856387,2.1183750141794135,1787260590.3575177
24.64064884185791,hold4,drive,2.8,-0.32,0.708,10012.8,10005.0,13.37,0.196,16.6,-1.7659250746005664,0.35537408475004995,5.664982156478743,2.7633894699020347,14.425423182632507,3.081018742114859,2.1004406244730793,1787260590.3677866
24.660501956939697,hold4,drive,2.8,-0.32,0.708,10012.8,10046.0,12.04,0.193,16.6,-1.862905150960238,0.2984049160269393,5.785249447327715,2.773691508830124,14.37678105355326,3.1516990269722376,2.042722601418178,1787260590.399113
24.680379152297974,hold4,drive,2.8,-0.32,0.708,10012.8,10020.0,12.79,0.188,16.6,-1.8859846375990823,0.10826268251273596,5.935175571399327,2.8941075658208066,14.351819891154417,3.2017403583211386,2.005417995501416,1787260590.41773
24.700543642044067,hold4,drive,2.8,-0.32,0.708,10012.8,9997.0,13.49,0.193,16.6,-1.8309984837302709,0.17500877994849873,5.846287364691534,2.799973676572381,14.328770859737304,3.2526558202376274,1.9680006310861926,1787260590.4382312
24.720527172088623,hold4,drive,2.8,-0.32,0.708,10012.8,10032.0,12.39,0.194,16.6,-1.8282852552116984,0.045587042201078454,4.728696710078623,2.777341601048693,14.307554571504374,3.3045317341653386,1.9314129535085716,1787260590.4585733
24.741425037384033,hold4,drive,2.8,-0.32,0.708,10012.8,10024.0,12.58,0.192,16.6,-1.8189912224814853,-0.23387259280444184,5.190762421791135,2.9536447167301443,14.295874136967404,3.3355055277625714,1.9098018080444963,1787260590.4684107
24.76040029525757,hold4,drive,2.8,-0.32,0.708,10012.8,10004.0,13.29,0.196,16.6,-1.8362915163968034,0.1627744673900402,5.727026379699396,2.8569281921008955,14.270048413174264,3.412995307389946,1.8565768076380686,1787260590.4987557
24.780385732650757,hold4,drive,2.8,-0.32,0.708,10012.8,10039.0,12.41,0.193,16.6,-1.8244841253878283,0.09851471579135129,6.1123678479462455,3.1281645055528458,14.246166570041243,3.4713023885368446,1.8141768041403032,1787260590.517641
24.800575256347656,hold4,drive,2.8,-0.32,0.708,10012.8,10059.0,12.16,0.192,16.6,-1.9172432245777786,0.42553603435334963,6.105674539902566,2.955209239030318,14.233111345422673,3.5259862598549536,1.7767600615678947,1787260590.5376418
24.820496320724487,hold4,drive,2.8,-0.32,0.708,10012.8,9990.0,13.41,0.192,16.6,-1.8131808707732047,-0.2734406662720801,5.105353893266965,2.8678313268894517,14.222221761572703,3.580823972498176,1.7389450861488152,1787260590.5575573
24.841416597366333,hold4,drive,2.8,-0.32,0.708,10012.8,10006.0,13.28,0.196,16.6,-1.7878479503779896,-0.05443506757740746,4.7719386258429495,2.7909253428247522,14.21335052474236,3.636097237258903,1.7028186517385508,1787260590.5777123
24.860451221466064,hold4,drive,2.8,-0.32,0.708,10012.8,10057.0,11.93,0.193,16.6,-1.832885333362592,0.20284817885285378,5.438928204963531,2.339058896683703,14.205092595465883,3.67598996028125,1.665797582846651,1787260590.5989385
24.8805251121521,hold4,drive,2.8,-0.32,0.708,10012.8,10011.0,12.89,0.19,16.6,-1.8752796621233456,0.24007118983766418,5.790942296730464,2.631835082617159,14.200267059238408,3.732085556635034,1.628498307116506,1787260590.6183286
24.900566577911377,hold4,drive,2.8,-0.32,0.708,10012.8,10001.0,13.47,0.196,16.6,-1.8562437861256225,0.2571513825753833,6.499388636600315,2.7012328337397316,14.197548774055832,3.788365349300223,1.590809329693441,1787260590.6387305
24.920429706573486,hold4,drive,2.8,-0.32,0.708,10012.8,10044.0,12.06,0.191,16.6,-1.8898816412221953,-0.03183312045601383,5.17439021726392,2.821493216996651,14.196929272934728,3.843714454204458,1.5540314028744302,1787260590.6575224
24.941751718521118,hold4,drive,2.8,-0.32,0.708,10012.8,10000.0,13.23,0.192,16.6,-1.8646142345897962,-0.27008436434400096,4.388717942803964,2.8913929233175666,14.197454162834758,3.875020335814477,1.5328964161820107,1787260590.667773
24.960571765899658,hold4,drive,2.8,-0.32,0.708,10012.8,9961.0,14.11,0.197,16.6,-1.761223929486304,-0.4864912867023463,5.253323538897575,2.2452652232593424,14.195988585454218,3.9405486802381207,1.4811141109047272,1787260590.6989067
24.980380296707153,hold4,drive,2.8,-0.32,0.708,10012.8,10037.0,12.06,0.192,16.6,-1.7852545641084703,0.13032837598193936,5.510626766360929,2.6104347522483424,14.20148669122424,3.996436878770257,1.4455920739526902,1787260590.717841
25.001047134399414,hold4,drive,2.8,-0.32,0.708,10012.8,10005.0,12.93,0.192,16.6,-1.824747778335746,0.022062377001433653,5.728112207692504,2.643185164617616,14.20909253588477,4.052796092627025,1.4090907670255741,1787260590.7391067
25.020434617996216,hold4,drive,2.8,-0.32,0.708,10012.8,9970.0,13.97,0.196,16.6,-1.7691056878904479,-0.0718362085142541,6.098478956012855,2.8037527482765094,14.218399889203006,4.106752746095224,1.3735362663183572,1787260590.7576516
25.0406494140625,hold4,drive,2.8,-0.32,0.708,10012.8,10020.0,12.45,0.193,16.6,-1.8046326563062685,-0.1587685032300854,4.956795432994966,2.9014814256903048,14.223902812038649,4.134286760124384,1.3557467398831384,1787260590.7666237
25.060604095458984,hold4,drive,2.8,-0.32,0.708,10012.8,10031.0,12.42,0.189,16.6,-1.8439007002633778,-0.09390525499632663,4.103267972150377,2.8050285809281665,14.243260691076793,4.216023499890882,1.3016946488793764,1787260590.797746
25.080382585525513,hold4,drive,2.8,-0.32,0.708,10012.8,9975.0,13.9,0.194,16.6,-1.7533715990122052,0.021007726546243166,5.673683398463368,2.796251801287635,14.252005921647305,4.259850418400435,1.2669209069502092,1787260590.8176794
25.100625038146973,hold4,drive,2.8,-0.32,0.708,10012.8,10029.0,12.51,0.192,16.6,-1.8333512533953016,0.35267917603075105,6.277886157943669,2.899234205681812,14.260433570800648,4.286725360397745,1.2492277067153303,1787260590.8266506
25.12041974067688,hold4,drive,2.8,-0.32,0.708,10012.8,10024.0,12.59,0.192,16.6,-1.8635499022601458,0.013438003065240789,5.833712342171452,2.8657466843058814,14.28834901016205,4.365847441039177,1.1946234571331233,1787260590.8575697
25.142611265182495,hold4,drive,2.8,-0.32,0.708,10012.8,9971.0,13.78,0.192,16.6,-1.8710726665493473,-0.11619398320711394,5.529279385090149,2.776734097184461,14.309366729246335,4.417606487883283,1.1572722514574407,1787260590.878173
25.160979747772217,hold4,drive,2.8,-0.32,0.708,10012.8,10009.0,12.9,0.195,16.6,-1.7818929890225177,-0.28525445437184516,4.269881758047148,2.63790255576647,14.33229640421513,4.468575566868307,1.1203425463733863,1787260590.9010136
25.180413722991943,hold4,drive,2.8,-0.32,0.708,10012.8,10027.0,12.43,0.195,16.6,-1.7639146542936655,-0.17826443667285474,5.143529781173299,4.65378424557937,14.372637471430872,4.5747150292613465,1.0637189723486586,1787260590.9188445
25.200635194778442,hold4,drive,2.8,-0.32,0.708,10012.8,9995.0,13.2,0.191,16.6,-1.7461216755766826,0.049030147876486296,5.456870386960588,3.796736468150022,14.400307926517845,4.623461696131428,1.028611985420602,1787260590.937718
25.22049045562744,hold4,drive,2.8,-0.32,0.708,10012.8,9998.0,13.31,0.196,16.6,-1.793630072578715,0.06578773418119299,5.809682623698222,3.2814354875086242,14.429527496319572,4.670987969850199,0.9933108549278428,1787260590.9575827
25.240540742874146,hold4,drive,2.8,-0.32,0.708,10012.8,10031.0,12.38,0.192,16.6,-1.814614849862158,-0.0703048774870183,5.67142052590907,3.0124622012943916,14.460683083886133,4.7178843987919965,0.9570924325582275,1787260590.9778738
25.261102199554443,hold4,drive,2.8,-0.32,0.708,10012.8,9998.0,13.19,0.189,16.6,-1.7483299687525762,-0.1753847924761338,4.391058875690561,2.515003864847476,14.484431160950638,4.75804976758901,0.9225126229349284,1787260590.9994926
25.280418395996094,hold4,drive,2.8,-0.32,0.708,10012.8,9982.0,13.68,0.195,16.6,-1.7023239940795118,-0.25140389824904474,4.146512226801065,2.774823771308964,14.517731236554948,4.801233872594307,0.888785336497057,1787260591.0176647
25.300418853759766,hold4,drive,2.8,-0.32,0.708,10012.8,10044.0,12.13,0.196,16.6,-1.7029859227684512,-0.016508947152861886,5.318308911717224,2.7026926777679043,14.55349670162105,4.844552551268965,0.8547029171077255,1787260591.0389538
25.320557355880737,hold4,drive,2.8,-0.32,0.708,10012.8,10034.0,12.4,0.193,16.6,-1.7836131247706002,0.021444426779554604,5.4501495970021665,2.86249312967594,14.590591289231545,4.88647283949432,0.8203109059399465,1787260591.057533
25.34056329727173,hold4,drive,2.8,-0.32,0.708,10012.8,9965.0,13.98,0.195,16.6,-1.7121678364167718,-0.06026155327235472,5.794969274322568,2.783867979502344,14.629864362680062,4.92779631709057,0.7842178061697797,1787260591.0784638
25.36038565635681,hold4,drive,2.8,-0.32,0.708,10012.8,10039.0,12.31,0.197,16.6,-1.7514850156959931,0.13355954748970333,5.513961433590168,2.297830876592748,14.651814192275737,4.956397913050033,0.7573772000127597,1787260591.098896
25.380409479141235,hold4,drive,2.8,-0.32,0.708,10012.8,10026.0,12.55,0.193,16.6,-1.772100678852351,-0.14445555109963504,4.281389371304215,2.6525869104787168,14.692765473443998,4.994463247010315,0.7222089008434427,1787260591.117517
25.40047788619995,hold4,drive,2.8,-0.32,0.708,10012.8,9974.0,13.84,0.196,16.6,-1.7292763827336042,-0.44640478445474585,4.6523808946437555,2.710407005112481,14.734974714471747,5.030981252212039,0.6869736855774033,1787260591.137647
25.420893907546997,hold4,drive,2.8,-0.32,0.708,10012.8,10042.0,12.28,0.197,16.6,-1.6889593196231127,-0.02215582282057671,5.30963047387462,2.7246857583743345,14.778945941556605,5.06644045281204,0.6523506103665256,1787260591.158149
25.440460920333862,hold4,drive,2.8,-0.32,0.708,10012.8,10050.0,12.12,0.193,16.6,-1.7797347632751177,0.17765091754427687,5.737121597955195,2.730379585333623,14.824887686887275,5.100956904923583,0.6170232414109853,1787260591.1785538
25.460572957992554,hold4,drive,2.8,-0.32,0.708,10012.8,9975.0,13.73,0.194,16.6,-1.734809632530462,-0.14490333820247425,6.207274593982561,2.1412211382214554,14.845588026984355,5.120912969703894,0.5929965868261107,1787260591.1990626
25.480390071868896,hold4,drive,2.8,-0.32,0.708,10012.8,10041.0,12.45,0.195,16.6,-1.7563486136367503,0.07476196349013176,5.194924470070589,2.575997984480396,14.892075120915315,5.1516905484749556,0.5582760301915476,1787260591.2177143
25.50054383277893,hold4,drive,2.8,-0.32,0.708,10012.8,10039.0,12.33,0.193,16.6,-1.7383962447285262,-0.4921108266357166,4.125981774684732,2.6227281157309785,14.939958061077137,5.181037766128889,0.5231868345229096,1787260591.2386844
25.520572185516357,hold4,drive,2.8,-0.32,0.708,10012.8,9980.0,13.63,0.194,16.6,-1.7154995840985154,-0.2522866451248369,5.673627849912293,2.7650607621893273,14.988493931789497,5.208468410298798,0.488583225857875,1787260591.257889
25.540441751480103,hold4,drive,2.8,-0.32,0.708,10012.8,10038.0,12.59,0.196,16.6,-1.7216436298913829,0.16763483770120935,5.376272947681059,2.782551712208274,15.040331857865876,5.23545442932682,0.4527668887522463,1787260591.278734
25.561463117599487,hold4,drive,2.8,-0.32,0.708,10012.8,10050.0,12.08,0.193,16.6,-1.828414418524567,0.20975991695559415,6.073194425006932,2.5842335135770007,15.081803816820255,5.263340391288435,0.4214045361873576,1787260591.3004854
25.58038353919983,hold4,drive,2.8,-0.32,0.708,10012.8,10013.0,12.99,0.192,16.6,-1.8593101498047397,-0.10085536545342766,6.103205845348498,2.9899884066458036,15.133032529235598,5.285744285425911,0.38457873874847043,1787260591.3175974
25.600679636001587,hold4,drive,2.8,-0.32,0.708,10012.8,10008.0,13.16,0.196,16.6,-1.819589368462317,-0.16935916339832957,5.023624432988697,2.869468496853674,15.185135517409998,5.306270151987809,0.34757225704273187,1787260591.3377738
25.620466947555542,hold4,drive,2.8,-0.32,0.708,10012.8,10049.0,12.14,0.193,16.6,-1.7903373402069411,-0.1544716400789774,4.375592989628245,2.842464004341698,15.238046021734473,5.324913859968573,0.3113642876009504,1787260591.3575428
25.640685081481934,hold4,drive,2.8,-0.32,0.708,10012.8,10027.0,12.78,0.192,16.6,-1.7488767157243696,-0.22687742223979157,5.238069906772523,2.7961398050365363,15.29986481542193,5.344111013408718,0.270483806227958,1787260591.380808
25.660404443740845,hold4,drive,2.8,-0.32,0.708,10012.8,10011.0,13.13,0.194,16.6,-1.7611822510152442,0.09018573132539931,5.6038144309218865,3.434656508971294,15.367272013179116,5.371941177137956,0.23237091393516354,1787260591.3988998
25.680387496948242,hold4,drive,2.8,-0.32,0.708,10012.8,10052.0,12.3,0.196,16.6,-1.794582552142582,0.31453003913717126,6.0815348937703675,3.2118145918095626,15.422090965365738,5.384403885645619,0.19684956325537947,1787260591.4176111
25.700433492660522,hold4,drive,2.8,-0.32,0.708,10012.8,10038.0,12.35,0.191,16.6,-1.7953796362568426,-0.22078107839466554,4.667258843147067,2.9377257313402,15.477350173718646,5.394903646769296,0.16089210974216522,1787260591.4385285
25.720523357391357,hold4,drive,2.8,-0.32,0.708,10012.8,9983.0,13.67,0.193,16.6,-1.6962554489035484,-0.20241044165234712,4.015235505489926,2.9302030644276873,15.532492699466257,5.403318760746611,0.12555660133868704,1787260591.4575245
25.741797924041748,hold4,drive,2.8,-0.32,0.708,10012.8,10028.0,12.6,0.196,16.6,-1.7129128557317217,-0.12748773454254358,5.353851798302628,2.785849739198385,15.588579167517842,5.409910998355156,0.09122926613695484,1787260591.478738
25.760385990142822,hold4,drive,2.8,-0.32,0.708,10012.8,10057.0,11.95,0.192,16.6,-1.7395633750762534,0.18538919615994587,4.920898205125866,2.6783436267326994,15.638411369636579,5.420977027498281,0.058583739846644,1787260591.4990695
25.780386447906494,hold4,drive,2.8,-0.32,0.708,10012.8,9989.0,13.51,0.192,16.6,-1.7632639108813046,-0.09105121064172916,5.7487955645046895,2.847595338770053,15.694289447883989,5.423752822596829,0.023649797827707868,1787260591.5176802
25.800475358963013,hold4,drive,2.8,-0.32,0.708,10012.8,10038.0,12.67,0.197,16.6,-1.754548316739857,0.22192358783692967,5.805544549003969,2.7575254458750487,15.750342024085949,5.424592904254195,-0.01153689690893028,1787260591.538574
25.820483684539795,hold4,drive,2.8,-0.32,0.708,10012.8,10052.0,12.02,0.193,16.6,-1.810148196081877,-0.1761568442458703,4.8256760017916065,2.8510399228252297,15.806459774991877,5.423465259266738,-0.04687323855411821,1787260591.557588
25.840343713760376,hold4,drive,2.8,-0.32,0.708,10012.8,9970.0,13.62,0.192,16.6,-1.7466710857095658,-0.4360532754169171,4.1411228479036595,2.7781346576337245,15.862321547109758,5.420313402862704,-0.08282456875486577,1787260591.5779774
25.860406160354614,hold4,drive,2.8,-0.32,0.708,10012.8,10029.0,12.85,0.199,16.6,-1.7046478684467152,0.05088405335977253,5.600995488135254,2.5540682562097867,15.911006097885224,5.419389292771573,-0.11572203751048933,1787260591.5988183
25.88038921356201,hold4,drive,2.8,-0.32,0.708,10012.8,10045.0,11.96,0.191,16.6,-1.7685026150615994,-0.09637373027979823,5.109405429165861,2.767456420636985,15.966775135653862,5.412432504766267,-0.15049501831367823,1787260591.6177354
25.900622367858887,hold4,drive,2.8,-0.32,0.708,10012.8,9983.0,13.45,0.189,16.6,-1.754292653275209,0.07175718887309568,6.121304732731744,2.7671244055431448,16.02193398439035,5.403556375715954,-0.18579432220807227,1787260591.6377811
25.920596837997437,hold4,drive,2.8,-0.32,0.708,10012.8,10018.0,13.12,0.197,16.6,-1.7604488164510366,0.3094432536627245,5.00441048153283,2.788057451282965,16.076810361439687,5.392747835234327,-0.2208588521376228,1787260591.657549
25.940628051757812,hold4,drive,2.8,-0.32,0.708,10012.8,10054.0,11.79,0.191,16.6,-1.7592188355015834,-0.2558693073985445,4.330104281153353,2.8757555856236463,16.104251853023413,5.386586633275057,-0.2385475228938945,1787260591.6666791
25.96048879623413,hold4,drive,2.8,-0.32,0.708,10012.8,9991.0,13.24,0.193,16.6,-1.7397898769269646,-0.2686654277699425,4.986698095120744,2.6994985869047747,16.185311424457982,5.370666625834598,-0.28922887041726114,1787260591.6986194
25.980388164520264,hold4,drive,2.8,-0.32,0.708,10012.8,10002.0,13.28,0.196,16.6,-1.701684302785675,0.2774338031021486,5.857782991156,2.818895978638199,16.238851002375448,5.354226131011351,-0.3236808745133068,1787260591.7176592
26.000439167022705,hold4,drive,2.8,-0.32,0.708,10012.8,10044.0,12.02,0.193,16.6,-1.7590611763650505,0.18304411540456833,5.623396172258026,2.8023785654599895,16.291872669113424,5.3359493631697354,-0.3579719670101053,1787260591.7376375
26.020541667938232,hold4,drive,2.8,-0.32,0.708,10012.8,9999.0,13.08,0.19,16.6,-1.741975400075538,-0.026916598599630248,5.733753601595311,2.790783934628675,16.34406251577421,5.315893119734735,-0.393047666630836,1787260591.7575872
26.04038643836975,hold4,drive,2.8,-0.32,0.708,10012.8,9996.0,13.4,0.193,16.6,-1.7104153432614453,-0.013293965124128171,5.106788215327867,2.772717518658752,16.395619977990364,5.293979737178507,-0.42778943695081273,1787260591.7777526
26.060393810272217,tr5,drive,3.2,-0.32,0.708,11443.2,10041.0,12.19,0.196,16.6,-1.7207808988562516,-0.20659664624249885,4.1841226889296195,2.325700201177026,16.433419238481402,5.281999778560385,-0.45387692603008073,1787260591.7988107
26.080394506454468,tr5,drive,3.2,-0.32,0.708,11443.2,10021.0,12.8,0.198,16.6,-1.7733459729780723,-0.23547286616167895,6.0216640807007025,2.6137085295774214,16.4835446111291,5.25701695843959,-0.4888204666029552,1787260591.8181143
26.100463151931763,tr5,drive,3.2,-0.32,0.708,11443.2,10081.0,22.04,0.213,16.5,-1.7570479597390052,-0.7941545382090283,5.6989474642136315,2.739203818090863,16.532966820100928,5.2301998638760105,-0.524173772853298,1787260591.8376493
26.12044930458069,tr5,drive,3.2,-0.32,0.708,11443.2,10258.0,26.14,0.224,16.5,-1.794610648492082,-1.3365859932709299,6.159630894086774,2.7904598929475855,16.582127604689227,5.201303757913413,-0.5594601611903882,1787260591.857596
26.140557050704956,tr5,drive,3.2,-0.32,0.708,11443.2,10476.0,27.73,0.214,16.5,-1.8196169321795992,-2.1777916160440185,4.4511258628537576,2.8024415586975,16.631308829626484,5.170069963584791,-0.595556493950939,1787260591.878195
26.160406589508057,tr5,drive,3.2,-0.32,0.708,11443.2,10563.0,23.46,0.221,16.5,-1.7524492131686564,-2.00498489760443,4.499805689407481,2.8586634551975973,16.685411942744665,5.142989982107595,-0.6290727666484858,1787260591.899193
26.180378675460815,tr5,drive,3.2,-0.32,0.708,11443.2,10746.0,20.61,0.222,16.5,-1.7064990317204292,-1.2036846230212603,4.815149259002197,3.0437035144121074,16.73333465071521,5.107683146091631,-0.6636477337701709,1787260591.9177525
26.20043921470642,tr5,drive,3.2,-0.32,0.708,11443.2,10800.0,20.45,0.214,16.5,-1.7930465739838786,-1.2636313037172613,5.677188219675372,3.015631275402476,16.780367379517575,5.070442328238418,-0.6982396551845247,1787260591.9377127
26.220420360565186,tr5,drive,3.2,-0.32,0.708,11443.2,10806.0,21.71,0.221,16.5,-1.8084203371666336,-0.7989860196191287,6.809125018505256,3.0115133876659463,16.82608353521625,5.031522945082481,-0.7341440689789462,1787260591.9575489
26.241310834884644,tr5,drive,3.2,-0.32,0.708,11443.2,10903.0,19.79,0.218,16.5,-1.794103715778586,-1.210649095702422,5.623466338848857,2.9781824506498804,16.870857388768833,4.990558474187423,-0.7701824948709092,1787260591.9780266
26.260390996932983,tr5,drive,3.2,-0.32,0.708,11443.2,10883.0,20.85,0.214,16.5,-1.7721330362595955,-1.1849461963986698,4.8751270761228795,2.953721017295189,16.919136156771327,4.954611809054621,-0.8036665254418006,1787260591.9987116
26.280407667160034,tr5,drive,3.2,-0.32,0.708,11443.2,10963.0,20.08,0.224,16.5,-1.7087848228840443,-0.8930148061876721,4.8470215558047585,3.0962757324755654,16.961192554505946,4.910350950581303,-0.8384826785513796,1787260592.017555
26.30038571357727,tr5,drive,3.2,-0.32,0.708,11443.2,11104.0,17.23,0.218,16.5,-1.795289355095889,-0.5504428717504197,5.128398940582201,3.0806383679045055,17.002124230660478,4.864221909691463,-0.8730431386955476,1787260592.037549
26.32043957710266,tr5,drive,3.2,-0.32,0.708,11443.2,11039.0,19.36,0.216,16.5,-1.7838928898431128,-0.8097179996867183,6.696096580943674,3.0477245006296396,17.04131089642506,4.816730354721096,-0.9089028201181528,1787260592.0578196
26.3404803276062,tr5,drive,3.2,-0.32,0.708,11443.2,11132.0,18.44,0.221,16.5,-1.7789649765620301,-0.35366984058504514,6.685639420023506,3.1799315047653156,17.060175269635447,4.792518672120367,-0.9268453224104849,1787260592.0666182
26.36040449142456,tr5,drive,3.2,-0.32,0.708,11443.2,11122.0,18.08,0.213,16.5,-1.7660358621019134,-1.0499771044254516,4.687410980394503,2.4663847907684002,17.107342973531697,4.735434049217714,-0.9742761313725473,1787260592.099135
26.380375385284424,tr5,drive,3.2,-0.32,0.708,11443.2,11077.0,19.75,0.223,16.5,-1.700655656814632,-0.7143765862382452,4.5923717949179945,2.8957528656386944,17.141625664804096,4.6840551197557305,-1.0089114377059423,1787260592.1177971
26.400402307510376,tr5,drive,3.2,-0.32,0.708,11443.2,11234.0,16.53,0.225,16.5,-1.6381700413161573,-0.7617663707834623,5.6371137407654714,2.9952420485347266,17.174615678087896,4.630814122539727,-1.0426535361123586,1787260592.1379306
26.42048692703247,tr5,drive,3.2,-0.32,0.708,11443.2,11226.0,16.81,0.215,16.5,-1.698196893338216,-0.8504096522351361,5.523096538994764,3.079112633026951,17.205739336712895,4.576576112117856,-1.075688898588249,1787260592.1575644
26.440662384033203,tr5,drive,3.2,-0.32,0.708,11443.2,11224.0,18.27,0.226,16.5,-1.6959830075240332,-0.09241235114110058,7.5366590099674795,3.1896870716934784,17.220515444244914,4.5492112590581355,-1.092698708146454,1787260592.1665847
26.460413217544556,tr5,drive,3.2,-0.32,0.708,11443.2,11294.0,16.07,0.216,16.5,-1.629856983973475,-0.7976393327065665,5.472618693550999,2.7659108177300133,17.258778479924818,4.477646711078534,-1.1398965849363636,1787260592.1986418
26.480449438095093,tr5,drive,3.2,-0.32,0.708,11443.2,11208.0,18.29,0.216,16.5,-1.6412132354937907,-0.6682771360623292,4.371617467536083,3.032687360266163,17.28453579243204,4.420435142200901,-1.1726789154840167,1787260592.2176807
26.500551223754883,tr5,drive,3.2,-0.32,0.708,11443.2,11295.0,16.99,0.224,16.6,-1.623691366575778,-0.376735718606934,6.174008613269621,3.0882999684156727,17.308479879267434,4.362291327867331,-1.205347646937238,1787260592.2375507
26.520471334457397,tr5,drive,3.2,-0.32,0.708,11443.2,11373.0,15.03,0.214,16.5,-1.7239238284167084,-0.08214592823092914,5.451659348148212,3.1097861069758057,17.33070825486622,4.302934128305675,-1.2383175368538257,1787260592.25765
26.540462970733643,tr5,drive,3.2,-0.32,0.708,11443.2,11287.0,17.59,0.221,16.5,-1.7189469129715687,-0.5118426586950555,6.877219940741895,3.0885555875238797,17.350874413384464,4.242959459283377,-1.2728789772043552,1787260592.2777326
26.560415029525757,tr5,drive,3.2,-0.32,0.708,11443.2,11381.0,15.62,0.221,16.5,-1.6812594551214213,-0.27936678304424234,6.318466421029143,3.1396702442612083,17.378372773889254,4.182633264448603,-1.306064857062911,1787260592.2986312
26.580517292022705,tr5,drive,3.2,-0.32,0.708,11443.2,11338.0,16.33,0.212,16.5,-1.6298045197000002,-0.8698237977454681,3.910597238026952,3.2426818578254997,17.394490299125106,4.121236426840266,-1.3389817896397715,1787260592.31758
26.600418090820312,tr5,drive,3.2,-0.32,0.708,11443.2,11335.0,17.19,0.226,16.5,-1.6572117762682783,-0.18721148099598395,6.565213669623574,3.1924327049484074,17.408514060662387,4.059637891102343,-1.3717586156335033,1787260592.3375175
26.62049412727356,tr5,drive,3.2,-0.32,0.708,11443.2,11429.0,14.62,0.22,16.5,-1.688790874684165,-0.27384671887141465,5.815681282492676,3.1725595241223816,17.420660419529078,3.99697120175116,-1.4050820021462433,1787260592.3576057
26.64085626602173,tr5,drive,3.2,-0.32,0.708,11443.2,11362.0,16.33,0.218,16.5,-1.778006504885711,-0.37080620314052837,6.178361280787499,3.161041796232505,17.43061340377461,3.934261144761142,-1.4392909685484405,1787260592.3776057
26.660419464111328,tr5,drive,3.2,-0.32,0.708,11443.2,11401.0,16.11,0.227,16.5,-1.7242034603311671,-0.08135945028320801,5.950001772041901,2.9347588722591516,17.444814477551038,3.878140641501145,-1.4732718796854078,1787260592.3989139
26.680392265319824,tr5,drive,3.2,-0.32,0.708,11443.2,11440.0,14.78,0.217,16.5,-1.6518949083099894,-0.9226374597619156,3.64342624900641,3.175019058065569,17.450522597486323,3.814564804948953,-1.507014864600356,1787260592.4176607
26.700504064559937,tr5,drive,3.2,-0.32,0.708,11443.2,11391.0,16.43,0.222,16.6,-1.6328347975463469,-0.20113114390306208,6.148585503246807,3.1667232949885795,17.45405981160071,3.751064062706226,-1.5399133710766362,1787260592.4376464
26.720348119735718,tr5,drive,3.2,-0.32,0.708,11443.2,11463.0,14.82,0.224,16.6,-1.6665208558586502,-0.053857152511911366,6.366449844168869,3.1663879623140825,17.455547268523194,3.687031273187974,-1.5727583776155056,1787260592.4577227
26.74063515663147,tr5,drive,3.2,-0.32,0.708,11443.2,11449.0,14.93,0.216,16.5,-1.7471061130736303,-0.1236513761888629,5.86656433999849,3.266916675980935,17.455484521712908,3.655051097593025,-1.5894775197673554,1787260592.466856
26.760720252990723,tr5,drive,3.2,-0.32,0.708,11443.2,11419.0,16.07,0.22,16.5,-1.6933937491542037,-0.12792271258804622,5.735855675712287,3.1858549554781597,17.45184421252988,3.5549433601385165,-1.6435397031831844,1787260592.4990551
26.78037977218628,tr5,drive,3.2,-0.32,0.708,11443.2,11474.0,14.67,0.223,16.5,-1.6401711405592427,-0.3984097765185126,4.734929549869975,3.58496714131946,17.451522310802655,3.4797640973467656,-1.6822942879876663,1787260592.517555
26.80057454109192,tr5,drive,3.2,-0.32,0.708,11443.2,11464.0,14.81,0.218,16.6,-1.6234384994302749,-0.341605718554451,5.19980514118447,3.3673258112292954,17.44387437779588,3.4161034846582474,-1.7150302378143516,1787260592.5377038
26.82045555114746,tr5,drive,3.2,-0.32,0.708,11443.2,11473.0,15.22,0.223,16.6,-1.6823135342808746,0.03256786653147814,6.429862900632315,3.277803266000129,17.434162169930644,3.352777084908454,-1.7477606886911612,1787260592.5576162
26.84061908721924,tr5,drive,3.2,-0.32,0.708,11443.2,11518.0,14.06,0.221,16.6,-1.7125149794648638,-0.027786554690635512,6.7276832412493945,3.3681610030272386,17.428505312755064,3.32114538974766,-1.764638375137907,1787260592.5665946
26.860433101654053,tr5,drive,3.2,-0.32,0.708,11443.2,11465.0,15.14,0.215,16.5,-1.7313519173291576,-0.17028528930709896,5.380468325091158,2.4820988902490537,17.4170093692412,3.2534026139291616,-1.812561473544051,1787260592.5987854
26.880446434020996,tr5,drive,3.2,-0.32,0.708,11443.2,11475.0,15.37,0.224,16.6,-1.6777830977924864,-0.2407843309071822,4.863057837778371,2.902764600184209,17.401122616918386,3.191195684773982,-1.8467018501861872,1787260592.618275
26.900382041931152,tr5,drive,3.2,-0.32,0.708,11443.2,11535.0,13.61,0.221,16.6,-1.6603006436586065,-0.2754069753448185,5.6174361050885295,3.0969029594624753,17.38315299723935,3.1295629744187354,-1.880063749291893,1787260592.6377032
26.920499563217163,tr5,drive,3.2,-0.32,0.708,11443.2,11474.0,15.07,0.219,16.5,-1.7159579141221182,-0.05821189396418003,6.113776442257176,3.151074229444009,17.36311630718902,3.068589067439949,-1.9135634696329034,1787260592.6575794
26.940399408340454,tr5,drive,3.2,-0.32,0.708,11443.2,11539.0,14.12,0.226,16.6,-1.7339196040941576,0.09198340303699748,7.017282981029041,3.1317136885283037,17.340887501054333,3.007864118517124,-1.9481693666925584,1787260592.6781797
26.960402488708496,tr5,drive,3.2,-0.32,0.708,11443.2,11521.0,13.92,0.215,16.6,-1.729210735812734,-0.3675060710302134,5.720373417445444,2.4530268607828307,17.332484301919102,2.9744524102737278,-1.9762282739979193,1787260592.6992235
26.980430603027344,tr5,drive,3.2,-0.32,0.708,11443.2,11442.0,16.06,0.22,16.6,-1.6771645786293155,-0.15451337458248204,5.006768663706339,2.9830197439747277,17.30678402690059,2.9159505301170197,-2.010248021616694,1787260592.7175395
27.000483512878418,tr5,drive,3.2,-0.32,0.708,11443.2,11543.0,13.62,0.224,16.6,-1.6435309845904869,-0.04798726951143717,6.101749303867166,3.0880180385903198,17.27886193520946,2.8577415549582192,-2.0436851191777934,1787260592.7376337
27.020397901535034,tr5,drive,3.2,-0.32,0.708,11443.2,11484.0,14.41,0.213,16.5,-1.7433012548242341,-0.145254883786067,6.002320905773388,3.1332009573405757,17.249209191636787,2.800919179600295,-2.0769986385190924,1787260592.7576568
27.04062533378601,tr5,drive,3.2,-0.32,0.708,11443.2,11509.0,14.94,0.227,16.6,-1.8121349142550764,0.4925212646469781,6.988118237550168,3.1331130758830024,17.217330942102837,2.744557145329066,-2.11244495312385,1787260592.778173
27.0607430934906,tr5,drive,3.2,-0.32,0.708,11443.2,11542.0,13.37,0.22,16.5,-1.7754129854581373,-0.41807253834000235,5.587838082911276,2.681860133643708,17.199896334273983,2.7031722407429455,-2.1444902904712224,1787260592.7985966
27.08040475845337,tr5,drive,3.2,-0.32,0.708,11443.2,11437.0,15.6,0.217,16.6,-1.6863608733475224,-0.6807778989404483,4.519439178604358,3.0050291196364114,17.1645139403979,2.6493642637659107,-2.1793295342243697,1787260592.818079
27.100500106811523,tr5,drive,3.2,-0.32,0.708,11443.2,11522.0,14.46,0.225,16.6,-1.6538917464953309,0.4486963449120651,6.368545486348353,3.111013900187358,17.12734000353388,2.5969019434175595,-2.212853298533527,1787260592.8376968
27.120580673217773,tr5,drive,3.2,-0.32,0.708,11443.2,11526.0,13.51,0.216,16.6,-1.7335375736357859,-0.40231173332560033,5.982435109210314,3.1369316867992407,17.08839612736005,2.5456735669778463,-2.246309035607159,1787260592.8579025
27.140652894973755,tr5,drive,3.2,-0.32,0.708,11443.2,11461.0,15.67,0.224,16.5,-1.7376066174653177,0.12281476750105202,6.906493442436556,3.3056740650836467,17.068273481781716,2.520560017246617,-2.2636803193122605,1787260592.8666015
27.16042470932007,tr5,drive,3.2,-0.32,0.708,11443.2,11537.0,13.47,0.22,16.6,-1.6719636913364995,-0.20547138608714732,5.497245412767882,3.7647626637425837,17.010043095047198,2.439026984895266,-2.3180106584510654,1787260592.8986578
27.18037986755371,tr5,drive,3.2,-0.32,0.708,11443.2,11478.0,14.57,0.214,16.6,-1.6645214876702732,-0.5294879117595599,4.017125618030434,3.569239558472987,16.965963294578795,2.3922436527550612,-2.351412460581082,1787260592.9175897
27.200506448745728,tr5,drive,3.2,-0.32,0.708,11443.2,11486.0,15.14,0.224,16.6,-1.6386009407805322,0.3416373666105237,6.238832018208768,3.37507034113573,16.92049033398987,2.3470911816418423,-2.384491238335954,1787260592.9375262
27.22053074836731,tr5,drive,3.2,-0.32,0.708,11443.2,11539.0,13.31,0.219,16.6,-1.6318749942894824,-0.2123108379832921,6.174763488842643,3.2816413965139697,16.873277296290862,2.3031771800457115,-2.417230887835991,1787260592.9575346
27.241867303848267,tr5,drive,3.2,-0.32,0.708,11443.2,11454.0,15.36,0.219,16.6,-1.686418930259286,-0.04120062528391255,6.344701709340825,3.2236048954595726,16.824836604607377,2.2610410785948716,-2.4501882279086193,1787260592.977633
27.260408401489258,hold5,drive,3.2,-0.32,0.708,11443.2,11515.0,14.2,0.224,16.6,-1.70229762878472,-0.009838105209032832,5.56043685974862,4.142415305217438,16.75197081247121,2.1901340566051855,-2.4947485120588486,1787260592.998732
27.280410051345825,hold5,drive,3.2,-0.32,0.708,11443.2,11530.0,13.6,0.216,16.6,-1.7166669807623518,-0.6758340778948195,4.190060536678686,3.7647155497930718,16.700092718900713,2.1516503624540593,-2.528977456184713,1787260593.0177093
27.300482511520386,hold5,drive,3.2,-0.32,0.708,11443.2,11474.0,15.12,0.221,16.6,-1.6389768459683967,-0.09237229771216793,5.789008622431481,3.476600382251284,16.647334474054446,2.115272800243195,-2.562838029624586,1787260593.0375707
27.32047414779663,hold5,drive,3.2,-0.32,0.708,11443.2,11525.0,13.86,0.222,16.6,-1.6728482602925694,0.06950999416643722,6.906353109254894,3.335654035950836,16.593129708739827,2.080483873659916,-2.595766452824874,1787260593.0575294
27.340390920639038,hold5,drive,3.2,-0.32,0.708,11443.2,11497.0,14.23,0.217,16.6,-1.689027496547019,-0.043054530767198784,6.138305512968486,3.2455357369442184,16.537707763728474,2.0474673084287667,-2.629483001668392,1787260593.0777876
27.360403299331665,hold5,drive,3.2,-0.32,0.708,11443.2,11477.0,14.99,0.222,16.5,-1.6707598093657294,-0.05547356053052965,5.569438648630637,2.69066324874232,16.499729175991433,2.0225829236879553,-2.6609475349166836,1787260593.0986345
27.380708932876587,hold5,drive,3.2,-0.32,0.708,11443.2,11535.0,13.45,0.222,16.6,-1.6109438797020046,-0.5252600457561023,4.596589684109318,3.038450599557402,16.441910280442613,1.993018619657679,-2.6940236937389783,1787260593.1178694
27.400506496429443,hold5,drive,3.2,-0.32,0.708,11443.2,11511.0,13.88,0.219,16.6,-1.592620132979769,-0.16563686229984853,4.731188501135506,3.130392837130827,16.384155123479257,1.9658493960978922,-2.7258876984202196,1787260593.1375637
27.420528411865234,hold5,drive,3.2,-0.32,0.708,11443.2,11495.0,14.69,0.225,16.6,-1.6325080276805943,0.037372062456745736,6.232377861295504,3.1590130603018336,16.3251215279904,1.9403500231746074,-2.7579487908247673,1787260593.1575854
27.441141366958618,hold5,drive,3.2,-0.32,0.708,11443.2,11539.0,13.36,0.219,16.6,-1.6447634955429755,0.05797879104771386,6.363536176484615,3.1523613380121125,16.26488526137724,1.9165786946364791,-2.7908043489961813,1787260593.1777298
27.46049451828003,hold5,drive,3.2,-0.32,0.708,11443.2,11458.0,15.11,0.218,16.5,-1.6509008834331174,-0.2522304387619734,5.42934988059352,2.502540116086064,16.23063149280499,1.8988639878095068,-2.817717216923895,1787260593.1986563
27.480406284332275,hold5,drive,3.2,-0.32,0.708,11443.2,11511.0,14.23,0.223,16.6,-1.611478242974729,-0.29213732184606656,5.262034721149234,2.9328218523208083,16.169416990449715,1.8788500714173135,-2.8503935756143823,1787260593.2178857
27.500431537628174,hold5,drive,3.2,-0.32,0.708,11443.2,11569.0,12.75,0.213,16.6,-1.6397306537149436,0.039744403572200326,4.746517562345701,3.0915724795573207,16.10758128214729,1.86082011495431,-2.882679226834257,1787260593.2376072
27.52046275138855,hold5,drive,3.2,-0.32,0.708,11443.2,11474.0,15.01,0.22,16.6,-1.6784359717337194,-0.11911534363478982,6.122572993861013,3.139972227170354,16.045391052484764,1.844899060029254,-2.915671770602174,1787260593.257589
27.540657997131348,hold5,drive,3.2,-0.32,0.708,11443.2,11552.0,13.35,0.22,16.6,-1.6900058087734595,0.2975766213492399,6.938357260776058,2.9264014504620053,15.982459896005725,1.8308051197610982,-2.9492742447392124,1787260593.2788339
27.560412168502808,hold5,drive,3.2,-0.32,0.708,11443.2,11493.0,14.08,0.214,16.5,-1.6409802088984087,-0.419181645561423,4.844032459035361,3.1759408870544825,15.91716051944945,1.8111320266780286,-2.983880618189525,1787260593.2990994
27.58039426803589,hold5,drive,3.2,-0.32,0.708,11443.2,11472.0,15.26,0.227,16.6,-1.6488731525791311,-0.09310431432552146,5.28069903431026,3.307544054800327,15.853572533450674,1.8015662089336426,-3.0168339914257647,1787260593.3179226
27.60044002532959,hold5,drive,3.2,-0.32,0.708,11443.2,11574.0,12.46,0.22,16.6,-1.6366640237197174,-0.0282104138896484,5.086405405413075,3.2823291560608383,15.789571749709943,1.7940457679828534,-3.0496485744894715,1787260593.3375702
27.620460510253906,hold5,drive,3.2,-0.32,0.708,11443.2,11476.0,14.43,0.216,16.6,-1.6923619073898524,-0.2428612985408769,5.677284698737765,3.230616462380203,15.72558431582114,1.7886881690628655,-3.082653519493104,1787260593.3575914
27.640883207321167,hold5,drive,3.2,-0.32,0.708,11443.2,11522.0,14.35,0.226,16.6,-1.680629218049454,0.6230522101148424,6.938295280287491,3.338567415378118,15.693333814790373,1.786785148362676,-3.0996465835326474,1787260593.3665893
27.661044597625732,hold5,drive,3.2,-0.32,0.708,11443.2,11527.0,13.13,0.215,16.5,-1.631519329125902,-0.6663509169636228,4.744982083449685,3.270815013528755,15.592560589950534,1.7761580632162253,3.1323961174178327,1787260593.398942
27.68038845062256,hold5,drive,3.2,-0.32,0.708,11443.2,11436.0,15.59,0.223,16.6,-1.6233804425185112,-0.26578582011832097,5.220971478030208,3.3449167909388846,15.528292745110324,1.7773038791335463,3.0996929655489294,1787260593.4178102
27.70039439201355,hold5,drive,3.2,-0.32,0.708,11443.2,11546.0,13.04,0.222,16.6,-1.6021220254330628,-0.013897470895472885,5.364213649603585,3.2844129501429538,15.463944578075312,1.7805066101824225,3.067376145220121,1787260593.4376433
27.72066044807434,hold5,drive,3.2,-0.32,0.708,11443.2,11502.0,13.6,0.211,16.6,-1.6753605533068958,-0.23565584747433022,5.419176894366217,3.2361056985482386,15.399874281465152,1.785789333467234,3.034991055167094,1787260593.4576404
27.741546630859375,hold5,drive,3.2,-0.32,0.708,11443.2,11469.0,15.23,0.224,16.6,-1.6779009426707223,0.3243903089489848,6.943802772946128,3.1921589784019337,15.336015969051473,1.793179911253794,3.001419723487852,1787260593.477893
27.760430097579956,hold5,drive,3.2,-0.32,0.708,11443.2,11523.0,13.12,0.219,16.6,-1.6484608952423867,-0.26671194602709036,5.558655213063105,2.852398821868098,15.28307525401497,1.7977313318700023,2.9675704401878926,1787260593.4989414
27.780395984649658,hold5,drive,3.2,-0.32,0.708,11443.2,11441.0,14.91,0.218,16.6,-1.6390716545032036,-0.43668408037750694,5.052579261416668,3.1489805227957346,15.220061378187895,1.809358720785474,2.934671469973638,1787260593.5176237
27.80043315887451,hold5,drive,3.2,-0.32,0.708,11443.2,11496.0,14.26,0.226,16.6,-1.6392121362507053,0.22079829113647875,5.565387112731742,3.165858124462466,15.157332152421324,1.823054874040081,2.90191820404916,1787260593.5376465
27.82052731513977,hold5,drive,3.2,-0.32,0.708,11443.2,11521.0,13.15,0.217,16.6,-1.7068344568597247,-0.10390351910344098,5.93595442055755,3.1789070831183732,15.094884834697288,1.8388414006612346,2.8684482168906014,1787260593.557679
27.841039896011353,hold5,drive,3.2,-0.32,0.708,11443.2,11459.0,14.93,0.221,16.6,-1.7240970670456184,0.002551971699305433,6.1602325726031495,3.1635360201388165,15.033159810433299,1.8567166690883974,2.8340587026779405,1787260593.5778358
27.860434532165527,hold5,drive,3.2,-0.32,0.708,11443.2,11504.0,13.91,0.222,16.5,-1.645390137347471,-0.3007599918670003,5.521314892309249,3.1517028737036656,14.969306412347997,1.8698951094211256,2.7990101750841303,1787260593.5986316
27.880428314208984,hold5,drive,3.2,-0.32,0.708,11443.2,11472.0,14.05,0.216,16.6,-1.6229707151848023,-0.774772698566558,5.363297390871651,3.26159925690168,14.90881846071374,1.8920342645552568,2.7662021480305046,1787260593.617697
27.900425672531128,hold5,drive,3.2,-0.32,0.708,11443.2,11446.0,14.94,0.221,16.6,-1.6749268575233764,0.18457372881213274,5.947971618680526,3.2255991117824823,14.84962728816125,1.9159285568047786,2.7335940340039824,1787260593.6375434
27.920570135116577,hold5,drive,3.2,-0.32,0.708,11443.2,11502.0,13.61,0.222,16.6,-1.7024535568665442,-0.09065798537228087,6.496128813734629,3.20244760979301,14.790820689031195,1.9419217290584927,2.6999560401178493,1787260593.6575985
27.940627098083496,hold5,drive,3.2,-0.32,0.708,11443.2,11458.0,14.29,0.217,16.6,-1.7627272839216535,0.026571183456460368,5.953179149163361,3.300409672425811,14.75783134056933,1.9575184798672678,2.6806033668254967,1787260593.6679387
27.96039581298828,hold5,drive,3.2,-0.32,0.708,11443.2,11439.0,15.02,0.221,16.5,-1.7161870791339193,-0.28700883841321456,5.310411077197614,2.89923886520873,14.683469764398346,1.9932545950780947,2.6293425807173256,1787260593.6985974
27.98050594329834,hold5,drive,3.2,-0.32,0.708,11443.2,11493.0,13.66,0.221,16.6,-1.663533721221963,-0.43093933693362274,5.752141341444144,3.1157415776721393,14.627634749407344,2.0252609986382617,2.595454292024088,1787260593.7179675
28.00042223930359,hold5,drive,3.2,-0.32,0.708,11443.2,11448.0,14.49,0.214,16.6,-1.6762206211809367,-0.1687267139082671,5.319653186653227,3.176097462317319,14.573348316827225,2.0588808614010303,2.5622150843962355,1787260593.7375727
28.02048397064209,hold5,drive,3.2,-0.32,0.708,11443.2,11467.0,14.59,0.223,16.6,-1.680191394366245,0.12864298908822036,5.970082865616121,3.1764408323577538,14.519966567888924,2.094444922004434,2.5286573521502205,1787260593.757602
28.040906190872192,hold5,drive,3.2,-0.32,0.708,11443.2,11503.0,13.34,0.217,16.6,-1.700622633617115,-0.07964513794332095,6.470311601359981,3.2793445017897516,14.489925488689003,2.115572723378899,2.509399670691925,1787260593.7680373
28.060973644256592,hold5,drive,3.2,-0.32,0.708,11443.2,11410.0,15.44,0.218,16.5,-1.679172868407344,-0.17742174322599524,4.813211491652083,3.183846010148792,14.412134450963814,2.1746306854549067,2.457894095309858,1787260593.7997432
28.080557823181152,hold5,drive,3.2,-0.32,0.708,11443.2,11477.0,14.27,0.223,16.6,-1.6376961318001775,-0.2754214472041774,5.781390869553604,3.122629489382572,14.35993433441792,2.2067536307342706,2.4261336680697942,1787260593.8203838
28.100520372390747,hold5,drive,3.2,-0.32,0.708,11443.2,11491.0,13.42,0.214,16.6,-1.651994643692813,-0.23645684296278446,5.386561124061643,3.4734207144516622,14.312059551102353,2.2490356773904456,2.393423072519281,1787260593.8375263
28.12052083015442,hold5,drive,3.2,-0.32,0.708,11443.2,11411.0,15.6,0.221,16.5,-1.743136271994704,0.13479543879718658,6.539309918453569,3.300602087694057,14.265637880090866,2.2928734938617765,2.3599368935253446,1787260593.8577123
28.1410231590271,hold5,drive,3.2,-0.32,0.708,11443.2,11515.0,13.22,0.218,16.6,-1.7370984863293304,0.19273587576308948,6.274864901486808,3.1809887512806725,14.220020123228405,2.3389170324415707,2.32488048631018,1787260593.8787892
28.16041326522827,hold5,drive,3.2,-0.32,0.708,11443.2,11423.0,14.74,0.213,16.5,-1.6408895282632916,-0.6681213808487243,4.176759289943504,3.444983531840038,14.16463055174942,2.3882380073587512,2.2864053086959983,1787260593.8988423
28.180394172668457,hold5,drive,3.2,-0.32,0.708,11443.2,11425.0,15.4,0.224,16.6,-1.616403892568885,-0.20232536466096462,5.996128704132559,3.387193330717743,14.12310505352489,2.4368262911140257,2.2538265307568874,1787260593.9181097
28.20037841796875,hold5,drive,3.2,-0.32,0.708,11443.2,11512.0,12.9,0.22,16.6,-1.5907001269918764,-0.18124194864574505,5.344028475586299,3.336323707130844,14.082938288815132,2.486977455278266,2.221663868412919,1787260593.937536
28.220577478408813,hold5,drive,3.2,-0.32,0.708,11443.2,11411.0,15.23,0.217,16.5,-1.6286764046622428,-0.38642576134578377,6.059421892670002,3.2503194607095027,14.044655588069318,2.538123352337443,2.189655576224713,1787260593.9575276
28.240495204925537,hold5,drive,3.2,-0.32,0.708,11443.2,11484.0,14.25,0.224,16.6,-1.6437681390855583,0.4756096179076508,6.327610297257593,3.1148809014950265,14.007812892887172,2.5907165554044407,2.1569896178918704,1787260593.9784849
28.260490894317627,hold5,drive,3.2,-0.32,0.708,11443.2,11496.0,13.42,0.214,16.5,-1.6756674826225273,-0.3932957649450195,4.396409078241419,3.195989551966147,13.97269133462477,2.6445148257465823,2.1239438329204074,1787260593.9976022
28.280394554138184,hold5,drive,3.2,-0.32,0.708,11443.2,11424.0,15.51,0.224,16.6,-1.6044593487637706,-0.27293506482200414,5.847924000422665,2.6680580235884754,13.94997044731391,2.6718478453264662,2.0959024452522907,1787260594.0177977
28.300416707992554,hold5,drive,3.2,-0.32,0.708,11443.2,11520.0,13.01,0.22,16.6,-1.5765821774211481,0.11483564754412079,5.721130631904828,2.952790328399491,13.918163299133553,2.72770812488849,2.063962869466138,1787260594.0375814
28.320547580718994,hold5,drive,3.2,-0.32,0.708,11443.2,11468.0,13.95,0.214,16.6,-1.6097202903391676,-0.34607112770395076,5.814499560158765,3.0720041451032545,13.888249386091296,2.784415610942004,2.032261870445213,1787260594.0575426
28.341506481170654,hold5,drive,3.2,-0.32,0.708,11443.2,11462.0,14.86,0.225,16.6,-1.6289505770964663,0.21526547272396357,6.38580705241435,3.215075903981799,13.873940919202303,2.813189339289926,2.016106442402005,1787260594.0665975
28.360966444015503,hold5,drive,3.2,-0.32,0.708,11443.2,11518.0,12.97,0.22,16.5,-1.5870236331070218,-0.4250821807640115,4.281848670113362,3.1701280578018665,13.833824123842259,2.9008064601639556,1.9675651682454012,1787260594.0976717
28.380385875701904,hold5,drive,3.2,-0.32,0.708,11443.2,11428.0,15.17,0.219,16.5,-1.5613608802108003,-0.41999711290923614,5.459164249759169,3.0070523451809117,13.806146265299537,2.9507267806464075,1.935672622028042,1787260594.118384
28.400556087493896,hold5,drive,3.2,-0.32,0.708,11443.2,11478.0,14.19,0.221,16.6,-1.5496164729616055,0.053258068697592975,5.475901320558705,3.158884049391234,13.783741488646868,3.0107520988861722,1.9045446728941762,1787260594.1377122
28.42041301727295,hold5,drive,3.2,-0.32,0.708,11443.2,11492.0,13.47,0.215,16.6,-1.5802160607285614,-0.31948219246546117,6.092924685626997,3.181836450626454,13.763184040868506,3.071520077047054,1.8734357183185915,1787260594.1575866
28.440621376037598,hold5,drive,3.2,-0.32,0.708,11443.2,11428.0,15.18,0.221,16.5,-1.6518962398905346,0.1682961760923405,6.024574240055415,3.2979770634699443,13.753607387887705,3.1021918108748268,1.8575982951466632,1787260594.1665897
28.460564613342285,hold5,drive,3.2,-0.32,0.708,11443.2,11494.0,13.58,0.222,16.5,-1.6081230594753926,-0.2575836380109813,4.767798796983925,3.182008934153243,13.72677857510289,3.199230120552191,1.8062719566267031,1787260594.1993272
28.480386972427368,hold5,drive,3.2,-0.32,0.708,11443.2,11485.0,13.6,0.215,16.5,-1.6158157334421412,-0.40620422495194575,4.93801651440225,3.7321816333502458,13.699018235629994,3.2767469060593006,1.7679373117725674,1787260594.2179816
28.500476598739624,hold5,drive,3.2,-0.32,0.708,11443.2,11454.0,14.71,0.222,16.6,-1.6203883810338071,-0.10994363831315379,5.769115224487734,3.4788312245521835,13.686973469868448,3.339764615590935,1.7355692658362385,1787260594.2376788
28.520456790924072,hold5,drive,3.2,-0.32,0.708,11443.2,11504.0,13.38,0.219,16.6,-1.5848421047000834,-0.077383507922403,6.737973171794749,3.337601122478372,13.67694396246033,3.4031914834398425,1.7033862896244192,1787260594.2575815
28.540995597839355,hold5,drive,3.2,-0.32,0.708,11443.2,11447.0,14.35,0.217,16.6,-1.6175667618588683,-0.051805693357591664,5.253438729050856,3.348295146211771,13.668938510100212,3.467081501540595,1.6716135870745072,1787260594.276608
28.560513973236084,hold5,drive,3.2,-0.32,0.708,11443.2,11445.0,14.82,0.225,16.5,-1.6230295710448932,-0.2578500883306418,5.116311575868394,3.2176269859428803,13.66552792015234,3.5010421979593627,1.654156127661246,1787260594.288326
28.580442667007446,hold5,drive,3.2,-0.32,0.708,11443.2,11512.0,13.02,0.222,16.6,-1.627777055162123,-0.14338817838171902,5.36896919029715,2.6585883443886917,13.659843163897484,3.5535521993650203,1.613027235560935,1787260594.3186166
28.60040283203125,hold5,drive,3.2,-0.32,0.708,11443.2,11456.0,14.28,0.216,16.6,-1.732012514437552,-0.28633465441964745,5.315356067686423,3.0120654746720255,13.657653279696184,3.617428533579674,1.5800080821502043,1787260594.3376355
28.62063503265381,hold5,drive,3.2,-0.32,0.708,11443.2,11477.0,14.4,0.223,16.6,-1.7303542971848138,0.14368793955947456,7.177721229850306,3.0971016340767603,13.657602353114285,3.68155367587042,1.5453786953733644,1787260594.3576577
28.640398025512695,hold5,drive,3.2,-0.32,0.708,11443.2,11488.0,13.32,0.212,16.6,-1.733142094213909,-0.03990850020474124,6.297097185791586,3.0063252141907406,13.659773045037403,3.7457185368529795,1.5107533531615636,1787260594.3795538
28.66039776802063,hold5,drive,3.2,-0.32,0.708,11443.2,11405.0,15.47,0.219,16.5,-1.6913272693063568,-0.16629821896352937,4.475668966883234,3.2818840622255614,13.664183321302628,3.8095170381987353,1.476245085849198,1787260594.3976934
28.680445194244385,hold5,drive,3.2,-0.32,0.708,11443.2,11489.0,13.58,0.222,16.6,-1.616066470058772,-0.2846076061126226,5.6090412572172,3.087093756928117,13.661445948123843,3.866792378618938,1.442081753932292,1787260594.418155
28.700432777404785,hold5,drive,3.2,-0.32,0.708,11443.2,11485.0,13.17,0.211,16.6,-1.6834142187594043,-0.10015393708826448,5.114027653336848,3.1862994512507337,13.670153948464936,3.9301752585871554,1.4095240134164704,1787260594.4375257
28.72039246559143,hold5,drive,3.2,-0.32,0.708,11443.2,11424.0,15.37,0.224,16.6,-1.658147611075332,0.02438017684011573,6.513109713437302,3.166230541295661,13.680974508177401,3.993261965934289,1.3759399825950838,1787260594.4576924
28.740650415420532,hold5,drive,3.2,-0.32,0.708,11443.2,11491.0,13.28,0.217,16.6,-1.5647670632450115,-0.1781504159627545,6.298350828881098,3.173876506038754,13.693891613914946,4.056059233000299,1.3432957415293239,1787260594.4776964
28.760427236557007,hold5,drive,3.2,-0.32,0.708,11443.2,11386.0,15.53,0.217,16.5,-1.6041614741958452,-0.3373905337004821,4.372496011725445,3.185565866751291,13.709352929496887,4.120346916261594,1.3106497289327914,1787260594.4982772
28.780471086502075,hold5,drive,3.2,-0.32,0.708,11443.2,11463.0,14.37,0.225,16.6,-1.4477584175912903,-0.32368623106411576,4.911321050199035,3.3241126387726383,13.720945141183183,4.190757536340141,1.2736508781958913,1787260594.5186439
28.800516605377197,hold5,drive,3.2,-0.32,0.708,11443.2,11524.0,12.59,0.216,16.6,-1.5014336304135103,-0.38979817966269437,4.199721891514514,3.3552219367200347,13.740137592243881,4.251946008774869,1.2445314266703782,1787260594.5375173
28.820555686950684,hold5,drive,3.2,-0.32,0.708,11443.2,11406.0,15.43,0.218,16.6,-1.6866935021676734,-0.15265610695005183,7.029381455453063,3.2425941503159863,13.761125975730147,4.312402562861048,1.2135112231640177,1787260594.5577607
28.840854167938232,hold5,drive,3.2,-0.32,0.708,11443.2,11492.0,13.78,0.222,16.6,-1.6632150739975347,0.1630008825533178,6.15378894067851,3.2181874740179217,13.78405222313041,4.3723129947240436,1.1799351040044372,1787260594.5776978
28.86046075820923,hold5,drive,3.2,-0.32,0.708,11443.2,11439.0,14.14,0.211,16.5,-1.5700728790847764,-0.9826274829457944,3.6273844121776904,4.583924749009981,13.819370821345132,4.478702920787869,1.1315153150911796,1787260594.5990176
28.880382537841797,hold5,drive,3.2,-0.32,0.708,11443.2,11410.0,15.53,0.224,16.6,-1.5299972315271009,-0.054870073031734634,5.7191653826399715,3.985969328919215,13.847084155259129,4.536416412795408,1.1003896630881052,1787260594.6178832
28.90041208267212,hold5,drive,3.2,-0.32,0.708,11443.2,11497.0,12.98,0.22,16.6,-1.5522901535379905,-0.0359486925053174,5.629597144722709,3.6068334839548837,13.876580764824231,4.593364777479783,1.0697451460539442,1787260594.6375148
28.92048978805542,hold5,drive,3.2,-0.32,0.708,11443.2,11413.0,14.8,0.217,16.6,-1.6539310281214095,-1.7779190853772775e-05,5.7466034432628135,3.366235058302765,13.907734153467343,4.649159679169042,1.0381892471443146,1787260594.657715
28.94134521484375,hold5,drive,3.2,-0.32,0.708,11443.2,11450.0,14.68,0.224,16.6,-1.6630484932713503,0.1373236013642387,4.69573039918069,3.3630440941500925,13.94065733124154,4.703977539992197,1.005196652711186,1787260594.676601
28.96043562889099,hold5,drive,3.2,-0.32,0.708,11443.2,11481.0,13.37,0.217,16.6,-1.5435270219710848,-1.0253416143847147,3.828656693254601,3.2375152586898257,13.975563739705157,4.757964096518732,0.9724095794723422,1787260594.6976347
28.980506896972656,hold5,drive,3.2,-0.32,0.708,11443.2,11399.0,15.43,0.22,16.6,-1.4736764344779958,-0.4038013481218812,5.989078715918822,2.594527165380225,13.995418953806432,4.785079729887635,0.9453138640348729,1787260594.7178812
29.0004141330719,hold5,drive,3.2,-0.32,0.708,11443.2,11474.0,13.79,0.222,16.6,-1.5185491009491772,0.09569127795749388,6.002647765142342,2.9040385971484906,14.033220167786798,4.836652220715386,0.9156853634409926,1787260594.737715
29.0204815864563,hold5,drive,3.2,-0.32,0.708,11443.2,11452.0,13.91,0.215,16.5,-1.5848463657578278,-0.37910793409860943,5.801340400770016,3.0528461097317483,14.072605290858187,4.887130175273719,0.8849782501663298,1787260594.7575915
29.04043197631836,hold5,drive,3.2,-0.32,0.708,11443.2,11420.0,15.11,0.221,16.5,-1.6397197347544743,0.14160763718546043,5.864379820137287,3.093025835581027,14.113457936053472,4.936244834596783,0.8530065006725497,1787260594.7778287
29.060630559921265,hold5,drive,3.2,-0.32,0.708,11443.2,11479.0,13.53,0.219,16.6,-1.594693803362559,-0.5140224642384368,4.211571859262676,3.2479528496491605,14.13522945690752,4.961178859707472,0.8360263382486978,1787260594.7869995
29.0803804397583,hold5,drive,3.2,-0.32,0.708,11443.2,11434.0,14.35,0.217,16.6,-1.5549426619837095,-0.42725869724844756,4.835894888663745,2.8216511804288174,14.183653946980838,5.020683495076204,0.7918323042241431,1787260594.8177593
29.100383758544922,hold5,drive,3.2,-0.32,0.708,11443.2,11447.0,14.48,0.221,16.6,-1.5818894579995126,-0.03594870164159225,5.701447149011983,2.9904652194908543,14.22890823075568,5.065830750347363,0.7606266559360954,1787260594.837889
29.120420694351196,hold5,drive,3.2,-0.32,0.708,11443.2,11485.0,13.44,0.217,16.6,-1.6261313547665086,0.0359403350979004,6.67053606134715,3.099747418615153,14.275739315851753,5.109727101029908,0.7287406945483754,1787260594.8577409
29.140432596206665,hold5,drive,3.2,-0.32,0.708,11443.2,11422.0,14.81,0.219,16.6,-1.6231456848684205,-0.2991018310723277,5.5338688648520815,3.1398516255829123,14.32380687001585,5.151928150238216,0.6962012109848719,1787260594.877694
29.160388708114624,hold5,drive,3.2,-0.32,0.708,11443.2,11453.0,14.37,0.22,16.5,-1.530405760438319,-0.49942858079269214,3.9002716394645915,2.860434993358303,14.36142688744357,5.19187189425672,0.6658382517701221,1787260594.8989372
29.180397510528564,hold5,drive,3.2,-0.32,0.708,11443.2,11489.0,13.4,0.218,16.6,-1.4586772449025605,-0.37555589661819155,5.537206455689272,3.115230917944378,14.412300158471725,5.231231725052913,0.6355167543796034,1787260594.918151
29.200412273406982,hold5,drive,3.2,-0.32,0.708,11443.2,11429.0,14.71,0.219,16.6,-1.5077011137229028,-0.30639235913025686,5.099599648097239,3.1836376970698415,14.46393664633544,5.268737081235546,0.606149140922628,1787260594.9376683
29.220449686050415,hold5,drive,3.2,-0.32,0.708,11443.2,11476.0,13.88,0.222,16.6,-1.5469551760842892,0.13545684114224166,6.694238335729835,3.179779399418324,14.516973490397627,5.304928596126378,0.5757626936993872,1787260594.957726
29.240458726882935,hold5,drive,3.2,-0.32,0.708,11443.2,11450.0,14.03,0.216,16.5,-1.6247346599328163,-0.17487750995148588,5.8429503585759335,3.173369646198779,14.570967509406698,5.33938806771242,0.5444240311699624,1787260594.9778016
29.260419845581055,hold5,drive,3.2,-0.32,0.708,11443.2,11396.0,15.55,0.221,16.5,-1.6180811514234168,-0.36684803997057713,3.8195838606993675,2.9388052251311705,14.615272278417555,5.376291099187963,0.5142395587346883,1787260594.9992704
29.280375242233276,hold5,drive,3.2,-0.32,0.708,11443.2,11501.0,13.14,0.223,16.6,-1.515894195658477,-0.5426901212753918,5.235555603934415,3.212157389051179,14.671333024453116,5.40740978825169,0.48296942178024116,1787260595.0175683
29.300661325454712,hold5,drive,3.2,-0.32,0.708,11443.2,11464.0,13.7,0.214,16.6,-1.5810388443473413,-0.40628762086875625,4.849581759287702,3.1914512872508585,14.728396271822701,5.4367906703483655,0.45228102386557134,1787260595.037649
29.320420265197754,hold5,drive,3.2,-0.32,0.708,11443.2,11459.0,14.58,0.222,16.6,-1.564091818750622,0.01925337904997315,6.618412809348399,3.190332564770567,14.78627665829584,5.464353170140039,0.4207286890575843,1787260595.057599
29.340663194656372,hold5,drive,3.2,-0.32,0.708,11443.2,11504.0,13.01,0.216,16.6,-1.5421171444899966,-0.09463222838596419,6.02469878575414,3.2990588837223345,14.815557501518853,5.477454790921623,0.4050610240520782,1787260595.0666282
29.361024856567383,hold5,drive,3.2,-0.32,0.708,11443.2,11404.0,15.31,0.22,16.5,-1.5312250819476816,-0.48217987860168066,3.727392561728209,2.873854219986681,14.892793660784477,5.518358473650095,0.3599921154960074,1787260595.0990322
29.380388736724854,hold5,drive,3.2,-0.32,0.708,11443.2,11474.0,14.08,0.224,16.6,-1.4755224045875843,-0.5322680071055395,5.374659700813538,3.164928156542562,14.95304537060449,5.5405248160994525,0.3296068372445016,1787260595.1177351
29.400418519973755,hold5,drive,3.2,-0.32,0.708,11443.2,11496.0,12.96,0.212,16.6,-1.4917173534924653,-0.22867511222393944,5.0221070804619785,3.183992774225506,15.013959868901512,5.56088021726291,0.30001618327698126,1787260595.1376424
29.420519590377808,hold5,drive,3.2,-0.32,0.708,11443.2,11412.0,15.46,0.223,16.6,-1.5519218383592324,-0.010342025584536785,6.341493926696671,3.14687620916809,15.075195557726046,5.57930827343582,0.2698483888766679,1787260595.1580665
29.442577838897705,hold5,drive,3.2,-0.32,0.708,11443.2,11496.0,13.13,0.219,16.6,-1.5264882504748123,-0.01912045081907543,6.125028824540095,3.2997829815199404,15.109712785364742,5.5888555632164065,0.25248265690073385,1787260595.1678607
29.46042251586914,hold5,drive,3.2,-0.32,0.708,11443.2,11426.0,14.36,0.213,16.5,-1.5380009627091704,-0.5244028439047845,3.350282804029007,2.807131956566498,15.18285884581456,5.61635849891791,0.21054870986101373,1787260595.1989193
29.480669736862183,hold5,drive,3.2,-0.32,0.708,11443.2,11434.0,14.99,0.225,16.6,-1.474489497558797,-0.20462869264028782,5.1621367916184795,3.037181173068972,15.245471555371118,5.629247866442903,0.1804120263809992,1787260595.2187893
29.500401735305786,hold5,drive,3.2,-0.32,0.708,11443.2,11514.0,12.61,0.219,16.6,-1.4529461222367102,-0.0004961499737459185,5.494818233446722,3.228624987738595,15.308756216051421,5.640338783411896,0.15105194195986896,1787260595.2375872
29.520538568496704,hold5,drive,3.2,-0.32,0.708,11443.2,11410.0,15.06,0.217,16.6,-1.5230746105895487,-0.2467793717367961,5.771089244576444,3.161237100612463,15.371854027969855,5.649462270652213,0.12168882318321213,1787260595.2580323
29.540385723114014,hold5,drive,3.2,-0.32,0.708,11443.2,11485.0,13.85,0.223,16.6,-1.516349463046826,0.28841772508494046,5.862894042576443,3.212170918389452,15.435745031391766,5.656797490740031,0.09119927560234055,1787260595.277626
29.560513496398926,hold5,drive,3.2,-0.32,0.708,11443.2,11488.0,13.23,0.211,16.5,-1.542317281045916,-0.569967675821708,3.99527603400648,2.9068256767291434,15.48018645138664,5.667171387613171,0.06200116689407181,1787260595.297561
29.58052110671997,hold5,drive,3.2,-0.32,0.708,11443.2,11422.0,15.34,0.225,16.5,-1.4841936570968826,-0.43467607334636327,4.623035179832698,3.032169276035052,15.544013167159878,5.6706385811975135,0.031427941267749906,1787260595.31768
29.600375652313232,hold5,drive,3.2,-0.32,0.708,11443.2,11499.0,12.98,0.22,16.6,-1.4413487214796876,-0.29521102052055426,5.658203479082886,3.110030918082497,15.608069882855116,5.672201653532099,0.0020249452759878122,1787260595.3376508
29.620429754257202,hold5,drive,3.2,-0.32,0.708,11443.2,11433.0,14.14,0.213,16.6,-1.505464990513618,-0.054221434062641904,5.961809055113974,3.125840547937804,15.672077400584417,5.671865996417855,-0.027147206379749007,1787260595.3578882
29.640650749206543,hold5,drive,3.2,-0.32,0.708,11443.2,11444.0,14.9,0.224,16.6,-1.5785200265883443,0.31027315632479713,6.184442970047769,3.276118475336662,15.707103402646954,5.670914904657437,-0.04363467607373078,1787260595.3675494
29.660481929779053,hold5,drive,3.2,-0.32,0.708,11443.2,11502.0,12.91,0.218,16.5,-1.5248693148481531,-0.6468277208767077,3.9569068956145657,6.509199109642163,15.892368972395985,5.667108887006381,-0.12081096179708532,1787260595.397658
29.680551528930664,hold5,drive,3.2,-0.32,0.708,11443.2,11420.0,14.85,0.218,16.5,-1.512966848988262,-0.41692169661507705,4.316151069845034,4.8120001405389745,15.955833787696964,5.6588815990644985,-0.15127415721682094,1787260595.4176185
29.700480461120605,hold5,drive,3.2,-0.32,0.708,11443.2,11473.0,13.98,0.223,16.6,-1.499189251404846,-0.3349331681272254,5.4088015944686845,3.9847660924390516,16.0190657259595,5.648754793798669,-0.18140612241701778,1787260595.4375343
29.720426559448242,hold5,drive,3.2,-0.32,0.708,11443.2,11467.0,13.46,0.214,16.6,-1.4727262186010557,-0.34730708296535795,6.11119723532255,3.5633740666953138,16.08217042932925,5.636687860028182,-0.21130960061556228,1787260595.4577146
29.74103021621704,hold5,drive,3.2,-0.32,0.708,11443.2,11412.0,15.16,0.22,16.5,-1.5105036912960477,0.09890797760589898,5.729255923123048,3.3395085305208014,16.1483385000982,5.6219302177653825,-0.2427467335900089,1787260595.4794166
29.760398864746094,hold5,drive,3.2,-0.32,0.708,11443.2,11480.0,13.52,0.222,16.5,-1.5006207004907635,-0.3099044162719409,4.406437053514338,3.7040352086198283,16.13640589644352,5.612578668481122,-0.26633939593966044,1787260595.4976637
29.780547857284546,hold5,drive,3.2,-0.32,0.708,11443.2,11455.0,13.9,0.215,16.6,-1.5190573652432187,-0.26511167266985325,4.948094191010341,3.430832795695808,16.197956686235898,5.595315983233049,-0.29651837725263225,1787260595.5176976
29.800540447235107,hold5,drive,3.2,-0.32,0.708,11443.2,11452.0,14.44,0.219,16.6,-1.5318555853357578,-0.23776343990131465,5.210128400860469,3.3089605281971806,16.25896903875789,5.576188672420768,-0.32694553105909613,1787260595.537578
29.820608377456665,hold5,drive,3.2,-0.32,0.708,11443.2,11491.0,13.31,0.219,16.6,-1.5357299520896053,-0.13103980856806086,6.245477963803637,3.246043825608893,16.319654256588485,5.555119711981939,-0.3576344418459847,1787260595.5575943
29.840680599212646,hold5,drive,3.2,-0.32,0.708,11443.2,11420.0,14.6,0.215,16.5,-1.6321096187815183,-0.13796433745558812,6.144398896660562,3.3263245537451804,16.352142201937315,5.54297881928147,-0.37429935685357857,1787260595.567465
29.860496520996094,hold5,drive,3.2,-0.32,0.708,11443.2,11445.0,14.5,0.222,16.5,-1.5811032928457214,-0.2238726476227555,4.455390529772302,4.245617902183705,16.47822718562245,5.490669634436674,-0.442310891608067,1787260595.597572
29.880410194396973,hold5,drive,3.2,-0.32,0.708,11443.2,11484.0,13.23,0.219,16.6,-1.5060761859837908,-0.35870041969662836,5.244486641504011,3.7083442027803306,16.536063650022157,5.462730303313712,-0.47357571050996905,1787260595.6175375
29.900456190109253,hold5,drive,3.2,-0.32,0.708,11443.2,11440.0,14.35,0.22,16.6,-1.5275913317983232,-0.38957350039163785,5.1529876528957175,3.419514704329721,16.592723285417676,5.4331439714935,-0.5037659125595157,1787260595.637714
29.920522212982178,hold5,drive,3.2,-0.32,0.708,11443.2,11480.0,13.85,0.222,16.6,-1.5187545638272768,-0.22384205937456514,6.498940739862178,3.313886497299933,16.64880613697125,5.401680349816419,-0.5343346607691941,1787260595.6575782
29.940595149993896,hold5,drive,3.2,-0.32,0.708,11443.2,11454.0,13.8,0.215,16.6,-1.4918596994527298,-0.13834312741077692,6.358765433029703,3.18501839862036,16.703690442898374,5.368645020736217,-0.5645588703980553,1787260595.6780071
29.960410833358765,hold5,drive,3.2,-0.32,0.708,11443.2,11390.0,15.47,0.219,16.5,-1.5235897991024245,-0.284158101390112,4.124236965459403,3.858376556392351,16.672378614443417,5.370866088700041,-0.5839093863162658,1787260595.6975412
29.980506420135498,hold5,drive,3.2,-0.32,0.708,11443.2,11474.0,13.46,0.224,16.6,-1.4495525892176766,-0.6716897174434706,4.690669049095419,3.501038642269066,16.725572645547313,5.335187947073946,-0.6140545166785376,1787260595.7176826
30.00044059753418,hold5,drive,3.2,-0.32,0.708,11443.2,11459.0,13.42,0.216,16.6,-1.5155244157411194,0.056656077720352194,4.860962780320477,3.341784581622086,16.77751517528826,5.298044893548539,-0.6433318006095369,1787260595.737561
30.020520448684692,hold5,drive,3.2,-0.32,0.708,11443.2,11449.0,14.51,0.223,16.6,-1.5778326647109948,0.047261319384582556,6.359583458534473,3.2466134053977616,16.828349426589757,5.259356375523992,-0.6739243709524266,1787260595.757653
30.040940284729004,hold5,drive,3.2,-0.32,0.708,11443.2,11499.0,13.06,0.217,16.6,-1.5447724492548605,-0.11478783741784238,6.473635158879006,3.2110554086052963,16.878294579836727,5.218860875746285,-0.7053690841054278,1787260595.777742
30.060644149780273,hold5,drive,3.2,-0.32,0.708,11443.2,11391.0,15.29,0.217,16.5,-1.5587802771145136,-0.33458324880055557,3.841048113195342,2.664856592576429,16.8923172202713,5.20706590727553,-0.729229636147295,1787260595.798818
30.080399751663208,hold5,drive,3.2,-0.32,0.708,11443.2,11458.0,14.19,0.223,16.6,-1.5652300538005217,-0.0469343046989561,5.2265140539842605,3.043285854431808,16.939663924702003,5.164135799142574,-0.7604548814176142,1787260595.81756
30.100411415100098,hold5,drive,3.2,-0.32,0.708,11443.2,11512.0,12.52,0.215,16.6,-1.6449188909925814,-0.20756450665477288,5.186512080551552,3.1151173230068854,16.985876399646862,5.1195386748001575,-0.7921602829156883,1787260595.8375819
30.12044668197632,hold5,drive,3.2,-0.32,0.708,11443.2,11398.0,15.38,0.22,16.6,-1.6271179227923285,-0.3569009755477097,6.337423094985297,3.122005892423112,17.030359214971806,5.073695368665653,-0.8250310491015589,1787260595.8578472
30.14068365097046,hold5,drive,3.2,-0.32,0.708,11443.2,11489.0,13.36,0.221,16.6,-1.6563510426039645,0.7267693948927629,7.237488547198495,3.1376932728741895,17.073420720278726,5.026361348539687,-0.8576431629541573,1787260595.8778129
30.160481452941895,hold5,drive,3.2,-0.32,0.708,11443.2,11436.0,13.98,0.213,16.5,-1.7042724958910684,-0.4915763180120223,4.464000262828051,2.719931308784288,17.106534399029584,4.988105734570507,-0.8924117184261319,1787260595.8981957
30.1804096698761,hold5,drive,3.2,-0.32,0.708,11443.2,11423.0,15.08,0.223,16.6,-1.6301038590065253,-0.23752596984547125,5.299696638777732,3.0055189306420895,17.146238635795275,4.93798233307766,-0.9261888749838627,1787260595.9175994
30.20047116279602,hold5,drive,3.2,-0.32,0.708,11443.2,11509.0,12.65,0.219,16.6,-1.5898306048959654,-0.1451714513241571,5.578223505802669,3.0951710801038814,17.184444241130798,4.8863463524418185,-0.9585779057057091,1787260595.9376376
30.220523357391357,hold5,drive,3.2,-0.32,0.708,11443.2,11405.0,14.77,0.213,16.6,-1.7329964193022815,-0.3179798234294928,6.161426574090456,3.1275807592638865,17.220699164853006,4.833814235331267,-0.991095385816592,1787260595.9576902
30.240461587905884,hold5,drive,3.2,-0.32,0.708,11443.2,11451.0,14.55,0.221,16.5,-1.7184100196958085,0.42599990129992094,6.90940711012081,3.211625120669434,17.255304881975892,4.77996916196872,-1.02567288595672,1787260595.9775465
30.260607957839966,brake,drive,0.0,-0.32,0.708,0.0,11468.0,13.45,0.213,16.5,-1.6937560722205092,-0.504863531429038,4.899043066246804,2.4997081344121677,17.27730674288707,4.74621653819772,-1.0587349066012368,1787260595.999531
30.28054666519165,brake,drive,0.0,-0.32,0.708,0.0,11373.0,15.5,0.214,16.6,-1.693674978965316,-0.2641566395874655,5.604546502352889,3.019724863272122,17.307917140634668,4.690645032970918,-1.0925079459465536,1787260596.0177844
30.300393104553223,brake,drive,0.0,-0.32,0.708,0.0,11309.0,6.47,0.19,16.6,-1.7087053275255053,0.31586218110017583,5.761607399268826,3.0898568529151613,17.336584163692248,4.634118044743345,-1.1264773966965251,1787260596.0377054
30.32040786743164,brake,drive,0.0,-0.32,0.708,0.0,11106.0,3.08,0.175,16.6,-1.791710998697204,1.4539318688745766,6.228367255907926,3.054758828392731,17.362800745719795,4.577580523963379,-1.1610254787615726,1787260596.05812
30.34038758277893,brake,drive,0.0,-0.32,0.708,0.0,10758.0,1.28,0.164,16.6,-1.8022528555561739,1.5904323466926797,6.298564836983132,3.0481972675890514,17.386276924963852,4.521633526172386,-1.1968522712463967,1787260596.0779045
30.36038851737976,brake,drive,0.0,-0.32,0.708,0.0,10505.0,-2.1,0.159,16.6,-1.7757666532508998,1.9490554004138971,5.257483248290669,2.484411398836517,17.40279435772124,4.483158738713546,-1.233133319939582,1787260596.0991988
30.380450010299683,brake,drive,0.0,-0.32,0.708,0.0,10325.0,-6.52,0.142,16.6,-1.7241111817993957,2.7739382276341473,5.503087950897736,2.842361591251916,17.42279317805115,4.4237220773025445,-1.2705957006384938,1787260596.1193683
30.400410413742065,brake,drive,0.0,-0.32,0.708,0.0,10094.0,-10.45,0.135,16.6,-1.8696590606427335,3.7772076252494173,5.4726298032612135,2.8803799043912863,17.437790362493963,4.372938472825443,-1.3032303977643844,1787260596.1376317
30.420389413833618,brake,drive,0.0,-0.32,0.708,0.0,9858.0,-13.63,0.125,16.7,-1.9420970422928885,4.159555903675738,5.289309059726804,2.806759706749974,17.451807417894944,4.318701677241221,-1.340995827323348,1787260596.1578891
30.440516471862793,brake,drive,0.0,-0.32,0.708,0.0,9590.0,-16.8,0.115,16.7,-2.002200460196287,4.7722040894449265,5.374312376188925,2.7708308249284332,17.46339305447797,4.265338704162619,-1.3801551156197773,1787260596.1776223
30.46042013168335,brake,drive,0.0,-0.32,0.708,0.0,9231.0,-18.2,0.1,16.6,-2.0220697724571504,4.5060157250568125,4.434446387130862,2.2210654191629366,17.474911812884592,4.232126084530568,-1.4211608839983072,1787260596.1988916
30.480395793914795,brake,drive,0.0,-0.32,0.708,0.0,8770.0,-18.73,0.092,16.7,-1.9839847046562542,4.180904088936046,3.8476145366539356,2.4578341432736295,17.48142975720782,4.182306567780358,-1.4610271662168728,1787260596.2176192
30.500391244888306,brake,drive,0.0,-0.32,0.708,0.0,8364.0,-20.19,0.091,16.7,-2.0305664547569937,5.561453690594078,5.363368726905662,2.410322539748714,17.485661211429388,4.1345075254724515,-1.5010804681939531,1787260596.2375321
30.520381689071655,brake,drive,0.0,-0.32,0.708,0.0,8037.0,-23.36,0.081,16.7,-2.0431999583361113,5.530621905861381,4.7221247317649215,2.3153281437292246,17.48785191774564,4.088303060860567,-1.5417404496305265,1787260596.2580116
30.541159868240356,brake,drive,0.0,-0.32,0.708,0.0,7620.0,-24.75,0.065,16.7,-1.9812565624355771,5.452201969783971,3.6999466073638985,2.248652606327306,17.488061726782995,4.043984825691795,-1.5825150229898268,1787260596.2781172
30.56050705909729,brake,drive,0.0,-0.32,0.708,0.0,7140.0,-25.0,0.054,16.6,-1.8438530296798654,5.551985293883035,4.0936393617236035,1.7743561622364066,17.492286332294867,4.025447930077553,-1.624882211618946,1787260596.2976618
30.58038067817688,brake,drive,0.0,-0.32,0.708,0.0,6643.0,-25.43,0.046,16.6,-1.812059546796227,5.860690226902761,4.010499552969634,1.8487025860225028,17.489180146491154,3.986515318537825,-1.6615773520958799,1787260596.317574
30.60049319267273,brake,drive,0.0,-0.32,0.708,0.0,6175.0,-27.02,0.04,16.7,-1.786482281370997,5.773603547414552,3.4760157799429123,1.8151833286215577,17.484864043194676,3.9502565982672366,-1.6976994547450162,1787260596.3375444
30.620465755462646,brake,drive,0.0,-0.32,0.708,0.0,5711.0,-27.84,0.032,16.6,-1.6736623886378068,5.606413518390582,3.3228432816021893,1.717023893935382,17.47956309872432,3.9167208386140837,-1.7328815850369632,1787260596.3580415
30.640384674072266,brake,drive,0.0,-0.32,0.708,0.0,5246.0,-29.27,0.025,16.6,-1.5329385597930385,6.303253719415409,2.7415677480366867,1.6400931408159471,17.473521761610574,3.885913437770503,-1.7656922924098466,1787260596.3777525
30.66041851043701,brake,drive,0.0,-0.32,0.708,0.0,4816.0,-30.73,0.017,16.6,-1.3603798359096815,6.382150203588878,2.669135653404311,1.5233965248806831,17.467021579995652,3.8578032065562167,-1.795438322905349,1787260596.397708
30.68050527572632,brake,drive,0.0,-0.32,0.708,0.0,4368.0,-32.02,0.009,16.6,-1.2131669487528265,6.643674536212302,2.587259135646093,1.500762448359864,17.47574920515239,3.867115806746091,-1.8210949351878436,1787260596.4176693
30.7003972530365,brake,drive,0.0,-0.32,0.708,0.0,3912.0,-33.36,0.0,16.6,-1.042846678344708,6.716460679767579,2.1574683015510345,1.3296506373187191,17.469148475708053,3.8440815299879874,-1.8444877760892648,1787260596.4375722
30.720593690872192,brake,drive,0.0,-0.32,0.708,0.0,3492.0,-31.57,0.0,16.6,-0.9097178520337097,6.699661628479475,2.043049103687025,1.1730810769116502,17.46270971242074,3.8234879667260793,-1.8646931720451139,1787260596.458145
30.7404568195343,brake,drive,0.0,-0.32,0.708,0.0,3178.0,-30.52,0.0,16.6,-0.7901313330238188,6.862469753906055,2.3149677396596644,1.2981544379600827,17.454530372932847,3.7969223280627142,-1.883862978963143,1787260596.4776552
30.760395288467407,brake,drive,0.0,-0.32,0.708,0.0,2932.0,-29.22,0.0,16.6,-0.6551219155090612,6.617970175104574,2.4059343392600283,1.957929065802936,17.482920939856786,3.8259835739315005,-1.8834455400925294,1787260596.4986165
30.780418395996094,brake,drive,0.0,-0.32,0.708,0.0,2709.0,-27.83,0.0,16.6,-0.570522608741059,6.376279014101101,2.5741850532487263,1.3985579081865775,17.477628613911964,3.8103903964994568,-1.8957121446508345,1787260596.5175638
30.800425052642822,brake,drive,0.0,-0.32,0.708,0.0,2534.0,-25.67,0.0,16.6,-0.5074823233665481,5.847444528718654,2.468370618306949,1.0618716401593051,17.472553494662254,3.795966254605445,-1.9068008331056334,1787260596.537573
30.8204288482666,brake,drive,0.0,-0.32,0.708,0.0,2340.0,-21.33,0.0,16.6,-0.5101090657287205,4.729011582654977,1.4869920275877462,0.8606380562480496,17.46772817081525,3.7826939964585584,-1.9169652919186102,1787260596.5583332
30.840516567230225,brake,drive,0.0,-0.32,0.708,0.0,2135.0,-16.45,0.0,16.6,-0.5389136163419358,3.348676573820569,0.1552034556942843,0.7682345955628429,17.46290437500828,3.769815207441475,-1.9278260576715849,1787260596.578662
30.860455989837646,brake,drive,0.0,-0.32,0.708,0.0,1933.0,-11.87,0.0,16.6,-0.5198623272994041,2.282383398140567,-1.1195912064437792,1.53176782445531,17.49727847573819,3.793951679084417,-1.9186851667412097,1787260596.5978448
30.880456924438477,brake,drive,0.0,-0.32,0.708,0.0,1728.0,-9.0,0.0,16.6,-0.41146318210720445,1.7027724207621304,-1.517157522068345,1.0161779397730475,17.49359838786864,3.7840104946220836,-1.9285240064365707,1787260596.617646
30.900389194488525,brake,drive,0.0,-0.32,0.708,0.0,1557.0,-6.46,0.0,16.6,-0.28840966012170755,1.3775776079951498,-0.9086986472227565,0.7345089208834417,17.490167838027478,3.775041678357668,-1.936137008432584,1787260596.6376767
30.920470476150513,brake,drive,0.0,-0.32,0.708,0.0,1379.0,-3.96,0.0,16.6,-0.26779419670243143,1.2783421680261569,0.02566766982793922,0.5715192615358029,17.487039508294778,3.767052955837343,-1.9418082906852634,1787260596.6576538
30.940536975860596,brake,drive,0.0,-0.32,0.708,0.0,1229.0,-2.71,0.0,16.6,-0.28932282476998206,1.1387663470040934,0.4422494604735796,0.4663357885552839,17.484205335382146,3.7599379504307633,-1.9472679449192818,1787260596.6779294
30.960432767868042,brake,drive,0.0,-0.32,0.708,0.0,1097.0,-1.93,0.0,16.6,-0.26834106018752235,0.8428717869445279,0.28922270398922834,1.6008429611856572,17.52182978485515,3.805570893975298,-1.93122188909463,1787260596.6986191
30.9804744720459,brake,drive,0.0,-0.32,0.708,0.0,977.0,-1.06,0.0,16.6,-0.2088914982660085,0.6607504535721347,-0.12273920137178607,0.9391601379581851,17.51976314526057,3.800093643270088,-1.9361415870064582,1787260596.7178144
31.000426769256592,brake,drive,0.0,-0.32,0.708,0.0,877.0,-0.62,0.0,16.6,-0.16839695211361994,0.6456509686763141,-0.31929701844684644,0.5971000928613814,17.517794718323483,3.794971684351657,-1.9401153887678835,1787260596.737585
31.02051830291748,brake,drive,0.0,-0.32,0.708,0.0,787.0,-1.06,0.0,16.6,-0.1724413949925824,0.6373636364873931,-0.3142105984233936,0.4120392521778134,17.515997249348423,3.7903593918772978,-1.9435148770921822,1787260596.7582128
31.040460109710693,brake,drive,0.0,-0.32,0.708,0.0,466.0,-1.0,0.0,16.6,-0.16379471014434038,0.6609189995705265,-0.2807713208491407,0.28584717111064717,17.514764199543905,3.7872546121457584,-1.9469049963118092,1787260596.7776237
31.060447931289673,brake,drive,0.0,-0.32,0.708,0.0,230.0,-0.89,0.0,16.6,-0.13178338068353343,0.6027121214212379,-0.03664570804972911,1.0619289457160312,17.546864029367644,3.82432765238303,-1.931146817818659,1787260596.7979512
31.08073115348816,brake,drive,0.0,-0.32,0.708,0.0,225.0,-0.86,0.0,16.6,-0.10195917226795406,0.48308173856445435,0.06876428227708686,0.8083124036795151,17.54620404728505,3.82257612176828,-1.9324673958984728,1787260596.806595
31.100382328033447,brake,drive,0.0,-0.32,0.708,0.0,239.0,-0.25,0.0,16.6,-0.0851418509387001,0.5079291536365602,-0.007670889452391805,0.3186878796061926,17.54560891053238,3.8209608197192333,-1.9355871739809858,1787260596.837701
31.12063217163086,brake,drive,0.0,-0.32,0.708,0.0,72.0,0.09,0.0,16.6,-0.08086677830933678,0.4821267054820666,-0.1517956251760637,0.2065554459942307,17.545404906030416,3.820419325375259,-1.937267303990891,1787260596.8582458
31.14039897918701,brake,drive,0.0,-0.32,0.708,0.0,125.0,0.12,0.0,16.6,-0.046738368939971346,0.6124600881426225,-0.3192186657537519,1.0868337870008222,17.56852447620683,3.8454234867026833,-1.924092727276573,1787260596.878887
31.160449504852295,brake,drive,0.0,-0.32,0.708,0.0,116.0,0.01,0.0,16.6,-0.040286857038065185,0.31549811882004164,-0.09407834172331775,0.5564804330375328,17.568444669529867,3.8451804733315127,-1.9249706423458006,1787260596.897806
31.180400609970093,brake,drive,0.0,-0.32,0.708,0.0,6.0,0.01,0.0,16.6,-0.00935581910780017,0.44515735403212986,-0.11795526513599341,0.2890913444161857,17.568387460869047,3.8450125890562825,-1.925574120357624,1787260596.9176087
31.200405836105347,brake,drive,0.0,-0.32,0.708,0.0,0.0,0.02,0.0,16.6,-0.00725069117493071,0.16769124506211952,0.035411433862893915,0.15378156658445166,17.568345315764102,3.8448920133318736,-1.9255741785866898,1787260596.9375565
31.220406532287598,brake,drive,0.0,-0.32,0.708,0.0,0.0,-0.02,0.0,16.6,0.005508650406733978,0.1666238540716538,-0.0366835322275989,0.08431452975261675,17.568314251695426,3.8448044321557733,-1.9255742088007266,1787260596.9576252
31.24044632911682,brake,drive,0.0,-0.32,0.708,0.0,0.0,0.02,0.0,16.6,0.02251702909721456,0.00033230458876332136,-0.06510937034188302,0.6353595569039013,17.584674025145496,3.861566760286005,-1.912283532269409,1787260596.9785833
31.26047992706299,brake,drive,0.0,-0.32,0.708,0.0,0.0,0.01,0.0,16.6,0.026870960423168652,-0.01031451626097013,-0.07014371359870353,0.3114675179638375,17.584674392460933,3.8615679781320713,-1.9117682325678313,1787260596.9975183
31.280550718307495,brake,drive,0.0,-0.32,0.708,0.0,0.0,0.05,0.0,16.6,0.028955264724967754,-0.10594017749250728,0.006538283732062666,0.15271756120790803,17.58467467463707,3.8615688792565734,-1.9112094219931355,1787260597.0178301
31.30040192604065,brake,drive,0.0,-0.32,0.708,0.0,0.0,0.0,0.0,16.6,0.03534065949162349,-0.1915931653227787,0.059359949125276756,0.07490488868133975,17.584674880905023,3.861569521622646,-1.9105985978829338,1787260597.03769
31.320653915405273,brake,drive,0.0,-0.32,0.708,0.0,0.0,0.0,0.0,16.6,0.03962249405344209,-0.2783697230975548,0.04007385764321114,0.03675488837373053,17.584675040325433,3.8615700081366,-1.9098653541961617,1787260597.058411
31.340393543243408,brake,drive,0.0,-0.32,0.708,0.0,0.0,0.03,0.0,16.6,0.03746426830604188,-0.31189769562802994,0.049654959440776025,0.5170431468890455,17.59588477303452,3.8687949313450565,-1.8997239889135418,1787260597.0779855
31.360385179519653,brake,drive,0.0,-0.32,0.708,0.0,0.0,0.01,0.0,16.6,0.03533389339797901,-0.3459313061536804,0.06391021599556268,0.2545974061972671,17.595866905409373,3.8687469186418526,-1.8989968444954313,1787260597.0977945
31.38062024116516,brake,drive,0.0,-0.32,0.708,0.0,0.0,0.02,0.0,16.6,0.03532426024497349,-0.42685078084904404,0.049658577405615745,0.12559225083951442,17.59586924038421,3.868754705612729,-1.8982766467078898,1787260597.119229
31.4006028175354,brake,drive,0.0,-0.32,0.708,0.0,0.0,0.0,0.0,16.6,0.03323137140984808,-0.47869490137864545,0.09296353346639208,0.06228330616054994,17.595870733744494,3.868759665616635,-1.897604278373632,1787260597.13764
31.420587062835693,brake,drive,0.0,-0.32,0.708,0.0,0.0,-0.02,0.0,16.6,0.027896845445175403,-0.4847205670015491,0.09268045512650858,0.0310117693738118,17.595872008543274,3.8687637607762415,-1.8969667262203458,1787260597.1576936
31.44040322303772,brake,drive,0.0,-0.32,0.708,0.0,0.0,0.0,0.0,16.6,0.02472236574817936,-0.4934572942776825,0.16951422425504603,0.2654023430733471,17.604250037943572,3.8753922106050966,-1.8875192431728345,1787260597.1795516
31.46040415763855,brake,drive,0.0,-0.32,0.708,0.0,0.0,0.02,0.0,16.6,0.020421273202728116,-0.5368455366199711,0.10239090830336828,0.1325703179255266,17.604256600297813,3.8754147067355116,-1.8870680270710625,1787260597.1975605
31.480409145355225,brake,drive,0.0,-0.32,0.708,0.0,0.0,0.05,0.0,16.6,0.014024422682195836,-0.5513270438850881,0.0927855588323574,0.06654920776205814,17.60426131431701,3.8754305059990544,-1.8866921934481828,1787260597.2175682
31.500470876693726,brake,drive,0.0,-0.32,0.708,0.0,0.0,0.07,0.0,16.6,0.012946741257581646,-0.5037108624491431,0.0975097072855462,0.033783182673358066,17.604264802015265,3.8754419725473386,-1.886416967311212,1787260597.2376637
31.520493030548096,brake,drive,0.0,-0.32,0.708,0.0,0.0,0.01,0.0,16.6,0.005548994696505426,-0.5499225426252892,0.09789743251753613,0.017425291666688894,17.604267367798762,3.875450287469777,-1.8862230374546458,1787260597.2577484
31.540410041809082,brake,drive,0.0,-0.32,0.708,0.0,0.0,0.02,0.0,16.6,0.004450230086644326,-0.49278314682921476,0.13134853243144207,0.21802666673591478,17.611268756413637,3.880729297054077,-1.880461913517254,1787260597.2791789
31.560461282730103,brake,drive,0.0,-0.32,0.708,0.0,0.0,0.03,0.0,16.6,-0.0008824734071944954,-0.446346677746714,0.08311210756863119,0.10908607488973876,17.611275166019837,3.8807507211490213,-1.8804619139192549,1787260597.2976782
31.580440282821655,brake,drive,0.0,-0.32,0.708,0.0,0.0,0.06,0.0,16.6,-0.006211272925337694,-0.4363178253914093,0.06884471804084669,0.05494135496706642,17.61127977173159,3.8807658643807095,-1.8804619141355075,1787260597.3176796
31.60045075416565,brake,drive,0.0,-0.32,0.708,0.0,0.0,0.0,0.0,16.6,-0.005123961468609885,-0.38357484159718425,0.11675614733477246,0.02800936928457101,17.611283159558027,3.880776859432479,-1.8804619142530135,1787260597.3380218
31.620468616485596,brake,drive,0.0,-0.32,0.708,0.0,0.0,0.04,0.0,16.6,-0.007257199274844591,-0.3877465743279771,0.04025753331275084,0.01456400485418619,17.61128559896164,3.880784705786631,-1.880461914317218,1787260597.3576033
31.64041018486023,brake,drive,0.0,-0.32,0.708,0.0,0.0,0.05,0.0,16.6,-0.005118235152117564,-0.29290740018043593,0.0448257072817384,0.13314508788520094,17.61568978380046,3.883298608399458,-1.8765615833611589,1787260597.3787014
31.660473108291626,brake,drive,0.0,-0.32,0.708,0.0,0.0,0.06,0.0,16.6,-0.0051835668629058715,-0.33517209998704445,0.0737602897246461,0.06657477022113283,17.615693836267464,3.8833119417627375,-1.8765615836920801,1787260597.397651
31.680399656295776,brake,drive,0.0,-0.32,0.708,0.0,0.0,0.0,0.0,16.6,-0.0062084095070172075,-0.30682709963261345,0.040139127190723656,0.03353520733868278,17.615696698015814,3.8833212741445284,-1.8765615838701344,1787260597.4176362
31.700428247451782,brake,drive,0.0,-0.32,0.708,0.0,0.0,0.01,0.0,16.6,-0.005133592020872154,-0.2695768260036573,0.020733240872853997,0.017143110334113813,17.61569876272125,3.8833279598539217,-1.8765615839669034,1787260597.4375274
31.72060751914978,brake,drive,0.0,-0.32,0.708,0.0,0.0,0.04,0.0,16.6,-0.0019630177299805205,-0.26310176529354123,0.03548938455989514,0.008900984515735177,17.615700270428867,3.8833328153177606,-1.8765615840197782,1787260597.4575775
31.740431308746338,brake,drive,0.0,-0.32,0.708,0.0,0.0,0.04,0.0,16.6,-0.001940893467209822,-0.22557056948556564,0.09757821107435483,0.08436107188713406,17.618742214823857,3.882072937467447,-1.8743174352535488,1787260597.479002
31.760493278503418,brake,drive,0.0,-0.32,0.708,0.0,0.0,0.0,0.0,16.6,-0.0008853366954778184,-0.2681723612889577,0.030635135552874004,0.041477091348577376,17.61874269528089,3.882074498818469,-1.8743174352795395,1787260597.4976792
31.78040361404419,brake,drive,0.0,-0.32,0.708,0.0,0.0,0.0,0.0,16.6,0.00018948118077872315,-0.2540279460206243,0.0545332916682959,0.020419530440077778,17.61874302651845,3.882075571434193,-1.8743174352938294,1787260597.5175872
31.80044960975647,brake,drive,0.0,-0.32,0.708,0.0,0.0,0.04,0.0,16.6,0.002313088564788322,-0.26929594036973725,0.03995768077224682,0.010077128055049959,17.618743267858438,3.882076350261493,-1.8743174353016896,1787260597.5375562
31.821228981018066,brake,drive,0.0,-0.32,0.708,0.0,0.0,0.02,0.0,16.6,0.0022977314359594074,-0.2967420774595446,0.08336489002111946,0.004990247162432943,17.618743441306048,3.8820769085992204,-1.8743174353060121,1787260597.5580704
31.840405464172363,brake,drive,0.0,-0.32,0.708,0.0,0.0,-0.01,0.0,16.6,0.003385043152761541,-0.29780948672256,0.035220047177382696,0.00250059569483765,17.61874404875289,3.8820788480938826,-1.8743174353060121,1787260597.5766406
31.860472917556763,brake,drive,0.0,-0.32,0.708,0.0,0.0,0.09,0.0,16.6,0.003385043152761541,-0.326154487076991,0.08800133023576961,0.0632755871817456,17.622263809622353,3.8832029125920786,-1.8724542008744964,1787260597.5977771
31.880545139312744,brake,drive,0.0,-0.32,0.708,0.0,0.0,0.04,0.0,16.6,0.0033754126004992718,-0.3453133285229768,0.05926178898831225,0.031330301157867016,17.622264981252666,3.8832067254511826,-1.8724542009047507,1787260597.6181216
31.900431394577026,brake,drive,0.0,-0.32,0.708,0.0,0.0,0.07,0.0,16.6,0.0023352125674846952,-0.345144782524585,0.049720375168686104,0.01560654044441083,17.622265823513263,3.8832094584471366,-1.872454200921403,1787260597.6377532
31.92063546180725,brake,drive,0.0,-0.32,0.708,0.0,0.0,0.05,0.0,16.6,0.0034061263380084517,-0.33640805524845163,0.05431698122499995,0.011085248932228235,17.62226723200118,3.883213985110093,-1.872454200921403,1787260597.646605
31.940575122833252,brake,drive,0.0,-0.32,0.708,0.0,0.0,0.03,0.0,16.6,0.0023477065380674497,-0.3075012470810812,0.05435473231267096,0.003976230574356629,17.622266857579636,3.8832128040353533,-1.872454200935604,1787260597.6777356
31.960418462753296,brake,drive,0.0,-0.32,0.708,0.0,0.0,0.01,0.0,16.6,-0.0008853366954778184,-0.3495974008892979,0.08332794292563506,0.0740729375501216,17.62320322887314,3.8798890948943847,-1.8710686128167064,1787260597.69761
31.98039674758911,brake,drive,0.0,-0.32,0.708,0.0,0.0,0.05,0.0,16.6,0.0012700253735275855,-0.33539681580320035,0.09765892092636008,0.03676562677846222,17.623201460342766,3.8798833316071066,-1.8710686127905014,1787260597.7175884
32.0004940032959,brake,drive,0.0,-0.32,0.708,0.0,0.0,0.04,0.0,16.6,0.00019234440404346486,-0.35968245960746614,0.04010218009523925,0.01838139604440663,17.623200212446516,3.8798792729787586,-1.8710686127760805,1787260597.7375588
32.02058792114258,brake,drive,0.0,-0.32,0.708,0.0,0.0,0.01,0.0,16.6,0.00019234440404346486,-0.3068832694503776,0.06407638656249404,0.009271914008168777,17.623199321730898,3.879876380686511,-1.871068612768148,1787260597.7576973
32.04045629501343,brake,drive,0.0,-0.32,0.708,0.0,0.0,0.02,0.0,16.6,-0.001925536338380907,-0.3452571587052127,0.0449046081513238,0.0707925294628827,17.625579479791345,3.879614280510028,-1.870106559967097,1787260597.7788262
32.06066846847534,brake,drive,0.0,-0.32,0.708,0.0,0.0,0.02,0.0,16.6,0.00019520762730820652,-0.30259919708405647,0.04959027461485377,0.04963451457460882,17.62557887114464,3.87961230810274,-1.870106559967097,1787260597.7865918
32.08038640022278,brake,drive,0.0,-0.32,0.708,0.0,0.0,0.02,0.0,16.6,-0.0008699796966860659,-0.34069216415987214,0.0400629306584932,0.017098459583064687,17.625579020717293,3.879612780543991,-1.8701065599630626,1787260597.8177722
32.100459814071655,brake,drive,0.0,-0.32,0.708,0.0,0.0,0.01,0.0,16.6,-0.0008824734071944954,-0.320746799084791,0.05461263107907399,0.008424404245575433,17.625578902096578,3.879612393709514,-1.8701065599622644,1787260597.8375595
32.12136483192444,brake,drive,0.0,-0.32,0.708,0.0,0.0,0.0,0.0,16.6,0.00018271388429048652,-0.28355269527359894,0.0064537549171710396,0.004161512805104277,17.62557881100996,3.8796120971761576,-1.8701065599618192,1787260597.8584962
32.140390157699585,brake,drive,0.0,-0.32,0.708,0.0,0.0,0.04,0.0,16.6,-0.0008449921456320446,-0.29780948672256,0.025640005187700154,0.04607330844681829,17.6273641444282,3.879190665775245,-1.8693738474970694,1787260597.879099
32.16039061546326,brake,drive,0.0,-0.32,0.708,0.0,0.0,0.01,0.0,16.6,-0.0008699796966860659,-0.30699564563100523,0.0496805410103498,0.02258081015810606,17.627364130832383,3.8791906212948715,-1.8693738474969908,1787260597.8978221
32.18039107322693,brake,drive,0.0,-0.32,0.708,0.0,0.0,0.04,0.0,16.6,0.0012575316630191562,-0.32147711635102283,0.049655288346670545,0.011067837804768445,17.62736412136497,3.8791905903706545,-1.869373847496949,1787260597.917865
32.200562715530396,brake,drive,0.0,-0.32,0.708,0.0,0.0,0.03,0.0,16.6,0.0023255820152224267,-0.3209715149009469,0.07851126228078797,0.005425669947932126,17.62736411439985,3.8791905676516576,-1.8693738474969261,1787260597.9375799
32.2205650806427,brake,drive,0.0,-0.32,0.708,0.0,0.0,0.04,0.0,16.6,0.00020770137032592652,-0.2792124165444143,0.04467079260541951,0.0026602888408023017,17.627364109329598,3.879190551129578,-1.8693738474969137,1787260597.9583824
32.24040603637695,brake,drive,0.0,-0.32,0.708,0.0,0.0,0.03,0.0,16.6,0.0012325442420022975,-0.3248623619978197,0.07871737664135381,0.046967929865244486,17.629273727468007,3.8788925183604106,-1.8688754711695015,1787260597.9792907
32.26039958000183,settle,stop,0.0,0.0,0.5,0.0,0.0,0.04,0.0,16.6,-0.0008978304059862476,-0.31212241144418584,0.030443383416368874,0.023073474397466834,17.62927389902324,3.8788930791702674,-1.8688754711700015,1787260597.9976127
32.28038930892944,settle,stop,0.0,0.0,0.5,0.0,0.0,0.04,0.0,16.6,-0.0008853366954778184,-0.3263792028931469,0.0639997149439715,0.011344472135943407,17.62927401727594,3.8788934653683143,-1.8688754711702704,1787260598.0175526
32.30047011375427,settle,stop,0.0,0.0,0.5,0.0,0.0,0.04,0.0,16.6,-0.0018919591825512418,-0.2642815141920849,0.01605890339013527,0.005587180703969618,17.629274102905065,3.8788937447868035,-1.8688754711704165,1787260598.037639
32.32040619850159,settle,stop,0.0,0.0,0.5,0.0,0.0,0.04,0.0,16.6,-0.04458046776532898,-0.1602706529954574,-0.04063921033079154,0.002758976821032707,17.62927416551555,3.8788939489619274,-1.8690993944699192,1787260598.0575778
32.34041166305542,settle,stop,0.0,0.0,0.5,0.0,0.0,0.02,0.0,16.6,0.19450838107449261,-0.41683632726289943,-0.9071486964673809,0.05266258731060376,17.63109991670549,3.8788157195873527,-1.8676385349849642,1787260598.0788822
32.360419034957886,settle,stop,0.0,0.0,0.5,0.0,0.0,0.02,0.0,16.6,0.14089310602155616,-0.33470823304047315,0.5134508988839599,0.025901152785594683,17.631100189560488,3.878816634304708,-1.8642239972938657,1787260598.0979223
32.381330251693726,settle,stop,0.0,0.0,0.5,0.0,0.0,0.06,0.0,16.6,-0.0841384467413639,-0.2540279825657237,0.8832070516836836,0.012758201542742258,17.631100375716983,3.8788172842204216,-1.8625339649534955,1787260598.1177516
32.400442123413086,settle,stop,0.0,0.0,0.5,0.0,0.0,0.05,0.0,16.6,-0.09255963674668188,-0.29618030619170455,0.8355270990493011,0.006300598984009096,17.631100511467253,3.878817756056072,-1.8642581853152551,1787260598.1377332
32.42049956321716,settle,stop,0.0,0.0,0.5,0.0,0.0,0.04,0.0,16.6,0.02318814361131993,-0.32136477671549457,0.1119512890295784,0.0031235801018000657,17.631100613924854,3.878818099208314,-1.8655282677187934,1787260598.1576955
32.440375328063965,settle,stop,0.0,0.0,0.5,0.0,0.0,0.05,0.0,16.6,0.023114222165718814,-0.2741418205489978,-0.6402382009152987,0.0015575124758700812,17.631100690693852,3.878818352846029,-1.8650646545032128,1787260598.1776435
32.460402488708496,settle,stop,0.0,0.0,0.5,0.0,0.0,0.03,0.0,16.6,-0.02849275062562125,-0.3352282698048086,-0.6543359115466103,0.02378726625727962,17.63205988232886,3.87825896237855,-1.8633462382024781,1787260598.197699
32.48041605949402,settle,stop,0.0,0.0,0.5,0.0,0.0,0.03,0.0,16.6,-0.00036059942371499714,-0.3258735648979716,0.1120158094025534,0.011685151834200689,17.632059783619436,3.878258630445301,-1.863772205008113,1787260598.2175322
32.500378370285034,settle,stop,0.0,0.0,0.5,0.0,0.0,0.04,0.0,16.6,0.03535315554280084,-0.32220747016235407,0.4997499583967375,0.005747612875914572,17.63205971222606,3.8782583920066074,-1.863594873175441,1787260598.2375684
32.520493507385254,settle,stop,0.0,0.0,0.5,0.0,0.0,0.03,0.0,16.6,0.019209023080470067,-0.344077409806669,0.44753680545348473,0.0028326347063089056,17.632059660519,3.8782582188148536,-1.86296755865336,1787260598.25774
32.540438652038574,settle,stop,0.0,0.0,0.5,0.0,0.0,0.03,0.0,16.6,-0.02446261391513956,-0.33049476580617565,0.040204250557838606,0.10265146196582553,17.632031779320695,3.874481153343646,-1.8630912703731386,1787260598.2789679
32.560511112213135,settle,stop,0.0,0.0,0.5,0.0,0.0,0.04,0.0,16.6,-0.03068559330600329,-0.34497623652619325,-0.12268178902064264,0.05111021898804753,17.632029322876022,3.874472971255253,-1.8636390980596749,1787260598.2978077
32.58046627044678,settle,stop,0.0,0.0,0.5,0.0,0.0,0.02,0.0,16.6,0.009819374544744786,-0.30727653126492527,-0.16593477795008482,0.025592600877706276,17.63202759550664,3.8744672645545783,-1.864099414591529,1787260598.317805
32.60040616989136,settle,stop,0.0,0.0,0.5,0.0,0.0,0.04,0.0,16.6,0.020471247004464534,-0.32682863452545874,0.08305681483325245,0.012952756621536476,17.63202636651768,3.8744632183861447,-1.8639969454577046,1787260598.337568
32.620479583740234,settle,stop,0.0,0.0,0.5,0.0,0.0,0.04,0.0,16.6,-0.007244705304261836,-0.3538253399829543,0.145727110424124,0.006648064712626407,17.632025469374447,3.8744602520846425,-1.8636903006668402,1787260598.35762
32.640395402908325,settle,stop,0.0,0.0,0.5,0.0,0.0,0.04,0.0,16.6,-0.007276460379369128,-0.3175300994363859,0.08299216655242958,0.04170670206578891,17.63270647969436,3.8752012898201675,-1.8633066312815585,1787260598.3789861
32.6605761051178,settle,stop,0.0,0.0,0.5,0.0,0.0,0.01,0.0,16.6,0.007591913370934965,-0.33010150399162796,0.0690344967419847,0.020534019635913583,17.632706126963868,3.8752001148139095,-1.8633066312814832,1787260598.3990002
32.68041515350342,settle,stop,0.0,0.0,0.5,0.0,0.0,0.06,0.0,16.6,0.0012421747942645664,-0.3310565370740157,-0.02698479175509405,0.010135272373120603,17.632705973983477,3.8751996048236004,-1.863306631281446,1787260598.4175491
32.70039987564087,settle,stop,0.0,0.0,0.5,0.0,0.0,0.01,0.0,16.6,-0.0029532422707755665,-0.3162941441749787,0.006635055155250313,0.0050189845062899785,17.632705822137098,3.875199099505642,-1.8633066312814257,1787260598.4375343
32.72056770324707,settle,stop,0.0,0.0,0.5,0.0,0.0,0.03,0.0,16.6,0.001295012924581607,-0.2828223780073671,0.07847142812245167,0.0024980568045465655,17.632705711048867,3.875198730024159,-1.8633066312814146,1787260598.457651
32.74042105674744,settle,stop,0.0,0.0,0.5,0.0,0.0,0.0,0.0,16.6,0.0033754126004992718,-0.28360886509136307,0.09745128994416952,0.0012531228292536588,17.632705629060197,3.875198457441703,-1.8633066312814086,1787260598.4778285
32.760416984558105,settle,stop,0.0,0.0,0.5,0.0,0.0,0.06,0.0,16.6,-0.0008978304059862476,-0.35912068833962607,0.08813113842880682,0.11160887218379321,17.631826955877752,3.8700410502062788,-1.8638931029491506,1787260598.4976237
32.78039288520813,settle,stop,0.0,0.0,0.5,0.0,0.0,0.06,0.0,16.6,-0.0008978304059862476,-0.3167436123523899,-0.022208091448980838,0.05542738526846043,17.631824335956274,3.8700324082768787,-1.8638931029486787,1787260598.5175462
32.800416707992554,settle,stop,0.0,0.0,0.5,0.0,0.0,0.01,0.0,16.6,0.0012603948212653164,-0.34565038397466097,0.0160743985122771,0.02771013606386202,17.631822481835048,3.870026286165657,-1.863893102948419,1787260598.5376716
32.820531129837036,settle,stop,0.0,0.0,0.5,0.0,0.0,0.03,0.0,16.6,0.0023016354116550306,-0.3067147234519858,0.07848505944452455,0.013994300231907748,17.631821156629243,3.8700219069096753,-1.8638931029482761,1787260598.5576768
32.8404266834259,settle,stop,0.0,0.0,0.5,0.0,0.0,0.04,0.0,16.6,-0.0008728428549322264,-0.33094419743848746,0.035311227200363504,0.014365794741257994,17.63211052434089,3.870048664331329,-1.8636203454066447,1787260598.5786278
32.86048698425293,settle,stop,0.0,0.0,0.5,0.0,0.0,0.07,0.0,16.6,0.0022977314359594074,-0.31663123617176225,0.06882805347552434,0.0072624034856216355,17.63210980728375,3.870046284024818,-1.8636203454065365,1787260598.5979443
32.88039469718933,settle,stop,0.0,0.0,0.5,0.0,0.0,0.02,0.0,16.6,0.00019520762730820652,-0.34046744834371623,0.011374296734487643,0.0037169980444725814,17.632109308486967,3.8700446285484453,-1.863620345406478,1787260598.6176608
32.900593280792236,settle,stop,0.0,0.0,0.5,0.0,0.0,0.03,0.0,16.6,-0.0008603491444237971,-0.3257050554446792,0.025834023120367533,0.001936561305519606,17.63210895049292,3.8700434405691837,-1.8636203454064464,1787260598.6377378
32.92042326927185,settle,stop,0.0,0.0,0.5,0.0,0.0,0.03,0.0,16.6,0.00017985066102574486,-0.2982027119920083,0.030339924239992655,0.0010355366532760948,17.632108693609357,3.870042588215188,-1.8636203454064288,1787260598.6576157
32.94064140319824,settle,stop,0.0,0.0,0.5,0.0,0.0,0.05,0.0,16.6,0.0012421747942645664,-0.32192654798333464,0.02560214446473097,0.05102847080470942,17.63135615762117,3.8680908701040635,-1.8634385435948904,1787260598.6790397
32.96038484573364,settle,stop,0.0,0.0,0.5,0.0,0.0,0.04,0.0,16.6,-0.0008978304059862476,-0.31150443381348225,0.08806524761460466,0.02557880991151278,17.6313544442275,3.868085173794886,-1.8634385435947778,1787260598.697887
32.98038029670715,settle,stop,0.0,0.0,0.5,0.0,0.0,0.02,0.0,16.6,0.001267162215281425,-0.3071079852665335,0.01612468456903926,0.012925293654037646,17.631353250773646,3.868081207570752,-1.863438543594717,1787260598.7176232
33.000425577163696,settle,stop,0.0,0.0,0.5,0.0,0.0,0.04,0.0,16.6,-0.0019658808882266807,-0.345144782524585,0.049720375168686104,0.006620162145794262,17.631352389456207,3.868078346051435,-1.8634385435946839,1787260598.7375312
33.0203959941864,settle,stop,0.0,0.0,0.5,0.0,0.0,0.03,0.0,16.6,0.00017985066102574486,-0.3080068485311571,0.030288724555745716,0.003462640599643594,17.631351852708324,3.8680765629972336,-1.8634385435946652,1787260598.7576246
33.04043674468994,settle,stop,0.0,0.0,0.5,0.0,0.0,0.02,0.0,16.6,0.0012450379525107266,-0.3493165152553779,0.07860225957827183,0.023495021879027946,17.631301968352627,3.8672511800557454,-1.863514576098122,1787260598.7787006
33.06043004989624,settle,stop,0.0,0.0,0.5,0.0,0.0,0.03,0.0,16.6,-0.0008785693014617098,-0.30276770653734886,0.0016514364963846617,0.011854265584176913,17.631301036526565,3.867248090023666,-1.8635145760980925,1787260598.7975814
33.080398082733154,settle,stop,0.0,0.0,0.5,0.0,0.0,0.02,0.0,16.6,-0.0030157110833920384,-0.3306071054417039,0.054548567519841384,0.00603833626879585,17.63130036703526,3.8672458695716205,-1.8635145760980765,1787260598.8177023
33.100512742996216,settle,stop,0.0,0.0,0.5,0.0,0.0,0.07,0.0,16.6,0.00017985066102574486,-0.335509191983828,0.03057286270351156,0.0031295122171206436,17.631299887054876,3.8672442774797413,-1.8635145760980678,1787260598.8376086
33.120485067367554,settle,stop,0.0,0.0,0.5,0.0,0.0,0.06,0.0,16.6,-0.0019283997567013926,-0.3354529856209645,0.006635639876840571,0.0016588330061902648,17.63129953781827,3.8672431189653578,-1.863514576098063,1787260598.8576162
33.14035081863403,settle,stop,0.0,0.0,0.5,0.0,0.0,0.06,0.0,16.6,0.0012518052164896727,-0.3730403877918036,0.05470443236874445,0.05714529746877628,17.63073577586628,3.865858468334217,-1.8632747652870798,1787260598.879133
33.16041946411133,settle,stop,0.0,0.0,0.5,0.0,0.0,0.02,0.0,16.6,0.0012325442420022975,-0.30259919708405647,0.04001023262517123,0.02818200988715135,17.630735313974284,3.8658569306874293,-1.863274765287076,1787260598.8977253
33.18042492866516,settle,stop,0.0,0.0,0.5,0.0,0.0,0.03,0.0,16.6,-0.001950524019472091,-0.35461182706695027,0.035376387112577845,0.013928867343353878,17.63073498110402,3.8658558232284372,-1.8632747652870738,1787260598.9176447
33.20042371749878,settle,stop,0.0,0.0,0.5,0.0,0.0,0.05,0.0,16.6,0.00016735691800802484,-0.3066585536342217,0.030597713371097512,0.006913037855873283,17.6307347374787,3.86585501306204,-1.8632747652870727,1787260598.9375837
33.220446825027466,settle,stop,0.0,0.0,0.5,0.0,0.0,0.08,0.0,16.6,0.0012546685047729958,-0.3218703781655705,0.0016649216380599796,0.0034519373670398377,17.630734556160153,3.8658544103088683,-1.863274765287072,1787260598.9577088
33.24041438102722,settle,stop,0.0,0.0,0.5,0.0,0.0,0.07,0.0,16.6,0.00016735691800802484,-0.29724767890962056,0.09761908676802378,0.0017419273746081718,17.630734407789564,3.8658539172456594,-1.8632747652870718,1787260598.9788032
