t,phase,kind,v_cmd,delta_cmd,servo_cmd,erpm_cmd,erpm_meas,current_motor,duty,v_batt,wz,ax,ay,v_pose,x,y,yaw,pose_t
0.03806352615356445,IDLE,stop,0.0,0.0,0.5,0.0,0.0,0.0,0.0,0.0,0.0,0.0,0.0,0.0,0.0,0.0,0.0,0.0
0.040442466735839844,IDLE,stop,0.0,0.0,0.5,0.0,0.0,0.0,0.0,0.0,0.0,0.0,0.0,0.03219678868851103,10.193939347675329,2.5291112733869237,-3.110376849467764,1787248630.8990304
0.06040668487548828,IDLE,stop,0.0,0.0,0.5,0.0,0.0,0.0,0.0,0.0,0.0,0.0,0.0,0.007876699887835275,10.193941278192641,2.5291113333281734,-3.110376849467764,1787248630.9378078
0.08045673370361328,IDLE,stop,0.0,0.0,0.5,0.0,0.0,0.0,0.0,0.0,0.0,0.0,0.0,0.003943899752859519,10.193944328269197,2.529111428569703,-3.110376849467764,1787248630.9561446
0.10047245025634766,IDLE,stop,0.0,0.0,0.5,0.0,0.0,0.0,0.0,0.0,0.0,0.0,0.0,0.0027953433025464645,10.193943001476478,2.52911138707458,-3.110376849467764,1787248630.9676497
0.12030911445617676,IDLE,stop,0.0,0.0,0.5,0.0,0.0,0.0,0.0,0.0,0.0,0.0,0.0,0.026215461493457836,10.19593357064526,2.529170351891633,-3.109997875908838,1787248630.9974535
0.14034676551818848,IDLE,stop,0.0,0.0,0.5,0.0,0.0,0.0,0.0,0.0,0.0,0.0,0.0,0.013126164993810228,10.195936867955712,2.5291704583711585,-3.109997875908838,1787248631.0187538
0.16466236114501953,IDLE,stop,0.0,0.0,0.5,0.0,0.0,0.0,0.0,0.0,0.0,0.0,0.0,0.013126164993810228,10.195936867955712,2.5291704583711585,-3.109997875908838,1787248631.0187538
0.18234586715698242,IDLE,stop,0.0,0.0,0.5,0.0,0.0,0.0,0.0,0.0,0.0,0.0,0.0,0.009367015880799122,10.1959579741189,2.529171125437669,-3.109997875908838,1787248631.0542042
0.2003006935119629,IDLE,stop,0.0,0.0,0.5,0.0,0.0,0.0,0.0,0.0,0.0,0.0,0.0,0.004796005265516121,10.195957525368517,2.5291711121207965,-3.109997875908838,1787248631.0779457
0.22040629386901855,IDLE,stop,0.0,0.0,0.5,0.0,0.0,0.0,0.0,0.0,0.0,0.0,0.0,0.0702273684682414,10.192498479943128,2.529061131330814,-3.110137442746819,1787248631.0978463
0.2408900260925293,IDLE,stop,0.0,0.0,0.5,0.0,0.0,0.0,0.0,0.0,0.0,0.0,0.0,0.034525478570454335,10.19249724734997,2.5290610927774666,-3.110137442746819,1787248631.1184669
0.2603309154510498,IDLE,stop,0.0,0.0,0.5,0.0,0.0,0.0,0.0,0.0,0.0,0.0,0.0,0.017006258852398645,10.192496390153362,2.529061065925186,-3.110137442746819,1787248631.137435
0.2805352210998535,IDLE,stop,0.0,0.0,0.5,0.0,0.0,0.0,0.0,0.0,0.0,0.0,0.0,0.008414674839757122,10.192493346424497,2.529060970152464,-3.110137442746819,1787248631.1563418
0.30077481269836426,IDLE,stop,0.0,0.0,0.5,0.0,0.0,0.0,0.0,0.0,0.0,0.0,0.0,0.061654313819066005,10.190183187383113,2.5289875369988724,-3.110152368821779,1787248631.1797585
0.3203408718109131,IDLE,stop,0.0,0.0,0.5,0.0,0.0,0.0,0.0,0.0,0.0,0.0,0.0,0.030497640836349264,10.190181330129452,2.5289874788506115,-3.110152368821779,1787248631.1977248
0.34046030044555664,IDLE,stop,0.0,0.0,0.5,0.0,0.0,0.0,0.0,0.0,0.0,0.0,0.0,0.0151274205269616,10.190179913782709,2.5289874344494314,-3.110152368821779,1787248631.217408
0.36034440994262695,IDLE,stop,0.0,0.0,0.5,0.0,0.0,0.0,0.0,0.0,0.0,0.0,0.0,0.0075379649922528835,10.190178834769181,2.5289874005900055,-3.110152368821779,1787248631.238029
0.38089632987976074,IDLE,stop,0.0,0.0,0.5,0.0,0.0,0.0,0.0,0.0,0.0,0.0,0.0,0.003789408367693795,10.190177995346467,2.528987374230664,-3.110152368821779,1787248631.2577713
0.401761531829834,IDLE,stop,0.0,0.0,0.5,0.0,0.0,0.0,0.0,0.0,0.0,0.0,0.0,0.024617733102068922,10.189045205927686,2.52895175439922,-3.110137109154255,1787248631.2810488
0.4206416606903076,IDLE,stop,0.0,0.0,0.5,0.0,0.0,0.0,0.0,0.0,0.0,0.0,0.0,0.012425078019382424,10.18904293948654,2.528951683042532,-3.1101371091542553,1787248631.2978842
0.4402902126312256,IDLE,stop,0.0,0.0,0.5,0.0,0.0,0.0,0.0,0.0,0.0,0.0,0.0,0.00634785752722947,10.18903335142321,2.528951381345269,-3.1101371091542553,1787248631.3165941
0.460315465927124,IDLE,stop,0.0,0.0,0.5,0.0,0.0,0.0,0.0,0.0,0.0,0.0,0.0,0.0032619004032263675,10.189040003005381,2.5289515906091182,-3.1101371091542553,1787248631.337578
0.4805276393890381,IDLE,stop,0.0,0.0,0.5,0.0,0.0,0.0,0.0,0.0,0.0,0.0,0.0,0.0017371626289950327,10.189034904661591,2.5289514301850247,-3.1101371091542553,1787248631.356173
0.5004189014434814,IDLE,stop,0.0,0.0,0.5,0.0,0.0,0.0,0.0,0.0,0.0,0.0,0.0,0.12828159241297207,10.193783395828515,2.5290980944888006,-3.110135624684255,1787248631.3792126
0.5203964710235596,IDLE,stop,0.0,0.0,0.5,0.0,0.0,0.0,0.0,0.0,0.0,0.0,0.0,0.06381760551646598,10.19379306460405,2.5290983987802993,-3.110135624684255,1787248631.3979156
0.5405583381652832,IDLE,stop,0.0,0.0,0.5,0.0,0.0,0.0,0.0,0.0,0.0,0.0,0.0,0.031919194565073715,10.1937999943304,2.5290986168628846,-3.110135624684255,1787248631.4174495
0.5603997707366943,IDLE,stop,0.0,0.0,0.5,0.0,0.0,0.0,0.0,0.0,0.0,0.0,0.0,0.01610429942403067,10.193804952055102,2.52909877288175,-3.110135624684255,1787248631.4377575
0.5833253860473633,IDLE,stop,0.0,0.0,0.5,0.0,0.0,0.0,0.0,0.0,0.0,0.0,0.0,0.011584326589548135,10.193813773388051,2.5290990504662423,-3.110135624684255,1787248631.4462624
0.6015424728393555,IDLE,stop,0.0,0.0,0.5,0.0,0.0,0.0,0.0,0.0,0.0,0.0,0.0,0.006068988224675053,10.193815292509154,2.5290990982756707,-3.110135624684255,1787248631.4683592
0.6204733848571777,IDLE,stop,0.0,0.0,0.5,0.0,0.0,0.0,0.0,0.0,0.0,0.0,0.0,0.06007970866554357,10.188664331123503,2.528936778846431,-3.1102386283377643,1787248631.4974039
0.6405835151672363,IDLE,stop,0.0,0.0,0.5,0.0,0.0,0.0,0.0,0.0,0.0,0.0,0.0,0.030047613409765264,10.188657801269489,2.5289365753827977,-3.1102386283377643,1787248631.5175931
0.6603238582611084,IDLE,stop,0.0,0.0,0.5,0.0,0.0,0.0,0.0,0.0,0.0,0.0,0.0,0.01518102191399951,10.188653051646488,2.528936427144371,-3.1102386283377643,1787248631.5377061
0.6809916496276855,IDLE,stop,0.0,0.0,0.5,0.0,0.0,0.0,0.0,0.0,0.0,0.0,0.0,0.007793504974765154,10.188649954868486,2.5289363304292087,-3.1102386283377643,1787248631.5576372
0.7004070281982422,IDLE,stop,0.0,0.0,0.5,0.0,0.0,0.0,0.0,0.0,0.0,0.0,0.0,0.07075145397333002,10.191619427796736,2.5290336048342894,-3.1102815710062797,1787248631.5794814
0.7203397750854492,IDLE,stop,0.0,0.0,0.5,0.0,0.0,0.0,0.0,0.0,0.0,0.0,0.0,0.03514832980571992,10.191623830838958,2.5290337420444775,-3.1102815710062797,1787248631.5974734
0.7406737804412842,IDLE,stop,0.0,0.0,0.5,0.0,0.0,0.0,0.0,0.0,0.0,0.0,0.0,0.02486312176235734,10.191631466987191,2.5290339812187113,-3.1102815710062797,1787248631.6063128
0.7603394985198975,IDLE,stop,0.0,0.0,0.5,0.0,0.0,0.0,0.0,0.0,0.00018948118077872315,-0.32643537271091105,0.08793697431574188,0.009063701975683798,10.191628757663706,2.52903389575171,-3.1102815710062797,1787248631.6389382
0.7803163528442383,IDLE,stop,0.0,0.0,0.5,0.0,0.0,0.0,-0.001,16.1,0.00018948118077872315,-0.3063214981825375,0.10252528463382937,0.004684786357945651,10.19163698950254,2.529034153583759,-3.1102815710062797,1787248631.6561317
0.800452470779419,IDLE,stop,0.0,0.0,0.5,0.0,0.0,0.0,-0.001,16.1,0.0012518052164896727,-0.3308318212578598,0.05449707547479932,0.035805498868847666,10.193698860765252,2.5291026726024097,-3.1103030073043714,1787248631.6778095
0.8202717304229736,IDLE,stop,0.0,0.0,0.5,0.0,0.0,0.0,-0.001,16.1,0.00018271388429048652,-0.31663123617176225,0.11193827897419517,0.018038055181324814,10.193704357006302,2.529102844289357,-3.110303007304372,1787248631.6976607
0.8403732776641846,IDLE,stop,0.0,0.0,0.5,0.0,0.0,0.0,-0.001,16.1,0.00020770137032592652,-0.307164191629397,0.08317207807673199,0.009194839755990879,10.193708312766287,2.5291029679159474,-3.1103030073043723,1787248631.717815
0.8604722023010254,IDLE,stop,0.0,0.0,0.5,0.0,0.0,0.0,-0.001,16.1,-0.0008478554339153676,-0.3397932643501491,0.07379906407510006,0.004773327006341657,10.193711184281268,2.5291030576910116,-3.1103030073043723,1787248631.7378898
0.8806147575378418,IDLE,stop,0.0,0.0,0.5,0.0,0.0,0.0,-0.001,16.1,0.0001730833645375082,-0.32987678817547206,0.1457263612495865,0.003516986456863693,10.193716124542359,2.5291032123205,-3.1103030073043723,1787248631.7463312
0.9006705284118652,IDLE,stop,0.0,0.0,0.5,0.0,0.0,0.0,-0.001,16.1,0.0001884403308199699,-0.29380626344505956,0.025459618577105658,0.0018937757341399698,10.193716990207403,2.5291032393572785,-3.1103030073043723,1787248631.768964
0.9204750061035156,IDLE,stop,0.0,0.0,0.5,0.0,0.0,0.0,-0.001,16.1,-0.0008853366954778184,-0.3160694283588228,0.13122709306616542,0.036266492326041434,10.190377545051547,2.5289979966447067,-3.110376763432201,1787248631.7963054
0.9403650760650635,IDLE,stop,0.0,0.0,0.5,0.0,0.0,0.0,-0.001,16.1,0.0023005945942055676,-0.2783697230975548,0.07839402560194131,0.01814763532571259,10.190394225772126,2.5289985191555746,-3.110376763432201,1787248631.8175347
0.960395336151123,IDLE,stop,0.0,0.0,0.5,0.0,0.0,0.0,-0.002,16.1,0.001267162215281425,-0.34987832306831734,0.07847354773821635,0.009160285961747701,10.190391739614407,2.528998441830057,-3.110376763432201,1787248631.8375988
0.9806222915649414,IDLE,stop,0.0,0.0,0.5,0.0,0.0,0.0,-0.001,16.1,-0.0008824734071944954,-0.2841145030865384,0.0829653789945759,0.006582988462170807,10.190386887448177,2.5289982903161525,-3.110376763432201,1787248631.846126
1.0002672672271729,IDLE,stop,0.0,0.0,0.5,0.0,0.0,0.0,-0.001,16.1,0.0001741242144962615,-0.3673518141656835,0.1123905063066104,0.05760983515138526,10.192482471930743,2.5290708907102526,-3.1104079025990456,1787248631.8789365
1.0203220844268799,IDLE,stop,0.0,0.0,0.5,0.0,0.0,0.0,-0.002,16.1,-0.0008593083269743345,-0.2839459570881466,0.05426384465048528,0.02857660348585077,10.192485671515044,2.529070990160801,-3.110407902599046,1787248631.897459
1.040510654449463,IDLE,stop,0.0,0.0,0.5,0.0,0.0,0.0,-0.001,16.1,0.0012479011107568872,-0.34480769052780147,0.08332779674523749,0.014225397597763553,10.19248804375514,2.529071063967285,-3.110407902599046,1787248631.9181666
1.0602540969848633,IDLE,stop,0.0,0.0,0.5,0.0,0.0,0.0,-0.001,16.1,0.00022982563309662484,-0.3211962307171028,0.1119899171996348,0.007144786398919015,10.192489745035852,2.5290711169319797,-3.110407902599046,1787248631.9376872
1.080704927444458,IDLE,stop,0.0,0.0,0.5,0.0,0.0,0.0,0.0,16.1,0.00016735691800802484,-0.2976971105419324,0.08314602142086613,0.003673520929314465,10.192496046110056,2.5290713134931315,-3.110407902599046,1787248631.9561756
1.1012823581695557,IDLE,stop,0.0,0.0,0.5,0.0,0.0,0.0,-0.001,16.1,0.00019234440404346486,-0.3583341647105307,0.07873130032422182,0.06490278323981548,10.194929288738297,2.5291499372135053,-3.1103088602868305,1787248631.9795613
1.1204004287719727,IDLE,stop,0.0,0.0,0.5,0.0,0.0,0.0,-0.001,16.1,-0.0008785693014617098,-0.28377741108975485,0.0830425987895893,0.03244256274661639,10.194935774261657,2.5291501416702586,-3.1103088602868314,1787248631.9977398
1.1403613090515137,IDLE,stop,0.0,0.0,0.5,0.0,0.0,0.0,-0.002,16.1,0.00018948118077872315,-0.32069062926702685,0.10252574144757176,0.01630407237194293,10.194940357535096,2.5291502859238624,-3.110308860286832,1787248632.0174854
1.1605372428894043,IDLE,stop,0.0,0.0,0.5,0.0,0.0,0.0,-0.001,16.1,0.0012421747942645664,-0.33500355398865267,0.088168999151776,0.00828527810156175,10.194943645296796,2.529150389264784,-3.1103088602868323,1787248632.038024
1.1836764812469482,IDLE,stop,0.0,0.0,0.5,0.0,0.0,0.0,-0.001,16.1,0.0012853823723193377,-0.2651803774567085,0.07812322641545322,0.004375240244091773,10.194955024279269,2.529150745358694,-3.1103088602868323,1787248632.056289
1.2003357410430908,ARM,stop,0.0,0.0,0.5,0.0,0.0,0.0,-0.001,16.1,0.00018271388429048652,-0.3253117936301315,0.11214455778770827,0.006351771771553782,10.194792451891304,2.529150134562727,-3.1102395900904813,1787248632.0791707
1.2203795909881592,ARM,stop,0.0,0.0,0.5,0.0,0.0,0.0,0.0,16.1,-0.0008728428549322264,-0.311392094177954,0.054560846673236796,0.0032155612989291345,10.194793578777508,2.5291501701365777,-3.1102395900904813,1787248632.097592
1.2403709888458252,ARM,stop,0.0,0.0,0.5,0.0,0.0,0.0,-0.001,16.1,0.0012325442420022975,-0.31167297981187403,0.11197672441875461,0.0016431659742812859,10.19479436678564,2.5291501949782913,-3.1102395900904813,1787248632.1175053
1.2605469226837158,ARM,stop,0.0,0.0,0.5,0.0,0.0,0.0,-0.001,16.1,0.00017126099123151978,-0.30783833907786473,0.06864755722963167,0.0008546305142575735,10.194794932438183,2.529150212789028,-3.1102395900904813,1787248632.1383572
1.2823009490966797,ARM,stop,0.0,0.0,0.5,0.0,0.0,0.0,-0.002,16.1,0.00020197492379644315,-0.3126842192571253,0.09258492623670023,0.0006344416850013728,10.19479589545299,2.5291502429923898,-3.1102395900904813,1787248632.1463418
1.3005499839782715,ARM,stop,0.0,0.0,0.5,0.0,0.0,0.0,-0.001,16.1,0.00020483814706118484,-0.31517056509419916,0.12185303752920085,0.0003695640989951197,10.194796021805766,2.5291502469950515,-3.1102395900904813,1787248632.1681762
1.320369005203247,ARM,stop,0.0,0.0,0.5,0.0,0.0,0.0,-0.001,16.1,0.00016449369474328318,-0.2979779961758524,0.04476146099700884,0.052357635732630164,10.1906008213129,2.529018777894109,-3.1103333021797392,1787248632.1973972
1.340367317199707,ARM,stop,0.0,0.0,0.5,0.0,0.0,0.0,-0.001,16.1,-0.0008978304059862476,-0.311392094177954,0.08809101190967539,0.026204440198581196,10.190593208044648,2.529018540818992,-3.1103333021797392,1787248632.2186143
1.360452651977539,ARM,stop,0.0,0.0,0.5,0.0,0.0,0.0,-0.001,16.1,0.00019807085057294823,-0.3215894925316505,0.08315968928803841,0.013272948428067057,10.190589690361868,2.529018431359293,-3.1103333021797392,1787248632.2379417
1.3834309577941895,ARM,stop,0.0,0.0,0.5,0.0,0.0,0.0,-0.001,16.1,0.00018948118077872315,-0.3489232534408302,0.0930624610504438,0.00958240386875095,10.190581553988812,2.529018176938674,-3.1103333021797392,1787248632.246324
1.4003183841705322,ARM,stop,0.0,0.0,0.5,0.0,0.0,0.0,-0.001,16.1,-0.0030003542146374487,-0.28907272290132724,0.10687698370657372,0.07765327655189282,10.193433215394652,2.529112004794634,-3.110297110586362,1787248632.2792969
1.4204487800598145,ARM,stop,0.0,0.0,0.5,0.0,0.0,0.0,-0.002,16.1,0.00017698743776100315,-0.3344979525385767,0.08349484439455424,0.03847164126690779,10.193437716726581,2.529112145915805,-3.1102971105863615,1787248632.2973533
1.4405500888824463,ARM,stop,0.0,0.0,0.5,0.0,0.0,0.0,-0.001,16.1,0.00020483814706118484,-0.30722036144716114,0.0544190882326987,0.01922228069054893,10.193451780329992,2.529112586187655,-3.1102971105863615,1787248632.3165593
1.4604763984680176,ARM,stop,0.0,0.0,0.5,0.0,0.0,0.0,-0.001,16.1,0.0012700253735275855,-0.29741622490801234,0.07363037189631072,0.009602085633796399,10.193443191712673,2.5291123174885817,-3.110297110586361,1787248632.3391237
1.480318546295166,ARM,stop,0.0,0.0,0.5,0.0,0.0,0.0,-0.001,16.1,0.0001866179575139815,-0.3401865261646968,0.05933889914802748,0.004885077124791798,10.193444635730586,2.5291123627299132,-3.110297110586361,1787248632.3575845
1.5003790855407715,ARM,stop,0.0,0.0,0.5,0.0,0.0,0.0,-0.001,16.1,0.00017022014127276652,-0.28828623581733126,0.09268717942479654,0.05047695393468981,10.195488392042348,2.5291806084243267,-3.110284317447097,1787248632.3789315
1.520322322845459,ARM,stop,0.0,0.0,0.5,0.0,0.0,0.0,-0.001,16.1,0.00017985066102574486,-0.34413354307933375,0.05474214691131607,0.025292610659896086,10.195493931220422,2.529180782136492,-3.110284317447097,1787248632.3973176
1.5403263568878174,ARM,stop,0.0,0.0,0.5,0.0,0.0,0.0,0.0,16.1,-0.0008699796966860659,-0.29764094072416825,0.09273896383063374,0.012747539593269235,10.19549787532982,2.52918090578714,-3.110284317447097,1787248632.4180086
1.5603113174438477,ARM,stop,0.0,0.0,0.5,0.0,0.0,0.0,-0.001,16.1,-0.0008853366954778184,-0.30237448126790056,0.06880185063926092,0.006522100079116107,10.195500718951907,2.5291809949146327,-3.110284317447097,1787248632.438184
1.582489013671875,ARM,stop,0.0,0.0,0.5,0.0,0.0,0.0,-0.002,16.1,-0.0008853366954778184,-0.3489232534408302,0.08827242178305283,0.0034060797341515956,10.195502770095555,2.529181059191518,-3.110284317447097,1787248632.4578896
1.6003389358520508,ARM,stop,0.0,0.0,0.5,0.0,0.0,0.0,-0.001,16.1,0.00018271388429048652,-0.31240333362320527,0.030378990951241747,0.16437489598440072,10.190607240033316,2.529026393043418,-3.1103121990256457,1787248632.4796033
1.620394229888916,ARM,stop,0.0,0.0,0.5,0.0,0.0,0.0,0.0,16.1,0.00020197492379644315,-0.32091534508318276,0.1168443123870535,0.08154618260713087,10.190597073332475,2.529026075530716,-3.1103121990256453,1787248632.4974196
1.6404180526733398,ARM,stop,0.0,0.0,0.5,0.0,0.0,0.0,0.0,16.1,0.0023169925404839453,-0.33556536180159213,0.08804025076662114,0.04057500340911249,10.190589882013747,2.5290258508451444,-3.1103121990256453,1787248632.517664
1.6604816913604736,ARM,stop,0.0,0.0,0.5,0.0,0.0,0.0,-0.001,16.1,0.0023198556987301055,-0.3405797879792445,0.06882882092261156,0.02034658948144449,10.190584782169028,2.5290256914522153,-3.1103121990256453,1787248632.5381184
1.6805572509765625,ARM,stop,0.0,0.0,0.5,0.0,0.0,0.0,-0.001,16.1,0.00016735691800802484,-0.349091799439222,0.10260387487006994,0.014574344668847362,10.190575962821022,2.529025415488988,-3.1103121990256453,1787248632.546098
1.7004461288452148,ARM,stop,0.0,0.0,0.5,0.0,0.0,0.0,-0.002,16.1,0.00018948118077872315,-0.2886232912690154,0.07823984182761023,0.06204404194471989,10.192374583830443,2.529087438599808,-3.1102945824485375,1787248632.577962
1.7204475402832031,ARM,stop,0.0,0.0,0.5,0.0,0.0,0.0,-0.001,16.1,0.001267162215281425,-0.35393767961848255,0.11217121743771408,0.030556371972434243,10.19236831586836,2.529087242521006,-3.1102945824485375,1787248632.5975802
1.7404472827911377,ARM,stop,0.0,0.0,0.5,0.0,0.0,0.0,-0.001,16.1,0.00019234440404346486,-0.326154487076991,0.06884124625640453,0.015089708451127266,10.192369691022538,2.529087285606103,-3.1102945824485375,1787248632.6176414
1.760366678237915,ARM,stop,0.0,0.0,0.5,0.0,0.0,0.0,-0.001,16.1,-0.0008853366954778184,-0.345144782524585,0.07846050113773373,0.007482795860959627,10.192370667793062,2.52908731620439,-3.1102945824485375,1787248632.637522
1.7817375659942627,ARM,stop,0.0,0.0,0.5,0.0,0.0,0.0,-0.001,16.1,-0.0008574859861776367,-0.3077821327150012,0.08782050508398243,0.0052960990143718556,10.192372331170782,2.5290873682819095,-3.1102945824485375,1787248632.6461089
1.8004097938537598,ARM,stop,0.0,0.0,0.5,0.0,0.0,0.0,-0.002,16.1,-0.0008978304059862476,-0.37270329579502004,0.1122619223744028,0.0018842025642669534,10.192371756973262,2.529087350320108,-3.1102945824485375,1787248632.6778772
1.8204007148742676,ARM,stop,0.0,0.0,0.5,0.0,0.0,0.0,-0.001,16.1,0.0012325442420022975,-0.28884800708517133,0.07818834978256817,0.03207714067807943,10.193811815032012,2.5291367745088262,-3.110239174944827,1787248632.6974087
1.8403160572052002,ARM,stop,0.0,0.0,0.5,0.0,0.0,0.0,0.0,16.1,-0.0030128481852202027,-0.3590083121589984,0.07857682418909562,0.015951514303181622,10.193814383384712,2.5291368554004263,-3.110239174944827,1787248632.7178364
1.8609929084777832,ARM,stop,0.0,0.0,0.5,0.0,0.0,0.0,-0.002,16.1,-0.0008824734071944954,-0.32085913872031924,0.06895694804107677,0.007996049155298918,10.193816234966027,2.5291369136579958,-3.110239174944827,1787248632.737761
1.880434513092041,ARM,stop,0.0,0.0,0.5,0.0,0.0,0.0,0.0,16.1,0.0001866179575139815,-0.3114482639957181,0.08807811148959033,0.004053823453148845,10.193817409775273,2.529136950609333,-3.110239174944827,1787248632.7578993
1.900282621383667,ARM,stop,0.0,0.0,0.5,0.0,0.0,0.0,-0.001,16.1,0.0012700253735275855,-0.349091799439222,0.06907374617873074,0.0020927753425259415,10.193818294832624,2.5291369784267914,-3.110239174944827,1787248632.777731
1.9203681945800781,ARM,stop,0.0,0.0,0.5,0.0,0.0,0.0,-0.002,16.1,0.0012479011107568872,-0.3215894925316505,0.10710977598969507,0.06722819446575978,10.190633135779063,2.529035854606293,-3.1104596656182473,1787248632.7976978
1.9404182434082031,ARM,stop,0.0,0.0,0.5,0.0,0.0,0.0,-0.002,16.1,0.0012700253735275855,-0.3256488490818157,0.06416709149918276,0.03336662250392407,10.190628697645227,2.5290357185740344,-3.1104596656182473,1787248632.8175
1.9604473114013672,ARM,stop,0.0,0.0,0.5,0.0,0.0,0.0,-0.001,16.1,0.0023323496693128604,-0.32130860689773044,0.07364396667328421,0.016655822119237586,10.19062551471413,2.5290356206418525,-3.1104596656182473,1787248632.8380237
1.982267141342163,ARM,stop,0.0,0.0,0.5,0.0,0.0,0.0,-0.001,16.1,-0.001919810021888586,-0.29341300163051187,0.07344998528571622,0.008483589273202745,10.19061398675519,2.5290352616260448,-3.1104596656182473,1787248632.8561316
2.0002779960632324,ARM,stop,0.0,0.0,0.5,0.0,0.0,0.0,-0.001,16.1,-0.0008546226978943137,-0.3536006241667984,0.15535864445884862,0.07825690592669765,10.188301710700749,2.528960715227086,-3.1105777728627855,1787248632.879096
2.0202927589416504,ARM,stop,0.0,0.0,0.5,0.0,0.0,0.0,-0.001,16.1,-0.0008785693014617098,-0.31702449798630994,0.016047720589721592,0.038996214198303514,10.188294772384692,2.5289605026589324,-3.1105777728627855,1787248632.897608
2.040451765060425,ARM,stop,0.0,0.0,0.5,0.0,0.0,0.0,-0.002,16.1,-0.0008881998537239787,-0.3257050554446792,0.10247439558292726,0.019534888402610088,10.188289840479385,2.528960351128273,-3.1105777728627855,1787248632.9178581
2.0603437423706055,ARM,stop,0.0,0.0,0.5,0.0,0.0,0.0,-0.001,16.1,-0.0008574859861776367,-0.3169683281685458,0.08791091765987602,0.009902332491176637,10.188286333967495,2.5289602431539344,-3.1105777728627855,1787248632.9373899
2.0805108547210693,ARM,stop,0.0,0.0,0.5,0.0,0.0,0.0,-0.001,16.1,-0.0019476606011516052,-0.29358154762890365,0.06862135439336825,0.005085432013985318,10.188283789603764,2.528960164663571,-3.1105777728627855,1787248632.9579601
2.1004855632781982,ARM,stop,0.0,0.0,0.5,0.0,0.0,0.0,-0.001,16.1,0.001267162215281425,-0.34368411144702193,0.13148546691886054,0.002735531960705617,10.188274843429458,2.5289598871100414,-3.1105777728627855,1787248632.9761693
2.1203510761260986,ARM,stop,0.0,0.0,0.5,0.0,0.0,0.0,-0.001,16.1,0.0012239545071894911,-0.28422684272206666,0.05898949145274912,0.0771933413365309,10.19293013172267,2.529108181326036,-3.110452450437519,1787248632.9976802
2.14034104347229,ARM,stop,0.0,0.0,0.5,0.0,0.0,0.0,-0.002,16.1,-0.0008757061432155494,-0.3393438327178373,0.0882721294222577,0.0383855879371483,10.19293672944801,2.5291083883088183,-3.1104524504375193,1787248633.0176923
2.160451889038086,ARM,stop,0.0,0.0,0.5,0.0,0.0,0.0,-0.002,16.1,-0.0019323037323970157,-0.31195390199089346,0.08796226352452052,0.0192284938693969,10.192941383878713,2.5291085340949504,-3.1104524504375193,1787248633.0376933
2.1804230213165283,ARM,stop,0.0,0.0,0.5,0.0,0.0,0.0,-0.001,16.1,0.0001616304714785415,-0.3548927492459697,0.03531199464745072,0.013732233951204457,10.192949354177777,2.52910878237194,-3.1104524504375193,1787248633.046479
2.2003886699676514,spool,drive,6.351470947265624e-05,0.28,0.31799999999999995,0.22712860107421873,0.0,0.0,-0.001,16.1,-0.0008949671177029248,-0.31640652035560635,0.12635983400376105,0.07581267056369434,10.195321319757273,2.5291854179707403,-3.110381381703206,1787248633.0779748
2.2203309535980225,spool,drive,0.023994255065917968,0.28,0.31799999999999995,85.80345611572265,0.0,0.0,-0.001,16.1,0.0012421747942645664,-0.3392876629000732,0.09786505355947561,0.03779056621656234,10.1952950238487,2.529184602127315,-3.1103813817032036,1787248633.097629
2.240313768386841,spool,drive,0.0479736328125,0.28,0.31799999999999995,171.5537109375,0.0,0.0,-0.001,16.0,0.0012546685047729958,-0.2836650714542266,0.04474815858083048,0.01897715551007443,10.195299964847642,2.5291847573690363,-3.110381381703203,1787248633.1178172
2.260411500930786,spool,drive,0.07209091186523438,0.28,0.31799999999999995,257.79710083007814,0.0,0.0,0.0,16.0,-0.047195949949517396,-0.29058956379665446,-0.061121349825729254,0.009643728997462069,10.195303519732287,2.529184868890843,-3.1106173339413616,1787248633.1378767
2.283970355987549,spool,drive,0.1003615379333496,0.28,0.31799999999999995,358.8928596496582,-26.0,0.0,-0.001,16.1,-0.047195949949517396,-0.29058956379665446,-0.061121349825729254,0.006978586140782798,10.195309872258925,2.5291850657253425,-3.1110904375141395,1787248633.1462402
2.300279140472412,spool,drive,0.11993207931518554,0.28,0.31799999999999995,428.8771156311035,-132.0,0.0,-0.003,16.1,0.2161864124791967,-0.30186884327272523,0.006647443943943898,0.12412044013164737,10.190756142497861,2.529045303927638,-3.105367220658085,1787248633.1793506
2.3203659057617188,spool,drive,0.1440361976623535,0.28,0.31799999999999995,515.0734428405761,-72.0,0.0,0.002,16.1,-0.014734168636566864,-0.525187503733811,1.1566716915409643,0.06169991910641885,10.190748111012278,2.52904487381322,-3.1033548926105,1787248633.1976495
2.3402597904205322,spool,drive,0.16790885925292967,0.28,0.31799999999999995,600.4420806884765,-3.0,0.0,-0.001,16.1,-0.1157725144666259,-0.3359024903434751,1.2902585016748134,0.03081316953457796,10.190742301144699,2.529044569238812,-3.1046615164939984,1787248633.2181573
2.3602962493896484,spool,drive,0.19195261001586914,0.28,0.31799999999999995,686.422533416748,0.0,0.0,0.002,16.1,0.00921681146157374,-0.11072990612655342,0.14544905703540678,0.015550858471715452,10.190738058815738,2.5290443903675546,-3.106394509912469,1787248633.237746
2.384262800216675,spool,drive,0.22071247100830077,0.28,0.31799999999999995,789.2677963256835,0.0,0.0,0.001,16.1,0.00921681146157374,-0.11072990612655342,0.14544905703540678,0.015550858471715452,10.190738058815738,2.5290443903675546,-3.106394509912469,1787248633.237746
2.400621175765991,spool,drive,0.24034252166748046,0.28,0.31799999999999995,859.4648574829101,0.0,0.0,0.001,16.1,-0.035799139318037444,-0.17885321476914484,-0.6020368776197884,0.005785213304878738,10.190729067025865,2.529044069718364,-3.105655567333271,1787248633.2662413
2.420417547225952,spool,drive,0.2640981674194336,0.28,0.31799999999999995,944.4150466918945,0.0,0.0,0.001,16.1,-0.027111314872737508,-0.3161256347216863,0.188694481129275,0.013316342900431589,10.19179359139149,2.5290850115597854,-3.1045856752639946,1787248633.2977579
2.4403133392333984,spool,drive,0.28797311782836915,0.28,0.31799999999999995,1029.791869354248,0.0,0.0,0.0,16.1,0.030115456289698563,-0.4267384046684164,0.6436470546963022,0.006554877132563795,10.191793924752384,2.529085024583381,-3.104841173990928,1787248633.3176131
2.4604506492614746,spool,drive,0.31213788986206054,0.28,0.31799999999999995,1116.2050941467285,0.0,0.06,0.0,16.1,-0.0011477051363034852,-0.50225019137158,0.413985882600592,0.0032344883475787173,10.191794134229387,2.5290850327478642,-3.1045394079454516,1787248633.3379183
2.4804365634918213,spool,drive,0.33612098693847653,0.28,0.31799999999999995,1201.968649291992,1.0,3.64,0.047,16.1,-0.030918029012518364,-0.32682859798035935,-0.2666147726078094,0.0016084080591237363,10.191794994854325,2.5290850646514147,-3.104539401902044,1787248633.3564658
2.5003395080566406,spool,drive,0.36000452041625974,0.28,0.31799999999999995,1287.3761650085448,122.0,7.22,0.03,16.1,0.016483022831935267,-3.0980189995912895,-1.0011261737163792,0.0008061507694106999,10.191794923086935,2.5290850619396106,-3.1054671650582493,1787248633.3765185
2.5204102993011475,spool,drive,0.38408946990966797,0.28,0.31799999999999995,1373.5039443969727,32.0,15.54,0.034,16.1,0.06446147296785329,-1.1604212187384917,-0.16973228886311276,0.03533277745674261,10.193836146475526,2.5291459000247762,-3.104852705885222,1787248633.3976839
2.5402634143829346,spool,drive,0.4079132080078125,0.28,0.31799999999999995,1458.6976318359375,153.0,15.66,0.035,16.1,0.06953987981766062,-1.2856131810010112,0.09726394149214102,0.017622414638789632,10.193839516308095,2.5291460281769123,-3.1035383049527643,1787248633.4176545
2.5627076625823975,spool,drive,0.43484630584716794,0.28,0.31799999999999995,1555.0103897094725,221.0,16.22,0.033,16.1,0.08764234282044595,-1.324436501888158,0.03487897176476551,0.0341179820867129,10.192867424644115,2.529109832953964,-3.102057172623672,1787248633.4376965
2.581092119216919,spool,drive,0.4569076538085937,0.28,0.31799999999999995,1633.901770019531,241.0,16.47,0.032,16.1,0.12796276817181373,-0.7953213501423875,-0.16580354449817136,0.02525071228621134,10.192521004059246,2.529095962181958,-3.1001065118291082,1787248633.4584234
2.601608991622925,spool,drive,0.48152790069580076,0.28,0.31799999999999995,1721.9437728881835,299.0,17.41,0.037,16.1,0.1461583918784814,-0.9141090030072121,-0.22785123950326636,0.18392765733540375,10.18592080135124,2.5288585526633405,-3.09681607152519,1787248633.479277
2.6202988624572754,spool,drive,0.5039557456970215,0.28,0.31799999999999995,1802.145746612549,350.0,17.88,0.04,16.1,0.16316781866849256,-1.0406077449337587,-0.1851876864819033,0.13700505343060015,10.184195182743982,2.528783622037239,-3.0938076954447795,1787248633.4976869
2.6402955055236816,spool,drive,0.527951717376709,0.28,0.31799999999999995,1887.9553413391113,488.0,18.08,0.043,16.1,0.1865595110108786,-1.5467439959941913,-0.1560711094440279,0.09951477214383526,10.183011093204952,2.5287260251832584,-3.0905314797283716,1787248633.5162058
2.6604559421539307,spool,drive,0.5521442413330078,0.28,0.31799999999999995,1974.4678070068358,540.0,17.82,0.045,16.1,0.20036763507828959,-1.634026118673944,-0.15152296218950667,0.14602134864577915,10.179073573391099,2.528539193981729,-3.0866290555641696,1787248633.5373223
2.680919647216797,spool,drive,0.5767006874084473,0.28,0.31799999999999995,2062.2816581726074,631.0,18.91,0.046,16.1,0.22594280326416114,-1.9165067269118055,-0.22812868989784363,0.13366652556965847,10.178087343924707,2.52848493260962,-3.084609555079624,1787248633.5467436
2.7007551193237305,spool,drive,0.6005032539367675,0.28,0.31799999999999995,2147.3996360778806,704.0,19.04,0.046,16.1,0.24823704021083914,-1.5986443228866563,-0.2516896078360844,0.16077467314789518,10.174653431963277,2.5282980703007873,-3.0800914295963078,1787248633.5685158
2.7204315662384033,spool,drive,0.624114990234375,0.28,0.31799999999999995,2231.835205078125,790.0,19.57,0.051,16.1,0.27930524446110816,-1.5903007843348718,-0.24718315853996842,0.28714781240114734,10.161720541030322,2.5276315346553764,-3.069413590724458,1787248633.5976207
2.740447759628296,spool,drive,0.648134422302246,0.28,0.31799999999999995,2317.728694152832,867.0,19.46,0.053,16.1,0.3121300697663934,-1.967227231815528,-0.38095715267289876,0.258916186766242,10.15719128418516,2.5273133705761226,-3.063667274317696,1787248633.6173153
2.7603893280029297,spool,drive,0.6720643043518066,0.28,0.31799999999999995,2403.3019523620605,953.0,19.75,0.055,16.1,0.350632454910105,-2.021655602503472,-0.3382444099477553,0.25473608667191555,10.15218752928131,2.5269324873408214,-3.057227113163109,1787248633.6374629
2.7811152935028076,spool,drive,0.6969354629516601,0.28,0.31799999999999995,2492.2412155151364,1082.0,19.81,0.056,16.1,0.3794029170613673,-1.7451445631609488,-0.4247696105289194,0.26818078660975925,10.146526463018443,2.5264667405497234,-3.05007416479637,1787248633.657808
2.8009769916534424,spool,drive,0.7207695007324219,0.28,0.31799999999999995,2577.4717346191405,1189.0,19.37,0.056,16.1,0.3986309401317394,-1.8397028151294705,-0.2855727621875417,0.4904169355628357,10.130966835677597,2.5254149878216436,-3.0388108505476867,1787248633.6794279
2.820300817489624,spool,drive,0.7439580917358398,0.28,0.31799999999999995,2660.394136047363,1301.0,19.38,0.06,16.1,0.43055768093842267,-1.6569072977635102,-0.43867889462777043,0.431760688253762,10.12419155836117,2.5247317012760133,-3.0306829637918233,1787248633.6976354
2.8402318954467773,spool,drive,0.7678753852844238,0.28,0.31799999999999995,2745.9223777770994,1429.0,19.79,0.061,16.1,0.46349415927240956,-1.6090664005114093,-0.3333127949653232,0.4022490213440132,10.11672702743965,2.523918328072831,-3.021901798262507,1787248633.717743
2.8604788780212402,spool,drive,0.7921717643737792,0.28,0.31799999999999995,2832.8062294006345,1552.0,19.38,0.066,16.1,0.5133067898286059,-2.1370580097214997,-0.2952335323017792,0.37117998851709155,10.110419693439066,2.523144913891186,-3.012615957024464,1787248633.7362142
2.8817362785339355,spool,drive,0.8176806449890136,0.28,0.31799999999999995,2924.0259864807126,1657.0,19.08,0.067,16.1,0.5460920339021899,-1.9852479126860771,-0.49196391533616435,0.3919189876272091,10.105125467297835,2.5225092012420562,-3.007207593409276,1787248633.7483244
2.9004862308502197,spool,drive,0.8401805877685546,0.28,0.31799999999999995,3004.4857818603514,1754.0,19.38,0.066,16.1,0.5719485983467419,-1.6581995324779797,-0.5730956439687915,0.47782768706082923,10.091080278351807,2.5205824294330106,-2.9891640559353805,1787248633.7797
2.920417308807373,spool,drive,0.8640978813171386,0.28,0.31799999999999995,3090.0140235900876,1871.0,19.43,0.068,16.1,0.5828362666732584,-1.5347343992518887,-0.6499844865621114,0.8401638830095401,10.06816953043051,2.5180342478959457,-2.974333581596485,1787248633.7992709
2.9405524730682373,spool,drive,0.8882600784301757,0.28,0.31799999999999995,3176.4180404663084,1961.0,19.62,0.072,16.1,0.5883115927164068,-1.65578375522783,-0.5629619802684331,0.708119670725868,10.057811001319958,2.516302404883637,-2.9626580710983905,1787248633.8174891
2.960505962371826,spool,drive,0.9122042655944824,0.28,0.31799999999999995,3262.042453765869,2059.0,19.81,0.074,16.1,0.6275171189669265,-1.5382881908970774,-0.6161709871700936,0.6256248954910646,10.046912905423234,2.5143478399933743,-2.9506982559737613,1787248633.8377528
2.980280637741089,spool,drive,0.9359338760375976,0.28,0.31799999999999995,3346.899540710449,2185.0,19.97,0.077,16.0,0.6797253960817037,-1.8753092901878148,-0.7123599545636452,0.5789233781130977,10.037150916777877,2.5124295953439977,-2.938158316727563,1787248633.8562272
3.000392436981201,spool,drive,0.9600680351257324,0.28,0.31799999999999995,3433.203293609619,2259.0,19.59,0.079,16.1,0.7198409910557307,-1.6732426648305392,-0.5876197628197986,0.6050818363270623,10.023386589440122,2.5096719738597844,-2.9240706283923017,1787248633.8786411
3.0203373432159424,spool,drive,0.9840019226074218,0.28,0.31799999999999995,3518.7908752441404,2359.0,19.71,0.083,16.1,0.7700008312390462,-1.8695085596516634,-0.7264983764356785,1.0289196738825612,9.99336507920292,2.5047625395807915,-2.903068705266511,1787248633.8991337
3.0403878688812256,spool,drive,1.0080625534057617,0.28,0.31799999999999995,3604.8316909790037,2472.0,19.74,0.085,16.1,0.7955150463254685,-1.9244424221543852,-0.9186126017855756,0.8763434080964868,9.980241728936422,2.501578077071091,-2.8873560936076266,1787248633.9178257
3.0605106353759766,spool,drive,1.032209873199463,0.28,0.31799999999999995,3691.1825065612793,2609.0,19.31,0.086,16.1,0.8167321178349936,-1.9021376323724155,-0.8316719565145334,0.7918550225228321,9.966750527919716,2.4980873157810635,-2.8715430026623325,1787248633.9374263
3.0804245471954346,spool,drive,1.0561065673828125,0.28,0.31799999999999995,3776.6370849609375,2733.0,18.83,0.086,16.1,0.8201916306700338,-1.7576596517180292,-0.8650263763680002,0.7195714565276532,9.954273922585532,2.494578419547278,-2.855116073398309,1787248633.957225
3.100485324859619,spool,drive,1.080179500579834,0.28,0.31799999999999995,3862.7218940734865,2848.0,19.09,0.089,16.1,0.8388886859980714,-1.5603266399946847,-0.6684227317383034,0.7884071108883435,9.937711546840703,2.4898203982490035,-2.8387008953567228,1787248633.9775515
3.120270252227783,spool,drive,1.1039214134216309,0.28,0.31799999999999995,3947.622974395752,2945.0,19.15,0.09,16.1,0.8733620413076292,-1.7776756950153327,-0.8018541521095415,1.1588848792765818,9.905645966644531,2.4818586806463245,-2.814486216443512,1787248633.997327
3.1403374671936035,spool,drive,1.1280020713806151,0.28,0.31799999999999995,4033.7354072570797,3071.0,18.87,0.092,16.1,0.8904348346868275,-1.644645832196204,-0.7722684090856831,0.983027523956757,9.889890526122937,2.476517948802454,-2.7969431555040556,1787248634.0177376
3.1603784561157227,spool,drive,1.1520512580871582,0.28,0.31799999999999995,4119.735298919678,3149.0,19.0,0.093,16.1,0.825039116486196,-1.36574430481231,-1.784516499080155,0.9246551758613104,9.87365535227902,2.4706903638228765,-2.779729205400267,1787248634.0375726
3.1833322048187256,spool,drive,1.1795957565307618,0.28,0.31799999999999995,4218.234425354004,3263.0,19.13,0.095,16.0,0.8487116225207741,-1.3931778338428273,-1.594112438201364,0.9240541040095747,9.866220223774292,2.467875931192954,-2.7715095907917595,1787248634.046189
3.200331211090088,spool,drive,1.1999945640563965,0.28,0.31799999999999995,4291.180561065674,3366.0,19.06,0.094,16.1,0.9239014485253083,-1.6599137900002177,-1.0359251482585776,0.9104825416488753,9.839763924128818,2.4575505447854797,-2.745070034901955,1787248634.0785887
3.220337152481079,base,drive,1.2,0.28,0.31799999999999995,4291.2,3473.0,19.3,0.093,16.1,1.009692320144039,-1.5234422559008323,-1.0258085876647343,1.3840572787936511,9.802901919296703,2.4453290495438322,-2.7192061042207034,1787248634.099263
3.24039363861084,base,drive,1.2,0.28,0.31799999999999995,4291.2,3573.0,18.61,0.096,16.1,1.1012472710471102,-0.914402679425919,-0.49466299019679383,1.2294563796383082,9.785053748220966,2.437284091103559,-2.6985339072163153,1787248634.1176095
3.2603085041046143,base,drive,1.2,0.28,0.31799999999999995,4291.2,3660.0,17.11,0.098,16.1,1.1058042059883446,-1.2537560869597968,-1.025082801990827,1.1109692753799651,9.766960849484411,2.4286657320706846,-2.6765151676994634,1787248634.1376631
3.282310724258423,base,drive,1.2,0.28,0.31799999999999995,4291.2,3756.0,15.95,0.097,16.1,1.0257412612421564,-1.3578249817742574,-1.2753584799314694,1.1141456545096553,9.758427641252398,2.424383865235816,-2.665392721620811,1787248634.1461756
3.300419569015503,base,drive,1.2,0.28,0.31799999999999995,4291.2,3826.0,15.54,0.096,16.1,0.9838222401569549,-1.016238668667583,-1.3085516628064227,1.0753945511373943,9.729573464592239,2.409318122378815,-2.6339974265227455,1787248634.1778965
3.320404529571533,base,drive,1.2,0.28,0.31799999999999995,4291.2,3877.0,15.17,0.099,16.1,0.9909954645530833,-0.6941193452849603,-1.4733411173415902,1.57518241499447,9.687692783279518,2.3915905605748997,-2.6082222146019833,1787248634.1994824
3.340452194213867,base,drive,1.2,0.28,0.31799999999999995,4291.2,3952.0,14.28,0.095,16.1,1.0778940114482052,-0.5172644165505211,-1.6480664534992115,1.402383862950619,9.66876986334768,2.3803602696415207,-2.587740840597683,1787248634.2176502
3.3604116439819336,base,drive,1.2,0.28,0.31799999999999995,4291.2,4018.0,13.75,0.1,16.1,1.1192825308442629,-0.6036766562294673,-1.3345621256666504,1.246014586453157,9.650176056651192,2.368797762768386,-2.5662418610971094,1787248634.2376199
3.380621910095215,base,drive,1.2,0.28,0.31799999999999995,4291.2,4057.0,13.27,0.099,16.1,1.1325538615044548,-0.893040022306252,-1.2476888695588855,1.2421901425137503,9.641159860511651,2.3629503653817654,-2.554988791418949,1787248634.2463336
3.401779890060425,base,drive,1.2,0.28,0.31799999999999995,4291.2,4110.0,12.65,0.098,16.1,1.1369920194610719,-0.8686565472709162,-0.8920304273904733,1.1631699729577412,9.612593400267507,2.3436520938627403,-2.5209955834209,1787248634.278186
3.4205477237701416,base,drive,1.2,0.28,0.31799999999999995,4291.2,4175.0,11.96,0.097,16.1,1.148337751495082,-0.29994423215839205,-1.3160553949741995,1.447942422658007,9.580862008643148,2.3238316438429174,-2.4916079959972017,1787248634.2997146
3.4404044151306152,base,drive,1.2,0.28,0.31799999999999995,4291.2,4215.0,11.59,0.1,16.1,1.1176593341598595,-0.3088060533097412,-1.9083564388456011,1.385570904703013,9.562293810475571,2.3096083949289414,-2.4687416218492175,1787248634.3179438
3.4603888988494873,base,drive,1.2,0.28,0.31799999999999995,4291.2,4232.0,11.39,0.098,16.1,1.1449078663271688,-0.47525341282388567,-1.4976327910872556,1.2713267789380969,9.543975438066004,2.294895429703544,-2.446235636782521,1787248634.3382528
3.4807093143463135,base,drive,1.2,0.28,0.31799999999999995,4291.2,4276.0,10.89,0.096,16.1,1.1953759674066609,-0.13753076639641204,-1.485308029407804,1.2705056310297334,9.524110573344435,2.278104228688946,-2.4203391096547224,1787248634.3588104
3.5005152225494385,base,drive,1.2,0.28,0.31799999999999995,4291.2,4313.0,10.55,0.097,16.1,1.1991640477411898,-0.4354061347968994,-1.402979814221112,1.195160015646149,9.517091406499622,2.2720053163716143,-2.4109266579121846,1787248634.3679326
3.520317316055298,base,drive,1.2,0.28,0.31799999999999995,4291.2,4322.0,10.55,0.101,16.1,1.1500650777781074,-0.5774809828055254,-1.4873285348629395,1.7086529890084787,9.46941653061309,2.2350666126356518,-2.3665755526520216,1787248634.4000204
3.540480852127075,base,drive,1.2,0.28,0.31799999999999995,4291.2,4339.0,10.17,0.098,16.1,1.1368368903275747,-0.2146700068744849,-1.6814128334308123,1.5726833917912193,9.45221613685254,2.218059143126473,-2.3436915020407447,1787248634.4175463
3.560338020324707,base,drive,1.2,0.28,0.31799999999999995,4291.2,4353.0,10.3,0.097,16.1,1.2161527518089688,0.4925795540805069,-1.3556878243618655,1.384610624713121,9.435368366607783,2.200618192097651,-2.3205709522642914,1787248634.4375875
3.580446481704712,base,drive,1.2,0.28,0.31799999999999995,4291.2,4377.0,9.87,0.1,16.1,1.2601843920079028,-0.2900421912979745,-1.2142934461039019,1.3326334957927326,9.41766064840204,2.1813482426438933,-2.2940824668522772,1787248634.457919
3.600358009338379,base,drive,1.2,0.28,0.31799999999999995,4291.2,4403.0,9.35,0.099,16.1,1.201646247035198,-0.47899193994649636,-1.2380319001349847,1.232578423134734,9.402655692890292,2.1642353463203565,-2.271240977606445,1787248634.4780774
3.62031888961792,base,drive,1.2,0.28,0.31799999999999995,4291.2,4421.0,9.19,0.098,16.1,1.1334747826094043,-0.21269098010715837,-1.3232047858582803,1.2298750804759997,9.386762206184583,2.1451883264625558,-2.247391845706518,1787248634.498312
3.640284538269043,base,drive,1.2,0.28,0.31799999999999995,4291.2,4430.0,9.22,0.097,16.1,1.1519712353283316,-0.15963816696029554,-1.4019583056029319,1.2884281318877395,9.37155340964889,2.126027376985384,-2.224655817404573,1787248634.5163727
3.660475254058838,base,drive,1.2,0.28,0.31799999999999995,4291.2,4431.0,9.3,0.1,16.1,1.1963705249157512,0.2238212652130116,-1.6984878733095172,1.524234412525637,9.345218170970382,2.0981468991512497,-2.1967438536130586,1787248634.539974
3.680392026901245,base,drive,1.2,0.28,0.31799999999999995,4291.2,4427.0,9.18,0.1,16.1,1.1814825223158265,-0.29457824212459727,-1.5804723453046279,1.5256587885346486,9.330104194248262,2.0769599788310327,-2.171439595356118,1787248634.5572867
3.700767755508423,base,drive,1.2,0.28,0.31799999999999995,4291.2,4430.0,9.12,0.099,16.1,1.164400607609895,-0.05259363310928844,-1.5250214427357207,1.3861339815156737,9.323822119365476,2.067811979852192,-2.16106880147919,1787248634.5677502
3.7204031944274902,base,drive,1.2,0.28,0.31799999999999995,4291.2,4446.0,8.92,0.098,16.1,1.2201220602556773,0.1678453740188015,-1.3765120990773028,1.3241067681217944,9.302026006970667,2.034407273788001,-2.1234231465884488,1787248634.598542
3.7404022216796875,base,drive,1.2,0.28,0.31799999999999995,4291.2,4456.0,8.82,0.102,16.1,1.2594431011184792,-0.15267193097808818,-1.2662412085353765,1.3069404495206756,9.290479125626119,2.01546947243491,-2.1013430306911767,1787248634.6162848
3.760352373123169,base,drive,1.2,0.28,0.31799999999999995,4291.2,4463.0,8.49,0.1,16.1,1.2196610670709847,-0.22809857673594536,-1.7088394919826442,1.4360937098919686,9.271093422799513,1.98821367031042,-2.0731558824647887,1787248634.637279
3.7804102897644043,base,drive,1.2,0.28,0.31799999999999995,4291.2,4452.0,8.68,0.096,16.1,1.163463174906187,0.01568550383710665,-1.6669471136486322,1.369539138584524,9.259236419317977,1.9663147468294075,-2.0487146853643052,1787248634.6562097
3.8006956577301025,base,drive,1.2,0.28,0.31799999999999995,4291.2,4441.0,9.07,0.096,16.1,1.1628088362263544,0.27633781557140935,-1.914478473895599,1.3114135056147123,9.245736738321604,1.9398399596409257,-2.021219594326199,1787248634.6802244
3.82031512260437,base,drive,1.2,0.28,0.31799999999999995,4291.2,4438.0,8.97,0.099,16.1,1.191579364956644,-0.036482936177041125,-1.7066435700504314,1.2359527039522464,9.23714959251752,1.9218689579763018,-2.0022410982387053,1787248634.6974308
3.8404033184051514,base,drive,1.2,0.28,0.31799999999999995,4291.2,4436.0,8.73,0.098,16.1,1.1983401988579736,-0.2938351706186779,-1.3662478962819193,1.4098881717972238,9.220687803023676,1.8928697792418612,-1.975101148312497,1787248634.717631
3.860337018966675,base,drive,1.2,0.28,0.31799999999999995,4291.2,4438.0,8.81,0.097,16.1,1.2469278418917609,0.41642084602792195,-1.113879353589347,1.3297262449896312,9.21105791362851,1.8699789031928042,-1.9508877625027317,1787248634.7373447
3.880307912826538,base,drive,1.2,0.28,0.31799999999999995,4291.2,4442.0,8.77,0.1,16.1,1.272339725013297,-0.22489638549199853,-0.951282166476453,1.318600524743094,9.20181101715647,1.846402476274234,-1.9254825117076941,1787248634.7565806
3.9019930362701416,base,drive,1.2,0.28,0.31799999999999995,4291.2,4477.0,8.09,0.099,16.1,1.1932808585770958,-0.06599325925203114,-1.1235348612092722,1.3021709120666594,9.192647485693934,1.8211161322948215,-1.89779591556756,1787248634.7781017
3.9204623699188232,base,drive,1.2,0.28,0.31799999999999995,4291.2,4465.0,8.25,0.098,16.1,1.0826667955957907,-0.090840674324137,-1.200380434404913,1.3001647529914477,9.185416025924038,1.7995238326624188,-1.8770491681086845,1787248634.7963352
3.9405252933502197,base,drive,1.2,0.28,0.31799999999999995,4291.2,4448.0,8.55,0.095,16.1,1.0569403931495163,0.2673346379756154,-1.637622741175619,1.2653845898495732,9.177596638860997,1.7762909445738784,-1.854354809625873,1787248634.8176744
3.960662841796875,base,drive,1.2,0.28,0.31799999999999995,4291.2,4428.0,8.98,0.095,16.1,1.142041372887862,0.2659573993599622,-1.5974225471238128,1.2596298702336617,9.170796415715179,1.752466885029263,-1.8328025645237327,1787248634.837331
3.983546257019043,base,drive,1.2,0.28,0.31799999999999995,4291.2,4416.0,9.0,0.098,16.1,1.2022172287729112,-0.13689833517889927,-1.356930357741163,1.2886970928649188,9.16450009150758,1.728441083896093,-1.8099820613526616,1787248634.856046
4.00115704536438,up0,drive,1.6,0.28,0.31799999999999995,5721.6,4404.0,8.88,0.097,16.1,1.2075033372206092,-0.16588851185425568,-1.311282312632926,1.217689438895633,9.161570284392058,1.7163692880238792,-1.7975189628871426,1787248634.867854
4.0202648639678955,up0,drive,1.6,0.28,0.31799999999999995,5721.6,4405.0,9.03,0.101,16.1,1.1858244069990374,0.1630990975079314,-1.5043357470371745,1.1917097612185834,9.15374909460484,1.6804219333410775,-1.7615581043973818,1787248634.897861
4.040307998657227,up0,drive,1.6,0.28,0.31799999999999995,5721.6,4514.0,16.79,0.113,16.0,1.1772005587571428,-0.2758543604515644,-1.802011369060665,1.1488076117994803,9.15179482459958,1.661261886661406,-1.735219132020556,1787248634.916671
4.060352087020874,up0,drive,1.6,0.28,0.31799999999999995,5721.6,4615.0,22.51,0.125,16.0,1.2014068288532,-2.025111307101895,-1.6493069403529432,1.1961869545126183,9.147706594791925,1.6362409331883845,-1.7122600824217966,1787248634.9374516
4.08159327507019,up0,drive,1.6,0.28,0.31799999999999995,5721.6,4798.0,25.37,0.127,16.0,1.1710393355752444,-2.3506575375446204,-1.791864110583333,1.2719064437079695,9.145947019262747,1.6238856673912359,-1.7003015288117276,1787248634.9460669
4.100276231765747,up0,drive,1.6,0.28,0.31799999999999995,5721.6,4881.0,20.23,0.117,16.0,1.1488315015611827,-2.367850106462967,-1.930323551909197,1.4937176073288774,9.141100334945017,1.5837382939753306,-1.6640630970267758,1787248634.9768786
4.120286703109741,up0,drive,1.6,0.28,0.31799999999999995,5721.6,4907.0,20.41,0.12,16.0,1.1212968127347445,-1.884258015585516,-1.772306635193189,1.2110023311663674,9.140246544551859,1.562923794550542,-1.6400920970978923,1787248634.998002
4.1415252685546875,up0,drive,1.6,0.28,0.31799999999999995,5721.6,4964.0,19.82,0.118,16.0,1.2035685167100172,-1.2135411286878366,-1.904516572162379,1.340596467246126,9.138280814537017,1.534500110385227,-1.6174516941149921,1787248635.017353
4.160475254058838,up0,drive,1.6,0.28,0.31799999999999995,5721.6,5031.0,19.13,0.122,16.0,1.3568637974805042,-1.136554199047751,-1.8624259732092696,1.3612830048067628,9.137081845895736,1.5066599819463966,-1.591845861363198,1787248635.0374262
4.180485963821411,up0,drive,1.6,0.28,0.31799999999999995,5721.6,5116.0,18.18,0.124,16.0,1.3666257476142443,-1.425737909415929,-1.8013573579619617,1.3974920098051917,9.13669571428897,1.479551160024253,-1.5646188197459674,1787248635.0562127
4.200599193572998,up0,drive,1.6,0.28,0.31799999999999995,5721.6,5200.0,17.11,0.124,16.0,1.3168568594789525,-1.6655895362964515,-1.2914959187401962,1.4344967284106838,9.136997562693272,1.4489138767785332,-1.5352866355006693,1787248635.0775256
4.220488548278809,up0,drive,1.6,0.28,0.31799999999999995,5721.6,5255.0,16.74,0.123,16.0,1.2933388833666264,-1.3706065571960977,-1.9466948793540269,1.434971429086888,9.137966156818521,1.4205463629736939,-1.511216609470613,1787248635.0976248
4.240418434143066,up0,drive,1.6,0.28,0.31799999999999995,5721.6,5291.0,16.67,0.126,16.0,1.2930214345646889,-1.0467022249788158,-2.531100427592179,1.4878568746136307,9.137131207135111,1.3912217606430086,-1.4844028172508372,1787248635.1172578
4.26042366027832,up0,drive,1.6,0.28,0.31799999999999995,5721.6,5357.0,15.79,0.126,16.0,1.3728124039845528,-0.5576878646145076,-2.6279075187968317,1.497741622324848,9.139792472405329,1.362651058450491,-1.4584621552545998,1787248635.136159
4.280472755432129,up0,drive,1.6,0.28,0.31799999999999995,5721.6,5430.0,14.87,0.124,16.1,1.4513467608440629,-0.5169562682724553,-2.1391723629918715,1.480414821355444,9.143354285805358,1.3315936933426156,-1.430090304082393,1787248635.1578681
4.300525665283203,up0,drive,1.6,0.28,0.31799999999999995,5721.6,5498.0,14.13,0.123,16.0,1.4292494480152393,-0.7650389844339358,-1.8014427273141393,1.5266913014584806,9.14767522831255,1.3026012853021114,-1.4010721979300205,1787248635.176328
4.32056999206543,up0,drive,1.6,0.28,0.31799999999999995,5721.6,5557.0,13.61,0.124,16.0,1.3891290593512504,-0.7555446407023254,-1.856747157124687,1.4615645346016057,9.150481666256583,1.2856017165834004,-1.385686262493342,1787248635.1894844
4.340484380722046,up0,drive,1.6,0.28,0.31799999999999995,5721.6,5610.0,13.06,0.122,16.1,1.3847998246832174,-0.10246969040138065,-3.04720347742915,1.68219335448051,9.157723758285307,1.2356460974663703,-1.3415108656164836,1787248635.2178106
4.360271692276001,up0,drive,1.6,0.28,0.31799999999999995,5721.6,5637.0,12.94,0.123,16.0,1.390494728358243,-0.40558420079567625,-2.782957265803077,1.6197107880405,9.164983899091476,1.2052224723555747,-1.313786849781842,1787248635.2378426
4.384570360183716,up0,drive,1.6,0.28,0.31799999999999995,5721.6,5671.0,12.64,0.123,16.1,1.414095395622416,-0.3459456683777411,-2.401856490889571,1.6382127847283092,9.17334494006034,1.1743216622839858,-1.2847850751757173,1787248635.2571137
4.400455713272095,up0,drive,1.6,0.28,0.31799999999999995,5721.6,5713.0,12.09,0.124,16.1,1.5211089313889612,0.11086175170888168,-2.002393411516408,1.649030950365658,9.182305951899698,1.1443451994113998,-1.2568237736260597,1787248635.276608
4.420860052108765,up0,drive,1.6,0.28,0.31799999999999995,5721.6,5747.0,11.62,0.124,16.1,1.5549109703667376,-0.402144539495886,-2.11306308218289,1.6811791634973474,9.192532874779468,1.113440006119166,-1.2253749079837262,1787248635.2969487
4.440481901168823,up0,drive,1.6,0.28,0.31799999999999995,5721.6,5766.0,11.55,0.123,16.1,1.408034839929723,-0.6379077199271279,-2.324061037470557,1.8498736782509195,9.20287738654749,1.0758823012581002,-1.1907261590034155,1787248635.317672
4.460354804992676,up0,drive,1.6,0.28,0.31799999999999995,5721.6,5790.0,11.27,0.124,16.1,1.372381770836287,0.13493716982890014,-3.086007648684216,1.752695918411931,9.215111770851557,1.0455516144057406,-1.1635044636516247,1787248635.3373837
4.480396747589111,up0,drive,1.6,0.28,0.31799999999999995,5721.6,5803.0,11.13,0.124,16.1,1.4444246725387289,0.0485810634226187,-2.4755088994808148,1.7202953346174956,9.228262346831714,1.0156488986701837,-1.1353731272927594,1787248635.356614
4.5006103515625,up0,drive,1.6,0.28,0.31799999999999995,5721.6,5836.0,10.75,0.126,16.1,1.4676780635967561,-0.42464692863026343,-1.7332215052140043,1.6414220566657047,9.235579286444189,0.9998305768340496,-1.11970109959294,1787248635.368573
4.520289897918701,up0,drive,1.6,0.28,0.31799999999999995,5721.6,5860.0,10.3,0.124,16.1,1.481070701244601,-0.1190443182341232,-2.3616375857468768,1.7391357547691113,9.256997934912672,0.950244894698974,-1.0729177141077748,1787248635.399146
4.540311574935913,up0,drive,1.6,0.28,0.31799999999999995,5721.6,5867.0,10.32,0.123,16.1,1.4886395382206605,-0.234502959223839,-2.6587311174272656,1.7784881939751531,9.272811253595139,0.9216081779173256,-1.0432550832112653,1787248635.417423
4.560320615768433,up0,drive,1.6,0.28,0.31799999999999995,5721.6,5889.0,10.07,0.124,16.1,1.4758928502952142,0.1284041668636995,-2.6509139744871106,1.6990424040537409,9.289513344859328,0.8933735302549145,-1.0135729277128294,1787248635.4375367
4.5831170082092285,up0,drive,1.6,0.28,0.31799999999999995,5721.6,5897.0,9.88,0.124,16.1,1.511136591529105,-0.056330378658303815,-2.381096243188267,1.7561091219197,9.29818423518838,0.879457539702251,-0.998726954835022,1787248635.4462154
4.6023454666137695,up0,drive,1.6,0.28,0.31799999999999995,5721.6,5887.0,10.13,0.123,16.1,1.4463958112195514,-0.503417076395138,-2.3180907376732307,1.653797670327867,9.32824615163755,0.8343265976223379,-0.9500180413482608,1787248635.480806
4.623652219772339,up0,drive,1.6,0.28,0.31799999999999995,5721.6,5884.0,10.18,0.124,16.1,1.4251586994228234,0.2055051537589847,-2.723358640633677,1.668050461563162,9.34468953394796,0.8116015333588212,-0.9255804409673156,1787248635.4984217
4.640278577804565,up0,drive,1.6,0.28,0.31799999999999995,5721.6,5897.0,9.81,0.124,16.1,1.539151048825921,0.3881882949443174,-2.804640496534603,1.4488774290572468,9.358172664984416,0.7912134346337263,-0.8996974126789536,1787248635.5194712
4.660323619842529,up0,drive,1.6,0.28,0.31799999999999995,5721.6,5918.0,9.4,0.123,16.1,1.5114499124313527,-0.13045216336985188,-1.847727534234167,1.57560274547054,9.377540096483836,0.7671407621859485,-0.8706897135325956,1787248635.5376549
4.681035757064819,up0,drive,1.6,0.28,0.31799999999999995,5721.6,5900.0,9.78,0.125,16.1,1.3851746646066463,-0.020582464929041144,-2.3444637279194183,1.6886707733847954,9.388150071091712,0.754546881737239,-0.8555343416868313,1787248635.546089
4.7005486488342285,up0,drive,1.6,0.28,0.31799999999999995,5721.6,5914.0,9.46,0.125,16.1,1.3955817655144578,0.05884910345343819,-2.5770396640523643,1.648380015445173,9.421059941250698,0.7177037363200308,-0.8134454657803815,1787248635.5778785
4.720381021499634,up0,drive,1.6,0.28,0.31799999999999995,5721.6,5907.0,9.56,0.124,16.1,1.4697143165662305,0.10035625075849364,-2.7472538731411476,1.7216218461332053,9.447286957168302,0.690398377368598,-0.7813582524303818,1787248635.5990446
4.74048113822937,up0,drive,1.6,0.28,0.31799999999999995,5721.6,5919.0,9.39,0.126,16.1,1.5068398474263711,0.2584294012461896,-2.4853015243136554,2.664276462423725,9.497727801676035,0.6338281089865635,-0.72790638007795,1787248635.6177497
4.760386228561401,up0,drive,1.6,0.28,0.31799999999999995,5721.6,5926.0,9.13,0.124,16.1,1.5732196702288144,0.22172644529826435,-2.3401321103787893,2.1488676819294223,9.522621404682296,0.6119727035808886,-0.6974421274787747,1787248635.6377523
4.780944585800171,up0,drive,1.6,0.28,0.31799999999999995,5721.6,5912.0,9.46,0.123,16.1,1.553078715536763,-0.1812705634585683,-2.135796765251314,1.9636245872686073,9.548710771855651,0.5904660589699856,-0.6653028815344144,1787248635.65657
4.800871849060059,dn0,drive,1.2,0.28,0.31799999999999995,4291.2,5909.0,9.5,0.124,16.1,1.4605262776474026,-0.16432993645542382,-2.8426342436655716,1.7761601548506263,9.574273800758851,0.570724713440848,-0.6354689254180504,1787248635.6778731
4.820275783538818,dn0,drive,1.2,0.28,0.31799999999999995,4291.2,5912.0,9.3,0.123,16.1,1.4346982756055418,0.11942997866799754,-2.9989496205539297,1.7107750534181676,9.601000165454467,0.5513140199150007,-0.6064217405786939,1787248635.6978195
4.840292692184448,dn0,drive,1.2,0.28,0.31799999999999995,4291.2,5778.0,3.45,0.089,16.1,1.463026719594878,0.35061368355826517,-2.1066223738662018,1.447211535035554,9.611510824123492,0.5471437903818163,-0.5813215091444042,1787248635.7175496
4.860511541366577,dn0,drive,1.2,0.28,0.31799999999999995,4291.2,5686.0,-2.53,0.077,16.1,1.5482927487417815,1.9367796091676297,-1.89463682381259,1.5250068739328322,9.63842253102004,0.529806934525716,-0.5516280167952893,1787248635.7374444
4.881185293197632,dn0,drive,1.2,0.28,0.31799999999999995,4291.2,5544.0,-9.01,0.076,16.1,1.4896826984196445,2.555382453431605,-1.520867288197735,1.6142488183457822,9.652332082750783,0.5212477274990093,-0.5360694842623964,1787248635.7464058
4.900653600692749,dn0,drive,1.2,0.28,0.31799999999999995,4291.2,5547.0,-6.14,0.081,16.1,1.3160139689939425,2.869803332356895,-1.2423477301926766,1.574004249370963,9.692427734714053,0.49839260356924436,-0.4933160191678246,1787248635.7776542
4.920488357543945,dn0,drive,1.2,0.28,0.31799999999999995,4291.2,5503.0,-3.93,0.08,16.1,1.3029098848502074,2.2960367934534816,-2.744670573155389,1.6153476821506172,9.722460076168097,0.48224556064864826,-0.46513404222917804,1787248635.7975733
4.940248012542725,dn0,drive,1.2,0.28,0.31799999999999995,4291.2,5403.0,-2.65,0.085,16.1,1.3927510915918127,2.091877010983481,-2.4520609789898913,1.8027653839766655,9.762465351869537,0.4598469577623074,-0.42634377097533677,1787248635.8190787
4.960427522659302,dn0,drive,1.2,0.28,0.31799999999999995,4291.2,5265.0,-0.83,0.085,16.1,1.448018342113682,1.3081895739616556,-1.8746200496132985,1.7166438512049131,9.789687725482269,0.44781884705011865,-0.3982919722754031,1787248635.8376505
4.982716798782349,dn0,drive,1.2,0.28,0.31799999999999995,4291.2,5135.0,0.92,0.086,16.1,1.3984671673975042,0.9162343198074012,-1.6791309574248316,1.7495338378957455,9.803900636211564,0.4418383196418713,-0.3837462688159916,1787248635.846094
5.003241777420044,dn0,drive,1.2,0.28,0.31799999999999995,4291.2,5075.0,0.94,0.088,16.1,1.34292601075752,1.3570996346415427,-1.8692002651932,1.7537667461948694,9.843524586935116,0.42674365919977153,-0.3424327269932257,1787248635.8773623
5.02037787437439,dn0,drive,1.2,0.28,0.31799999999999995,4291.2,5078.0,0.0,0.087,16.1,1.3377062150209649,1.4175808970514368,-1.7130375006398992,1.6580454522424113,9.87172389767117,0.4169052290717041,-0.31544042209538187,1787248635.8962953
5.0403008460998535,dn0,drive,1.2,0.28,0.31799999999999995,4291.2,5019.0,0.84,0.087,16.1,1.3155572368669939,1.144706972180714,-1.6389509362678893,1.3314565469934287,9.878632617354691,0.41584580915392333,-0.2920926918035847,1787248635.9191263
5.060277938842773,dn0,drive,1.2,0.28,0.31799999999999995,4291.2,4927.0,2.04,0.086,16.1,1.2471579390099437,0.8354961818952162,-1.153565431182919,1.4418389482831544,9.90533691463493,0.40808132545707,-0.26615320182323815,1787248635.93732
5.080749988555908,dn0,drive,1.2,0.28,0.31799999999999995,4291.2,4819.0,3.23,0.092,16.1,1.1968332491551523,1.084479405850793,-1.8403615040008958,1.4772598581897685,9.93305778559103,0.40071015043752717,-0.24111265432813017,1787248635.9561589
5.1004719734191895,dn0,drive,1.2,0.28,0.31799999999999995,4291.2,4700.0,4.77,0.095,16.1,1.2307065276920883,0.5848744218633399,-1.499494544630636,1.4643268276497254,9.959127538356952,0.3945786768283236,-0.21749935123964106,1787248635.9760585
5.120782852172852,dn0,drive,1.2,0.28,0.31799999999999995,4291.2,4624.0,5.29,0.094,16.1,1.2347418825338308,0.37392974933058554,-1.3919572275231644,1.0661668139015097,9.976020003977984,0.3890303727224552,-0.1903908705003361,1787248635.999591
5.140360593795776,dn0,drive,1.2,0.28,0.31799999999999995,4291.2,4564.0,5.93,0.095,16.1,1.2435155335870423,0.683028199980555,-1.503746932395785,1.2344429158569836,10.001474400179374,0.38437198239460985,-0.16559153336710786,1787248636.0193393
5.160394906997681,dn0,drive,1.2,0.28,0.31799999999999995,4291.2,4554.0,5.55,0.097,16.1,1.2335398647758236,0.4653691328817722,-1.2518520872815202,1.3341186653969987,10.026962601798148,0.38034402744166246,-0.1407082539863007,1787248636.0379682
5.1805431842803955,dn0,drive,1.2,0.28,0.31799999999999995,4291.2,4520.0,5.79,0.096,16.1,1.175569772063633,0.21782107152438357,-1.059895663670794,1.417819904325516,10.039927230962464,0.3785076617951307,-0.12848839262914669,1787248636.0460854
5.20136022567749,dn0,drive,1.2,0.28,0.31799999999999995,4291.2,4467.0,6.52,0.092,16.1,1.1185528247055812,0.3160599631780805,-0.999263689271011,1.2704754019035083,10.065259785422374,0.3754573757482639,-0.10479058626598617,1787248636.068366
5.220267057418823,dn0,drive,1.2,0.28,0.31799999999999995,4291.2,4416.0,7.36,0.093,16.1,1.1073691460239026,0.45357149771593797,-1.3982561408542153,1.1508636844302367,10.080597023262749,0.3718426069641364,-0.07889075264408031,1787248636.0994143
5.240329742431641,dn0,drive,1.2,0.28,0.31799999999999995,4291.2,4359.0,8.02,0.094,16.1,1.1333504129864975,0.24914533801647565,-1.6480775632094264,1.2557212221412677,10.10512783230209,0.3700778315265136,-0.056606484475782766,1787248636.1184278
5.26028037071228,dn0,drive,1.2,0.28,0.31799999999999995,4291.2,4317.0,8.24,0.095,16.1,1.1934800630266336,0.1924408471757051,-1.6803313908496307,1.2718670428147865,10.129417006851696,0.3688792060104659,-0.033659825221354744,1787248636.1372962
5.282865047454834,dn0,drive,1.2,0.28,0.31799999999999995,4291.2,4305.0,8.23,0.093,16.1,1.1994432801814845,0.10602857095165952,-1.2518664129604815,1.291892819250373,10.154393962575748,0.36818816273791705,-0.009661102636137944,1787248636.1562142
5.301251411437988,dn0,drive,1.2,0.28,0.31799999999999995,4291.2,4292.0,8.47,0.095,16.1,1.1921042740074987,-0.142376683120772,-0.9679984796595349,1.2095105728423496,10.166083214728808,0.3681211044190856,0.0023432993395406266,1787248636.167705
5.320406913757324,dn0,drive,1.2,0.28,0.31799999999999995,4291.2,4282.0,8.38,0.096,16.1,1.1667881315271509,0.05660187676981776,-1.2938289578853244,1.2689241140179157,10.202618293701478,0.3686848872765585,0.038347648177339065,1787248636.1969512
5.340329885482788,dn0,drive,1.2,0.28,0.31799999999999995,4291.2,4294.0,8.08,0.094,16.1,1.1430966504698061,0.1562017947194505,-1.3253922293274343,1.1423785877732073,10.209359474737377,0.36621696651302055,0.0544474661780644,1787248636.217581
5.360461473464966,dn0,drive,1.2,0.28,0.31799999999999995,4291.2,4288.0,8.3,0.091,16.1,1.0987747922910804,0.12322113987000627,-1.218787470066225,1.1741302579169783,10.233328088522166,0.3676680486629664,0.07708186409477043,1787248636.2374127
5.380441665649414,dn0,drive,1.2,0.28,0.31799999999999995,4291.2,4262.0,8.78,0.096,16.1,1.0680991712750028,0.2141839205074838,-1.4833489197196457,1.222222280926165,10.257399823171202,0.3696605404602547,0.09909460076122364,1787248636.2563026
5.400533437728882,dn0,drive,1.2,0.28,0.31799999999999995,4291.2,4230.0,9.08,0.094,16.1,1.1301419696632244,-0.03684724513659621,-1.6418622650657824,1.1698134422000712,10.269174527543411,0.37084510691458294,0.1096512811676143,1787248636.2675998
5.421038627624512,dn0,drive,1.2,0.28,0.31799999999999995,4291.2,4218.0,9.36,0.092,16.1,1.170315488390961,0.05831448976258313,-1.2241806496539667,1.1463631092853266,10.306034506009345,0.3753653669443121,0.14492302270869675,1787248636.2996178
5.4405035972595215,dn0,drive,1.2,0.28,0.31799999999999995,4291.2,4209.0,9.46,0.096,16.1,1.166599446563919,-0.23184985809824354,-0.9016821343200618,1.2412130966217811,10.327882942981162,0.37867504268346736,0.1666133114192177,1787248636.3161345
5.460585355758667,dn0,drive,1.2,0.28,0.31799999999999995,4291.2,4199.0,9.33,0.094,16.1,1.157162002609005,-0.21354642779370536,-1.3889640377026353,1.070671485754784,10.340963115667329,0.3778433271131549,0.1860365903716896,1787248636.3375325
5.4803197383880615,dn0,drive,1.2,0.28,0.31799999999999995,4291.2,4210.0,9.27,0.093,16.1,1.1323402759850305,-0.015482943487456602,-1.5897650331777982,1.1343518212244104,10.366348197034464,0.3827864616164617,0.21134746782731742,1787248636.3592489
5.500301122665405,dn0,drive,1.2,0.28,0.31799999999999995,4291.2,4241.0,8.86,0.096,16.1,1.115552507421498,0.024857181749918134,-1.4647623745301246,1.14640853960293,10.38725388617769,0.38737833140229716,0.23140141685297685,1787248636.3777812
5.52031683921814,dn0,drive,1.2,0.28,0.31799999999999995,4291.2,4243.0,8.79,0.097,16.1,1.091005752180074,-0.15052265886524818,-1.1183558359039623,1.040713465713676,10.403719674087775,0.38852169613141696,0.2502037412555814,1787248636.3973656
5.540636301040649,dn0,drive,1.2,0.28,0.31799999999999995,4291.2,4230.0,9.02,0.091,16.1,1.084567693402862,-0.14862704628728185,-0.7767321006155115,1.1011452003580386,10.426584494487141,0.39449600130205514,0.2719785363707014,1787248636.4176464
5.560317039489746,dn0,drive,1.2,0.28,0.31799999999999995,4291.2,4207.0,9.62,0.091,16.1,1.0774911417543034,-0.028799164577113956,-1.0615230900368786,1.1422240628740326,10.449226349491678,0.4009469835327165,0.29362960630980095,1787248636.4374669
5.580760717391968,dn0,drive,1.2,0.28,0.31799999999999995,4291.2,4186.0,9.99,0.097,16.1,1.0972889481398982,-0.028193922913548164,-1.596370048261349,1.2065010291602243,10.460602977880614,0.4043869336739083,0.30448382358693205,1787248636.4462287
5.600312232971191,dn0,drive,1.2,0.28,0.31799999999999995,4291.2,4188.0,9.52,0.094,16.1,1.1490884966063755,-0.2878929374576842,-1.2580089132661385,1.2013791727581755,10.493919272231096,0.41525593463742716,0.33733701889541207,1787248636.4778962
5.62062931060791,up1,drive,1.6,0.28,0.31799999999999995,5721.6,4189.0,9.68,0.092,16.1,1.1393453217583203,-0.24135860059901404,-1.3003351550201216,1.074669707231306,10.511454049765598,0.41833554717593513,0.3578682569810796,1787248636.4981005
5.640270709991455,up1,drive,1.6,0.28,0.31799999999999995,5721.6,4183.0,10.37,0.104,16.1,1.117132028264024,-0.020961282293054495,-1.5409247005475493,1.18236051991021,10.533406055187651,0.42668810073037305,0.38070125091007906,1787248636.516228
5.660400629043579,up1,drive,1.6,0.28,0.31799999999999995,5721.6,4312.0,17.7,0.112,16.1,1.139696060073884,-0.44747018373729475,-1.5170125111139612,1.1776773880849136,10.555780144800503,0.43575866084228365,0.40325017231909804,1787248636.538229
5.680637836456299,up1,drive,1.6,0.28,0.31799999999999995,5721.6,4422.0,22.84,0.118,16.0,1.150494911978046,-2.1051320647130325,-1.2705704871896444,1.2323929091297345,10.577485530114167,0.44516562757977163,0.42609230728220787,1787248636.5565476
5.700769901275635,up1,drive,1.6,0.28,0.31799999999999995,5721.6,4536.0,27.25,0.119,16.0,1.085692479489257,-2.8961643358104823,-1.3234032988381728,1.3719167988663106,10.600736695680396,0.45572995437971503,0.4484549541373054,1787248636.5774999
5.720351696014404,up1,drive,1.6,0.28,0.31799999999999995,5721.6,4567.0,23.11,0.117,16.0,1.0189053261980865,-2.74866597578162,-1.4264189638881817,1.282826026406345,10.625366964710294,0.46344074802064567,0.4690813855972805,1787248636.5992813
5.740479946136475,up1,drive,1.6,0.28,0.31799999999999995,5721.6,4645.0,21.95,0.118,16.0,1.085223230505185,-1.7411267949338907,-1.757670469067449,1.356038728876335,10.64821003635925,0.47510396305300745,0.48978302633607895,1787248636.6176233
5.760359525680542,up1,drive,1.6,0.28,0.31799999999999995,5721.6,4740.0,20.53,0.119,16.1,1.1873840872914423,-1.3846240878793452,-2.168052639417084,1.3362625817365648,10.67127152313367,0.48748734427954443,0.512009949913791,1787248636.6374326
5.780599594116211,up1,drive,1.6,0.28,0.31799999999999995,5721.6,4835.0,19.73,0.12,16.0,1.2579677098745754,-1.5704820845742802,-1.6110909990176765,1.3369572135917567,10.693376271427393,0.5000840928818137,0.5358403417188247,1787248636.656308
5.8004984855651855,up1,drive,1.6,0.28,0.31799999999999995,5721.6,4926.0,18.87,0.12,16.0,1.2270397543452125,-1.5117697511553132,-1.783250576837247,1.334766697368859,10.717767538608738,0.5145682768862176,0.5610706955644298,1787248636.6778576
5.820809364318848,up1,drive,1.6,0.28,0.31799999999999995,5721.6,5007.0,18.19,0.12,16.0,1.2434577429913876,-1.1539170681292603,-1.9342631136235582,1.3695117547482363,10.744841101440262,0.5269788868305346,0.5855700061318935,1787248636.6992056
5.840398788452148,up1,drive,1.6,0.28,0.31799999999999995,5721.6,5077.0,17.56,0.121,16.0,1.2899421545542846,-1.2711734813295976,-1.6282259728593829,1.4733156024256124,10.768644766324577,0.5427679686958785,0.6100293868730793,1787248636.7172678
5.8603761196136475,up1,drive,1.6,0.28,0.31799999999999995,5721.6,5158.0,16.82,0.124,16.0,1.2628840384049163,-1.2395283488648516,-1.8659641235519189,1.4493093241253572,10.790870212780034,0.5585178233744907,0.6359180488554503,1787248636.7362304
5.880438566207886,up1,drive,1.6,0.28,0.31799999999999995,5721.6,5228.0,16.08,0.123,16.1,1.3263867151236919,-0.7361303490115958,-2.2464772532672157,1.4594930467238423,10.814407219569986,0.5759828589817532,0.6614093188029653,1787248636.7565787
5.900544166564941,up1,drive,1.6,0.28,0.31799999999999995,5721.6,5303.0,15.23,0.124,16.0,1.423979451692136,-0.7084323796418843,-2.0433402950389734,1.5402336000372068,10.83714177118582,0.5937647975806146,0.6878283398012413,1787248636.7761579
5.92080283164978,up1,drive,1.6,0.28,0.31799999999999995,5721.6,5303.0,15.23,0.124,16.0,1.423979451692136,-0.7084323796418843,-2.0433402950389734,1.5402336000372068,10.83714177118582,0.5937647975806146,0.6878283398012413,1787248636.7761579
5.94056510925293,up1,drive,1.6,0.28,0.31799999999999995,5721.6,5428.0,14.09,0.123,16.1,1.336649872174585,-0.6923488083096601,-2.7061663640761253,1.944828315843618,10.899132789070684,0.6418492988871876,0.7562889933594841,1787248636.8162088
5.960280418395996,up1,drive,1.6,0.28,0.31799999999999995,5721.6,5466.0,13.75,0.122,16.1,1.344502335806738,-0.31344165298710536,-2.831697611041392,1.764874436490991,10.910721831805148,0.6526150551328843,0.7689438095335411,1787248636.8279696
5.981801509857178,up1,drive,1.6,0.28,0.31799999999999995,5721.6,5517.0,13.28,0.123,16.1,1.4027460683209345,-0.4706466837750405,-2.004319484434717,1.7133587493742726,10.93251434527046,0.6738647392025352,0.7957561349339213,1787248636.8469865
6.000990390777588,up1,drive,1.6,0.28,0.31799999999999995,5721.6,5568.0,12.67,0.125,16.0,1.4034221117636512,-0.375204040401254,-2.032045520440761,1.574146081961012,10.953959744573906,0.6959409476197972,0.8235165457322616,1787248636.8682184
6.020432710647583,up1,drive,1.6,0.28,0.31799999999999995,5721.6,5610.0,12.22,0.122,16.1,1.4626465533492694,-0.23564104670907682,-2.1980520729660498,1.6644677314059957,10.98683661007011,0.7323442918527796,0.8682801576504162,1787248636.8980334
6.040300369262695,up1,drive,1.6,0.28,0.31799999999999995,5721.6,5642.0,12.06,0.124,16.1,1.4216125672733284,-0.5986060236889514,-2.4314127054731216,1.6484545034640494,11.005124510192063,0.7541240760325942,0.8955493201952804,1787248636.9161756
6.061902761459351,up1,drive,1.6,0.28,0.31799999999999995,5721.6,5663.0,11.84,0.122,16.1,1.3333669934988441,-0.33831804832302836,-2.432141853296173,1.5814600903151625,11.02705189590084,0.7767144463179831,0.9265106520449724,1787248636.9382663
6.0803611278533936,up1,drive,1.6,0.28,0.31799999999999995,5721.6,5698.0,11.42,0.122,16.1,1.4513434318927005,0.023396570058141553,-2.514111634148037,1.7054442823006135,11.045977784678062,0.8021171570390978,0.9526800311331147,1787248636.9561498
6.100549221038818,up1,drive,1.6,0.28,0.31799999999999995,5721.6,5723.0,11.24,0.124,16.1,1.5187829264928858,-0.3762152433014059,-1.9412666164708696,1.6772737508330975,11.065927922594605,0.8305610100267163,0.9849139511677772,1787248636.977825
6.1204142570495605,up1,drive,1.6,0.28,0.31799999999999995,5721.6,5738.0,10.96,0.122,16.1,1.4695586548005155,-0.5261424271809005,-1.870840993975463,1.695108832679683,11.08221422180935,0.8553804146316507,1.0133187576014895,1787248636.9964335
6.140367031097412,up1,drive,1.6,0.28,0.31799999999999995,5721.6,5748.0,11.06,0.123,16.1,1.4232219155200632,0.0007129217989216841,-2.812997922224156,1.7050091947835875,11.102729043742604,0.8830114257192029,1.0457069618932986,1787248637.0176103
6.160295486450195,up1,drive,1.6,0.28,0.31799999999999995,5721.6,5765.0,10.76,0.124,16.1,1.4493840111206746,-0.06994021221274416,-2.684888345406648,1.6595126274813576,11.118666145901296,0.9109197104028443,1.0743050929846294,1787248637.037416
6.18047571182251,up1,drive,1.6,0.28,0.31799999999999995,5721.6,5795.0,10.25,0.124,16.1,1.4377712971873842,-0.292782196669922,-2.059461946364763,1.5941001869913691,11.13545254907821,0.9424344925317991,1.1063312859208572,1787248637.0610805
6.200620412826538,up1,drive,1.6,0.28,0.31799999999999995,5721.6,5799.0,10.31,0.122,16.1,1.4309429521524208,-0.21350469329020072,-2.254850758800501,1.7958805907202822,11.148134275986612,0.96815186033351,1.1320808447700186,1787248637.0761013
6.220297813415527,up1,drive,1.6,0.28,0.31799999999999995,5721.6,5806.0,10.37,0.124,16.1,1.4384649174932953,-0.3564656503237629,-2.1157682966202174,1.7716045940095237,11.166073270312628,0.9980992129076708,1.164917160759076,1787248637.097419
6.240492343902588,up1,drive,1.6,0.28,0.31799999999999995,5721.6,5811.0,10.12,0.124,16.1,1.4019090367903226,-0.06724361328259842,-2.5166197974094473,1.6837934331814544,11.178695357166573,1.0280227778879598,1.1935445576462456,1787248637.1176338
6.2603724002838135,up1,drive,1.6,0.28,0.31799999999999995,5721.6,5819.0,10.1,0.124,16.1,1.494760680828153,0.196473032444473,-2.674235010392948,1.6540517619089288,11.190445868233564,1.0582547290213997,1.2220048057280595,1787248637.1375072
6.2809178829193115,up1,drive,1.6,0.28,0.31799999999999995,5721.6,5827.0,9.95,0.124,16.1,1.5123364787582403,-0.29495871315435807,-2.367619872336803,1.7103211267041518,11.19601697677395,1.0735742988250574,1.2370690245873683,1787248637.1463587
6.302436590194702,up1,drive,1.6,0.28,0.31799999999999995,5721.6,5819.0,10.04,0.124,16.1,1.4591189301693503,-0.35181725986161183,-2.142345354701405,1.550824190470053,11.208199344661173,1.1093795570438847,1.2721480101663036,1787248637.1712737
6.3203442096710205,up1,drive,1.6,0.28,0.31799999999999995,5721.6,5830.0,9.86,0.123,16.1,1.4281848493694804,0.10962582385629904,-2.6062193179317887,1.687955940366849,11.226290857016739,1.1531701244827213,1.3134789152083983,1787248637.1988297
6.340366840362549,up1,drive,1.6,0.28,0.31799999999999995,5721.6,5824.0,9.98,0.125,16.1,1.4815271670554406,0.09215236016775741,-2.4573418920323036,1.7216654552858877,11.234358612460078,1.1847260150412944,1.3423224693478515,1787248637.2176247
6.360324859619141,up1,drive,1.6,0.28,0.31799999999999995,5721.6,5838.0,9.68,0.125,16.1,1.4913491714717617,-0.009190854953716965,-1.9284147282778008,1.6810616114456254,11.241523976239119,1.2165746579390826,1.3720209487909294,1787248637.2374167
6.381202220916748,up1,drive,1.6,0.28,0.31799999999999995,5721.6,5850.0,9.5,0.125,16.1,1.4665396953888015,-0.023855343531485218,-2.233945792505608,1.6897701082174512,11.24781939567778,1.2491004205655223,1.4023778553057626,1787248637.256798
6.400315761566162,up1,drive,1.6,0.28,0.31799999999999995,5721.6,5846.0,9.55,0.124,16.1,1.4374036477988987,-0.2668946349789465,-2.2863450330949604,1.636144496972153,11.253018132294597,1.2809175423626065,1.430930591620091,1787248637.2779574
6.420473337173462,dn1,drive,1.2,0.28,0.31799999999999995,4291.2,5856.0,9.39,0.123,16.1,1.401179863283859,-0.0003689501871777523,-2.9271083870885093,1.6901446959870574,11.257518838413432,1.3147207292401928,1.4609832926533597,1787248637.2974815
6.440385341644287,dn1,drive,1.2,0.28,0.31799999999999995,4291.2,5840.0,9.37,0.115,16.1,1.4750488945457683,0.33780484549227907,-2.8136911096694064,1.922693301774408,11.26560415631462,1.357901769068236,1.4989683023238534,1787248637.3178184
6.46052360534668,dn1,drive,1.2,0.28,0.31799999999999995,4291.2,5694.0,2.47,0.086,16.1,1.4973727092253029,0.4635280273195477,-2.0872344677372325,1.7725160778983446,11.267610197326308,1.3898413020622855,1.528578018276492,1787248637.3373778
6.480271100997925,dn1,drive,1.2,0.28,0.31799999999999995,4291.2,5539.0,-2.35,0.079,16.1,1.5204729685206502,1.6185657874667356,-1.8892187935572622,1.7447522015501096,11.268779793549026,1.423839803321281,1.5599549609363734,1787248637.3570886
6.500277996063232,dn1,drive,1.2,0.28,0.31799999999999995,4291.2,5501.0,-9.17,0.079,16.1,1.435560207692346,2.5971850770015124,-2.0034628673049895,1.718507504685089,11.268746176433147,1.4535317635472287,1.5893702348438479,1787248637.3763733
6.5211875438690186,dn1,drive,1.2,0.28,0.31799999999999995,4291.2,5570.0,-5.69,0.077,16.1,1.3135028744021067,2.944909066460724,-1.8112163486952966,1.159230845634032,11.26853653805775,1.4698874109705917,1.6173985797461274,1787248637.3994539
6.540546178817749,dn1,drive,1.2,0.28,0.31799999999999995,4291.2,5486.0,-4.35,0.081,16.1,1.3435687646866108,2.018976846718104,-2.0083251196887772,1.463534763317789,11.266853768711641,1.500709416569842,1.6438302783741843,1787248637.4175353
6.560316562652588,dn1,drive,1.2,0.28,0.31799999999999995,4291.2,5347.0,-2.31,0.084,16.1,1.345780120497758,1.618355580055038,-1.914314751850327,1.4895521627370836,11.264374163792844,1.5307903475689588,1.6706989134036985,1787248637.4373152
6.580654144287109,dn1,drive,1.2,0.28,0.31799999999999995,4291.2,5187.0,0.08,0.086,16.1,1.3528850348119261,1.1683329403958709,-1.6161733990801963,1.5403230725923915,11.261074463450827,1.5616120307135166,1.6976949192249173,1787248637.4566646
6.600412845611572,dn1,drive,1.2,0.28,0.31799999999999995,4291.2,5077.0,0.98,0.085,16.1,1.33830209731487,1.0295725867216206,-1.570431798517518,1.428962729601366,11.257177127456618,1.5886025562423203,1.7246621439090049,1787248637.4777079
6.62078595161438,dn1,drive,1.2,0.28,0.31799999999999995,4291.2,5019.0,1.15,0.087,16.1,1.3153323329129365,1.3659343393291437,-1.9928142100640116,1.3979344279628756,11.252519606603656,1.6166926795998648,1.7513367030697244,1787248637.498605
6.640653133392334,dn1,drive,1.2,0.28,0.31799999999999995,4291.2,4992.0,0.88,0.087,16.1,1.3055378922138976,1.3633210723618845,-2.0774380422140553,1.334537985760329,11.250287657558445,1.6352740129438565,1.7776201069175845,1787248637.5165038
6.660309076309204,dn1,drive,1.2,0.28,0.31799999999999995,4291.2,4925.0,1.5,0.085,16.1,1.2909694689447828,0.8903467215713263,-1.2989671988597138,1.3100114969503935,11.244560362447785,1.6609353171265904,1.8031689736919656,1787248637.5373693
6.680603265762329,dn1,drive,1.2,0.28,0.31799999999999995,4291.2,4835.0,2.62,0.088,16.1,1.2486751418829618,1.1311116104856325,-1.1630643795970528,1.4132162315035295,11.237775823478668,1.6887984572310446,1.829066896837345,1787248637.5561965
6.7005250453948975,dn1,drive,1.2,0.28,0.31799999999999995,4291.2,4744.0,3.68,0.094,16.1,1.2343009962153682,0.8080244997809345,-1.4041518886487836,1.3890487203134896,11.232928664748712,1.7071470516800618,1.846205271464182,1787248637.5704372
6.720351934432983,dn1,drive,1.2,0.28,0.31799999999999995,4291.2,4642.0,4.95,0.093,16.1,1.2061122350252065,0.783035837899682,-1.727915449143211,1.5038762592078094,11.224272462931351,1.7441028250269983,1.8861806637428513,1787248637.5978563
6.740282773971558,dn1,drive,1.2,0.28,0.31799999999999995,4291.2,4565.0,5.8,0.093,16.1,1.1828951961160592,0.5902241858730051,-1.6530462349226411,1.4044355083493396,11.216052023306013,1.7684948177779514,1.9100656880044535,1787248637.6174664
6.760265111923218,dn1,drive,1.2,0.28,0.31799999999999995,4291.2,4495.0,6.46,0.096,16.1,1.2077873633508662,0.25101198860317453,-1.3282152651651984,1.3323150130737527,11.207350053834103,1.7924277643006663,1.933844603698735,1787248637.6374722
6.780710697174072,dn1,drive,1.2,0.28,0.31799999999999995,4291.2,4457.0,6.44,0.095,16.1,1.2140439276997894,0.42087346439263484,-1.4300983244948782,1.3907311744582191,11.202650037488336,1.8047999069924727,1.945959735115764,1787248637.6461391
6.800372123718262,dn1,drive,1.2,0.28,0.31799999999999995,4291.2,4442.0,6.49,0.094,16.1,1.1865618363048802,0.3563439185976911,-1.0898247844485311,1.2951418982318494,11.18851265162153,1.8390846497483264,1.9821682293350782,1787248637.677597
6.820359230041504,dn1,drive,1.2,0.28,0.31799999999999995,4291.2,4423.0,6.73,0.094,16.1,1.1418922358668178,0.22947914095564315,-0.7097480763101629,1.4234893676509728,11.189176901691884,1.8356593829446537,1.9996174985787238,1787248637.696005
6.840601682662964,dn1,drive,1.2,0.28,0.31799999999999995,4291.2,4394.0,7.02,0.094,16.1,1.1195006437375405,0.26326077302099193,-0.9561776018104879,1.278867743719609,11.178919940554946,1.8576228356069018,2.0221327333909556,1787248637.7175882
6.86027455329895,dn1,drive,1.2,0.28,0.31799999999999995,4291.2,4354.0,7.48,0.092,16.1,1.1025275857411656,0.21567353530376465,-1.5043629365911215,1.2478975482654422,11.168081227871943,1.8795998440410895,2.0444360464592326,1787248637.7374809
6.882542133331299,dn1,drive,1.2,0.28,0.31799999999999995,4291.2,4310.0,8.19,0.091,16.1,1.1075352606968962,0.2579237632510143,-1.5753136390745794,1.3038772832284151,11.162382208399212,1.8907187262595335,2.0555118464957443,1787248637.7461908
6.900285243988037,dn1,drive,1.2,0.28,0.31799999999999995,4291.2,4264.0,8.82,0.094,16.1,1.1378817815812674,0.018592337587774566,-1.550222943275827,1.2137217089811254,11.145306195648152,1.9221268732369947,2.089004409908939,1787248637.777816
6.920413970947266,dn1,drive,1.2,0.28,0.31799999999999995,4291.2,4247.0,8.64,0.093,16.1,1.186149312652027,-0.13154683527701305,-0.9783900055811969,1.2022957730204822,11.133331741804279,1.9427845209050143,2.1119968905174282,1787248637.7978442
6.940345525741577,dn1,drive,1.2,0.28,0.31799999999999995,4291.2,4251.0,8.52,0.093,16.1,1.1738610879082378,-0.025653115742106714,-1.367363545076131,1.137169437528396,11.133135745939795,1.9456717527738339,2.12975085006465,1787248637.8177087
6.960274934768677,dn1,drive,1.2,0.28,0.31799999999999995,4291.2,4250.0,8.73,0.098,16.1,1.1623056319383842,-0.030511741024779937,-1.7251342208991503,1.1679496464715362,11.12036088548334,1.9658120263994383,2.153198602039015,1787248637.837531
6.981019496917725,dn1,drive,1.2,0.28,0.31799999999999995,4291.2,4257.0,8.2,0.095,16.1,1.1373341025030927,-0.02482317653493471,-1.4758472340774347,1.234995242740942,11.113753839759662,1.9758438703070649,2.164856473477054,1787248637.846164
7.000543594360352,dn1,drive,1.2,0.28,0.31799999999999995,4291.2,4253.0,8.47,0.093,16.1,1.1042981883919047,0.09835921639344214,-0.6957858749073935,1.1543209327857449,11.10033635277179,1.995453590171307,2.1876953273752333,1787248637.8678522
7.0203399658203125,dn1,drive,1.2,0.28,0.31799999999999995,4291.2,4232.0,8.99,0.092,16.1,1.0599230669913777,0.16222742379725474,-0.9850176786263702,1.0146714252927298,11.09123010561691,2.0136952649044777,2.2160012851474553,1787248637.9001296
7.040397644042969,dn1,drive,1.2,0.28,0.31799999999999995,4291.2,4190.0,9.57,0.095,16.1,1.0831608119780005,-0.36291355802503134,-1.5870501708342317,1.2279413760513975,11.077013775732059,2.032360554663999,2.237288569758464,1787248637.9172866
7.060398578643799,dn1,drive,1.2,0.28,0.31799999999999995,4291.2,4198.0,9.13,0.092,16.1,1.085076490329122,-0.35638229095205176,-1.3902603654682366,1.1915900870674394,11.06237364073155,2.050757828038231,2.2589617234376607,1787248637.9374747
7.081164121627808,dn1,drive,1.2,0.28,0.31799999999999995,4291.2,4195.0,9.38,0.093,16.1,1.1242963310705005,0.018045019906743676,-1.4795955918317816,1.2243908633263136,11.04725738803896,2.0689392461848204,2.280714017270752,1787248637.9561527
7.100662708282471,dn1,drive,1.2,0.28,0.31799999999999995,4291.2,4189.0,9.42,0.095,16.1,1.1827829438761124,-0.019288667911572688,-1.3330737168586495,1.1587157977114304,11.039617744741067,2.0778145883569668,2.292185226013139,1787248637.9677994
7.1209330558776855,dn1,drive,1.2,0.28,0.31799999999999995,4291.2,4206.0,9.03,0.097,16.1,1.1644928861416661,-0.1842608662162455,-1.2775713587897997,1.2815209713123932,11.022877605818234,2.096605500921048,2.3171704261307333,1787248637.9890163
7.140355825424194,dn1,drive,1.2,0.28,0.31799999999999995,4291.2,4223.0,8.79,0.092,16.1,1.1087844829852251,-0.048998189187068775,-0.80569423806336,1.3912212091733014,10.998998532304524,2.127393876045854,2.354311030953365,1787248638.0176473
7.160431861877441,dn1,drive,1.2,0.28,0.31799999999999995,4291.2,4221.0,9.13,0.096,16.1,1.0717049582329157,0.07932722298744288,-0.9315650620921687,1.2825369162838935,10.982317888072508,2.143956637498599,2.376216322479146,1787248638.0375187
7.18055534362793,dn1,drive,1.2,0.28,0.31799999999999995,4291.2,4204.0,9.27,0.094,16.1,1.1258456250346542,-0.19457060420547023,-1.3687490428842466,1.310092127341449,10.973791589775594,2.152148169467523,2.386967119781429,1787248638.0461216
7.200485944747925,up2,drive,1.6,0.28,0.31799999999999995,5721.6,4192.0,9.44,0.091,16.1,1.1321623768242133,-0.17389492186415723,-1.4785723290488306,1.3091897278400788,10.947153747200929,2.1766304646826407,2.4212590552078472,1787248638.0769053
7.220303058624268,up2,drive,1.6,0.28,0.31799999999999995,5721.6,4192.0,9.72,0.1,16.1,1.115886734138303,0.024478414635416446,-1.6288074784808941,0.9331164465334174,10.941959876124846,2.1827549707866085,2.4382488020762882,1787248638.0990222
7.240386247634888,up2,drive,1.6,0.28,0.31799999999999995,5721.6,4290.0,17.58,0.112,16.1,1.1401934054074563,-0.6607454834386175,-1.4984250888420547,1.1195544109562785,10.923701140563724,2.1980942791166704,2.460680107380004,1787248638.117572
7.260303497314453,up2,drive,1.6,0.28,0.31799999999999995,5721.6,4419.0,22.87,0.125,16.0,1.1480324200761043,-1.8381024321369352,-1.5332063755561478,1.169426725859088,10.904646834397964,2.2134139155662185,2.483516325789404,1787248638.1375806
7.2805702686309814,up2,drive,1.6,0.28,0.31799999999999995,5721.6,4582.0,25.79,0.117,16.0,1.0716068207467462,-2.80868472341362,-1.3588418126197155,1.2396337269551094,10.89515406248168,2.2207520857908767,2.4950674786037568,1787248638.1461298
7.301129579544067,up2,drive,1.6,0.28,0.31799999999999995,5721.6,4608.0,22.58,0.114,16.0,1.0228225032664566,-2.5334802444645277,-1.3008681287496415,1.255403421314064,10.864651636683,2.243371427702307,2.527899251741649,1787248638.1765497
7.320506572723389,up2,drive,1.6,0.28,0.31799999999999995,5721.6,4671.0,21.56,0.12,16.0,1.0957441149705704,-1.9267602585381667,-1.2102372324322843,1.2353510898329354,10.853963702256893,2.251008113899593,2.537556881445416,1787248638.1876016
7.34040641784668,up2,drive,1.6,0.28,0.31799999999999995,5721.6,4754.0,20.31,0.12,16.0,1.2095373265031573,-1.8824311991571534,-1.6112228537362796,1.1974770527594019,10.830532271200072,2.26920901816537,2.567566389356148,1787248638.2172759
7.360445499420166,up2,drive,1.6,0.28,0.31799999999999995,5721.6,4825.0,19.64,0.12,16.0,1.199372040622325,-1.8015118706421873,-2.181353886152266,1.2560207731922024,10.808114516211544,2.283590406375023,2.5917084994030053,1787248638.237486
7.380568742752075,up2,drive,1.6,0.28,0.31799999999999995,5721.6,4904.0,18.99,0.119,16.0,1.192915472875537,-1.3137334655392863,-2.0724734635519724,1.3284193083968874,10.797054951450388,2.290369320505573,2.6037678127776456,1787248638.246149
7.400233030319214,up2,drive,1.6,0.28,0.31799999999999995,5721.6,4991.0,18.15,0.119,16.0,1.3274462537633802,-0.7989439196646302,-2.242908697401873,1.3523175920752737,10.760882649856404,2.311561028530999,2.641076540828195,1787248638.2778134
7.420472621917725,up2,drive,1.6,0.28,0.31799999999999995,5721.6,5078.0,17.28,0.12,16.1,1.3867366085859776,-1.3427670852015439,-1.5828603482792403,1.2441965523502105,10.743149976654204,2.325125602981505,2.664757497016423,1787248638.2976122
7.440423488616943,up2,drive,1.6,0.28,0.31799999999999995,5721.6,5147.0,16.71,0.123,16.1,1.3036427867821974,-1.388585576653341,-1.6781828313662288,1.3621756099015154,10.716666947202905,2.3387681789542665,2.6923388229816285,1787248638.3177655
7.460456371307373,up2,drive,1.6,0.28,0.31799999999999995,5721.6,5220.0,16.02,0.124,16.0,1.305365985165533,-0.959407384604475,-2.015030122164262,1.4021384264105214,10.690657032691542,2.351188471001458,2.7184014300650308,1787248638.3377101
7.4818243980407715,up2,drive,1.6,0.28,0.31799999999999995,5721.6,5288.0,15.3,0.125,16.0,1.3811269260658348,-0.8171622364326865,-2.0835238245254573,1.4560305441330335,10.663751580791155,2.363085705873682,2.7458732355974673,1787248638.357141
7.500286340713501,up2,drive,1.6,0.28,0.31799999999999995,5721.6,5354.0,14.59,0.124,16.0,1.398310440367353,-0.5969623712987371,-2.379443527613404,1.466321740983577,10.636604893605684,2.3744231054688996,2.7725005555709132,1787248638.3775012
7.52056097984314,up2,drive,1.6,0.28,0.31799999999999995,5721.6,5409.0,14.1,0.124,16.0,1.377050025911087,-0.9112021327114448,-2.127725853140987,1.5003586607129467,10.607051649433899,2.385596787664363,2.803196244682458,1787248638.3980842
7.540659189224243,up2,drive,1.6,0.28,0.31799999999999995,5721.6,5462.0,13.63,0.126,16.1,1.3408446172075688,-0.8387094463042786,-2.1345656339430263,2.0108368249946724,10.559048991282667,2.4075338399747883,2.8416936348082453,1787248638.4173896
7.560330629348755,up2,drive,1.6,0.28,0.31799999999999995,5721.6,5507.0,13.03,0.122,16.1,1.3740618260099635,-0.30594088097237915,-2.6693134087677493,1.7843327418265649,10.528134607946575,2.4168475540425756,2.8709456572957652,1787248638.4379828
7.580673933029175,up2,drive,1.6,0.28,0.31799999999999995,5721.6,5546.0,12.83,0.125,16.1,1.3940645626414396,-0.39967094789849966,-1.9396562932113,1.6502262668301497,10.515407787148286,2.420476469768724,2.882591636929389,1787248638.4478788
7.60041618347168,up2,drive,1.6,0.28,0.31799999999999995,5721.6,5609.0,11.83,0.123,16.0,1.3868002581360306,-0.3631816894192639,-2.086770491155363,1.6023467220271599,10.46987378662405,2.432024260791129,2.924353171274577,1787248638.4777625
7.620393514633179,up2,drive,1.6,0.28,0.31799999999999995,5721.6,5639.0,11.72,0.121,16.0,1.3836501380406303,-0.596402281105469,-2.2168535033399905,1.3724068338859317,10.446910554750602,2.44030559225232,2.952346040582004,1787248638.4997976
7.640413761138916,up2,drive,1.6,0.28,0.31799999999999995,5721.6,5646.0,11.96,0.123,16.1,1.3773150104395497,0.0830658140639775,-2.8724635232317723,1.5925607248779758,10.416210002974571,2.4460139640126393,2.979848621229209,1787248638.5177426
7.6604719161987305,up2,drive,1.6,0.28,0.31799999999999995,5721.6,5683.0,11.4,0.122,16.1,1.48692299774005,-0.08293209554530545,-2.490376907717092,1.6338939654176194,10.38564672065196,2.4507850612295266,3.0074026791162236,1787248638.5360882
7.6805579662323,up2,drive,1.6,0.28,0.31799999999999995,5721.6,5715.0,10.94,0.122,16.1,1.4991996377330972,0.01391501711131804,-2.2351699071548126,1.544767642772863,10.369564805661886,2.4530087945617476,3.0228122056288402,1787248638.5482328
7.700747728347778,up2,drive,1.6,0.28,0.31799999999999995,5721.6,5742.0,10.65,0.124,16.1,1.5000221550357682,-0.25107934122135234,-1.7244837181299886,1.5767458006969812,10.321336684873568,2.458079765291589,3.0686073327625527,1787248638.579206
7.720406532287598,up2,drive,1.6,0.28,0.31799999999999995,5721.6,5759.0,10.57,0.121,16.1,1.4520303942958865,-0.4033243249395291,-1.8307220762247027,1.4570124770189743,10.29538590826302,2.4643410694431855,3.098283026277888,1787248638.599129
7.740325212478638,up2,drive,1.6,0.28,0.31799999999999995,5721.6,5763.0,10.63,0.122,16.1,1.3800837658668508,-0.009948380046445493,-2.6876070084405512,1.5894715985631567,10.263334705649157,2.465527907325915,3.1269417514885873,1787248638.6183398
7.760792255401611,up2,drive,1.6,0.28,0.31799999999999995,5721.6,5776.0,10.39,0.122,16.1,1.413417621124991,0.23258529167839015,-3.0281055932089487,1.601494448237162,10.231131075904447,2.465805239811391,-3.128463044449786,1787248638.6383665
7.780453681945801,up2,drive,1.6,0.28,0.31799999999999995,5721.6,5793.0,10.17,0.122,16.1,1.489813326471113,0.021191100718712885,-2.5757895292923934,1.6985322438063777,10.214941359899939,2.4655926629528873,-3.114130040230193,1787248638.6467776
7.801799535751343,up2,drive,1.6,0.28,0.31799999999999995,5721.6,5820.0,9.82,0.123,16.1,1.5223297244326537,-0.055473222488360285,-2.0466960122454623,1.692988098169602,10.159958125383834,2.4632038420487508,-3.063617753236316,1787248638.6805089
7.82038950920105,up2,drive,1.6,0.28,0.31799999999999995,5721.6,5820.0,9.82,0.122,16.1,1.4787273858014403,-0.19098954991613581,-2.3679449775409864,1.6592558611978996,10.134308447623516,2.4610854040303187,-3.03943560181235,1787248638.6965778
7.840254068374634,up2,drive,1.6,0.28,0.31799999999999995,5721.6,5820.0,9.98,0.123,16.1,1.4074365607908366,-0.2207118254313194,-2.4138742737341374,1.6302295845387729,10.105765061335337,2.4635228221581396,-3.009470089364622,1787248638.7177315
7.8603620529174805,up2,drive,1.6,0.28,0.31799999999999995,5721.6,5818.0,9.93,0.124,16.1,1.4025307517468015,0.3410070732813253,-2.8895976199910933,1.6181939917490031,10.073133070532183,2.4589631531984666,-2.980948167987208,1787248638.7382565
7.882709503173828,up2,drive,1.6,0.28,0.31799999999999995,5721.6,5822.0,9.85,0.123,16.1,1.510449629125919,0.18152763996023502,-2.519988378490922,1.7168253514906624,10.057492786698548,2.45642878909752,-2.9672139611038704,1787248638.7463944
7.900214910507202,up2,drive,1.6,0.28,0.31799999999999995,5721.6,5838.0,9.56,0.123,16.1,1.5114744135133813,-0.43696463710553246,-1.9504973238554726,1.6424177701220015,10.009548364620148,2.447272988292311,-2.9220237757860703,1787248638.7775102
7.921301364898682,up2,drive,1.6,0.28,0.31799999999999995,5721.6,5835.0,9.56,0.123,16.1,1.4518038924451753,-0.3245958385879604,-1.9415130766211632,1.686893609098283,9.971390931419778,2.4470932585067833,-2.891181139450987,1787248638.799952
7.940250873565674,up2,drive,1.6,0.28,0.31799999999999995,5721.6,5827.0,9.75,0.123,16.1,1.4597876499190692,0.06668696746494795,-2.60138893287467,1.8181526019308913,9.939841292912531,2.438782160803373,-2.86206050183677,1787248638.8173528
7.960568189620972,up2,drive,1.6,0.28,0.31799999999999995,5721.6,5837.0,9.57,0.123,16.1,1.4955484438785986,0.19711823617422297,-2.600041441969921,1.8210888628276027,9.92411123262343,2.4342668806534804,-2.847379289380435,1787248638.8263056
7.982099771499634,up2,drive,1.6,0.28,0.31799999999999995,5721.6,5841.0,9.41,0.123,16.1,1.5179569470807979,-0.04611850844524845,-2.37246896848481,1.820235171253655,9.877493601832567,2.4193903544807895,-2.802676299070062,1787248638.8561342
8.000621557235718,dn2,drive,1.2,0.28,0.31799999999999995,4291.2,5845.0,9.39,0.124,16.0,1.4680999083134243,-0.11574420439635791,-2.4795341229081487,1.7883787301422993,9.846873202609093,2.4083399016427594,-2.7723155257054755,1787248638.876084
8.021122694015503,dn2,drive,1.2,0.28,0.31799999999999995,4291.2,5830.0,9.59,0.123,16.1,1.433747660254438,-0.13438295426035918,-2.5332025017091553,1.7466599446019027,9.810574992175077,2.393949254796092,-2.737484306204269,1787248638.9001708
8.040335178375244,dn2,drive,1.2,0.28,0.31799999999999995,4291.2,5753.0,4.38,0.091,16.1,1.4835884537391617,0.6128407053527809,-2.789285707574436,2.7912692043777647,9.736769709129556,2.37062547273036,-2.6826796092432486,1787248638.9181
8.061136960983276,dn2,drive,1.2,0.28,0.31799999999999995,4291.2,5630.0,-2.64,0.075,16.1,1.5111794684226554,1.8586401932731462,-2.2174072346859646,2.1942001936109534,9.708504282094603,2.3563022504944753,-2.6528756207181874,1787248638.9376638
8.081278324127197,dn2,drive,1.2,0.28,0.31799999999999995,4291.2,5431.0,-7.82,0.07,16.1,1.4136276113769437,1.8549595170428717,-1.5454521998209145,1.9612089080120396,9.677649763505055,2.3395704650458913,-2.62000795385911,1787248638.957812
8.100544452667236,dn2,drive,1.2,0.28,0.31799999999999995,4291.2,5467.0,-5.6,0.082,16.1,1.3198302788360259,3.326947734805003,-1.6187906129181897,1.664077151664243,9.654915115396633,2.326001233744863,-2.5951015435764617,1787248638.9774387
8.120478630065918,dn2,drive,1.2,0.28,0.31799999999999995,4291.2,5418.0,-3.74,0.084,16.1,1.4357353105340185,1.9168087356131736,-3.065383933474237,1.7343698510051704,9.660898672379135,2.3254939997736135,-2.576844739680616,1787248638.9978192
8.140358924865723,dn2,drive,1.2,0.28,0.31799999999999995,4291.2,5373.0,-2.97,0.086,16.1,1.4056839344774554,1.8189614246994523,-1.8904996262007217,1.6507299394739534,9.636025173020375,2.3093465848467547,-2.5476867913110812,1787248639.0173466
8.16072154045105,dn2,drive,1.2,0.28,0.31799999999999995,4291.2,5315.0,-2.53,0.085,16.1,1.3650737904890007,1.707308544678952,-1.5533403864342858,1.6692611214620967,9.6099920773427,2.291492988609966,-2.518759113111883,1787248639.0366325
8.180729389190674,dn2,drive,1.2,0.28,0.31799999999999995,4291.2,5220.0,-1.42,0.084,16.1,1.3756175115607332,1.4852964811563965,-1.4148093167136153,1.5074135200307606,9.587576585803104,2.2750006146570088,-2.4924113338232714,1787248639.0574942
8.201728105545044,dn2,drive,1.2,0.28,0.31799999999999995,4291.2,5077.0,0.54,0.084,16.1,1.2993557632174424,0.9787959485452333,-1.7759634840186607,1.555012813031991,9.56346316312368,2.256435054357902,-2.464606472038986,1787248639.0763752
8.220399856567383,dn2,drive,1.2,0.28,0.31799999999999995,4291.2,4965.0,1.7,0.086,16.1,1.2556977645194463,1.068437642112272,-1.9572017416093672,1.4239638163766464,9.553209193692906,2.248039582526855,-2.4521988754744695,1787248639.088227
8.240424394607544,dn2,drive,1.2,0.28,0.31799999999999995,4291.2,4871.0,2.59,0.088,16.1,1.278560336687504,1.3080227821280346,-2.262250995246802,1.3602705548662497,9.542677216986911,2.238597447970767,-2.4210771490928504,1787248639.1180713
8.260397911071777,dn2,drive,1.2,0.28,0.31799999999999995,4291.2,4792.0,3.07,0.092,16.1,1.3217835743375446,0.7231852708150797,-1.5453390561931997,1.3663034446013653,9.522815179304121,2.2208308268180788,-2.3957778206486706,1787248639.1374722
8.280551433563232,dn2,drive,1.2,0.28,0.31799999999999995,4291.2,4742.0,3.36,0.095,16.1,1.2989287253366482,0.6656381413450987,-0.9646629353479099,1.4319564191098868,9.50225952455012,2.2015871911619733,-2.3692602255529027,1787248639.156158
8.30111837387085,dn2,drive,1.2,0.28,0.31799999999999995,4291.2,4693.0,3.62,0.095,16.1,1.2152510054638679,0.7708993565722935,-0.7874613032555473,1.4015544134896196,9.483539347428238,2.182964521700589,-2.343448331245384,1787248639.1765702
8.320351839065552,dn2,drive,1.2,0.28,0.31799999999999995,4291.2,4638.0,4.36,0.091,16.1,1.1625899243847502,0.984765371260174,-1.0236597358205373,0.988620158033003,9.474519419864528,2.174840322994624,-2.3191746277259555,1787248639.1992238
8.340393304824829,dn2,drive,1.2,0.28,0.31799999999999995,4291.2,4554.0,5.6,0.091,16.1,1.1343775942189411,0.4275153534814713,-1.4923433995817845,1.2255718838599998,9.457158754973978,2.1558275286333126,-2.296190493805077,1787248639.2173474
8.360605239868164,dn2,drive,1.2,0.28,0.31799999999999995,4291.2,4445.0,6.99,0.094,16.1,1.0950532909838038,0.2821949351959212,-1.8902838639339166,1.3053508586700893,9.439632439701496,2.135832733117868,-2.2734286347329022,1787248639.2364333
8.380709886550903,dn2,drive,1.2,0.28,0.31799999999999995,4291.2,4401.0,7.13,0.093,16.1,1.154851843521416,0.4758908689925647,-1.642921195865739,1.2278393977795239,9.43216593962533,2.1268619952971153,-2.262721181651479,1787248639.247581
8.40058708190918,dn2,drive,1.2,0.28,0.31799999999999995,4291.2,4375.0,7.26,0.093,16.1,1.2577790249113432,0.46676087990188364,-1.245246195115584,1.182961548229884,9.409283307683038,2.098371480695364,-2.2278931116508818,1787248639.2778919
8.420393466949463,dn2,drive,1.2,0.28,0.31799999999999995,4291.2,4352.0,7.41,0.096,16.1,1.2516564175652511,-0.30453820696754974,-0.8875029281171081,1.2656173706164309,9.393745884643527,2.0779643421875162,-2.2024640500865202,1787248639.2968314
8.440325260162354,dn2,drive,1.2,0.28,0.31799999999999995,4291.2,4347.0,7.23,0.095,16.1,1.1548290734940956,-0.15830434392271897,-0.8401222067565399,1.3975363299229822,9.39269244649051,2.0780812602837457,-2.182012915792,1787248639.3161633
8.460345268249512,dn2,drive,1.2,0.28,0.31799999999999995,4291.2,4335.0,7.34,0.091,16.1,1.0827197259224561,0.2644405219195356,-0.8553167820009762,1.2600592879098105,9.379239431911683,2.058558601354532,-2.159897259225949,1787248639.3376276
8.480347633361816,dn2,drive,1.2,0.28,0.31799999999999995,4291.2,4306.0,7.96,0.094,16.1,1.080084061970632,0.8049491565769742,-1.4394845678224897,1.2305829524575767,9.36593340522528,2.038365592844801,-2.1382703671449113,1787248639.3576431
8.501726865768433,dn2,drive,1.2,0.28,0.31799999999999995,4291.2,4254.0,8.66,0.094,16.1,1.118610082669018,-0.17310839823506186,-1.4352818813925126,1.148570862009571,9.358744493369853,2.027087286361247,-2.1264748380853815,1787248639.3716156
8.520331144332886,dn2,drive,1.2,0.28,0.31799999999999995,4291.2,4217.0,9.0,0.091,16.1,1.087957631154424,-0.29818992120722143,-1.3746304649998535,1.6740476002570175,9.327948181457904,1.9831514914184034,-2.0791286618420064,1787248639.3976164
8.540344715118408,dn2,drive,1.2,0.28,0.31799999999999995,4291.2,4217.0,8.94,0.094,16.1,1.0971715693148527,-0.017717365681877872,-1.529503626085841,1.427728318616027,9.316558463322862,1.962380180081511,-2.0573289155818926,1787248639.4173865
8.560474872589111,dn2,drive,1.2,0.28,0.31799999999999995,4291.2,4203.0,9.07,0.095,16.1,1.145769265781755,-0.12890467940868522,-1.3366370102296798,1.2868989032243203,9.305648605936916,1.941417594319826,-2.034861054312982,1787248639.437808
8.580566167831421,dn2,drive,1.2,0.28,0.31799999999999995,4291.2,4192.0,9.04,0.091,16.1,1.1747805442745878,-0.08381653263194444,-1.4187126256893805,1.3278488406453608,9.30026635486393,1.9306643080007835,-2.0233273974153185,1787248639.4462562
8.60052490234375,dn2,drive,1.2,0.28,0.31799999999999995,4291.2,4208.0,8.96,0.093,16.1,1.1393726191594937,0.21813093742212075,-1.1530307032886284,1.251184630554234,9.2847614191249,1.897736334534884,-1.9870983712764418,1787248639.4771667
8.621098518371582,dn2,drive,1.2,0.28,0.31799999999999995,4291.2,4213.0,8.94,0.094,16.1,1.1012133823222388,0.13697229332379202,-1.233299455944234,1.8496533608892185,9.29524371376581,1.919475933040302,-1.9801537420868405,1787248639.4977527
8.640557765960693,dn2,drive,1.2,0.28,0.31799999999999995,4291.2,4212.0,8.84,0.095,16.1,1.1191191459113867,-0.1294537147093875,-1.4053198700253233,1.509141499842,9.285914787893606,1.8977076375881712,-1.9582573243761192,1787248639.5178387
8.660379648208618,dn2,drive,1.2,0.28,0.31799999999999995,4291.2,4204.0,8.99,0.091,16.1,1.1229804631758926,-0.14630920990350038,-1.447901635114249,1.344767604193489,9.277161102094093,1.8759203760506766,-1.93586431546314,1787248639.5375786
8.681562423706055,dn2,drive,1.2,0.28,0.31799999999999995,4291.2,4188.0,9.45,0.092,16.1,1.111701975959407,-0.3553004098296775,-1.4246402408106178,1.2982063008617473,9.268897422686127,1.853928590921523,-1.913346815821192,1787248639.5561728
8.701277256011963,dn2,drive,1.2,0.28,0.31799999999999995,4291.2,4153.0,9.94,0.093,16.1,1.1233908562998738,-0.30467777270212437,-1.4310025964342117,1.174513471265565,9.261238200189956,1.8320441341007823,-1.891180636417942,1787248639.5786715
8.720323085784912,dn2,drive,1.2,0.28,0.31799999999999995,4291.2,4145.0,9.92,0.095,16.1,1.1723044702510865,0.05519739835070592,-1.2702006507838064,1.240277646797623,9.259158117920325,1.8346506504634446,-1.878049863365198,1787248639.5977917
8.740350246429443,dn2,drive,1.2,0.28,0.31799999999999995,4291.2,4169.0,9.54,0.094,16.1,1.1992290288717875,-0.008993401781706822,-1.2168517492416768,1.2074282265346619,9.252245241733117,1.8124341370534178,-1.8544761735852073,1787248639.6175134
8.760429382324219,dn2,drive,1.2,0.28,0.31799999999999995,4291.2,4182.0,9.39,0.096,16.1,1.1680840257135836,-0.4213034174869712,-0.8868167573309407,1.1853185216461082,9.2458456841792,1.7900134880632597,-1.8306757105675868,1787248639.6374373
8.780498504638672,dn2,drive,1.2,0.28,0.31799999999999995,4291.2,4201.0,8.93,0.096,16.1,1.1243012579185174,-0.12833013562860796,-0.9979106435111547,1.1496910074922724,9.239940841552416,1.7673155350366443,-1.8075202181537926,1787248639.6584365
8.80046558380127,up3,drive,1.6,0.28,0.31799999999999995,5721.6,4229.0,8.69,0.093,16.1,1.1058167894244955,0.07516995754787148,-0.9277276804757051,1.1705506580609852,9.234522152504129,1.7443599324025572,-1.785125830493911,1787248639.6780453
8.820470333099365,up3,drive,1.6,0.28,0.31799999999999995,5721.6,4222.0,9.34,0.1,16.1,1.092983948237785,-0.04315381466596957,-1.1344675469627177,1.2307847536624343,9.232031997473472,1.7329200349297202,-1.7740568689105125,1787248639.6865828
8.840357065200806,up3,drive,1.6,0.28,0.31799999999999995,5721.6,4293.0,18.05,0.11,16.0,1.0501882811007566,-1.1326234081572437,-1.5984729994607108,1.1462851690273237,9.226342685719306,1.7159693581521016,-1.7479399373683295,1787248639.718154
8.86066222190857,up3,drive,1.6,0.28,0.31799999999999995,5721.6,4369.0,24.09,0.118,16.0,1.0419540533263407,-1.990262192683332,-1.9146518438471105,1.197201495630102,9.22216058613712,1.6920935838421645,-1.7269655130916068,1787248639.7376304
8.881404161453247,up3,drive,1.6,0.28,0.31799999999999995,5721.6,4481.0,27.72,0.117,16.0,1.0749895013843376,-2.5568384101913466,-1.8537799874149243,1.2374644583531158,9.21858703927375,1.6686004663850804,-1.7060987579438134,1787248639.7561078
8.900323867797852,up3,drive,1.6,0.28,0.31799999999999995,5721.6,4548.0,22.97,0.117,16.0,1.1516681675962805,-2.258669136965281,-1.63097621085916,1.2753403102945058,9.215026618561609,1.641826727900796,-1.6827435025188398,1787248639.7777443
8.920981407165527,up3,drive,1.6,0.28,0.31799999999999995,5721.6,4634.0,21.54,0.119,16.0,1.2271781055638422,-1.9933810976457664,-1.3671086064627787,1.016533973883455,9.20900461617906,1.6270651952384239,-1.6657929757643286,1787248639.7993803
8.940343141555786,up3,drive,1.6,0.28,0.31799999999999995,5721.6,4722.0,20.59,0.12,16.0,1.2305078558747682,-1.9584068528068883,-1.643501824404865,1.234964396460748,9.206634630845942,1.6011712296090372,-1.6412849959462983,1787248639.8177867
8.960342645645142,up3,drive,1.6,0.28,0.31799999999999995,5721.6,4817.0,19.64,0.118,16.0,1.2341282902186765,-1.4311728965973742,-2.095891855602588,1.290091959748128,9.204853932133354,1.5746773983315958,-1.6166781982406668,1787248639.8375134
8.981858730316162,up3,drive,1.6,0.28,0.31799999999999995,5721.6,4901.0,19.06,0.118,16.0,1.2494145685596223,-1.2367320640398418,-2.4913191865597923,1.3302598784184687,9.20378023645434,1.5473902067881902,-1.5903815769041836,1787248639.8573928
9.000536680221558,up3,drive,1.6,0.28,0.31799999999999995,5721.6,4982.0,18.37,0.121,16.0,1.2548076029250872,-1.3311651855880484,-2.0997191507716195,1.582338331493868,9.203279096168783,1.517289172758741,-1.5628556650262466,1787248639.8793523
9.02126955986023,up3,drive,1.6,0.28,0.31799999999999995,5721.6,5069.0,17.46,0.121,16.0,1.3175695213866576,-1.1693825156503834,-1.721557478931544,1.291389586371904,9.199350491227383,1.4980568699358825,-1.5449351351382026,1787248639.8989418
9.04039454460144,up3,drive,1.6,0.28,0.31799999999999995,5721.6,5168.0,16.2,0.122,16.0,1.389832533353195,-1.0366461830695641,-1.8294529380130484,1.4289300937511933,9.200191180109403,1.4696114700810632,-1.5182468619579097,1787248639.9172952
9.06041693687439,up3,drive,1.6,0.28,0.31799999999999995,5721.6,5243.0,15.58,0.121,16.1,1.387175897007786,-1.188133659967562,-1.981222396897948,1.4280636984428905,9.201825077395956,1.4407193510462086,-1.4904573687874,1787248639.9374905
9.080421924591064,up3,drive,1.6,0.28,0.31799999999999995,5721.6,5303.0,15.14,0.122,16.1,1.3370629284596562,-0.8583595269762796,-2.1070348949481286,1.4581964278706216,9.204268808654628,1.4127961018433584,-1.4626387447164355,1787248639.95619
9.100687980651855,up3,drive,1.6,0.28,0.31799999999999995,5721.6,5368.0,14.48,0.123,16.0,1.3458026242089691,-0.35487816775131265,-2.4134836797118453,1.4635460856473186,9.207599706892255,1.3820075786700297,-1.4361700211595454,1787248639.977633
9.120258092880249,up3,drive,1.6,0.28,0.31799999999999995,5721.6,5426.0,13.76,0.121,16.1,1.4015724132285365,-0.5896173910427152,-2.079681326595079,1.4255515898861575,9.206702551931247,1.3531074056426795,-1.4092558657990073,1787248639.9988108
9.140446901321411,up3,drive,1.6,0.28,0.31799999999999995,5721.6,5474.0,13.55,0.123,16.1,1.373908960563393,-0.7520036398419236,-1.8459567048980716,1.5315085328004079,9.211716840790217,1.3232258155705616,-1.3813559496177779,1787248640.017449
9.160350799560547,up3,drive,1.6,0.28,0.31799999999999995,5721.6,5511.0,13.16,0.122,16.1,1.3791015920568295,-0.3111238531484233,-2.516122491696933,1.525899098807449,9.217608908934443,1.2932614635236954,-1.3538563737506737,1787248640.0374413
9.180534362792969,up3,drive,1.6,0.28,0.31799999999999995,5721.6,5555.0,12.66,0.122,16.1,1.4583977461461568,-0.018614456509181032,-2.7316055539426713,1.525015008591505,9.224384886312508,1.2632067794318556,-1.3258813884682314,1787248640.0575726
9.200501203536987,up3,drive,1.6,0.28,0.31799999999999995,5721.6,5608.0,12.09,0.124,16.1,1.4606690230818309,-0.4269647650140449,-1.9913158609889763,1.5187279231726791,9.232081015271634,1.233071633822268,-1.2967159063747844,1787248640.0779264
9.220325946807861,up3,drive,1.6,0.28,0.31799999999999995,5721.6,5642.0,11.68,0.12,16.1,1.3835851569100324,-0.7094452636166082,-2.120611837913117,1.5471881793536335,9.24072449779843,1.2029437442955226,-1.2678821785110084,1787248640.0978138
9.240260601043701,up3,drive,1.6,0.28,0.31799999999999995,5721.6,5658.0,11.81,0.124,16.1,1.3548266124046482,-0.33838869000015137,-2.5508108076781753,1.5833061000356758,9.24572078635296,1.1718679059377337,-1.2388592520278225,1787248640.1175761
9.261349439620972,up3,drive,1.6,0.28,0.31799999999999995,5721.6,5680.0,11.52,0.123,16.1,1.450656070015351,0.05719268768726149,-2.689785096364261,1.5786534058684814,9.256165486543045,1.14209041149684,-1.2113134520720827,1787248640.1375437
9.28318977355957,up3,drive,1.6,0.28,0.31799999999999995,5721.6,5712.0,11.07,0.124,16.1,1.5430891982878756,0.035154229453379315,-2.4833757437561417,1.6505732276579783,9.261716541760956,1.1273196039670936,-1.1966319819258322,1787248640.1462214
9.300288915634155,up3,drive,1.6,0.28,0.31799999999999995,5721.6,5737.0,10.78,0.123,16.1,1.5508299423123002,-0.210148427907221,-1.9512124383603577,1.576994924082375,9.279921767532084,1.0827005397555172,-1.1506861043136902,1787248640.1780345
9.320242166519165,up3,drive,1.6,0.28,0.31799999999999995,5721.6,5755.0,10.61,0.123,16.1,1.507838000202933,-0.4231156524206767,-1.7100179983478085,1.6436317583232944,9.294933598984194,1.0498760873362873,-1.1152155336049028,1787248640.1991112
9.340311288833618,up3,drive,1.6,0.28,0.31799999999999995,5721.6,5763.0,10.59,0.123,16.1,1.4486392581218341,-0.3732939011462797,-2.558509836857098,2.1126837318874028,9.308995859655141,1.007007848152885,-1.0815229136367879,1787248640.2195253
9.360378503799438,up3,drive,1.6,0.28,0.31799999999999995,5721.6,5770.0,10.48,0.123,16.1,1.420673403514912,0.15179266502301303,-3.1296462980475326,1.9550249994432807,9.324300428980228,0.9787109379990969,-1.052716296516492,1787248640.2380226
9.380969762802124,up3,drive,1.6,0.28,0.31799999999999995,5721.6,5778.0,10.46,0.124,16.1,1.4696101869676084,0.0656902272878801,-2.67935570971963,1.80283692594837,9.341651543262588,0.9487604660317597,-1.0216617859139077,1787248640.2591171
9.400288581848145,up3,drive,1.6,0.28,0.31799999999999995,5721.6,5796.0,10.13,0.125,16.1,1.489382160690629,-0.24242597331693005,-2.172363499341259,2.140654838329218,9.35748326461336,0.9232623255204204,-0.9941638350079254,1787248640.2762494
9.420630693435669,up3,drive,1.6,0.28,0.31799999999999995,5721.6,5825.0,9.59,0.123,16.1,1.482769931178126,-0.15477945945114868,-2.2033730394373947,1.9161446059163885,9.366252981444491,0.9097345542688959,-0.9792804209261471,1787248640.2878287
9.440902471542358,up3,drive,1.6,0.28,0.31799999999999995,5721.6,5819.0,9.93,0.125,16.1,1.4714291259921326,-0.1980409268436496,-2.357785439910259,1.8825492581516152,9.394903709922035,0.8684061582037557,-0.9333019109559633,1787248640.317252
9.460610389709473,up3,drive,1.6,0.28,0.31799999999999995,5721.6,5825.0,9.74,0.123,16.1,1.4280210649624405,-0.01761769805956348,-2.945830295326175,2.0534409496691426,9.408660394714131,0.8408214976599503,-0.902685728430204,1787248640.3368685
9.480263948440552,up3,drive,1.6,0.28,0.31799999999999995,5721.6,5816.0,9.94,0.124,16.1,1.4696449412198338,0.14828059874505417,-2.7881639192035266,1.80837177083311,9.428325933257431,0.8161760962811021,-0.8754238205415841,1787248640.357791
9.50113034248352,up3,drive,1.6,0.28,0.31799999999999995,5721.6,5823.0,9.83,0.126,16.1,1.5470107029930174,0.1427460444403179,-2.226804295362996,1.7267883495230898,9.449457172374034,0.7912143790843191,-0.8454902922152118,1787248640.3777008
9.521074056625366,up3,drive,1.6,0.28,0.31799999999999995,5721.6,5830.0,9.58,0.123,16.1,1.546222140994245,-0.39566947878576997,-1.9450260839354314,1.7357752374667665,9.471115561151935,0.7671591589354169,-0.8146380596491714,1787248640.3960857
9.54035210609436,up3,drive,1.6,0.28,0.31799999999999995,5721.6,5823.0,9.74,0.123,16.1,1.4717456426876885,0.04785072788383715,-2.3607157721598355,1.7197023344546656,9.487803724555626,0.740357966855743,-0.7833210225718821,1787248640.4174278
9.560316801071167,up3,drive,1.6,0.28,0.31799999999999995,5721.6,5824.0,9.72,0.125,16.1,1.5018052745436308,0.3099926726869704,-2.667581463417406,1.6563215425942406,9.511049942874642,0.7175394648158798,-0.7537166548484449,1787248640.437767
9.580601930618286,up3,drive,1.6,0.28,0.31799999999999995,5721.6,5834.0,9.45,0.123,16.1,1.4820924229968098,-0.00014597026324292273,-2.6161052058582754,1.6527834566165283,9.535097151722535,0.6952985578630255,-0.7236383268430174,1787248640.4575362
9.600255489349365,up3,drive,1.6,0.28,0.31799999999999995,5721.6,5830.0,9.53,0.122,16.1,1.435044752863361,-0.05387124064772664,-2.4269360769781088,1.6629992978074113,9.559650194889016,0.6739272913495189,-0.6939854763395518,1787248640.476833
9.620193004608154,dn3,drive,1.2,0.28,0.31799999999999995,4291.2,5826.0,9.62,0.124,16.1,1.4699867579457455,0.4103245752729947,-2.4494969748166113,1.6980058354662946,9.585445092269307,0.6527550314224398,-0.6650791106792978,1787248640.4966486
9.640321731567383,dn3,drive,1.2,0.28,0.31799999999999995,4291.2,5827.0,9.27,0.115,16.1,1.5017151265407316,0.19933816823673567,-2.67836840731448,1.717646108390592,9.609190368555547,0.6276081159366826,-0.6310235601973149,1787248640.5178633
9.660321950912476,dn3,drive,1.2,0.28,0.31799999999999995,4291.2,5744.0,0.88,0.092,16.1,1.5101530861385388,1.0611327152851828,-2.2370959800731214,1.6703001208487738,9.635119822030301,0.6089896978145493,-0.6012099499524363,1787248640.5374522
9.684151649475098,dn3,drive,1.2,0.28,0.31799999999999995,4291.2,5633.0,-5.54,0.07,16.1,1.4300297542146327,2.0550182084592024,-1.5995006476555886,1.6102895229302616,9.662736777882586,0.5903599414183022,-0.5701989889235168,1787248640.558955
9.700533628463745,dn3,drive,1.2,0.28,0.31799999999999995,4291.2,5526.0,-8.3,0.072,16.1,1.3846903687624152,2.321725220897875,-1.6956572360910798,1.6817207659340638,9.688793844355343,0.5739898170400939,-0.5425883235969489,1787248640.5766244
9.72031569480896,dn3,drive,1.2,0.28,0.31799999999999995,4291.2,5425.0,-3.98,0.083,16.1,1.3135082007242869,2.6443805877983664,-2.537513069272535,1.5379343689755984,9.714327671912887,0.5590702617817307,-0.515497824851078,1787248640.5984266
9.740387678146362,dn3,drive,1.2,0.28,0.31799999999999995,4291.2,5336.0,-1.98,0.089,16.1,1.440614754283262,1.9537492529796907,-2.3497920034106414,1.3663780903964493,9.730063437836248,0.5454220800092864,-0.4895220270500249,1787248640.6174765
9.760443925857544,dn3,drive,1.2,0.28,0.31799999999999995,4291.2,5307.0,-2.23,0.088,16.1,1.4142336136829914,1.362097980975463,-1.5044123455654983,1.511677067251807,9.757603196163243,0.5310042480142482,-0.46060302695503424,1787248640.6361592
9.78150463104248,dn3,drive,1.2,0.28,0.31799999999999995,4291.2,5284.0,-2.47,0.087,16.1,1.331946197057287,1.5934082872262962,-1.1927463093225086,1.4139617374565645,9.770427653132746,0.5247419398883955,-0.4466255612927503,1787248640.6481931
9.800296545028687,dn3,drive,1.2,0.28,0.31799999999999995,4291.2,5178.0,-1.25,0.083,16.1,1.3005897389085306,1.311322950783449,-1.6568542342791943,1.5733652886956802,9.811213672024008,0.5059604100865006,-0.4059153282479266,1787248640.6762254
9.820358037948608,dn3,drive,1.2,0.28,0.31799999999999995,4291.2,5069.0,0.71,0.083,16.1,1.2688946598271704,1.3383050747462875,-1.799860470690902,1.1207714373325428,9.823443840570503,0.49709957438870633,-0.3827102722542238,1787248640.6989
9.840449571609497,dn3,drive,1.2,0.28,0.31799999999999995,4291.2,4947.0,1.98,0.085,16.1,1.229757909711802,1.1279655890594498,-2.021199227302276,1.3334460385314546,9.849592416067157,0.4868552807407392,-0.3575300473059656,1787248640.717436
9.860316038131714,dn3,drive,1.2,0.28,0.31799999999999995,4291.2,4842.0,2.77,0.09,16.1,1.2699790990230508,1.091797123462669,-2.01222316617023,1.346770522256127,9.875500247033639,0.4774574300366378,-0.33269167889468526,1787248640.7375715
9.880343675613403,dn3,drive,1.2,0.28,0.31799999999999995,4291.2,4757.0,3.42,0.096,16.1,1.322201690628687,0.7993149986038475,-1.2245259277530138,1.4353386146685279,9.902408536242444,0.4683499058366997,-0.30737330337370206,1787248640.7561069
9.901484727859497,dn3,drive,1.2,0.28,0.31799999999999995,4291.2,4707.0,3.7,0.096,16.1,1.289520043521507,0.6997695831018191,-0.9203179423035621,1.3109773332507326,9.926598616759996,0.4610869447685764,-0.28078681410360307,1787248640.777826
9.922423839569092,dn3,drive,1.2,0.28,0.31799999999999995,4291.2,4665.0,4.09,0.093,16.1,1.1969534908783694,0.6889397352580602,-1.029676813345084,1.3001491953268016,9.95206164071578,0.4540042832233538,-0.2554352967736557,1787248640.798328
9.940395832061768,dn3,drive,1.2,0.28,0.31799999999999995,4291.2,4607.0,4.85,0.094,16.1,1.1330457473577924,0.940731888643036,-1.6439789572225152,1.0980292391527837,9.962338333035087,0.4483055787216594,-0.23574064183622484,1787248640.8175623
9.960426807403564,dn3,drive,1.2,0.28,0.31799999999999995,4291.2,4519.0,5.93,0.093,16.1,1.132390343413524,0.5148410013745988,-1.6534552476750264,1.2465118760900356,9.98842279979934,0.44219635707131444,-0.2130275856278784,1787248640.8367014
9.980368375778198,dn3,drive,1.2,0.28,0.31799999999999995,4291.2,4442.0,6.8,0.093,16.1,1.1653126071251925,0.20880347688687984,-1.557928989113833,1.3341603577757295,10.013257166563625,0.4370654049158744,-0.19026613302836484,1787248640.8562899
10.00072193145752,dn3,drive,1.2,0.28,0.31799999999999995,4291.2,4398.0,7.12,0.091,16.1,1.1749597750159502,0.23780813455786998,-1.207099470198564,1.235822889889795,10.040058637600026,0.432259044707924,-0.16346585159303706,1787248640.880474
10.020334005355835,dn3,drive,1.2,0.28,0.31799999999999995,4291.2,4356.0,7.59,0.095,16.1,1.1742158209654365,0.29341800830912845,-1.2012421678485552,1.0706241920080137,10.044172661186069,0.4292318562883037,-0.14710733729858022,1787248640.8976836
10.040288925170898,dn3,drive,1.2,0.28,0.31799999999999995,4291.2,4333.0,7.51,0.093,16.1,1.2210503050536246,0.08281207230263021,-1.2369288228549635,1.1272589745351598,10.067499645630337,0.42600882922219246,-0.12345358691234189,1787248640.9175806
10.060291051864624,dn3,drive,1.2,0.28,0.31799999999999995,4291.2,4322.0,7.6,0.093,16.1,1.1816713404371133,0.04106573732205998,-1.0800416613415322,1.1735265883666086,10.091646873144102,0.4231936959290739,-0.09924497783488513,1787248640.937416
10.080368280410767,dn3,drive,1.2,0.28,0.31799999999999995,4291.2,4324.0,7.59,0.094,16.1,1.116783753372469,0.3349940888079104,-1.0088958080273258,1.2390747703445717,10.116322446768987,0.4208842780405578,-0.0755426910830504,1787248640.9563036
10.100535154342651,dn3,drive,1.2,0.28,0.31799999999999995,4291.2,4302.0,7.82,0.096,16.1,1.0976314972351096,0.29027195033784636,-1.3265037850705141,1.3240352129169797,10.14033998658006,0.419207251846536,-0.05360500268418407,1787248640.976073
10.120287418365479,dn3,drive,1.2,0.28,0.31799999999999995,4291.2,4283.0,7.92,0.092,16.1,1.0743298363823248,0.2932349904513778,-1.1331261956346665,1.0195772020181202,10.147067192824831,0.4160734757324213,-0.03515550445135811,1787248640.9987566
10.140277624130249,dn3,drive,1.2,0.28,0.31799999999999995,4291.2,4248.0,8.69,0.092,16.1,1.0284154078717322,0.005036933390739851,-1.2125388427919361,1.1544327351527748,10.17090783603345,0.4153788301615759,-0.013898814032769973,1787248641.0174701
10.160643577575684,dn3,drive,1.2,0.28,0.31799999999999995,4291.2,4206.0,9.25,0.094,16.1,1.0871489622894213,-0.19931861660856143,-1.4778118986207005,1.1298688699784214,10.194552847928728,0.41519341439812846,0.006969268749224033,1787248641.0389
10.180345296859741,dn3,drive,1.2,0.28,0.31799999999999995,4291.2,4190.0,9.17,0.092,16.1,1.1684072003118646,0.31392686227172106,-1.607686165197606,1.2580574765353778,10.218498263429446,0.4154906144193984,0.028735895217979125,1787248641.056181
10.200409650802612,dn3,drive,1.2,0.28,0.31799999999999995,4291.2,4186.0,9.36,0.093,16.1,1.1718908813337972,-0.022182756558827954,-1.2932211397922515,1.2664147279226123,10.244105813380743,0.41642892354919175,0.0546844524470999,1787248641.0780387
10.220260620117188,dn3,drive,1.2,0.28,0.31799999999999995,4291.2,4175.0,9.46,0.096,16.1,1.1337514850466635,-0.2193346233607656,-1.3188392544654164,0.9955570260573411,10.248544902076427,0.41287933679556804,0.07153644204724735,1787248641.0986323
10.240304231643677,dn3,drive,1.2,0.28,0.31799999999999995,4291.2,4199.0,8.96,0.095,16.1,1.1222335796481797,-0.29977740377967166,-1.373896347043285,1.1132323778345121,10.271960642183009,0.41469002248277553,0.09415916556677266,1787248641.1179683
10.260393857955933,dn3,drive,1.2,0.28,0.31799999999999995,4291.2,4222.0,8.48,0.093,16.1,1.0836289956976364,0.0026356919538730317,-0.9986358444634718,1.1477240475179866,10.295432268710352,0.41703366596716096,0.1164154228367489,1787248641.1380174
10.284512758255005,dn3,drive,1.2,0.28,0.31799999999999995,4291.2,4220.0,8.86,0.092,16.1,1.0588003448548275,0.24418708165658742,-1.2888646715840366,1.2371599720313802,10.30714518325999,0.41840342336731673,0.12728774105910898,1787248641.1461737
10.301270008087158,dn3,drive,1.2,0.28,0.31799999999999995,4291.2,4169.0,9.76,0.092,16.1,1.099242842852662,-0.2808977303479345,-1.445412182943727,1.0823512895564655,10.330530275669167,0.4215184953844559,0.14859726976821666,1787248641.1714237
10.320505857467651,dn3,drive,1.2,0.28,0.31799999999999995,4291.2,4153.0,9.92,0.093,16.1,1.115397910920219,-0.242833743535936,-1.2564652482678582,1.2104347935693511,10.36486677367783,0.4270550396929766,0.18167180230886132,1787248641.1973832
10.340402126312256,dn3,drive,1.2,0.28,0.31799999999999995,4291.2,4156.0,9.84,0.094,16.1,1.1289659177258455,-0.11134779239450854,-1.373129484677662,1.0179062786261124,10.378651465026167,0.42615320460205786,0.20316572151317347,1787248641.2184296
10.360270500183105,dn3,drive,1.2,0.28,0.31799999999999995,4291.2,4154.0,9.7,0.094,16.1,1.1906513864748058,-0.0652756596803874,-1.6008756204750796,1.1188760088114782,10.401405012646821,0.43097757322136865,0.22606761856627064,1787248641.2375984
10.380854606628418,dn3,drive,1.2,0.28,0.31799999999999995,4291.2,4157.0,9.6,0.095,16.1,1.2115336320562806,-0.15615505353732928,-1.3293098639821608,1.1830217754213996,10.42733110982855,0.43712403647052317,0.2533215157832692,1787248641.2589948
10.401447057723999,up4,drive,1.6,0.28,0.31799999999999995,5721.6,4202.0,8.98,0.092,16.1,1.1486452134429317,0.011792888871050788,-0.5223252184593008,1.1416759202973825,10.445326127670086,0.4417865932028756,0.2728048442530058,1787248641.2767801
10.421291589736938,up4,drive,1.6,0.28,0.31799999999999995,5721.6,4213.0,9.22,0.101,16.1,1.0913078878057436,-0.1122049942458263,-0.8644859474382045,1.1756485882924446,10.457965471080819,0.44535164755890994,0.2855654173539601,1787248641.2878091
10.440293788909912,up4,drive,1.6,0.28,0.31799999999999995,5721.6,4273.0,17.86,0.109,16.0,1.0809953291166299,-1.6554447628858782,-1.9947019837181585,1.1452376539813764,10.477152513167093,0.44953883046953275,0.31682297758085676,1787248641.316148
10.460320711135864,up4,drive,1.6,0.28,0.31799999999999995,5721.6,4355.0,24.06,0.117,16.0,1.0757510988770729,-1.868778096205034,-1.492734578325667,1.1078778254862918,10.500492426895912,0.45725255348849936,0.3383224278775874,1787248641.3390496
10.48028302192688,up4,drive,1.6,0.28,0.31799999999999995,5721.6,4473.0,27.88,0.117,16.0,1.0748752517735731,-2.747908176600646,-1.4048898072956888,1.24882614899,10.522823783932585,0.465245364319847,0.35988020180706753,1787248641.3561518
10.500644445419312,up4,drive,1.6,0.28,0.31799999999999995,5721.6,4510.0,23.54,0.12,16.0,1.1076389908213549,-2.772812053851311,-1.4673784189249375,1.2238185986799919,10.54710871784192,0.47438922322120036,0.3814763621799204,1787248641.378672
10.520466327667236,up4,drive,1.6,0.28,0.31799999999999995,5721.6,4616.0,21.63,0.119,16.0,1.1612301143321557,-1.7049582562469112,-1.8001765127104363,1.0932749121333436,10.557954130684864,0.4769039993487623,0.40261321572303765,1787248641.3961532
10.540282964706421,up4,drive,1.6,0.28,0.31799999999999995,5721.6,4712.0,20.54,0.118,16.0,1.1715326861671815,-1.6819937543307333,-1.8796378379400949,1.1802118722319688,10.58297880061279,0.48757051919790667,0.4261780328873782,1787248641.4187117
10.56032133102417,up4,drive,1.6,0.28,0.31799999999999995,5721.6,4814.0,19.78,0.119,16.0,1.1776371840178612,-1.6512892927243144,-1.74506767227183,1.2958909555436766,10.607095800627322,0.4986001861793792,0.4496481370258999,1787248641.437696
10.580611228942871,up4,drive,1.6,0.28,0.31799999999999995,5721.6,4907.0,19.0,0.119,16.1,1.205004493169788,-1.2011254428011,-2.375883742571915,1.3622849482172459,10.618629170064226,0.5041664344529031,0.46146482978031034,1787248641.4461367
10.600559949874878,up4,drive,1.6,0.28,0.31799999999999995,5721.6,4983.0,18.3,0.12,16.0,1.2732246934435303,-1.0776604557554066,-2.088730770286702,1.4218664090189992,10.658018159238253,0.5242598034464723,0.501216532428783,1787248641.4791625
10.621783971786499,up4,drive,1.6,0.28,0.31799999999999995,5721.6,5067.0,17.48,0.122,16.0,1.314250690036201,-1.3954266730789584,-1.7387275360686658,1.3612536741655774,10.667657781829407,0.5294134418318011,0.5112985245857135,1787248641.4881234
10.640286445617676,up4,drive,1.6,0.28,0.31799999999999995,5721.6,5143.0,16.77,0.125,16.0,1.3222268575009883,-1.428392837796494,-1.4176662664036144,1.3132057791932175,10.69499737738876,0.540470549203921,0.5446793234821287,1787248641.5175726
10.660502672195435,up4,drive,1.6,0.28,0.31799999999999995,5721.6,5209.0,16.07,0.122,16.1,1.3630413991031067,-0.8979258097340477,-2.421964481656943,1.3758457956743069,10.719525074475047,0.5554608216113718,0.5713011678630654,1787248641.5375278
10.680409669876099,up4,drive,1.6,0.28,0.31799999999999995,5721.6,5266.0,15.63,0.124,16.1,1.3768209940573402,-0.8713096483965117,-2.1604974517493645,1.4160896562288647,10.742905825360943,0.570717040600968,0.5986527116882209,1787248641.5565684
10.700406312942505,up4,drive,1.6,0.28,0.31799999999999995,5721.6,5349.0,14.6,0.124,16.0,1.3550339394955109,-0.6553811744793947,-2.0650130007818746,1.4462751697778646,10.768402213541279,0.5881233618570115,0.6259868345495406,1787248641.577803
10.720261573791504,up4,drive,1.6,0.28,0.31799999999999995,5721.6,5417.0,13.87,0.123,16.0,1.3461054256249112,-0.5784087897888668,-2.03140817390738,1.6953231426459534,10.804188458803514,0.6078355901895324,0.6579992508399283,1787248641.5989335
10.740259170532227,up4,drive,1.6,0.28,0.31799999999999995,5721.6,5456.0,13.65,0.121,16.0,1.3519184404942817,-0.5275468918956001,-1.981333201639302,1.663741042379455,10.828022104374945,0.6264239272826301,0.6849405991521235,1787248641.61759
10.760335922241211,up4,drive,1.6,0.28,0.31799999999999995,5721.6,5496.0,13.5,0.123,16.1,1.3561998714207477,-0.27477247932919013,-2.099842527027164,1.591945219963424,10.851645802875085,0.6459005992006871,0.712106798521893,1787248641.637623
10.78166151046753,up4,drive,1.6,0.28,0.31799999999999995,5721.6,5550.0,12.78,0.122,16.1,1.4056772765747303,-0.20761859340187172,-2.788487562603734,1.6367094750652336,10.862906422484691,0.6556207502328082,0.725645315569785,1787248641.6461666
10.801830768585205,up4,drive,1.6,0.28,0.31799999999999995,5721.6,5595.0,12.28,0.121,16.1,1.4193307708513483,-0.17854502994597965,-2.1852677201166557,1.5137469417029106,10.888156556752996,0.6782186347634864,0.7566962032563477,1787248641.669827
10.822404384613037,up4,drive,1.6,0.28,0.31799999999999995,5721.6,5634.0,11.94,0.123,16.1,1.4091127543809325,-0.5532949243971004,-1.9055035822067339,1.6317935643405468,10.909311186846507,0.6983368105195373,0.7831554553825684,1787248641.6867676
10.840339660644531,up4,drive,1.6,0.28,0.31799999999999995,5721.6,5647.0,11.86,0.122,16.1,1.4395319129840354,-0.2028016934864283,-2.3551840135552027,1.8602513899137132,10.957374583079536,0.7391066456334956,0.8340155642357899,1787248641.7173276
10.860322952270508,up4,drive,1.6,0.28,0.31799999999999995,5721.6,5658.0,12.0,0.122,16.1,1.3960823066413384,-0.36400812029689433,-2.619350995405796,1.7083503436492937,10.978433505817502,0.7626027296834873,0.8626133258609646,1787248641.737409
10.880804300308228,up4,drive,1.6,0.28,0.31799999999999995,5721.6,5676.0,11.7,0.124,16.1,1.4198201267016506,-0.13387735281028323,-2.437285941486465,1.6799600308254345,10.998799965586329,0.7867278740238677,0.8908756637453464,1787248641.756374
10.902185916900635,up4,drive,1.6,0.28,0.31799999999999995,5721.6,5719.0,11.01,0.123,16.1,1.520106118080492,-0.046355978501091855,-2.418926852995554,1.646233556982525,11.018600876107776,0.8115104388271938,0.9194559035746724,1787248641.776719
10.92035436630249,up4,drive,1.6,0.28,0.31799999999999995,5721.6,5742.0,10.77,0.124,16.1,1.5149435803073734,-0.4719532807135707,-2.142431601135968,1.6462828007044625,11.042757484082346,0.8379829749894282,0.9546831928892701,1787248641.7989824
10.940531730651855,up4,drive,1.6,0.28,0.31799999999999995,5721.6,5759.0,10.63,0.122,16.1,1.4355607403245638,-0.4330882984131179,-2.0262494676773315,1.698917849476257,11.061119277160758,0.864281446198113,0.9845628007016395,1787248641.8174903
10.9604172706604,up4,drive,1.6,0.28,0.31799999999999995,5721.6,5768.0,10.67,0.123,16.1,1.3952175782353895,-0.2636344832073654,-2.524699772704423,1.6358379847386384,11.078741003619893,0.8911840100299514,1.0130651311569072,1787248641.8378305
10.982922554016113,up4,drive,1.6,0.28,0.31799999999999995,5721.6,5767.0,10.62,0.125,16.1,1.4281692698771034,0.07477851842015593,-2.9009073049898575,1.625911154660074,11.09561955311551,0.9186294458330517,1.0411639729067472,1787248641.8577116
11.000320434570312,up4,drive,1.6,0.28,0.31799999999999995,5721.6,5786.0,10.39,0.125,16.1,1.4996694193493874,-0.07737037909544675,-1.9238802123453524,1.6770422661421294,11.1119167121212,0.9469387535838962,1.0703099109068728,1787248641.8765044
11.020397424697876,up4,drive,1.6,0.28,0.31799999999999995,5721.6,5808.0,9.96,0.125,16.1,1.521838104895425,-0.27549175997540587,-2.0635830641328994,1.6149676126474382,11.127097789648515,0.9750965768618288,1.1001238247775325,1787248641.8974555
11.041559219360352,up4,drive,1.6,0.28,0.31799999999999995,5721.6,5807.0,10.1,0.124,16.1,1.460335062681135,-0.37479630672734743,-2.4402013633354898,2.0388160708137373,11.154027503209186,1.0217010109500217,1.1444566508084337,1787248641.9199915
11.060380697250366,up4,drive,1.6,0.28,0.31799999999999995,5721.6,5797.0,10.42,0.125,16.1,1.3941817417294031,-0.20898136015816604,-2.8403924210885236,1.9442977721778902,11.167194985489344,1.0512412603883097,1.173000978117102,1787248641.9386988
11.080522298812866,up4,drive,1.6,0.28,0.31799999999999995,5721.6,5811.0,9.94,0.124,16.1,1.4466006083073781,0.19245537385271305,-2.8789311287416126,1.8944815155972252,11.18037504096323,1.0832722312017418,1.2028428648471756,1787248641.9574897
11.100331783294678,up4,drive,1.6,0.28,0.31799999999999995,5721.6,5814.0,9.97,0.124,16.1,1.4818940174955988,-0.02200141977564929,-2.3820113324770205,1.679778093815433,11.191099755381543,1.111620843369799,1.2301627311407148,1787248641.9783921
11.120366096496582,up4,drive,1.6,0.28,0.31799999999999995,5721.6,5825.0,9.77,0.124,16.1,1.519946861047305,-0.005707732394475862,-2.1240073161877433,1.686427755768022,11.201754690630327,1.1423731558635384,1.2599938563299298,1787248641.9975934
11.14047122001648,up4,drive,1.6,0.28,0.31799999999999995,5721.6,5825.0,9.73,0.124,16.1,1.5451527486585235,0.034577961201424534,-2.611740843908592,1.4737821853656752,11.210304266187835,1.1639491658393635,1.2905055905777079,1787248642.0175703
11.160429000854492,up4,drive,1.6,0.28,0.31799999999999995,5721.6,5822.0,9.82,0.123,16.1,1.4863598723275528,0.17515042875373865,-2.686905050171447,1.5528064041102339,11.219842610660434,1.1981299098269125,1.3239321881288513,1787248642.039486
11.180460453033447,up4,drive,1.6,0.28,0.31799999999999995,5721.6,5833.0,9.59,0.123,16.1,1.4834335909217735,0.29249020132578707,-2.2578538888880644,1.6060439521956908,11.226935989303515,1.2270559587321024,1.3510796174623385,1787248642.0577116
11.202223539352417,dn4,drive,1.2,0.28,0.31799999999999995,4291.2,5835.0,9.55,0.124,16.1,1.4839075004377533,-0.08349563925046599,-1.901732712671162,1.6686815686451608,11.233730795326506,1.2585701465572061,1.3805060879389615,1787248642.0762107
11.221253395080566,dn4,drive,1.2,0.28,0.31799999999999995,4291.2,5821.0,9.73,0.118,16.1,1.4534076480536209,0.03886204955622663,-2.4346260429723827,1.6370612975952343,11.239860638383862,1.291691937553662,1.4109739486035,1787248642.0980225
11.240360021591187,dn4,drive,1.2,0.28,0.31799999999999995,4291.2,5683.0,3.53,0.088,16.1,1.4314773154251452,0.6190766149324816,-2.60583632529017,2.477619631460716,11.254516347788075,1.3531822870474366,1.4605321858963864,1787248642.1188931
11.26033902168274,dn4,drive,1.2,0.28,0.31799999999999995,4291.2,5632.0,-2.86,0.077,16.1,1.4822901627077483,1.9802096591036218,-2.3341483619848873,2.089905365078911,11.257706953052558,1.384704426851026,1.4895764608900608,1787248642.1375077
11.280736684799194,dn4,drive,1.2,0.28,0.31799999999999995,4291.2,5564.0,-9.65,0.073,16.1,1.4013809319461599,2.6511060555295103,-1.8023999165573912,2.0199557559994537,11.25902190894449,1.4008588881154491,1.5045074105613998,1787248642.146237
11.301220893859863,dn4,drive,1.2,0.28,0.31799999999999995,4291.2,5517.0,-5.46,0.081,16.1,1.3414446274011635,2.8432142874831072,-1.7554841950414755,1.707142413786225,11.261265787907437,1.4470171622984906,1.5465561086482666,1787248642.1776917
11.32034945487976,dn4,drive,1.2,0.28,0.31799999999999995,4291.2,5390.0,-2.91,0.085,16.1,1.3810056190781816,1.5711615310621596,-2.50073028055499,1.753192763737223,11.25503157760605,1.442083523136782,1.5642228767644126,1787248642.1986413
11.340322256088257,dn4,drive,1.2,0.28,0.31799999999999995,4291.2,5264.0,-1.12,0.085,16.1,1.354501040961386,1.3175588603631496,-2.1440074258217123,1.6628083130880693,11.254946221802802,1.4718963274638233,1.5917295957036017,1787248642.2177727
11.36044979095459,dn4,drive,1.2,0.28,0.31799999999999995,4291.2,5160.0,0.14,0.086,16.1,1.352432430584667,1.6947243127938236,-1.8148854766741636,1.5634054160994282,11.254047053176974,1.5011186741136877,1.6188085888281478,1787248642.237635
11.38436222076416,dn4,drive,1.2,0.28,0.31799999999999995,4291.2,5130.0,-0.4,0.087,16.1,1.433609708509972,1.6506475607790065,-1.6655177617212473,1.6068620053880052,11.253319905721062,1.516252071388752,1.6324057904119502,1787248642.246504
11.400618076324463,dn4,drive,1.2,0.28,0.31799999999999995,4291.2,5104.0,-0.7,0.086,16.1,1.3889278575308948,1.2487324514170979,-1.3183317161250727,1.5971250800226542,11.251167803290121,1.5475954871676785,1.6606021715544985,1787248642.2669828
11.420314311981201,dn4,drive,1.2,0.28,0.31799999999999995,4291.2,5024.0,1.2,0.085,16.1,1.286601618440944,0.786167314376307,-1.3955883485986647,1.595059935844709,11.246443228710962,1.591718302532614,1.7038454520350175,1787248642.2978313
11.440344095230103,dn4,drive,1.2,0.28,0.31799999999999995,4291.2,4910.0,2.02,0.087,16.1,1.1886494882833933,1.1102818540052866,-1.490265883771599,1.5321663670625933,11.24624998315356,1.6187296562065547,1.7302442134651492,1787248642.3174198
11.460301637649536,dn4,drive,1.2,0.28,0.31799999999999995,4291.2,4807.0,3.15,0.093,16.1,1.1774908433159614,0.9056164335401107,-1.5905535302422606,1.4064586424323502,11.241668924342317,1.6454701281803183,1.7539966245672167,1787248642.3385706
11.480473756790161,dn4,drive,1.2,0.28,0.31799999999999995,4291.2,4705.0,4.15,0.094,16.1,1.2179000518001697,0.7775157737268543,-1.5316916542765853,1.5055688427721745,11.236321246306561,1.6734064665293373,1.7777403011152835,1787248642.3562868
11.500401496887207,dn4,drive,1.2,0.28,0.31799999999999995,4291.2,4628.0,5.06,0.093,16.1,1.2344843548564202,0.6061807995299446,-1.3280591445005996,1.4520961569135178,11.23066361926454,1.6987941564546598,1.8022557834455148,1787248642.376215
11.52028751373291,dn4,drive,1.2,0.28,0.31799999999999995,4291.2,4572.0,5.55,0.095,16.1,1.2151230405734896,0.34978370780599377,-1.432916390199125,1.3198089047724744,11.224747551602688,1.7221578620085163,1.826758902311473,1787248642.397762
11.540391445159912,dn4,drive,1.2,0.28,0.31799999999999995,4291.2,4523.0,5.78,0.095,16.1,1.2202412367144584,0.29494932106381455,-1.6474609742924997,1.438239805484133,11.225885107817488,1.714796852358777,1.8426196449852188,1787248642.4174266
11.560480833053589,dn4,drive,1.2,0.28,0.31799999999999995,4291.2,4502.0,5.75,0.093,16.1,1.196162798350725,0.6219000162212396,-1.4231515396418217,1.3459296286488793,11.218880424687306,1.7391792367717571,1.8668904812659066,1787248642.4373894
11.580315351486206,dn4,drive,1.2,0.28,0.31799999999999995,4291.2,4475.0,6.14,0.092,16.1,1.1415167301531166,0.7163169848355153,-1.2679939115021739,1.3577171222444182,11.209788155516117,1.7682539292481836,1.8949941424433225,1787248642.4595766
11.60108470916748,dn4,drive,1.2,0.28,0.31799999999999995,4291.2,4422.0,6.94,0.094,16.1,1.1303823199516043,0.4061510883774311,-1.1324986431879225,1.2068851846453117,11.203356356877807,1.7867863572457687,1.91301716416324,1787248642.47825
11.620397567749023,dn4,drive,1.2,0.28,0.31799999999999995,4291.2,4358.0,7.58,0.094,16.1,1.1487275051206152,-0.12998827815073088,-1.2260160907257855,1.205204109864221,11.194777495454812,1.8102788456558967,1.936115070355298,1787248642.4991302
11.640255689620972,dn4,drive,1.2,0.28,0.31799999999999995,4291.2,4317.0,8.11,0.093,16.1,1.1918515400200502,0.03511075448951617,-1.5556184617499298,1.1609633476538643,11.194034747514243,1.8151876319400009,1.9543182626215836,1787248642.5178344
11.660301208496094,dn4,drive,1.2,0.28,0.31799999999999995,4291.2,4294.0,8.29,0.094,16.1,1.2068663090878624,0.08663226858610518,-1.4611844631193378,1.1773417860627167,11.185047274392366,1.8368526221708013,1.9784223970552925,1787248642.5375037
11.68068552017212,dn4,drive,1.2,0.28,0.31799999999999995,4291.2,4251.0,8.68,0.093,16.1,1.1981328717671111,-0.09074105238319685,-1.3473514486495617,1.2542648739070275,11.180150773770299,1.8481920561095924,1.9905484458831728,1787248642.5461185
11.70048189163208,dn4,drive,1.2,0.28,0.31799999999999995,4291.2,4246.0,8.67,0.095,16.1,1.1838308977650587,0.18735574277583034,-1.2673591962159492,1.1816268635790224,11.164455422567704,1.8820280565548202,2.0282220705950045,1787248642.5789812
11.720349550247192,dn4,drive,1.2,0.28,0.31799999999999995,4291.2,4282.0,7.88,0.093,16.1,1.1511187574633972,0.30830549508338123,-1.001439730669155,1.1805915052615115,11.154553096328758,1.9018425780966899,2.049951420595789,1787248642.5980277
11.740316152572632,dn4,drive,1.2,0.28,0.31799999999999995,4291.2,4282.0,8.02,0.095,16.1,1.0915889178797742,-0.018728614263403998,-0.9932528975035595,1.1207544057565264,11.15529493070357,1.9066993901873632,2.0662935998900585,1787248642.6178615
11.76123595237732,dn4,drive,1.2,0.28,0.31799999999999995,4291.2,4250.0,8.56,0.092,16.1,1.0642268684710003,-0.1054762191831875,-1.0482579498598952,1.1575040991867493,11.143918404592306,1.9274612329663698,2.0878623645333705,1787248642.6376705
11.783043622970581,dn4,drive,1.2,0.28,0.31799999999999995,4291.2,4217.0,9.18,0.09,16.1,1.0799963108127137,0.024463915367233025,-1.1966110266733168,1.2242872394198732,11.131935596605022,1.9482732382656218,2.1092319023537427,1787248642.656164
11.800394773483276,dn4,drive,1.2,0.28,0.31799999999999995,4291.2,4200.0,9.42,0.095,16.1,1.1471322716276577,0.1953349266866855,-1.442362567489738,1.163023469712886,11.11985063985497,1.9681886725028517,2.1312417641536117,1787248642.6778827
11.820297002792358,dn4,drive,1.2,0.28,0.31799999999999995,4291.2,4187.0,9.3,0.094,16.1,1.14370225330169,-0.14678586763485857,-1.440626529088263,1.1649745698133374,11.107291428075563,1.9879206328184447,2.154067075580624,1787248642.6979132
11.840387344360352,dn4,drive,1.2,0.28,0.31799999999999995,4291.2,4187.0,9.37,0.091,16.1,1.10124194472493,-0.10410067991465599,-1.4912192723245141,1.0232200089140593,11.104445919307743,1.999681610631768,2.173048748991698,1787248642.7173488
11.860429763793945,dn4,drive,1.2,0.28,0.31799999999999995,4291.2,4200.0,9.19,0.097,16.1,1.1229567610421909,-0.10634785634876476,-1.3719837227215521,1.090096260637251,11.090998860238024,2.0190107490999423,2.1953394101010817,1787248642.737637
11.880981206893921,dn4,drive,1.2,0.28,0.31799999999999995,4291.2,4218.0,8.82,0.096,16.1,1.1661839934338665,-0.016845737652575465,-1.2680479982492727,1.173645480364209,11.077136656679341,2.038016718635933,2.2178088856728597,1787248642.75625
11.90039610862732,dn4,drive,1.2,0.28,0.31799999999999995,4291.2,4225.0,8.69,0.093,16.1,1.1634115095810396,0.16484065421941452,-1.1159447364265347,1.130718289696707,11.069277056862624,2.0484151134752144,2.231097102194274,1787248642.768898
11.920349836349487,dn4,drive,1.2,0.28,0.31799999999999995,4291.2,4212.0,9.19,0.09,16.1,1.129968731034315,-0.10081335686167758,-1.032819399531924,1.010566374276143,11.055865143579657,2.0734344989891524,2.2605269437310045,1787248642.7989597
11.940443754196167,dn4,drive,1.2,0.28,0.31799999999999995,4291.2,4183.0,9.78,0.095,16.1,1.0760463768629356,-0.17170393352036228,-1.411010088180916,1.125723810450169,11.0408684174646,2.0914004544391966,2.282579412593747,1787248642.8179116
11.960357904434204,dn4,drive,1.2,0.28,0.31799999999999995,4291.2,4166.0,9.74,0.093,16.1,1.117889298119988,-0.22096380389162107,-1.7646847892641802,1.186421692314808,11.0254015040458,2.10913602851759,2.304151859002693,1787248642.8367038
11.983886480331421,dn4,drive,1.2,0.28,0.31799999999999995,4291.2,4178.0,9.59,0.093,16.1,1.1854535618172437,0.10937210036750145,-1.4736366941054655,1.2288620574978186,11.008910997899948,2.1271913852566127,2.328040631603621,1787248642.8571584
12.000473499298096,brake,stop,0.0,0.0,0.5,0.0,4181.0,9.61,0.095,16.1,1.211961202569293,-0.17466697363389372,-1.1924456162447186,1.1100927979751531,11.001715437081748,2.1347935261478557,2.339027690471656,1787248642.869725
12.020529508590698,brake,stop,0.0,0.0,0.5,0.0,4184.0,9.3,0.09,16.1,1.1755267620120278,-0.37646722176170755,-1.2441767393270027,1.2710456968675756,10.977075414030299,2.159687005722504,2.3751792087552834,1787248642.896078
12.040428876876831,brake,stop,0.0,0.0,0.5,0.0,4148.0,1.29,0.055,16.0,1.1357886701225195,0.5538872839131308,-1.0309858588052734,1.165226050499487,10.966465744613128,2.175575736445115,2.3969145384791926,1787248642.917534
12.060486316680908,brake,stop,0.0,0.0,0.5,0.0,4084.0,-5.53,0.042,16.1,1.0537726961909217,2.2150737569996437,-0.7007198287761867,1.1417968913635668,10.949512800176574,2.190996220683715,2.419195046976329,1787248642.9379487
12.080302715301514,brake,stop,0.0,0.0,0.5,0.0,3914.0,-9.79,0.036,16.1,0.8268536612949214,2.3239322525403026,1.6667453846999933,1.1333104896869404,10.932816534945646,2.2054776110196306,2.439074213186592,1787248642.957503
12.100925207138062,brake,stop,0.0,0.0,0.5,0.0,3688.0,-12.97,0.03,16.1,0.3345584135187138,2.102523621698893,3.4542805089898536,1.0672847102081522,10.916562280797908,2.2189937866630576,2.4531655475764347,1787248642.9786234
12.120372295379639,brake,stop,0.0,0.0,0.5,0.0,3481.0,-16.47,0.021,16.1,0.1040390345002787,3.499924753407754,2.8850479012972983,1.0260133592137541,10.90491789870669,2.2330544652496527,2.4579511941645675,1787248642.997351
12.140286922454834,brake,stop,0.0,0.0,0.5,0.0,3246.0,-20.01,0.014,16.1,0.006362833839093023,3.7394521521664785,1.827552592844711,1.0831237708835095,10.888192528177576,2.24666616180275,2.4600356996287815,1787248643.016156
12.160395860671997,brake,stop,0.0,0.0,0.5,0.0,3015.0,-23.69,0.0,16.1,-0.03335336499371973,4.4031430244356216,0.423578861555459,0.8951206271068708,10.876421964412119,2.2560208924111094,2.459474554082207,1787248643.03754
12.181432962417603,brake,stop,0.0,0.0,0.5,0.0,2793.0,-28.87,0.0,16.1,-0.03635875268684716,5.6711802053354745,-0.3862579462493798,0.8503312378049928,10.863567481165887,2.266392054073097,2.4587916279547257,1787248643.0578744
12.200630187988281,brake,stop,0.0,0.0,0.5,0.0,2577.0,-26.33,0.0,16.1,0.0030523976878538313,5.660154695029576,-0.4307969937714944,0.8013529062773448,10.85168653135184,2.276004789056713,2.4582616304829634,1787248643.0776162
12.220272541046143,brake,stop,0.0,0.0,0.5,0.0,2361.0,-21.08,0.0,16.1,0.001465502567873865,4.187058868395098,-0.10932992732280411,0.824272243864421,10.859659896485764,2.2781205691238227,2.4415247679973646,1787248643.0972557
12.240600347518921,brake,stop,0.0,0.0,0.5,0.0,2132.0,-15.37,0.0,16.1,-0.0017524429609818784,3.0572908019434806,0.16018290821181935,0.7239724320845469,10.849809403930742,2.286457596536355,2.4415387538687243,1787248643.1173894
12.260295629501343,brake,stop,0.0,0.0,0.5,0.0,1914.0,-11.13,0.0,16.1,0.008832535001329418,2.4779045038361005,0.2416701475713232,0.6443462315984577,10.840883549411739,2.2940062943175574,2.4415575309884927,1787248643.1375844
12.28074598312378,brake,stop,0.0,0.0,0.5,0.0,1707.0,-8.38,0.0,16.1,0.009774866465026837,1.986825930077785,0.11656563773164663,0.6985459341746257,10.835500705677171,2.298540524246259,2.44164630462372,1787248643.1461153
12.300497770309448,brake,stop,0.0,0.0,0.5,0.0,1505.0,-5.41,0.0,16.1,0.006728970635303081,1.393407483247401,0.020899740345679874,1.038576658770807,10.852516054740653,2.295044544743992,2.4218462058027956,1787248643.1801043
12.320356369018555,brake,stop,0.0,0.0,0.5,0.0,1337.0,-3.35,0.0,16.1,0.001356963018956461,1.1481772217286945,0.0015285353271323743,0.7746933025131728,10.84636598947211,2.300520291062747,2.421927322726942,1787248643.197648
12.34058427810669,brake,stop,0.0,0.0,0.5,0.0,1168.0,-2.46,0.0,16.1,0.006616004751407884,0.8478862131221803,0.07372305026836656,0.665880951113077,10.83846403911635,2.307446065160844,2.4219546438077812,1787248643.216226
12.360562801361084,brake,stop,0.0,0.0,0.5,0.0,1049.0,-1.52,0.0,16.1,0.009928695226897936,0.7270760813668531,0.0686922153410876,0.4104628398795503,10.835995631357726,2.3097072003089134,2.422129987972286,1787248643.2375038
12.38511610031128,brake,stop,0.0,0.0,0.5,0.0,921.0,-0.59,0.0,16.1,0.008680006611084335,0.732596072449482,0.09280953241755796,0.3438031662822439,10.83165383840792,2.313537526071015,2.4223225289824537,1787248643.2579381
12.402932405471802,brake,stop,0.0,0.0,0.5,0.0,812.0,-0.25,0.0,16.1,0.0044481484517454005,0.7697340064429099,0.1021180077736652,0.8632275681657913,10.854464669420569,2.3015380946903203,2.4080494593261994,1787248643.281237
12.420362710952759,brake,stop,0.0,0.0,0.5,0.0,708.0,-0.99,0.0,16.1,0.007623667925893608,0.7809988140596218,0.06897379533189607,0.658677153490653,10.84956121819869,2.3059574683640447,2.4081388810213236,1787248643.296305
12.44052529335022,brake,stop,0.0,0.0,0.5,0.0,99.0,-0.74,0.0,16.1,0.004484589025895551,0.6359030019549294,0.054286392976809594,0.3936290911114754,10.850289416536265,2.305409485266393,2.4082853920716074,1787248643.3175128
12.460365295410156,brake,stop,0.0,0.0,0.5,0.0,183.0,-0.69,0.0,16.1,0.0022688400392469254,0.4543996462132398,0.0544079785224838,0.2584647369736158,10.849057490936856,2.306547079560613,2.4082970368947385,1787248643.337519
12.482288599014282,brake,stop,0.0,0.0,0.5,0.0,183.0,-0.69,0.0,16.1,0.0022688400392469254,0.4543996462132398,0.0544079785224838,0.2409232060832466,10.847767365936996,2.3077093146090113,2.4083198411957905,1787248643.3462014
12.500914812088013,brake,stop,0.0,0.0,0.5,0.0,154.0,-0.39,0.0,16.1,0.0023091843290183743,0.40081400551725466,0.1068939040875918,0.19351690827666201,10.84760546244112,2.3078765919490123,2.4083313740756176,1787248643.367711
12.520408630371094,brake,stop,0.0,0.0,0.5,0.0,14.0,-0.17,0.0,16.1,0.0023427614848480394,0.42182670676515244,0.08815803562195867,0.43011870762046983,10.871036575168759,2.2930469886298024,2.3977426369015915,1787248643.3975108
12.540296077728271,brake,stop,0.0,0.0,0.5,0.0,0.0,0.06,0.0,16.1,-0.003030027134697165,0.6888145317475463,0.07828632719403572,0.23556190180594214,10.870857047483645,2.2932221454489055,2.397742685312033,1787248643.417253
12.561159372329712,brake,stop,0.0,0.0,0.5,0.0,0.0,-0.03,0.0,16.1,-0.0008517595396481532,0.5306417501826353,0.04952540706343456,0.1329037409781339,10.870726295450993,2.293347873354574,2.3977427116232586,1787248643.4376867
12.583542346954346,brake,stop,0.0,0.0,0.5,0.0,0.0,0.04,0.0,16.1,-0.000883514224643958,0.3213552018994541,0.04028676939226372,0.10451185878007593,10.870478490075588,2.2935758974768423,2.3977427116232586,1787248643.4464874
12.603586912155151,brake,stop,0.0,0.0,0.5,0.0,0.0,0.03,0.0,16.1,0.00019807085057294823,0.15676352944219119,0.03510273740833725,0.5954374958386451,10.889874659521388,2.2799593726905383,2.389843466086495,1787248643.4806848
12.620590209960938,brake,stop,0.0,0.0,0.5,0.0,0.0,0.0,0.0,16.1,0.0001884403308199699,0.014532885106723459,0.13124242373536,0.2951008379183237,10.889853026227003,2.279980582987984,2.3898434673935784,1787248643.498878
12.640429258346558,brake,stop,0.0,0.0,0.5,0.0,0.0,-0.02,0.0,16.1,-0.0019697848639223035,-0.0961922290436723,0.04968679022234568,0.14742304224226133,10.889781746882804,2.2800472198409185,2.3898434673935784,1787248643.5164614
12.660380363464355,brake,stop,0.0,0.0,0.5,0.0,0.0,-0.02,0.0,16.1,0.001238270558494618,-0.17288375550910473,0.07841646429296745,0.07371433941359697,10.889829267522247,2.2800036694240666,2.389843468553726,1787248643.5375137
12.68458080291748,brake,stop,0.0,0.0,0.5,0.0,0.0,-0.03,0.0,16.1,-0.0019265774159046949,-0.27442274272801725,0.07820077511636114,0.052489738294672954,10.889809392663059,2.2800222498147904,2.389843468553726,1787248643.5466878
12.700632572174072,brake,stop,0.0,0.0,0.5,0.0,0.0,-0.03,0.0,16.1,-0.000867116408402743,-0.3085686563440966,0.04453009397276375,0.3671928450334721,10.901693182208348,2.2715065494943136,2.383848650351734,1787248643.5805728
12.720375299453735,brake,stop,0.0,0.0,0.5,0.0,0.0,-0.03,0.0,16.1,-0.0008574859861776367,-0.42583954140379277,0.11216058281379127,0.18471853076256903,10.901574265146905,2.271616593237469,2.383848655611894,1787248643.5972557
12.74037766456604,brake,stop,0.0,0.0,0.5,0.0,0.0,-0.02,0.0,16.1,0.0002105645935906682,-0.46071580883120333,0.03521233616141117,0.09398142393359554,10.901669027256348,2.2715269324887446,2.383848655611894,1787248643.6162806
12.76040005683899,brake,stop,0.0,0.0,0.5,0.0,0.0,-0.02,0.0,16.1,-0.0008267719885941319,-0.5317749406245547,0.05934492908942701,0.047840747765404625,10.901610592105348,2.2715814903105147,2.3838486571688433,1787248643.6376708
12.781522750854492,brake,stop,0.0,0.0,0.5,0.0,0.0,-0.01,0.0,16.1,0.0012536276873235332,-0.5846303005994073,0.07367802670591672,0.03471584342346699,10.901636817575707,2.2715566766448574,2.3838486571688433,1787248643.6464958
12.800553560256958,brake,stop,0.0,0.0,0.5,0.0,0.0,-0.03,0.0,16.1,0.0012786151083403919,-0.6463347274859217,0.0594386672693652,0.014068637046877535,10.901662731858762,2.2715320172767144,2.3838486574670883,1787248643.678017
12.820306539535522,brake,stop,0.0,0.0,0.5,0.0,0.0,-0.01,0.0,16.1,-0.000886377512927281,-0.5997297124050291,0.07830112795928912,0.1971917148621966,10.909805837776235,2.2656169379121365,2.3800040804263234,1787248643.697444
12.841244459152222,brake,stop,0.0,0.0,0.5,0.0,0.0,0.0,0.0,16.1,-0.0008517595396481532,-0.7084885860047478,0.0690464104443862,0.09872314968261084,10.909862345860583,2.2655630586031563,2.3800040804263234,1787248643.7162654
12.860297679901123,brake,stop,0.0,0.0,0.5,0.0,0.0,0.04,0.0,16.1,-0.001939071126413124,-0.7140647834502403,0.05449623493751332,0.050027164472929854,10.909858225565298,2.2655667364544647,2.3800040807643184,1787248643.736162
12.880472898483276,brake,stop,0.0,0.0,0.5,0.0,0.0,0.06,0.0,16.1,0.00019520762730820652,-0.628130955667423,0.040059129968156526,0.02577131399201132,10.909855304294176,2.2655693855442562,2.380004080948007,1787248643.756166
12.909684181213379,brake,stop,0.0,0.0,0.5,0.0,0.0,0.0,0.0,16.1,0.00017698743776100315,-0.5222516897193259,0.04017168887428113,0.22698087171628387,10.915518293915811,2.261634066493351,2.3770087426425173,1787248643.7794945
12.920299768447876,brake,stop,0.0,0.0,0.5,0.0,0.0,0.04,0.0,16.1,0.001267162215281425,-0.42262284175538767,0.1165899950403908,0.11290912811366348,10.91552852988968,2.2616240334545914,2.377008742957317,1787248643.7978544
12.94048810005188,brake,stop,0.0,0.0,0.5,0.0,0.0,0.0,0.0,16.1,-0.0008546226978943137,-0.44032104866890975,0.07860514664112372,0.056381451913873594,10.915536350438705,2.2616164161213126,2.3770087431271554,1787248643.8179035
12.96140718460083,brake,stop,0.0,0.0,0.5,0.0,0.0,-0.03,0.0,16.1,0.00020483814706118484,-0.3982248583155936,0.07358202272981629,0.028682807901036094,10.915563897177812,2.2615899928890912,2.3770087431271554,1787248643.8362026
12.98027753829956,brake,stop,0.0,0.0,0.5,0.0,0.0,-0.04,0.0,16.1,0.00018557710755522823,-0.35077718633294097,0.05910745903358361,0.014858731753500895,10.915563991169533,2.2615898397524345,2.3770087432195637,1787248643.8580372
13.000264883041382,brake,stop,0.0,0.0,0.5,0.0,0.0,-0.01,0.0,16.1,-0.0009035568525157311,-0.38746568869405706,0.09780219598852291,0.06371125396956573,10.917223514696202,2.2603679040529547,2.3747196536213213,1787248643.8802834
13.020382642745972,brake,stop,0.0,0.0,0.5,0.0,0.0,-0.04,0.0,16.1,0.00017698743776100315,-0.3077259628972371,0.02556311429858127,0.03202785470241557,10.917228204351309,2.2603633185096563,2.3747196537224666,1787248643.8974903
13.04038119316101,brake,stop,0.0,0.0,0.5,0.0,0.0,-0.04,0.0,16.1,0.0012546685047729958,-0.3162941441749787,0.107225496046917,0.016153534467370494,10.917231580047774,2.260360029531903,2.37471965377736,1787248643.917708
13.060491561889648,brake,stop,0.0,0.0,0.5,0.0,0.0,-0.01,0.0,16.1,0.002344843119746964,-0.3117853559925017,0.07842084970489438,0.008262599480732552,10.917234032831592,2.2603576462733503,2.374719653807336,1787248643.9376283
13.080518960952759,brake,stop,0.0,0.0,0.5,0.0,0.0,-0.06,0.0,16.1,0.0023227191170505914,-0.3211962307171028,0.05450964698898986,0.004393534064557531,10.91724310068929,2.2603489083091537,2.374719653807336,1787248643.9561012
13.100306987762451,brake,stop,0.0,0.0,0.5,0.0,0.0,-0.05,0.0,16.1,0.00019234440404346486,-0.29172765128189226,0.06904619117378985,0.05493680640810974,10.919015746728048,2.259516909811253,2.373062045500456,1787248643.9789371
13.12030839920044,brake,stop,0.0,0.0,0.5,0.0,0.0,-0.06,0.0,16.1,0.00018271388429048652,-0.25526390128203147,0.044670025158332294,0.027421130989620252,10.919019863086204,2.2595128975003935,2.373062045558813,1787248643.9975603
13.140395164489746,brake,stop,0.0,0.0,0.5,0.0,0.0,-0.05,0.0,16.1,0.00015486317499030486,-0.31088649272787805,0.09778690186442773,0.01378317223794851,10.91902274551248,2.259510092825446,2.3730620455908977,1787248644.0177295
13.160661935806274,brake,stop,0.0,0.0,0.5,0.0,0.0,-0.06,0.0,16.1,-0.0019658808882266807,-0.2928512303626718,0.030468526444749955,0.009886056871498777,10.91902751889614,2.2595054778160457,2.3730620455908977,1787248644.0261045
13.181241989135742,brake,stop,0.0,0.0,0.5,0.0,0.0,-0.03,0.0,16.1,0.00017126099123151978,-0.3068832694503776,0.07365642855217658,0.005100224467027532,10.919028203119494,2.2595048061243075,2.3730620456091436,1787248644.0461202
13.201035499572754,brake,stop,0.0,0.0,0.5,0.0,0.0,-0.05,0.0,16.1,0.001267162215281425,-0.2975847709064041,0.09754184870046068,0.010211496065217351,10.918897243378078,2.259836487537711,2.371714159518462,1787248644.0807197
13.220306158065796,brake,stop,0.0,0.0,0.5,0.0,0.0,-0.01,0.0,16.1,0.00020770137032592652,-0.35416239543463846,0.05942949444941803,0.005066687380467353,10.918897584543192,2.2598361542731813,2.371714159521852,1787248644.0974844
13.240365743637085,brake,stop,0.0,0.0,0.5,0.0,0.0,-0.04,0.0,16.1,0.00017698743776100315,-0.2792124165444143,0.06862087930707617,0.002526895373626539,10.91889879444873,2.2598349813513057,2.371714159521852,1787248644.1167698
13.260386228561401,brake,stop,0.0,0.0,0.5,0.0,0.0,-0.01,0.0,16.1,-0.0008478554339153676,-0.3352844761676721,0.044994399460527745,0.0012632931621455927,10.918898002333808,2.2598357471633634,2.371714159524655,1787248644.1378064
13.280348539352417,brake,stop,0.0,0.0,0.5,0.0,0.0,-0.05,0.0,16.1,0.00017698743776100315,-0.3591768581573902,0.09290827727611273,0.0006441041041343135,10.91889865934042,2.259835110239735,2.371714159524655,1787248644.1562557
13.301512002944946,brake,stop,0.0,0.0,0.5,0.0,0.0,-0.07,0.0,16.1,-0.0008632123026699574,-0.35433094143303023,0.10250103696038337,0.0003573961374988136,10.918898193770008,2.259835560928468,2.3717141595255273,1787248644.1798618
13.32033371925354,brake,stop,0.0,0.0,0.5,0.0,0.0,-0.03,0.0,16.1,-0.0008546226978943137,-0.383743387595576,0.03528718052496416,0.06231630072845716,10.920965844989583,2.2586212602527977,2.3709687563715067,1787248644.1974335
13.340425968170166,brake,stop,0.0,0.0,0.5,0.0,0.0,-0.02,0.0,16.1,-0.0008910630119701392,-0.3356777379822198,0.09759454673378265,0.0308862414169133,10.920968330461776,2.258618837659587,2.3709687563820867,1787248644.2178133
13.360381841659546,brake,stop,0.0,0.0,0.5,0.0,0.0,-0.05,0.0,16.1,-0.0019380303089636616,-0.3737145352402713,0.09766012691463999,0.015396194643612762,10.920970169561269,2.2586170469743254,2.370968756387813,1787248644.2380772
13.380511999130249,brake,stop,0.0,0.0,0.5,0.0,0.0,0.0,0.0,16.1,-0.0009006935642324081,-0.3594015739735461,0.06890666198431461,0.010952020102459801,10.920973576833166,2.2586137389236103,2.370968756387813,1787248644.246233
13.400704622268677,brake,stop,0.0,0.0,0.5,0.0,0.0,-0.04,0.0,16.1,0.00018948118077872315,-0.33663277106460754,0.05426548917995788,0.02617926355801957,10.920417099099913,2.2590791414871187,2.370157053803416,1787248644.2799473
13.420372009277344,brake,stop,0.0,0.0,0.5,0.0,0.0,-0.02,0.0,16.1,0.00019234440404346486,-0.39208685305716173,0.12179107531318323,0.01283563371217365,10.920417135975997,2.259079105397872,2.3701570538035184,1787248644.2977867
13.440326452255249,brake,stop,0.0,0.0,0.5,0.0,0.0,-0.03,0.0,16.1,0.001238270558494618,-0.31702449798630994,0.04957784928106079,0.006295418804227522,10.920417291156928,2.2590789544909886,2.3701570538035184,1787248644.316184
13.460352897644043,brake,stop,0.0,0.0,0.5,0.0,0.0,-0.03,0.0,16.1,0.0023227191170505914,-0.3546680334298138,0.07368365465122295,0.0030881597404836,10.920417179949276,2.259079062453336,2.370157053803601,1787248644.3379817
13.480306386947632,brake,stop,0.0,0.0,0.5,0.0,0.0,-0.02,0.0,16.1,0.00020379729710243158,-0.32581739508020746,0.06891850259651733,0.002163850220800059,10.920417221847229,2.259079021709351,2.370157053803601,1787248644.3461807
13.500488042831421,brake,stop,0.0,0.0,0.5,0.0,0.0,-0.06,0.0,16.1,0.00018948118077872315,-0.3028239129002124,0.05911882455949424,0.001063261654351701,10.920417347448092,2.2590788995678306,2.370157053803601,1787248644.3762321
13.5204176902771,brake,stop,0.0,0.0,0.5,0.0,0.0,-0.02,0.0,16.1,-0.0008796102489483351,-0.3728156719756477,0.08828605310512572,0.018946578505267656,10.921463633430662,2.2586686392772077,2.3697954423247483,1787248644.3973413
13.540284156799316,brake,stop,0.0,0.0,0.5,0.0,0.0,-0.06,0.0,16.1,0.00018948118077872315,-0.27910007690888605,0.04948652307768242,0.009441499202964856,10.921464217566589,2.2586680684762706,2.3697954423259033,1787248644.4180303
13.560266256332397,brake,stop,0.0,0.0,0.5,0.0,0.0,-0.03,0.0,16.1,0.00019911170053170147,-0.3687562788803831,0.05458840167817769,0.004744153085166864,10.921464708215188,2.258667589765963,2.36979544232651,1787248644.4376893
13.582682132720947,brake,stop,0.0,0.0,0.5,0.0,0.0,-0.02,0.0,16.1,-0.0008632123026699574,-0.32598594107859924,0.10241002139034983,0.003385732199417599,10.921466079646928,2.2586662551414345,2.36979544232651,1787248644.4465454
13.6011643409729,brake,stop,0.0,0.0,0.5,0.0,0.0,-0.05,0.0,16.1,-0.0008785693014617098,-0.35928919779291846,0.03540226104294675,0.0023702926038787105,10.921466092711187,2.2586662417457917,2.369795442326846,1787248644.4665887
13.620336771011353,brake,stop,0.0,0.0,0.5,0.0,0.0,-0.03,0.0,16.1,0.0012825190840360147,-0.3077821327150012,0.09740054707366497,0.011754139591039617,10.922465938103281,2.2583101513176587,2.36952754240898,1787248644.4974422
13.640377283096313,brake,stop,0.0,0.0,0.5,0.0,0.0,-0.05,0.0,16.1,-0.0008478554339153676,-0.37799860760659243,0.06903599509105973,0.005915473412756247,10.922466800854089,2.258309309923015,2.3695275424095565,1787248644.5174096
13.660404205322266,brake,stop,0.0,0.0,0.5,0.0,0.0,-0.01,0.0,16.1,0.0001730833645375082,-0.3263230330753828,0.04485249483959208,0.0030101561834619166,10.922467447824866,2.2583086792533473,2.3695275424098665,1787248644.537422
13.680671215057373,brake,stop,0.0,0.0,0.5,0.0,0.0,-0.06,0.0,16.1,0.00018948118077872315,-0.33173068452248344,0.0638711127392142,0.002174442891509434,10.922468856849363,2.2583073073098388,2.3695275424098665,1787248644.546184
13.701468229293823,brake,stop,0.0,0.0,0.5,0.0,0.0,-0.01,0.0,16.1,-0.0008603491444237971,-0.36864390269975544,0.0737742499526135,0.037912197661348776,10.92129856914708,2.2594144777310596,2.3691178426064505,1787248644.579726
13.720356464385986,brake,stop,0.0,0.0,0.5,0.0,0.0,-0.06,0.0,16.1,0.00017985066102574486,-0.33032621980778387,0.12167323564019661,0.01885777672708547,10.921296900294106,2.2594161078603485,2.3691178426057973,1787248644.59786
13.740409135818481,brake,stop,0.0,0.0,0.5,0.0,0.0,-0.02,0.0,16.1,-0.0008757061432155494,-0.34052361816148036,0.044891598095940566,0.00941827666590321,10.921295703021794,2.2594172766751788,2.3691178426054433,1787248644.6175861
13.76025915145874,brake,stop,0.0,0.0,0.5,0.0,0.0,-0.02,0.0,16.1,-0.0008728428549322264,-0.3212524005348669,0.08802694835044278,0.004742350983473134,10.921294825957395,2.2594181325019127,2.3691178426052493,1787248644.637893
13.78063154220581,brake,stop,0.0,0.0,0.5,0.0,0.0,-0.02,0.0,16.1,-0.0008757061432155494,-0.32660391870930283,0.08789834614568548,0.0034025428425194485,10.921293144219387,2.259419771324753,2.3691178426052493,1787248644.646391
13.800470352172852,brake,stop,0.0,0.0,0.5,0.0,0.0,-0.03,0.0,16.1,-0.0008603491444237971,-0.36379802252049487,0.06420688911241967,0.0017872916514103602,10.92129290855388,2.2594200015959083,2.369117842605145,1787248644.6676836
13.820335865020752,brake,stop,0.0,0.0,0.5,0.0,0.0,-0.03,0.0,16.1,0.00021446866681416318,-0.31274038907488944,0.04467185241330185,0.011730850885083188,10.922149956668534,2.259136020891641,2.36886918304328,1787248644.6979182
13.84039306640625,brake,stop,0.0,0.0,0.5,0.0,0.0,-0.01,0.0,16.1,0.0012325442420022975,-0.3538253399829543,0.10261690319800287,0.00582445736057419,10.922150575971612,2.259135416491963,2.368869183043365,1787248644.7175553
13.860394477844238,brake,stop,0.0,0.0,0.5,0.0,0.0,0.04,0.0,16.1,-0.0008449921456320446,-0.31195390199089346,0.049642059020690965,0.0029096909691434746,10.92215101359057,2.259134989497598,2.3688691830434117,1787248644.737389
13.880525588989258,brake,stop,0.0,0.0,0.5,0.0,0.0,0.0,0.0,16.1,-0.003021437399884359,-0.35027158488286503,0.06880338553343535,0.0020716648447574727,10.922151770060978,2.2591342519642423,2.3688691830434117,1787248644.7464757
13.901126861572266,brake,stop,0.0,0.0,0.5,0.0,0.0,-0.04,0.0,16.1,0.0012546685047729958,-0.35438711125079436,0.06895800784895911,0.012461589531190509,10.922689723953605,2.2591105941955703,2.368674761577412,1787248644.780269
13.920687198638916,brake,stop,0.0,0.0,0.5,0.0,0.0,-0.03,0.0,16.1,-0.0008881998537239787,-0.288960383265799,0.06858258004291429,0.006216593806068272,10.922690682634915,2.259109658370779,2.3686747615774926,1787248644.7989655
13.940299987792969,brake,stop,0.0,0.0,0.5,0.0,0.0,-0.04,0.0,16.1,0.00125076439904021,-0.3631800448897913,0.10266870587638977,0.0031230868334740755,10.92269119980374,2.2591091535245513,2.3686747615775365,1787248644.8175578
13.960566520690918,brake,stop,0.0,0.0,0.5,0.0,0.0,-0.07,0.0,16.1,0.00020197492379644315,-0.3175300994363859,0.02551191461433433,0.0015840473549770691,10.922691633231981,2.259108730545969,2.368674761577561,1787248644.8377268
13.980695724487305,brake,stop,0.0,0.0,0.5,0.0,0.0,-0.06,0.0,16.1,0.0012046934026649532,-0.34046744834371623,0.05927450668290035,0.0008167285968890299,10.92269194490904,2.2591084264228756,2.3686747615775743,1787248644.857594
14.000322341918945,brake,stop,0.0,0.0,0.5,0.0,0.0,-0.02,0.0,16.1,0.00019520762730820652,-0.33066327525946804,0.07848582689161177,0.0004413213574931254,10.922693047934887,2.2591073505911745,2.3686747615775743,1787248644.876591
